# Blender 5.1.2
# www.blender.org
mtllib chemical.mtl
o DrinkFactory_Foundation_Placeable_0
v 7.999998 0.000004 13.999999
v 9.999996 0.000004 13.999999
v 7.999998 0.000005 15.999999
v 9.466036 1.000004 13.999999
v 7.999998 1.000004 13.999999
v 7.999998 1.000005 15.467635
v 7.999998 -0.000004 -11.999999
v 5.999999 -0.000004 -11.999999
v 5.999999 -0.000004 -13.999999
v 5.999999 0.999996 -11.999999
v 7.448427 0.999996 -11.999999
v 5.999999 0.999996 -13.446557
v -7.999998 0.000004 13.999999
v -7.999998 0.000005 15.999999
v -9.999996 0.000004 13.999999
v -9.470978 1.000004 13.999999
v -7.999998 1.000005 15.469635
v -7.999998 1.000004 13.999999
v -7.999998 -0.000004 -11.999999
v -5.999999 -0.000004 -13.999999
v -5.999999 -0.000004 -11.999999
v -5.999999 0.999996 -11.999999
v -5.999999 0.999996 -13.446557
v -7.448427 0.999996 -11.999999
v 9.999996 0.500002 6.000000
v 9.999996 0.000002 6.000000
v 13.999996 0.000002 6.000000
v 13.999996 0.500002 6.000000
v 5.999999 0.000004 13.999999
v -5.999999 0.000004 13.999999
v -5.999999 0.000002 6.000000
v 5.999999 0.000002 6.000000
v 7.999998 -0.000002 -6.000000
v 9.999996 -0.000002 -6.000000
v 9.999996 0.000002 6.000000
v 7.999998 0.000002 6.000000
v -5.999999 1.000002 5.999999
v -5.999999 1.000004 13.999999
v 5.999999 1.000004 13.999999
v 5.999999 1.000002 5.999999
v 9.999996 0.000002 6.000000
v 9.999996 0.500002 6.000000
v 9.999996 0.500004 13.999999
v 9.999996 0.000004 13.999999
v 9.999996 0.999998 -5.497014
v 9.467342 1.000002 5.495381
v 13.999996 1.000002 5.495196
v 13.999996 0.999998 -5.496661
v 9.999996 0.999998 -5.497014
v 7.450411 0.999998 -5.497129
v 7.999998 1.000002 5.999999
v 9.467342 1.000002 5.495381
v 13.999996 -0.000002 -6.000000
v 13.999996 0.000002 6.000000
v 16.296097 -0.000002 -5.543276
v 16.296097 0.499998 -5.543276
v 18.242634 0.499999 -4.242640
v 18.242634 -0.000001 -4.242640
v 18.242634 -0.000001 -4.242640
v 18.242634 0.499999 -4.242640
v 19.543274 0.499999 -2.296101
v 19.543274 -0.000001 -2.296100
v 19.543274 -0.000001 -2.296100
v 19.543274 0.499999 -2.296101
v 19.999996 0.500000 0.000000
v 19.999996 0.000000 0.000000
v 19.999996 0.000000 0.000000
v 19.999996 0.500000 0.000000
v 19.543274 0.500001 2.296100
v 19.543274 0.000001 2.296101
v 19.543274 0.000001 2.296101
v 19.543274 0.500001 2.296100
v 18.242634 0.500001 4.242640
v 18.242634 0.000001 4.242640
v 18.242634 0.000001 4.242640
v 18.242634 0.500001 4.242640
v 16.296097 0.500002 5.543276
v 16.296097 0.000002 5.543276
v 16.296097 0.000002 5.543276
v 16.296097 0.500002 5.543276
v 13.999996 0.500002 6.000000
v 13.999996 0.000002 6.000000
v 9.999996 0.500004 13.999999
v 7.999998 0.500005 15.999999
v 7.999998 0.000005 15.999999
v 9.999996 0.000004 13.999999
v 13.999996 -0.000002 -6.000000
v 13.999996 0.499998 -6.000000
v 16.296097 0.499998 -5.543276
v 16.296097 -0.000002 -5.543276
v 5.999999 0.000005 15.999999
v -5.999999 0.000005 15.999999
v 9.467342 1.000002 5.495381
v 7.999998 1.000002 5.999999
v 7.999998 1.000004 13.999999
v 9.466036 1.000004 13.999999
v 5.999999 -0.000004 -13.999999
v -5.999999 -0.000004 -13.999999
v -5.999999 0.499996 -13.999999
v 5.999999 0.499996 -13.999999
v 7.450411 0.999998 -5.497129
v 5.999999 0.999998 -6.000000
v 7.999998 1.000002 5.999999
v 7.999998 -0.000002 -6.000000
v 7.999998 0.499998 -6.000000
v 9.999996 0.499998 -6.000000
v 9.999996 -0.000002 -6.000000
v 5.999999 -0.000002 -6.000000
v -5.999999 0.999998 -6.000000
v 7.999998 0.499996 -11.999999
v 7.999998 -0.000004 -11.999999
v 5.999999 -0.000004 -13.999999
v 5.999999 0.499996 -13.999999
v 7.999998 0.000005 15.999999
v 7.999998 0.500005 15.999999
v 5.999999 0.500005 15.999999
v 5.999999 0.000005 15.999999
v 7.450411 0.999998 -5.497129
v 7.448427 0.999996 -11.999999
v -9.999996 -0.000001 -4.500000
v -9.999996 0.000002 6.000000
v -9.999996 0.500002 6.000000
v -9.999996 0.499999 -4.500000
v -5.999999 1.000005 15.471283
v 5.999999 1.000005 15.470634
v -5.999999 -0.000002 -6.000000
v 7.999998 0.499998 -6.000000
v 7.999998 -0.000002 -6.000000
v 7.999998 -0.000004 -11.999999
v 7.999998 0.499996 -11.999999
v -5.999999 0.000005 15.999999
v -5.999999 0.500005 15.999999
v -9.999996 0.000004 13.999999
v -9.999996 0.500004 13.999999
v -8.499996 -0.000002 -6.000000
v -7.999998 0.000002 6.000000
v -9.999996 0.000002 6.000000
v -9.999996 -0.000001 -4.500000
v -9.475049 0.999999 -4.000000
v -9.474051 1.000002 5.999999
v -7.999998 1.000002 5.999999
v -7.950409 0.999998 -5.500000
v -9.470978 1.000004 13.999999
v -7.950409 0.999998 -5.500000
v -8.499996 -0.000002 -6.000000
v -9.999996 -0.000001 -4.500000
v -9.999996 0.499999 -4.500000
v -8.499996 0.499998 -6.000000
v -9.999996 0.500004 13.999999
v -9.999996 0.000004 13.999999
v -7.999998 0.000005 15.999999
v -7.999998 0.500005 15.999999
v -7.999998 0.499996 -11.999999
v -5.999999 0.499996 -13.999999
v -5.999999 -0.000004 -13.999999
v -7.999998 -0.000004 -11.999999
v -7.999998 0.000005 15.999999
v -7.999998 0.500005 15.999999
v -7.448427 0.999996 -11.999999
v -7.950409 0.999998 -5.500000
v -8.499996 0.499998 -6.000000
v -7.999998 0.499996 -11.999999
v -7.999998 -0.000004 -11.999999
v -8.499996 -0.000002 -6.000000
v 13.999996 0.499998 -6.000000
v 9.999996 0.499998 -6.000000
v 9.999996 0.999998 -5.497014
v 13.999996 0.999998 -5.496661
v 9.999996 0.500002 6.000000
v 13.999996 0.500002 6.000000
v 13.999996 1.000002 5.495196
v 9.467342 1.000002 5.495381
v 7.450411 0.999998 -5.497129
v 9.999996 0.999998 -5.497014
v 9.999996 0.499998 -6.000000
v 7.999998 0.499998 -6.000000
v 16.296097 0.499998 -5.543276
v 13.999996 0.499998 -6.000000
v 13.999996 0.999998 -5.496661
v 16.087776 0.999998 -5.081126
v 18.242634 0.499999 -4.242640
v 16.296097 0.499998 -5.543276
v 16.087776 0.999998 -5.081126
v 17.882153 0.999999 -3.882160
v 19.543274 0.499999 -2.296101
v 18.242634 0.499999 -4.242640
v 17.882153 0.999999 -3.882160
v 19.072285 0.999999 -2.101008
v 19.999996 0.500000 0.000000
v 19.543274 0.499999 -2.296101
v 19.072285 0.999999 -2.101008
v 19.490200 1.000000 -0.000000
v 19.543274 0.500001 2.296100
v 19.999996 0.500000 0.000000
v 19.490200 1.000000 -0.000000
v 19.072285 1.000001 2.101008
v 18.242634 0.500001 4.242640
v 19.543274 0.500001 2.296100
v 19.072285 1.000001 2.101008
v 17.882153 1.000001 3.882160
v 16.296097 0.500002 5.543276
v 18.242634 0.500001 4.242640
v 17.882153 1.000001 3.882160
v 16.090775 1.000001 5.079123
v 13.999996 0.500002 6.000000
v 16.296097 0.500002 5.543276
v 16.090775 1.000001 5.079123
v 13.999996 1.000002 5.495196
v 9.999996 0.500004 13.999999
v 9.999996 0.500002 6.000000
v 9.467342 1.000002 5.495381
v 9.466036 1.000004 13.999999
v 9.466036 1.000004 13.999999
v 7.999998 1.000005 15.467635
v 7.999998 0.500005 15.999999
v 9.999996 0.500004 13.999999
v 7.999998 0.499998 -6.000000
v 7.999998 0.499996 -11.999999
v 7.448427 0.999996 -11.999999
v 7.450411 0.999998 -5.497129
v 7.999998 0.499996 -11.999999
v 5.999999 0.499996 -13.999999
v 5.999999 0.999996 -13.446557
v 7.448427 0.999996 -11.999999
v 7.999998 1.000005 15.467635
v 5.999999 1.000005 15.470634
v 5.999999 0.500005 15.999999
v 7.999998 0.500005 15.999999
v -9.474051 1.000002 5.999999
v -9.475049 0.999999 -4.000000
v -9.999996 0.499999 -4.500000
v -9.999996 0.500002 6.000000
v -8.499996 0.499998 -6.000000
v -9.999996 0.499999 -4.500000
v -9.475049 0.999999 -4.000000
v -7.950409 0.999998 -5.500000
v -9.470978 1.000004 13.999999
v -9.474051 1.000002 5.999999
v -9.999996 0.500002 6.000000
v -9.999996 0.500004 13.999999
v -5.999999 0.500005 15.999999
v 5.999999 0.500005 15.999999
v 5.999999 1.000005 15.470634
v -5.999999 1.000005 15.471283
v -9.999996 0.500004 13.999999
v -7.999998 0.500005 15.999999
v -7.999998 1.000005 15.469635
v -9.470978 1.000004 13.999999
v -7.950409 0.999998 -5.500000
v -7.448427 0.999996 -11.999999
v -7.999998 0.499996 -11.999999
v -8.499996 0.499998 -6.000000
v -7.448427 0.999996 -11.999999
v -5.999999 0.999996 -13.446557
v -5.999999 0.499996 -13.999999
v -7.999998 0.499996 -11.999999
v -7.999998 0.500005 15.999999
v -5.999999 0.500005 15.999999
v -5.999999 1.000005 15.471283
v -7.999998 1.000005 15.469635
v 5.999999 0.499996 -13.999999
v -5.999999 0.499996 -13.999999
v -5.999999 0.999996 -13.446557
v 5.999999 0.999996 -13.446557
v 13.999996 0.499998 -6.000000
v 13.999996 -0.000002 -6.000000
v 13.999996 0.000002 6.000000
v 13.999996 -0.000002 -6.000000
v 16.296097 -0.000002 -5.543276
v 18.242634 -0.000001 -4.242640
v 19.543274 -0.000001 -2.296100
v 19.999996 0.000000 0.000000
v 19.543274 0.000001 2.296101
v 18.242634 0.000001 4.242640
v 16.296097 0.000002 5.543276
v 16.087776 0.999998 -5.081126
v 13.999996 0.999998 -5.496661
v 13.999996 1.000002 5.495196
v 16.090775 1.000001 5.079123
v 17.882153 1.000001 3.882160
v 19.072285 1.000001 2.101008
v 19.490200 1.000000 -0.000000
v 19.072285 0.999999 -2.101008
v 17.882153 0.999999 -3.882160
vn -0.0000 -1.0000 -0.0000
vn -0.0000 1.0000 -0.0000
vn -0.0000 -0.0000 1.0000
vn 1.0000 -0.0000 -0.0000
vn 0.5556 -0.0000 -0.8315
vn 0.8315 -0.0000 -0.5556
vn 0.9808 -0.0000 -0.1951
vn 0.9808 -0.0000 0.1951
vn 0.8315 -0.0000 0.5556
vn 0.5556 -0.0000 0.8315
vn 0.1951 -0.0000 0.9808
vn 0.7071 -0.0000 0.7071
vn 0.1951 -0.0000 -0.9808
vn -0.0000 -0.0000 -1.0000
vn 0.7071 -0.0000 -0.7071
vn -1.0000 -0.0000 -0.0000
vn -0.7071 -0.0000 -0.7071
vn -0.7071 -0.0000 0.7071
vn -0.9965 -0.0000 -0.0830
vn -0.0000 0.7092 -0.7050
vn 0.0001 0.7095 -0.7047
vn -0.0000 0.7105 0.7037
vn -0.0000 0.7104 0.7038
vn -0.0000 0.7091 -0.7051
vn 0.1388 0.7026 -0.6979
vn 0.1389 0.7028 -0.6977
vn 0.3928 0.7071 -0.5879
vn 0.5879 0.7071 -0.3928
vn 0.6935 0.7071 -0.1380
vn 0.6935 0.7071 -0.1379
vn 0.6935 0.7071 0.1379
vn 0.5879 0.7071 0.3928
vn 0.3928 0.7071 0.5879
vn 0.1386 0.7038 0.6968
vn 0.1387 0.7036 0.6969
vn 0.6839 0.7296 0.0001
vn 0.6841 0.7294 -0.0000
vn 0.6840 0.7295 0.0001
vn 0.5647 0.6021 0.5645
vn 0.5648 0.6020 0.5645
vn 0.6723 0.7403 -0.0001
vn 0.6722 0.7404 -0.0001
vn 0.5570 0.6157 -0.5573
vn 0.5571 0.6157 -0.5574
vn 0.5571 0.6156 -0.5574
vn 0.0005 0.7281 0.6855
vn 0.0005 0.7279 0.6856
vn 0.0006 0.7278 0.6857
vn 0.0005 0.7280 0.6856
vn -0.6893 0.7245 -0.0000
vn -0.6894 0.7244 -0.0000
vn -0.3967 0.8262 -0.4000
vn -0.6880 0.7257 0.0001
vn -0.6879 0.7258 0.0001
vn -0.0000 0.7270 0.6867
vn -0.0000 0.7266 0.6871
vn -0.5658 0.5995 0.5660
vn -0.5658 0.5997 0.5660
vn -0.5658 0.5996 0.5660
vn -0.6581 0.7511 -0.0528
vn -0.5570 0.6157 -0.5573
vn -0.5571 0.6157 -0.5573
vn -0.0003 0.7271 0.6865
vn -0.0002 0.7270 0.6866
vn -0.0000 0.7420 -0.6704
vt 0.401250 0.044753
vt 0.408750 0.044753
vt 0.425752 0.044753
vt 0.431250 0.044753
vt 0.401250 0.059753
vt 0.397500 0.059753
vt 0.435000 0.059753
vt 0.432284 0.059753
vt 0.425734 0.044753
vt 0.432284 0.059753
vt 0.416250 0.044753
vt 0.397500 0.044753
vt 0.408750 0.059753
vt 0.435000 0.044753
vt 0.423750 0.059124
vt 0.423750 0.045384
vt 0.423750 0.045384
vt 0.423750 0.059124
vt 0.423750 0.059124
vt 0.433311 0.059125
vt 0.425747 0.045384
vt 0.442500 0.059753
vt 0.442500 0.044753
vt 0.438750 0.044753
vt 0.438750 0.059753
vt 0.431250 0.059753
vt 0.427500 0.044753
vt 0.427500 0.059753
vt 0.423750 0.044753
vt 0.423750 0.059753
vt 0.420000 0.044753
vt 0.420000 0.059753
vt 0.416250 0.059753
vt 0.416250 0.037253
vt 0.408750 0.037253
vt 0.446250 0.059753
vt 0.446250 0.044753
vt 0.425747 0.044753
vt 0.425752 0.044753
vt 0.408750 0.071003
vt 0.416250 0.071003
vt 0.432281 0.059125
vt 0.408750 0.067253
vt 0.416250 0.067253
vt 0.416250 0.033503
vt 0.408750 0.033503
vt 0.432280 0.059753
vt 0.425719 0.059128
vt 0.425722 0.044753
vt 0.433311 0.059128
vt 0.425734 0.044753
vt 0.432280 0.059128
vt 0.432281 0.059753
vt 0.423750 0.067253
vt 0.446093 0.029753
vt 0.442683 0.029753
vt 0.442366 0.029753
vt 0.438909 0.029753
vt 0.438591 0.029753
vt 0.435159 0.029753
vt 0.434841 0.029753
vt 0.431409 0.029753
vt 0.431091 0.029753
vt 0.427659 0.029753
vt 0.427341 0.029753
vt 0.423909 0.029753
vt 0.423591 0.029753
vt 0.420140 0.029753
vt 0.419822 0.029753
vt 0.416408 0.029753
vt 0.423750 0.043752
vt 0.423750 0.038251
vt 0.423750 0.070484
vt 0.423750 0.067770
vt 0.423750 0.037253
vt 0.423750 0.033503
vt 0.423750 0.061722
vt 0.423750 0.038248
vt 0.423750 0.043761
vt 0.423750 0.071003
vt 0.436761 0.061449
vt 0.431250 0.089153
vt 0.431250 0.060353
vt 0.436761 0.088057
vt 0.441432 0.064571
vt 0.441432 0.084936
vt 0.444554 0.069243
vt 0.444554 0.080264
vt 0.445650 0.074753
vt 0.406268 0.086943
vt 0.401250 0.061561
vt 0.401250 0.087942
vt 0.406261 0.062558
vt 0.410567 0.065436
vt 0.410567 0.084070
vt 0.413424 0.079795
vt 0.413424 0.069711
vt 0.414427 0.074753
s 0
usemtl Placeable
f 1/1/1 2/2/1 3/1/1
f 4/3/2 5/4/2 6/4/2
f 7/5/1 8/6/1 9/6/1
f 10/7/2 11/8/2 12/7/2
f 13/1/1 14/1/1 15/2/1
f 16/9/2 17/4/2 18/4/2
f 19/5/1 20/6/1 21/6/1
f 22/7/2 23/7/2 24/10/2
f 25/11/3 26/2/3 27/2/3
f 25/11/3 27/2/3 28/11/3
f 29/12/1 30/12/1 31/12/1
f 29/12/1 31/12/1 32/12/1
f 33/5/1 34/13/1 35/2/1
f 33/5/1 35/2/1 36/1/1
f 37/14/2 38/14/2 39/14/2
f 37/14/2 39/14/2 40/14/2
f 41/2/4 42/11/4 43/11/4
f 41/2/4 43/11/4 44/2/4
f 45/15/2 46/16/2 47/17/2
f 45/15/2 47/17/2 48/18/2
f 49/19/2 50/20/2 51/4/2
f 49/19/2 51/4/2 52/21/2
f 35/2/1 34/13/1 53/13/1
f 35/2/1 53/13/1 54/2/1
f 55/22/5 56/23/5 57/24/5
f 55/22/5 57/24/5 58/25/5
f 59/25/6 60/24/6 61/14/6
f 59/25/6 61/14/6 62/7/6
f 63/7/7 64/14/7 65/4/7
f 63/7/7 65/4/7 66/26/7
f 67/26/8 68/4/8 69/27/8
f 67/26/8 69/27/8 70/28/8
f 71/28/9 72/27/9 73/29/9
f 71/28/9 73/29/9 74/30/9
f 75/30/10 76/29/10 77/31/10
f 75/30/10 77/31/10 78/32/10
f 79/32/11 80/31/11 81/11/11
f 79/32/11 81/11/11 82/33/11
f 83/11/12 84/34/12 85/35/12
f 83/11/12 85/35/12 86/2/12
f 87/36/13 88/37/13 89/23/13
f 87/36/13 89/23/13 90/22/13
f 91/12/1 92/12/1 30/12/1
f 91/12/1 30/12/1 29/12/1
f 93/38/2 94/4/2 95/4/2
f 93/38/2 95/4/2 96/39/2
f 36/1/1 35/2/1 2/2/1
f 36/1/1 2/2/1 1/1/1
f 97/40/14 98/40/14 99/41/14
f 97/40/14 99/41/14 100/41/14
f 29/12/1 1/1/1 3/1/1
f 29/12/1 3/1/1 91/12/1
f 32/12/1 36/1/1 1/1/1
f 32/12/1 1/1/1 29/12/1
f 101/42/2 102/7/2 40/14/2
f 101/42/2 40/14/2 103/4/2
f 104/43/14 105/44/14 106/33/14
f 104/43/14 106/33/14 107/13/14
f 108/6/1 33/5/1 36/1/1
f 108/6/1 36/1/1 32/12/1
f 10/7/2 22/7/2 109/7/2
f 10/7/2 109/7/2 102/7/2
f 110/44/15 111/43/15 112/40/15
f 110/44/15 112/40/15 113/41/15
f 114/35/3 115/34/3 116/45/3
f 114/35/3 116/45/3 117/46/3
f 102/7/2 118/47/2 119/10/2
f 102/7/2 119/10/2 10/7/2
f 120/13/16 121/2/16 122/11/16
f 120/13/16 122/11/16 123/33/16
f 12/7/2 23/7/2 22/7/2
f 12/7/2 22/7/2 10/7/2
f 21/6/1 20/6/1 9/6/1
f 21/6/1 9/6/1 8/6/1
f 33/5/1 108/6/1 8/6/1
f 33/5/1 8/6/1 7/5/1
f 109/7/2 37/14/2 40/14/2
f 109/7/2 40/14/2 102/7/2
f 38/14/2 124/14/2 125/14/2
f 38/14/2 125/14/2 39/14/2
f 126/6/1 21/6/1 8/6/1
f 126/6/1 8/6/1 108/6/1
f 5/4/2 39/14/2 125/14/2
f 5/4/2 125/14/2 6/4/2
f 127/44/4 128/43/4 129/43/4
f 127/44/4 129/43/4 130/44/4
f 103/4/2 40/14/2 39/14/2
f 103/4/2 39/14/2 5/4/2
f 131/46/3 117/46/3 116/45/3
f 131/46/3 116/45/3 132/45/3
f 121/2/16 133/2/16 134/11/16
f 121/2/16 134/11/16 122/11/16
f 135/5/1 136/1/1 137/2/1
f 135/5/1 137/2/1 138/13/1
f 139/48/2 140/49/2 141/4/2
f 139/48/2 141/4/2 142/50/2
f 140/49/2 143/51/2 18/4/2
f 140/49/2 18/4/2 141/4/2
f 136/1/1 13/1/1 15/2/1
f 136/1/1 15/2/1 137/2/1
f 30/12/1 92/12/1 14/1/1
f 30/12/1 14/1/1 13/1/1
f 31/12/1 30/12/1 13/1/1
f 31/12/1 13/1/1 136/1/1
f 144/52/2 141/4/2 37/14/2
f 144/52/2 37/14/2 109/7/2
f 145/43/17 146/13/17 147/33/17
f 145/43/17 147/33/17 148/44/17
f 126/6/1 31/12/1 136/1/1
f 126/6/1 136/1/1 135/5/1
f 149/11/18 150/2/18 151/35/18
f 149/11/18 151/35/18 152/34/18
f 153/44/17 154/41/17 155/40/17
f 153/44/17 155/40/17 156/43/17
f 157/35/3 131/46/3 132/45/3
f 157/35/3 132/45/3 158/34/3
f 109/7/2 22/7/2 159/8/2
f 109/7/2 159/8/2 160/53/2
f 135/5/1 19/5/1 21/6/1
f 135/5/1 21/6/1 126/6/1
f 18/4/2 17/4/2 124/14/2
f 18/4/2 124/14/2 38/14/2
f 161/44/19 162/44/19 163/43/19
f 161/44/19 163/43/19 164/43/19
f 141/4/2 18/4/2 38/14/2
f 141/4/2 38/14/2 37/14/2
f 32/12/1 31/12/1 126/6/1
f 32/12/1 126/6/1 108/6/1
f 165/33/20 166/33/20 167/15/20
f 165/33/21 167/15/21 168/18/21
f 169/11/22 170/11/22 171/17/22
f 169/11/23 171/17/23 172/16/23
f 173/54/20 174/30/20 175/33/20
f 173/54/24 175/33/24 176/44/24
f 177/23/25 178/37/25 179/55/25
f 177/23/26 179/55/26 180/56/26
f 181/24/27 182/23/27 183/57/27
f 181/24/27 183/57/27 184/58/27
f 185/14/28 186/24/28 187/59/28
f 185/14/28 187/59/28 188/60/28
f 189/4/29 190/14/29 191/61/29
f 189/4/30 191/61/30 192/62/30
f 193/27/31 194/4/31 195/63/31
f 193/27/31 195/63/31 196/64/31
f 197/29/32 198/27/32 199/65/32
f 197/29/32 199/65/32 200/66/32
f 201/31/33 202/29/33 203/67/33
f 201/31/33 203/67/33 204/68/33
f 205/11/34 206/31/34 207/69/34
f 205/11/35 207/69/35 208/70/35
s 1
f 209/11/36 210/11/37 211/38/38
f 209/11/36 211/38/38 212/39/36
f 213/71/39 214/72/40 215/34/40
f 213/71/39 215/34/40 216/11/40
f 217/44/41 218/44/41 219/54/42
f 217/44/41 219/54/42 220/54/42
f 221/44/43 222/41/44 223/73/45
f 221/44/43 223/73/45 224/74/45
f 225/75/46 226/76/47 227/45/48
f 225/75/46 227/45/48 228/34/49
f 229/49/50 230/48/51 231/33/50
f 229/49/50 231/33/50 232/11/51
f 233/44/52 234/33/52 235/77/52
f 233/44/52 235/77/52 236/54/52
f 237/51/53 238/49/54 239/11/54
f 237/51/53 239/11/54 240/11/53
s 0
f 241/45/55 242/45/55 243/76/55
f 241/45/56 243/76/56 244/76/56
s 1
f 245/11/57 246/34/58 247/78/59
f 245/11/57 247/78/59 248/79/57
f 249/54/60 250/54/60 251/44/60
f 249/54/60 251/44/60 252/44/60
f 253/74/61 254/73/62 255/41/61
f 253/74/61 255/41/61 256/44/61
f 257/34/63 258/45/64 259/76/63
f 257/34/63 259/76/63 260/75/63
s 0
f 261/41/65 262/41/65 263/80/65
f 261/41/65 263/80/65 264/80/65
f 107/13/14 106/33/14 265/33/14
f 107/13/14 265/33/14 266/13/14
f 269/81/1 267/82/1 268/83/1
f 267/82/1 269/81/1 275/84/1
f 275/84/1 269/81/1 270/85/1
f 275/84/1 270/85/1 274/86/1
f 274/86/1 270/85/1 271/87/1
f 274/86/1 271/87/1 273/88/1
f 273/88/1 271/87/1 272/89/1
f 279/90/2 277/91/2 278/92/2
f 277/91/2 279/90/2 276/93/2
f 276/93/2 279/90/2 284/94/2
f 284/94/2 279/90/2 280/95/2
f 284/94/2 280/95/2 281/96/2
f 284/94/2 281/96/2 283/97/2
f 283/97/2 281/96/2 282/98/2
o DrinkFactory_Body_Placeable_0
v 1.999998 15.000001 5.999995
v 1.999998 16.500000 4.499995
v 1.999998 16.500000 5.999995
v 8.853550 15.353555 5.646441
v 9.646442 15.000001 4.853548
v 9.646442 16.146446 4.853548
v 9.646442 16.146446 4.853548
v 8.499996 16.146446 4.853548
v 8.853550 15.353555 5.646441
v 5.999997 18.746719 3.330938
v 6.822547 18.746719 3.330938
v 5.361913 19.994717 3.330938
v 5.864583 20.897528 2.580937
v 3.911313 21.572123 2.580937
v 5.999997 21.115250 2.830937
v 7.499996 18.496719 3.580938
v 8.499996 17.496719 3.580939
v 8.499996 18.640759 3.580938
v 9.353550 3.500000 1.353553
v 9.334995 3.000000 1.335000
v 8.999996 3.000000 1.000000
v 5.999997 21.115250 2.830937
v 7.005515 19.768236 2.580938
v 5.864583 20.897528 2.580937
v -1.999998 15.000001 5.999995
v -1.999998 16.500000 5.999995
v -1.999998 16.500000 4.499995
v -8.853550 15.353555 5.646441
v -9.646442 16.146446 4.853548
v -9.646442 15.000001 4.853548
v -9.646442 16.146446 4.853548
v -8.853550 15.353555 5.646441
v -8.499996 16.146446 4.853548
v -5.999997 18.746719 3.330938
v -5.361913 19.994717 3.330938
v -6.822547 18.746719 3.330938
v -5.864583 20.897528 2.580937
v -5.999997 21.115250 2.830937
v -3.911313 21.572123 2.580937
v -7.499996 18.496719 3.580938
v -8.499996 18.640759 3.580938
v -8.499996 17.496719 3.580939
v -9.353550 3.500000 1.353553
v -8.999996 3.000000 1.000000
v -9.334995 3.000000 1.335000
v -5.999997 21.115250 2.830937
v -5.864583 20.897528 2.580937
v -7.005515 19.768236 2.580938
v 1.999998 14.999997 -6.000004
v 1.999998 16.499996 -6.000004
v 1.999998 16.499996 -4.500004
v 8.853550 15.353551 -5.646451
v 9.646442 16.146442 -4.853558
v 9.646442 14.999997 -4.853558
v 9.646442 16.146442 -4.853558
v 8.853550 15.353551 -5.646451
v 8.499996 16.146442 -4.853558
v 5.999997 18.746716 -3.330950
v 5.361913 19.994713 -3.330950
v 6.822547 18.746716 -3.330950
v 5.864583 20.897528 -2.580950
v 5.999997 21.115250 -2.830950
v 3.911313 21.572123 -2.580950
v 7.499996 18.496716 -3.580950
v 8.499996 18.640755 -3.580950
v 8.499996 17.496716 -3.580949
v 9.353550 3.499999 -1.353555
v 8.999996 3.000000 -1.000002
v 9.334995 2.999999 -1.335002
v 5.999997 21.115250 -2.830950
v 5.864583 20.897528 -2.580950
v 7.005515 19.768236 -2.580950
v -1.999998 14.999997 -6.000004
v -1.999998 16.499996 -4.500004
v -1.999998 16.499996 -6.000004
v -8.853550 15.353551 -5.646451
v -9.646442 14.999997 -4.853558
v -9.646442 16.146442 -4.853558
v -9.646442 16.146442 -4.853558
v -8.499996 16.146442 -4.853558
v -8.853550 15.353551 -5.646451
v -5.999997 18.746716 -3.330950
v -6.822547 18.746716 -3.330950
v -5.361913 19.994713 -3.330950
v -5.864583 20.897528 -2.580950
v -3.911313 21.572123 -2.580950
v -5.999997 21.115250 -2.830950
v -7.499996 18.496716 -3.580950
v -8.499996 17.496716 -3.580949
v -8.499996 18.640755 -3.580950
v -9.353550 3.499999 -1.353555
v -9.334995 2.999999 -1.335002
v -8.999996 3.000000 -1.000002
v -5.999997 21.115250 -2.830950
v -7.005515 19.768236 -2.580950
v -5.864583 20.897528 -2.580950
v 5.999997 3.000001 5.499999
v 6.999996 3.000001 5.499999
v 6.999996 6.000001 5.499998
v 5.999997 6.000001 5.499998
v 8.853550 11.000001 5.646443
v 8.853550 6.500001 5.646444
v 9.646442 6.500001 4.853551
v 9.646442 11.000001 4.853549
v 0.000000 3.000001 5.499999
v 1.999998 3.000001 5.499999
v 1.999998 6.000001 5.499998
v 0.000000 6.000001 5.499998
v 5.999997 11.000001 5.499996
v 1.999998 11.000001 5.499996
v 9.999996 3.000000 2.000000
v 9.999996 3.000001 4.499999
v 9.999996 0.500001 4.500000
v 9.999996 0.500001 2.000000
v 9.999996 3.500001 3.999999
v 9.999996 3.500000 2.500000
v 9.499996 3.500000 2.500000
v 9.499996 3.500001 3.999999
v 6.999996 11.000001 5.499996
v 9.999996 6.000000 -0.000002
v 9.999996 10.999999 -0.000003
v 9.999996 11.000000 1.999997
v 9.999996 6.000000 1.999999
v 9.999996 3.000000 -0.000001
v 9.999996 0.500000 -0.000000
v 0.999998 17.496719 5.080938
v 0.000000 17.496719 5.080938
v 0.000000 17.496719 5.516288
v 1.474400 17.496719 5.516940
v 0.000000 11.000001 5.499996
v 1.999998 13.500001 5.499995
v 0.000000 13.500001 5.499995
v 6.999996 13.500001 5.499995
v 5.999997 13.500001 5.499995
v 9.499996 12.000000 3.499996
v 9.499996 12.000000 2.249996
v 9.499996 15.000000 2.249995
v 9.499996 15.000000 3.499995
v 9.499996 11.999999 -0.000004
v 9.499996 14.999999 -0.000005
v 9.499996 15.499999 -0.000005
v 9.499996 15.500000 2.249995
v 9.499996 15.500000 3.499995
v 5.999997 17.496719 3.580939
v 0.999998 17.496719 3.580939
v 1.474598 17.496719 4.017122
v 5.999997 17.496719 4.016917
v 5.999997 16.500000 4.499995
v 8.499996 16.500000 4.499995
v 8.499996 16.996719 4.499994
v 5.999997 16.996719 4.499994
v 0.000000 15.000001 5.999995
v 1.999998 15.000001 5.999995
v 1.999998 16.500000 5.999995
v 0.000000 16.500000 5.999995
v 8.999996 17.496717 2.249995
v 8.999996 17.496719 3.580939
v 9.478446 17.496719 4.020661
v 9.480729 17.496717 2.249995
v 8.999996 17.496717 -0.000005
v 8.999996 17.496717 2.249995
v 9.480729 17.496717 2.249995
v 9.481470 17.496717 -0.000005
v 8.853550 15.353555 5.646441
v 8.853550 11.000001 5.646443
v 9.646442 11.000001 4.853549
v 9.646442 15.000001 4.853548
v 8.499996 3.000002 5.999999
v 8.499996 0.500002 6.000000
v 9.999996 0.500001 4.500000
v 9.999996 3.000001 4.499999
v 7.499996 11.000001 5.999996
v 7.499996 6.000001 5.999998
v 8.499996 6.000001 5.999998
v 8.499996 11.000001 5.999996
v 8.499996 17.496719 3.580939
v 5.999997 17.496719 3.580939
v 5.999997 17.496719 4.016917
v 8.499996 17.496719 4.018066
v 8.499996 16.146446 4.853548
v 5.999997 16.146446 4.853548
v 5.999997 15.353555 5.646441
v 8.853550 15.353555 5.646441
v 5.999997 16.146446 4.853548
v 2.499998 16.146446 4.853548
v 2.499998 15.353555 5.646441
v 5.999997 15.353555 5.646441
v 2.249998 18.746719 3.330938
v 5.999997 18.746719 3.330938
v 5.361913 19.994717 3.330938
v 2.249998 20.854519 3.330938
v 8.999996 17.496717 2.249995
v 8.999996 17.496717 -0.000005
v 8.999996 17.996717 -0.000005
v 8.999996 17.996717 2.830938
v 8.999996 17.496719 3.580939
v 8.999996 17.996719 3.580938
v 8.999996 17.496719 3.580939
v 8.999996 17.996719 3.580938
v 0.000000 17.496719 5.080938
v 0.999998 17.496719 5.080938
v 0.999998 22.496719 5.080937
v 0.000000 22.496719 5.080937
v 0.999998 17.496719 5.080938
v 0.999998 17.496719 3.580939
v 0.999998 22.496719 3.580937
v 0.999998 22.496719 5.080937
v 0.000000 16.500000 5.999995
v 1.999998 16.500000 5.999995
v 1.999998 16.996719 5.999994
v 0.000000 16.996719 5.999994
v 1.999998 16.500000 4.499995
v 1.999998 16.996719 4.499994
v 9.999996 16.500000 4.499995
v 9.999996 16.499998 2.249995
v 9.999996 16.996717 2.249995
v 9.999996 16.996719 4.499994
v 9.999996 16.499998 -0.000005
v 9.999996 16.996717 -0.000005
v 8.999996 17.496719 3.580939
v 8.499996 17.496719 3.580939
v 8.499996 17.496719 4.018066
v 9.478446 17.496719 4.020661
v 9.999996 16.500000 4.499995
v 9.999996 16.996719 4.499994
v 8.499996 18.640759 3.580938
v 8.999996 17.996719 3.580938
v 8.999996 17.996717 2.830938
v 8.499996 18.640757 2.830938
v 0.999998 22.496719 3.580937
v 5.999997 21.115252 3.580937
v 5.999997 21.115250 2.830937
v 1.999998 22.496717 2.830937
v 0.000000 22.496719 3.580937
v 0.999998 22.496719 3.580937
v 1.999998 22.496717 2.830937
v 0.000000 22.496717 2.830937
v 5.999997 21.115252 3.580937
v 8.499996 18.640759 3.580938
v 8.499996 18.640757 2.830938
v 5.999997 21.115250 2.830937
v 0.000000 22.246717 2.580937
v 1.958043 22.246717 2.580937
v 1.958044 22.246717 -0.000007
v 0.000000 22.246717 -0.000007
v 5.864583 20.897528 2.580937
v 7.005515 19.768236 2.580938
v 7.005516 19.768234 -0.000006
v 5.864585 20.897526 -0.000006
v 1.958043 22.246717 2.580937
v 3.911313 21.572123 2.580937
v 3.911314 21.572123 -0.000007
v 1.958044 22.246717 -0.000007
v 8.499996 18.640757 2.830938
v 8.999996 17.996717 2.830938
v 8.999996 17.996717 -0.000005
v 8.499996 18.640757 -0.000006
v 0.999998 22.496719 3.580937
v 0.000000 22.496719 3.580937
v 0.000000 22.496719 5.080937
v 0.999998 22.496719 5.080937
v 1.958043 22.246717 2.580937
v 0.000000 22.246717 2.580937
v 0.000000 22.496717 2.830937
v 1.999998 22.496717 2.830937
v 8.146447 18.638943 2.580938
v 7.005515 19.768236 2.580938
v 5.999997 21.115250 2.830937
v 8.499996 18.640757 2.830938
v 8.146447 18.638943 -0.000006
v 8.146447 18.638943 2.580938
v 8.499996 18.640757 2.830938
v 8.499996 18.640757 -0.000006
v 0.999998 17.496719 3.580939
v 0.999998 17.496719 5.080938
v 1.474400 17.496719 5.516940
v 1.474598 17.496719 4.017122
v 1.999998 16.996719 5.999994
v 1.999998 16.996719 4.499994
v 1.474598 17.496719 4.017122
v 1.474400 17.496719 5.516940
v 1.474400 17.496719 5.516940
v 0.000000 17.496719 5.516288
v 0.000000 16.996719 5.999994
v 1.999998 16.996719 5.999994
v 9.478446 17.496719 4.020661
v 8.499996 17.496719 4.018066
v 8.499996 16.996719 4.499994
v 9.999996 16.996719 4.499994
v 8.499996 17.496719 4.018066
v 5.999997 17.496719 4.016917
v 5.999997 16.996719 4.499994
v 8.499996 16.996719 4.499994
v 9.999996 16.996719 4.499994
v 9.999996 16.996717 2.249995
v 9.480729 17.496717 2.249995
v 9.478446 17.496719 4.020661
v 9.999996 16.996717 2.249995
v 9.999996 16.996717 -0.000005
v 9.481470 17.496717 -0.000005
v 9.480729 17.496717 2.249995
v 5.999997 17.496719 4.016917
v 1.474598 17.496719 4.017122
v 1.999998 16.996719 4.499994
v 5.999997 16.996719 4.499994
v 1.999998 16.500000 5.999995
v 1.999998 16.500000 4.499995
v 1.999998 16.996719 4.499994
v 1.999998 16.996719 5.999994
v 1.999998 18.496719 3.580938
v 1.999998 21.182959 3.580937
v 0.999998 22.496719 3.580937
v 0.999998 17.496719 3.580939
v 5.999997 18.496719 3.580938
v 5.999997 17.496719 3.580939
v 5.482059 20.220888 3.580938
v 7.499996 18.496719 3.580938
v 5.999997 21.115252 3.580937
v 2.249998 18.746719 3.330938
v 2.249998 20.854519 3.330938
v 1.999998 21.182959 3.580937
v 1.999998 18.496719 3.580938
v 6.822547 18.746719 3.330938
v 5.999997 18.746719 3.330938
v 5.999997 18.496719 3.580938
v 7.499996 18.496719 3.580938
v 5.999997 18.746719 3.330938
v 2.249998 18.746719 3.330938
v 1.999998 18.496719 3.580938
v 5.999997 18.496719 3.580938
v 2.249998 20.854519 3.330938
v 5.361913 19.994717 3.330938
v 5.482059 20.220888 3.580938
v 1.999998 21.182959 3.580937
v 5.361913 19.994717 3.330938
v 6.822547 18.746719 3.330938
v 7.499996 18.496719 3.580938
v 5.482059 20.220888 3.580938
v 9.999996 11.500000 2.249996
v 9.999996 11.500000 3.999996
v 9.999996 11.000000 4.499996
v 9.999996 11.499999 -0.000003
v 9.999996 15.000000 3.999995
v 9.999996 16.000000 3.999995
v 9.999996 16.500000 4.499995
v 9.999996 15.000000 4.499995
v 9.999996 16.000000 2.249995
v 9.999996 16.499998 2.249995
v 9.999996 15.999999 -0.000005
v 9.999996 16.499998 -0.000005
v 9.499996 12.000000 2.249996
v 9.499996 12.000000 3.499996
v 9.999996 11.500000 3.999996
v 9.999996 11.500000 2.249996
v 9.499996 11.999999 -0.000004
v 9.499996 12.000000 2.249996
v 9.999996 11.500000 2.249996
v 9.999996 11.499999 -0.000003
v 9.499996 15.000000 3.499995
v 9.499996 15.500000 3.499995
v 9.999996 16.000000 3.999995
v 9.999996 15.000000 3.999995
v 9.499996 15.500000 3.499995
v 9.499996 15.500000 2.249995
v 9.999996 16.000000 2.249995
v 9.999996 16.000000 3.999995
v 9.499996 15.500000 2.249995
v 9.499996 15.499999 -0.000005
v 9.999996 15.999999 -0.000005
v 9.999996 16.000000 2.249995
v 9.499996 12.000000 3.499996
v 9.499996 15.000000 3.499995
v 9.999996 15.000000 3.999995
v 9.999996 11.500000 3.999996
v 6.999996 11.000001 5.499996
v 6.999996 6.000001 5.499998
v 7.499996 6.000001 5.999998
v 7.499996 11.000001 5.999996
v 5.999997 14.000001 5.999995
v 7.499996 14.000001 5.999995
v 8.499996 15.000001 5.999995
v 5.999997 15.000001 5.999995
v 7.499996 3.000002 5.999999
v 7.499996 0.500002 6.000000
v 8.499996 0.500002 6.000000
v 8.499996 3.000002 5.999999
v 0.000000 14.000001 5.999995
v 1.999998 14.000001 5.999995
v 8.853550 6.500001 5.646444
v 8.853550 11.000001 5.646443
v 8.499996 11.000001 5.999996
v 8.499996 6.000001 5.999998
v 5.999997 13.500001 5.499995
v 6.999996 13.500001 5.499995
v 7.499996 14.000001 5.999995
v 5.999997 14.000001 5.999995
v 6.999996 13.500001 5.499995
v 7.499996 14.000001 5.999995
v 6.999996 3.000001 5.499999
v 6.999996 0.500002 5.500000
v 7.499996 0.500002 6.000000
v 7.499996 3.000002 5.999999
v 0.000000 13.500001 5.499995
v 1.999998 13.500001 5.499995
v 1.999998 14.000001 5.999995
v 0.000000 14.000001 5.999995
v 1.999998 13.500001 5.499995
v 5.999997 13.500001 5.499995
v 5.999997 14.000001 5.999995
v 1.999998 14.000001 5.999995
v 8.499996 6.000001 5.999998
v 8.499996 3.000002 5.999999
v 9.999996 3.000001 4.499999
v 9.999996 6.000001 4.499998
v 1.999998 0.500002 5.500000
v 5.999997 0.500002 5.500000
v 9.999996 6.000001 3.999998
v 9.999996 3.500001 3.999999
v 9.499996 3.500001 3.999999
v 9.499996 6.000001 3.999998
v 0.000000 0.500002 5.500000
v 6.999996 0.500002 5.500000
v 9.518541 5.377123 1.377123
v 9.494970 5.353553 -0.000002
v 9.646442 5.505025 -0.000002
v 9.670013 5.528595 1.528595
v 9.494971 3.600000 1.353553
v 9.518541 5.377123 1.377123
v 9.670013 5.528595 1.528595
v 9.646443 3.600000 1.505025
v 9.646442 5.646447 1.646446
v 9.646442 5.646446 -0.000002
v 9.999996 6.000000 -0.000002
v 9.999996 6.000000 1.999999
v 9.646442 3.500000 1.646446
v 9.646442 5.646447 1.646446
v 9.999996 6.000000 1.999999
v 9.999996 3.000000 2.000000
v 9.353549 5.353553 -0.000002
v 9.353550 5.353553 1.353552
v 8.999996 5.000000 0.999999
v 8.999996 5.000000 -0.000002
v 9.353550 5.353553 1.353552
v 9.353550 3.500000 1.353553
v 8.999996 3.000000 1.000000
v 8.999996 5.000000 0.999999
v 9.670013 5.528595 1.528595
v 9.646442 5.505025 -0.000002
v 9.646442 5.646446 -0.000002
v 9.646442 5.646447 1.646446
v 9.646443 3.600000 1.505025
v 9.670013 5.528595 1.528595
v 9.646442 5.646447 1.646446
v 9.646442 3.500000 1.646446
v 9.494970 5.353553 -0.000002
v 9.518541 5.377123 1.377123
v 9.353550 5.353553 1.353552
v 9.353549 5.353553 -0.000002
v 9.518541 5.377123 1.377123
v 9.494971 3.600000 1.353553
v 9.353550 3.500000 1.353553
v 9.353550 5.353553 1.353552
v 9.494971 3.600000 1.353553
v 9.646443 3.600000 1.505025
v 9.646442 3.500000 1.646446
v 9.353550 3.500000 1.353553
v 9.334995 3.000000 1.335000
v 9.353550 3.500000 1.353553
v 9.646442 3.500000 1.646446
v 9.999996 3.000000 2.000000
v 9.646442 11.000001 4.853549
v 9.646442 6.500001 4.853551
v 9.999996 6.000001 4.499998
v 9.999996 11.000000 4.499996
v 8.853550 15.353555 5.646441
v 5.999997 15.353555 5.646441
v 5.999997 15.000001 5.999995
v 8.499996 15.000001 5.999995
v 8.499996 16.146446 4.853548
v 9.646442 16.146446 4.853548
v 9.999996 16.500000 4.499995
v 8.499996 16.500000 4.499995
v 5.999997 16.146446 4.853548
v 8.499996 16.146446 4.853548
v 8.499996 16.500000 4.499995
v 5.999997 16.500000 4.499995
v 9.646442 6.500001 4.853551
v 8.853550 6.500001 5.646444
v 8.499996 6.000001 5.999998
v 9.999996 6.000001 4.499998
v 9.646442 16.146446 4.853548
v 9.646442 15.000001 4.853548
v 9.999996 15.000000 4.499995
v 9.999996 16.500000 4.499995
v 8.853550 11.000001 5.646443
v 8.853550 15.353555 5.646441
v 8.499996 15.000001 5.999995
v 8.499996 11.000001 5.999996
v 2.499998 16.146446 4.853548
v 5.999997 16.146446 4.853548
v 5.999997 16.500000 4.499995
v 1.999998 16.500000 4.499995
v 9.646442 15.000001 4.853548
v 9.646442 11.000001 4.853549
v 9.999996 11.000000 4.499996
v 9.999996 15.000000 4.499995
v 2.499998 15.353555 5.646441
v 2.499998 16.146446 4.853548
v 1.999998 16.500000 4.499995
v 1.999998 15.000001 5.999995
v 5.999997 15.353555 5.646441
v 2.499998 15.353555 5.646441
v 1.999998 15.000001 5.999995
v 5.999997 15.000001 5.999995
v 9.999996 3.500001 3.999999
v 9.999996 6.000001 3.999998
v 9.999996 6.000001 4.499998
v 9.999996 10.500000 3.999997
v 9.999996 10.500000 2.499998
v 9.999996 10.500000 2.499998
v 9.999996 6.000000 2.499999
v 9.999996 6.000000 1.999999
v 9.999996 11.000000 1.999997
v 9.999996 6.000001 3.999998
v 9.999996 10.500000 3.999997
v 9.999996 11.000000 4.499996
v 9.999996 6.000001 4.499998
v 9.999996 6.000000 2.499999
v 9.999996 3.500000 2.500000
v 9.499996 6.000000 2.499999
v 9.499996 10.500000 2.499998
v 9.499996 10.500000 3.999997
v 9.499996 6.000001 3.999998
v 9.499996 3.500001 3.999999
v 9.499996 3.500000 2.500000
v 9.999996 10.500000 3.999997
v 9.499996 10.500000 3.999997
v 9.999996 10.500000 2.499998
v 9.999996 10.500000 3.999997
v 9.499996 10.500000 3.999997
v 9.499996 10.500000 2.499998
v 9.999996 3.500000 2.500000
v 9.999996 6.000000 2.499999
v 9.499996 6.000000 2.499999
v 9.499996 3.500000 2.500000
v 9.999996 10.500000 2.499998
v 9.499996 10.500000 2.499998
v 3.911314 21.572123 -0.000007
v 3.911313 21.572123 2.580937
v 5.864583 20.897528 2.580937
v 5.864585 20.897526 -0.000006
v 5.999997 21.115250 2.830937
v 3.911313 21.572123 2.580937
v 1.958043 22.246717 2.580937
v 1.999998 22.496717 2.830937
v 7.005516 19.768234 -0.000006
v 7.005515 19.768236 2.580938
v 8.146447 18.638943 2.580938
v 8.146447 18.638943 -0.000006
v -5.999997 3.000001 5.499999
v -5.999997 6.000001 5.499998
v -6.999996 6.000001 5.499998
v -6.999996 3.000001 5.499999
v -8.853550 11.000001 5.646443
v -9.646442 11.000001 4.853549
v -9.646442 6.500001 4.853551
v -8.853550 6.500001 5.646444
v -1.999998 6.000001 5.499998
v -1.999998 3.000001 5.499999
v -5.999997 11.000001 5.499996
v -1.999998 11.000001 5.499996
v -9.999996 3.000000 2.000000
v -9.999996 0.500001 2.000000
v -9.999996 0.500001 4.500000
v -9.999996 3.000001 4.499999
v -9.999996 3.500001 3.999999
v -9.499996 3.500001 3.999999
v -9.499996 3.500000 2.500000
v -9.999996 3.500000 2.500000
v -6.999996 11.000001 5.499996
v -9.999996 6.000000 -0.000002
v -9.999996 6.000000 1.999999
v -9.999996 11.000000 1.999997
v -9.999996 10.999999 -0.000003
v -9.999996 3.000000 -0.000001
v -9.999996 0.500000 -0.000000
v -0.999998 17.496719 5.080938
v -1.474400 17.496719 5.516940
v 0.000000 17.496719 5.516288
v 0.000000 17.496719 5.080938
v -1.999998 13.500001 5.499995
v -5.999997 13.500001 5.499995
v -6.999996 13.500001 5.499995
v -9.499996 12.000000 3.499996
v -9.499996 15.000000 3.499995
v -9.499996 15.000000 2.249995
v -9.499996 12.000000 2.249996
v -9.499996 14.999999 -0.000005
v -9.499996 11.999999 -0.000004
v -9.499996 15.500000 2.249995
v -9.499996 15.499999 -0.000005
v -9.499996 15.500000 3.499995
v -5.999997 17.496719 3.580939
v -5.999997 17.496719 4.016917
v -1.474598 17.496719 4.017122
v -0.999998 17.496719 3.580939
v -5.999997 16.500000 4.499995
v -5.999997 16.996719 4.499994
v -8.499996 16.996719 4.499994
v -8.499996 16.500000 4.499995
v -1.999998 16.500000 5.999995
v -1.999998 15.000001 5.999995
v -8.999996 17.496717 2.249995
v -9.480729 17.496717 2.249995
v -9.478446 17.496719 4.020661
v -8.999996 17.496719 3.580939
v -8.999996 17.496717 -0.000005
v -9.481470 17.496717 -0.000005
v -9.480729 17.496717 2.249995
v -8.999996 17.496717 2.249995
v -8.853550 15.353555 5.646441
v -9.646442 15.000001 4.853548
v -9.646442 11.000001 4.853549
v -8.853550 11.000001 5.646443
v -8.499996 3.000002 5.999999
v -9.999996 3.000001 4.499999
v -9.999996 0.500001 4.500000
v -8.499996 0.500002 6.000000
v -7.499996 11.000001 5.999996
v -8.499996 11.000001 5.999996
v -8.499996 6.000001 5.999998
v -7.499996 6.000001 5.999998
v -8.499996 17.496719 3.580939
v -8.499996 17.496719 4.018066
v -5.999997 17.496719 4.016917
v -5.999997 17.496719 3.580939
v -8.499996 16.146446 4.853548
v -8.853550 15.353555 5.646441
v -5.999997 15.353555 5.646441
v -5.999997 16.146446 4.853548
v -5.999997 16.146446 4.853548
v -5.999997 15.353555 5.646441
v -2.499998 15.353555 5.646441
v -2.499998 16.146446 4.853548
v -2.249998 18.746719 3.330938
v -2.249998 20.854519 3.330938
v -5.361913 19.994717 3.330938
v -5.999997 18.746719 3.330938
v -8.999996 17.496717 2.249995
v -8.999996 17.996717 2.830938
v -8.999996 17.996717 -0.000005
v -8.999996 17.496717 -0.000005
v -8.999996 17.496719 3.580939
v -8.999996 17.996719 3.580938
v -8.999996 17.996719 3.580938
v -8.999996 17.496719 3.580939
v -0.999998 22.496719 5.080937
v -0.999998 17.496719 5.080938
v -0.999998 17.496719 5.080938
v -0.999998 22.496719 5.080937
v -0.999998 22.496719 3.580937
v -0.999998 17.496719 3.580939
v -1.999998 16.996719 5.999994
v -1.999998 16.500000 5.999995
v -1.999998 16.500000 4.499995
v -1.999998 16.996719 4.499994
v -9.999996 16.500000 4.499995
v -9.999996 16.996719 4.499994
v -9.999996 16.996717 2.249995
v -9.999996 16.499998 2.249995
v -9.999996 16.996717 -0.000005
v -9.999996 16.499998 -0.000005
v -8.999996 17.496719 3.580939
v -9.478446 17.496719 4.020661
v -8.499996 17.496719 4.018066
v -8.499996 17.496719 3.580939
v -9.999996 16.996719 4.499994
v -9.999996 16.500000 4.499995
v -8.499996 18.640759 3.580938
v -8.499996 18.640757 2.830938
v -8.999996 17.996717 2.830938
v -8.999996 17.996719 3.580938
v -0.999998 22.496719 3.580937
v -1.999998 22.496717 2.830937
v -5.999997 21.115250 2.830937
v -5.999997 21.115252 3.580937
v -1.999998 22.496717 2.830937
v -0.999998 22.496719 3.580937
v -5.999997 21.115252 3.580937
v -5.999997 21.115250 2.830937
v -8.499996 18.640757 2.830938
v -8.499996 18.640759 3.580938
v -1.958044 22.246717 -0.000007
v -1.958043 22.246717 2.580937
v -5.864583 20.897528 2.580937
v -5.864585 20.897526 -0.000006
v -7.005516 19.768234 -0.000006
v -7.005515 19.768236 2.580938
v -1.958043 22.246717 2.580937
v -1.958044 22.246717 -0.000007
v -3.911314 21.572123 -0.000007
v -3.911313 21.572123 2.580937
v -8.499996 18.640757 2.830938
v -8.499996 18.640757 -0.000006
v -8.999996 17.996717 -0.000005
v -8.999996 17.996717 2.830938
v -0.999998 22.496719 3.580937
v -0.999998 22.496719 5.080937
v -1.958043 22.246717 2.580937
v -1.999998 22.496717 2.830937
v -8.146447 18.638943 2.580938
v -8.499996 18.640757 2.830938
v -5.999997 21.115250 2.830937
v -7.005515 19.768236 2.580938
v -8.146447 18.638943 -0.000006
v -8.499996 18.640757 -0.000006
v -8.499996 18.640757 2.830938
v -8.146447 18.638943 2.580938
v -0.999998 17.496719 3.580939
v -1.474598 17.496719 4.017122
v -1.474400 17.496719 5.516940
v -0.999998 17.496719 5.080938
v -1.999998 16.996719 5.999994
v -1.474400 17.496719 5.516940
v -1.474598 17.496719 4.017122
v -1.999998 16.996719 4.499994
v -1.474400 17.496719 5.516940
v -1.999998 16.996719 5.999994
v 0.000000 16.996719 5.999994
v 0.000000 17.496719 5.516288
v -9.478446 17.496719 4.020661
v -9.999996 16.996719 4.499994
v -8.499996 16.996719 4.499994
v -8.499996 17.496719 4.018066
v -8.499996 17.496719 4.018066
v -8.499996 16.996719 4.499994
v -5.999997 16.996719 4.499994
v -5.999997 17.496719 4.016917
v -9.999996 16.996719 4.499994
v -9.478446 17.496719 4.020661
v -9.480729 17.496717 2.249995
v -9.999996 16.996717 2.249995
v -9.999996 16.996717 2.249995
v -9.480729 17.496717 2.249995
v -9.481470 17.496717 -0.000005
v -9.999996 16.996717 -0.000005
v -5.999997 17.496719 4.016917
v -5.999997 16.996719 4.499994
v -1.999998 16.996719 4.499994
v -1.474598 17.496719 4.017122
v -1.999998 16.500000 5.999995
v -1.999998 16.996719 5.999994
v -1.999998 16.996719 4.499994
v -1.999998 16.500000 4.499995
v -1.999998 18.496719 3.580938
v -0.999998 17.496719 3.580939
v -0.999998 22.496719 3.580937
v -1.999998 21.182959 3.580937
v -5.999997 17.496719 3.580939
v -5.999997 18.496719 3.580938
v -5.999997 18.496719 3.580938
v -5.999997 17.496719 3.580939
v -0.999998 17.496719 3.580939
v -1.999998 18.496719 3.580938
v -5.482059 20.220888 3.580938
v -5.999997 21.115252 3.580937
v -8.499996 18.640759 3.580938
v -7.499996 18.496719 3.580938
v -5.999997 21.115252 3.580937
v -5.482059 20.220888 3.580938
v -2.249998 18.746719 3.330938
v -1.999998 18.496719 3.580938
v -1.999998 21.182959 3.580937
v -2.249998 20.854519 3.330938
v -6.822547 18.746719 3.330938
v -7.499996 18.496719 3.580938
v -5.999997 18.496719 3.580938
v -5.999997 18.746719 3.330938
v -5.999997 18.746719 3.330938
v -5.999997 18.496719 3.580938
v -1.999998 18.496719 3.580938
v -2.249998 18.746719 3.330938
v -2.249998 20.854519 3.330938
v -1.999998 21.182959 3.580937
v -5.482059 20.220888 3.580938
v -5.361913 19.994717 3.330938
v -5.361913 19.994717 3.330938
v -5.482059 20.220888 3.580938
v -7.499996 18.496719 3.580938
v -6.822547 18.746719 3.330938
v -9.999996 11.500000 2.249996
v -9.999996 11.000000 4.499996
v -9.999996 11.500000 3.999996
v -9.999996 11.499999 -0.000003
v -9.999996 15.000000 3.999995
v -9.999996 15.000000 4.499995
v -9.999996 16.500000 4.499995
v -9.999996 16.000000 3.999995
v -9.999996 16.499998 2.249995
v -9.999996 16.000000 2.249995
v -9.999996 16.499998 -0.000005
v -9.999996 15.999999 -0.000005
v -9.499996 12.000000 2.249996
v -9.999996 11.500000 2.249996
v -9.999996 11.500000 3.999996
v -9.499996 12.000000 3.499996
v -9.499996 11.999999 -0.000004
v -9.999996 11.499999 -0.000003
v -9.999996 11.500000 2.249996
v -9.499996 12.000000 2.249996
v -9.499996 15.000000 3.499995
v -9.999996 15.000000 3.999995
v -9.999996 16.000000 3.999995
v -9.499996 15.500000 3.499995
v -9.499996 15.500000 3.499995
v -9.999996 16.000000 3.999995
v -9.999996 16.000000 2.249995
v -9.499996 15.500000 2.249995
v -9.499996 15.500000 2.249995
v -9.999996 16.000000 2.249995
v -9.999996 15.999999 -0.000005
v -9.499996 15.499999 -0.000005
v -9.499996 12.000000 3.499996
v -9.999996 11.500000 3.999996
v -9.999996 15.000000 3.999995
v -9.499996 15.000000 3.499995
v -6.999996 11.000001 5.499996
v -7.499996 11.000001 5.999996
v -7.499996 6.000001 5.999998
v -6.999996 6.000001 5.499998
v -5.999997 14.000001 5.999995
v -5.999997 15.000001 5.999995
v -8.499996 15.000001 5.999995
v -7.499996 14.000001 5.999995
v -7.499996 3.000002 5.999999
v -8.499996 3.000002 5.999999
v -8.499996 0.500002 6.000000
v -7.499996 0.500002 6.000000
v -1.999998 14.000001 5.999995
v -8.853550 6.500001 5.646444
v -8.499996 6.000001 5.999998
v -8.499996 11.000001 5.999996
v -8.853550 11.000001 5.646443
v -5.999997 13.500001 5.499995
v -5.999997 14.000001 5.999995
v -7.499996 14.000001 5.999995
v -6.999996 13.500001 5.499995
v -6.999996 13.500001 5.499995
v -7.499996 14.000001 5.999995
v -6.999996 3.000001 5.499999
v -7.499996 3.000002 5.999999
v -7.499996 0.500002 6.000000
v -6.999996 0.500002 5.500000
v -1.999998 14.000001 5.999995
v -1.999998 13.500001 5.499995
v -1.999998 13.500001 5.499995
v -1.999998 14.000001 5.999995
v -5.999997 14.000001 5.999995
v -5.999997 13.500001 5.499995
v -8.499996 6.000001 5.999998
v -9.999996 6.000001 4.499998
v -9.999996 3.000001 4.499999
v -8.499996 3.000002 5.999999
v -1.999998 0.500002 5.500000
v -5.999997 0.500002 5.500000
v -9.999996 6.000001 3.999998
v -9.499996 6.000001 3.999998
v -9.499996 3.500001 3.999999
v -9.999996 3.500001 3.999999
v -6.999996 0.500002 5.500000
v -9.518541 5.377123 1.377123
v -9.670013 5.528595 1.528595
v -9.646442 5.505025 -0.000002
v -9.494970 5.353553 -0.000002
v -9.494971 3.600000 1.353553
v -9.646443 3.600000 1.505025
v -9.670013 5.528595 1.528595
v -9.518541 5.377123 1.377123
v -9.646442 5.646447 1.646446
v -9.999996 6.000000 1.999999
v -9.999996 6.000000 -0.000002
v -9.646442 5.646446 -0.000002
v -9.646442 3.500000 1.646446
v -9.999996 3.000000 2.000000
v -9.999996 6.000000 1.999999
v -9.646442 5.646447 1.646446
v -9.353549 5.353553 -0.000002
v -8.999996 5.000000 -0.000002
v -8.999996 5.000000 0.999999
v -9.353550 5.353553 1.353552
v -9.353550 5.353553 1.353552
v -8.999996 5.000000 0.999999
v -8.999996 3.000000 1.000000
v -9.353550 3.500000 1.353553
v -9.670013 5.528595 1.528595
v -9.646442 5.646447 1.646446
v -9.646442 5.646446 -0.000002
v -9.646442 5.505025 -0.000002
v -9.646443 3.600000 1.505025
v -9.646442 3.500000 1.646446
v -9.646442 5.646447 1.646446
v -9.670013 5.528595 1.528595
v -9.494970 5.353553 -0.000002
v -9.353549 5.353553 -0.000002
v -9.353550 5.353553 1.353552
v -9.518541 5.377123 1.377123
v -9.518541 5.377123 1.377123
v -9.353550 5.353553 1.353552
v -9.353550 3.500000 1.353553
v -9.494971 3.600000 1.353553
v -9.494971 3.600000 1.353553
v -9.353550 3.500000 1.353553
v -9.646442 3.500000 1.646446
v -9.646443 3.600000 1.505025
v -9.334995 3.000000 1.335000
v -9.999996 3.000000 2.000000
v -9.646442 3.500000 1.646446
v -9.353550 3.500000 1.353553
v -9.646442 11.000001 4.853549
v -9.999996 11.000000 4.499996
v -9.999996 6.000001 4.499998
v -9.646442 6.500001 4.853551
v -8.853550 15.353555 5.646441
v -8.499996 15.000001 5.999995
v -5.999997 15.000001 5.999995
v -5.999997 15.353555 5.646441
v -8.499996 16.146446 4.853548
v -8.499996 16.500000 4.499995
v -9.999996 16.500000 4.499995
v -9.646442 16.146446 4.853548
v -5.999997 16.146446 4.853548
v -5.999997 16.500000 4.499995
v -8.499996 16.500000 4.499995
v -8.499996 16.146446 4.853548
v -9.646442 6.500001 4.853551
v -9.999996 6.000001 4.499998
v -8.499996 6.000001 5.999998
v -8.853550 6.500001 5.646444
v -9.646442 16.146446 4.853548
v -9.999996 16.500000 4.499995
v -9.999996 15.000000 4.499995
v -9.646442 15.000001 4.853548
v -8.853550 11.000001 5.646443
v -8.499996 11.000001 5.999996
v -8.499996 15.000001 5.999995
v -8.853550 15.353555 5.646441
v -2.499998 16.146446 4.853548
v -1.999998 16.500000 4.499995
v -5.999997 16.500000 4.499995
v -5.999997 16.146446 4.853548
v -9.646442 15.000001 4.853548
v -9.999996 15.000000 4.499995
v -9.999996 11.000000 4.499996
v -9.646442 11.000001 4.853549
v -2.499998 15.353555 5.646441
v -1.999998 15.000001 5.999995
v -1.999998 16.500000 4.499995
v -2.499998 16.146446 4.853548
v -5.999997 15.353555 5.646441
v -5.999997 15.000001 5.999995
v -1.999998 15.000001 5.999995
v -2.499998 15.353555 5.646441
v -9.999996 3.500001 3.999999
v -9.999996 6.000001 4.499998
v -9.999996 6.000001 3.999998
v -9.999996 10.500000 3.999997
v -9.999996 10.500000 2.499998
v -9.999996 10.500000 2.499998
v -9.999996 11.000000 1.999997
v -9.999996 6.000000 1.999999
v -9.999996 6.000000 2.499999
v -9.999996 6.000001 3.999998
v -9.999996 6.000001 4.499998
v -9.999996 11.000000 4.499996
v -9.999996 10.500000 3.999997
v -9.999996 6.000000 2.499999
v -9.999996 3.500000 2.500000
v -9.499996 6.000000 2.499999
v -9.499996 6.000001 3.999998
v -9.499996 10.500000 3.999997
v -9.499996 10.500000 2.499998
v -9.499996 3.500000 2.500000
v -9.499996 3.500001 3.999999
v -9.999996 10.500000 3.999997
v -9.499996 10.500000 3.999997
v -9.999996 10.500000 2.499998
v -9.499996 10.500000 2.499998
v -9.499996 10.500000 3.999997
v -9.999996 10.500000 3.999997
v -9.999996 3.500000 2.500000
v -9.499996 3.500000 2.500000
v -9.499996 6.000000 2.499999
v -9.999996 6.000000 2.499999
v -9.499996 10.500000 2.499998
v -9.999996 10.500000 2.499998
v -3.911314 21.572123 -0.000007
v -5.864585 20.897526 -0.000006
v -5.864583 20.897528 2.580937
v -3.911313 21.572123 2.580937
v -5.999997 21.115250 2.830937
v -1.999998 22.496717 2.830937
v -1.958043 22.246717 2.580937
v -3.911313 21.572123 2.580937
v -7.005516 19.768234 -0.000006
v -8.146447 18.638943 -0.000006
v -8.146447 18.638943 2.580938
v -7.005515 19.768236 2.580938
v 5.999997 2.999998 -5.500000
v 5.999997 5.999998 -5.500001
v 6.999996 5.999998 -5.500001
v 6.999996 2.999998 -5.500000
v 8.853550 10.999997 -5.646450
v 9.646442 10.999997 -4.853556
v 9.646442 6.499998 -4.853555
v 8.853550 6.499998 -5.646448
v 0.000000 2.999998 -5.500000
v 0.000000 5.999998 -5.500001
v 1.999998 5.999998 -5.500001
v 1.999998 2.999998 -5.500000
v 5.999997 10.999997 -5.500003
v 1.999998 10.999997 -5.500003
v 9.999996 2.999999 -2.000002
v 9.999996 0.499999 -2.000001
v 9.999996 0.499999 -4.500000
v 9.999996 2.999998 -4.500000
v 9.999996 3.499999 -4.000001
v 9.499996 3.499999 -4.000001
v 9.499996 3.499999 -2.500002
v 9.999996 3.499999 -2.500002
v 6.999996 10.999997 -5.500003
v 9.999996 5.999999 -2.000003
v 9.999996 10.999998 -2.000004
v 0.999998 17.496716 -5.080949
v 1.474400 17.496716 -5.516951
v 0.000000 17.496716 -5.516299
v 0.000000 17.496716 -5.080949
v 0.000000 10.999997 -5.500003
v 0.000000 13.499997 -5.500004
v 1.999998 13.499997 -5.500004
v 5.999997 13.499997 -5.500004
v 6.999996 13.499997 -5.500004
v 9.499996 11.999998 -3.500003
v 9.499996 14.999998 -3.500004
v 9.499996 14.999998 -2.250004
v 9.499996 11.999998 -2.250003
v 9.499996 15.499998 -2.250005
v 9.499996 15.499998 -3.500005
v 5.999997 17.496716 -3.580949
v 5.999997 17.496716 -4.016928
v 1.474598 17.496716 -4.017133
v 0.999998 17.496716 -3.580949
v 5.999997 16.499996 -4.500004
v 5.999997 16.996716 -4.500005
v 8.499996 16.996716 -4.500005
v 8.499996 16.499996 -4.500004
v 0.000000 14.999997 -6.000004
v 0.000000 16.499996 -6.000004
v 1.999998 16.499996 -6.000004
v 1.999998 14.999997 -6.000004
v 8.999996 17.496717 -2.250005
v 9.480729 17.496717 -2.250005
v 9.478446 17.496716 -4.020671
v 8.999996 17.496716 -3.580949
v 9.480729 17.496717 -2.250005
v 8.999996 17.496717 -2.250005
v 8.853550 15.353551 -5.646451
v 9.646442 14.999997 -4.853558
v 9.646442 10.999997 -4.853556
v 8.853550 10.999997 -5.646450
v 8.499996 2.999998 -6.000000
v 9.999996 2.999998 -4.500000
v 9.999996 0.499999 -4.500000
v 8.499996 0.499998 -6.000000
v 7.499996 10.999997 -6.000003
v 8.499996 10.999997 -6.000003
v 8.499996 5.999998 -6.000001
v 7.499996 5.999998 -6.000001
v 8.499996 17.496716 -3.580949
v 8.499996 17.496716 -4.018077
v 5.999997 17.496716 -4.016928
v 5.999997 17.496716 -3.580949
v 8.499996 16.146442 -4.853558
v 8.853550 15.353551 -5.646451
v 5.999997 15.353551 -5.646451
v 5.999997 16.146442 -4.853558
v 5.999997 16.146442 -4.853558
v 5.999997 15.353551 -5.646451
v 2.499998 15.353551 -5.646451
v 2.499998 16.146442 -4.853558
v 2.249998 18.746716 -3.330950
v 2.249998 20.854515 -3.330950
v 5.361913 19.994713 -3.330950
v 5.999997 18.746716 -3.330950
v 8.999996 17.496717 -2.250005
v 8.999996 17.996717 -2.830949
v 8.999996 17.496716 -3.580949
v 8.999996 17.996716 -3.580949
v 8.999996 17.996716 -3.580949
v 8.999996 17.496716 -3.580949
v 0.000000 17.496716 -5.080949
v 0.000000 22.496716 -5.080950
v 0.999998 22.496716 -5.080950
v 0.999998 17.496716 -5.080949
v 0.999998 17.496716 -5.080949
v 0.999998 22.496716 -5.080950
v 0.999998 22.496716 -3.580951
v 0.999998 17.496716 -3.580949
v 0.000000 16.499996 -6.000004
v 0.000000 16.996716 -6.000005
v 1.999998 16.996716 -6.000005
v 1.999998 16.499996 -6.000004
v 1.999998 16.499996 -4.500004
v 1.999998 16.996716 -4.500005
v 9.999996 16.499996 -4.500004
v 9.999996 16.996716 -4.500005
v 9.999996 16.996717 -2.250005
v 9.999996 16.499998 -2.250005
v 8.999996 17.496716 -3.580949
v 9.478446 17.496716 -4.020671
v 8.499996 17.496716 -4.018077
v 8.499996 17.496716 -3.580949
v 9.999996 16.996716 -4.500005
v 9.999996 16.499996 -4.500004
v 8.499996 18.640755 -3.580950
v 8.499996 18.640757 -2.830949
v 8.999996 17.996717 -2.830949
v 8.999996 17.996716 -3.580949
v 0.999998 22.496716 -3.580951
v 1.999998 22.496717 -2.830950
v 5.999997 21.115250 -2.830950
v 5.999997 21.115248 -3.580950
v 0.000000 22.496716 -3.580951
v 0.000000 22.496717 -2.830950
v 1.999998 22.496717 -2.830950
v 0.999998 22.496716 -3.580951
v 5.999997 21.115248 -3.580950
v 5.999997 21.115250 -2.830950
v 8.499996 18.640757 -2.830949
v 8.499996 18.640755 -3.580950
v 0.000000 22.246717 -2.580950
v 1.958043 22.246717 -2.580950
v 5.864583 20.897528 -2.580950
v 5.864585 20.897526 -0.000006
v 7.005516 19.768234 -0.000006
v 7.005515 19.768236 -2.580950
v 1.958043 22.246717 -2.580950
v 1.958044 22.246717 -0.000007
v 3.911314 21.572123 -0.000007
v 3.911313 21.572123 -2.580950
v 8.499996 18.640757 -2.830949
v 8.999996 17.996717 -2.830949
v 0.999998 22.496716 -3.580951
v 0.999998 22.496716 -5.080950
v 0.000000 22.496716 -5.080950
v 0.000000 22.496716 -3.580951
v 1.958043 22.246717 -2.580950
v 1.999998 22.496717 -2.830950
v 0.000000 22.496717 -2.830950
v 0.000000 22.246717 -2.580950
v 8.146447 18.638943 -2.580949
v 8.499996 18.640757 -2.830949
v 5.999997 21.115250 -2.830950
v 7.005515 19.768236 -2.580950
v 8.146447 18.638943 -0.000006
v 8.499996 18.640757 -0.000006
v 8.499996 18.640757 -2.830949
v 8.146447 18.638943 -2.580949
v 0.999998 17.496716 -3.580949
v 1.474598 17.496716 -4.017133
v 1.474400 17.496716 -5.516951
v 0.999998 17.496716 -5.080949
v 1.999998 16.996716 -6.000005
v 1.474400 17.496716 -5.516951
v 1.474598 17.496716 -4.017133
v 1.999998 16.996716 -4.500005
v 1.474400 17.496716 -5.516951
v 1.999998 16.996716 -6.000005
v 0.000000 16.996716 -6.000005
v 0.000000 17.496716 -5.516299
v 9.478446 17.496716 -4.020671
v 9.999996 16.996716 -4.500005
v 8.499996 16.996716 -4.500005
v 8.499996 17.496716 -4.018077
v 8.499996 17.496716 -4.018077
v 8.499996 16.996716 -4.500005
v 5.999997 16.996716 -4.500005
v 5.999997 17.496716 -4.016928
v 9.999996 16.996716 -4.500005
v 9.478446 17.496716 -4.020671
v 9.480729 17.496717 -2.250005
v 9.999996 16.996717 -2.250005
v 9.999996 16.996717 -2.250005
v 9.480729 17.496717 -2.250005
v 9.481470 17.496717 -0.000005
v 9.999996 16.996717 -0.000005
v 5.999997 17.496716 -4.016928
v 5.999997 16.996716 -4.500005
v 1.999998 16.996716 -4.500005
v 1.474598 17.496716 -4.017133
v 1.999998 16.499996 -6.000004
v 1.999998 16.996716 -6.000005
v 1.999998 16.996716 -4.500005
v 1.999998 16.499996 -4.500004
v 1.999998 18.496716 -3.580950
v 0.999998 17.496716 -3.580949
v 0.999998 22.496716 -3.580951
v 1.999998 21.182955 -3.580950
v 5.999997 17.496716 -3.580949
v 5.999997 18.496716 -3.580950
v 5.999997 18.496716 -3.580950
v 5.999997 17.496716 -3.580949
v 0.999998 17.496716 -3.580949
v 1.999998 18.496716 -3.580950
v 5.482059 20.220884 -3.580950
v 5.999997 21.115248 -3.580950
v 8.499996 18.640755 -3.580950
v 7.499996 18.496716 -3.580950
v 5.999997 21.115248 -3.580950
v 5.482059 20.220884 -3.580950
v 2.249998 18.746716 -3.330950
v 1.999998 18.496716 -3.580950
v 1.999998 21.182955 -3.580950
v 2.249998 20.854515 -3.330950
v 6.822547 18.746716 -3.330950
v 7.499996 18.496716 -3.580950
v 5.999997 18.496716 -3.580950
v 5.999997 18.746716 -3.330950
v 5.999997 18.746716 -3.330950
v 5.999997 18.496716 -3.580950
v 1.999998 18.496716 -3.580950
v 2.249998 18.746716 -3.330950
v 2.249998 20.854515 -3.330950
v 1.999998 21.182955 -3.580950
v 5.482059 20.220884 -3.580950
v 5.361913 19.994713 -3.330950
v 5.361913 19.994713 -3.330950
v 5.482059 20.220884 -3.580950
v 7.499996 18.496716 -3.580950
v 6.822547 18.746716 -3.330950
v 9.999996 11.499998 -2.250003
v 9.999996 10.999998 -4.500003
v 9.999996 11.499998 -4.000003
v 9.999996 14.999998 -4.000004
v 9.999996 14.999998 -4.500004
v 9.999996 16.499996 -4.500004
v 9.999996 15.999998 -4.000005
v 9.999996 16.499998 -2.250005
v 9.999996 15.999998 -2.250005
v 9.499996 11.999998 -2.250003
v 9.999996 11.499998 -2.250003
v 9.999996 11.499998 -4.000003
v 9.499996 11.999998 -3.500003
v 9.999996 11.499998 -2.250003
v 9.499996 11.999998 -2.250003
v 9.499996 14.999998 -3.500004
v 9.999996 14.999998 -4.000004
v 9.999996 15.999998 -4.000005
v 9.499996 15.499998 -3.500005
v 9.499996 15.499998 -3.500005
v 9.999996 15.999998 -4.000005
v 9.999996 15.999998 -2.250005
v 9.499996 15.499998 -2.250005
v 9.499996 15.499998 -2.250005
v 9.999996 15.999998 -2.250005
v 9.499996 11.999998 -3.500003
v 9.999996 11.499998 -4.000003
v 9.999996 14.999998 -4.000004
v 9.499996 14.999998 -3.500004
v 6.999996 10.999997 -5.500003
v 7.499996 10.999997 -6.000003
v 7.499996 5.999998 -6.000001
v 6.999996 5.999998 -5.500001
v 5.999997 13.999997 -6.000004
v 5.999997 14.999997 -6.000004
v 8.499996 14.999997 -6.000004
v 7.499996 13.999997 -6.000004
v 7.499996 2.999998 -6.000000
v 8.499996 2.999998 -6.000000
v 8.499996 0.499998 -6.000000
v 7.499996 0.499998 -6.000000
v 0.000000 13.999997 -6.000004
v 1.999998 13.999997 -6.000004
v 8.853550 6.499998 -5.646448
v 8.499996 5.999998 -6.000001
v 8.499996 10.999997 -6.000003
v 8.853550 10.999997 -5.646450
v 5.999997 13.499997 -5.500004
v 5.999997 13.999997 -6.000004
v 7.499996 13.999997 -6.000004
v 6.999996 13.499997 -5.500004
v 6.999996 13.499997 -5.500004
v 7.499996 13.999997 -6.000004
v 6.999996 2.999998 -5.500000
v 7.499996 2.999998 -6.000000
v 7.499996 0.499998 -6.000000
v 6.999996 0.499998 -5.500000
v 0.000000 13.499997 -5.500004
v 0.000000 13.999997 -6.000004
v 1.999998 13.999997 -6.000004
v 1.999998 13.499997 -5.500004
v 1.999998 13.499997 -5.500004
v 1.999998 13.999997 -6.000004
v 5.999997 13.999997 -6.000004
v 5.999997 13.499997 -5.500004
v 8.499996 5.999998 -6.000001
v 9.999996 5.999998 -4.500001
v 9.999996 2.999998 -4.500000
v 8.499996 2.999998 -6.000000
v 1.999998 0.499998 -5.500000
v 5.999997 0.499998 -5.500000
v 9.999996 5.999998 -4.000001
v 9.499996 5.999998 -4.000001
v 9.499996 3.499999 -4.000001
v 9.999996 3.499999 -4.000001
v 0.000000 0.499998 -5.500000
v 6.999996 0.499998 -5.500000
v 9.518541 5.377122 -1.377126
v 9.670013 5.528594 -1.528598
v 9.646442 5.505025 -0.000002
v 9.494970 5.353553 -0.000002
v 9.494971 3.599999 -1.353555
v 9.646443 3.599999 -1.505027
v 9.670013 5.528594 -1.528598
v 9.518541 5.377122 -1.377126
v 9.646442 5.646446 -1.646449
v 9.999996 5.999999 -2.000003
v 9.646442 3.499999 -1.646448
v 9.999996 2.999999 -2.000002
v 9.999996 5.999999 -2.000003
v 9.646442 5.646446 -1.646449
v 8.999996 4.999999 -1.000002
v 9.353550 5.353552 -1.353556
v 9.353550 5.353552 -1.353556
v 8.999996 4.999999 -1.000002
v 8.999996 3.000000 -1.000002
v 9.353550 3.499999 -1.353555
v 9.670013 5.528594 -1.528598
v 9.646442 5.646446 -1.646449
v 9.646442 5.646446 -0.000002
v 9.646442 5.505025 -0.000002
v 9.646443 3.599999 -1.505027
v 9.646442 3.499999 -1.646448
v 9.646442 5.646446 -1.646449
v 9.670013 5.528594 -1.528598
v 9.494970 5.353553 -0.000002
v 9.353549 5.353553 -0.000002
v 9.353550 5.353552 -1.353556
v 9.518541 5.377122 -1.377126
v 9.518541 5.377122 -1.377126
v 9.353550 5.353552 -1.353556
v 9.353550 3.499999 -1.353555
v 9.494971 3.599999 -1.353555
v 9.494971 3.599999 -1.353555
v 9.353550 3.499999 -1.353555
v 9.646442 3.499999 -1.646448
v 9.646443 3.599999 -1.505027
v 9.334995 2.999999 -1.335002
v 9.999996 2.999999 -2.000002
v 9.646442 3.499999 -1.646448
v 9.353550 3.499999 -1.353555
v 9.646442 10.999997 -4.853556
v 9.999996 10.999998 -4.500003
v 9.999996 5.999998 -4.500001
v 9.646442 6.499998 -4.853555
v 8.853550 15.353551 -5.646451
v 8.499996 14.999997 -6.000004
v 5.999997 14.999997 -6.000004
v 5.999997 15.353551 -5.646451
v 8.499996 16.146442 -4.853558
v 8.499996 16.499996 -4.500004
v 9.999996 16.499996 -4.500004
v 9.646442 16.146442 -4.853558
v 5.999997 16.146442 -4.853558
v 5.999997 16.499996 -4.500004
v 8.499996 16.499996 -4.500004
v 8.499996 16.146442 -4.853558
v 9.646442 6.499998 -4.853555
v 9.999996 5.999998 -4.500001
v 8.499996 5.999998 -6.000001
v 8.853550 6.499998 -5.646448
v 9.646442 16.146442 -4.853558
v 9.999996 16.499996 -4.500004
v 9.999996 14.999998 -4.500004
v 9.646442 14.999997 -4.853558
v 8.853550 10.999997 -5.646450
v 8.499996 10.999997 -6.000003
v 8.499996 14.999997 -6.000004
v 8.853550 15.353551 -5.646451
v 2.499998 16.146442 -4.853558
v 1.999998 16.499996 -4.500004
v 5.999997 16.499996 -4.500004
v 5.999997 16.146442 -4.853558
v 9.646442 14.999997 -4.853558
v 9.999996 14.999998 -4.500004
v 9.999996 10.999998 -4.500003
v 9.646442 10.999997 -4.853556
v 2.499998 15.353551 -5.646451
v 1.999998 14.999997 -6.000004
v 1.999998 16.499996 -4.500004
v 2.499998 16.146442 -4.853558
v 5.999997 15.353551 -5.646451
v 5.999997 14.999997 -6.000004
v 1.999998 14.999997 -6.000004
v 2.499998 15.353551 -5.646451
v 9.999996 3.499999 -4.000001
v 9.999996 5.999998 -4.500001
v 9.999996 5.999998 -4.000001
v 9.999996 10.499998 -4.000003
v 9.999996 10.499998 -2.500004
v 9.999996 10.499998 -2.500004
v 9.999996 10.999998 -2.000004
v 9.999996 5.999999 -2.000003
v 9.999996 5.999999 -2.500003
v 9.999996 5.999998 -4.000001
v 9.999996 5.999998 -4.500001
v 9.999996 10.999998 -4.500003
v 9.999996 10.499998 -4.000003
v 9.999996 5.999999 -2.500003
v 9.999996 3.499999 -2.500002
v 9.499996 5.999999 -2.500003
v 9.499996 5.999998 -4.000001
v 9.499996 10.499998 -4.000003
v 9.499996 10.499998 -2.500004
v 9.499996 3.499999 -2.500002
v 9.499996 3.499999 -4.000001
v 9.999996 10.499998 -4.000003
v 9.499996 10.499998 -4.000003
v 9.999996 10.499998 -2.500004
v 9.499996 10.499998 -2.500004
v 9.499996 10.499998 -4.000003
v 9.999996 10.499998 -4.000003
v 9.999996 3.499999 -2.500002
v 9.499996 3.499999 -2.500002
v 9.499996 5.999999 -2.500003
v 9.999996 5.999999 -2.500003
v 9.499996 10.499998 -2.500004
v 9.999996 10.499998 -2.500004
v 3.911314 21.572123 -0.000007
v 5.864585 20.897526 -0.000006
v 5.864583 20.897528 -2.580950
v 3.911313 21.572123 -2.580950
v 5.999997 21.115250 -2.830950
v 1.999998 22.496717 -2.830950
v 1.958043 22.246717 -2.580950
v 3.911313 21.572123 -2.580950
v 7.005516 19.768234 -0.000006
v 8.146447 18.638943 -0.000006
v 8.146447 18.638943 -2.580949
v 7.005515 19.768236 -2.580950
v -5.999997 2.999998 -5.500000
v -6.999996 2.999998 -5.500000
v -6.999996 5.999998 -5.500001
v -5.999997 5.999998 -5.500001
v -8.853550 10.999997 -5.646450
v -8.853550 6.499998 -5.646448
v -9.646442 6.499998 -4.853555
v -9.646442 10.999997 -4.853556
v -1.999998 2.999998 -5.500000
v -1.999998 5.999998 -5.500001
v -5.999997 10.999997 -5.500003
v -1.999998 10.999997 -5.500003
v -9.999996 2.999999 -2.000002
v -9.999996 2.999998 -4.500000
v -9.999996 0.499999 -4.500000
v -9.999996 0.499999 -2.000001
v -9.999996 3.499999 -4.000001
v -9.999996 3.499999 -2.500002
v -9.499996 3.499999 -2.500002
v -9.499996 3.499999 -4.000001
v -6.999996 10.999997 -5.500003
v -9.999996 10.999998 -2.000004
v -9.999996 5.999999 -2.000003
v -0.999998 17.496716 -5.080949
v 0.000000 17.496716 -5.080949
v 0.000000 17.496716 -5.516299
v -1.474400 17.496716 -5.516951
v -1.999998 13.499997 -5.500004
v -6.999996 13.499997 -5.500004
v -5.999997 13.499997 -5.500004
v -9.499996 11.999998 -3.500003
v -9.499996 11.999998 -2.250003
v -9.499996 14.999998 -2.250004
v -9.499996 14.999998 -3.500004
v -9.499996 15.499998 -2.250005
v -9.499996 15.499998 -3.500005
v -5.999997 17.496716 -3.580949
v -0.999998 17.496716 -3.580949
v -1.474598 17.496716 -4.017133
v -5.999997 17.496716 -4.016928
v -5.999997 16.499996 -4.500004
v -8.499996 16.499996 -4.500004
v -8.499996 16.996716 -4.500005
v -5.999997 16.996716 -4.500005
v -1.999998 14.999997 -6.000004
v -1.999998 16.499996 -6.000004
v -8.999996 17.496717 -2.250005
v -8.999996 17.496716 -3.580949
v -9.478446 17.496716 -4.020671
v -9.480729 17.496717 -2.250005
v -8.999996 17.496717 -2.250005
v -9.480729 17.496717 -2.250005
v -8.853550 15.353551 -5.646451
v -8.853550 10.999997 -5.646450
v -9.646442 10.999997 -4.853556
v -9.646442 14.999997 -4.853558
v -8.499996 2.999998 -6.000000
v -8.499996 0.499998 -6.000000
v -9.999996 0.499999 -4.500000
v -9.999996 2.999998 -4.500000
v -7.499996 10.999997 -6.000003
v -7.499996 5.999998 -6.000001
v -8.499996 5.999998 -6.000001
v -8.499996 10.999997 -6.000003
v -8.499996 17.496716 -3.580949
v -5.999997 17.496716 -3.580949
v -5.999997 17.496716 -4.016928
v -8.499996 17.496716 -4.018077
v -8.499996 16.146442 -4.853558
v -5.999997 16.146442 -4.853558
v -5.999997 15.353551 -5.646451
v -8.853550 15.353551 -5.646451
v -5.999997 16.146442 -4.853558
v -2.499998 16.146442 -4.853558
v -2.499998 15.353551 -5.646451
v -5.999997 15.353551 -5.646451
v -2.249998 18.746716 -3.330950
v -5.999997 18.746716 -3.330950
v -5.361913 19.994713 -3.330950
v -2.249998 20.854515 -3.330950
v -8.999996 17.496717 -2.250005
v -8.999996 17.996717 -2.830949
v -8.999996 17.496716 -3.580949
v -8.999996 17.996716 -3.580949
v -8.999996 17.496716 -3.580949
v -8.999996 17.996716 -3.580949
v -0.999998 17.496716 -5.080949
v -0.999998 22.496716 -5.080950
v -0.999998 17.496716 -5.080949
v -0.999998 17.496716 -3.580949
v -0.999998 22.496716 -3.580951
v -0.999998 22.496716 -5.080950
v -1.999998 16.499996 -6.000004
v -1.999998 16.996716 -6.000005
v -1.999998 16.499996 -4.500004
v -1.999998 16.996716 -4.500005
v -9.999996 16.499996 -4.500004
v -9.999996 16.499998 -2.250005
v -9.999996 16.996717 -2.250005
v -9.999996 16.996716 -4.500005
v -8.999996 17.496716 -3.580949
v -8.499996 17.496716 -3.580949
v -8.499996 17.496716 -4.018077
v -9.478446 17.496716 -4.020671
v -9.999996 16.499996 -4.500004
v -9.999996 16.996716 -4.500005
v -8.499996 18.640755 -3.580950
v -8.999996 17.996716 -3.580949
v -8.999996 17.996717 -2.830949
v -8.499996 18.640757 -2.830949
v -0.999998 22.496716 -3.580951
v -5.999997 21.115248 -3.580950
v -5.999997 21.115250 -2.830950
v -1.999998 22.496717 -2.830950
v -0.999998 22.496716 -3.580951
v -1.999998 22.496717 -2.830950
v -5.999997 21.115248 -3.580950
v -8.499996 18.640755 -3.580950
v -8.499996 18.640757 -2.830949
v -5.999997 21.115250 -2.830950
v -1.958043 22.246717 -2.580950
v -5.864583 20.897528 -2.580950
v -7.005515 19.768236 -2.580950
v -7.005516 19.768234 -0.000006
v -5.864585 20.897526 -0.000006
v -1.958043 22.246717 -2.580950
v -3.911313 21.572123 -2.580950
v -3.911314 21.572123 -0.000007
v -1.958044 22.246717 -0.000007
v -8.499996 18.640757 -2.830949
v -8.999996 17.996717 -2.830949
v -0.999998 22.496716 -3.580951
v -0.999998 22.496716 -5.080950
v -1.958043 22.246717 -2.580950
v -1.999998 22.496717 -2.830950
v -8.146447 18.638943 -2.580949
v -7.005515 19.768236 -2.580950
v -5.999997 21.115250 -2.830950
v -8.499996 18.640757 -2.830949
v -8.146447 18.638943 -0.000006
v -8.146447 18.638943 -2.580949
v -8.499996 18.640757 -2.830949
v -8.499996 18.640757 -0.000006
v -0.999998 17.496716 -3.580949
v -0.999998 17.496716 -5.080949
v -1.474400 17.496716 -5.516951
v -1.474598 17.496716 -4.017133
v -1.999998 16.996716 -6.000005
v -1.999998 16.996716 -4.500005
v -1.474598 17.496716 -4.017133
v -1.474400 17.496716 -5.516951
v -1.474400 17.496716 -5.516951
v 0.000000 17.496716 -5.516299
v 0.000000 16.996716 -6.000005
v -1.999998 16.996716 -6.000005
v -9.478446 17.496716 -4.020671
v -8.499996 17.496716 -4.018077
v -8.499996 16.996716 -4.500005
v -9.999996 16.996716 -4.500005
v -8.499996 17.496716 -4.018077
v -5.999997 17.496716 -4.016928
v -5.999997 16.996716 -4.500005
v -8.499996 16.996716 -4.500005
v -9.999996 16.996716 -4.500005
v -9.999996 16.996717 -2.250005
v -9.480729 17.496717 -2.250005
v -9.478446 17.496716 -4.020671
v -9.999996 16.996717 -2.250005
v -9.999996 16.996717 -0.000005
v -9.481470 17.496717 -0.000005
v -9.480729 17.496717 -2.250005
v -5.999997 17.496716 -4.016928
v -1.474598 17.496716 -4.017133
v -1.999998 16.996716 -4.500005
v -5.999997 16.996716 -4.500005
v -1.999998 16.499996 -6.000004
v -1.999998 16.499996 -4.500004
v -1.999998 16.996716 -4.500005
v -1.999998 16.996716 -6.000005
v -1.999998 18.496716 -3.580950
v -1.999998 21.182955 -3.580950
v -0.999998 22.496716 -3.580951
v -0.999998 17.496716 -3.580949
v -5.999997 18.496716 -3.580950
v -5.999997 17.496716 -3.580949
v -5.482059 20.220884 -3.580950
v -7.499996 18.496716 -3.580950
v -5.999997 21.115248 -3.580950
v -2.249998 18.746716 -3.330950
v -2.249998 20.854515 -3.330950
v -1.999998 21.182955 -3.580950
v -1.999998 18.496716 -3.580950
v -6.822547 18.746716 -3.330950
v -5.999997 18.746716 -3.330950
v -5.999997 18.496716 -3.580950
v -7.499996 18.496716 -3.580950
v -5.999997 18.746716 -3.330950
v -2.249998 18.746716 -3.330950
v -1.999998 18.496716 -3.580950
v -5.999997 18.496716 -3.580950
v -2.249998 20.854515 -3.330950
v -5.361913 19.994713 -3.330950
v -5.482059 20.220884 -3.580950
v -1.999998 21.182955 -3.580950
v -5.361913 19.994713 -3.330950
v -6.822547 18.746716 -3.330950
v -7.499996 18.496716 -3.580950
v -5.482059 20.220884 -3.580950
v -9.999996 11.499998 -2.250003
v -9.999996 11.499998 -4.000003
v -9.999996 10.999998 -4.500003
v -9.999996 14.999998 -4.000004
v -9.999996 15.999998 -4.000005
v -9.999996 16.499996 -4.500004
v -9.999996 14.999998 -4.500004
v -9.999996 15.999998 -2.250005
v -9.999996 16.499998 -2.250005
v -9.499996 11.999998 -2.250003
v -9.499996 11.999998 -3.500003
v -9.999996 11.499998 -4.000003
v -9.999996 11.499998 -2.250003
v -9.499996 11.999998 -2.250003
v -9.999996 11.499998 -2.250003
v -9.499996 14.999998 -3.500004
v -9.499996 15.499998 -3.500005
v -9.999996 15.999998 -4.000005
v -9.999996 14.999998 -4.000004
v -9.499996 15.499998 -3.500005
v -9.499996 15.499998 -2.250005
v -9.999996 15.999998 -2.250005
v -9.999996 15.999998 -4.000005
v -9.499996 15.499998 -2.250005
v -9.999996 15.999998 -2.250005
v -9.499996 11.999998 -3.500003
v -9.499996 14.999998 -3.500004
v -9.999996 14.999998 -4.000004
v -9.999996 11.499998 -4.000003
v -6.999996 10.999997 -5.500003
v -6.999996 5.999998 -5.500001
v -7.499996 5.999998 -6.000001
v -7.499996 10.999997 -6.000003
v -5.999997 13.999997 -6.000004
v -7.499996 13.999997 -6.000004
v -8.499996 14.999997 -6.000004
v -5.999997 14.999997 -6.000004
v -7.499996 2.999998 -6.000000
v -7.499996 0.499998 -6.000000
v -8.499996 0.499998 -6.000000
v -8.499996 2.999998 -6.000000
v -1.999998 13.999997 -6.000004
v -8.853550 6.499998 -5.646448
v -8.853550 10.999997 -5.646450
v -8.499996 10.999997 -6.000003
v -8.499996 5.999998 -6.000001
v -5.999997 13.499997 -5.500004
v -6.999996 13.499997 -5.500004
v -7.499996 13.999997 -6.000004
v -5.999997 13.999997 -6.000004
v -6.999996 13.499997 -5.500004
v -7.499996 13.999997 -6.000004
v -6.999996 2.999998 -5.500000
v -6.999996 0.499998 -5.500000
v -7.499996 0.499998 -6.000000
v -7.499996 2.999998 -6.000000
v -1.999998 13.499997 -5.500004
v -1.999998 13.999997 -6.000004
v -1.999998 13.499997 -5.500004
v -5.999997 13.499997 -5.500004
v -5.999997 13.999997 -6.000004
v -1.999998 13.999997 -6.000004
v -8.499996 5.999998 -6.000001
v -8.499996 2.999998 -6.000000
v -9.999996 2.999998 -4.500000
v -9.999996 5.999998 -4.500001
v -1.999998 0.499998 -5.500000
v -5.999997 0.499998 -5.500000
v -9.999996 5.999998 -4.000001
v -9.999996 3.499999 -4.000001
v -9.499996 3.499999 -4.000001
v -9.499996 5.999998 -4.000001
v -6.999996 0.499998 -5.500000
v -9.518541 5.377122 -1.377126
v -9.494970 5.353553 -0.000002
v -9.646442 5.505025 -0.000002
v -9.670013 5.528594 -1.528598
v -9.494971 3.599999 -1.353555
v -9.518541 5.377122 -1.377126
v -9.670013 5.528594 -1.528598
v -9.646443 3.599999 -1.505027
v -9.646442 5.646446 -1.646449
v -9.999996 5.999999 -2.000003
v -9.646442 3.499999 -1.646448
v -9.646442 5.646446 -1.646449
v -9.999996 5.999999 -2.000003
v -9.999996 2.999999 -2.000002
v -9.353550 5.353552 -1.353556
v -8.999996 4.999999 -1.000002
v -9.353550 5.353552 -1.353556
v -9.353550 3.499999 -1.353555
v -8.999996 3.000000 -1.000002
v -8.999996 4.999999 -1.000002
v -9.670013 5.528594 -1.528598
v -9.646442 5.505025 -0.000002
v -9.646442 5.646446 -0.000002
v -9.646442 5.646446 -1.646449
v -9.646443 3.599999 -1.505027
v -9.670013 5.528594 -1.528598
v -9.646442 5.646446 -1.646449
v -9.646442 3.499999 -1.646448
v -9.494970 5.353553 -0.000002
v -9.518541 5.377122 -1.377126
v -9.353550 5.353552 -1.353556
v -9.353549 5.353553 -0.000002
v -9.518541 5.377122 -1.377126
v -9.494971 3.599999 -1.353555
v -9.353550 3.499999 -1.353555
v -9.353550 5.353552 -1.353556
v -9.494971 3.599999 -1.353555
v -9.646443 3.599999 -1.505027
v -9.646442 3.499999 -1.646448
v -9.353550 3.499999 -1.353555
v -9.334995 2.999999 -1.335002
v -9.353550 3.499999 -1.353555
v -9.646442 3.499999 -1.646448
v -9.999996 2.999999 -2.000002
v -9.646442 10.999997 -4.853556
v -9.646442 6.499998 -4.853555
v -9.999996 5.999998 -4.500001
v -9.999996 10.999998 -4.500003
v -8.853550 15.353551 -5.646451
v -5.999997 15.353551 -5.646451
v -5.999997 14.999997 -6.000004
v -8.499996 14.999997 -6.000004
v -8.499996 16.146442 -4.853558
v -9.646442 16.146442 -4.853558
v -9.999996 16.499996 -4.500004
v -8.499996 16.499996 -4.500004
v -5.999997 16.146442 -4.853558
v -8.499996 16.146442 -4.853558
v -8.499996 16.499996 -4.500004
v -5.999997 16.499996 -4.500004
v -9.646442 6.499998 -4.853555
v -8.853550 6.499998 -5.646448
v -8.499996 5.999998 -6.000001
v -9.999996 5.999998 -4.500001
v -9.646442 16.146442 -4.853558
v -9.646442 14.999997 -4.853558
v -9.999996 14.999998 -4.500004
v -9.999996 16.499996 -4.500004
v -8.853550 10.999997 -5.646450
v -8.853550 15.353551 -5.646451
v -8.499996 14.999997 -6.000004
v -8.499996 10.999997 -6.000003
v -2.499998 16.146442 -4.853558
v -5.999997 16.146442 -4.853558
v -5.999997 16.499996 -4.500004
v -1.999998 16.499996 -4.500004
v -9.646442 14.999997 -4.853558
v -9.646442 10.999997 -4.853556
v -9.999996 10.999998 -4.500003
v -9.999996 14.999998 -4.500004
v -2.499998 15.353551 -5.646451
v -2.499998 16.146442 -4.853558
v -1.999998 16.499996 -4.500004
v -1.999998 14.999997 -6.000004
v -5.999997 15.353551 -5.646451
v -2.499998 15.353551 -5.646451
v -1.999998 14.999997 -6.000004
v -5.999997 14.999997 -6.000004
v -9.999996 3.499999 -4.000001
v -9.999996 5.999998 -4.000001
v -9.999996 5.999998 -4.500001
v -9.999996 10.499998 -4.000003
v -9.999996 10.499998 -2.500004
v -9.999996 10.499998 -2.500004
v -9.999996 5.999999 -2.500003
v -9.999996 5.999999 -2.000003
v -9.999996 10.999998 -2.000004
v -9.999996 5.999998 -4.000001
v -9.999996 10.499998 -4.000003
v -9.999996 10.999998 -4.500003
v -9.999996 5.999998 -4.500001
v -9.999996 5.999999 -2.500003
v -9.999996 3.499999 -2.500002
v -9.499996 5.999999 -2.500003
v -9.499996 10.499998 -2.500004
v -9.499996 10.499998 -4.000003
v -9.499996 5.999998 -4.000001
v -9.499996 3.499999 -4.000001
v -9.499996 3.499999 -2.500002
v -9.999996 10.499998 -4.000003
v -9.499996 10.499998 -4.000003
v -9.999996 10.499998 -2.500004
v -9.999996 10.499998 -4.000003
v -9.499996 10.499998 -4.000003
v -9.499996 10.499998 -2.500004
v -9.999996 3.499999 -2.500002
v -9.999996 5.999999 -2.500003
v -9.499996 5.999999 -2.500003
v -9.499996 3.499999 -2.500002
v -9.999996 10.499998 -2.500004
v -9.499996 10.499998 -2.500004
v -3.911314 21.572123 -0.000007
v -3.911313 21.572123 -2.580950
v -5.864583 20.897528 -2.580950
v -5.864585 20.897526 -0.000006
v -5.999997 21.115250 -2.830950
v -3.911313 21.572123 -2.580950
v -1.958043 22.246717 -2.580950
v -1.999998 22.496717 -2.830950
v -7.005516 19.768234 -0.000006
v -7.005515 19.768236 -2.580950
v -8.146447 18.638943 -2.580949
v -8.146447 18.638943 -0.000006
v 8.999996 3.000000 -0.000001
v 8.999996 3.000000 1.000000
v 9.334995 3.000000 1.335000
v 9.999996 3.000000 2.000000
v 9.999996 3.000000 -0.000001
v -8.999996 3.000000 -0.000001
v -9.999996 3.000000 -0.000001
v -9.999996 3.000000 2.000000
v -9.334995 3.000000 1.335000
v -8.999996 3.000000 1.000000
v 8.999996 3.000000 -0.000001
v 9.999996 3.000000 -0.000001
v 9.999996 2.999999 -2.000002
v 9.334995 2.999999 -1.335002
v 8.999996 3.000000 -1.000002
v -8.999996 3.000000 -0.000001
v -8.999996 3.000000 -1.000002
v -9.334995 2.999999 -1.335002
v -9.999996 2.999999 -2.000002
v -9.999996 3.000000 -0.000001
vn 1.0000 -0.0000 -0.0000
vn 0.7071 -0.0000 0.7071
vn -0.0000 0.7071 0.7071
vn -0.0000 -0.0000 1.0000
vn 0.2308 0.6684 -0.7071
vn 0.7071 -0.0000 -0.7071
vn 0.4974 0.5026 -0.7071
vn -1.0000 -0.0000 -0.0000
vn -0.7071 -0.0000 0.7071
vn -0.2308 0.6684 -0.7071
vn -0.7071 -0.0000 -0.7071
vn -0.4974 0.5026 -0.7071
vn -0.0000 0.7071 -0.7071
vn -0.0000 -0.0000 -1.0000
vn 0.2308 0.6684 0.7071
vn 0.4974 0.5026 0.7071
vn -0.2308 0.6684 0.7071
vn -0.4974 0.5026 0.7071
vn -0.0000 1.0000 -0.0000
vn 0.7899 0.6132 -0.0000
vn 0.2880 0.9382 0.1921
vn 0.2880 0.9382 0.1920
vn 0.7035 0.7107 -0.0000
vn 0.3264 0.9452 -0.0000
vn -0.0051 1.0000 -0.0000
vn 0.6894 0.7244 -0.0000
vn 0.6892 0.7246 0.0001
vn -0.0001 0.6950 0.7190
vn -0.0000 0.6948 0.7192
vn -0.0008 0.6929 0.7211
vn -0.0007 0.6928 0.7212
vn -0.0008 0.6928 0.7211
vn -0.0007 0.6928 0.7211
vn -0.0001 0.6941 0.7199
vn -0.0002 0.6945 0.7195
vn -0.0003 0.6947 0.7193
vn -0.0002 0.6944 0.7196
vn 0.6927 0.7212 0.0004
vn 0.6928 0.7212 0.0004
vn 0.6941 0.7199 -0.0000
vn 0.6936 0.7203 0.0002
vn -0.0000 0.6947 0.7193
vn -0.1883 -0.6816 0.7071
vn -0.4593 -0.5376 0.7071
vn 0.7071 0.7071 -0.0000
vn 0.7071 -0.7071 -0.0000
vn -0.0000 -0.7071 0.7071
vn 0.9955 0.0942 -0.0081
vn 0.9958 -0.0063 0.0909
vn 0.9958 -0.0063 0.0910
vn 0.0761 -0.9971 0.0079
vn 0.0761 -0.9971 0.0080
vn 0.0743 0.0060 -0.9972
vn 0.5000 -0.7071 -0.5000
vn -0.0000 -1.0000 -0.0000
vn -0.7899 0.6132 -0.0000
vn -0.2880 0.9382 0.1921
vn -0.2880 0.9382 0.1920
vn -0.7035 0.7107 -0.0000
vn -0.3264 0.9452 -0.0000
vn 0.0051 1.0000 -0.0000
vn -0.6892 0.7246 0.0001
vn -0.6894 0.7244 -0.0000
vn 0.0001 0.6950 0.7190
vn 0.0008 0.6929 0.7211
vn 0.0007 0.6928 0.7211
vn 0.0008 0.6928 0.7211
vn 0.0007 0.6928 0.7212
vn 0.0001 0.6941 0.7199
vn 0.0002 0.6944 0.7196
vn 0.0003 0.6947 0.7193
vn 0.0002 0.6945 0.7195
vn -0.6927 0.7212 0.0004
vn -0.6928 0.7212 0.0004
vn -0.6936 0.7203 0.0002
vn -0.6941 0.7199 -0.0000
vn 0.1883 -0.6816 0.7071
vn 0.4593 -0.5376 0.7071
vn -0.7071 0.7071 -0.0000
vn -0.7071 -0.7071 -0.0000
vn -0.9955 0.0942 -0.0081
vn -0.9958 -0.0063 0.0909
vn -0.9958 -0.0063 0.0910
vn -0.0761 -0.9971 0.0079
vn -0.0761 -0.9971 0.0080
vn -0.0743 0.0060 -0.9972
vn -0.5000 -0.7071 -0.5000
vn 0.2880 0.9382 -0.1921
vn 0.2880 0.9382 -0.1920
vn 0.6892 0.7246 -0.0001
vn -0.0000 0.6948 -0.7192
vn -0.0001 0.6950 -0.7190
vn -0.0008 0.6929 -0.7211
vn -0.0007 0.6928 -0.7211
vn -0.0008 0.6928 -0.7211
vn -0.0007 0.6928 -0.7212
vn -0.0001 0.6941 -0.7199
vn -0.0002 0.6944 -0.7196
vn -0.0003 0.6947 -0.7193
vn -0.0002 0.6945 -0.7195
vn 0.6927 0.7212 -0.0004
vn 0.6928 0.7212 -0.0004
vn 0.6936 0.7203 -0.0002
vn -0.0000 0.6947 -0.7193
vn -0.1883 -0.6816 -0.7071
vn -0.4593 -0.5376 -0.7071
vn -0.0000 -0.7071 -0.7071
vn 0.9955 0.0942 0.0081
vn 0.9958 -0.0063 -0.0909
vn 0.9958 -0.0063 -0.0910
vn 0.0761 -0.9971 -0.0079
vn 0.0761 -0.9971 -0.0080
vn 0.0743 0.0060 0.9972
vn 0.5000 -0.7071 0.5000
vn -0.2880 0.9382 -0.1921
vn -0.2880 0.9382 -0.1920
vn -0.6892 0.7246 -0.0001
vn 0.0001 0.6950 -0.7190
vn 0.0008 0.6929 -0.7211
vn 0.0007 0.6928 -0.7212
vn 0.0008 0.6928 -0.7211
vn 0.0007 0.6928 -0.7211
vn 0.0001 0.6941 -0.7199
vn 0.0002 0.6945 -0.7195
vn 0.0003 0.6947 -0.7193
vn 0.0002 0.6944 -0.7196
vn -0.6927 0.7212 -0.0004
vn -0.6928 0.7212 -0.0004
vn -0.6936 0.7203 -0.0002
vn 0.1883 -0.6816 -0.7071
vn 0.4593 -0.5376 -0.7071
vn -0.9955 0.0942 0.0081
vn -0.9958 -0.0063 -0.0909
vn -0.9958 -0.0063 -0.0910
vn -0.0761 -0.9971 -0.0079
vn -0.0761 -0.9971 -0.0080
vn -0.0743 0.0060 0.9972
vn -0.5000 -0.7071 0.5000
vt 0.794089 0.160759
vt 0.801017 0.153782
vt 0.794089 0.156123
vt 0.803391 0.171277
vt 0.807053 0.172374
vt 0.807053 0.167041
vt 0.801758 0.167041
vt 0.085243 0.848544
vt 0.084488 0.852371
vt 0.091165 0.845576
vt 0.835715 0.184654
vt 0.836298 0.175062
vt 0.834069 0.184819
vt 0.834088 0.230522
vt 0.829470 0.235174
vt 0.834754 0.235174
vt 0.447064 0.100101
vt 0.447149 0.101134
vt 0.448696 0.100095
vt 0.837627 0.191571
vt 0.477712 0.103196
vt 0.482330 0.103196
vt 0.482330 0.093893
vt 0.477712 0.093893
vt 0.803391 0.190981
vt 0.803391 0.216567
vt 0.807053 0.216567
vt 0.807053 0.190981
vt 0.450000 0.103196
vt 0.459237 0.103196
vt 0.459237 0.093893
vt 0.450000 0.093893
vt 0.477712 0.065981
vt 0.459237 0.065981
vt 0.819078 0.228196
vt 0.808686 0.228196
vt 0.808686 0.237500
vt 0.819078 0.237500
vt 0.810764 0.226646
vt 0.816999 0.226646
vt 0.482330 0.065981
vt 0.829470 0.218893
vt 0.829470 0.190981
vt 0.819078 0.190981
vt 0.819078 0.218893
vt 0.829470 0.228196
vt 0.829470 0.237500
vt 0.609016 0.070819
vt 0.608426 0.075285
vt 0.609797 0.075088
vt 0.610669 0.068503
vt 0.450000 0.065981
vt 0.459237 0.054352
vt 0.450000 0.054352
vt 0.482330 0.054352
vt 0.477712 0.054352
vt 0.063305 0.811329
vt 0.069078 0.811329
vt 0.069078 0.797374
vt 0.063305 0.797374
vt 0.079470 0.811329
vt 0.079470 0.797374
vt 0.079470 0.795048
vt 0.069078 0.795048
vt 0.063305 0.795048
vt 0.607245 0.049168
vt 0.604294 0.071498
vt 0.605947 0.069181
vt 0.608618 0.048971
vt 0.540212 0.040396
vt 0.551758 0.040396
vt 0.551758 0.038085
vt 0.540212 0.038085
vt 0.762500 0.172374
vt 0.771737 0.172374
vt 0.771737 0.167737
vt 0.762500 0.167737
vt 0.604826 0.036372
vt 0.609016 0.035770
vt 0.610683 0.033434
vt 0.605110 0.034225
vt 0.597742 0.037391
vt 0.598026 0.035240
vt 0.801758 0.228196
vt 0.801758 0.237500
vt 0.797140 0.190981
vt 0.797140 0.218893
vt 0.801758 0.218893
vt 0.801758 0.190981
vt 0.608721 0.038003
vt 0.610097 0.037805
vt 0.790212 0.167041
vt 0.790212 0.170729
vt 0.774046 0.167041
vt 0.774047 0.170729
vt 0.085243 0.831100
vt 0.094978 0.831100
vt 0.772892 0.143926
vt 0.762500 0.143926
vt 0.762500 0.146252
vt 0.775575 0.146252
vt 0.779039 0.143926
vt 0.779039 0.146252
vt 0.831779 0.237500
vt 0.419089 0.012500
vt 0.414470 0.012500
vt 0.414470 0.035759
vt 0.419089 0.035759
vt 0.477563 0.112500
vt 0.484491 0.112500
vt 0.484491 0.089241
vt 0.477563 0.089241
vt 0.512500 0.042737
vt 0.521737 0.042737
vt 0.521737 0.039260
vt 0.512500 0.039260
vt 0.521737 0.040396
vt 0.521737 0.038085
vt 0.558686 0.040396
vt 0.569078 0.040396
vt 0.569078 0.038085
vt 0.558686 0.038085
vt 0.579470 0.040396
vt 0.579470 0.038085
vt 0.779039 0.149248
vt 0.775575 0.149248
vt 0.834237 0.160801
vt 0.831686 0.184737
vt 0.835264 0.165176
vt 0.832416 0.156399
vt 0.837978 0.156590
vt 0.779039 0.160759
vt 0.775575 0.160759
vt 0.089539 0.782064
vt 0.086882 0.790470
vt 0.095085 0.790752
vt 0.097742 0.782346
vt 0.029039 0.785759
vt 0.034255 0.785759
vt 0.034255 0.773753
vt 0.029039 0.773753
vt 0.086298 0.800062
vt 0.094502 0.800344
vt 0.762500 0.149248
vt 0.459237 0.035801
vt 0.457416 0.031399
vt 0.455827 0.031344
vt 0.454470 0.035637
vt 0.836882 0.165470
vt 0.839539 0.157064
vt 0.839539 0.198489
vt 0.838259 0.199976
vt 0.847742 0.198770
vt 0.847257 0.200285
vt 0.605947 0.069181
vt 0.612500 0.065937
vt 0.607777 0.066616
vt 0.519310 0.035759
vt 0.512500 0.035759
vt 0.556277 0.035759
vt 0.551758 0.035759
vt 0.540212 0.035759
vt 0.569078 0.035759
vt 0.560900 0.035759
vt 0.579470 0.035759
vt 0.521737 0.035759
vt 0.544089 0.031123
vt 0.551017 0.028782
vt 0.551017 0.026471
vt 0.544089 0.027645
vt 0.834088 0.204937
vt 0.846495 0.204937
vt 0.852563 0.200285
vt 0.829470 0.200285
vt 0.834088 0.223544
vt 0.829470 0.223544
vt 0.842052 0.221135
vt 0.832827 0.230522
vt 0.846182 0.223544
vt 0.835243 0.206100
vt 0.844978 0.206100
vt 0.834488 0.227371
vt 0.835243 0.223544
vt 0.841165 0.220576
vt 0.819078 0.188655
vt 0.810995 0.188655
vt 0.808686 0.190981
vt 0.829470 0.188655
vt 0.810995 0.172374
vt 0.810995 0.167722
vt 0.808686 0.165396
vt 0.808686 0.172374
vt 0.819078 0.167722
vt 0.819078 0.165396
vt 0.829470 0.167722
vt 0.829470 0.165396
vt 0.819078 0.186329
vt 0.813305 0.186329
vt 0.829470 0.186329
vt 0.813305 0.172374
vt 0.813305 0.170048
vt 0.819078 0.170048
vt 0.829470 0.170048
vt 0.794830 0.190981
vt 0.794830 0.218893
vt 0.790212 0.177026
vt 0.797140 0.177026
vt 0.801758 0.172374
vt 0.790212 0.172374
vt 0.797140 0.228196
vt 0.797140 0.237500
vt 0.762500 0.177026
vt 0.771737 0.177026
vt 0.428391 0.091567
vt 0.428391 0.065981
vt 0.426758 0.065981
vt 0.426758 0.093893
vt 0.790212 0.179352
vt 0.794830 0.179352
vt 0.794830 0.228196
vt 0.794830 0.237500
vt 0.762500 0.179352
vt 0.771737 0.179352
vt 0.808686 0.218893
vt 0.459237 0.112500
vt 0.477712 0.112500
vt 0.810764 0.218892
vt 0.450000 0.112500
vt 0.482330 0.112500
vt 0.946737 0.908178
vt 0.954470 0.908178
vt 0.954470 0.907708
vt 0.946037 0.907708
vt 0.946737 0.912535
vt 0.946037 0.912899
vt 0.820711 0.219989
vt 0.829470 0.219989
vt 0.820711 0.225832
vt 0.454470 0.095897
vt 0.447064 0.095897
vt 0.448696 0.096994
vt 0.454470 0.096994
vt 0.954470 0.907489
vt 0.945711 0.907489
vt 0.945711 0.913332
vt 0.947064 0.908397
vt 0.954470 0.908397
vt 0.947064 0.912601
vt 0.822149 0.226134
vt 0.822064 0.225101
vt 0.432053 0.065981
vt 0.432053 0.091567
vt 0.433686 0.093893
vt 0.433686 0.065981
vt 0.428391 0.046277
vt 0.415212 0.045729
vt 0.415212 0.047374
vt 0.426758 0.047374
vt 0.426758 0.042041
vt 0.432053 0.042041
vt 0.433686 0.040396
vt 0.426758 0.040396
vt 0.415212 0.042041
vt 0.415212 0.040396
vt 0.432053 0.047374
vt 0.433686 0.047374
vt 0.399046 0.042041
vt 0.396737 0.040396
vt 0.399047 0.045729
vt 0.396737 0.047374
vt 0.810764 0.193772
vt 0.816999 0.193772
vt 0.817000 0.218892
vt 0.442000 0.093892
vt 0.441999 0.068772
vt 0.435764 0.068772
vt 0.435764 0.093892
vt 0.435764 0.101646
vt 0.441999 0.101646
vt 0.085715 0.809654
vt 0.093918 0.809936
vt 0.039470 0.785759
vt 0.039470 0.773753
vt 0.697149 0.226134
vt 0.704470 0.225095
vt 0.698696 0.225095
vt 0.704470 0.228196
vt 0.694078 0.228196
s 0
usemtl Placeable
f 285/99/66 286/100/66 287/101/66
f 288/102/67 289/103/67 290/104/67
f 291/104/68 292/105/68 293/102/68
f 294/106/69 295/107/69 296/108/69
f 297/109/70 298/110/70 299/111/70
f 300/112/69 301/113/69 302/114/69
f 303/115/71 304/116/71 305/117/71
f 306/111/72 307/118/72 308/109/72
f 309/99/73 310/101/73 311/100/73
f 312/102/74 313/104/74 314/103/74
f 315/104/68 316/102/68 317/105/68
f 318/106/69 319/108/69 320/107/69
f 321/109/75 322/111/75 323/110/75
f 324/112/69 325/114/69 326/113/69
f 327/115/76 328/117/76 329/116/76
f 330/111/77 331/109/77 332/118/77
f 333/99/66 334/101/66 335/100/66
f 336/102/71 337/104/71 338/103/71
f 339/104/78 340/102/78 341/105/78
f 342/106/79 343/108/79 344/107/79
f 345/109/80 346/111/80 347/110/80
f 348/112/79 349/114/79 350/113/79
f 351/115/67 352/117/67 353/116/67
f 354/111/81 355/109/81 356/118/81
f 357/99/73 358/100/73 359/101/73
f 360/102/76 361/103/76 362/104/76
f 363/104/78 364/105/78 365/102/78
f 366/106/79 367/107/79 368/108/79
f 369/109/82 370/110/82 371/111/82
f 372/112/79 373/113/79 374/114/79
f 375/115/74 376/116/74 377/117/74
f 378/111/83 379/118/83 380/109/83
f 381/119/69 382/120/69 383/121/69
f 381/119/69 383/121/69 384/122/69
f 385/123/67 386/124/67 387/125/67
f 385/123/67 387/125/67 388/126/67
f 389/127/69 390/128/69 391/129/69
f 389/127/69 391/129/69 392/130/69
f 393/131/69 394/132/69 391/129/69
f 393/131/69 391/129/69 384/122/69
f 395/133/66 396/134/66 397/135/66
f 395/133/66 397/135/66 398/136/66
f 390/128/69 381/119/69 384/122/69
f 390/128/69 384/122/69 391/129/69
f 399/137/84 400/138/84 401/138/84
f 399/137/84 401/138/84 402/137/84
f 403/139/69 393/131/69 384/122/69
f 403/139/69 384/122/69 383/121/69
f 404/140/66 405/141/66 406/142/66
f 404/140/66 406/142/66 407/143/66
f 408/144/66 395/133/66 398/136/66
f 408/144/66 398/136/66 409/145/66
f 410/146/84 411/147/84 412/148/84
f 410/146/84 412/148/84 413/149/84
f 414/150/69 394/132/69 415/151/69
f 414/150/69 415/151/69 416/152/69
f 393/131/69 403/139/69 417/153/69
f 393/131/69 417/153/69 418/154/69
f 419/155/66 420/156/66 421/157/66
f 419/155/66 421/157/66 422/158/66
f 394/132/69 393/131/69 418/154/69
f 394/132/69 418/154/69 415/151/69
f 420/156/66 423/159/66 424/160/66
f 420/156/66 424/160/66 421/157/66
f 421/157/66 424/160/66 425/161/66
f 421/157/66 425/161/66 426/162/66
f 422/158/66 421/157/66 426/162/66
f 422/158/66 426/162/66 427/163/66
f 428/164/84 429/165/84 430/166/84
f 428/164/84 430/166/84 431/167/84
f 432/168/69 433/169/69 434/170/69
f 432/168/69 434/170/69 435/171/69
f 436/172/69 437/173/69 438/174/69
f 436/172/69 438/174/69 439/175/69
f 440/176/84 441/177/84 442/178/84
f 440/176/84 442/178/84 443/179/84
f 444/180/84 445/176/84 446/179/84
f 444/180/84 446/179/84 447/181/84
f 448/102/67 449/123/67 450/126/67
f 448/102/67 450/126/67 451/103/67
f 452/182/67 453/183/67 454/135/67
f 452/182/67 454/135/67 455/134/67
f 456/184/69 457/185/69 458/186/69
f 456/184/69 458/186/69 459/187/69
f 460/188/84 461/164/84 462/167/84
f 460/188/84 462/167/84 463/189/84
f 464/105/68 465/190/68 466/191/68
f 464/105/68 466/191/68 467/102/68
f 468/190/68 469/192/68 470/193/68
s 1
f 468/190/68 470/193/68 471/191/68
s 0
f 472/194/69 473/106/69 474/108/69
f 472/194/69 474/108/69 475/195/69
f 476/196/66 477/197/66 478/198/66
f 476/196/66 478/198/66 479/199/66
f 480/200/66 476/196/66 479/199/66
f 480/200/66 479/199/66 481/201/66
f 301/113/69 482/145/69 483/202/69
f 301/113/69 483/202/69 302/114/69
f 484/203/69 485/204/69 486/205/69
f 484/203/69 486/205/69 487/206/69
f 488/207/66 489/208/66 490/209/66
f 488/207/66 490/209/66 491/210/66
f 492/211/69 493/212/69 494/213/69
f 492/211/69 494/213/69 495/214/69
f 496/215/69 432/168/69 435/171/69
f 496/215/69 435/171/69 497/216/69
f 498/217/66 499/218/66 500/219/66
f 498/217/66 500/219/66 501/220/66
f 499/218/66 502/221/66 503/222/66
f 499/218/66 503/222/66 500/219/66
f 504/177/84 505/188/84 506/189/84
f 504/177/84 506/189/84 507/178/84
f 433/169/69 508/217/69 509/220/69
f 433/169/69 509/220/69 434/170/69
f 510/223/85 511/201/85 512/199/85
f 510/223/85 512/199/85 513/224/85
s 1
f 514/225/86 515/226/87 516/111/87
f 514/225/86 516/111/87 517/227/87
s 0
f 518/228/84 519/225/84 520/227/84
f 518/228/84 520/227/84 521/229/84
f 522/230/88 523/223/88 524/224/88
f 522/230/88 524/224/88 525/231/88
f 526/232/84 527/233/84 528/234/84
f 526/232/84 528/234/84 529/235/84
f 530/236/88 531/237/88 532/238/88
f 530/236/88 532/238/88 533/239/88
f 534/233/89 535/240/89 536/241/89
f 534/233/89 536/241/89 537/234/89
f 538/224/85 539/199/85 540/198/85
f 538/224/85 540/198/85 541/242/85
f 542/243/84 543/244/84 544/245/84
f 542/243/84 544/245/84 545/246/84
f 546/247/78 547/248/78 548/229/78
f 546/247/78 548/229/78 549/227/78
f 550/249/72 551/118/72 552/111/72
f 550/249/72 552/111/72 553/250/72
f 554/251/90 555/249/90 556/250/90
f 554/251/90 556/250/90 557/252/90
f 558/165/84 559/146/84 560/149/84
f 558/165/84 560/149/84 561/253/84
f 562/254/91 563/255/91 564/253/91
s 1
f 562/254/92 564/253/92 565/149/92
f 566/256/93 567/257/93 568/214/93
s 0
f 566/256/94 568/214/94 569/213/94
s 1
f 570/258/95 571/259/96 572/170/97
f 570/258/95 572/170/97 573/220/98
f 574/259/99 575/260/100 576/171/101
f 574/259/99 576/171/101 577/170/102
f 578/220/103 579/219/103 580/261/104
f 578/220/103 580/261/104 581/262/103
s 0
f 582/219/105 583/222/105 584/263/105
f 582/219/106 584/263/106 585/261/106
f 586/260/107 587/264/107 588/216/107
f 586/260/94 588/216/94 589/171/94
f 590/265/66 591/266/66 592/267/66
f 590/265/66 592/267/66 593/268/66
f 594/269/69 595/270/69 596/271/69
f 594/269/69 596/271/69 597/272/69
f 300/112/69 598/273/69 599/274/69
f 300/112/69 599/274/69 301/113/69
f 598/273/69 594/269/69 597/272/69
f 598/273/69 597/272/69 599/274/69
f 600/275/69 601/276/69 302/114/69
f 600/275/69 302/114/69 602/277/69
f 595/270/69 600/275/69 602/277/69
f 595/270/69 602/277/69 596/271/69
f 603/278/67 604/279/67 605/270/67
f 603/278/67 605/270/67 606/269/67
f 607/280/68 608/281/68 609/273/68
f 607/280/68 609/273/68 610/276/68
f 611/281/68 612/278/68 613/269/68
f 611/281/68 613/269/68 614/273/68
f 615/279/108 616/282/108 617/275/108
f 615/279/108 617/275/108 618/270/108
f 619/282/109 620/280/109 621/276/109
f 619/282/109 621/276/109 622/275/109
f 623/283/66 624/284/66 625/285/66
f 623/283/66 625/285/66 406/142/66
f 626/286/66 623/283/66 406/142/66
f 626/286/66 406/142/66 405/141/66
f 627/287/66 628/288/66 629/289/66
f 627/287/66 629/289/66 630/290/66
f 628/288/66 631/291/66 632/292/66
f 628/288/66 632/292/66 629/289/66
f 631/291/66 633/293/66 634/294/66
f 631/291/66 634/294/66 632/292/66
f 624/284/66 627/287/66 630/290/66
f 624/284/66 630/290/66 625/285/66
f 635/295/110 636/296/110 637/284/110
f 635/295/110 637/284/110 638/283/110
s 1
f 639/297/110 640/295/110 641/283/110
f 639/297/110 641/283/110 642/286/110
s 0
f 643/298/71 644/299/71 645/288/71
f 643/298/71 645/288/71 646/287/71
f 647/299/111 648/300/111 649/291/111
f 647/299/111 649/291/111 650/288/111
s 1
f 651/300/111 652/301/111 653/293/111
f 651/300/111 653/293/111 654/291/111
s 0
f 655/296/71 656/298/71 657/287/71
f 655/296/71 657/287/71 658/284/71
f 659/302/74 660/303/74 661/185/74
f 659/302/74 661/185/74 662/184/74
f 663/304/69 664/305/69 665/306/69
f 663/304/69 665/306/69 666/307/69
f 664/305/69 456/184/69 459/187/69
f 664/305/69 459/187/69 665/306/69
f 667/308/69 668/309/69 669/183/69
f 667/308/69 669/183/69 670/182/69
f 671/310/69 672/311/69 437/173/69
f 671/310/69 437/173/69 436/172/69
f 672/311/69 663/304/69 666/307/69
f 672/311/69 666/307/69 437/173/69
f 673/312/67 674/313/67 675/314/67
f 673/312/67 675/314/67 676/315/67
s 1
f 677/316/112 678/317/112 679/305/112
f 677/316/112 679/305/112 680/304/112
s 0
f 681/317/74 659/302/74 662/184/74
f 681/317/74 662/184/74 682/305/74
f 683/318/74 684/319/74 685/309/74
f 683/318/74 685/309/74 686/308/74
f 687/320/112 688/321/112 689/311/112
f 687/320/112 689/311/112 690/310/112
f 691/321/112 692/316/112 693/304/112
f 691/321/112 693/304/112 694/311/112
f 660/303/74 683/318/74 686/308/74
f 660/303/74 686/308/74 661/185/74
f 457/185/69 667/308/69 670/182/69
f 457/185/69 670/182/69 458/186/69
s 1
f 695/186/67 696/182/67 697/134/67
f 695/186/67 697/134/67 698/322/67
s 0
f 699/323/69 700/324/69 381/119/69
f 699/323/69 381/119/69 390/128/69
f 701/325/79 702/137/79 703/137/79
f 701/325/79 703/137/79 704/325/79
f 705/326/69 699/323/69 390/128/69
f 705/326/69 390/128/69 389/127/69
f 700/324/69 706/327/69 382/120/69
f 700/324/69 382/120/69 381/119/69
f 707/328/111 708/329/111 709/330/111
f 707/328/111 709/330/111 710/331/111
f 711/332/71 712/328/71 713/331/71
f 711/332/71 713/331/71 714/333/71
f 715/334/111 716/335/111 717/140/111
f 715/334/111 717/140/111 718/143/111
f 719/336/71 720/334/71 721/143/71
f 719/336/71 721/143/71 722/133/71
f 723/337/111 724/338/111 725/339/111
f 723/337/111 725/339/111 726/340/111
s 1
f 727/338/71 728/115/71 729/117/71
s 0
f 727/338/71 729/117/71 730/339/71
s 1
f 731/331/113 732/330/113 733/341/113
f 731/331/113 733/341/113 734/342/113
f 735/333/114 736/331/115 737/342/115
f 735/333/114 737/342/115 738/343/114
f 739/329/116 740/328/117 741/344/117
f 739/329/116 741/344/117 742/345/116
f 743/328/118 744/332/118 745/346/118
f 743/328/118 745/346/118 746/344/118
s 0
f 747/332/119 748/333/119 749/343/119
f 747/332/119 749/343/119 750/346/119
f 751/347/71 752/348/71 753/336/71
s 1
f 751/347/71 753/336/71 754/133/71
s 0
f 755/349/67 756/350/67 757/351/67
f 755/349/67 757/351/67 758/352/67
f 759/353/68 760/354/68 761/355/68
f 759/353/68 761/355/68 762/356/68
s 1
f 763/357/68 764/358/68 765/359/68
s 0
f 763/357/68 765/359/68 766/360/68
f 394/132/69 414/150/69 392/130/69
f 394/132/69 392/130/69 391/129/69
f 767/361/68 768/357/68 769/360/68
f 767/361/68 769/360/68 770/362/68
f 771/350/67 772/312/67 773/315/67
f 771/350/67 773/315/67 774/351/67
f 775/358/67 776/363/67 777/364/67
f 775/358/67 777/364/67 778/359/67
f 779/313/67 780/353/67 781/356/67
f 779/313/67 781/356/67 782/314/67
f 783/365/68 784/361/68 785/362/68
f 783/365/68 785/362/68 786/366/68
f 787/363/67 788/349/67 789/352/67
f 787/363/67 789/352/67 790/364/67
f 791/367/68 792/365/68 793/366/68
f 791/367/68 793/366/68 794/368/68
f 795/354/68 796/367/68 797/368/68
f 795/354/68 797/368/68 798/355/68
f 799/137/66 800/325/66 801/322/66
f 799/137/66 801/322/66 396/134/66
f 802/369/66 803/370/66 406/142/66
f 802/369/66 406/142/66 625/285/66
f 804/370/66 805/371/66 806/143/66
f 804/370/66 806/143/66 807/142/66
f 808/325/66 809/369/66 810/285/66
f 808/325/66 810/285/66 811/322/66
f 812/371/66 813/138/66 395/133/66
f 812/371/66 395/133/66 407/143/66
f 813/138/66 799/137/66 396/134/66
f 813/138/66 396/134/66 395/133/66
f 814/372/66 815/373/66 816/374/66
f 814/372/66 816/374/66 817/375/66
f 814/372/66 817/375/66 818/376/66
f 814/372/66 818/376/66 819/377/66
f 820/369/79 701/325/79 704/325/79
f 820/369/79 704/325/79 821/369/79
f 822/370/120 823/369/120 824/369/120
f 822/370/120 824/369/120 825/370/120
f 826/138/69 827/371/69 828/371/69
f 826/138/69 828/371/69 829/138/69
f 827/371/69 830/370/69 831/370/69
f 827/371/69 831/370/69 828/371/69
f 832/241/89 833/240/89 834/378/89
f 832/241/89 834/378/89 835/379/89
f 836/111/70 837/110/70 838/247/70
f 836/111/70 838/247/70 839/227/70
f 840/238/88 841/237/88 842/380/88
f 840/238/88 842/380/88 843/381/88
f 844/119/69 845/122/69 846/121/69
f 844/119/69 846/121/69 847/120/69
f 848/123/74 849/126/74 850/125/74
f 848/123/74 850/125/74 851/124/74
f 389/127/69 392/130/69 852/129/69
f 389/127/69 852/129/69 853/128/69
f 854/131/69 845/122/69 852/129/69
f 854/131/69 852/129/69 855/132/69
f 856/133/73 857/136/73 858/135/73
f 856/133/73 858/135/73 859/134/73
f 853/128/69 852/129/69 845/122/69
f 853/128/69 845/122/69 844/119/69
f 860/137/84 861/137/84 862/138/84
f 860/137/84 862/138/84 863/138/84
f 864/139/69 846/121/69 845/122/69
f 864/139/69 845/122/69 854/131/69
f 865/140/73 866/143/73 867/142/73
f 865/140/73 867/142/73 868/141/73
f 869/144/73 870/145/73 857/136/73
f 869/144/73 857/136/73 856/133/73
f 871/146/84 872/149/84 873/148/84
f 871/146/84 873/148/84 874/147/84
f 414/150/69 416/152/69 875/151/69
f 414/150/69 875/151/69 855/132/69
f 854/131/69 876/154/69 877/153/69
f 854/131/69 877/153/69 864/139/69
f 878/155/73 879/158/73 880/157/73
f 878/155/73 880/157/73 881/156/73
f 855/132/69 875/151/69 876/154/69
f 855/132/69 876/154/69 854/131/69
f 881/156/73 880/157/73 882/160/73
f 881/156/73 882/160/73 883/159/73
f 880/157/73 884/162/73 885/161/73
f 880/157/73 885/161/73 882/160/73
f 879/158/73 886/163/73 884/162/73
f 879/158/73 884/162/73 880/157/73
f 887/164/84 888/167/84 889/166/84
f 887/164/84 889/166/84 890/165/84
f 891/168/69 892/171/69 893/170/69
f 891/168/69 893/170/69 894/169/69
f 436/172/69 439/175/69 895/174/69
f 436/172/69 895/174/69 896/173/69
f 897/176/84 898/179/84 899/178/84
f 897/176/84 899/178/84 900/177/84
f 901/180/84 902/181/84 903/179/84
f 901/180/84 903/179/84 904/176/84
f 905/102/74 906/103/74 907/126/74
f 905/102/74 907/126/74 908/123/74
f 909/182/74 910/134/74 911/135/74
f 909/182/74 911/135/74 912/183/74
f 913/184/69 914/187/69 915/186/69
f 913/184/69 915/186/69 916/185/69
f 917/188/84 918/189/84 919/167/84
f 917/188/84 919/167/84 920/164/84
f 921/105/68 922/102/68 923/191/68
f 921/105/68 923/191/68 924/190/68
s 1
f 925/190/68 926/191/68 927/193/68
s 0
f 925/190/68 927/193/68 928/192/68
f 929/194/69 930/195/69 931/108/69
f 929/194/69 931/108/69 932/106/69
f 933/196/73 934/199/73 935/198/73
f 933/196/73 935/198/73 936/197/73
f 937/200/73 938/201/73 934/199/73
f 937/200/73 934/199/73 933/196/73
f 326/113/69 325/114/69 939/202/69
f 326/113/69 939/202/69 940/145/69
f 484/203/69 487/206/69 941/205/69
f 484/203/69 941/205/69 942/204/69
f 943/207/73 944/210/73 945/209/73
f 943/207/73 945/209/73 946/208/73
f 492/211/69 495/214/69 947/213/69
f 492/211/69 947/213/69 948/212/69
f 949/215/69 950/216/69 892/171/69
f 949/215/69 892/171/69 891/168/69
f 951/217/73 952/220/73 953/219/73
f 951/217/73 953/219/73 954/218/73
f 954/218/73 953/219/73 955/222/73
f 954/218/73 955/222/73 956/221/73
f 957/177/84 958/178/84 959/189/84
f 957/177/84 959/189/84 960/188/84
f 894/169/69 893/170/69 961/220/69
f 894/169/69 961/220/69 962/217/69
f 963/223/121 964/224/121 965/199/121
f 963/223/121 965/199/121 966/201/121
s 1
f 967/225/122 968/227/123 969/111/123
f 967/225/122 969/111/123 970/226/123
s 0
f 518/228/84 521/229/84 971/227/84
f 518/228/84 971/227/84 972/225/84
f 973/230/124 974/231/124 975/224/124
f 973/230/124 975/224/124 976/223/124
f 526/232/84 529/235/84 977/234/84
f 526/232/84 977/234/84 978/233/84
f 979/236/124 980/239/124 981/238/124
f 979/236/124 981/238/124 982/237/124
f 983/233/125 984/234/125 985/241/125
f 983/233/125 985/241/125 986/240/125
f 987/224/121 988/242/121 989/198/121
f 987/224/121 989/198/121 990/199/121
f 991/243/84 992/246/84 544/245/84
f 991/243/84 544/245/84 543/244/84
f 993/247/78 994/227/78 548/229/78
f 993/247/78 548/229/78 547/248/78
f 995/249/77 996/250/77 997/111/77
f 995/249/77 997/111/77 998/118/77
f 999/251/126 1000/252/126 1001/250/126
f 999/251/126 1001/250/126 1002/249/126
f 1003/165/84 1004/253/84 1005/149/84
f 1003/165/84 1005/149/84 1006/146/84
f 1007/254/127 1008/149/127 1009/253/127
f 1007/254/128 1009/253/128 1010/255/128
f 1011/256/94 1012/213/94 1013/214/94
s 1
f 1011/256/129 1013/214/129 1014/257/129
f 1015/258/130 1016/220/131 1017/170/132
f 1015/258/130 1017/170/132 1018/259/133
f 1019/259/134 1020/170/135 1021/171/136
f 1019/259/134 1021/171/136 1022/260/137
f 1023/220/138 1024/262/138 1025/261/139
f 1023/220/138 1025/261/139 1026/219/138
s 0
f 1027/219/140 1028/261/140 1029/263/140
f 1027/219/141 1029/263/141 1030/222/141
f 1031/260/94 1032/171/94 1033/216/94
s 1
f 1031/260/107 1033/216/107 1034/264/107
s 0
f 1035/265/73 1036/268/73 1037/267/73
f 1035/265/73 1037/267/73 1038/266/73
f 1039/269/69 1040/272/69 1041/271/69
f 1039/269/69 1041/271/69 1042/270/69
f 324/112/69 326/113/69 1043/274/69
f 324/112/69 1043/274/69 1044/273/69
f 1045/273/69 1046/274/69 1047/272/69
f 1045/273/69 1047/272/69 1048/269/69
f 1049/275/69 1050/277/69 1051/114/69
f 1049/275/69 1051/114/69 1052/276/69
f 1042/270/69 1041/271/69 1053/277/69
f 1042/270/69 1053/277/69 1054/275/69
f 1055/278/74 1056/269/74 1057/270/74
f 1055/278/74 1057/270/74 1058/279/74
f 1059/280/68 1060/276/68 1061/273/68
f 1059/280/68 1061/273/68 1062/281/68
f 1063/281/68 1064/273/68 1065/269/68
f 1063/281/68 1065/269/68 1066/278/68
f 1067/279/142 1068/270/142 1069/275/142
f 1067/279/142 1069/275/142 1070/282/142
f 1071/282/143 1072/275/143 1073/276/143
f 1071/282/143 1073/276/143 1074/280/143
f 1075/283/73 867/142/73 1076/285/73
f 1075/283/73 1076/285/73 1077/284/73
f 1078/286/73 868/141/73 867/142/73
f 1078/286/73 867/142/73 1075/283/73
f 1079/287/73 1080/290/73 1081/289/73
f 1079/287/73 1081/289/73 1082/288/73
f 1082/288/73 1081/289/73 1083/292/73
f 1082/288/73 1083/292/73 1084/291/73
f 1084/291/73 1083/292/73 1085/294/73
f 1084/291/73 1085/294/73 1086/293/73
f 1077/284/73 1076/285/73 1080/290/73
f 1077/284/73 1080/290/73 1079/287/73
f 1087/295/144 1088/283/144 1089/284/144
f 1087/295/144 1089/284/144 1090/296/144
s 1
f 1091/297/144 1092/286/144 1093/283/144
f 1091/297/144 1093/283/144 1094/295/144
s 0
f 1095/298/76 1096/287/76 1097/288/76
f 1095/298/76 1097/288/76 1098/299/76
f 1099/299/145 1100/288/145 1101/291/145
f 1099/299/145 1101/291/145 1102/300/145
s 1
f 1103/300/145 1104/291/145 1105/293/145
f 1103/300/145 1105/293/145 1106/301/145
s 0
f 1107/296/76 1108/284/76 1109/287/76
f 1107/296/76 1109/287/76 1110/298/76
f 1111/302/67 1112/184/67 1113/185/67
f 1111/302/67 1113/185/67 1114/303/67
f 1115/304/69 1116/307/69 1117/306/69
f 1115/304/69 1117/306/69 1118/305/69
f 1118/305/69 1117/306/69 914/187/69
f 1118/305/69 914/187/69 913/184/69
f 1119/308/69 1120/182/69 1121/183/69
f 1119/308/69 1121/183/69 1122/309/69
f 671/310/69 436/172/69 896/173/69
f 671/310/69 896/173/69 1123/311/69
f 1123/311/69 896/173/69 1116/307/69
f 1123/311/69 1116/307/69 1115/304/69
f 1124/312/74 1125/315/74 1126/314/74
f 1124/312/74 1126/314/74 1127/313/74
f 1128/316/112 1129/304/112 1130/305/112
f 1128/316/112 1130/305/112 1131/317/112
f 1132/317/67 1133/305/67 1112/184/67
f 1132/317/67 1112/184/67 1111/302/67
f 1134/318/67 1135/308/67 1136/309/67
f 1134/318/67 1136/309/67 1137/319/67
f 687/320/112 690/310/112 1138/311/112
f 687/320/112 1138/311/112 1139/321/112
f 1140/321/112 1141/311/112 1142/304/112
f 1140/321/112 1142/304/112 1143/316/112
f 1114/303/67 1113/185/67 1135/308/67
f 1114/303/67 1135/308/67 1134/318/67
f 916/185/69 915/186/69 1120/182/69
f 916/185/69 1120/182/69 1119/308/69
s 1
f 1144/186/74 1145/322/74 1146/134/74
f 1144/186/74 1146/134/74 1147/182/74
s 0
f 1148/323/69 853/128/69 844/119/69
f 1148/323/69 844/119/69 1149/324/69
f 1150/325/79 1151/325/79 1152/137/79
f 1150/325/79 1152/137/79 1153/137/79
f 705/326/69 389/127/69 853/128/69
f 705/326/69 853/128/69 1148/323/69
f 1149/324/69 844/119/69 847/120/69
f 1149/324/69 847/120/69 1154/327/69
f 1155/328/145 1156/331/145 1157/330/145
f 1155/328/145 1157/330/145 1158/329/145
f 1159/332/76 1160/333/76 1161/331/76
f 1159/332/76 1161/331/76 1162/328/76
f 1163/334/145 1164/143/145 1165/140/145
f 1163/334/145 1165/140/145 1166/335/145
f 1167/336/76 1168/133/76 1169/143/76
f 1167/336/76 1169/143/76 1170/334/76
f 1171/337/145 1172/340/145 1173/339/145
f 1171/337/145 1173/339/145 1174/338/145
f 1175/338/76 1176/339/76 1177/117/76
s 1
f 1175/338/76 1177/117/76 1178/115/76
f 1179/331/146 1180/342/146 1181/341/146
f 1179/331/146 1181/341/146 1182/330/146
f 1183/333/147 1184/343/147 1185/342/148
f 1183/333/147 1185/342/148 1186/331/148
f 1187/329/149 1188/345/149 1189/344/150
f 1187/329/149 1189/344/150 1190/328/150
f 1191/328/151 1192/344/151 1193/346/151
f 1191/328/151 1193/346/151 1194/332/151
s 0
f 1195/332/152 1196/346/152 1197/343/152
f 1195/332/152 1197/343/152 1198/333/152
s 1
f 1199/347/76 1200/133/76 1201/336/76
s 0
f 1199/347/76 1201/336/76 1202/348/76
f 1203/349/74 1204/352/74 1205/351/74
f 1203/349/74 1205/351/74 1206/350/74
f 1207/353/68 1208/356/68 1209/355/68
f 1207/353/68 1209/355/68 1210/354/68
f 1211/357/68 1212/360/68 1213/359/68
f 1211/357/68 1213/359/68 1214/358/68
f 855/132/69 852/129/69 392/130/69
f 855/132/69 392/130/69 414/150/69
f 1215/361/68 1216/362/68 1217/360/68
f 1215/361/68 1217/360/68 1218/357/68
f 1219/350/74 1220/351/74 1221/315/74
f 1219/350/74 1221/315/74 1222/312/74
f 1223/358/74 1224/359/74 1225/364/74
f 1223/358/74 1225/364/74 1226/363/74
f 1227/313/74 1228/314/74 1229/356/74
f 1227/313/74 1229/356/74 1230/353/74
f 1231/365/68 1232/366/68 1233/362/68
f 1231/365/68 1233/362/68 1234/361/68
f 1235/363/74 1236/364/74 1237/352/74
f 1235/363/74 1237/352/74 1238/349/74
f 1239/367/68 1240/368/68 1241/366/68
f 1239/367/68 1241/366/68 1242/365/68
f 1243/354/68 1244/355/68 1245/368/68
f 1243/354/68 1245/368/68 1246/367/68
f 1247/137/73 859/134/73 1248/322/73
f 1247/137/73 1248/322/73 1249/325/73
f 1250/369/73 1076/285/73 867/142/73
f 1250/369/73 867/142/73 1251/370/73
f 1252/370/73 1253/142/73 1254/143/73
f 1252/370/73 1254/143/73 1255/371/73
f 1256/325/73 1257/322/73 1258/285/73
f 1256/325/73 1258/285/73 1259/369/73
f 1260/371/73 866/143/73 856/133/73
f 1260/371/73 856/133/73 1261/138/73
f 1261/138/73 856/133/73 859/134/73
f 1261/138/73 859/134/73 1247/137/73
f 1262/372/73 1263/375/73 1264/374/73
f 1262/372/73 1264/374/73 1265/373/73
f 1262/372/73 1266/377/73 1267/376/73
f 1262/372/73 1267/376/73 1263/375/73
f 1268/369/79 1269/369/79 1151/325/79
f 1268/369/79 1151/325/79 1150/325/79
f 1270/370/120 1271/370/120 1272/369/120
f 1270/370/120 1272/369/120 1273/369/120
f 1274/138/69 1275/138/69 1276/371/69
f 1274/138/69 1276/371/69 1277/371/69
f 1277/371/69 1276/371/69 1278/370/69
f 1277/371/69 1278/370/69 1279/370/69
f 1280/241/125 1281/379/125 1282/378/125
f 1280/241/125 1282/378/125 1283/240/125
f 1284/111/75 1285/227/75 1286/247/75
f 1284/111/75 1286/247/75 1287/110/75
f 1288/238/124 1289/381/124 1290/380/124
f 1288/238/124 1290/380/124 1291/237/124
f 1292/119/79 1293/122/79 1294/121/79
f 1292/119/79 1294/121/79 1295/120/79
f 1296/123/71 1297/126/71 1298/125/71
f 1296/123/71 1298/125/71 1299/124/71
f 1300/127/79 1301/130/79 1302/129/79
f 1300/127/79 1302/129/79 1303/128/79
f 1304/131/79 1293/122/79 1302/129/79
f 1304/131/79 1302/129/79 1305/132/79
f 1306/133/66 1307/136/66 1308/135/66
f 1306/133/66 1308/135/66 1309/134/66
f 1303/128/79 1302/129/79 1293/122/79
f 1303/128/79 1293/122/79 1292/119/79
f 1310/137/84 1311/137/84 1312/138/84
f 1310/137/84 1312/138/84 1313/138/84
f 1314/139/79 1294/121/79 1293/122/79
f 1314/139/79 1293/122/79 1304/131/79
f 404/140/66 1315/143/66 1316/142/66
f 404/140/66 1316/142/66 405/141/66
f 408/144/66 409/145/66 1307/136/66
f 408/144/66 1307/136/66 1306/133/66
f 1317/146/84 1318/149/84 1319/148/84
f 1317/146/84 1319/148/84 1320/147/84
f 1321/150/79 1322/152/79 1323/151/79
f 1321/150/79 1323/151/79 1305/132/79
f 1304/131/79 1324/154/79 1325/153/79
f 1304/131/79 1325/153/79 1314/139/79
f 1326/155/66 1327/158/66 1328/157/66
f 1326/155/66 1328/157/66 1329/156/66
f 1305/132/79 1323/151/79 1324/154/79
f 1305/132/79 1324/154/79 1304/131/79
f 1329/156/66 1328/157/66 424/160/66
f 1329/156/66 424/160/66 423/159/66
f 1328/157/66 1330/162/66 425/161/66
f 1328/157/66 425/161/66 424/160/66
f 1327/158/66 1331/163/66 1330/162/66
f 1327/158/66 1330/162/66 1328/157/66
f 1332/164/84 1333/167/84 1334/166/84
f 1332/164/84 1334/166/84 1335/165/84
f 1336/168/79 1337/171/79 1338/170/79
f 1336/168/79 1338/170/79 1339/169/79
f 1340/172/79 1341/175/79 1342/174/79
f 1340/172/79 1342/174/79 1343/173/79
f 1344/176/84 1345/179/84 1346/178/84
f 1344/176/84 1346/178/84 1347/177/84
f 444/180/84 447/181/84 1348/179/84
f 444/180/84 1348/179/84 1349/176/84
f 1350/102/71 1351/103/71 1352/126/71
f 1350/102/71 1352/126/71 1353/123/71
f 1354/182/71 1355/134/71 1356/135/71
f 1354/182/71 1356/135/71 1357/183/71
f 1358/184/79 1359/187/79 1360/186/79
f 1358/184/79 1360/186/79 1361/185/79
f 1362/188/84 1363/189/84 1364/167/84
f 1362/188/84 1364/167/84 1365/164/84
f 1366/105/78 1367/102/78 1368/191/78
f 1366/105/78 1368/191/78 1369/190/78
s 1
f 1370/190/78 1371/191/78 1372/193/78
s 0
f 1370/190/78 1372/193/78 1373/192/78
f 1374/194/79 1375/195/79 1376/108/79
f 1374/194/79 1376/108/79 1377/106/79
f 1378/196/66 1379/199/66 478/198/66
f 1378/196/66 478/198/66 477/197/66
f 1380/200/66 1381/201/66 1379/199/66
f 1380/200/66 1379/199/66 1378/196/66
f 350/113/79 349/114/79 1382/202/79
f 350/113/79 1382/202/79 1383/145/79
f 1384/203/79 1385/206/79 1386/205/79
f 1384/203/79 1386/205/79 1387/204/79
f 1388/207/66 1389/210/66 1390/209/66
f 1388/207/66 1390/209/66 1391/208/66
f 1392/211/79 1393/214/79 1394/213/79
f 1392/211/79 1394/213/79 1395/212/79
f 1396/215/79 1397/216/79 1337/171/79
f 1396/215/79 1337/171/79 1336/168/79
f 1398/217/66 1399/220/66 1400/219/66
f 1398/217/66 1400/219/66 1401/218/66
f 1401/218/66 1400/219/66 503/222/66
f 1401/218/66 503/222/66 502/221/66
f 1402/177/84 1403/178/84 1404/189/84
f 1402/177/84 1404/189/84 1405/188/84
f 1339/169/79 1338/170/79 1406/220/79
f 1339/169/79 1406/220/79 1407/217/79
f 1408/223/85 1409/224/85 1410/199/85
f 1408/223/85 1410/199/85 1411/201/85
s 1
f 1412/225/153 1413/227/154 1414/111/154
f 1412/225/153 1414/111/154 1415/226/154
s 0
f 1416/228/84 1417/229/84 1418/227/84
f 1416/228/84 1418/227/84 1419/225/84
f 1420/230/88 1421/231/88 1422/224/88
f 1420/230/88 1422/224/88 1423/223/88
f 1424/232/84 529/235/84 528/234/84
f 1424/232/84 528/234/84 1425/233/84
f 1426/236/88 1427/239/88 1428/238/88
f 1426/236/88 1428/238/88 1429/237/88
f 1430/233/89 1431/234/89 1432/241/89
f 1430/233/89 1432/241/89 1433/240/89
f 1434/224/85 541/242/85 540/198/85
f 1434/224/85 540/198/85 1435/199/85
f 1436/243/84 1437/246/84 1438/245/84
f 1436/243/84 1438/245/84 1439/244/84
f 1440/247/68 1441/227/68 1442/229/68
f 1440/247/68 1442/229/68 1443/248/68
f 1444/249/81 1445/250/81 1446/111/81
f 1444/249/81 1446/111/81 1447/118/81
f 1448/251/90 1449/252/90 1450/250/90
f 1448/251/90 1450/250/90 1451/249/90
f 1452/165/84 1453/253/84 1454/149/84
f 1452/165/84 1454/149/84 1455/146/84
f 1456/254/155 1457/149/155 1458/253/155
f 1456/254/91 1458/253/91 1459/255/91
f 1460/256/156 1461/213/156 1462/214/156
s 1
f 1460/256/157 1462/214/157 1463/257/157
f 1464/258/158 1465/220/159 1466/170/160
f 1464/258/158 1466/170/160 1467/259/161
f 1468/259/162 1469/170/163 1470/171/164
f 1468/259/162 1470/171/164 1471/260/165
f 1472/220/166 1473/262/166 1474/261/167
f 1472/220/166 1474/261/167 1475/219/166
s 0
f 1476/219/168 1477/261/168 1478/263/168
f 1476/219/105 1478/263/105 1479/222/105
f 1480/260/156 1481/171/156 1482/216/156
s 1
f 1480/260/169 1482/216/169 1483/264/169
s 0
f 1484/265/66 1485/268/66 1486/267/66
f 1484/265/66 1486/267/66 1487/266/66
f 1488/269/79 1489/272/79 1490/271/79
f 1488/269/79 1490/271/79 1491/270/79
f 348/112/79 350/113/79 1492/274/79
f 348/112/79 1492/274/79 1493/273/79
f 1494/273/79 1495/274/79 1496/272/79
f 1494/273/79 1496/272/79 1497/269/79
f 1498/275/79 1499/277/79 1500/114/79
f 1498/275/79 1500/114/79 1501/276/79
f 1491/270/79 1490/271/79 1502/277/79
f 1491/270/79 1502/277/79 1503/275/79
f 1504/278/71 1505/269/71 1506/270/71
f 1504/278/71 1506/270/71 1507/279/71
f 1508/280/78 1509/276/78 1510/273/78
f 1508/280/78 1510/273/78 1511/281/78
f 1512/281/78 1513/273/78 1514/269/78
f 1512/281/78 1514/269/78 1515/278/78
f 1516/279/170 1517/270/170 1518/275/170
f 1516/279/170 1518/275/170 1519/282/170
f 1520/282/171 1521/275/171 1522/276/171
f 1520/282/171 1522/276/171 1523/280/171
f 1524/283/66 1316/142/66 1525/285/66
f 1524/283/66 1525/285/66 1526/284/66
f 626/286/66 405/141/66 1316/142/66
f 626/286/66 1316/142/66 1524/283/66
f 1527/287/66 1528/290/66 1529/289/66
f 1527/287/66 1529/289/66 1530/288/66
f 1530/288/66 1529/289/66 1531/292/66
f 1530/288/66 1531/292/66 1532/291/66
f 1532/291/66 1531/292/66 634/294/66
f 1532/291/66 634/294/66 633/293/66
f 1526/284/66 1525/285/66 1528/290/66
f 1526/284/66 1528/290/66 1527/287/66
f 1533/295/110 1534/283/110 1535/284/110
f 1533/295/110 1535/284/110 1536/296/110
s 1
f 639/297/110 642/286/110 1537/283/110
f 639/297/110 1537/283/110 1538/295/110
s 0
f 1539/298/67 1540/287/67 1541/288/67
f 1539/298/67 1541/288/67 1542/299/67
f 1543/299/111 1544/288/111 1545/291/111
f 1543/299/111 1545/291/111 1546/300/111
s 1
f 1547/300/111 1548/291/111 653/293/111
f 1547/300/111 653/293/111 652/301/111
s 0
f 1549/296/67 1550/284/67 1551/287/67
f 1549/296/67 1551/287/67 1552/298/67
f 1553/302/76 1554/184/76 1555/185/76
f 1553/302/76 1555/185/76 1556/303/76
f 1557/304/79 1558/307/79 1559/306/79
f 1557/304/79 1559/306/79 1560/305/79
f 1560/305/79 1559/306/79 1359/187/79
f 1560/305/79 1359/187/79 1358/184/79
f 1561/308/79 1562/182/79 1563/183/79
f 1561/308/79 1563/183/79 1564/309/79
f 1565/310/79 1340/172/79 1343/173/79
f 1565/310/79 1343/173/79 1566/311/79
f 1566/311/79 1343/173/79 1558/307/79
f 1566/311/79 1558/307/79 1557/304/79
f 1567/312/71 1568/315/71 1569/314/71
f 1567/312/71 1569/314/71 1570/313/71
f 1571/316/172 1572/304/172 1573/305/172
f 1571/316/172 1573/305/172 1574/317/172
f 1575/317/76 1576/305/76 1554/184/76
f 1575/317/76 1554/184/76 1553/302/76
f 1577/318/76 1578/308/76 1579/309/76
f 1577/318/76 1579/309/76 1580/319/76
f 1581/320/172 1582/310/172 1583/311/172
f 1581/320/172 1583/311/172 1584/321/172
f 1585/321/172 1586/311/172 1587/304/172
f 1585/321/172 1587/304/172 1588/316/172
f 1556/303/76 1555/185/76 1578/308/76
f 1556/303/76 1578/308/76 1577/318/76
f 1361/185/79 1360/186/79 1562/182/79
f 1361/185/79 1562/182/79 1561/308/79
s 1
f 1589/186/71 1590/322/71 1591/134/71
f 1589/186/71 1591/134/71 1592/182/71
s 0
f 1593/323/79 1303/128/79 1292/119/79
f 1593/323/79 1292/119/79 1594/324/79
f 1595/325/69 1596/325/69 1597/137/69
f 1595/325/69 1597/137/69 1598/137/69
f 1599/326/79 1300/127/79 1303/128/79
f 1599/326/79 1303/128/79 1593/323/79
f 1594/324/79 1292/119/79 1295/120/79
f 1594/324/79 1295/120/79 1600/327/79
f 1601/328/111 1602/331/111 1603/330/111
f 1601/328/111 1603/330/111 1604/329/111
f 1605/332/67 1606/333/67 1607/331/67
f 1605/332/67 1607/331/67 1608/328/67
f 1609/334/111 1610/143/111 717/140/111
f 1609/334/111 717/140/111 716/335/111
f 1611/336/67 1612/133/67 1613/143/67
f 1611/336/67 1613/143/67 1614/334/67
f 723/337/111 726/340/111 1615/339/111
f 723/337/111 1615/339/111 1616/338/111
f 1617/338/67 1618/339/67 1619/117/67
s 1
f 1617/338/67 1619/117/67 1620/115/67
f 1621/331/173 1622/342/173 1623/341/173
f 1621/331/173 1623/341/173 1624/330/173
f 1625/333/174 1626/343/174 1627/342/175
f 1625/333/174 1627/342/175 1628/331/175
f 1629/329/176 1630/345/176 1631/344/177
f 1629/329/176 1631/344/177 1632/328/177
f 1633/328/178 1634/344/178 1635/346/178
f 1633/328/178 1635/346/178 1636/332/178
s 0
f 1637/332/179 1638/346/179 1639/343/179
f 1637/332/179 1639/343/179 1640/333/179
s 1
f 1641/347/67 1642/133/67 1643/336/67
s 0
f 1641/347/67 1643/336/67 1644/348/67
f 1645/349/71 1646/352/71 1647/351/71
f 1645/349/71 1647/351/71 1648/350/71
f 1649/353/78 1650/356/78 1651/355/78
f 1649/353/78 1651/355/78 1652/354/78
f 1653/357/78 1654/360/78 1655/359/78
f 1653/357/78 1655/359/78 1656/358/78
f 1305/132/79 1302/129/79 1301/130/79
f 1305/132/79 1301/130/79 1321/150/79
f 1657/361/78 1658/362/78 1659/360/78
f 1657/361/78 1659/360/78 1660/357/78
f 1661/350/71 1662/351/71 1663/315/71
f 1661/350/71 1663/315/71 1664/312/71
f 1665/358/71 1666/359/71 1667/364/71
f 1665/358/71 1667/364/71 1668/363/71
f 1669/313/71 1670/314/71 1671/356/71
f 1669/313/71 1671/356/71 1672/353/71
f 1673/365/78 1674/366/78 1675/362/78
f 1673/365/78 1675/362/78 1676/361/78
f 1677/363/71 1678/364/71 1679/352/71
f 1677/363/71 1679/352/71 1680/349/71
f 1681/367/78 1682/368/78 1683/366/78
f 1681/367/78 1683/366/78 1684/365/78
f 1685/354/78 1686/355/78 1687/368/78
f 1685/354/78 1687/368/78 1688/367/78
f 1689/137/66 1309/134/66 1690/322/66
f 1689/137/66 1690/322/66 1691/325/66
f 1692/369/66 1525/285/66 1316/142/66
f 1692/369/66 1316/142/66 1693/370/66
f 1694/370/66 1695/142/66 1696/143/66
f 1694/370/66 1696/143/66 1697/371/66
f 1698/325/66 1699/322/66 1700/285/66
f 1698/325/66 1700/285/66 1701/369/66
f 1702/371/66 1315/143/66 1306/133/66
f 1702/371/66 1306/133/66 1703/138/66
f 1703/138/66 1306/133/66 1309/134/66
f 1703/138/66 1309/134/66 1689/137/66
f 1704/372/66 1705/375/66 1706/374/66
f 1704/372/66 1706/374/66 1707/373/66
f 1704/372/66 1708/377/66 1709/376/66
f 1704/372/66 1709/376/66 1705/375/66
f 1710/369/69 1711/369/69 1596/325/69
f 1710/369/69 1596/325/69 1595/325/69
f 1712/370/120 1713/370/120 1714/369/120
f 1712/370/120 1714/369/120 1715/369/120
f 1716/138/79 1717/138/79 1718/371/79
f 1716/138/79 1718/371/79 1719/371/79
f 1719/371/79 1718/371/79 1720/370/79
f 1719/371/79 1720/370/79 1721/370/79
f 1722/241/89 1723/379/89 1724/378/89
f 1722/241/89 1724/378/89 1725/240/89
f 1726/111/80 1727/227/80 1728/247/80
f 1726/111/80 1728/247/80 1729/110/80
f 1730/238/88 1731/381/88 1732/380/88
f 1730/238/88 1732/380/88 1733/237/88
f 1734/119/79 1735/120/79 1736/121/79
f 1734/119/79 1736/121/79 1737/122/79
f 1738/123/76 1739/124/76 1740/125/76
f 1738/123/76 1740/125/76 1741/126/76
f 1300/127/79 1742/128/79 1743/129/79
f 1300/127/79 1743/129/79 1301/130/79
f 1744/131/79 1745/132/79 1743/129/79
f 1744/131/79 1743/129/79 1737/122/79
f 1746/133/73 1747/134/73 1748/135/73
f 1746/133/73 1748/135/73 1749/136/73
f 1742/128/79 1734/119/79 1737/122/79
f 1742/128/79 1737/122/79 1743/129/79
f 1750/137/84 1751/138/84 1752/138/84
f 1750/137/84 1752/138/84 1753/137/84
f 1754/139/79 1744/131/79 1737/122/79
f 1754/139/79 1737/122/79 1736/121/79
f 865/140/73 868/141/73 1755/142/73
f 865/140/73 1755/142/73 1756/143/73
f 869/144/73 1746/133/73 1749/136/73
f 869/144/73 1749/136/73 870/145/73
f 1757/146/84 1758/147/84 1759/148/84
f 1757/146/84 1759/148/84 1760/149/84
f 1321/150/79 1745/132/79 1761/151/79
f 1321/150/79 1761/151/79 1322/152/79
f 1744/131/79 1754/139/79 1762/153/79
f 1744/131/79 1762/153/79 1763/154/79
f 1764/155/73 1765/156/73 1766/157/73
f 1764/155/73 1766/157/73 1767/158/73
f 1745/132/79 1744/131/79 1763/154/79
f 1745/132/79 1763/154/79 1761/151/79
f 1765/156/73 883/159/73 882/160/73
f 1765/156/73 882/160/73 1766/157/73
f 1766/157/73 882/160/73 885/161/73
f 1766/157/73 885/161/73 1768/162/73
f 1767/158/73 1766/157/73 1768/162/73
f 1767/158/73 1768/162/73 1769/163/73
f 1770/164/84 1771/165/84 1772/166/84
f 1770/164/84 1772/166/84 1773/167/84
f 1774/168/79 1775/169/79 1776/170/79
f 1774/168/79 1776/170/79 1777/171/79
f 1340/172/79 1778/173/79 1779/174/79
f 1340/172/79 1779/174/79 1341/175/79
f 1780/176/84 1781/177/84 1782/178/84
f 1780/176/84 1782/178/84 1783/179/84
f 901/180/84 1784/176/84 1785/179/84
f 901/180/84 1785/179/84 902/181/84
f 1786/102/76 1787/123/76 1788/126/76
f 1786/102/76 1788/126/76 1789/103/76
f 1790/182/76 1791/183/76 1792/135/76
f 1790/182/76 1792/135/76 1793/134/76
f 1794/184/79 1795/185/79 1796/186/79
f 1794/184/79 1796/186/79 1797/187/79
f 1798/188/84 1799/164/84 1800/167/84
f 1798/188/84 1800/167/84 1801/189/84
f 1802/105/78 1803/190/78 1804/191/78
f 1802/105/78 1804/191/78 1805/102/78
f 1806/190/78 1807/192/78 1808/193/78
s 1
f 1806/190/78 1808/193/78 1809/191/78
s 0
f 1810/194/79 1811/106/79 1812/108/79
f 1810/194/79 1812/108/79 1813/195/79
f 1814/196/73 936/197/73 935/198/73
f 1814/196/73 935/198/73 1815/199/73
f 1816/200/73 1814/196/73 1815/199/73
f 1816/200/73 1815/199/73 1817/201/73
f 373/113/79 1818/145/79 1819/202/79
f 373/113/79 1819/202/79 374/114/79
f 1384/203/79 1820/204/79 1821/205/79
f 1384/203/79 1821/205/79 1385/206/79
f 1822/207/73 1823/208/73 1824/209/73
f 1822/207/73 1824/209/73 1825/210/73
f 1392/211/79 1826/212/79 1827/213/79
f 1392/211/79 1827/213/79 1393/214/79
f 1828/215/79 1774/168/79 1777/171/79
f 1828/215/79 1777/171/79 1829/216/79
f 1830/217/73 1831/218/73 1832/219/73
f 1830/217/73 1832/219/73 1833/220/73
f 1831/218/73 956/221/73 955/222/73
f 1831/218/73 955/222/73 1832/219/73
f 1834/177/84 1835/188/84 1836/189/84
f 1834/177/84 1836/189/84 1837/178/84
f 1775/169/79 1838/217/79 1839/220/79
f 1775/169/79 1839/220/79 1776/170/79
f 1840/223/121 1841/201/121 1842/199/121
f 1840/223/121 1842/199/121 1843/224/121
s 1
f 1844/225/180 1845/226/181 1846/111/181
f 1844/225/180 1846/111/181 1847/227/181
s 0
f 1416/228/84 1848/225/84 1849/227/84
f 1416/228/84 1849/227/84 1417/229/84
f 1850/230/124 1851/223/124 1852/224/124
f 1850/230/124 1852/224/124 1853/231/124
f 1424/232/84 1854/233/84 977/234/84
f 1424/232/84 977/234/84 529/235/84
f 1855/236/124 1856/237/124 1857/238/124
f 1855/236/124 1857/238/124 1858/239/124
f 1859/233/125 1860/240/125 1861/241/125
f 1859/233/125 1861/241/125 1862/234/125
f 1863/224/121 1864/199/121 989/198/121
f 1863/224/121 989/198/121 988/242/121
f 1865/243/84 1439/244/84 1438/245/84
f 1865/243/84 1438/245/84 1866/246/84
f 1867/247/68 1443/248/68 1442/229/68
f 1867/247/68 1442/229/68 1868/227/68
f 1869/249/83 1870/118/83 1871/111/83
f 1869/249/83 1871/111/83 1872/250/83
f 1873/251/126 1874/249/126 1875/250/126
f 1873/251/126 1875/250/126 1876/252/126
f 1877/165/84 1878/146/84 1879/149/84
f 1877/165/84 1879/149/84 1880/253/84
f 1881/254/128 1882/255/128 1883/253/128
s 1
f 1881/254/182 1883/253/182 1884/149/182
f 1885/256/183 1886/257/183 1887/214/183
s 0
f 1885/256/156 1887/214/156 1888/213/156
s 1
f 1889/258/184 1890/259/185 1891/170/186
f 1889/258/184 1891/170/186 1892/220/187
f 1893/259/188 1894/260/189 1895/171/190
f 1893/259/188 1895/171/190 1896/170/191
f 1897/220/192 1898/219/192 1899/261/193
f 1897/220/192 1899/261/193 1900/262/192
s 0
f 1901/219/141 1902/222/141 1903/263/141
f 1901/219/194 1903/263/194 1904/261/194
f 1905/260/169 1906/264/169 1907/216/169
f 1905/260/156 1907/216/156 1908/171/156
f 1909/265/73 1910/266/73 1911/267/73
f 1909/265/73 1911/267/73 1912/268/73
f 1913/269/79 1914/270/79 1915/271/79
f 1913/269/79 1915/271/79 1916/272/79
f 372/112/79 1917/273/79 1918/274/79
f 372/112/79 1918/274/79 373/113/79
f 1917/273/79 1913/269/79 1916/272/79
f 1917/273/79 1916/272/79 1918/274/79
f 1919/275/79 1920/276/79 374/114/79
f 1919/275/79 374/114/79 1921/277/79
f 1914/270/79 1919/275/79 1921/277/79
f 1914/270/79 1921/277/79 1915/271/79
f 1922/278/76 1923/279/76 1924/270/76
f 1922/278/76 1924/270/76 1925/269/76
f 1926/280/78 1927/281/78 1928/273/78
f 1926/280/78 1928/273/78 1929/276/78
f 1930/281/78 1931/278/78 1932/269/78
f 1930/281/78 1932/269/78 1933/273/78
f 1934/279/195 1935/282/195 1936/275/195
f 1934/279/195 1936/275/195 1937/270/195
f 1938/282/196 1939/280/196 1940/276/196
f 1938/282/196 1940/276/196 1941/275/196
f 1942/283/73 1943/284/73 1944/285/73
f 1942/283/73 1944/285/73 1755/142/73
f 1078/286/73 1942/283/73 1755/142/73
f 1078/286/73 1755/142/73 868/141/73
f 1945/287/73 1946/288/73 1947/289/73
f 1945/287/73 1947/289/73 1948/290/73
f 1946/288/73 1949/291/73 1950/292/73
f 1946/288/73 1950/292/73 1947/289/73
f 1949/291/73 1086/293/73 1085/294/73
f 1949/291/73 1085/294/73 1950/292/73
f 1943/284/73 1945/287/73 1948/290/73
f 1943/284/73 1948/290/73 1944/285/73
f 1951/295/144 1952/296/144 1953/284/144
f 1951/295/144 1953/284/144 1954/283/144
s 1
f 1091/297/144 1955/295/144 1956/283/144
f 1091/297/144 1956/283/144 1092/286/144
s 0
f 1957/298/74 1958/299/74 1959/288/74
f 1957/298/74 1959/288/74 1960/287/74
f 1961/299/145 1962/300/145 1963/291/145
f 1961/299/145 1963/291/145 1964/288/145
s 1
f 1965/300/145 1106/301/145 1105/293/145
f 1965/300/145 1105/293/145 1966/291/145
s 0
f 1967/296/74 1968/298/74 1969/287/74
f 1967/296/74 1969/287/74 1970/284/74
f 1971/302/71 1972/303/71 1973/185/71
f 1971/302/71 1973/185/71 1974/184/71
f 1975/304/79 1976/305/79 1977/306/79
f 1975/304/79 1977/306/79 1978/307/79
f 1976/305/79 1794/184/79 1797/187/79
f 1976/305/79 1797/187/79 1977/306/79
f 1979/308/79 1980/309/79 1981/183/79
f 1979/308/79 1981/183/79 1982/182/79
f 1565/310/79 1983/311/79 1778/173/79
f 1565/310/79 1778/173/79 1340/172/79
f 1983/311/79 1975/304/79 1978/307/79
f 1983/311/79 1978/307/79 1778/173/79
f 1984/312/76 1985/313/76 1986/314/76
f 1984/312/76 1986/314/76 1987/315/76
s 1
f 1988/316/172 1989/317/172 1990/305/172
f 1988/316/172 1990/305/172 1991/304/172
s 0
f 1992/317/71 1971/302/71 1974/184/71
f 1992/317/71 1974/184/71 1993/305/71
f 1994/318/71 1995/319/71 1996/309/71
f 1994/318/71 1996/309/71 1997/308/71
f 1581/320/172 1998/321/172 1999/311/172
f 1581/320/172 1999/311/172 1582/310/172
f 2000/321/172 2001/316/172 2002/304/172
f 2000/321/172 2002/304/172 2003/311/172
f 1972/303/71 1994/318/71 1997/308/71
f 1972/303/71 1997/308/71 1973/185/71
f 1795/185/79 1979/308/79 1982/182/79
f 1795/185/79 1982/182/79 1796/186/79
s 1
f 2004/186/76 2005/182/76 2006/134/76
f 2004/186/76 2006/134/76 2007/322/76
s 0
f 2008/323/79 2009/324/79 1734/119/79
f 2008/323/79 1734/119/79 1742/128/79
f 2010/325/69 2011/137/69 2012/137/69
f 2010/325/69 2012/137/69 2013/325/69
f 1599/326/79 2008/323/79 1742/128/79
f 1599/326/79 1742/128/79 1300/127/79
f 2009/324/79 2014/327/79 1735/120/79
f 2009/324/79 1735/120/79 1734/119/79
f 2015/328/145 2016/329/145 2017/330/145
f 2015/328/145 2017/330/145 2018/331/145
f 2019/332/74 2020/328/74 2021/331/74
f 2019/332/74 2021/331/74 2022/333/74
f 2023/334/145 1166/335/145 1165/140/145
f 2023/334/145 1165/140/145 2024/143/145
f 2025/336/74 2026/334/74 2027/143/74
f 2025/336/74 2027/143/74 2028/133/74
f 1171/337/145 2029/338/145 2030/339/145
f 1171/337/145 2030/339/145 1172/340/145
s 1
f 2031/338/74 2032/115/74 2033/117/74
s 0
f 2031/338/74 2033/117/74 2034/339/74
s 1
f 2035/331/197 2036/330/197 2037/341/197
f 2035/331/197 2037/341/197 2038/342/197
f 2039/333/198 2040/331/199 2041/342/199
f 2039/333/198 2041/342/199 2042/343/198
f 2043/329/200 2044/328/201 2045/344/201
f 2043/329/200 2045/344/201 2046/345/200
f 2047/328/202 2048/332/202 2049/346/202
f 2047/328/202 2049/346/202 2050/344/202
s 0
f 2051/332/203 2052/333/203 2053/343/203
f 2051/332/203 2053/343/203 2054/346/203
f 2055/347/74 2056/348/74 2057/336/74
s 1
f 2055/347/74 2057/336/74 2058/133/74
s 0
f 2059/349/76 2060/350/76 2061/351/76
f 2059/349/76 2061/351/76 2062/352/76
f 2063/353/78 2064/354/78 2065/355/78
f 2063/353/78 2065/355/78 2066/356/78
s 1
f 2067/357/78 2068/358/78 2069/359/78
s 0
f 2067/357/78 2069/359/78 2070/360/78
f 1745/132/79 1321/150/79 1301/130/79
f 1745/132/79 1301/130/79 1743/129/79
f 2071/361/78 2072/357/78 2073/360/78
f 2071/361/78 2073/360/78 2074/362/78
f 2075/350/76 2076/312/76 2077/315/76
f 2075/350/76 2077/315/76 2078/351/76
f 2079/358/76 2080/363/76 2081/364/76
f 2079/358/76 2081/364/76 2082/359/76
f 2083/313/76 2084/353/76 2085/356/76
f 2083/313/76 2085/356/76 2086/314/76
f 2087/365/78 2088/361/78 2089/362/78
f 2087/365/78 2089/362/78 2090/366/78
f 2091/363/76 2092/349/76 2093/352/76
f 2091/363/76 2093/352/76 2094/364/76
f 2095/367/78 2096/365/78 2097/366/78
f 2095/367/78 2097/366/78 2098/368/78
f 2099/354/78 2100/367/78 2101/368/78
f 2099/354/78 2101/368/78 2102/355/78
f 2103/137/73 2104/325/73 2105/322/73
f 2103/137/73 2105/322/73 1747/134/73
f 2106/369/73 2107/370/73 1755/142/73
f 2106/369/73 1755/142/73 1944/285/73
f 2108/370/73 2109/371/73 2110/143/73
f 2108/370/73 2110/143/73 2111/142/73
f 2112/325/73 2113/369/73 2114/285/73
f 2112/325/73 2114/285/73 2115/322/73
f 2116/371/73 2117/138/73 1746/133/73
f 2116/371/73 1746/133/73 1756/143/73
f 2117/138/73 2103/137/73 1747/134/73
f 2117/138/73 1747/134/73 1746/133/73
f 2118/372/73 2119/373/73 2120/374/73
f 2118/372/73 2120/374/73 2121/375/73
f 2118/372/73 2121/375/73 2122/376/73
f 2118/372/73 2122/376/73 2123/377/73
f 2124/369/69 2010/325/69 2013/325/69
f 2124/369/69 2013/325/69 2125/369/69
f 2126/370/120 2127/369/120 2128/369/120
f 2126/370/120 2128/369/120 2129/370/120
f 2130/138/79 2131/371/79 2132/371/79
f 2130/138/79 2132/371/79 2133/138/79
f 2131/371/79 2134/370/79 2135/370/79
f 2131/371/79 2135/370/79 2132/371/79
f 2136/241/125 2137/240/125 2138/378/125
f 2136/241/125 2138/378/125 2139/379/125
f 2140/111/82 2141/110/82 2142/247/82
f 2140/111/82 2142/247/82 2143/227/82
f 2144/238/124 2145/237/124 2146/380/124
f 2144/238/124 2146/380/124 2147/381/124
f 2150/382/84 2148/383/84 2149/384/84
f 2148/383/84 2150/382/84 2152/385/84
f 2152/385/84 2150/382/84 2151/386/84
f 2156/382/84 2154/385/84 2155/386/84
f 2154/385/84 2156/382/84 2153/383/84
f 2153/383/84 2156/382/84 2157/384/84
f 2159/385/84 2162/384/84 2158/383/84
f 2162/384/84 2159/385/84 2161/382/84
f 2161/382/84 2159/385/84 2160/386/84
f 2163/383/84 2166/386/84 2167/385/84
f 2166/386/84 2163/383/84 2165/382/84
f 2165/382/84 2163/383/84 2164/384/84
o DrinkFactory_Cylinders_Placeable_0
v 4.000001 1.000002 6.000002
v 4.000001 5.000001 6.000001
v 5.530734 5.000001 6.304482
v 5.530734 1.000002 6.304483
v 5.530734 1.000002 6.304483
v 5.530734 5.000001 6.304482
v 6.828427 5.000002 7.171575
v 6.828427 1.000002 7.171576
v 6.828427 1.000002 7.171576
v 6.828427 5.000002 7.171575
v 7.695519 5.000002 8.469265
v 7.695519 1.000003 8.469267
v 7.695519 1.000003 8.469267
v 7.695519 5.000002 8.469265
v 8.000001 5.000002 10.000000
v 8.000001 1.000003 10.000002
v 8.000001 1.000003 10.000002
v 8.000001 5.000002 10.000000
v 7.695519 5.000003 11.530735
v 7.695519 1.000003 11.530737
v 7.695519 1.000003 11.530737
v 7.695519 5.000003 11.530735
v 6.828427 5.000003 12.828426
v 6.828427 1.000004 12.828428
v 6.828427 1.000004 12.828428
v 6.828427 5.000003 12.828426
v 5.530734 5.000004 13.695518
v 5.530734 1.000004 13.695520
v 5.530734 1.000004 13.695520
v 5.530734 5.000004 13.695518
v 4.000001 5.000004 14.000000
v 4.000001 1.000004 14.000002
v 4.000001 1.000004 14.000002
v 4.000001 5.000004 14.000000
v 2.469268 5.000004 13.695518
v 2.469268 1.000004 13.695520
v 2.469268 1.000004 13.695520
v 2.469268 5.000004 13.695518
v 1.171574 5.000003 12.828426
v 1.171574 1.000004 12.828428
v 1.171574 1.000004 12.828428
v 1.171574 5.000003 12.828426
v 0.304482 5.000003 11.530735
v 0.304482 1.000003 11.530737
v 0.304482 1.000003 11.530737
v 0.304482 5.000003 11.530735
v 0.000000 5.000002 10.000000
v 0.000000 1.000003 10.000002
v 0.000000 1.000003 10.000002
v 0.000000 5.000002 10.000000
v 0.304483 5.000002 8.469265
v 0.304483 1.000003 8.469267
v 0.304483 1.000003 8.469267
v 0.304483 5.000002 8.469265
v 1.171574 5.000002 7.171575
v 1.171574 1.000002 7.171576
v 2.664358 5.500003 13.224528
v 4.000001 5.500004 13.490205
v 4.000001 11.500003 13.490203
v 2.664358 11.500003 13.224526
v 1.171574 1.000002 7.171576
v 1.171574 5.000002 7.171575
v 2.469269 5.000001 6.304482
v 2.469269 1.000002 6.304483
v 2.469269 1.000002 6.304483
v 2.469269 5.000001 6.304482
v 4.000001 5.000001 6.000001
v 4.000001 1.000002 6.000002
v 4.000001 5.500001 6.509797
v 5.335644 5.500001 6.775472
v 5.530734 5.000001 6.304482
v 4.000001 5.000001 6.000001
v 5.335644 5.500001 6.775472
v 6.467947 5.500002 7.532054
v 6.828427 5.000002 7.171575
v 5.530734 5.000001 6.304482
v 6.467947 5.500002 7.532054
v 7.224530 5.500002 8.664355
v 7.695519 5.000002 8.469265
v 6.828427 5.000002 7.171575
v 7.224530 5.500002 8.664355
v 7.490205 5.500002 10.000000
v 8.000001 5.000002 10.000000
v 7.695519 5.000002 8.469265
v 7.490205 5.500002 10.000000
v 7.224530 5.500003 11.335645
v 7.695519 5.000003 11.530735
v 8.000001 5.000002 10.000000
v 7.224530 5.500003 11.335645
v 6.467947 5.500003 12.467946
v 6.828427 5.000003 12.828426
v 7.695519 5.000003 11.530735
v 6.467947 5.500003 12.467946
v 5.335644 5.500003 13.224528
v 5.530734 5.000004 13.695518
v 6.828427 5.000003 12.828426
v 5.335644 5.500003 13.224528
v 4.000001 5.500004 13.490205
v 4.000001 5.000004 14.000000
v 5.530734 5.000004 13.695518
v 4.000001 5.500004 13.490205
v 2.664358 5.500003 13.224528
v 2.469268 5.000004 13.695518
v 4.000001 5.000004 14.000000
v 2.664358 5.500003 13.224528
v 1.532054 5.500003 12.467946
v 1.171574 5.000003 12.828426
v 2.469268 5.000004 13.695518
v 1.532054 5.500003 12.467946
v 0.775472 5.500003 11.335645
v 0.304482 5.000003 11.530735
v 1.171574 5.000003 12.828426
v 0.775472 5.500003 11.335645
v 0.509796 5.500002 10.000000
v 0.000000 5.000002 10.000000
v 0.304482 5.000003 11.530735
v 0.509796 5.500002 10.000000
v 0.775473 5.500002 8.664355
v 0.304483 5.000002 8.469265
v 0.000000 5.000002 10.000000
v 0.775473 5.500002 8.664355
v 1.532054 5.500002 7.532054
v 1.171574 5.000002 7.171575
v 0.304483 5.000002 8.469265
v 1.532054 5.500002 7.532054
v 2.664359 5.500001 6.775472
v 2.469269 5.000001 6.304482
v 1.171574 5.000002 7.171575
v 2.664359 5.500001 6.775472
v 4.000001 5.500001 6.509797
v 4.000001 5.000001 6.000001
v 2.469269 5.000001 6.304482
v 1.529388 12.500002 9.999998
v 1.717452 12.500002 10.945461
v 1.717452 13.500002 10.945461
v 1.529388 13.500002 9.999998
v 6.467947 5.500002 7.532054
v 5.335644 5.500001 6.775472
v 5.335644 11.500001 6.775470
v 6.467947 11.500001 7.532053
v 1.532054 5.500003 12.467946
v 2.664358 5.500003 13.224528
v 2.664358 11.500003 13.224526
v 1.532054 11.500003 12.467944
v 7.224530 5.500002 8.664355
v 6.467947 5.500002 7.532054
v 6.467947 11.500001 7.532053
v 7.224530 11.500002 8.664353
v 0.775472 5.500003 11.335645
v 1.532054 5.500003 12.467946
v 1.532054 11.500003 12.467944
v 0.775472 11.500003 11.335643
v 7.490205 5.500002 10.000000
v 7.224530 5.500002 8.664355
v 7.224530 11.500002 8.664353
v 7.490205 11.500002 9.999998
v 0.509796 5.500002 10.000000
v 0.775472 5.500003 11.335645
v 0.775472 11.500003 11.335643
v 0.509797 11.500002 9.999998
v 7.224530 5.500003 11.335645
v 7.490205 5.500002 10.000000
v 7.490205 11.500002 9.999998
v 7.224530 11.500003 11.335643
v 0.775473 5.500002 8.664355
v 0.509796 5.500002 10.000000
v 0.509797 11.500002 9.999998
v 0.775473 11.500002 8.664353
v 6.467947 5.500003 12.467946
v 7.224530 5.500003 11.335645
v 7.224530 11.500003 11.335643
v 6.467947 11.500003 12.467944
v 1.532054 5.500002 7.532054
v 0.775473 5.500002 8.664355
v 0.775473 11.500002 8.664353
v 1.532054 11.500001 7.532053
v 5.335644 5.500003 13.224528
v 6.467947 5.500003 12.467946
v 6.467947 11.500003 12.467944
v 5.335644 11.500003 13.224526
v 2.664359 5.500001 6.775472
v 1.532054 5.500002 7.532054
v 1.532054 11.500001 7.532053
v 2.664359 11.500001 6.775470
v 4.000001 5.500004 13.490205
v 5.335644 5.500003 13.224528
v 5.335644 11.500003 13.224526
v 4.000001 11.500003 13.490203
v 5.335644 5.500001 6.775472
v 4.000001 5.500001 6.509797
v 4.000001 11.500001 6.509795
v 5.335644 11.500001 6.775470
v 4.000001 5.500001 6.509797
v 2.664359 5.500001 6.775472
v 2.664359 11.500001 6.775470
v 4.000001 11.500001 6.509795
v 4.000001 12.500001 7.529385
v 4.945463 12.500001 7.717449
v 5.335644 11.500001 6.775470
v 4.000001 11.500001 6.509795
v 4.945463 12.500001 7.717449
v 5.746988 12.500002 8.253012
v 6.467947 11.500001 7.532053
v 5.335644 11.500001 6.775470
v 5.746988 12.500002 8.253012
v 6.282550 12.500002 9.054535
v 7.224530 11.500002 8.664353
v 6.467947 11.500001 7.532053
v 6.282550 12.500002 9.054535
v 6.470614 12.500002 9.999998
v 7.490205 11.500002 9.999998
v 7.224530 11.500002 8.664353
v 6.470614 12.500002 9.999998
v 6.282550 12.500002 10.945461
v 7.224530 11.500003 11.335643
v 7.490205 11.500002 9.999998
v 6.282550 12.500002 10.945461
v 5.746988 12.500003 11.746984
v 6.467947 11.500003 12.467944
v 7.224530 11.500003 11.335643
v 5.746988 12.500003 11.746984
v 4.945463 12.500003 12.282547
v 5.335644 11.500003 13.224526
v 6.467947 11.500003 12.467944
v 4.945463 12.500003 12.282547
v 4.000001 12.500003 12.470612
v 4.000001 11.500003 13.490203
v 5.335644 11.500003 13.224526
v 4.000001 12.500003 12.470612
v 3.054539 12.500003 12.282547
v 2.664358 11.500003 13.224526
v 4.000001 11.500003 13.490203
v 3.054539 12.500003 12.282547
v 2.253013 12.500003 11.746984
v 1.532054 11.500003 12.467944
v 2.664358 11.500003 13.224526
v 2.253013 12.500003 11.746984
v 1.717452 12.500002 10.945461
v 0.775472 11.500003 11.335643
v 1.532054 11.500003 12.467944
v 1.717452 12.500002 10.945461
v 1.529388 12.500002 9.999998
v 0.509797 11.500002 9.999998
v 0.775472 11.500003 11.335643
v 1.529388 12.500002 9.999998
v 1.717452 12.500002 9.054535
v 0.775473 11.500002 8.664353
v 0.509797 11.500002 9.999998
v 1.717452 12.500002 9.054535
v 2.253014 12.500002 8.253012
v 1.532054 11.500001 7.532053
v 0.775473 11.500002 8.664353
v 2.253014 12.500002 8.253012
v 3.054540 12.500001 7.717449
v 2.664359 11.500001 6.775470
v 1.532054 11.500001 7.532053
v 3.054540 12.500001 7.717449
v 4.000001 12.500001 7.529385
v 4.000001 11.500001 6.509795
v 2.664359 11.500001 6.775470
v 5.746988 14.500002 8.253011
v 4.945463 14.500001 7.717449
v 4.472732 14.500002 8.858723
v 4.873495 14.500002 9.126504
v 6.282550 12.500002 10.945461
v 6.470614 12.500002 9.999998
v 6.470614 13.500002 9.999998
v 6.282550 13.500002 10.945461
v 1.717452 12.500002 9.054535
v 1.529388 12.500002 9.999998
v 1.529388 13.500002 9.999998
v 1.717452 13.500002 9.054535
v 5.746988 12.500003 11.746984
v 6.282550 12.500002 10.945461
v 6.282550 13.500002 10.945461
v 5.746988 13.500003 11.746984
v 2.253014 12.500002 8.253012
v 1.717452 12.500002 9.054535
v 1.717452 13.500002 9.054535
v 2.253014 13.500002 8.253012
v 4.945463 12.500003 12.282547
v 5.746988 12.500003 11.746984
v 5.746988 13.500003 11.746984
v 4.945463 13.500003 12.282547
v 3.054540 12.500001 7.717449
v 2.253014 12.500002 8.253012
v 2.253014 13.500002 8.253012
v 3.054540 13.500001 7.717449
v 4.000001 12.500003 12.470612
v 4.945463 12.500003 12.282547
v 4.945463 13.500003 12.282547
v 4.000001 13.500003 12.470612
v 4.945463 12.500001 7.717449
v 4.000001 12.500001 7.529385
v 4.000001 13.500001 7.529385
v 4.945463 13.500001 7.717449
v 4.000001 12.500001 7.529385
v 3.054540 12.500001 7.717449
v 3.054540 13.500001 7.717449
v 4.000001 13.500001 7.529385
v 3.054539 12.500003 12.282547
v 4.000001 12.500003 12.470612
v 4.000001 13.500003 12.470612
v 3.054539 13.500003 12.282547
v 5.746988 12.500002 8.253012
v 4.945463 12.500001 7.717449
v 4.945463 13.500001 7.717449
v 5.746988 13.500002 8.253012
v 2.253013 12.500003 11.746984
v 3.054539 12.500003 12.282547
v 3.054539 13.500003 12.282547
v 2.253013 13.500003 11.746984
v 6.282550 12.500002 9.054535
v 5.746988 12.500002 8.253012
v 5.746988 13.500002 8.253012
v 6.282550 13.500002 9.054535
v 1.717452 12.500002 10.945461
v 2.253013 12.500003 11.746984
v 2.253013 13.500003 11.746984
v 1.717452 13.500002 10.945461
v 6.470614 12.500002 9.999998
v 6.282550 12.500002 9.054535
v 6.282550 13.500002 9.054535
v 6.470614 13.500002 9.999998
v 2.858727 14.500002 9.527266
v 2.764695 14.500002 9.999997
v 2.764695 15.000002 9.999997
v 2.858727 15.000002 9.527266
v 2.253014 14.500003 11.746984
v 3.054539 14.500003 12.282546
v 3.527270 14.500003 11.141272
v 3.126507 14.500002 10.873490
v 6.282550 14.500002 9.054534
v 5.746988 14.500002 8.253011
v 4.873495 14.500002 9.126504
v 5.141276 14.500002 9.527266
v 1.717452 14.500002 10.945460
v 2.253014 14.500003 11.746984
v 3.126507 14.500002 10.873490
v 2.858727 14.500002 10.472729
v 6.470614 14.500002 9.999997
v 6.282550 14.500002 9.054534
v 5.141276 14.500002 9.527266
v 5.235308 14.500002 9.999997
v 1.529388 14.500002 9.999997
v 1.717452 14.500002 10.945460
v 2.858727 14.500002 10.472729
v 2.764695 14.500002 9.999997
v 6.282550 14.500002 10.945460
v 5.141276 14.500002 10.472729
v 1.717452 14.500002 9.054534
v 2.858727 14.500002 9.527266
v 5.746988 14.500003 11.746984
v 4.873495 14.500002 10.873490
v 2.253014 14.500002 8.253011
v 3.126508 14.500002 9.126504
v 4.945463 14.500003 12.282546
v 5.746988 14.500003 11.746984
v 4.873495 14.500002 10.873490
v 4.472732 14.500003 11.141272
v 3.054540 14.500001 7.717449
v 2.253014 14.500002 8.253011
v 3.126508 14.500002 9.126504
v 3.527271 14.500002 8.858723
v 4.000001 14.500003 12.470611
v 4.945463 14.500003 12.282546
v 4.472732 14.500003 11.141272
v 4.000001 14.500003 11.235304
v 4.945463 14.500001 7.717449
v 4.000001 14.500001 7.529385
v 4.000001 14.500002 8.764690
v 4.472732 14.500002 8.858723
v 4.000001 14.500001 7.529385
v 3.054540 14.500001 7.717449
v 3.527271 14.500002 8.858723
v 4.000001 14.500002 8.764690
v 3.054539 14.500003 12.282546
v 3.527270 14.500003 11.141272
v 4.000001 13.500001 7.019589
v 5.140553 13.500001 7.246459
v 4.945463 13.500001 7.717449
v 4.000001 13.500001 7.529385
v 5.140553 13.500001 7.246459
v 6.107468 13.500002 7.892532
v 5.746988 13.500002 8.253012
v 4.945463 13.500001 7.717449
v 6.107468 13.500002 7.892532
v 6.753540 13.500002 8.859445
v 6.282550 13.500002 9.054535
v 5.746988 13.500002 8.253012
v 6.753540 13.500002 8.859445
v 6.980410 13.500002 9.999998
v 6.470614 13.500002 9.999998
v 6.282550 13.500002 9.054535
v 6.980410 13.500002 9.999998
v 6.753540 13.500003 11.140552
v 6.282550 13.500002 10.945461
v 6.470614 13.500002 9.999998
v 6.753540 13.500003 11.140552
v 6.107468 13.500003 12.107465
v 5.746988 13.500003 11.746984
v 6.282550 13.500002 10.945461
v 6.107468 13.500003 12.107465
v 5.140553 13.500003 12.753536
v 4.945463 13.500003 12.282547
v 5.746988 13.500003 11.746984
v 5.140553 13.500003 12.753536
v 4.000001 13.500003 12.980407
v 4.000001 13.500003 12.470612
v 4.945463 13.500003 12.282547
v 4.000001 13.500003 12.980407
v 2.859449 13.500003 12.753536
v 3.054539 13.500003 12.282547
v 4.000001 13.500003 12.470612
v 2.859449 13.500003 12.753536
v 1.892534 13.500003 12.107465
v 2.253013 13.500003 11.746984
v 3.054539 13.500003 12.282547
v 1.892534 13.500003 12.107465
v 1.246462 13.500003 11.140552
v 1.717452 13.500002 10.945461
v 2.253013 13.500003 11.746984
v 1.246462 13.500003 11.140552
v 1.019592 13.500002 9.999998
v 1.529388 13.500002 9.999998
v 1.717452 13.500002 10.945461
v 1.019592 13.500002 9.999998
v 1.246463 13.500002 8.859445
v 1.717452 13.500002 9.054535
v 1.529388 13.500002 9.999998
v 1.246463 13.500002 8.859445
v 1.892534 13.500002 7.892532
v 2.253014 13.500002 8.253012
v 1.717452 13.500002 9.054535
v 1.892534 13.500002 7.892532
v 2.859449 13.500001 7.246459
v 3.054540 13.500001 7.717449
v 2.253014 13.500002 8.253012
v 2.859449 13.500001 7.246459
v 4.000001 13.500001 7.019589
v 4.000001 13.500001 7.529385
v 3.054540 13.500001 7.717449
v 6.107468 13.500002 7.892532
v 5.140553 13.500001 7.246459
v 5.140553 14.000001 7.246459
v 6.107468 14.000002 7.892532
v 4.000001 13.500001 7.019589
v 2.859449 13.500001 7.246459
v 2.859449 14.000001 7.246459
v 4.000001 14.000001 7.019589
v 6.980410 13.500002 9.999998
v 6.753540 13.500002 8.859445
v 6.753540 14.000002 8.859445
v 6.980410 14.000002 9.999998
v 6.753540 13.500003 11.140552
v 6.980410 13.500002 9.999998
v 6.980410 14.000002 9.999998
v 6.753540 14.000003 11.140552
v 6.107468 13.500003 12.107465
v 6.753540 13.500003 11.140552
v 6.753540 14.000003 11.140552
v 6.107468 14.000003 12.107465
v 5.140553 13.500003 12.753536
v 6.107468 13.500003 12.107465
v 6.107468 14.000003 12.107465
v 5.140553 14.000003 12.753536
v 4.000001 13.500003 12.980407
v 5.140553 13.500003 12.753536
v 5.140553 14.000003 12.753536
v 4.000001 14.000003 12.980407
v 2.859449 13.500003 12.753536
v 4.000001 13.500003 12.980407
v 4.000001 14.000003 12.980407
v 2.859449 14.000003 12.753536
v 1.892534 13.500003 12.107465
v 2.859449 13.500003 12.753536
v 2.859449 14.000003 12.753536
v 1.892534 14.000003 12.107465
v 1.246462 13.500003 11.140552
v 1.892534 13.500003 12.107465
v 1.892534 14.000003 12.107465
v 1.246462 14.000003 11.140552
v 1.019592 13.500002 9.999998
v 1.246462 13.500003 11.140552
v 1.246462 14.000003 11.140552
v 1.019592 14.000002 9.999998
v 1.246463 13.500002 8.859445
v 1.019592 13.500002 9.999998
v 1.019592 14.000002 9.999998
v 1.246463 14.000002 8.859445
v 1.892534 13.500002 7.892532
v 1.246463 13.500002 8.859445
v 1.246463 14.000002 8.859445
v 1.892534 14.000002 7.892532
v 2.859449 13.500001 7.246459
v 1.892534 13.500002 7.892532
v 1.892534 14.000002 7.892532
v 2.859449 14.000001 7.246459
v 6.753540 13.500002 8.859445
v 6.107468 13.500002 7.892532
v 6.107468 14.000002 7.892532
v 6.753540 14.000002 8.859445
v 5.140553 14.000001 7.246459
v 4.000001 14.000001 7.019589
v 4.000001 14.500001 7.529385
v 4.945463 14.500001 7.717449
v 6.107468 14.000002 7.892532
v 5.140553 14.000001 7.246459
v 4.945463 14.500001 7.717449
v 5.746988 14.500002 8.253011
v 6.753540 14.000002 8.859445
v 6.107468 14.000002 7.892532
v 5.746988 14.500002 8.253011
v 6.282550 14.500002 9.054534
v 6.980410 14.000002 9.999998
v 6.753540 14.000002 8.859445
v 6.282550 14.500002 9.054534
v 6.470614 14.500002 9.999997
v 6.753540 14.000003 11.140552
v 6.980410 14.000002 9.999998
v 6.470614 14.500002 9.999997
v 6.282550 14.500002 10.945460
v 6.107468 14.000003 12.107465
v 6.753540 14.000003 11.140552
v 6.282550 14.500002 10.945460
v 5.746988 14.500003 11.746984
v 5.140553 14.000003 12.753536
v 6.107468 14.000003 12.107465
v 5.746988 14.500003 11.746984
v 4.945463 14.500003 12.282546
v 4.000001 14.000003 12.980407
v 5.140553 14.000003 12.753536
v 4.945463 14.500003 12.282546
v 4.000001 14.500003 12.470611
v 2.859449 14.000003 12.753536
v 4.000001 14.000003 12.980407
v 4.000001 14.500003 12.470611
v 3.054539 14.500003 12.282546
v 1.892534 14.000003 12.107465
v 2.859449 14.000003 12.753536
v 3.054539 14.500003 12.282546
v 2.253014 14.500003 11.746984
v 1.246462 14.000003 11.140552
v 1.892534 14.000003 12.107465
v 2.253014 14.500003 11.746984
v 1.717452 14.500002 10.945460
v 1.019592 14.000002 9.999998
v 1.246462 14.000003 11.140552
v 1.717452 14.500002 10.945460
v 1.529388 14.500002 9.999997
v 1.246463 14.000002 8.859445
v 1.019592 14.000002 9.999998
v 1.529388 14.500002 9.999997
v 1.717452 14.500002 9.054534
v 1.892534 14.000002 7.892532
v 1.246463 14.000002 8.859445
v 1.717452 14.500002 9.054534
v 2.253014 14.500002 8.253011
v 2.859449 14.000001 7.246459
v 1.892534 14.000002 7.892532
v 2.253014 14.500002 8.253011
v 3.054540 14.500001 7.717449
v 4.000001 14.000001 7.019589
v 2.859449 14.000001 7.246459
v 3.054540 14.500001 7.717449
v 4.000001 14.500001 7.529385
v 5.140553 13.500001 7.246459
v 4.000001 13.500001 7.019589
v 4.000001 14.000001 7.019589
v 5.140553 14.000001 7.246459
v 4.873495 14.500002 10.873490
v 5.141276 14.500002 10.472729
v 5.141276 15.000002 10.472729
v 4.873495 15.000002 10.873490
v 3.126508 14.500002 9.126504
v 2.858727 14.500002 9.527266
v 2.858727 15.000002 9.527266
v 3.126508 15.000002 9.126504
v 4.472732 14.500003 11.141272
v 4.873495 14.500002 10.873490
v 4.873495 15.000002 10.873490
v 4.472732 15.000003 11.141272
v 3.527271 14.500002 8.858723
v 3.126508 14.500002 9.126504
v 3.126508 15.000002 9.126504
v 3.527271 15.000002 8.858723
v 4.000001 14.500003 11.235304
v 4.472732 14.500003 11.141272
v 4.472732 15.000003 11.141272
v 4.000001 15.000003 11.235304
v 4.472732 14.500002 8.858723
v 4.000001 14.500002 8.764690
v 4.000001 15.000002 8.764690
v 4.472732 15.000002 8.858723
v 4.000001 14.500002 8.764690
v 3.527271 14.500002 8.858723
v 3.527271 15.000002 8.858723
v 4.000001 15.000002 8.764690
v 3.527270 14.500003 11.141272
v 4.000001 14.500003 11.235304
v 4.000001 15.000003 11.235304
v 3.527270 15.000003 11.141272
v 4.873495 14.500002 9.126504
v 4.472732 14.500002 8.858723
v 4.472732 15.000002 8.858723
v 4.873495 15.000002 9.126504
v 3.126507 14.500002 10.873490
v 3.527270 14.500003 11.141272
v 3.527270 15.000003 11.141272
v 3.126507 15.000002 10.873490
v 5.141276 14.500002 9.527266
v 4.873495 14.500002 9.126504
v 4.873495 15.000002 9.126504
v 5.141276 15.000002 9.527266
v 2.858727 14.500002 10.472729
v 3.126507 14.500002 10.873490
v 3.126507 15.000002 10.873490
v 2.858727 15.000002 10.472729
v 5.235308 14.500002 9.999997
v 5.141276 14.500002 9.527266
v 5.141276 15.000002 9.527266
v 5.235308 15.000002 9.999997
v 2.764695 14.500002 9.999997
v 2.858727 14.500002 10.472729
v 2.858727 15.000002 10.472729
v 2.764695 15.000002 9.999997
v 5.141276 14.500002 10.472729
v 5.235308 14.500002 9.999997
v 5.235308 15.000002 9.999997
v 5.141276 15.000002 10.472729
v 3.414214 2.999997 -9.414210
v 4.000001 2.999997 -7.999998
v 4.000001 0.999997 -7.999997
v 3.414214 0.999997 -9.414209
v 1.382348 7.749996 -11.999998
v 1.563254 7.749996 -11.563251
v 1.563254 7.999996 -11.563252
v 1.382348 7.999996 -11.999999
v 4.000001 2.999997 -7.999998
v 3.414214 2.999998 -6.585784
v 3.414214 0.999998 -6.585784
v 4.000001 0.999997 -7.999997
v 2.617654 7.749996 -11.999998
v 2.436748 7.749996 -12.436745
v 2.436748 7.999996 -12.436746
v 2.617654 7.999996 -11.999999
v 3.414214 2.999998 -6.585784
v 2.000001 2.999998 -5.999998
v 2.000001 0.999998 -5.999997
v 3.414214 0.999998 -6.585784
v 1.563254 7.749996 -11.563251
v 2.000001 7.749996 -11.382344
v 2.000001 7.999996 -11.382345
v 1.563254 7.999996 -11.563252
v 2.000001 2.999998 -5.999998
v 0.585787 2.999998 -6.585784
v 0.585787 0.999998 -6.585784
v 2.000001 0.999998 -5.999997
v 2.436748 7.749996 -12.436745
v 2.000001 7.749996 -12.617652
v 2.000001 7.999996 -12.617653
v 2.436748 7.999996 -12.436746
v 0.585787 2.999998 -6.585784
v 0.000000 2.999997 -7.999998
v 0.000000 0.999997 -7.999997
v 0.585787 0.999998 -6.585784
v 2.000001 7.749996 -12.617652
v 1.563254 7.749996 -12.436745
v 1.563254 7.999996 -12.436746
v 2.000001 7.999996 -12.617653
v 0.000000 2.999997 -7.999998
v 0.585787 2.999997 -9.414210
v 0.585787 0.999997 -9.414209
v 0.000000 0.999997 -7.999997
v 2.000001 7.749996 -11.382344
v 2.436748 7.749996 -11.563251
v 2.436748 7.999996 -11.563252
v 2.000001 7.999996 -11.382345
v 0.585787 2.999997 -9.414210
v 2.000001 2.999997 -9.999997
v 2.000001 0.999997 -9.999996
v 0.585787 0.999997 -9.414209
v 2.000001 3.249997 -9.745100
v 2.000001 6.249997 -9.745101
v 3.233974 6.249997 -9.233972
v 3.233974 3.249997 -9.233971
v 2.000001 3.249997 -9.745100
v 3.233974 3.249997 -9.233971
v 3.414214 2.999997 -9.414210
v 2.000001 2.999997 -9.999997
v 2.000001 7.249995 -13.490203
v 2.000001 7.499995 -13.490203
v 3.053734 7.499996 -13.053731
v 3.053734 7.249996 -13.053731
v 3.233974 3.249997 -9.233971
v 3.745103 3.249997 -7.999998
v 4.000001 2.999997 -7.999998
v 3.414214 2.999997 -9.414210
v 2.000001 7.499995 -13.490203
v 0.946267 7.499996 -13.053731
v 1.126507 7.749996 -12.873491
v 2.000001 7.749996 -13.235305
v 3.745103 3.249997 -7.999998
v 3.233974 3.249998 -6.766024
v 3.414214 2.999998 -6.585784
v 4.000001 2.999997 -7.999998
v 0.946267 7.499996 -13.053731
v 0.509796 7.499996 -11.999998
v 0.764694 7.749996 -11.999998
v 1.126507 7.749996 -12.873491
v 3.233974 3.249998 -6.766024
v 2.000001 3.249998 -6.254895
v 2.000001 2.999998 -5.999998
v 3.414214 2.999998 -6.585784
v 0.509796 7.499996 -11.999998
v 0.946267 7.499996 -10.946265
v 1.126507 7.749996 -11.126505
v 0.764694 7.749996 -11.999998
v 2.000001 3.249998 -6.254895
v 0.766027 3.249998 -6.766024
v 0.585787 2.999998 -6.585784
v 2.000001 2.999998 -5.999998
v 0.946267 7.499996 -10.946265
v 2.000001 7.499996 -10.509793
v 2.000001 7.749996 -10.764691
v 1.126507 7.749996 -11.126505
v 0.766027 3.249998 -6.766024
v 0.254899 3.249997 -7.999998
v 0.000000 2.999997 -7.999998
v 0.585787 2.999998 -6.585784
v 2.000001 7.499996 -10.509793
v 3.053734 7.499996 -10.946265
v 2.873494 7.749996 -11.126505
v 2.000001 7.749996 -10.764691
v 0.254899 3.249997 -7.999998
v 0.766027 3.249997 -9.233971
v 0.585787 2.999997 -9.414210
v 0.000000 2.999997 -7.999998
v 3.053734 7.499996 -10.946265
v 3.490205 7.499996 -11.999998
v 3.235308 7.749996 -11.999998
v 2.873494 7.749996 -11.126505
v 0.766027 3.249997 -9.233971
v 2.000001 3.249997 -9.745100
v 2.000001 2.999997 -9.999997
v 0.585787 2.999997 -9.414210
v 3.490205 7.499996 -11.999998
v 3.053734 7.499996 -13.053731
v 2.873494 7.749996 -12.873491
v 3.235308 7.749996 -11.999998
v 0.766027 3.249998 -6.766024
v 2.000001 3.249998 -6.254895
v 2.000001 6.249998 -6.254896
v 0.766027 6.249998 -6.766025
v 1.126507 7.749996 -12.873491
v 0.764694 7.749996 -11.999998
v 1.382348 7.749996 -11.999998
v 1.563254 7.749996 -12.436745
v 2.873494 6.749997 -7.126505
v 3.235308 6.749997 -7.999999
v 3.235308 7.249997 -7.999999
v 2.873494 7.249997 -7.126506
v 3.745103 3.249997 -7.999998
v 3.233974 3.249997 -9.233971
v 3.233974 6.249997 -9.233972
v 3.745103 6.249997 -7.999999
v 1.126507 7.749996 -11.126505
v 1.563254 7.749996 -11.563251
v 0.254899 3.249997 -7.999998
v 0.766027 3.249998 -6.766024
v 0.766027 6.249998 -6.766025
v 0.254899 6.249997 -7.999999
v 3.233974 3.249998 -6.766024
v 3.745103 3.249997 -7.999998
v 3.745103 6.249997 -7.999999
v 3.233974 6.249998 -6.766025
v 2.000001 7.749996 -10.764691
v 2.873494 7.749996 -11.126505
v 2.436748 7.749996 -11.563251
v 2.000001 7.749996 -11.382344
v 3.235308 7.749996 -11.999998
v 2.617654 7.749996 -11.999998
v 0.766027 3.249997 -9.233971
v 0.254899 3.249997 -7.999998
v 0.254899 6.249997 -7.999999
v 0.766027 6.249997 -9.233972
v 2.000001 3.249998 -6.254895
v 3.233974 3.249998 -6.766024
v 3.233974 6.249998 -6.766025
v 2.000001 6.249998 -6.254896
v 2.873494 7.749996 -12.873491
v 2.436748 7.749996 -12.436745
v 2.000001 7.749996 -13.235305
v 2.000001 7.749996 -12.617652
v 2.000001 3.249997 -9.745100
v 0.766027 3.249997 -9.233971
v 0.766027 6.249997 -9.233972
v 2.000001 6.249997 -9.745101
v 2.000001 6.749997 -9.235305
v 2.873494 6.749997 -8.873491
v 3.233974 6.249997 -9.233972
v 2.000001 6.249997 -9.745101
v 3.053734 7.499996 -13.053731
v 2.000001 7.499995 -13.490203
v 2.000001 7.749996 -13.235305
v 2.873494 7.749996 -12.873491
v 2.873494 6.749997 -8.873491
v 3.235308 6.749997 -7.999999
v 3.745103 6.249997 -7.999999
v 3.233974 6.249997 -9.233972
v 0.946267 7.249996 -13.053731
v 2.000001 7.249995 -13.490203
v 2.000001 7.249996 -13.235305
v 1.126507 7.249996 -12.873491
v 3.235308 6.749997 -7.999999
v 2.873494 6.749997 -7.126505
v 3.233974 6.249998 -6.766025
v 3.745103 6.249997 -7.999999
v 0.509796 7.249996 -11.999998
v 0.946267 7.249996 -13.053731
v 1.126507 7.249996 -12.873491
v 0.764694 7.249996 -11.999998
v 2.873494 6.749997 -7.126505
v 2.000001 6.749998 -6.764692
v 2.000001 6.249998 -6.254896
v 3.233974 6.249998 -6.766025
v 0.946267 7.249996 -10.946265
v 1.126507 7.249996 -11.126505
v 2.000001 6.749998 -6.764692
v 1.126507 6.749997 -7.126505
v 0.766027 6.249998 -6.766025
v 2.000001 6.249998 -6.254896
v 2.000001 7.249996 -10.509793
v 2.000001 7.249996 -10.764691
v 1.126507 6.749997 -7.126505
v 0.764694 6.749997 -7.999999
v 0.254899 6.249997 -7.999999
v 0.766027 6.249998 -6.766025
v 3.053734 7.249996 -10.946265
v 2.000001 7.249996 -10.509793
v 2.000001 7.249996 -10.764691
v 2.873494 7.249996 -11.126505
v 0.764694 6.749997 -7.999999
v 1.126507 6.749997 -8.873491
v 0.766027 6.249997 -9.233972
v 0.254899 6.249997 -7.999999
v 3.490205 7.249996 -11.999998
v 3.053734 7.249996 -10.946265
v 2.873494 7.249996 -11.126505
v 3.235308 7.249996 -11.999998
v 1.126507 6.749997 -8.873491
v 2.000001 6.749997 -9.235305
v 2.000001 6.249997 -9.745101
v 0.766027 6.249997 -9.233972
v 3.053734 7.249996 -13.053731
v 2.873494 7.249996 -12.873491
v 1.126507 6.749997 -7.126505
v 1.126507 7.249997 -7.126506
v 0.764694 7.249997 -7.999999
v 0.764694 6.749997 -7.999999
v 3.053734 7.249996 -13.053731
v 3.053734 7.499996 -13.053731
v 3.490205 7.499996 -11.999998
v 3.490205 7.249996 -11.999998
v 0.946267 7.249997 -9.053731
v 0.946267 7.499997 -9.053731
v 2.000001 7.499997 -9.490203
v 2.000001 7.249997 -9.490203
v 1.126507 6.749997 -8.873491
v 0.764694 6.749997 -7.999999
v 0.764694 7.249997 -7.999999
v 1.126507 7.249997 -8.873491
v 2.000001 6.749998 -6.764692
v 2.873494 6.749997 -7.126505
v 2.873494 7.249997 -7.126506
v 2.000001 7.249998 -6.764692
v 1.563254 7.749996 -12.436745
v 1.382348 7.749996 -11.999998
v 1.382348 7.999996 -11.999999
v 1.563254 7.999996 -12.436746
v 2.000001 7.249996 -10.509793
v 3.053734 7.249996 -10.946265
v 3.053734 7.499996 -10.946265
v 2.000001 7.499996 -10.509793
v 2.000001 6.749997 -9.235305
v 1.126507 6.749997 -8.873491
v 1.126507 7.249997 -8.873491
v 2.000001 7.249997 -9.235305
v 2.873494 6.749997 -8.873491
v 2.000001 6.749997 -9.235305
v 2.000001 7.249997 -9.235305
v 2.873494 7.249997 -8.873491
v 0.946267 7.249996 -13.053731
v 0.509796 7.249996 -11.999998
v 0.509796 7.499996 -11.999998
v 0.946267 7.499996 -13.053731
v 1.126507 6.749997 -7.126505
v 2.000001 6.749998 -6.764692
v 2.000001 7.249998 -6.764692
v 1.126507 7.249997 -7.126506
v 3.053734 7.249996 -10.946265
v 3.490205 7.249996 -11.999998
v 3.490205 7.499996 -11.999998
v 3.053734 7.499996 -10.946265
v 3.235308 6.749997 -7.999999
v 2.873494 6.749997 -8.873491
v 2.873494 7.249997 -8.873491
v 3.235308 7.249997 -7.999999
v 0.509796 7.249996 -11.999998
v 0.946267 7.249996 -10.946265
v 0.946267 7.499996 -10.946265
v 0.509796 7.499996 -11.999998
v 2.617654 7.749996 -11.999998
v 2.617654 7.999996 -11.999999
v 2.436748 7.999996 -11.563252
v 2.436748 7.749996 -11.563251
v 2.000001 7.249997 -9.490203
v 3.053734 7.249997 -9.053731
v 2.873494 7.249997 -8.873491
v 2.000001 7.249997 -9.235305
v 0.946267 7.249996 -10.946265
v 2.000001 7.249996 -10.509793
v 2.000001 7.499996 -10.509793
v 0.946267 7.499996 -10.946265
v 2.000001 7.249995 -13.490203
v 2.000001 7.249996 -13.235305
v 2.617654 7.749997 -7.999999
v 2.617654 7.999997 -7.999999
v 2.436748 7.999997 -7.563252
v 2.436748 7.749997 -7.563252
v 0.509796 7.249997 -7.999999
v 0.946267 7.249998 -6.946266
v 0.946267 7.499998 -6.946266
v 0.509796 7.499997 -7.999999
v 3.053734 7.249998 -6.946266
v 3.490205 7.249997 -7.999999
v 3.490205 7.499997 -7.999999
v 3.053734 7.499998 -6.946266
v 0.946267 7.249997 -9.053731
v 0.509796 7.249997 -7.999999
v 0.509796 7.499997 -7.999999
v 0.946267 7.499997 -9.053731
v 3.745103 3.249996 -11.999997
v 3.233974 3.249996 -13.233971
v 3.233974 6.249996 -13.233972
v 3.745103 6.249996 -11.999998
v 3.745103 3.249996 -11.999997
v 3.233974 3.249996 -10.766024
v 3.414214 2.999997 -10.585784
v 4.000001 2.999996 -11.999997
v 2.000001 7.249998 -6.509794
v 3.053734 7.249998 -6.946266
v 3.053734 7.499998 -6.946266
v 2.000001 7.499998 -6.509794
v 1.563254 7.749997 -8.436745
v 1.382348 7.749997 -7.999999
v 1.382348 7.999997 -7.999999
v 1.563254 7.999997 -8.436746
v 0.766027 3.249996 -10.766024
v 2.000001 3.249997 -10.254894
v 2.000001 6.249996 -10.254895
v 0.766027 6.249996 -10.766025
v 0.946267 7.249998 -6.946266
v 2.000001 7.249998 -6.509794
v 2.000001 7.499998 -6.509794
v 0.946267 7.499998 -6.946266
v 3.053734 7.249997 -9.053731
v 3.053734 7.499997 -9.053731
v 3.490205 7.499997 -7.999999
v 3.490205 7.249997 -7.999999
v 0.254899 3.249996 -11.999997
v 0.766027 3.249996 -13.233971
v 0.585787 2.999996 -13.414210
v 0.000000 2.999996 -11.999997
v 2.000001 3.249997 -10.254894
v 3.233974 3.249996 -10.766024
v 3.233974 6.249996 -10.766025
v 2.000001 6.249996 -10.254895
v 3.233974 3.249996 -10.766024
v 3.745103 3.249996 -11.999997
v 3.745103 6.249996 -11.999998
v 3.233974 6.249996 -10.766025
v 2.000001 3.249997 -10.254894
v 0.766027 3.249996 -10.766024
v 0.585787 2.999997 -10.585784
v 2.000001 2.999997 -9.999997
v 3.490205 7.249997 -7.999999
v 3.235308 7.249997 -7.999999
v 3.235308 6.749996 -11.999998
v 2.873494 6.749996 -12.873491
v 2.873494 7.249996 -12.873491
v 3.235308 7.249996 -11.999998
v 3.053734 7.249998 -6.946266
v 2.873494 7.249997 -7.126506
v 1.126507 6.749996 -11.126505
v 2.000001 6.749996 -10.764691
v 2.000001 7.249996 -10.764691
v 1.126507 7.249996 -11.126505
v 3.053734 7.249998 -6.946266
v 2.000001 7.249998 -6.509794
v 2.000001 7.249998 -6.764692
v 2.873494 7.249997 -7.126506
v 2.873494 6.749996 -12.873491
v 2.000001 6.749996 -13.235305
v 2.000001 7.249996 -13.235305
v 2.873494 7.249996 -12.873491
v 2.000001 7.249998 -6.509794
v 0.946267 7.249998 -6.946266
v 1.126507 7.249997 -7.126506
v 2.000001 7.249998 -6.764692
v 2.000001 6.749996 -13.235305
v 1.126507 6.749996 -12.873491
v 1.126507 7.249996 -12.873491
v 2.000001 7.249996 -13.235305
v 0.509796 7.249997 -7.999999
v 0.764694 7.249997 -7.999999
v 2.000001 6.749996 -10.764691
v 2.873494 6.749996 -11.126505
v 2.873494 7.249996 -11.126505
v 2.000001 7.249996 -10.764691
v 0.946267 7.249997 -9.053731
v 1.126507 7.249997 -8.873491
v 1.126507 6.749996 -12.873491
v 0.764694 6.749996 -11.999998
v 0.764694 7.249996 -11.999998
v 1.126507 7.249996 -12.873491
v 0.946267 7.249997 -9.053731
v 2.000001 7.249997 -9.490203
v 2.000001 7.249997 -9.235305
v 1.126507 7.249997 -8.873491
v 0.946267 7.249996 -13.053731
v 0.946267 7.499996 -13.053731
v 2.000001 7.499995 -13.490203
v 2.000001 7.249995 -13.490203
v 3.053734 7.499997 -9.053731
v 2.000001 7.499997 -9.490203
v 2.000001 7.749997 -9.235305
v 2.873494 7.749997 -8.873491
v 1.126507 6.749996 -11.126505
v 1.126507 7.249996 -11.126505
v 0.764694 7.249996 -11.999998
v 0.764694 6.749996 -11.999998
v 2.000001 7.749997 -9.235305
v 2.000001 7.749997 -8.617652
v 2.436748 7.749997 -8.436745
v 2.873494 7.749997 -8.873491
v 1.126507 7.749997 -8.873491
v 1.563254 7.749997 -8.436745
v 3.235308 7.749997 -7.999999
v 2.617654 7.749997 -7.999999
v 2.873494 7.749997 -7.126506
v 2.436748 7.749997 -7.563252
v 2.873494 6.749996 -11.126505
v 3.235308 6.749996 -11.999998
v 3.235308 7.249996 -11.999998
v 2.873494 7.249996 -11.126505
v 2.000001 7.749998 -6.764692
v 2.000001 7.749997 -7.382345
v 0.766027 3.249996 -13.233971
v 2.000001 3.249996 -13.745100
v 2.000001 2.999995 -13.999997
v 0.585787 2.999996 -13.414210
v 1.563254 7.749997 -7.563252
v 1.126507 7.749997 -7.126506
v 0.766027 3.249996 -10.766024
v 0.254899 3.249996 -11.999997
v 0.000000 2.999996 -11.999997
v 0.585787 2.999997 -10.585784
v 0.764694 7.749997 -7.999999
v 1.382348 7.749997 -7.999999
v 3.233974 3.249996 -10.766024
v 2.000001 3.249997 -10.254894
v 2.000001 2.999997 -9.999997
v 3.414214 2.999997 -10.585784
v 3.233974 3.249996 -13.233971
v 3.745103 3.249996 -11.999997
v 4.000001 2.999996 -11.999997
v 3.414214 2.999996 -13.414210
v 0.766027 3.249996 -13.233971
v 0.254899 3.249996 -11.999997
v 0.254899 6.249996 -11.999998
v 0.766027 6.249996 -13.233972
v 0.254899 3.249996 -11.999997
v 0.766027 3.249996 -10.766024
v 0.766027 6.249996 -10.766025
v 0.254899 6.249996 -11.999998
v 3.490205 7.499997 -7.999999
v 3.053734 7.499997 -9.053731
v 2.873494 7.749997 -8.873491
v 3.235308 7.749997 -7.999999
v 1.126507 6.749996 -12.873491
v 2.000001 6.749996 -13.235305
v 2.000001 6.249995 -13.745101
v 0.766027 6.249996 -13.233972
v 3.053734 7.499998 -6.946266
v 3.490205 7.499997 -7.999999
v 3.235308 7.749997 -7.999999
v 2.873494 7.749997 -7.126506
v 0.764694 6.749996 -11.999998
v 1.126507 6.749996 -12.873491
v 0.766027 6.249996 -13.233972
v 0.254899 6.249996 -11.999998
v 2.000001 7.499998 -6.509794
v 3.053734 7.499998 -6.946266
v 2.873494 7.749997 -7.126506
v 2.000001 7.749998 -6.764692
v 1.126507 6.749996 -11.126505
v 0.764694 6.749996 -11.999998
v 0.254899 6.249996 -11.999998
v 0.766027 6.249996 -10.766025
v 0.946267 7.499998 -6.946266
v 2.000001 7.499998 -6.509794
v 2.000001 7.749998 -6.764692
v 1.126507 7.749997 -7.126506
v 2.000001 6.749996 -10.764691
v 1.126507 6.749996 -11.126505
v 0.766027 6.249996 -10.766025
v 2.000001 6.249996 -10.254895
v 0.509796 7.499997 -7.999999
v 0.946267 7.499998 -6.946266
v 1.126507 7.749997 -7.126506
v 0.764694 7.749997 -7.999999
v 2.873494 6.749996 -11.126505
v 2.000001 6.749996 -10.764691
v 2.000001 6.249996 -10.254895
v 3.233974 6.249996 -10.766025
v 0.946267 7.499997 -9.053731
v 0.509796 7.499997 -7.999999
v 0.764694 7.749997 -7.999999
v 1.126507 7.749997 -8.873491
v 3.235308 6.749996 -11.999998
v 2.873494 6.749996 -11.126505
v 3.233974 6.249996 -10.766025
v 3.745103 6.249996 -11.999998
v 2.000001 7.499997 -9.490203
v 0.946267 7.499997 -9.053731
v 1.126507 7.749997 -8.873491
v 2.000001 7.749997 -9.235305
v 2.873494 6.749996 -12.873491
v 3.235308 6.749996 -11.999998
v 3.745103 6.249996 -11.999998
v 3.233974 6.249996 -13.233972
v 2.000001 7.249997 -9.490203
v 2.000001 7.499997 -9.490203
v 3.053734 7.499997 -9.053731
v 3.053734 7.249997 -9.053731
v 2.000001 6.749996 -13.235305
v 2.873494 6.749996 -12.873491
v 3.233974 6.249996 -13.233972
v 2.000001 6.249995 -13.745101
v 2.000001 3.249996 -13.745100
v 0.766027 3.249996 -13.233971
v 0.766027 6.249996 -13.233972
v 2.000001 6.249995 -13.745101
v 2.000001 7.749997 -7.382345
v 2.436748 7.749997 -7.563252
v 2.436748 7.999997 -7.563252
v 2.000001 7.999997 -7.382345
v 2.000001 3.249996 -13.745100
v 3.233974 3.249996 -13.233971
v 3.414214 2.999996 -13.414210
v 2.000001 2.999995 -13.999997
v 2.000001 7.749997 -8.617652
v 1.563254 7.749997 -8.436745
v 1.563254 7.999997 -8.436746
v 2.000001 7.999997 -8.617653
v 2.436748 7.749997 -8.436745
v 2.000001 7.749997 -8.617652
v 2.000001 7.999997 -8.617653
v 2.436748 7.999997 -8.436746
v 0.585787 2.999996 -13.414210
v 2.000001 2.999995 -13.999997
v 2.000001 0.999996 -13.999996
v 0.585787 0.999996 -13.414209
v 1.563254 7.749997 -7.563252
v 2.000001 7.749997 -7.382345
v 2.000001 7.999997 -7.382345
v 1.563254 7.999997 -7.563252
v 0.000000 2.999996 -11.999997
v 0.585787 2.999996 -13.414210
v 0.585787 0.999996 -13.414209
v 0.000000 0.999996 -11.999996
v 2.617654 7.749997 -7.999999
v 2.436748 7.749997 -8.436745
v 2.436748 7.999997 -8.436746
v 2.617654 7.999997 -7.999999
v 0.585787 2.999997 -10.585784
v 0.000000 2.999996 -11.999997
v 0.000000 0.999996 -11.999996
v 0.585787 0.999997 -10.585783
v 2.000001 2.999997 -9.999997
v 0.585787 2.999997 -10.585784
v 0.585787 0.999997 -10.585783
v 2.000001 0.999997 -9.999996
v 1.382348 7.749997 -7.999999
v 1.563254 7.749997 -7.563252
v 1.563254 7.999997 -7.563252
v 1.382348 7.999997 -7.999999
v 3.414214 2.999996 -13.414210
v 4.000001 2.999996 -11.999997
v 4.000001 0.999996 -11.999996
v 3.414214 0.999996 -13.414209
v 3.414214 2.999997 -10.585784
v 2.000001 2.999997 -9.999997
v 2.000001 0.999997 -9.999996
v 3.414214 0.999997 -10.585783
v 4.000001 2.999996 -11.999997
v 3.414214 2.999997 -10.585784
v 3.414214 0.999997 -10.585783
v 4.000001 0.999996 -11.999996
v 2.000001 3.249996 -13.745100
v 2.000001 6.249995 -13.745101
v 3.233974 6.249996 -13.233972
v 3.233974 3.249996 -13.233971
v 2.000001 2.999997 -9.999997
v 3.414214 2.999997 -9.414210
v 3.414214 0.999997 -9.414209
v 2.000001 0.999997 -9.999996
v 2.000001 2.999995 -13.999997
v 3.414214 2.999996 -13.414210
v 3.414214 0.999996 -13.414209
v 2.000001 0.999996 -13.999996
v 5.382348 7.749996 -11.999998
v 5.563254 7.749996 -11.563251
v 5.563254 7.999996 -11.563252
v 5.382348 7.999996 -11.999999
v 6.617654 7.749996 -11.999998
v 6.436748 7.749996 -12.436745
v 6.436748 7.999996 -12.436746
v 6.617654 7.999996 -11.999999
v 5.563254 7.749996 -11.563251
v 6.000001 7.749996 -11.382344
v 6.000001 7.999996 -11.382345
v 5.563254 7.999996 -11.563252
v 6.436748 7.749996 -12.436745
v 6.000001 7.749996 -12.617652
v 6.000001 7.999996 -12.617653
v 6.436748 7.999996 -12.436746
v 6.000001 7.749996 -12.617652
v 5.563254 7.749996 -12.436745
v 5.563254 7.999996 -12.436746
v 6.000001 7.999996 -12.617653
v 6.000001 7.749996 -11.382344
v 6.436748 7.749996 -11.563251
v 6.436748 7.999996 -11.563252
v 6.000001 7.999996 -11.382345
v 6.000001 7.249995 -13.490203
v 6.000001 7.499995 -13.490203
v 7.053734 7.499996 -13.053731
v 7.053734 7.249996 -13.053731
v 6.000001 7.499995 -13.490203
v 4.946267 7.499996 -13.053731
v 5.126507 7.749996 -12.873491
v 6.000001 7.749996 -13.235305
v 4.946267 7.499996 -13.053731
v 4.509796 7.499996 -11.999998
v 4.764694 7.749996 -11.999998
v 5.126507 7.749996 -12.873491
v 4.509796 7.499996 -11.999998
v 4.946267 7.499996 -10.946265
v 5.126507 7.749996 -11.126505
v 4.764694 7.749996 -11.999998
v 4.946267 7.499996 -10.946265
v 6.000001 7.499996 -10.509793
v 6.000001 7.749996 -10.764691
v 5.126507 7.749996 -11.126505
v 6.000001 7.499996 -10.509793
v 7.053734 7.499996 -10.946265
v 6.873494 7.749996 -11.126505
v 6.000001 7.749996 -10.764691
v 7.053734 7.499996 -10.946265
v 7.490205 7.499996 -11.999998
v 7.235308 7.749996 -11.999998
v 6.873494 7.749996 -11.126505
v 7.490205 7.499996 -11.999998
v 7.053734 7.499996 -13.053731
v 6.873494 7.749996 -12.873491
v 7.235308 7.749996 -11.999998
v 5.126507 7.749996 -12.873491
v 4.764694 7.749996 -11.999998
v 5.382348 7.749996 -11.999998
v 5.563254 7.749996 -12.436745
v 5.126507 7.749996 -11.126505
v 5.563254 7.749996 -11.563251
v 6.000001 7.749996 -10.764691
v 6.873494 7.749996 -11.126505
v 6.436748 7.749996 -11.563251
v 6.000001 7.749996 -11.382344
v 7.235308 7.749996 -11.999998
v 6.617654 7.749996 -11.999998
v 6.873494 7.749996 -12.873491
v 6.436748 7.749996 -12.436745
v 6.000001 7.749996 -13.235305
v 6.000001 7.749996 -12.617652
v 7.053734 7.499996 -13.053731
v 6.000001 7.499995 -13.490203
v 6.000001 7.749996 -13.235305
v 6.873494 7.749996 -12.873491
v 4.946267 7.249996 -13.053731
v 6.000001 7.249995 -13.490203
v 6.000001 7.249996 -13.235305
v 5.126507 7.249996 -12.873491
v 4.509796 7.249996 -11.999998
v 4.946267 7.249996 -13.053731
v 5.126507 7.249996 -12.873491
v 4.764694 7.249996 -11.999998
v 4.946267 7.249996 -10.946265
v 5.126507 7.249996 -11.126505
v 6.000001 7.249996 -10.509793
v 6.000001 7.249996 -10.764691
v 7.053734 7.249996 -10.946265
v 6.000001 7.249996 -10.509793
v 6.000001 7.249996 -10.764691
v 6.873494 7.249996 -11.126505
v 7.490205 7.249996 -11.999998
v 7.053734 7.249996 -10.946265
v 6.873494 7.249996 -11.126505
v 7.235308 7.249996 -11.999998
v 7.053734 7.249996 -13.053731
v 6.873494 7.249996 -12.873491
v 7.053734 7.249996 -13.053731
v 7.053734 7.499996 -13.053731
v 7.490205 7.499996 -11.999998
v 7.490205 7.249996 -11.999998
v 5.563254 7.749996 -12.436745
v 5.382348 7.749996 -11.999998
v 5.382348 7.999996 -11.999999
v 5.563254 7.999996 -12.436746
v 6.000001 7.249996 -10.509793
v 7.053734 7.249996 -10.946265
v 7.053734 7.499996 -10.946265
v 6.000001 7.499996 -10.509793
v 4.946267 7.249996 -13.053731
v 4.509796 7.249996 -11.999998
v 4.509796 7.499996 -11.999998
v 4.946267 7.499996 -13.053731
v 7.053734 7.249996 -10.946265
v 7.490205 7.249996 -11.999998
v 7.490205 7.499996 -11.999998
v 7.053734 7.499996 -10.946265
v 4.509796 7.249996 -11.999998
v 4.946267 7.249996 -10.946265
v 4.946267 7.499996 -10.946265
v 4.509796 7.499996 -11.999998
v 6.617654 7.749996 -11.999998
v 6.617654 7.999996 -11.999999
v 6.436748 7.999996 -11.563252
v 6.436748 7.749996 -11.563251
v 4.946267 7.249996 -10.946265
v 6.000001 7.249996 -10.509793
v 6.000001 7.499996 -10.509793
v 4.946267 7.499996 -10.946265
v 6.000001 7.249995 -13.490203
v 6.000001 7.249996 -13.235305
v 7.745103 3.249996 -11.999997
v 7.233974 3.249996 -13.233971
v 7.233974 6.249996 -13.233972
v 7.745103 6.249996 -11.999998
v 7.745103 3.249996 -11.999997
v 7.233974 3.249996 -10.766024
v 7.414214 2.999997 -10.585784
v 8.000001 2.999996 -11.999997
v 4.766027 3.249996 -10.766024
v 6.000001 3.249997 -10.254894
v 6.000001 6.249996 -10.254895
v 4.766027 6.249996 -10.766025
v 4.254899 3.249996 -11.999997
v 4.766027 3.249996 -13.233971
v 4.585787 2.999996 -13.414210
v 4.000000 2.999996 -11.999997
v 6.000001 3.249997 -10.254894
v 7.233974 3.249996 -10.766024
v 7.233974 6.249996 -10.766025
v 6.000001 6.249996 -10.254895
v 7.233974 3.249996 -10.766024
v 7.745103 3.249996 -11.999997
v 7.745103 6.249996 -11.999998
v 7.233974 6.249996 -10.766025
v 6.000001 3.249997 -10.254894
v 4.766027 3.249996 -10.766024
v 4.585787 2.999997 -10.585784
v 6.000001 2.999997 -9.999997
v 7.235308 6.749996 -11.999998
v 6.873494 6.749996 -12.873491
v 6.873494 7.249996 -12.873491
v 7.235308 7.249996 -11.999998
v 5.126507 6.749996 -11.126505
v 6.000001 6.749996 -10.764691
v 6.000001 7.249996 -10.764691
v 5.126507 7.249996 -11.126505
v 6.873494 6.749996 -12.873491
v 6.000001 6.749996 -13.235305
v 6.000001 7.249996 -13.235305
v 6.873494 7.249996 -12.873491
v 6.000001 6.749996 -13.235305
v 5.126507 6.749996 -12.873491
v 5.126507 7.249996 -12.873491
v 6.000001 7.249996 -13.235305
v 6.000001 6.749996 -10.764691
v 6.873494 6.749996 -11.126505
v 6.873494 7.249996 -11.126505
v 6.000001 7.249996 -10.764691
v 5.126507 6.749996 -12.873491
v 4.764694 6.749996 -11.999998
v 4.764694 7.249996 -11.999998
v 5.126507 7.249996 -12.873491
v 4.946267 7.249996 -13.053731
v 4.946267 7.499996 -13.053731
v 6.000001 7.499995 -13.490203
v 6.000001 7.249995 -13.490203
v 5.126507 6.749996 -11.126505
v 5.126507 7.249996 -11.126505
v 4.764694 7.249996 -11.999998
v 4.764694 6.749996 -11.999998
v 6.873494 6.749996 -11.126505
v 7.235308 6.749996 -11.999998
v 7.235308 7.249996 -11.999998
v 6.873494 7.249996 -11.126505
v 4.766027 3.249996 -13.233971
v 6.000001 3.249996 -13.745100
v 6.000001 2.999995 -13.999997
v 4.585787 2.999996 -13.414210
v 4.766027 3.249996 -10.766024
v 4.254899 3.249996 -11.999997
v 4.000000 2.999996 -11.999997
v 4.585787 2.999997 -10.585784
v 7.233974 3.249996 -10.766024
v 6.000001 3.249997 -10.254894
v 6.000001 2.999997 -9.999997
v 7.414214 2.999997 -10.585784
v 7.233974 3.249996 -13.233971
v 7.745103 3.249996 -11.999997
v 8.000001 2.999996 -11.999997
v 7.414214 2.999996 -13.414210
v 4.766027 3.249996 -13.233971
v 4.254899 3.249996 -11.999997
v 4.254899 6.249996 -11.999998
v 4.766027 6.249996 -13.233972
v 4.254899 3.249996 -11.999997
v 4.766027 3.249996 -10.766024
v 4.766027 6.249996 -10.766025
v 4.254899 6.249996 -11.999998
v 5.126507 6.749996 -12.873491
v 6.000001 6.749996 -13.235305
v 6.000001 6.249995 -13.745101
v 4.766027 6.249996 -13.233972
v 4.764694 6.749996 -11.999998
v 5.126507 6.749996 -12.873491
v 4.766027 6.249996 -13.233972
v 4.254899 6.249996 -11.999998
v 5.126507 6.749996 -11.126505
v 4.764694 6.749996 -11.999998
v 4.254899 6.249996 -11.999998
v 4.766027 6.249996 -10.766025
v 6.000001 6.749996 -10.764691
v 5.126507 6.749996 -11.126505
v 4.766027 6.249996 -10.766025
v 6.000001 6.249996 -10.254895
v 6.873494 6.749996 -11.126505
v 6.000001 6.749996 -10.764691
v 6.000001 6.249996 -10.254895
v 7.233974 6.249996 -10.766025
v 7.235308 6.749996 -11.999998
v 6.873494 6.749996 -11.126505
v 7.233974 6.249996 -10.766025
v 7.745103 6.249996 -11.999998
v 6.873494 6.749996 -12.873491
v 7.235308 6.749996 -11.999998
v 7.745103 6.249996 -11.999998
v 7.233974 6.249996 -13.233972
v 6.000001 6.749996 -13.235305
v 6.873494 6.749996 -12.873491
v 7.233974 6.249996 -13.233972
v 6.000001 6.249995 -13.745101
v 6.000001 3.249996 -13.745100
v 4.766027 3.249996 -13.233971
v 4.766027 6.249996 -13.233972
v 6.000001 6.249995 -13.745101
v 6.000001 3.249996 -13.745100
v 7.233974 3.249996 -13.233971
v 7.414214 2.999996 -13.414210
v 6.000001 2.999995 -13.999997
v 4.585787 2.999996 -13.414210
v 6.000001 2.999995 -13.999997
v 6.000001 0.999996 -13.999996
v 4.585787 0.999996 -13.414209
v 4.000000 2.999996 -11.999997
v 4.585787 2.999996 -13.414210
v 4.585787 0.999996 -13.414209
v 4.000000 0.999996 -11.999996
v 4.585787 2.999997 -10.585784
v 4.000000 2.999996 -11.999997
v 4.000000 0.999996 -11.999996
v 4.585787 0.999997 -10.585783
v 6.000001 2.999997 -9.999997
v 4.585787 2.999997 -10.585784
v 4.585787 0.999997 -10.585783
v 6.000001 0.999997 -9.999996
v 7.414214 2.999996 -13.414210
v 8.000001 2.999996 -11.999997
v 8.000001 0.999996 -11.999996
v 7.414214 0.999996 -13.414209
v 7.414214 2.999997 -10.585784
v 6.000001 2.999997 -9.999997
v 6.000001 0.999997 -9.999996
v 7.414214 0.999997 -10.585783
v 8.000001 2.999996 -11.999997
v 7.414214 2.999997 -10.585784
v 7.414214 0.999997 -10.585783
v 8.000001 0.999996 -11.999996
v 6.000001 3.249996 -13.745100
v 6.000001 6.249995 -13.745101
v 7.233974 6.249996 -13.233972
v 7.233974 3.249996 -13.233971
v 6.000001 2.999995 -13.999997
v 7.414214 2.999996 -13.414210
v 7.414214 0.999996 -13.414209
v 6.000001 0.999996 -13.999996
v 5.382348 7.749997 -7.999999
v 5.563254 7.749997 -7.563252
v 5.563254 7.999997 -7.563252
v 5.382348 7.999997 -7.999999
v 6.617654 7.749997 -7.999999
v 6.436748 7.749997 -8.436745
v 6.436748 7.999997 -8.436746
v 6.617654 7.999997 -7.999999
v 5.563254 7.749997 -7.563252
v 6.000001 7.749997 -7.382345
v 6.000001 7.999997 -7.382345
v 5.563254 7.999997 -7.563252
v 6.436748 7.749997 -8.436745
v 6.000001 7.749997 -8.617652
v 6.000001 7.999997 -8.617653
v 6.436748 7.999997 -8.436746
v 6.000001 7.749997 -8.617652
v 5.563254 7.749997 -8.436745
v 5.563254 7.999997 -8.436746
v 6.000001 7.999997 -8.617653
v 6.000001 7.749997 -7.382345
v 6.436748 7.749997 -7.563252
v 6.436748 7.999997 -7.563252
v 6.000001 7.999997 -7.382345
v 6.000001 7.249997 -9.490203
v 6.000001 7.499997 -9.490203
v 7.053734 7.499997 -9.053731
v 7.053734 7.249997 -9.053731
v 6.000001 7.499997 -9.490203
v 4.946267 7.499997 -9.053731
v 5.126507 7.749997 -8.873491
v 6.000001 7.749997 -9.235305
v 4.946267 7.499997 -9.053731
v 4.509796 7.499997 -7.999999
v 4.764694 7.749997 -7.999999
v 5.126507 7.749997 -8.873491
v 4.509796 7.499997 -7.999999
v 4.946267 7.499998 -6.946266
v 5.126507 7.749997 -7.126506
v 4.764694 7.749997 -7.999999
v 4.946267 7.499998 -6.946266
v 6.000001 7.499998 -6.509794
v 6.000001 7.749998 -6.764692
v 5.126507 7.749997 -7.126506
v 6.000001 7.499998 -6.509794
v 7.053734 7.499998 -6.946266
v 6.873494 7.749997 -7.126506
v 6.000001 7.749998 -6.764692
v 7.053734 7.499998 -6.946266
v 7.490205 7.499997 -7.999999
v 7.235308 7.749997 -7.999999
v 6.873494 7.749997 -7.126506
v 7.490205 7.499997 -7.999999
v 7.053734 7.499997 -9.053731
v 6.873494 7.749997 -8.873491
v 7.235308 7.749997 -7.999999
v 5.126507 7.749997 -8.873491
v 4.764694 7.749997 -7.999999
v 5.382348 7.749997 -7.999999
v 5.563254 7.749997 -8.436745
v 5.126507 7.749997 -7.126506
v 5.563254 7.749997 -7.563252
v 6.000001 7.749998 -6.764692
v 6.873494 7.749997 -7.126506
v 6.436748 7.749997 -7.563252
v 6.000001 7.749997 -7.382345
v 7.235308 7.749997 -7.999999
v 6.617654 7.749997 -7.999999
v 6.873494 7.749997 -8.873491
v 6.436748 7.749997 -8.436745
v 6.000001 7.749997 -9.235305
v 6.000001 7.749997 -8.617652
v 7.053734 7.499997 -9.053731
v 6.000001 7.499997 -9.490203
v 6.000001 7.749997 -9.235305
v 6.873494 7.749997 -8.873491
v 4.946267 7.249997 -9.053731
v 6.000001 7.249997 -9.490203
v 6.000001 7.249997 -9.235305
v 5.126507 7.249997 -8.873491
v 4.509796 7.249997 -7.999999
v 4.946267 7.249997 -9.053731
v 5.126507 7.249997 -8.873491
v 4.764694 7.249997 -7.999999
v 4.946267 7.249998 -6.946266
v 5.126507 7.249997 -7.126506
v 6.000001 7.249998 -6.509794
v 6.000001 7.249998 -6.764692
v 7.053734 7.249998 -6.946266
v 6.000001 7.249998 -6.509794
v 6.000001 7.249998 -6.764692
v 6.873494 7.249997 -7.126506
v 7.490205 7.249997 -7.999999
v 7.053734 7.249998 -6.946266
v 6.873494 7.249997 -7.126506
v 7.235308 7.249997 -7.999999
v 7.053734 7.249997 -9.053731
v 6.873494 7.249997 -8.873491
v 7.053734 7.249997 -9.053731
v 7.053734 7.499997 -9.053731
v 7.490205 7.499997 -7.999999
v 7.490205 7.249997 -7.999999
v 5.563254 7.749997 -8.436745
v 5.382348 7.749997 -7.999999
v 5.382348 7.999997 -7.999999
v 5.563254 7.999997 -8.436746
v 6.000001 7.249998 -6.509794
v 7.053734 7.249998 -6.946266
v 7.053734 7.499998 -6.946266
v 6.000001 7.499998 -6.509794
v 4.946267 7.249997 -9.053731
v 4.509796 7.249997 -7.999999
v 4.509796 7.499997 -7.999999
v 4.946267 7.499997 -9.053731
v 7.053734 7.249998 -6.946266
v 7.490205 7.249997 -7.999999
v 7.490205 7.499997 -7.999999
v 7.053734 7.499998 -6.946266
v 4.509796 7.249997 -7.999999
v 4.946267 7.249998 -6.946266
v 4.946267 7.499998 -6.946266
v 4.509796 7.499997 -7.999999
v 6.617654 7.749997 -7.999999
v 6.617654 7.999997 -7.999999
v 6.436748 7.999997 -7.563252
v 6.436748 7.749997 -7.563252
v 4.946267 7.249998 -6.946266
v 6.000001 7.249998 -6.509794
v 6.000001 7.499998 -6.509794
v 4.946267 7.499998 -6.946266
v 6.000001 7.249997 -9.490203
v 6.000001 7.249997 -9.235305
v 7.745103 3.249997 -7.999998
v 7.233974 3.249997 -9.233971
v 7.233974 6.249997 -9.233972
v 7.745103 6.249997 -7.999999
v 7.745103 3.249997 -7.999998
v 7.233974 3.249998 -6.766024
v 7.414214 2.999998 -6.585784
v 8.000001 2.999997 -7.999998
v 4.766027 3.249998 -6.766024
v 6.000001 3.249998 -6.254895
v 6.000001 6.249998 -6.254896
v 4.766027 6.249998 -6.766025
v 4.254899 3.249997 -7.999998
v 4.766027 3.249997 -9.233971
v 4.585787 2.999997 -9.414210
v 4.000000 2.999997 -7.999998
v 6.000001 3.249998 -6.254895
v 7.233974 3.249998 -6.766024
v 7.233974 6.249998 -6.766025
v 6.000001 6.249998 -6.254896
v 7.233974 3.249998 -6.766024
v 7.745103 3.249997 -7.999998
v 7.745103 6.249997 -7.999999
v 7.233974 6.249998 -6.766025
v 6.000001 3.249998 -6.254895
v 4.766027 3.249998 -6.766024
v 4.585787 2.999998 -6.585784
v 6.000001 2.999998 -5.999998
v 7.235308 6.749997 -7.999999
v 6.873494 6.749997 -8.873491
v 6.873494 7.249997 -8.873491
v 7.235308 7.249997 -7.999999
v 5.126507 6.749997 -7.126505
v 6.000001 6.749998 -6.764692
v 6.000001 7.249998 -6.764692
v 5.126507 7.249997 -7.126506
v 6.873494 6.749997 -8.873491
v 6.000001 6.749997 -9.235305
v 6.000001 7.249997 -9.235305
v 6.873494 7.249997 -8.873491
v 6.000001 6.749997 -9.235305
v 5.126507 6.749997 -8.873491
v 5.126507 7.249997 -8.873491
v 6.000001 7.249997 -9.235305
v 6.000001 6.749998 -6.764692
v 6.873494 6.749997 -7.126505
v 6.873494 7.249997 -7.126506
v 6.000001 7.249998 -6.764692
v 5.126507 6.749997 -8.873491
v 4.764694 6.749997 -7.999999
v 4.764694 7.249997 -7.999999
v 5.126507 7.249997 -8.873491
v 4.946267 7.249997 -9.053731
v 4.946267 7.499997 -9.053731
v 6.000001 7.499997 -9.490203
v 6.000001 7.249997 -9.490203
v 5.126507 6.749997 -7.126505
v 5.126507 7.249997 -7.126506
v 4.764694 7.249997 -7.999999
v 4.764694 6.749997 -7.999999
v 6.873494 6.749997 -7.126505
v 7.235308 6.749997 -7.999999
v 7.235308 7.249997 -7.999999
v 6.873494 7.249997 -7.126506
v 4.766027 3.249997 -9.233971
v 6.000001 3.249997 -9.745100
v 6.000001 2.999997 -9.999997
v 4.585787 2.999997 -9.414210
v 4.766027 3.249998 -6.766024
v 4.254899 3.249997 -7.999998
v 4.000000 2.999997 -7.999998
v 4.585787 2.999998 -6.585784
v 7.233974 3.249998 -6.766024
v 6.000001 3.249998 -6.254895
v 6.000001 2.999998 -5.999998
v 7.414214 2.999998 -6.585784
v 7.233974 3.249997 -9.233971
v 7.745103 3.249997 -7.999998
v 8.000001 2.999997 -7.999998
v 7.414214 2.999997 -9.414210
v 4.766027 3.249997 -9.233971
v 4.254899 3.249997 -7.999998
v 4.254899 6.249997 -7.999999
v 4.766027 6.249997 -9.233972
v 4.254899 3.249997 -7.999998
v 4.766027 3.249998 -6.766024
v 4.766027 6.249998 -6.766025
v 4.254899 6.249997 -7.999999
v 5.126507 6.749997 -8.873491
v 6.000001 6.749997 -9.235305
v 6.000001 6.249997 -9.745101
v 4.766027 6.249997 -9.233972
v 4.764694 6.749997 -7.999999
v 5.126507 6.749997 -8.873491
v 4.766027 6.249997 -9.233972
v 4.254899 6.249997 -7.999999
v 5.126507 6.749997 -7.126505
v 4.764694 6.749997 -7.999999
v 4.254899 6.249997 -7.999999
v 4.766027 6.249998 -6.766025
v 6.000001 6.749998 -6.764692
v 5.126507 6.749997 -7.126505
v 4.766027 6.249998 -6.766025
v 6.000001 6.249998 -6.254896
v 6.873494 6.749997 -7.126505
v 6.000001 6.749998 -6.764692
v 6.000001 6.249998 -6.254896
v 7.233974 6.249998 -6.766025
v 7.235308 6.749997 -7.999999
v 6.873494 6.749997 -7.126505
v 7.233974 6.249998 -6.766025
v 7.745103 6.249997 -7.999999
v 6.873494 6.749997 -8.873491
v 7.235308 6.749997 -7.999999
v 7.745103 6.249997 -7.999999
v 7.233974 6.249997 -9.233972
v 6.000001 6.749997 -9.235305
v 6.873494 6.749997 -8.873491
v 7.233974 6.249997 -9.233972
v 6.000001 6.249997 -9.745101
v 6.000001 3.249997 -9.745100
v 4.766027 3.249997 -9.233971
v 4.766027 6.249997 -9.233972
v 6.000001 6.249997 -9.745101
v 6.000001 3.249997 -9.745100
v 7.233974 3.249997 -9.233971
v 7.414214 2.999997 -9.414210
v 6.000001 2.999997 -9.999997
v 4.585787 2.999997 -9.414210
v 6.000001 2.999997 -9.999997
v 6.000001 0.999997 -9.999996
v 4.585787 0.999997 -9.414209
v 4.000000 2.999997 -7.999998
v 4.585787 2.999997 -9.414210
v 4.585787 0.999997 -9.414209
v 4.000000 0.999997 -7.999997
v 4.585787 2.999998 -6.585784
v 4.000000 2.999997 -7.999998
v 4.000000 0.999997 -7.999997
v 4.585787 0.999998 -6.585784
v 6.000001 2.999998 -5.999998
v 4.585787 2.999998 -6.585784
v 4.585787 0.999998 -6.585784
v 6.000001 0.999998 -5.999997
v 7.414214 2.999997 -9.414210
v 8.000001 2.999997 -7.999998
v 8.000001 0.999997 -7.999997
v 7.414214 0.999997 -9.414209
v 7.414214 2.999998 -6.585784
v 6.000001 2.999998 -5.999998
v 6.000001 0.999998 -5.999997
v 7.414214 0.999998 -6.585784
v 8.000001 2.999997 -7.999998
v 7.414214 2.999998 -6.585784
v 7.414214 0.999998 -6.585784
v 8.000001 0.999997 -7.999997
v 6.000001 3.249997 -9.745100
v 6.000001 6.249997 -9.745101
v 7.233974 6.249997 -9.233972
v 7.233974 3.249997 -9.233971
v 6.000001 2.999997 -9.999997
v 7.414214 2.999997 -9.414210
v 7.414214 0.999997 -9.414209
v 6.000001 0.999997 -9.999996
v -4.000001 1.000002 6.000002
v -5.530734 1.000002 6.304483
v -5.530734 5.000001 6.304482
v -4.000001 5.000001 6.000001
v -5.530734 1.000002 6.304483
v -6.828427 1.000002 7.171576
v -6.828427 5.000002 7.171575
v -5.530734 5.000001 6.304482
v -6.828427 1.000002 7.171576
v -7.695519 1.000003 8.469267
v -7.695519 5.000002 8.469265
v -6.828427 5.000002 7.171575
v -7.695519 1.000003 8.469267
v -8.000001 1.000003 10.000002
v -8.000001 5.000002 10.000000
v -7.695519 5.000002 8.469265
v -8.000001 1.000003 10.000002
v -7.695519 1.000003 11.530737
v -7.695519 5.000003 11.530735
v -8.000001 5.000002 10.000000
v -7.695519 1.000003 11.530737
v -6.828427 1.000004 12.828428
v -6.828427 5.000003 12.828426
v -7.695519 5.000003 11.530735
v -6.828427 1.000004 12.828428
v -5.530734 1.000004 13.695520
v -5.530734 5.000004 13.695518
v -6.828427 5.000003 12.828426
v -5.530734 1.000004 13.695520
v -4.000001 1.000004 14.000002
v -4.000001 5.000004 14.000000
v -5.530734 5.000004 13.695518
v -4.000001 1.000004 14.000002
v -2.469268 1.000004 13.695520
v -2.469268 5.000004 13.695518
v -4.000001 5.000004 14.000000
v -2.469268 1.000004 13.695520
v -1.171574 1.000004 12.828428
v -1.171574 5.000003 12.828426
v -2.469268 5.000004 13.695518
v -1.171574 1.000004 12.828428
v -0.304482 1.000003 11.530737
v -0.304482 5.000003 11.530735
v -1.171574 5.000003 12.828426
v -0.304482 1.000003 11.530737
v 0.000000 1.000003 10.000002
v 0.000000 5.000002 10.000000
v -0.304482 5.000003 11.530735
v 0.000000 1.000003 10.000002
v -0.304483 1.000003 8.469267
v -0.304483 5.000002 8.469265
v 0.000000 5.000002 10.000000
v -0.304483 1.000003 8.469267
v -1.171574 1.000002 7.171576
v -1.171574 5.000002 7.171575
v -0.304483 5.000002 8.469265
v -2.664358 5.500003 13.224528
v -2.664358 11.500003 13.224526
v -4.000001 11.500003 13.490203
v -4.000001 5.500004 13.490205
v -1.171574 1.000002 7.171576
v -2.469269 1.000002 6.304483
v -2.469269 5.000001 6.304482
v -1.171574 5.000002 7.171575
v -2.469269 1.000002 6.304483
v -4.000001 1.000002 6.000002
v -4.000001 5.000001 6.000001
v -2.469269 5.000001 6.304482
v -4.000001 5.500001 6.509797
v -4.000001 5.000001 6.000001
v -5.530734 5.000001 6.304482
v -5.335644 5.500001 6.775472
v -5.335644 5.500001 6.775472
v -5.530734 5.000001 6.304482
v -6.828427 5.000002 7.171575
v -6.467947 5.500002 7.532054
v -6.467947 5.500002 7.532054
v -6.828427 5.000002 7.171575
v -7.695519 5.000002 8.469265
v -7.224530 5.500002 8.664355
v -7.224530 5.500002 8.664355
v -7.695519 5.000002 8.469265
v -8.000001 5.000002 10.000000
v -7.490205 5.500002 10.000000
v -7.490205 5.500002 10.000000
v -8.000001 5.000002 10.000000
v -7.695519 5.000003 11.530735
v -7.224530 5.500003 11.335645
v -7.224530 5.500003 11.335645
v -7.695519 5.000003 11.530735
v -6.828427 5.000003 12.828426
v -6.467947 5.500003 12.467946
v -6.467947 5.500003 12.467946
v -6.828427 5.000003 12.828426
v -5.530734 5.000004 13.695518
v -5.335644 5.500003 13.224528
v -5.335644 5.500003 13.224528
v -5.530734 5.000004 13.695518
v -4.000001 5.000004 14.000000
v -4.000001 5.500004 13.490205
v -4.000001 5.500004 13.490205
v -4.000001 5.000004 14.000000
v -2.469268 5.000004 13.695518
v -2.664358 5.500003 13.224528
v -2.664358 5.500003 13.224528
v -2.469268 5.000004 13.695518
v -1.171574 5.000003 12.828426
v -1.532054 5.500003 12.467946
v -1.532054 5.500003 12.467946
v -1.171574 5.000003 12.828426
v -0.304482 5.000003 11.530735
v -0.775472 5.500003 11.335645
v -0.775472 5.500003 11.335645
v -0.304482 5.000003 11.530735
v 0.000000 5.000002 10.000000
v -0.509796 5.500002 10.000000
v -0.509796 5.500002 10.000000
v 0.000000 5.000002 10.000000
v -0.304483 5.000002 8.469265
v -0.775473 5.500002 8.664355
v -0.775473 5.500002 8.664355
v -0.304483 5.000002 8.469265
v -1.171574 5.000002 7.171575
v -1.532054 5.500002 7.532054
v -1.532054 5.500002 7.532054
v -1.171574 5.000002 7.171575
v -2.469269 5.000001 6.304482
v -2.664359 5.500001 6.775472
v -2.664359 5.500001 6.775472
v -2.469269 5.000001 6.304482
v -4.000001 5.000001 6.000001
v -4.000001 5.500001 6.509797
v -1.529388 12.500002 9.999998
v -1.529388 13.500002 9.999998
v -1.717452 13.500002 10.945461
v -1.717452 12.500002 10.945461
v -6.467947 5.500002 7.532054
v -6.467947 11.500001 7.532053
v -5.335644 11.500001 6.775470
v -5.335644 5.500001 6.775472
v -1.532054 5.500003 12.467946
v -1.532054 11.500003 12.467944
v -2.664358 11.500003 13.224526
v -2.664358 5.500003 13.224528
v -7.224530 5.500002 8.664355
v -7.224530 11.500002 8.664353
v -6.467947 11.500001 7.532053
v -6.467947 5.500002 7.532054
v -0.775472 5.500003 11.335645
v -0.775472 11.500003 11.335643
v -1.532054 11.500003 12.467944
v -1.532054 5.500003 12.467946
v -7.490205 5.500002 10.000000
v -7.490205 11.500002 9.999998
v -7.224530 11.500002 8.664353
v -7.224530 5.500002 8.664355
v -0.509796 5.500002 10.000000
v -0.509797 11.500002 9.999998
v -0.775472 11.500003 11.335643
v -0.775472 5.500003 11.335645
v -7.224530 5.500003 11.335645
v -7.224530 11.500003 11.335643
v -7.490205 11.500002 9.999998
v -7.490205 5.500002 10.000000
v -0.775473 5.500002 8.664355
v -0.775473 11.500002 8.664353
v -0.509797 11.500002 9.999998
v -0.509796 5.500002 10.000000
v -6.467947 5.500003 12.467946
v -6.467947 11.500003 12.467944
v -7.224530 11.500003 11.335643
v -7.224530 5.500003 11.335645
v -1.532054 5.500002 7.532054
v -1.532054 11.500001 7.532053
v -0.775473 11.500002 8.664353
v -0.775473 5.500002 8.664355
v -5.335644 5.500003 13.224528
v -5.335644 11.500003 13.224526
v -6.467947 11.500003 12.467944
v -6.467947 5.500003 12.467946
v -2.664359 5.500001 6.775472
v -2.664359 11.500001 6.775470
v -1.532054 11.500001 7.532053
v -1.532054 5.500002 7.532054
v -4.000001 5.500004 13.490205
v -4.000001 11.500003 13.490203
v -5.335644 11.500003 13.224526
v -5.335644 5.500003 13.224528
v -5.335644 5.500001 6.775472
v -5.335644 11.500001 6.775470
v -4.000001 11.500001 6.509795
v -4.000001 5.500001 6.509797
v -4.000001 5.500001 6.509797
v -4.000001 11.500001 6.509795
v -2.664359 11.500001 6.775470
v -2.664359 5.500001 6.775472
v -4.000001 12.500001 7.529385
v -4.000001 11.500001 6.509795
v -5.335644 11.500001 6.775470
v -4.945463 12.500001 7.717449
v -4.945463 12.500001 7.717449
v -5.335644 11.500001 6.775470
v -6.467947 11.500001 7.532053
v -5.746988 12.500002 8.253012
v -5.746988 12.500002 8.253012
v -6.467947 11.500001 7.532053
v -7.224530 11.500002 8.664353
v -6.282550 12.500002 9.054535
v -6.282550 12.500002 9.054535
v -7.224530 11.500002 8.664353
v -7.490205 11.500002 9.999998
v -6.470614 12.500002 9.999998
v -6.470614 12.500002 9.999998
v -7.490205 11.500002 9.999998
v -7.224530 11.500003 11.335643
v -6.282550 12.500002 10.945461
v -6.282550 12.500002 10.945461
v -7.224530 11.500003 11.335643
v -6.467947 11.500003 12.467944
v -5.746988 12.500003 11.746984
v -5.746988 12.500003 11.746984
v -6.467947 11.500003 12.467944
v -5.335644 11.500003 13.224526
v -4.945463 12.500003 12.282547
v -4.945463 12.500003 12.282547
v -5.335644 11.500003 13.224526
v -4.000001 11.500003 13.490203
v -4.000001 12.500003 12.470612
v -4.000001 12.500003 12.470612
v -4.000001 11.500003 13.490203
v -2.664358 11.500003 13.224526
v -3.054539 12.500003 12.282547
v -3.054539 12.500003 12.282547
v -2.664358 11.500003 13.224526
v -1.532054 11.500003 12.467944
v -2.253013 12.500003 11.746984
v -2.253013 12.500003 11.746984
v -1.532054 11.500003 12.467944
v -0.775472 11.500003 11.335643
v -1.717452 12.500002 10.945461
v -1.717452 12.500002 10.945461
v -0.775472 11.500003 11.335643
v -0.509797 11.500002 9.999998
v -1.529388 12.500002 9.999998
v -1.529388 12.500002 9.999998
v -0.509797 11.500002 9.999998
v -0.775473 11.500002 8.664353
v -1.717452 12.500002 9.054535
v -1.717452 12.500002 9.054535
v -0.775473 11.500002 8.664353
v -1.532054 11.500001 7.532053
v -2.253014 12.500002 8.253012
v -2.253014 12.500002 8.253012
v -1.532054 11.500001 7.532053
v -2.664359 11.500001 6.775470
v -3.054540 12.500001 7.717449
v -3.054540 12.500001 7.717449
v -2.664359 11.500001 6.775470
v -4.000001 11.500001 6.509795
v -4.000001 12.500001 7.529385
v -5.746988 14.500002 8.253011
v -4.873495 14.500002 9.126504
v -4.472732 14.500002 8.858723
v -4.945463 14.500001 7.717449
v -6.282550 12.500002 10.945461
v -6.282550 13.500002 10.945461
v -6.470614 13.500002 9.999998
v -6.470614 12.500002 9.999998
v -1.717452 12.500002 9.054535
v -1.717452 13.500002 9.054535
v -1.529388 13.500002 9.999998
v -1.529388 12.500002 9.999998
v -5.746988 12.500003 11.746984
v -5.746988 13.500003 11.746984
v -6.282550 13.500002 10.945461
v -6.282550 12.500002 10.945461
v -2.253014 12.500002 8.253012
v -2.253014 13.500002 8.253012
v -1.717452 13.500002 9.054535
v -1.717452 12.500002 9.054535
v -4.945463 12.500003 12.282547
v -4.945463 13.500003 12.282547
v -5.746988 13.500003 11.746984
v -5.746988 12.500003 11.746984
v -3.054540 12.500001 7.717449
v -3.054540 13.500001 7.717449
v -2.253014 13.500002 8.253012
v -2.253014 12.500002 8.253012
v -4.000001 12.500003 12.470612
v -4.000001 13.500003 12.470612
v -4.945463 13.500003 12.282547
v -4.945463 12.500003 12.282547
v -4.945463 12.500001 7.717449
v -4.945463 13.500001 7.717449
v -4.000001 13.500001 7.529385
v -4.000001 12.500001 7.529385
v -4.000001 12.500001 7.529385
v -4.000001 13.500001 7.529385
v -3.054540 13.500001 7.717449
v -3.054540 12.500001 7.717449
v -3.054539 12.500003 12.282547
v -3.054539 13.500003 12.282547
v -4.000001 13.500003 12.470612
v -4.000001 12.500003 12.470612
v -5.746988 12.500002 8.253012
v -5.746988 13.500002 8.253012
v -4.945463 13.500001 7.717449
v -4.945463 12.500001 7.717449
v -2.253013 12.500003 11.746984
v -2.253013 13.500003 11.746984
v -3.054539 13.500003 12.282547
v -3.054539 12.500003 12.282547
v -6.282550 12.500002 9.054535
v -6.282550 13.500002 9.054535
v -5.746988 13.500002 8.253012
v -5.746988 12.500002 8.253012
v -1.717452 12.500002 10.945461
v -1.717452 13.500002 10.945461
v -2.253013 13.500003 11.746984
v -2.253013 12.500003 11.746984
v -6.470614 12.500002 9.999998
v -6.470614 13.500002 9.999998
v -6.282550 13.500002 9.054535
v -6.282550 12.500002 9.054535
v -2.858727 14.500002 9.527266
v -2.858727 15.000002 9.527266
v -2.764695 15.000002 9.999997
v -2.764695 14.500002 9.999997
v -2.253014 14.500003 11.746984
v -3.126507 14.500002 10.873490
v -3.527270 14.500003 11.141272
v -3.054539 14.500003 12.282546
v -6.282550 14.500002 9.054534
v -5.141276 14.500002 9.527266
v -1.717452 14.500002 10.945460
v -2.858727 14.500002 10.472729
v -3.126507 14.500002 10.873490
v -2.253014 14.500003 11.746984
v -6.470614 14.500002 9.999997
v -5.235308 14.500002 9.999997
v -1.529388 14.500002 9.999997
v -2.764695 14.500002 9.999997
v -6.282550 14.500002 10.945460
v -5.141276 14.500002 10.472729
v -1.717452 14.500002 9.054534
v -2.858727 14.500002 9.527266
v -5.746988 14.500003 11.746984
v -4.873495 14.500002 10.873490
v -2.253014 14.500002 8.253011
v -3.126508 14.500002 9.126504
v -4.945463 14.500003 12.282546
v -4.472732 14.500003 11.141272
v -3.054540 14.500001 7.717449
v -3.527271 14.500002 8.858723
v -4.000001 14.500003 12.470611
v -4.000001 14.500003 11.235304
v -4.000001 14.500002 8.764690
v -4.000001 14.500001 7.529385
v -4.000001 14.500001 7.529385
v -4.000001 14.500002 8.764690
v -3.527271 14.500002 8.858723
v -3.054540 14.500001 7.717449
v -3.054539 14.500003 12.282546
v -3.527270 14.500003 11.141272
v -4.000001 13.500001 7.019589
v -4.000001 13.500001 7.529385
v -4.945463 13.500001 7.717449
v -5.140553 13.500001 7.246459
v -5.140553 13.500001 7.246459
v -4.945463 13.500001 7.717449
v -5.746988 13.500002 8.253012
v -6.107468 13.500002 7.892532
v -6.107468 13.500002 7.892532
v -5.746988 13.500002 8.253012
v -6.282550 13.500002 9.054535
v -6.753540 13.500002 8.859445
v -6.753540 13.500002 8.859445
v -6.282550 13.500002 9.054535
v -6.470614 13.500002 9.999998
v -6.980410 13.500002 9.999998
v -6.980410 13.500002 9.999998
v -6.470614 13.500002 9.999998
v -6.282550 13.500002 10.945461
v -6.753540 13.500003 11.140552
v -6.753540 13.500003 11.140552
v -6.282550 13.500002 10.945461
v -5.746988 13.500003 11.746984
v -6.107468 13.500003 12.107465
v -6.107468 13.500003 12.107465
v -5.746988 13.500003 11.746984
v -4.945463 13.500003 12.282547
v -5.140553 13.500003 12.753536
v -5.140553 13.500003 12.753536
v -4.945463 13.500003 12.282547
v -4.000001 13.500003 12.470612
v -4.000001 13.500003 12.980407
v -4.000001 13.500003 12.980407
v -4.000001 13.500003 12.470612
v -3.054539 13.500003 12.282547
v -2.859449 13.500003 12.753536
v -2.859449 13.500003 12.753536
v -3.054539 13.500003 12.282547
v -2.253013 13.500003 11.746984
v -1.892534 13.500003 12.107465
v -1.892534 13.500003 12.107465
v -2.253013 13.500003 11.746984
v -1.717452 13.500002 10.945461
v -1.246462 13.500003 11.140552
v -1.246462 13.500003 11.140552
v -1.717452 13.500002 10.945461
v -1.529388 13.500002 9.999998
v -1.019592 13.500002 9.999998
v -1.019592 13.500002 9.999998
v -1.529388 13.500002 9.999998
v -1.717452 13.500002 9.054535
v -1.246463 13.500002 8.859445
v -1.246463 13.500002 8.859445
v -1.717452 13.500002 9.054535
v -2.253014 13.500002 8.253012
v -1.892534 13.500002 7.892532
v -1.892534 13.500002 7.892532
v -2.253014 13.500002 8.253012
v -3.054540 13.500001 7.717449
v -2.859449 13.500001 7.246459
v -2.859449 13.500001 7.246459
v -3.054540 13.500001 7.717449
v -4.000001 13.500001 7.529385
v -4.000001 13.500001 7.019589
v -6.107468 13.500002 7.892532
v -6.107468 14.000002 7.892532
v -5.140553 14.000001 7.246459
v -5.140553 13.500001 7.246459
v -4.000001 13.500001 7.019589
v -4.000001 14.000001 7.019589
v -2.859449 14.000001 7.246459
v -2.859449 13.500001 7.246459
v -6.980410 13.500002 9.999998
v -6.980410 14.000002 9.999998
v -6.753540 14.000002 8.859445
v -6.753540 13.500002 8.859445
v -6.753540 13.500003 11.140552
v -6.753540 14.000003 11.140552
v -6.980410 14.000002 9.999998
v -6.980410 13.500002 9.999998
v -6.107468 13.500003 12.107465
v -6.107468 14.000003 12.107465
v -6.753540 14.000003 11.140552
v -6.753540 13.500003 11.140552
v -5.140553 13.500003 12.753536
v -5.140553 14.000003 12.753536
v -6.107468 14.000003 12.107465
v -6.107468 13.500003 12.107465
v -4.000001 13.500003 12.980407
v -4.000001 14.000003 12.980407
v -5.140553 14.000003 12.753536
v -5.140553 13.500003 12.753536
v -2.859449 13.500003 12.753536
v -2.859449 14.000003 12.753536
v -4.000001 14.000003 12.980407
v -4.000001 13.500003 12.980407
v -1.892534 13.500003 12.107465
v -1.892534 14.000003 12.107465
v -2.859449 14.000003 12.753536
v -2.859449 13.500003 12.753536
v -1.246462 13.500003 11.140552
v -1.246462 14.000003 11.140552
v -1.892534 14.000003 12.107465
v -1.892534 13.500003 12.107465
v -1.019592 13.500002 9.999998
v -1.019592 14.000002 9.999998
v -1.246462 14.000003 11.140552
v -1.246462 13.500003 11.140552
v -1.246463 13.500002 8.859445
v -1.246463 14.000002 8.859445
v -1.019592 14.000002 9.999998
v -1.019592 13.500002 9.999998
v -1.892534 13.500002 7.892532
v -1.892534 14.000002 7.892532
v -1.246463 14.000002 8.859445
v -1.246463 13.500002 8.859445
v -2.859449 13.500001 7.246459
v -2.859449 14.000001 7.246459
v -1.892534 14.000002 7.892532
v -1.892534 13.500002 7.892532
v -6.753540 13.500002 8.859445
v -6.753540 14.000002 8.859445
v -6.107468 14.000002 7.892532
v -6.107468 13.500002 7.892532
v -5.140553 14.000001 7.246459
v -4.945463 14.500001 7.717449
v -4.000001 14.500001 7.529385
v -4.000001 14.000001 7.019589
v -6.107468 14.000002 7.892532
v -5.746988 14.500002 8.253011
v -4.945463 14.500001 7.717449
v -5.140553 14.000001 7.246459
v -6.753540 14.000002 8.859445
v -6.282550 14.500002 9.054534
v -5.746988 14.500002 8.253011
v -6.107468 14.000002 7.892532
v -6.980410 14.000002 9.999998
v -6.470614 14.500002 9.999997
v -6.282550 14.500002 9.054534
v -6.753540 14.000002 8.859445
v -6.753540 14.000003 11.140552
v -6.282550 14.500002 10.945460
v -6.470614 14.500002 9.999997
v -6.980410 14.000002 9.999998
v -6.107468 14.000003 12.107465
v -5.746988 14.500003 11.746984
v -6.282550 14.500002 10.945460
v -6.753540 14.000003 11.140552
v -5.140553 14.000003 12.753536
v -4.945463 14.500003 12.282546
v -5.746988 14.500003 11.746984
v -6.107468 14.000003 12.107465
v -4.000001 14.000003 12.980407
v -4.000001 14.500003 12.470611
v -4.945463 14.500003 12.282546
v -5.140553 14.000003 12.753536
v -2.859449 14.000003 12.753536
v -3.054539 14.500003 12.282546
v -4.000001 14.500003 12.470611
v -4.000001 14.000003 12.980407
v -1.892534 14.000003 12.107465
v -2.253014 14.500003 11.746984
v -3.054539 14.500003 12.282546
v -2.859449 14.000003 12.753536
v -1.246462 14.000003 11.140552
v -1.717452 14.500002 10.945460
v -2.253014 14.500003 11.746984
v -1.892534 14.000003 12.107465
v -1.019592 14.000002 9.999998
v -1.529388 14.500002 9.999997
v -1.717452 14.500002 10.945460
v -1.246462 14.000003 11.140552
v -1.246463 14.000002 8.859445
v -1.717452 14.500002 9.054534
v -1.529388 14.500002 9.999997
v -1.019592 14.000002 9.999998
v -1.892534 14.000002 7.892532
v -2.253014 14.500002 8.253011
v -1.717452 14.500002 9.054534
v -1.246463 14.000002 8.859445
v -2.859449 14.000001 7.246459
v -3.054540 14.500001 7.717449
v -2.253014 14.500002 8.253011
v -1.892534 14.000002 7.892532
v -4.000001 14.000001 7.019589
v -4.000001 14.500001 7.529385
v -3.054540 14.500001 7.717449
v -2.859449 14.000001 7.246459
v -5.140553 13.500001 7.246459
v -5.140553 14.000001 7.246459
v -4.000001 14.000001 7.019589
v -4.000001 13.500001 7.019589
v -4.873495 14.500002 10.873490
v -4.873495 15.000002 10.873490
v -5.141276 15.000002 10.472729
v -5.141276 14.500002 10.472729
v -3.126508 14.500002 9.126504
v -3.126508 15.000002 9.126504
v -2.858727 15.000002 9.527266
v -2.858727 14.500002 9.527266
v -4.472732 14.500003 11.141272
v -4.472732 15.000003 11.141272
v -4.873495 15.000002 10.873490
v -4.873495 14.500002 10.873490
v -3.527271 14.500002 8.858723
v -3.527271 15.000002 8.858723
v -3.126508 15.000002 9.126504
v -3.126508 14.500002 9.126504
v -4.000001 14.500003 11.235304
v -4.000001 15.000003 11.235304
v -4.472732 15.000003 11.141272
v -4.472732 14.500003 11.141272
v -4.472732 14.500002 8.858723
v -4.472732 15.000002 8.858723
v -4.000001 15.000002 8.764690
v -4.000001 14.500002 8.764690
v -4.000001 14.500002 8.764690
v -4.000001 15.000002 8.764690
v -3.527271 15.000002 8.858723
v -3.527271 14.500002 8.858723
v -3.527270 14.500003 11.141272
v -3.527270 15.000003 11.141272
v -4.000001 15.000003 11.235304
v -4.000001 14.500003 11.235304
v -4.873495 14.500002 9.126504
v -4.873495 15.000002 9.126504
v -4.472732 15.000002 8.858723
v -4.472732 14.500002 8.858723
v -3.126507 14.500002 10.873490
v -3.126507 15.000002 10.873490
v -3.527270 15.000003 11.141272
v -3.527270 14.500003 11.141272
v -5.141276 14.500002 9.527266
v -5.141276 15.000002 9.527266
v -4.873495 15.000002 9.126504
v -4.873495 14.500002 9.126504
v -2.858727 14.500002 10.472729
v -2.858727 15.000002 10.472729
v -3.126507 15.000002 10.873490
v -3.126507 14.500002 10.873490
v -5.235308 14.500002 9.999997
v -5.235308 15.000002 9.999997
v -5.141276 15.000002 9.527266
v -5.141276 14.500002 9.527266
v -2.764695 14.500002 9.999997
v -2.764695 15.000002 9.999997
v -2.858727 15.000002 10.472729
v -2.858727 14.500002 10.472729
v -5.141276 14.500002 10.472729
v -5.141276 15.000002 10.472729
v -5.235308 15.000002 9.999997
v -5.235308 14.500002 9.999997
v -3.414214 2.999997 -9.414210
v -3.414214 0.999997 -9.414209
v -4.000001 0.999997 -7.999997
v -4.000001 2.999997 -7.999998
v -1.382348 7.749996 -11.999998
v -1.382348 7.999996 -11.999999
v -1.563254 7.999996 -11.563252
v -1.563254 7.749996 -11.563251
v -4.000001 2.999997 -7.999998
v -4.000001 0.999997 -7.999997
v -3.414214 0.999998 -6.585784
v -3.414214 2.999998 -6.585784
v -2.617654 7.749996 -11.999998
v -2.617654 7.999996 -11.999999
v -2.436748 7.999996 -12.436746
v -2.436748 7.749996 -12.436745
v -3.414214 2.999998 -6.585784
v -3.414214 0.999998 -6.585784
v -2.000001 0.999998 -5.999997
v -2.000001 2.999998 -5.999998
v -1.563254 7.749996 -11.563251
v -1.563254 7.999996 -11.563252
v -2.000001 7.999996 -11.382345
v -2.000001 7.749996 -11.382344
v -2.000001 2.999998 -5.999998
v -2.000001 0.999998 -5.999997
v -0.585787 0.999998 -6.585784
v -0.585787 2.999998 -6.585784
v -2.436748 7.749996 -12.436745
v -2.436748 7.999996 -12.436746
v -2.000001 7.999996 -12.617653
v -2.000001 7.749996 -12.617652
v -0.585787 2.999998 -6.585784
v -0.585787 0.999998 -6.585784
v 0.000000 0.999997 -7.999997
v 0.000000 2.999997 -7.999998
v -2.000001 7.749996 -12.617652
v -2.000001 7.999996 -12.617653
v -1.563254 7.999996 -12.436746
v -1.563254 7.749996 -12.436745
v 0.000000 2.999997 -7.999998
v 0.000000 0.999997 -7.999997
v -0.585787 0.999997 -9.414209
v -0.585787 2.999997 -9.414210
v -2.000001 7.749996 -11.382344
v -2.000001 7.999996 -11.382345
v -2.436748 7.999996 -11.563252
v -2.436748 7.749996 -11.563251
v -0.585787 2.999997 -9.414210
v -0.585787 0.999997 -9.414209
v -2.000001 0.999997 -9.999996
v -2.000001 2.999997 -9.999997
v -2.000001 3.249997 -9.745100
v -3.233974 3.249997 -9.233971
v -3.233974 6.249997 -9.233972
v -2.000001 6.249997 -9.745101
v -2.000001 3.249997 -9.745100
v -2.000001 2.999997 -9.999997
v -3.414214 2.999997 -9.414210
v -3.233974 3.249997 -9.233971
v -2.000001 7.249995 -13.490203
v -3.053734 7.249996 -13.053731
v -3.053734 7.499996 -13.053731
v -2.000001 7.499995 -13.490203
v -3.233974 3.249997 -9.233971
v -3.414214 2.999997 -9.414210
v -4.000001 2.999997 -7.999998
v -3.745103 3.249997 -7.999998
v -2.000001 7.499995 -13.490203
v -2.000001 7.749996 -13.235305
v -1.126507 7.749996 -12.873491
v -0.946267 7.499996 -13.053731
v -3.745103 3.249997 -7.999998
v -4.000001 2.999997 -7.999998
v -3.414214 2.999998 -6.585784
v -3.233974 3.249998 -6.766024
v -0.946267 7.499996 -13.053731
v -1.126507 7.749996 -12.873491
v -0.764694 7.749996 -11.999998
v -0.509796 7.499996 -11.999998
v -3.233974 3.249998 -6.766024
v -3.414214 2.999998 -6.585784
v -2.000001 2.999998 -5.999998
v -2.000001 3.249998 -6.254895
v -0.509796 7.499996 -11.999998
v -0.764694 7.749996 -11.999998
v -1.126507 7.749996 -11.126505
v -0.946267 7.499996 -10.946265
v -2.000001 3.249998 -6.254895
v -2.000001 2.999998 -5.999998
v -0.585787 2.999998 -6.585784
v -0.766027 3.249998 -6.766024
v -0.946267 7.499996 -10.946265
v -1.126507 7.749996 -11.126505
v -2.000001 7.749996 -10.764691
v -2.000001 7.499996 -10.509793
v -0.766027 3.249998 -6.766024
v -0.585787 2.999998 -6.585784
v 0.000000 2.999997 -7.999998
v -0.254899 3.249997 -7.999998
v -2.000001 7.499996 -10.509793
v -2.000001 7.749996 -10.764691
v -2.873494 7.749996 -11.126505
v -3.053734 7.499996 -10.946265
v -0.254899 3.249997 -7.999998
v 0.000000 2.999997 -7.999998
v -0.585787 2.999997 -9.414210
v -0.766027 3.249997 -9.233971
v -3.053734 7.499996 -10.946265
v -2.873494 7.749996 -11.126505
v -3.235308 7.749996 -11.999998
v -3.490205 7.499996 -11.999998
v -0.766027 3.249997 -9.233971
v -0.585787 2.999997 -9.414210
v -2.000001 2.999997 -9.999997
v -2.000001 3.249997 -9.745100
v -3.490205 7.499996 -11.999998
v -3.235308 7.749996 -11.999998
v -2.873494 7.749996 -12.873491
v -3.053734 7.499996 -13.053731
v -0.766027 3.249998 -6.766024
v -0.766027 6.249998 -6.766025
v -2.000001 6.249998 -6.254896
v -2.000001 3.249998 -6.254895
v -1.126507 7.749996 -12.873491
v -1.563254 7.749996 -12.436745
v -1.382348 7.749996 -11.999998
v -0.764694 7.749996 -11.999998
v -2.873494 6.749997 -7.126505
v -2.873494 7.249997 -7.126506
v -3.235308 7.249997 -7.999999
v -3.235308 6.749997 -7.999999
v -3.745103 3.249997 -7.999998
v -3.745103 6.249997 -7.999999
v -3.233974 6.249997 -9.233972
v -3.233974 3.249997 -9.233971
v -1.563254 7.749996 -11.563251
v -1.126507 7.749996 -11.126505
v -0.254899 3.249997 -7.999998
v -0.254899 6.249997 -7.999999
v -0.766027 6.249998 -6.766025
v -0.766027 3.249998 -6.766024
v -3.233974 3.249998 -6.766024
v -3.233974 6.249998 -6.766025
v -3.745103 6.249997 -7.999999
v -3.745103 3.249997 -7.999998
v -2.000001 7.749996 -10.764691
v -2.000001 7.749996 -11.382344
v -2.436748 7.749996 -11.563251
v -2.873494 7.749996 -11.126505
v -2.617654 7.749996 -11.999998
v -3.235308 7.749996 -11.999998
v -0.766027 3.249997 -9.233971
v -0.766027 6.249997 -9.233972
v -0.254899 6.249997 -7.999999
v -0.254899 3.249997 -7.999998
v -2.000001 3.249998 -6.254895
v -2.000001 6.249998 -6.254896
v -3.233974 6.249998 -6.766025
v -3.233974 3.249998 -6.766024
v -2.436748 7.749996 -12.436745
v -2.873494 7.749996 -12.873491
v -2.000001 7.749996 -13.235305
v -2.000001 7.749996 -12.617652
v -2.000001 3.249997 -9.745100
v -2.000001 6.249997 -9.745101
v -0.766027 6.249997 -9.233972
v -0.766027 3.249997 -9.233971
v -2.000001 6.749997 -9.235305
v -2.000001 6.249997 -9.745101
v -3.233974 6.249997 -9.233972
v -2.873494 6.749997 -8.873491
v -3.053734 7.499996 -13.053731
v -2.873494 7.749996 -12.873491
v -2.000001 7.749996 -13.235305
v -2.000001 7.499995 -13.490203
v -2.873494 6.749997 -8.873491
v -3.233974 6.249997 -9.233972
v -3.745103 6.249997 -7.999999
v -3.235308 6.749997 -7.999999
v -0.946267 7.249996 -13.053731
v -1.126507 7.249996 -12.873491
v -2.000001 7.249996 -13.235305
v -2.000001 7.249995 -13.490203
v -3.235308 6.749997 -7.999999
v -3.745103 6.249997 -7.999999
v -3.233974 6.249998 -6.766025
v -2.873494 6.749997 -7.126505
v -0.509796 7.249996 -11.999998
v -0.764694 7.249996 -11.999998
v -1.126507 7.249996 -12.873491
v -0.946267 7.249996 -13.053731
v -2.873494 6.749997 -7.126505
v -3.233974 6.249998 -6.766025
v -2.000001 6.249998 -6.254896
v -2.000001 6.749998 -6.764692
v -0.946267 7.249996 -10.946265
v -1.126507 7.249996 -11.126505
v -0.764694 7.249996 -11.999998
v -0.509796 7.249996 -11.999998
v -2.000001 6.749998 -6.764692
v -2.000001 6.249998 -6.254896
v -0.766027 6.249998 -6.766025
v -1.126507 6.749997 -7.126505
v -2.000001 7.249996 -10.509793
v -2.000001 7.249996 -10.764691
v -1.126507 6.749997 -7.126505
v -0.766027 6.249998 -6.766025
v -0.254899 6.249997 -7.999999
v -0.764694 6.749997 -7.999999
v -3.053734 7.249996 -10.946265
v -2.873494 7.249996 -11.126505
v -2.000001 7.249996 -10.764691
v -2.000001 7.249996 -10.509793
v -0.764694 6.749997 -7.999999
v -0.254899 6.249997 -7.999999
v -0.766027 6.249997 -9.233972
v -1.126507 6.749997 -8.873491
v -3.490205 7.249996 -11.999998
v -3.235308 7.249996 -11.999998
v -2.873494 7.249996 -11.126505
v -3.053734 7.249996 -10.946265
v -1.126507 6.749997 -8.873491
v -0.766027 6.249997 -9.233972
v -2.000001 6.249997 -9.745101
v -2.000001 6.749997 -9.235305
v -3.053734 7.249996 -13.053731
v -2.873494 7.249996 -12.873491
v -3.235308 7.249996 -11.999998
v -3.490205 7.249996 -11.999998
v -1.126507 6.749997 -7.126505
v -0.764694 6.749997 -7.999999
v -0.764694 7.249997 -7.999999
v -1.126507 7.249997 -7.126506
v -3.053734 7.249996 -13.053731
v -3.490205 7.249996 -11.999998
v -3.490205 7.499996 -11.999998
v -3.053734 7.499996 -13.053731
v -0.946267 7.249997 -9.053731
v -2.000001 7.249997 -9.490203
v -2.000001 7.499997 -9.490203
v -0.946267 7.499997 -9.053731
v -1.126507 6.749997 -8.873491
v -1.126507 7.249997 -8.873491
v -0.764694 7.249997 -7.999999
v -0.764694 6.749997 -7.999999
v -2.000001 6.749998 -6.764692
v -2.000001 7.249998 -6.764692
v -2.873494 7.249997 -7.126506
v -2.873494 6.749997 -7.126505
v -1.563254 7.749996 -12.436745
v -1.563254 7.999996 -12.436746
v -1.382348 7.999996 -11.999999
v -1.382348 7.749996 -11.999998
v -2.000001 7.249996 -10.509793
v -2.000001 7.499996 -10.509793
v -3.053734 7.499996 -10.946265
v -3.053734 7.249996 -10.946265
v -2.000001 6.749997 -9.235305
v -2.000001 7.249997 -9.235305
v -1.126507 7.249997 -8.873491
v -1.126507 6.749997 -8.873491
v -2.873494 6.749997 -8.873491
v -2.873494 7.249997 -8.873491
v -2.000001 7.249997 -9.235305
v -2.000001 6.749997 -9.235305
v -0.946267 7.249996 -13.053731
v -0.946267 7.499996 -13.053731
v -0.509796 7.499996 -11.999998
v -0.509796 7.249996 -11.999998
v -1.126507 6.749997 -7.126505
v -1.126507 7.249997 -7.126506
v -2.000001 7.249998 -6.764692
v -2.000001 6.749998 -6.764692
v -3.053734 7.249996 -10.946265
v -3.053734 7.499996 -10.946265
v -3.490205 7.499996 -11.999998
v -3.490205 7.249996 -11.999998
v -3.235308 6.749997 -7.999999
v -3.235308 7.249997 -7.999999
v -2.873494 7.249997 -8.873491
v -2.873494 6.749997 -8.873491
v -0.509796 7.249996 -11.999998
v -0.509796 7.499996 -11.999998
v -0.946267 7.499996 -10.946265
v -0.946267 7.249996 -10.946265
v -2.617654 7.749996 -11.999998
v -2.436748 7.749996 -11.563251
v -2.436748 7.999996 -11.563252
v -2.617654 7.999996 -11.999999
v -2.000001 7.249997 -9.490203
v -2.000001 7.249997 -9.235305
v -2.873494 7.249997 -8.873491
v -3.053734 7.249997 -9.053731
v -0.946267 7.249996 -10.946265
v -0.946267 7.499996 -10.946265
v -2.000001 7.499996 -10.509793
v -2.000001 7.249996 -10.509793
v -2.000001 7.249995 -13.490203
v -2.000001 7.249996 -13.235305
v -2.617654 7.749997 -7.999999
v -2.436748 7.749997 -7.563252
v -2.436748 7.999997 -7.563252
v -2.617654 7.999997 -7.999999
v -0.509796 7.249997 -7.999999
v -0.509796 7.499997 -7.999999
v -0.946267 7.499998 -6.946266
v -0.946267 7.249998 -6.946266
v -3.053734 7.249998 -6.946266
v -3.053734 7.499998 -6.946266
v -3.490205 7.499997 -7.999999
v -3.490205 7.249997 -7.999999
v -0.946267 7.249997 -9.053731
v -0.946267 7.499997 -9.053731
v -0.509796 7.499997 -7.999999
v -0.509796 7.249997 -7.999999
v -3.745103 3.249996 -11.999997
v -3.745103 6.249996 -11.999998
v -3.233974 6.249996 -13.233972
v -3.233974 3.249996 -13.233971
v -3.745103 3.249996 -11.999997
v -4.000001 2.999996 -11.999997
v -3.414214 2.999997 -10.585784
v -3.233974 3.249996 -10.766024
v -2.000001 7.249998 -6.509794
v -2.000001 7.499998 -6.509794
v -3.053734 7.499998 -6.946266
v -3.053734 7.249998 -6.946266
v -1.563254 7.749997 -8.436745
v -1.563254 7.999997 -8.436746
v -1.382348 7.999997 -7.999999
v -1.382348 7.749997 -7.999999
v -0.766027 3.249996 -10.766024
v -0.766027 6.249996 -10.766025
v -2.000001 6.249996 -10.254895
v -2.000001 3.249997 -10.254894
v -0.946267 7.249998 -6.946266
v -0.946267 7.499998 -6.946266
v -2.000001 7.499998 -6.509794
v -2.000001 7.249998 -6.509794
v -3.053734 7.249997 -9.053731
v -3.490205 7.249997 -7.999999
v -3.490205 7.499997 -7.999999
v -3.053734 7.499997 -9.053731
v -0.254899 3.249996 -11.999997
v 0.000000 2.999996 -11.999997
v -0.585787 2.999996 -13.414210
v -0.766027 3.249996 -13.233971
v -2.000001 3.249997 -10.254894
v -2.000001 6.249996 -10.254895
v -3.233974 6.249996 -10.766025
v -3.233974 3.249996 -10.766024
v -3.233974 3.249996 -10.766024
v -3.233974 6.249996 -10.766025
v -3.745103 6.249996 -11.999998
v -3.745103 3.249996 -11.999997
v -2.000001 3.249997 -10.254894
v -2.000001 2.999997 -9.999997
v -0.585787 2.999997 -10.585784
v -0.766027 3.249996 -10.766024
v -3.235308 7.249997 -7.999999
v -3.490205 7.249997 -7.999999
v -3.235308 6.749996 -11.999998
v -3.235308 7.249996 -11.999998
v -2.873494 7.249996 -12.873491
v -2.873494 6.749996 -12.873491
v -3.490205 7.249997 -7.999999
v -3.235308 7.249997 -7.999999
v -2.873494 7.249997 -7.126506
v -3.053734 7.249998 -6.946266
v -1.126507 6.749996 -11.126505
v -1.126507 7.249996 -11.126505
v -2.000001 7.249996 -10.764691
v -2.000001 6.749996 -10.764691
v -3.053734 7.249998 -6.946266
v -2.873494 7.249997 -7.126506
v -2.000001 7.249998 -6.764692
v -2.000001 7.249998 -6.509794
v -2.873494 6.749996 -12.873491
v -2.873494 7.249996 -12.873491
v -2.000001 7.249996 -13.235305
v -2.000001 6.749996 -13.235305
v -2.000001 7.249998 -6.509794
v -2.000001 7.249998 -6.764692
v -1.126507 7.249997 -7.126506
v -0.946267 7.249998 -6.946266
v -2.000001 6.749996 -13.235305
v -2.000001 7.249996 -13.235305
v -1.126507 7.249996 -12.873491
v -1.126507 6.749996 -12.873491
v -0.764694 7.249997 -7.999999
v -0.509796 7.249997 -7.999999
v -2.000001 6.749996 -10.764691
v -2.000001 7.249996 -10.764691
v -2.873494 7.249996 -11.126505
v -2.873494 6.749996 -11.126505
v -0.509796 7.249997 -7.999999
v -0.764694 7.249997 -7.999999
v -1.126507 7.249997 -8.873491
v -0.946267 7.249997 -9.053731
v -1.126507 6.749996 -12.873491
v -1.126507 7.249996 -12.873491
v -0.764694 7.249996 -11.999998
v -0.764694 6.749996 -11.999998
v -0.946267 7.249997 -9.053731
v -1.126507 7.249997 -8.873491
v -2.000001 7.249997 -9.235305
v -2.000001 7.249997 -9.490203
v -0.946267 7.249996 -13.053731
v -2.000001 7.249995 -13.490203
v -2.000001 7.499995 -13.490203
v -0.946267 7.499996 -13.053731
v -3.053734 7.499997 -9.053731
v -2.873494 7.749997 -8.873491
v -2.000001 7.749997 -9.235305
v -2.000001 7.499997 -9.490203
v -1.126507 6.749996 -11.126505
v -0.764694 6.749996 -11.999998
v -0.764694 7.249996 -11.999998
v -1.126507 7.249996 -11.126505
v -2.000001 7.749997 -9.235305
v -2.873494 7.749997 -8.873491
v -2.436748 7.749997 -8.436745
v -2.000001 7.749997 -8.617652
v -1.563254 7.749997 -8.436745
v -1.126507 7.749997 -8.873491
v -3.235308 7.749997 -7.999999
v -2.617654 7.749997 -7.999999
v -2.873494 7.749997 -7.126506
v -2.436748 7.749997 -7.563252
v -2.873494 6.749996 -11.126505
v -2.873494 7.249996 -11.126505
v -3.235308 7.249996 -11.999998
v -3.235308 6.749996 -11.999998
v -2.000001 7.749998 -6.764692
v -2.000001 7.749997 -7.382345
v -0.766027 3.249996 -13.233971
v -0.585787 2.999996 -13.414210
v -2.000001 2.999995 -13.999997
v -2.000001 3.249996 -13.745100
v -1.126507 7.749997 -7.126506
v -1.563254 7.749997 -7.563252
v -0.766027 3.249996 -10.766024
v -0.585787 2.999997 -10.585784
v 0.000000 2.999996 -11.999997
v -0.254899 3.249996 -11.999997
v -0.764694 7.749997 -7.999999
v -1.382348 7.749997 -7.999999
v -3.233974 3.249996 -10.766024
v -3.414214 2.999997 -10.585784
v -2.000001 2.999997 -9.999997
v -2.000001 3.249997 -10.254894
v -3.233974 3.249996 -13.233971
v -3.414214 2.999996 -13.414210
v -4.000001 2.999996 -11.999997
v -3.745103 3.249996 -11.999997
v -0.766027 3.249996 -13.233971
v -0.766027 6.249996 -13.233972
v -0.254899 6.249996 -11.999998
v -0.254899 3.249996 -11.999997
v -0.254899 3.249996 -11.999997
v -0.254899 6.249996 -11.999998
v -0.766027 6.249996 -10.766025
v -0.766027 3.249996 -10.766024
v -3.490205 7.499997 -7.999999
v -3.235308 7.749997 -7.999999
v -2.873494 7.749997 -8.873491
v -3.053734 7.499997 -9.053731
v -1.126507 6.749996 -12.873491
v -0.766027 6.249996 -13.233972
v -2.000001 6.249995 -13.745101
v -2.000001 6.749996 -13.235305
v -3.053734 7.499998 -6.946266
v -2.873494 7.749997 -7.126506
v -3.235308 7.749997 -7.999999
v -3.490205 7.499997 -7.999999
v -0.764694 6.749996 -11.999998
v -0.254899 6.249996 -11.999998
v -0.766027 6.249996 -13.233972
v -1.126507 6.749996 -12.873491
v -2.000001 7.499998 -6.509794
v -2.000001 7.749998 -6.764692
v -2.873494 7.749997 -7.126506
v -3.053734 7.499998 -6.946266
v -1.126507 6.749996 -11.126505
v -0.766027 6.249996 -10.766025
v -0.254899 6.249996 -11.999998
v -0.764694 6.749996 -11.999998
v -0.946267 7.499998 -6.946266
v -1.126507 7.749997 -7.126506
v -2.000001 7.749998 -6.764692
v -2.000001 7.499998 -6.509794
v -2.000001 6.749996 -10.764691
v -2.000001 6.249996 -10.254895
v -0.766027 6.249996 -10.766025
v -1.126507 6.749996 -11.126505
v -0.509796 7.499997 -7.999999
v -0.764694 7.749997 -7.999999
v -1.126507 7.749997 -7.126506
v -0.946267 7.499998 -6.946266
v -2.873494 6.749996 -11.126505
v -3.233974 6.249996 -10.766025
v -2.000001 6.249996 -10.254895
v -2.000001 6.749996 -10.764691
v -0.946267 7.499997 -9.053731
v -1.126507 7.749997 -8.873491
v -0.764694 7.749997 -7.999999
v -0.509796 7.499997 -7.999999
v -3.235308 6.749996 -11.999998
v -3.745103 6.249996 -11.999998
v -3.233974 6.249996 -10.766025
v -2.873494 6.749996 -11.126505
v -2.000001 7.499997 -9.490203
v -2.000001 7.749997 -9.235305
v -1.126507 7.749997 -8.873491
v -0.946267 7.499997 -9.053731
v -2.873494 6.749996 -12.873491
v -3.233974 6.249996 -13.233972
v -3.745103 6.249996 -11.999998
v -3.235308 6.749996 -11.999998
v -2.000001 7.249997 -9.490203
v -3.053734 7.249997 -9.053731
v -3.053734 7.499997 -9.053731
v -2.000001 7.499997 -9.490203
v -2.000001 6.749996 -13.235305
v -2.000001 6.249995 -13.745101
v -3.233974 6.249996 -13.233972
v -2.873494 6.749996 -12.873491
v -2.000001 3.249996 -13.745100
v -2.000001 6.249995 -13.745101
v -0.766027 6.249996 -13.233972
v -0.766027 3.249996 -13.233971
v -2.000001 7.749997 -7.382345
v -2.000001 7.999997 -7.382345
v -2.436748 7.999997 -7.563252
v -2.436748 7.749997 -7.563252
v -2.000001 3.249996 -13.745100
v -2.000001 2.999995 -13.999997
v -3.414214 2.999996 -13.414210
v -3.233974 3.249996 -13.233971
v -2.000001 7.749997 -8.617652
v -2.000001 7.999997 -8.617653
v -1.563254 7.999997 -8.436746
v -1.563254 7.749997 -8.436745
v -2.436748 7.749997 -8.436745
v -2.436748 7.999997 -8.436746
v -2.000001 7.999997 -8.617653
v -2.000001 7.749997 -8.617652
v -0.585787 2.999996 -13.414210
v -0.585787 0.999996 -13.414209
v -2.000001 0.999996 -13.999996
v -2.000001 2.999995 -13.999997
v -1.563254 7.749997 -7.563252
v -1.563254 7.999997 -7.563252
v -2.000001 7.999997 -7.382345
v -2.000001 7.749997 -7.382345
v 0.000000 2.999996 -11.999997
v 0.000000 0.999996 -11.999996
v -0.585787 0.999996 -13.414209
v -0.585787 2.999996 -13.414210
v -2.617654 7.749997 -7.999999
v -2.617654 7.999997 -7.999999
v -2.436748 7.999997 -8.436746
v -2.436748 7.749997 -8.436745
v -0.585787 2.999997 -10.585784
v -0.585787 0.999997 -10.585783
v 0.000000 0.999996 -11.999996
v 0.000000 2.999996 -11.999997
v -2.000001 2.999997 -9.999997
v -2.000001 0.999997 -9.999996
v -0.585787 0.999997 -10.585783
v -0.585787 2.999997 -10.585784
v -1.382348 7.749997 -7.999999
v -1.382348 7.999997 -7.999999
v -1.563254 7.999997 -7.563252
v -1.563254 7.749997 -7.563252
v -3.414214 2.999996 -13.414210
v -3.414214 0.999996 -13.414209
v -4.000001 0.999996 -11.999996
v -4.000001 2.999996 -11.999997
v -3.414214 2.999997 -10.585784
v -3.414214 0.999997 -10.585783
v -2.000001 0.999997 -9.999996
v -2.000001 2.999997 -9.999997
v -4.000001 2.999996 -11.999997
v -4.000001 0.999996 -11.999996
v -3.414214 0.999997 -10.585783
v -3.414214 2.999997 -10.585784
v -2.000001 3.249996 -13.745100
v -3.233974 3.249996 -13.233971
v -3.233974 6.249996 -13.233972
v -2.000001 6.249995 -13.745101
v -2.000001 2.999997 -9.999997
v -2.000001 0.999997 -9.999996
v -3.414214 0.999997 -9.414209
v -3.414214 2.999997 -9.414210
v -2.000001 2.999995 -13.999997
v -2.000001 0.999996 -13.999996
v -3.414214 0.999996 -13.414209
v -3.414214 2.999996 -13.414210
v -5.382348 7.749996 -11.999998
v -5.382348 7.999996 -11.999999
v -5.563254 7.999996 -11.563252
v -5.563254 7.749996 -11.563251
v -6.617654 7.749996 -11.999998
v -6.617654 7.999996 -11.999999
v -6.436748 7.999996 -12.436746
v -6.436748 7.749996 -12.436745
v -5.563254 7.749996 -11.563251
v -5.563254 7.999996 -11.563252
v -6.000001 7.999996 -11.382345
v -6.000001 7.749996 -11.382344
v -6.436748 7.749996 -12.436745
v -6.436748 7.999996 -12.436746
v -6.000001 7.999996 -12.617653
v -6.000001 7.749996 -12.617652
v -6.000001 7.749996 -12.617652
v -6.000001 7.999996 -12.617653
v -5.563254 7.999996 -12.436746
v -5.563254 7.749996 -12.436745
v -6.000001 7.749996 -11.382344
v -6.000001 7.999996 -11.382345
v -6.436748 7.999996 -11.563252
v -6.436748 7.749996 -11.563251
v -6.000001 7.249995 -13.490203
v -7.053734 7.249996 -13.053731
v -7.053734 7.499996 -13.053731
v -6.000001 7.499995 -13.490203
v -6.000001 7.499995 -13.490203
v -6.000001 7.749996 -13.235305
v -5.126507 7.749996 -12.873491
v -4.946267 7.499996 -13.053731
v -4.946267 7.499996 -13.053731
v -5.126507 7.749996 -12.873491
v -4.764694 7.749996 -11.999998
v -4.509796 7.499996 -11.999998
v -4.509796 7.499996 -11.999998
v -4.764694 7.749996 -11.999998
v -5.126507 7.749996 -11.126505
v -4.946267 7.499996 -10.946265
v -4.946267 7.499996 -10.946265
v -5.126507 7.749996 -11.126505
v -6.000001 7.749996 -10.764691
v -6.000001 7.499996 -10.509793
v -6.000001 7.499996 -10.509793
v -6.000001 7.749996 -10.764691
v -6.873494 7.749996 -11.126505
v -7.053734 7.499996 -10.946265
v -7.053734 7.499996 -10.946265
v -6.873494 7.749996 -11.126505
v -7.235308 7.749996 -11.999998
v -7.490205 7.499996 -11.999998
v -7.490205 7.499996 -11.999998
v -7.235308 7.749996 -11.999998
v -6.873494 7.749996 -12.873491
v -7.053734 7.499996 -13.053731
v -5.126507 7.749996 -12.873491
v -5.563254 7.749996 -12.436745
v -5.382348 7.749996 -11.999998
v -4.764694 7.749996 -11.999998
v -5.563254 7.749996 -11.563251
v -5.126507 7.749996 -11.126505
v -6.000001 7.749996 -10.764691
v -6.000001 7.749996 -11.382344
v -6.436748 7.749996 -11.563251
v -6.873494 7.749996 -11.126505
v -6.617654 7.749996 -11.999998
v -7.235308 7.749996 -11.999998
v -6.436748 7.749996 -12.436745
v -6.873494 7.749996 -12.873491
v -6.000001 7.749996 -13.235305
v -6.000001 7.749996 -12.617652
v -7.053734 7.499996 -13.053731
v -6.873494 7.749996 -12.873491
v -6.000001 7.749996 -13.235305
v -6.000001 7.499995 -13.490203
v -4.946267 7.249996 -13.053731
v -5.126507 7.249996 -12.873491
v -6.000001 7.249996 -13.235305
v -6.000001 7.249995 -13.490203
v -4.509796 7.249996 -11.999998
v -4.764694 7.249996 -11.999998
v -5.126507 7.249996 -12.873491
v -4.946267 7.249996 -13.053731
v -4.946267 7.249996 -10.946265
v -5.126507 7.249996 -11.126505
v -4.764694 7.249996 -11.999998
v -4.509796 7.249996 -11.999998
v -6.000001 7.249996 -10.509793
v -6.000001 7.249996 -10.764691
v -7.053734 7.249996 -10.946265
v -6.873494 7.249996 -11.126505
v -6.000001 7.249996 -10.764691
v -6.000001 7.249996 -10.509793
v -7.490205 7.249996 -11.999998
v -7.235308 7.249996 -11.999998
v -6.873494 7.249996 -11.126505
v -7.053734 7.249996 -10.946265
v -7.053734 7.249996 -13.053731
v -6.873494 7.249996 -12.873491
v -7.235308 7.249996 -11.999998
v -7.490205 7.249996 -11.999998
v -7.053734 7.249996 -13.053731
v -7.490205 7.249996 -11.999998
v -7.490205 7.499996 -11.999998
v -7.053734 7.499996 -13.053731
v -5.563254 7.749996 -12.436745
v -5.563254 7.999996 -12.436746
v -5.382348 7.999996 -11.999999
v -5.382348 7.749996 -11.999998
v -6.000001 7.249996 -10.509793
v -6.000001 7.499996 -10.509793
v -7.053734 7.499996 -10.946265
v -7.053734 7.249996 -10.946265
v -4.946267 7.249996 -13.053731
v -4.946267 7.499996 -13.053731
v -4.509796 7.499996 -11.999998
v -4.509796 7.249996 -11.999998
v -7.053734 7.249996 -10.946265
v -7.053734 7.499996 -10.946265
v -7.490205 7.499996 -11.999998
v -7.490205 7.249996 -11.999998
v -4.509796 7.249996 -11.999998
v -4.509796 7.499996 -11.999998
v -4.946267 7.499996 -10.946265
v -4.946267 7.249996 -10.946265
v -6.617654 7.749996 -11.999998
v -6.436748 7.749996 -11.563251
v -6.436748 7.999996 -11.563252
v -6.617654 7.999996 -11.999999
v -4.946267 7.249996 -10.946265
v -4.946267 7.499996 -10.946265
v -6.000001 7.499996 -10.509793
v -6.000001 7.249996 -10.509793
v -6.000001 7.249995 -13.490203
v -6.000001 7.249996 -13.235305
v -7.745103 3.249996 -11.999997
v -7.745103 6.249996 -11.999998
v -7.233974 6.249996 -13.233972
v -7.233974 3.249996 -13.233971
v -7.745103 3.249996 -11.999997
v -8.000001 2.999996 -11.999997
v -7.414214 2.999997 -10.585784
v -7.233974 3.249996 -10.766024
v -4.766027 3.249996 -10.766024
v -4.766027 6.249996 -10.766025
v -6.000001 6.249996 -10.254895
v -6.000001 3.249997 -10.254894
v -4.254899 3.249996 -11.999997
v -4.000000 2.999996 -11.999997
v -4.585787 2.999996 -13.414210
v -4.766027 3.249996 -13.233971
v -6.000001 3.249997 -10.254894
v -6.000001 6.249996 -10.254895
v -7.233974 6.249996 -10.766025
v -7.233974 3.249996 -10.766024
v -7.233974 3.249996 -10.766024
v -7.233974 6.249996 -10.766025
v -7.745103 6.249996 -11.999998
v -7.745103 3.249996 -11.999997
v -6.000001 3.249997 -10.254894
v -6.000001 2.999997 -9.999997
v -4.585787 2.999997 -10.585784
v -4.766027 3.249996 -10.766024
v -7.235308 6.749996 -11.999998
v -7.235308 7.249996 -11.999998
v -6.873494 7.249996 -12.873491
v -6.873494 6.749996 -12.873491
v -5.126507 6.749996 -11.126505
v -5.126507 7.249996 -11.126505
v -6.000001 7.249996 -10.764691
v -6.000001 6.749996 -10.764691
v -6.873494 6.749996 -12.873491
v -6.873494 7.249996 -12.873491
v -6.000001 7.249996 -13.235305
v -6.000001 6.749996 -13.235305
v -6.000001 6.749996 -13.235305
v -6.000001 7.249996 -13.235305
v -5.126507 7.249996 -12.873491
v -5.126507 6.749996 -12.873491
v -6.000001 6.749996 -10.764691
v -6.000001 7.249996 -10.764691
v -6.873494 7.249996 -11.126505
v -6.873494 6.749996 -11.126505
v -5.126507 6.749996 -12.873491
v -5.126507 7.249996 -12.873491
v -4.764694 7.249996 -11.999998
v -4.764694 6.749996 -11.999998
v -4.946267 7.249996 -13.053731
v -6.000001 7.249995 -13.490203
v -6.000001 7.499995 -13.490203
v -4.946267 7.499996 -13.053731
v -5.126507 6.749996 -11.126505
v -4.764694 6.749996 -11.999998
v -4.764694 7.249996 -11.999998
v -5.126507 7.249996 -11.126505
v -6.873494 6.749996 -11.126505
v -6.873494 7.249996 -11.126505
v -7.235308 7.249996 -11.999998
v -7.235308 6.749996 -11.999998
v -4.766027 3.249996 -13.233971
v -4.585787 2.999996 -13.414210
v -6.000001 2.999995 -13.999997
v -6.000001 3.249996 -13.745100
v -4.766027 3.249996 -10.766024
v -4.585787 2.999997 -10.585784
v -4.000000 2.999996 -11.999997
v -4.254899 3.249996 -11.999997
v -7.233974 3.249996 -10.766024
v -7.414214 2.999997 -10.585784
v -6.000001 2.999997 -9.999997
v -6.000001 3.249997 -10.254894
v -7.233974 3.249996 -13.233971
v -7.414214 2.999996 -13.414210
v -8.000001 2.999996 -11.999997
v -7.745103 3.249996 -11.999997
v -4.766027 3.249996 -13.233971
v -4.766027 6.249996 -13.233972
v -4.254899 6.249996 -11.999998
v -4.254899 3.249996 -11.999997
v -4.254899 3.249996 -11.999997
v -4.254899 6.249996 -11.999998
v -4.766027 6.249996 -10.766025
v -4.766027 3.249996 -10.766024
v -5.126507 6.749996 -12.873491
v -4.766027 6.249996 -13.233972
v -6.000001 6.249995 -13.745101
v -6.000001 6.749996 -13.235305
v -4.764694 6.749996 -11.999998
v -4.254899 6.249996 -11.999998
v -4.766027 6.249996 -13.233972
v -5.126507 6.749996 -12.873491
v -5.126507 6.749996 -11.126505
v -4.766027 6.249996 -10.766025
v -4.254899 6.249996 -11.999998
v -4.764694 6.749996 -11.999998
v -6.000001 6.749996 -10.764691
v -6.000001 6.249996 -10.254895
v -4.766027 6.249996 -10.766025
v -5.126507 6.749996 -11.126505
v -6.873494 6.749996 -11.126505
v -7.233974 6.249996 -10.766025
v -6.000001 6.249996 -10.254895
v -6.000001 6.749996 -10.764691
v -7.235308 6.749996 -11.999998
v -7.745103 6.249996 -11.999998
v -7.233974 6.249996 -10.766025
v -6.873494 6.749996 -11.126505
v -6.873494 6.749996 -12.873491
v -7.233974 6.249996 -13.233972
v -7.745103 6.249996 -11.999998
v -7.235308 6.749996 -11.999998
v -6.000001 6.749996 -13.235305
v -6.000001 6.249995 -13.745101
v -7.233974 6.249996 -13.233972
v -6.873494 6.749996 -12.873491
v -6.000001 3.249996 -13.745100
v -6.000001 6.249995 -13.745101
v -4.766027 6.249996 -13.233972
v -4.766027 3.249996 -13.233971
v -6.000001 3.249996 -13.745100
v -6.000001 2.999995 -13.999997
v -7.414214 2.999996 -13.414210
v -7.233974 3.249996 -13.233971
v -4.585787 2.999996 -13.414210
v -4.585787 0.999996 -13.414209
v -6.000001 0.999996 -13.999996
v -6.000001 2.999995 -13.999997
v -4.000000 2.999996 -11.999997
v -4.000000 0.999996 -11.999996
v -4.585787 0.999996 -13.414209
v -4.585787 2.999996 -13.414210
v -4.585787 2.999997 -10.585784
v -4.585787 0.999997 -10.585783
v -4.000000 0.999996 -11.999996
v -4.000000 2.999996 -11.999997
v -6.000001 2.999997 -9.999997
v -6.000001 0.999997 -9.999996
v -4.585787 0.999997 -10.585783
v -4.585787 2.999997 -10.585784
v -7.414214 2.999996 -13.414210
v -7.414214 0.999996 -13.414209
v -8.000001 0.999996 -11.999996
v -8.000001 2.999996 -11.999997
v -7.414214 2.999997 -10.585784
v -7.414214 0.999997 -10.585783
v -6.000001 0.999997 -9.999996
v -6.000001 2.999997 -9.999997
v -8.000001 2.999996 -11.999997
v -8.000001 0.999996 -11.999996
v -7.414214 0.999997 -10.585783
v -7.414214 2.999997 -10.585784
v -6.000001 3.249996 -13.745100
v -7.233974 3.249996 -13.233971
v -7.233974 6.249996 -13.233972
v -6.000001 6.249995 -13.745101
v -6.000001 2.999995 -13.999997
v -6.000001 0.999996 -13.999996
v -7.414214 0.999996 -13.414209
v -7.414214 2.999996 -13.414210
v -5.382348 7.749997 -7.999999
v -5.382348 7.999997 -7.999999
v -5.563254 7.999997 -7.563252
v -5.563254 7.749997 -7.563252
v -6.617654 7.749997 -7.999999
v -6.617654 7.999997 -7.999999
v -6.436748 7.999997 -8.436746
v -6.436748 7.749997 -8.436745
v -5.563254 7.749997 -7.563252
v -5.563254 7.999997 -7.563252
v -6.000001 7.999997 -7.382345
v -6.000001 7.749997 -7.382345
v -6.436748 7.749997 -8.436745
v -6.436748 7.999997 -8.436746
v -6.000001 7.999997 -8.617653
v -6.000001 7.749997 -8.617652
v -6.000001 7.749997 -8.617652
v -6.000001 7.999997 -8.617653
v -5.563254 7.999997 -8.436746
v -5.563254 7.749997 -8.436745
v -6.000001 7.749997 -7.382345
v -6.000001 7.999997 -7.382345
v -6.436748 7.999997 -7.563252
v -6.436748 7.749997 -7.563252
v -6.000001 7.249997 -9.490203
v -7.053734 7.249997 -9.053731
v -7.053734 7.499997 -9.053731
v -6.000001 7.499997 -9.490203
v -6.000001 7.499997 -9.490203
v -6.000001 7.749997 -9.235305
v -5.126507 7.749997 -8.873491
v -4.946267 7.499997 -9.053731
v -4.946267 7.499997 -9.053731
v -5.126507 7.749997 -8.873491
v -4.764694 7.749997 -7.999999
v -4.509796 7.499997 -7.999999
v -4.509796 7.499997 -7.999999
v -4.764694 7.749997 -7.999999
v -5.126507 7.749997 -7.126506
v -4.946267 7.499998 -6.946266
v -4.946267 7.499998 -6.946266
v -5.126507 7.749997 -7.126506
v -6.000001 7.749998 -6.764692
v -6.000001 7.499998 -6.509794
v -6.000001 7.499998 -6.509794
v -6.000001 7.749998 -6.764692
v -6.873494 7.749997 -7.126506
v -7.053734 7.499998 -6.946266
v -7.053734 7.499998 -6.946266
v -6.873494 7.749997 -7.126506
v -7.235308 7.749997 -7.999999
v -7.490205 7.499997 -7.999999
v -7.490205 7.499997 -7.999999
v -7.235308 7.749997 -7.999999
v -6.873494 7.749997 -8.873491
v -7.053734 7.499997 -9.053731
v -5.126507 7.749997 -8.873491
v -5.563254 7.749997 -8.436745
v -5.382348 7.749997 -7.999999
v -4.764694 7.749997 -7.999999
v -5.563254 7.749997 -7.563252
v -5.126507 7.749997 -7.126506
v -6.000001 7.749998 -6.764692
v -6.000001 7.749997 -7.382345
v -6.436748 7.749997 -7.563252
v -6.873494 7.749997 -7.126506
v -6.617654 7.749997 -7.999999
v -7.235308 7.749997 -7.999999
v -6.436748 7.749997 -8.436745
v -6.873494 7.749997 -8.873491
v -6.000001 7.749997 -9.235305
v -6.000001 7.749997 -8.617652
v -7.053734 7.499997 -9.053731
v -6.873494 7.749997 -8.873491
v -6.000001 7.749997 -9.235305
v -6.000001 7.499997 -9.490203
v -4.946267 7.249997 -9.053731
v -5.126507 7.249997 -8.873491
v -6.000001 7.249997 -9.235305
v -6.000001 7.249997 -9.490203
v -4.509796 7.249997 -7.999999
v -4.764694 7.249997 -7.999999
v -5.126507 7.249997 -8.873491
v -4.946267 7.249997 -9.053731
v -4.946267 7.249998 -6.946266
v -5.126507 7.249997 -7.126506
v -4.764694 7.249997 -7.999999
v -4.509796 7.249997 -7.999999
v -6.000001 7.249998 -6.509794
v -6.000001 7.249998 -6.764692
v -7.053734 7.249998 -6.946266
v -6.873494 7.249997 -7.126506
v -6.000001 7.249998 -6.764692
v -6.000001 7.249998 -6.509794
v -7.490205 7.249997 -7.999999
v -7.235308 7.249997 -7.999999
v -6.873494 7.249997 -7.126506
v -7.053734 7.249998 -6.946266
v -7.053734 7.249997 -9.053731
v -6.873494 7.249997 -8.873491
v -7.235308 7.249997 -7.999999
v -7.490205 7.249997 -7.999999
v -7.053734 7.249997 -9.053731
v -7.490205 7.249997 -7.999999
v -7.490205 7.499997 -7.999999
v -7.053734 7.499997 -9.053731
v -5.563254 7.749997 -8.436745
v -5.563254 7.999997 -8.436746
v -5.382348 7.999997 -7.999999
v -5.382348 7.749997 -7.999999
v -6.000001 7.249998 -6.509794
v -6.000001 7.499998 -6.509794
v -7.053734 7.499998 -6.946266
v -7.053734 7.249998 -6.946266
v -4.946267 7.249997 -9.053731
v -4.946267 7.499997 -9.053731
v -4.509796 7.499997 -7.999999
v -4.509796 7.249997 -7.999999
v -7.053734 7.249998 -6.946266
v -7.053734 7.499998 -6.946266
v -7.490205 7.499997 -7.999999
v -7.490205 7.249997 -7.999999
v -4.509796 7.249997 -7.999999
v -4.509796 7.499997 -7.999999
v -4.946267 7.499998 -6.946266
v -4.946267 7.249998 -6.946266
v -6.617654 7.749997 -7.999999
v -6.436748 7.749997 -7.563252
v -6.436748 7.999997 -7.563252
v -6.617654 7.999997 -7.999999
v -4.946267 7.249998 -6.946266
v -4.946267 7.499998 -6.946266
v -6.000001 7.499998 -6.509794
v -6.000001 7.249998 -6.509794
v -6.000001 7.249997 -9.490203
v -6.000001 7.249997 -9.235305
v -7.745103 3.249997 -7.999998
v -7.745103 6.249997 -7.999999
v -7.233974 6.249997 -9.233972
v -7.233974 3.249997 -9.233971
v -7.745103 3.249997 -7.999998
v -8.000001 2.999997 -7.999998
v -7.414214 2.999998 -6.585784
v -7.233974 3.249998 -6.766024
v -4.766027 3.249998 -6.766024
v -4.766027 6.249998 -6.766025
v -6.000001 6.249998 -6.254896
v -6.000001 3.249998 -6.254895
v -4.254899 3.249997 -7.999998
v -4.000000 2.999997 -7.999998
v -4.585787 2.999997 -9.414210
v -4.766027 3.249997 -9.233971
v -6.000001 3.249998 -6.254895
v -6.000001 6.249998 -6.254896
v -7.233974 6.249998 -6.766025
v -7.233974 3.249998 -6.766024
v -7.233974 3.249998 -6.766024
v -7.233974 6.249998 -6.766025
v -7.745103 6.249997 -7.999999
v -7.745103 3.249997 -7.999998
v -6.000001 3.249998 -6.254895
v -6.000001 2.999998 -5.999998
v -4.585787 2.999998 -6.585784
v -4.766027 3.249998 -6.766024
v -7.235308 6.749997 -7.999999
v -7.235308 7.249997 -7.999999
v -6.873494 7.249997 -8.873491
v -6.873494 6.749997 -8.873491
v -5.126507 6.749997 -7.126505
v -5.126507 7.249997 -7.126506
v -6.000001 7.249998 -6.764692
v -6.000001 6.749998 -6.764692
v -6.873494 6.749997 -8.873491
v -6.873494 7.249997 -8.873491
v -6.000001 7.249997 -9.235305
v -6.000001 6.749997 -9.235305
v -6.000001 6.749997 -9.235305
v -6.000001 7.249997 -9.235305
v -5.126507 7.249997 -8.873491
v -5.126507 6.749997 -8.873491
v -6.000001 6.749998 -6.764692
v -6.000001 7.249998 -6.764692
v -6.873494 7.249997 -7.126506
v -6.873494 6.749997 -7.126505
v -5.126507 6.749997 -8.873491
v -5.126507 7.249997 -8.873491
v -4.764694 7.249997 -7.999999
v -4.764694 6.749997 -7.999999
v -4.946267 7.249997 -9.053731
v -6.000001 7.249997 -9.490203
v -6.000001 7.499997 -9.490203
v -4.946267 7.499997 -9.053731
v -5.126507 6.749997 -7.126505
v -4.764694 6.749997 -7.999999
v -4.764694 7.249997 -7.999999
v -5.126507 7.249997 -7.126506
v -6.873494 6.749997 -7.126505
v -6.873494 7.249997 -7.126506
v -7.235308 7.249997 -7.999999
v -7.235308 6.749997 -7.999999
v -4.766027 3.249997 -9.233971
v -4.585787 2.999997 -9.414210
v -6.000001 2.999997 -9.999997
v -6.000001 3.249997 -9.745100
v -4.766027 3.249998 -6.766024
v -4.585787 2.999998 -6.585784
v -4.000000 2.999997 -7.999998
v -4.254899 3.249997 -7.999998
v -7.233974 3.249998 -6.766024
v -7.414214 2.999998 -6.585784
v -6.000001 2.999998 -5.999998
v -6.000001 3.249998 -6.254895
v -7.233974 3.249997 -9.233971
v -7.414214 2.999997 -9.414210
v -8.000001 2.999997 -7.999998
v -7.745103 3.249997 -7.999998
v -4.766027 3.249997 -9.233971
v -4.766027 6.249997 -9.233972
v -4.254899 6.249997 -7.999999
v -4.254899 3.249997 -7.999998
v -4.254899 3.249997 -7.999998
v -4.254899 6.249997 -7.999999
v -4.766027 6.249998 -6.766025
v -4.766027 3.249998 -6.766024
v -5.126507 6.749997 -8.873491
v -4.766027 6.249997 -9.233972
v -6.000001 6.249997 -9.745101
v -6.000001 6.749997 -9.235305
v -4.764694 6.749997 -7.999999
v -4.254899 6.249997 -7.999999
v -4.766027 6.249997 -9.233972
v -5.126507 6.749997 -8.873491
v -5.126507 6.749997 -7.126505
v -4.766027 6.249998 -6.766025
v -4.254899 6.249997 -7.999999
v -4.764694 6.749997 -7.999999
v -6.000001 6.749998 -6.764692
v -6.000001 6.249998 -6.254896
v -4.766027 6.249998 -6.766025
v -5.126507 6.749997 -7.126505
v -6.873494 6.749997 -7.126505
v -7.233974 6.249998 -6.766025
v -6.000001 6.249998 -6.254896
v -6.000001 6.749998 -6.764692
v -7.235308 6.749997 -7.999999
v -7.745103 6.249997 -7.999999
v -7.233974 6.249998 -6.766025
v -6.873494 6.749997 -7.126505
v -6.873494 6.749997 -8.873491
v -7.233974 6.249997 -9.233972
v -7.745103 6.249997 -7.999999
v -7.235308 6.749997 -7.999999
v -6.000001 6.749997 -9.235305
v -6.000001 6.249997 -9.745101
v -7.233974 6.249997 -9.233972
v -6.873494 6.749997 -8.873491
v -6.000001 3.249997 -9.745100
v -6.000001 6.249997 -9.745101
v -4.766027 6.249997 -9.233972
v -4.766027 3.249997 -9.233971
v -6.000001 3.249997 -9.745100
v -6.000001 2.999997 -9.999997
v -7.414214 2.999997 -9.414210
v -7.233974 3.249997 -9.233971
v -4.585787 2.999997 -9.414210
v -4.585787 0.999997 -9.414209
v -6.000001 0.999997 -9.999996
v -6.000001 2.999997 -9.999997
v -4.000000 2.999997 -7.999998
v -4.000000 0.999997 -7.999997
v -4.585787 0.999997 -9.414209
v -4.585787 2.999997 -9.414210
v -4.585787 2.999998 -6.585784
v -4.585787 0.999998 -6.585784
v -4.000000 0.999997 -7.999997
v -4.000000 2.999997 -7.999998
v -6.000001 2.999998 -5.999998
v -6.000001 0.999998 -5.999997
v -4.585787 0.999998 -6.585784
v -4.585787 2.999998 -6.585784
v -7.414214 2.999997 -9.414210
v -7.414214 0.999997 -9.414209
v -8.000001 0.999997 -7.999997
v -8.000001 2.999997 -7.999998
v -7.414214 2.999998 -6.585784
v -7.414214 0.999998 -6.585784
v -6.000001 0.999998 -5.999997
v -6.000001 2.999998 -5.999998
v -8.000001 2.999997 -7.999998
v -8.000001 0.999997 -7.999997
v -7.414214 0.999998 -6.585784
v -7.414214 2.999998 -6.585784
v -6.000001 3.249997 -9.745100
v -7.233974 3.249997 -9.233971
v -7.233974 6.249997 -9.233972
v -6.000001 6.249997 -9.745101
v -6.000001 2.999997 -9.999997
v -6.000001 0.999997 -9.999996
v -7.414214 0.999997 -9.414209
v -7.414214 2.999997 -9.414210
v 4.000001 1.000002 6.000002
v 5.530734 1.000002 6.304483
v 6.828427 1.000002 7.171576
v 7.695519 1.000003 8.469267
v 8.000001 1.000003 10.000002
v 7.695519 1.000003 11.530737
v 6.828427 1.000004 12.828428
v 5.530734 1.000004 13.695520
v 4.000001 1.000004 14.000002
v 2.469268 1.000004 13.695520
v 1.171574 1.000004 12.828428
v 0.304482 1.000003 11.530737
v 0.000000 1.000003 10.000002
v 0.304483 1.000003 8.469267
v 1.171574 1.000002 7.171576
v 2.469269 1.000002 6.304483
v 4.472732 15.000002 8.858723
v 4.000001 15.000002 8.764690
v 3.527271 15.000002 8.858723
v 3.126508 15.000002 9.126504
v 2.858727 15.000002 9.527266
v 2.764695 15.000002 9.999997
v 2.858727 15.000002 10.472729
v 3.126507 15.000002 10.873490
v 3.527270 15.000003 11.141272
v 4.000001 15.000003 11.235304
v 4.472732 15.000003 11.141272
v 4.873495 15.000002 10.873490
v 5.141276 15.000002 10.472729
v 5.235308 15.000002 9.999997
v 5.141276 15.000002 9.527266
v 4.873495 15.000002 9.126504
v 2.000001 7.999996 -12.617653
v 1.563254 7.999996 -12.436746
v 1.382348 7.999996 -11.999999
v 1.563254 7.999996 -11.563252
v 2.000001 7.999996 -11.382345
v 2.436748 7.999996 -11.563252
v 2.617654 7.999996 -11.999999
v 2.436748 7.999996 -12.436746
v 2.000001 0.999997 -9.999996
v 3.414214 0.999997 -9.414209
v 4.000001 0.999997 -7.999997
v 3.414214 0.999998 -6.585784
v 2.000001 0.999998 -5.999997
v 0.585787 0.999998 -6.585784
v 0.000000 0.999997 -7.999997
v 0.585787 0.999997 -9.414209
v 2.000001 0.999996 -13.999996
v 3.414214 0.999996 -13.414209
v 4.000001 0.999996 -11.999996
v 3.414214 0.999997 -10.585783
v 2.000001 0.999997 -9.999996
v 0.585787 0.999997 -10.585783
v 0.000000 0.999996 -11.999996
v 0.585787 0.999996 -13.414209
v 2.000001 7.999997 -8.617653
v 1.563254 7.999997 -8.436746
v 1.382348 7.999997 -7.999999
v 1.563254 7.999997 -7.563252
v 2.000001 7.999997 -7.382345
v 2.436748 7.999997 -7.563252
v 2.617654 7.999997 -7.999999
v 2.436748 7.999997 -8.436746
v 6.000001 7.999996 -12.617653
v 5.563254 7.999996 -12.436746
v 5.382348 7.999996 -11.999999
v 5.563254 7.999996 -11.563252
v 6.000001 7.999996 -11.382345
v 6.436748 7.999996 -11.563252
v 6.617654 7.999996 -11.999999
v 6.436748 7.999996 -12.436746
v 6.000001 0.999996 -13.999996
v 7.414214 0.999996 -13.414209
v 8.000001 0.999996 -11.999996
v 7.414214 0.999997 -10.585783
v 6.000001 0.999997 -9.999996
v 4.585787 0.999997 -10.585783
v 4.000000 0.999996 -11.999996
v 4.585787 0.999996 -13.414209
v 6.000001 7.999997 -8.617653
v 5.563254 7.999997 -8.436746
v 5.382348 7.999997 -7.999999
v 5.563254 7.999997 -7.563252
v 6.000001 7.999997 -7.382345
v 6.436748 7.999997 -7.563252
v 6.617654 7.999997 -7.999999
v 6.436748 7.999997 -8.436746
v 6.000001 0.999997 -9.999996
v 7.414214 0.999997 -9.414209
v 8.000001 0.999997 -7.999997
v 7.414214 0.999998 -6.585784
v 6.000001 0.999998 -5.999997
v 4.585787 0.999998 -6.585784
v 4.000000 0.999997 -7.999997
v 4.585787 0.999997 -9.414209
v -4.000001 1.000002 6.000002
v -2.469269 1.000002 6.304483
v -1.171574 1.000002 7.171576
v -0.304483 1.000003 8.469267
v -0.304482 1.000003 11.530737
v -1.171574 1.000004 12.828428
v -2.469268 1.000004 13.695520
v -4.000001 1.000004 14.000002
v -5.530734 1.000004 13.695520
v -6.828427 1.000004 12.828428
v -7.695519 1.000003 11.530737
v -8.000001 1.000003 10.000002
v -7.695519 1.000003 8.469267
v -6.828427 1.000002 7.171576
v -5.530734 1.000002 6.304483
v -4.472732 15.000002 8.858723
v -4.873495 15.000002 9.126504
v -5.141276 15.000002 9.527266
v -5.235308 15.000002 9.999997
v -5.141276 15.000002 10.472729
v -4.873495 15.000002 10.873490
v -4.472732 15.000003 11.141272
v -4.000001 15.000003 11.235304
v -3.527270 15.000003 11.141272
v -3.126507 15.000002 10.873490
v -2.858727 15.000002 10.472729
v -2.764695 15.000002 9.999997
v -2.858727 15.000002 9.527266
v -3.126508 15.000002 9.126504
v -3.527271 15.000002 8.858723
v -4.000001 15.000002 8.764690
v -2.000001 7.999996 -12.617653
v -2.436748 7.999996 -12.436746
v -2.617654 7.999996 -11.999999
v -2.436748 7.999996 -11.563252
v -2.000001 7.999996 -11.382345
v -1.563254 7.999996 -11.563252
v -1.382348 7.999996 -11.999999
v -1.563254 7.999996 -12.436746
v -2.000001 0.999997 -9.999996
v -0.585787 0.999997 -9.414209
v -0.585787 0.999998 -6.585784
v -2.000001 0.999998 -5.999997
v -3.414214 0.999998 -6.585784
v -4.000001 0.999997 -7.999997
v -3.414214 0.999997 -9.414209
v -2.000001 0.999996 -13.999996
v -0.585787 0.999996 -13.414209
v -0.585787 0.999997 -10.585783
v -2.000001 0.999997 -9.999996
v -3.414214 0.999997 -10.585783
v -4.000001 0.999996 -11.999996
v -3.414214 0.999996 -13.414209
v -2.000001 7.999997 -8.617653
v -2.436748 7.999997 -8.436746
v -2.617654 7.999997 -7.999999
v -2.436748 7.999997 -7.563252
v -2.000001 7.999997 -7.382345
v -1.563254 7.999997 -7.563252
v -1.382348 7.999997 -7.999999
v -1.563254 7.999997 -8.436746
v -6.000001 7.999996 -12.617653
v -6.436748 7.999996 -12.436746
v -6.617654 7.999996 -11.999999
v -6.436748 7.999996 -11.563252
v -6.000001 7.999996 -11.382345
v -5.563254 7.999996 -11.563252
v -5.382348 7.999996 -11.999999
v -5.563254 7.999996 -12.436746
v -6.000001 0.999996 -13.999996
v -4.585787 0.999996 -13.414209
v -4.000000 0.999996 -11.999996
v -4.585787 0.999997 -10.585783
v -6.000001 0.999997 -9.999996
v -7.414214 0.999997 -10.585783
v -8.000001 0.999996 -11.999996
v -7.414214 0.999996 -13.414209
v -6.000001 7.999997 -8.617653
v -6.436748 7.999997 -8.436746
v -6.617654 7.999997 -7.999999
v -6.436748 7.999997 -7.563252
v -6.000001 7.999997 -7.382345
v -5.563254 7.999997 -7.563252
v -5.382348 7.999997 -7.999999
v -5.563254 7.999997 -8.436746
v -6.000001 0.999997 -9.999996
v -4.585787 0.999997 -9.414209
v -4.000000 0.999997 -7.999997
v -4.585787 0.999998 -6.585784
v -6.000001 0.999998 -5.999997
v -7.414214 0.999998 -6.585784
v -8.000001 0.999997 -7.999997
v -7.414214 0.999997 -9.414209
vn 0.1951 -0.0000 -0.9808
vn 0.5556 -0.0000 -0.8315
vn 0.8315 -0.0000 -0.5556
vn 0.9808 -0.0000 -0.1951
vn 0.9808 -0.0000 0.1951
vn 0.8315 -0.0000 0.5556
vn 0.5556 -0.0000 0.8315
vn 0.1951 -0.0000 0.9808
vn -0.1951 -0.0000 0.9808
vn -0.5556 -0.0000 0.8315
vn -0.8315 -0.0000 0.5556
vn -0.9808 -0.0000 0.1951
vn -0.9808 -0.0000 -0.1951
vn -0.8315 -0.0000 -0.5556
vn -0.5556 -0.0000 -0.8315
vn -0.1951 -0.0000 -0.9808
vn 0.1379 0.7071 -0.6935
vn 0.3928 0.7071 -0.5879
vn 0.5879 0.7071 -0.3928
vn 0.6935 0.7071 -0.1379
vn 0.6935 0.7071 0.1379
vn 0.5879 0.7071 0.3928
vn 0.3928 0.7071 0.5879
vn 0.1380 0.7071 0.6935
vn 0.1379 0.7071 0.6935
vn -0.1380 0.7071 0.6935
vn -0.1379 0.7071 0.6935
vn -0.3928 0.7071 0.5879
vn -0.5879 0.7071 0.3928
vn -0.6935 0.7071 0.1379
vn -0.6935 0.7071 -0.1380
vn -0.5879 0.7071 -0.3928
vn -0.3928 0.7071 -0.5879
vn -0.1379 0.7071 -0.6935
vn 0.1380 0.7071 -0.6935
vn 0.6935 0.7071 -0.1380
vn -0.6935 0.7071 -0.1379
vn -0.0000 1.0000 -0.0000
vn -0.0000 -1.0000 -0.0000
vn 0.6935 0.7071 0.1380
vn -0.1380 0.7071 -0.6935
vn 0.9239 -0.0000 -0.3827
vn -0.9239 -0.0000 0.3827
vn 0.9239 -0.0000 0.3827
vn 0.3827 -0.0000 0.9239
vn -0.3827 -0.0000 0.9239
vn 0.3827 -0.0000 -0.9239
vn -0.3827 -0.0000 -0.9239
vn -0.9239 -0.0000 -0.3827
vn 0.2786 0.6857 -0.6725
vn 0.6725 0.6857 -0.2786
vn -0.2786 0.6857 -0.6725
vn 0.6725 0.6857 0.2786
vn -0.6725 0.6857 -0.2786
vn 0.2786 0.6857 0.6725
vn -0.6725 0.6857 0.2786
vn -0.2786 0.6857 0.6725
vn -0.6935 0.7071 0.1380
vt 0.487500 0.058000
vt 0.487500 0.008000
vt 0.481250 0.008000
vt 0.481250 0.058000
vt 0.475000 0.008000
vt 0.475000 0.058000
vt 0.468750 0.008000
vt 0.468750 0.058000
vt 0.462500 0.008000
vt 0.462500 0.058000
vt 0.456250 0.008000
vt 0.456250 0.058000
vt 0.450000 0.008000
vt 0.450000 0.058000
vt 0.443750 0.008000
vt 0.443750 0.058000
vt 0.437500 0.008000
vt 0.437500 0.058000
vt 0.431250 0.008000
vt 0.431250 0.058000
vt 0.425000 0.008000
vt 0.425000 0.058000
vt 0.418750 0.008000
vt 0.418750 0.058000
vt 0.412500 0.008000
vt 0.412500 0.058000
vt 0.406250 0.008000
vt 0.406250 0.058000
vt 0.400000 0.008000
vt 0.400000 0.058000
vt 0.779486 0.164847
vt 0.787500 0.166441
vt 0.393750 0.008000
vt 0.393750 0.058000
vt 0.387500 0.008000
vt 0.387500 0.058000
vt 0.412500 0.062059
vt 0.420514 0.063653
vt 0.421684 0.060827
vt 0.412500 0.059000
vt 0.427308 0.068192
vt 0.429471 0.066029
vt 0.431847 0.074986
vt 0.434673 0.073816
vt 0.433441 0.083000
vt 0.436500 0.083000
vt 0.431847 0.091014
vt 0.434673 0.092184
vt 0.427308 0.097808
vt 0.429471 0.099971
vt 0.420514 0.102347
vt 0.421684 0.105173
vt 0.412500 0.103941
vt 0.412500 0.107000
vt 0.404486 0.102347
vt 0.403316 0.105173
vt 0.397692 0.097808
vt 0.395529 0.099971
vt 0.393153 0.091014
vt 0.390327 0.092184
vt 0.391559 0.083000
vt 0.388500 0.083000
vt 0.393153 0.074986
vt 0.390327 0.073816
vt 0.397692 0.068192
vt 0.395529 0.066029
vt 0.404486 0.063653
vt 0.403316 0.060827
vt 0.335176 0.145500
vt 0.336305 0.151173
vt 0.802308 0.130692
vt 0.795514 0.126153
vt 0.772692 0.160308
vt 0.806847 0.137486
vt 0.768153 0.153514
vt 0.808441 0.145500
vt 0.766559 0.145500
vt 0.806847 0.153514
vt 0.768153 0.137486
vt 0.802308 0.160308
vt 0.772692 0.130692
vt 0.795514 0.164847
vt 0.779486 0.126153
vt 0.787500 0.124559
vt 0.787500 0.130676
vt 0.793173 0.131805
vt 0.797982 0.135018
vt 0.801195 0.139827
vt 0.802324 0.145500
vt 0.801195 0.151173
vt 0.797982 0.155982
vt 0.793173 0.159195
vt 0.787500 0.160324
vt 0.781827 0.159195
vt 0.777018 0.155982
vt 0.773805 0.151173
vt 0.772676 0.145500
vt 0.773805 0.139827
vt 0.777018 0.135018
vt 0.781827 0.131805
vt 0.363695 0.151173
vt 0.364824 0.145500
vt 0.336305 0.139827
vt 0.360482 0.155982
vt 0.339518 0.135018
vt 0.355673 0.159195
vt 0.344327 0.131805
vt 0.350000 0.160324
vt 0.355673 0.131805
vt 0.350000 0.130676
vt 0.344327 0.159195
vt 0.360482 0.135018
vt 0.339518 0.155982
vt 0.363695 0.139827
vt 0.398805 0.077327
vt 0.397676 0.083000
vt 0.402018 0.072518
vt 0.406827 0.069305
vt 0.422982 0.093482
vt 0.426195 0.088673
vt 0.418173 0.096695
vt 0.412500 0.097824
vt 0.418173 0.069305
vt 0.412500 0.068176
vt 0.406827 0.096695
vt 0.422982 0.072518
vt 0.402018 0.093482
vt 0.426195 0.077327
vt 0.398805 0.088673
vt 0.427324 0.083000
vt 0.440327 0.073816
vt 0.440327 0.092184
vt 0.438500 0.083000
vt 0.445529 0.099971
vt 0.445529 0.066029
vt 0.453316 0.060827
vt 0.453316 0.105173
vt 0.462500 0.107000
vt 0.462500 0.059000
vt 0.471684 0.060827
vt 0.471684 0.105173
vt 0.479471 0.066029
vt 0.479471 0.099971
vt 0.484673 0.073816
vt 0.484673 0.092184
vt 0.486500 0.083000
s 0
usemtl Placeable
f 2168/387/204 2169/388/204 2170/389/204
f 2168/387/204 2170/389/204 2171/390/204
f 2172/390/205 2173/389/205 2174/391/205
f 2172/390/205 2174/391/205 2175/392/205
f 2176/392/206 2177/391/206 2178/393/206
f 2176/392/206 2178/393/206 2179/394/206
f 2180/394/207 2181/393/207 2182/395/207
f 2180/394/207 2182/395/207 2183/396/207
f 2184/396/208 2185/395/208 2186/397/208
f 2184/396/208 2186/397/208 2187/398/208
f 2188/398/209 2189/397/209 2190/399/209
f 2188/398/209 2190/399/209 2191/400/209
f 2192/400/210 2193/399/210 2194/401/210
f 2192/400/210 2194/401/210 2195/402/210
f 2196/402/211 2197/401/211 2198/403/211
f 2196/402/211 2198/403/211 2199/404/211
f 2200/404/212 2201/403/212 2202/405/212
f 2200/404/212 2202/405/212 2203/406/212
f 2204/406/213 2205/405/213 2206/407/213
f 2204/406/213 2206/407/213 2207/408/213
f 2208/408/214 2209/407/214 2210/409/214
f 2208/408/214 2210/409/214 2211/410/214
f 2212/410/215 2213/409/215 2214/411/215
f 2212/410/215 2214/411/215 2215/412/215
f 2216/412/216 2217/411/216 2218/413/216
f 2216/412/216 2218/413/216 2219/414/216
f 2220/414/217 2221/413/217 2222/415/217
f 2220/414/217 2222/415/217 2223/416/217
f 2224/417/212 2225/418/212 2226/418/212
f 2224/417/212 2226/418/212 2227/417/212
f 2228/416/218 2229/415/218 2230/419/218
f 2228/416/218 2230/419/218 2231/420/218
f 2232/420/219 2233/419/219 2234/421/219
f 2232/420/219 2234/421/219 2235/422/219
f 2236/423/220 2237/424/220 2238/425/220
f 2236/423/220 2238/425/220 2239/426/220
f 2240/424/221 2241/427/221 2242/428/221
s 1
f 2240/424/221 2242/428/221 2243/425/221
s 0
f 2244/427/222 2245/429/222 2246/430/222
f 2244/427/222 2246/430/222 2247/428/222
f 2248/429/223 2249/431/223 2250/432/223
f 2248/429/223 2250/432/223 2251/430/223
f 2252/431/224 2253/433/224 2254/434/224
f 2252/431/224 2254/434/224 2255/432/224
f 2256/433/225 2257/435/225 2258/436/225
f 2256/433/225 2258/436/225 2259/434/225
f 2260/435/226 2261/437/226 2262/438/226
f 2260/435/226 2262/438/226 2263/436/226
f 2264/437/227 2265/439/227 2266/440/227
f 2264/437/228 2266/440/228 2267/438/228
f 2268/439/229 2269/441/229 2270/442/229
f 2268/439/230 2270/442/230 2271/440/230
f 2272/441/231 2273/443/231 2274/444/231
f 2272/441/231 2274/444/231 2275/442/231
f 2276/443/232 2277/445/232 2278/446/232
f 2276/443/232 2278/446/232 2279/444/232
f 2280/445/233 2281/447/233 2282/448/233
f 2280/445/233 2282/448/233 2283/446/233
f 2284/447/234 2285/449/234 2286/450/234
f 2284/447/234 2286/450/234 2287/448/234
f 2288/449/235 2289/451/235 2290/452/235
f 2288/449/235 2290/452/235 2291/450/235
f 2292/451/236 2293/453/236 2294/454/236
f 2292/451/236 2294/454/236 2295/452/236
s 1
f 2296/453/237 2297/423/237 2298/426/237
s 0
f 2296/453/237 2298/426/237 2299/454/237
f 2300/455/215 2301/456/215 2302/456/215
f 2300/455/215 2302/456/215 2303/455/215
f 2304/457/205 2305/458/205 2306/458/205
f 2304/457/205 2306/458/205 2307/457/205
f 2308/459/213 2309/417/213 2310/417/213
f 2308/459/213 2310/417/213 2311/459/213
f 2312/460/206 2313/457/206 2314/457/206
f 2312/460/206 2314/457/206 2315/460/206
f 2316/461/214 2317/459/214 2318/459/214
f 2316/461/214 2318/459/214 2319/461/214
f 2320/462/207 2321/460/207 2322/460/207
f 2320/462/207 2322/460/207 2323/462/207
f 2324/463/215 2325/461/215 2326/461/215
f 2324/463/215 2326/461/215 2327/463/215
f 2328/464/208 2329/462/208 2330/462/208
f 2328/464/208 2330/462/208 2331/464/208
f 2332/465/216 2333/463/216 2334/463/216
f 2332/465/216 2334/463/216 2335/465/216
f 2336/466/209 2337/464/209 2338/464/209
f 2336/466/209 2338/464/209 2339/466/209
f 2340/467/217 2341/465/217 2342/465/217
f 2340/467/217 2342/465/217 2343/467/217
f 2344/468/210 2345/466/210 2346/466/210
f 2344/468/210 2346/466/210 2347/468/210
f 2348/469/218 2349/467/218 2350/467/218
f 2348/469/218 2350/467/218 2351/469/218
f 2352/418/211 2353/468/211 2354/468/211
f 2352/418/211 2354/468/211 2355/418/211
f 2356/458/204 2357/470/204 2358/470/204
f 2356/458/204 2358/470/204 2359/458/204
f 2360/470/219 2361/469/219 2362/469/219
f 2360/470/219 2362/469/219 2363/470/219
f 2364/471/238 2365/472/238 2366/458/238
s 1
f 2364/471/220 2366/458/220 2367/470/220
s 0
f 2368/472/221 2369/473/221 2370/457/221
f 2368/472/221 2370/457/221 2371/458/221
f 2372/473/222 2373/474/222 2374/460/222
f 2372/473/222 2374/460/222 2375/457/222
f 2376/474/239 2377/475/239 2378/462/239
f 2376/474/223 2378/462/223 2379/460/223
f 2380/475/224 2381/476/224 2382/464/224
f 2380/475/224 2382/464/224 2383/462/224
f 2384/476/225 2385/477/225 2386/466/225
f 2384/476/225 2386/466/225 2387/464/225
f 2388/477/226 2389/478/226 2390/468/226
f 2388/477/226 2390/468/226 2391/466/226
f 2392/478/227 2393/479/227 2394/418/227
f 2392/478/228 2394/418/228 2395/468/228
f 2396/479/230 2397/480/230 2398/417/230
f 2396/479/230 2398/417/230 2399/418/230
f 2400/480/231 2401/481/231 2402/459/231
f 2400/480/231 2402/459/231 2403/417/231
f 2404/481/232 2405/482/232 2406/461/232
f 2404/481/232 2406/461/232 2407/459/232
f 2408/482/233 2409/483/233 2410/463/233
f 2408/482/233 2410/463/233 2411/461/233
f 2412/483/234 2413/484/234 2414/465/234
f 2412/483/240 2414/465/240 2415/463/240
f 2416/484/235 2417/485/235 2418/467/235
f 2416/484/235 2418/467/235 2419/465/235
f 2420/485/236 2421/486/236 2422/469/236
f 2420/485/236 2422/469/236 2423/467/236
f 2424/486/237 2425/471/237 2426/470/237
f 2424/486/237 2426/470/237 2427/469/237
f 2428/473/241 2429/472/241 2430/472/241
f 2428/473/241 2430/472/241 2431/473/241
f 2432/487/208 2433/488/208 2434/488/208
f 2432/487/208 2434/488/208 2435/487/208
f 2436/489/216 2437/455/216 2438/455/216
f 2436/489/216 2438/455/216 2439/489/216
f 2440/490/209 2441/487/209 2442/487/209
f 2440/490/209 2442/487/209 2443/490/209
f 2444/491/217 2445/489/217 2446/489/217
f 2444/491/217 2446/489/217 2447/491/217
f 2448/492/210 2449/490/210 2450/490/210
f 2448/492/210 2450/490/210 2451/492/210
f 2452/493/218 2453/491/218 2454/491/218
f 2452/493/218 2454/491/218 2455/493/218
f 2456/494/211 2457/492/211 2458/492/211
f 2456/494/211 2458/492/211 2459/494/211
f 2460/495/204 2461/496/204 2462/496/204
f 2460/495/204 2462/496/204 2463/495/204
f 2464/496/219 2465/493/219 2466/493/219
f 2464/496/219 2466/493/219 2467/496/219
f 2468/497/212 2469/494/212 2470/494/212
f 2468/497/212 2470/494/212 2471/497/212
f 2472/498/205 2473/495/205 2474/495/205
f 2472/498/205 2474/495/205 2475/498/205
f 2476/499/213 2477/497/213 2478/497/213
f 2476/499/213 2478/497/213 2479/499/213
f 2480/500/206 2481/498/206 2482/498/206
f 2480/500/206 2482/498/206 2483/500/206
f 2484/456/214 2485/499/214 2486/499/214
f 2484/456/214 2486/499/214 2487/456/214
f 2488/488/207 2489/500/207 2490/500/207
f 2488/488/207 2490/500/207 2491/488/207
f 2492/501/216 2493/502/216 2494/502/216
f 2492/501/216 2494/502/216 2495/501/216
f 2496/481/241 2497/480/241 2498/480/241
f 2496/481/241 2498/480/241 2499/481/241
f 2500/474/241 2501/473/241 2502/473/241
f 2500/474/241 2502/473/241 2503/474/241
f 2504/482/241 2505/481/241 2506/481/241
f 2504/482/241 2506/481/241 2507/482/241
f 2508/475/241 2509/474/241 2510/474/241
f 2508/475/241 2510/474/241 2511/475/241
f 2512/483/241 2513/482/241 2514/482/241
f 2512/483/241 2514/482/241 2515/483/241
f 2516/476/241 2508/475/241 2511/475/241
f 2516/476/241 2511/475/241 2517/476/241
f 2518/484/241 2512/483/241 2515/483/241
f 2518/484/241 2515/483/241 2519/484/241
f 2520/477/241 2516/476/241 2517/476/241
f 2520/477/241 2517/476/241 2521/477/241
f 2522/485/241 2518/484/241 2519/484/241
f 2522/485/241 2519/484/241 2523/485/241
f 2524/478/241 2525/477/241 2526/477/241
f 2524/478/241 2526/477/241 2527/478/241
f 2528/486/241 2529/485/241 2530/485/241
f 2528/486/241 2530/485/241 2531/486/241
f 2532/479/241 2533/478/241 2534/478/241
f 2532/479/241 2534/478/241 2535/479/241
f 2536/472/241 2537/471/241 2538/471/241
f 2536/472/241 2538/471/241 2539/472/241
f 2540/471/241 2541/486/241 2542/486/241
f 2540/471/241 2542/486/241 2543/471/241
f 2544/480/241 2532/479/241 2535/479/241
f 2544/480/241 2535/479/241 2545/480/241
f 2546/471/242 2547/472/242 2548/472/242
f 2546/471/242 2548/472/242 2549/471/242
f 2550/472/242 2551/473/242 2552/473/242
f 2550/472/242 2552/473/242 2553/472/242
f 2554/473/242 2555/474/242 2556/474/242
f 2554/473/242 2556/474/242 2557/473/242
f 2558/474/242 2559/475/242 2560/475/242
f 2558/474/242 2560/475/242 2561/474/242
f 2562/475/242 2563/476/242 2564/476/242
f 2562/475/242 2564/476/242 2565/475/242
f 2566/476/242 2567/477/242 2568/477/242
f 2566/476/242 2568/477/242 2569/476/242
f 2570/477/242 2571/478/242 2572/478/242
f 2570/477/242 2572/478/242 2573/477/242
f 2574/478/242 2575/479/242 2576/479/242
f 2574/478/242 2576/479/242 2577/478/242
f 2578/479/242 2579/480/242 2580/480/242
f 2578/479/242 2580/480/242 2581/479/242
f 2582/480/242 2583/481/242 2584/481/242
f 2582/480/242 2584/481/242 2585/480/242
f 2586/481/242 2587/482/242 2588/482/242
f 2586/481/242 2588/482/242 2589/481/242
f 2590/482/242 2591/483/242 2592/483/242
f 2590/482/242 2592/483/242 2593/482/242
f 2594/483/242 2595/484/242 2596/484/242
f 2594/483/242 2596/484/242 2597/483/242
f 2598/484/242 2599/485/242 2600/485/242
f 2598/484/242 2600/485/242 2601/484/242
f 2602/503/242 2603/504/242 2604/504/242
f 2602/503/242 2604/504/242 2605/503/242
f 2606/486/242 2607/471/242 2608/471/242
f 2606/486/242 2608/471/242 2609/486/242
f 2610/473/205 2611/472/205 2612/472/205
f 2610/473/205 2612/472/205 2613/473/205
f 2614/471/219 2615/486/219 2616/486/219
f 2614/471/219 2616/486/219 2617/471/219
f 2618/475/207 2619/474/207 2620/474/207
f 2618/475/207 2620/474/207 2621/475/207
f 2622/476/208 2623/475/208 2624/475/208
f 2622/476/208 2624/475/208 2625/476/208
f 2626/477/209 2627/476/209 2628/476/209
f 2626/477/209 2628/476/209 2629/477/209
f 2630/478/210 2631/477/210 2632/477/210
f 2630/478/210 2632/477/210 2633/478/210
f 2634/479/211 2635/478/211 2636/478/211
f 2634/479/211 2636/478/211 2637/479/211
f 2638/480/212 2639/479/212 2640/479/212
f 2638/480/212 2640/479/212 2641/480/212
f 2642/481/213 2643/480/213 2644/480/213
f 2642/481/213 2644/480/213 2645/481/213
f 2646/482/214 2647/481/214 2648/481/214
f 2646/482/214 2648/481/214 2649/482/214
f 2650/483/215 2651/482/215 2652/482/215
f 2650/483/215 2652/482/215 2653/483/215
f 2654/484/216 2655/483/216 2656/483/216
f 2654/484/216 2656/483/216 2657/484/216
f 2658/485/217 2659/484/217 2660/484/217
f 2658/485/217 2660/484/217 2661/485/217
f 2662/486/218 2663/485/218 2664/485/218
f 2662/486/218 2664/485/218 2665/486/218
f 2666/474/206 2667/473/206 2668/473/206
f 2666/474/206 2668/473/206 2669/474/206
f 2670/472/238 2671/471/238 2672/471/238
f 2670/472/220 2672/471/220 2673/472/220
f 2674/473/221 2675/472/221 2676/472/221
f 2674/473/221 2676/472/221 2677/473/221
f 2678/474/222 2679/473/222 2680/473/222
f 2678/474/222 2680/473/222 2681/474/222
f 2682/475/239 2683/474/239 2684/474/239
f 2682/475/223 2684/474/223 2685/475/223
f 2686/476/243 2687/475/243 2688/475/243
f 2686/476/224 2688/475/224 2689/476/224
f 2690/477/225 2691/476/225 2692/476/225
f 2690/477/225 2692/476/225 2693/477/225
f 2694/478/226 2695/477/226 2696/477/226
f 2694/478/226 2696/477/226 2697/478/226
f 2698/479/228 2699/478/228 2700/478/228
f 2698/479/227 2700/478/227 2701/479/227
f 2702/480/230 2703/479/230 2704/479/230
f 2702/480/229 2704/479/229 2705/480/229
f 2706/481/231 2707/480/231 2708/480/231
f 2706/481/231 2708/480/231 2709/481/231
f 2710/482/232 2711/481/232 2712/481/232
f 2710/482/232 2712/481/232 2713/482/232
f 2714/483/233 2715/482/233 2716/482/233
f 2714/483/233 2716/482/233 2717/483/233
f 2718/484/234 2719/483/234 2720/483/234
f 2718/484/234 2720/483/234 2721/484/234
f 2722/485/235 2723/484/235 2724/484/235
f 2722/485/235 2724/484/235 2725/485/235
f 2726/486/236 2727/485/236 2728/485/236
f 2726/486/236 2728/485/236 2729/486/236
f 2730/471/237 2731/486/237 2732/486/237
f 2730/471/244 2732/486/244 2733/471/244
f 2734/472/204 2735/471/204 2736/471/204
f 2734/472/204 2736/471/204 2737/472/204
f 2738/505/209 2739/506/209 2740/506/209
f 2738/505/209 2740/506/209 2741/505/209
f 2742/503/217 2743/501/217 2744/501/217
f 2742/503/217 2744/501/217 2745/503/217
f 2746/507/210 2747/505/210 2748/505/210
f 2746/507/210 2748/505/210 2749/507/210
f 2750/504/218 2751/503/218 2752/503/218
f 2750/504/218 2752/503/218 2753/504/218
f 2754/508/211 2755/507/211 2756/507/211
f 2754/508/211 2756/507/211 2757/508/211
f 2758/509/204 2759/510/204 2760/510/204
f 2758/509/204 2760/510/204 2761/509/204
f 2762/510/219 2763/504/219 2764/504/219
f 2762/510/219 2764/504/219 2765/510/219
f 2766/511/212 2767/508/212 2768/508/212
f 2766/511/212 2768/508/212 2769/511/212
f 2770/512/205 2771/509/205 2772/509/205
f 2770/512/205 2772/509/205 2773/512/205
f 2774/513/213 2775/511/213 2776/511/213
f 2774/513/213 2776/511/213 2777/513/213
f 2778/514/206 2779/512/206 2780/512/206
f 2778/514/206 2780/512/206 2781/514/206
f 2782/515/214 2783/513/214 2784/513/214
f 2782/515/214 2784/513/214 2785/515/214
f 2786/516/207 2787/514/207 2788/514/207
f 2786/516/207 2788/514/207 2789/516/207
f 2790/502/215 2791/515/215 2792/515/215
f 2790/502/215 2792/515/215 2793/502/215
f 2794/506/208 2795/516/208 2796/516/208
f 2794/506/208 2796/516/208 2797/506/208
f 2798/391/245 2799/395/245 2800/396/245
f 2798/391/245 2800/396/245 2801/392/245
f 2802/502/246 2803/513/246 2804/513/246
f 2802/502/246 2804/513/246 2805/502/246
f 2806/395/247 2807/399/247 2808/400/247
f 2806/395/247 2808/400/247 2809/396/247
f 2810/516/245 2811/512/245 2812/512/245
f 2810/516/245 2812/512/245 2813/516/245
f 2814/399/248 2815/403/248 2816/404/248
f 2814/399/248 2816/404/248 2817/400/248
f 2818/513/249 2819/508/249 2820/508/249
f 2818/513/249 2820/508/249 2821/513/249
f 2822/403/249 2823/407/249 2824/408/249
f 2822/403/249 2824/408/249 2825/404/249
f 2826/512/250 2827/510/250 2828/510/250
f 2826/512/250 2828/510/250 2829/512/250
f 2830/407/246 2831/411/246 2832/412/246
f 2830/407/246 2832/412/246 2833/408/246
f 2834/510/251 2835/503/251 2836/503/251
f 2834/510/251 2836/503/251 2837/510/251
f 2838/411/252 2839/415/252 2840/416/252
f 2838/411/252 2840/416/252 2841/412/252
f 2842/508/248 2843/505/248 2844/505/248
f 2842/508/248 2844/505/248 2845/508/248
f 2846/415/251 2847/421/251 2848/422/251
f 2846/415/251 2848/422/251 2849/416/251
f 2850/470/250 2851/470/250 2852/457/250
f 2850/470/250 2852/457/250 2853/457/250
f 2854/423/253 2855/427/253 2856/428/253
f 2854/423/253 2856/428/253 2857/426/253
f 2858/471/250 2859/471/250 2860/473/250
f 2858/471/250 2860/473/250 2861/473/250
f 2862/427/254 2863/431/254 2864/432/254
f 2862/427/254 2864/432/254 2865/428/254
s 1
f 2866/471/255 2867/485/255 2868/485/255
s 0
f 2866/471/255 2868/485/255 2869/471/255
f 2870/431/256 2871/435/256 2872/436/256
f 2870/431/256 2872/436/256 2873/432/256
f 2874/485/257 2875/483/257 2876/483/257
f 2874/485/257 2876/483/257 2877/485/257
f 2878/435/258 2879/439/258 2880/440/258
f 2878/435/258 2880/440/258 2881/436/258
f 2882/483/259 2883/481/259 2884/481/259
f 2882/483/259 2884/481/259 2885/483/259
f 2886/439/260 2887/443/260 2888/444/260
f 2886/439/260 2888/444/260 2889/440/260
f 2890/481/260 2891/479/260 2892/479/260
f 2890/481/260 2892/479/260 2893/481/260
f 2894/443/259 2895/447/259 2896/448/259
f 2894/443/259 2896/448/259 2897/444/259
f 2898/479/258 2899/477/258 2900/477/258
f 2898/479/258 2900/477/258 2901/479/258
f 2902/447/257 2903/451/257 2904/452/257
f 2902/447/257 2904/452/257 2905/448/257
f 2906/477/256 2907/475/256 2908/475/256
f 2906/477/256 2908/475/256 2909/477/256
f 2910/451/255 2911/423/255 2912/426/255
f 2910/451/255 2912/426/255 2913/452/255
f 2914/475/254 2915/473/254 2916/473/254
f 2914/475/254 2916/473/254 2917/475/254
f 2918/459/249 2919/418/249 2920/418/249
f 2918/459/249 2920/418/249 2921/459/249
f 2922/485/241 2923/483/241 2924/483/241
f 2922/485/241 2924/483/241 2925/485/241
f 2926/490/247 2927/488/247 2928/488/247
f 2926/490/247 2928/488/247 2929/490/247
f 2930/462/245 2931/457/245 2932/457/245
f 2930/462/245 2932/457/245 2933/462/245
f 2923/483/241 2934/481/241 2935/481/241
f 2923/483/241 2935/481/241 2924/483/241
f 2936/463/246 2937/459/246 2938/459/246
f 2936/463/246 2938/459/246 2939/463/246
f 2940/466/247 2941/462/247 2942/462/247
f 2940/466/247 2942/462/247 2943/466/247
f 2944/479/241 2945/477/241 2946/477/241
f 2944/479/241 2946/477/241 2947/479/241
f 2945/477/241 2948/475/241 2949/475/241
f 2945/477/241 2949/475/241 2946/477/241
f 2950/467/252 2951/463/252 2952/463/252
f 2950/467/252 2952/463/252 2953/467/252
f 2954/418/248 2955/466/248 2956/466/248
f 2954/418/248 2956/466/248 2957/418/248
f 2948/475/241 2958/473/241 2959/473/241
f 2948/475/241 2959/473/241 2949/475/241
f 2960/471/241 2922/485/241 2925/485/241
f 2960/471/241 2925/485/241 2961/471/241
f 2962/470/251 2963/467/251 2964/467/251
f 2962/470/251 2964/467/251 2965/470/251
f 2966/471/253 2967/473/253 2968/457/253
f 2966/471/253 2968/457/253 2969/470/253
f 2960/471/241 2961/471/241 2959/473/241
f 2960/471/241 2959/473/241 2958/473/241
f 2944/479/241 2947/479/241 2935/481/241
f 2944/479/241 2935/481/241 2934/481/241
f 2970/473/253 2971/471/253 2972/471/253
f 2970/473/253 2972/471/253 2973/473/253
f 2974/473/254 2975/475/254 2976/462/254
f 2974/473/254 2976/462/254 2977/457/254
f 2978/503/242 2979/471/242 2980/471/242
f 2978/503/242 2980/471/242 2981/503/242
f 2982/475/256 2983/477/256 2984/466/256
f 2982/475/256 2984/466/256 2985/462/256
f 2986/483/242 2987/485/242 2988/485/242
f 2986/483/242 2988/485/242 2989/483/242
f 2990/477/258 2991/479/258 2992/418/258
f 2990/477/258 2992/418/258 2993/466/258
f 2994/481/242 2986/483/242 2989/483/242
f 2994/481/242 2989/483/242 2995/481/242
s 1
f 2996/479/260 2997/481/260 2998/459/260
s 0
f 2996/479/260 2998/459/260 2999/418/260
f 3000/479/242 2994/481/242 2995/481/242
f 3000/479/242 2995/481/242 3001/479/242
f 3002/481/259 3003/483/259 3004/463/259
f 3002/481/259 3004/463/259 3005/459/259
f 3006/477/242 3007/479/242 3008/479/242
f 3006/477/242 3008/479/242 3009/477/242
f 3010/483/257 3011/485/257 3012/467/257
f 3010/483/257 3012/467/257 3013/463/257
f 3014/475/242 3015/477/242 3016/477/242
f 3014/475/242 3016/477/242 3017/475/242
f 3018/485/255 3019/471/255 3020/470/255
f 3018/485/255 3020/470/255 3021/467/255
f 3022/473/242 3014/475/242 3017/475/242
f 3022/473/242 3017/475/242 3023/473/242
f 3024/499/246 3025/499/246 3026/455/246
f 3024/499/246 3026/455/246 3027/455/246
f 3028/473/245 3029/473/245 3030/475/245
f 3028/473/245 3030/475/245 3031/475/245
f 3032/485/251 3033/485/251 3034/471/251
f 3032/485/251 3034/471/251 3035/471/251
f 3036/491/252 3037/455/252 3038/455/252
f 3036/491/252 3038/455/252 3039/491/252
f 3040/494/248 3041/490/248 3042/490/248
f 3040/494/248 3042/490/248 3043/494/248
f 3044/503/252 3045/502/252 3046/502/252
f 3044/503/252 3046/502/252 3047/503/252
f 3048/479/248 3049/477/248 3050/477/248
f 3048/479/248 3050/477/248 3051/479/248
f 3052/496/251 3053/491/251 3054/491/251
f 3052/496/251 3054/491/251 3055/496/251
f 3056/498/250 3057/496/250 3058/496/250
f 3056/498/250 3058/496/250 3059/498/250
f 3060/485/252 3061/483/252 3062/483/252
f 3060/485/252 3062/483/252 3063/485/252
f 3064/499/249 3065/494/249 3066/494/249
f 3064/499/249 3066/494/249 3067/499/249
f 3068/477/247 3069/475/247 3070/475/247
f 3068/477/247 3070/475/247 3071/477/247
f 3072/488/245 3073/498/245 3074/498/245
f 3072/488/245 3074/498/245 3075/488/245
f 3076/483/246 3077/481/246 3078/481/246
f 3076/483/246 3078/481/246 3079/483/246
f 3080/516/247 3081/516/247 3082/505/247
f 3080/516/247 3082/505/247 3083/505/247
f 3084/471/242 3085/473/242 3086/473/242
f 3084/471/242 3086/473/242 3087/471/242
f 3088/481/249 3089/479/249 3090/479/249
f 3088/481/249 3090/479/249 3091/481/249
f 3092/471/242 3022/473/242 3023/473/242
f 3092/471/242 3023/473/242 3093/471/242
f 3094/516/247 3095/516/247 3096/505/247
f 3094/516/247 3096/505/247 3097/505/247
f 3098/483/246 3099/481/246 3100/481/246
f 3098/483/246 3100/481/246 3101/483/246
f 3102/477/247 3103/475/247 3104/475/247
f 3102/477/247 3104/475/247 3105/477/247
f 3106/485/252 3107/483/252 3108/483/252
f 3106/485/252 3108/483/252 3109/485/252
f 3110/462/245 3111/457/245 3112/457/245
f 3110/462/245 3112/457/245 3113/462/245
f 3114/431/256 3115/435/256 3116/436/256
f 3114/431/256 3116/436/256 3117/432/256
f 3118/479/248 3119/477/248 3120/477/248
f 3118/479/248 3120/477/248 3121/479/248
f 3122/503/252 3123/502/252 3124/502/252
f 3122/503/252 3124/502/252 3125/503/252
f 3126/459/249 3127/418/249 3128/418/249
f 3126/459/249 3128/418/249 3129/459/249
f 3130/481/249 3131/479/249 3132/479/249
f 3130/481/249 3132/479/249 3133/481/249
f 3134/473/245 3135/473/245 3136/475/245
f 3134/473/245 3136/475/245 3137/475/245
f 3138/447/257 3139/451/257 3140/452/257
f 3138/447/257 3140/452/257 3141/448/257
f 3142/418/248 3143/466/248 3144/466/248
f 3142/418/248 3144/466/248 3145/418/248
f 3146/466/247 3147/462/247 3148/462/247
f 3146/466/247 3148/462/247 3149/466/247
f 3150/439/260 3151/443/260 3152/444/260
f 3150/439/260 3152/444/260 3153/440/260
f 3085/473/242 3154/475/242 3155/475/242
f 3085/473/242 3155/475/242 3086/473/242
f 3156/488/245 3157/498/245 3158/498/245
f 3156/488/245 3158/498/245 3159/488/245
f 3154/475/242 3160/477/242 3161/477/242
f 3154/475/242 3161/477/242 3155/475/242
f 3162/499/249 3163/494/249 3164/494/249
f 3162/499/249 3164/494/249 3165/499/249
f 3166/477/242 3167/479/242 3168/479/242
f 3166/477/242 3168/479/242 3169/477/242
f 3170/498/250 3171/496/250 3172/496/250
f 3170/498/250 3172/496/250 3173/498/250
f 3174/479/242 3175/481/242 3176/481/242
f 3174/479/242 3176/481/242 3177/479/242
f 3178/496/251 3179/491/251 3180/491/251
f 3178/496/251 3180/491/251 3181/496/251
f 3175/481/242 3182/483/242 3183/483/242
f 3175/481/242 3183/483/242 3176/481/242
f 3184/494/248 3185/490/248 3186/490/248
f 3184/494/248 3186/490/248 3187/494/248
f 3182/483/242 3188/485/242 3189/485/242
f 3182/483/242 3189/485/242 3183/483/242
f 3190/491/252 3191/455/252 3192/455/252
f 3190/491/252 3192/455/252 3193/491/252
f 3194/503/242 3195/471/242 3196/471/242
f 3194/503/242 3196/471/242 3197/503/242
f 3198/485/251 3199/485/251 3200/471/251
f 3198/485/251 3200/471/251 3201/471/251
f 3202/473/253 3203/471/253 3204/471/253
f 3202/473/253 3204/471/253 3205/473/253
f 3206/499/246 3207/499/246 3208/455/246
f 3206/499/246 3208/455/246 3209/455/246
f 3210/471/241 3211/471/241 3212/473/241
f 3210/471/241 3212/473/241 3213/473/241
f 3210/471/241 3214/485/241 3215/485/241
f 3210/471/241 3215/485/241 3211/471/241
f 3216/475/241 3213/473/241 3212/473/241
f 3216/475/241 3212/473/241 3217/475/241
f 3218/477/241 3216/475/241 3217/475/241
f 3218/477/241 3217/475/241 3219/477/241
f 3220/490/247 3221/488/247 3222/488/247
f 3220/490/247 3222/488/247 3223/490/247
f 3224/479/241 3218/477/241 3219/477/241
f 3224/479/241 3219/477/241 3225/479/241
f 3226/451/255 3227/423/255 3228/426/255
f 3226/451/255 3228/426/255 3229/452/255
f 3224/479/241 3225/479/241 3230/481/241
f 3224/479/241 3230/481/241 3231/481/241
f 3232/443/259 3233/447/259 3234/448/259
f 3232/443/259 3234/448/259 3235/444/259
f 3236/483/241 3231/481/241 3230/481/241
f 3236/483/241 3230/481/241 3237/483/241
f 3238/435/258 3239/439/258 3240/440/258
f 3238/435/258 3240/440/258 3241/436/258
f 3214/485/241 3236/483/241 3237/483/241
f 3214/485/241 3237/483/241 3215/485/241
f 3242/427/254 3243/431/254 3244/432/254
f 3242/427/254 3244/432/254 3245/428/254
f 3246/467/252 3247/463/252 3248/463/252
f 3246/467/252 3248/463/252 3249/467/252
f 3250/463/246 3251/459/246 3252/459/246
f 3250/463/246 3252/459/246 3253/463/246
f 3254/475/254 3255/473/254 3256/473/254
f 3254/475/254 3256/473/254 3257/475/254
f 3258/485/255 3259/471/255 3260/470/255
f 3258/485/255 3260/470/255 3261/467/255
f 3262/477/256 3263/475/256 3264/475/256
f 3262/477/256 3264/475/256 3265/477/256
f 3266/483/257 3267/485/257 3268/467/257
f 3266/483/257 3268/467/257 3269/463/257
f 3270/479/258 3271/477/258 3272/477/258
f 3270/479/258 3272/477/258 3273/479/258
f 3274/481/259 3275/483/259 3276/463/259
f 3274/481/259 3276/463/259 3277/459/259
f 3278/481/260 3279/479/260 3280/479/260
f 3278/481/260 3280/479/260 3281/481/260
f 3282/479/260 3283/481/260 3284/459/260
f 3282/479/260 3284/459/260 3285/418/260
f 3286/483/259 3287/481/259 3288/481/259
f 3286/483/259 3288/481/259 3289/483/259
f 3290/477/258 3291/479/258 3292/418/258
f 3290/477/258 3292/418/258 3293/466/258
f 3294/485/257 3295/483/257 3296/483/257
f 3294/485/257 3296/483/257 3297/485/257
f 3298/475/256 3299/477/256 3300/466/256
f 3298/475/256 3300/466/256 3301/462/256
f 3302/471/255 3303/485/255 3304/485/255
f 3302/471/255 3304/485/255 3305/471/255
f 3306/473/254 3307/475/254 3308/462/254
f 3306/473/254 3308/462/254 3309/457/254
f 3310/471/250 3311/471/250 3312/473/250
f 3310/471/250 3312/473/250 3313/473/250
f 3314/471/253 3315/473/253 3316/457/253
f 3314/471/253 3316/457/253 3317/470/253
f 3318/470/251 3319/467/251 3320/467/251
f 3318/470/251 3320/467/251 3321/470/251
f 3322/508/248 3323/505/248 3324/505/248
f 3322/508/248 3324/505/248 3325/508/248
f 3326/423/253 3327/427/253 3328/428/253
f 3326/423/253 3328/428/253 3329/426/253
f 3330/510/251 3331/503/251 3332/503/251
f 3330/510/251 3332/503/251 3333/510/251
f 3334/512/250 3335/510/250 3336/510/250
f 3334/512/250 3336/510/250 3337/512/250
f 3338/415/251 3339/421/251 3340/422/251
f 3338/415/251 3340/422/251 3341/416/251
f 3342/513/249 3343/508/249 3344/508/249
f 3342/513/249 3344/508/249 3345/513/249
f 3346/411/252 3347/415/252 3348/416/252
f 3346/411/252 3348/416/252 3349/412/252
f 3350/516/245 3351/512/245 3352/512/245
f 3350/516/245 3352/512/245 3353/516/245
f 3354/407/246 3355/411/246 3356/412/246
f 3354/407/246 3356/412/246 3357/408/246
f 3358/403/249 3359/407/249 3360/408/249
f 3358/403/249 3360/408/249 3361/404/249
f 3362/502/246 3363/513/246 3364/513/246
f 3362/502/246 3364/513/246 3365/502/246
f 3366/391/245 3367/395/245 3368/396/245
f 3366/391/245 3368/396/245 3369/392/245
f 3370/399/248 3371/403/248 3372/404/248
f 3370/399/248 3372/404/248 3373/400/248
f 3374/395/247 3375/399/247 3376/400/247
f 3374/395/247 3376/400/247 3377/396/247
f 3378/470/250 3379/470/250 3380/457/250
f 3378/470/250 3380/457/250 3381/457/250
f 3382/388/250 3383/391/250 3384/392/250
f 3382/388/250 3384/392/250 3385/387/250
f 3386/388/250 3387/391/250 3388/392/250
f 3386/388/250 3388/392/250 3389/387/250
f 3390/502/246 3391/513/246 3392/513/246
f 3390/502/246 3392/513/246 3393/502/246
f 3394/516/245 3395/512/245 3396/512/245
f 3394/516/245 3396/512/245 3397/516/245
f 3398/513/249 3399/508/249 3400/508/249
f 3398/513/249 3400/508/249 3401/513/249
f 3402/512/250 3403/510/250 3404/510/250
f 3402/512/250 3404/510/250 3405/512/250
f 3406/510/251 3407/503/251 3408/503/251
f 3406/510/251 3408/503/251 3409/510/251
f 3410/508/248 3411/505/248 3412/505/248
f 3410/508/248 3412/505/248 3413/508/248
f 3414/471/250 3415/471/250 3416/473/250
f 3414/471/250 3416/473/250 3417/473/250
f 3418/471/255 3419/485/255 3420/485/255
f 3418/471/255 3420/485/255 3421/471/255
s 1
f 3422/485/257 3423/483/257 3424/483/257
s 0
f 3422/485/257 3424/483/257 3425/485/257
f 3426/483/259 3427/481/259 3428/481/259
f 3426/483/259 3428/481/259 3429/483/259
f 3430/481/260 3431/479/260 3432/479/260
f 3430/481/260 3432/479/260 3433/481/260
f 3434/479/258 3435/477/258 3436/477/258
f 3434/479/258 3436/477/258 3437/479/258
f 3438/477/256 3439/475/256 3440/475/256
f 3438/477/256 3440/475/256 3441/477/256
f 3442/475/254 3443/473/254 3444/473/254
f 3442/475/254 3444/473/254 3445/475/254
f 3446/485/241 3447/483/241 3448/483/241
f 3446/485/241 3448/483/241 3449/485/241
f 3447/483/241 3450/481/241 3451/481/241
f 3447/483/241 3451/481/241 3448/483/241
f 3452/479/241 3453/477/241 3454/477/241
f 3452/479/241 3454/477/241 3455/479/241
f 3453/477/241 3456/475/241 3457/475/241
f 3453/477/241 3457/475/241 3454/477/241
f 3456/475/241 3458/473/241 3459/473/241
f 3456/475/241 3459/473/241 3457/475/241
f 3460/471/241 3446/485/241 3449/485/241
f 3460/471/241 3449/485/241 3461/471/241
f 3460/471/241 3461/471/241 3459/473/241
f 3460/471/241 3459/473/241 3458/473/241
f 3452/479/241 3455/479/241 3451/481/241
f 3452/479/241 3451/481/241 3450/481/241
f 3462/473/253 3463/471/253 3464/471/253
f 3462/473/253 3464/471/253 3465/473/253
f 3466/503/242 3467/471/242 3468/471/242
f 3466/503/242 3468/471/242 3469/503/242
f 3470/483/242 3471/485/242 3472/485/242
f 3470/483/242 3472/485/242 3473/483/242
f 3474/481/242 3470/483/242 3473/483/242
f 3474/481/242 3473/483/242 3475/481/242
f 3476/479/242 3474/481/242 3475/481/242
f 3476/479/242 3475/481/242 3477/479/242
f 3478/477/242 3479/479/242 3480/479/242
f 3478/477/242 3480/479/242 3481/477/242
f 3482/475/242 3483/477/242 3484/477/242
f 3482/475/242 3484/477/242 3485/475/242
f 3486/473/242 3482/475/242 3485/475/242
f 3486/473/242 3485/475/242 3487/473/242
f 3488/473/245 3489/473/245 3490/475/245
f 3488/473/245 3490/475/245 3491/475/245
f 3492/503/252 3493/502/252 3494/502/252
f 3492/503/252 3494/502/252 3495/503/252
f 3496/479/248 3497/477/248 3498/477/248
f 3496/479/248 3498/477/248 3499/479/248
f 3500/485/252 3501/483/252 3502/483/252
f 3500/485/252 3502/483/252 3503/485/252
f 3504/477/247 3505/475/247 3506/475/247
f 3504/477/247 3506/475/247 3507/477/247
f 3508/483/246 3509/481/246 3510/481/246
f 3508/483/246 3510/481/246 3511/483/246
f 3512/516/247 3513/516/247 3514/505/247
f 3512/516/247 3514/505/247 3515/505/247
f 3516/481/249 3517/479/249 3518/479/249
f 3516/481/249 3518/479/249 3519/481/249
f 3520/471/242 3486/473/242 3487/473/242
f 3520/471/242 3487/473/242 3521/471/242
f 3522/462/245 3523/457/245 3524/457/245
f 3522/462/245 3524/457/245 3525/462/245
f 3526/431/256 3527/435/256 3528/436/256
f 3526/431/256 3528/436/256 3529/432/256
f 3530/459/249 3531/418/249 3532/418/249
f 3530/459/249 3532/418/249 3533/459/249
f 3534/447/257 3535/451/257 3536/452/257
f 3534/447/257 3536/452/257 3537/448/257
f 3538/418/248 3539/466/248 3540/466/248
f 3538/418/248 3540/466/248 3541/418/248
f 3542/466/247 3543/462/247 3544/462/247
f 3542/466/247 3544/462/247 3545/466/247
f 3546/439/260 3547/443/260 3548/444/260
f 3546/439/260 3548/444/260 3549/440/260
f 3550/488/245 3551/498/245 3552/498/245
f 3550/488/245 3552/498/245 3553/488/245
f 3554/499/249 3555/494/249 3556/494/249
f 3554/499/249 3556/494/249 3557/499/249
f 3558/498/250 3559/496/250 3560/496/250
f 3558/498/250 3560/496/250 3561/498/250
f 3562/496/251 3563/491/251 3564/491/251
f 3562/496/251 3564/491/251 3565/496/251
f 3566/494/248 3567/490/248 3568/490/248
f 3566/494/248 3568/490/248 3569/494/248
f 3570/491/252 3571/455/252 3572/455/252
f 3570/491/252 3572/455/252 3573/491/252
f 3574/485/251 3575/485/251 3576/471/251
f 3574/485/251 3576/471/251 3577/471/251
f 3578/499/246 3579/499/246 3580/455/246
f 3578/499/246 3580/455/246 3581/455/246
f 3582/490/247 3583/488/247 3584/488/247
f 3582/490/247 3584/488/247 3585/490/247
f 3586/451/255 3587/423/255 3588/426/255
f 3586/451/255 3588/426/255 3589/452/255
f 3590/443/259 3591/447/259 3592/448/259
f 3590/443/259 3592/448/259 3593/444/259
f 3594/435/258 3595/439/258 3596/440/258
f 3594/435/258 3596/440/258 3597/436/258
f 3598/427/254 3599/431/254 3600/432/254
f 3598/427/254 3600/432/254 3601/428/254
f 3602/467/252 3603/463/252 3604/463/252
f 3602/467/252 3604/463/252 3605/467/252
f 3606/463/246 3607/459/246 3608/459/246
f 3606/463/246 3608/459/246 3609/463/246
f 3610/485/255 3611/471/255 3612/470/255
s 1
f 3610/485/255 3612/470/255 3613/467/255
s 0
f 3614/483/257 3615/485/257 3616/467/257
f 3614/483/257 3616/467/257 3617/463/257
f 3618/481/259 3619/483/259 3620/463/259
f 3618/481/259 3620/463/259 3621/459/259
f 3622/479/260 3623/481/260 3624/459/260
f 3622/479/260 3624/459/260 3625/418/260
f 3626/477/258 3627/479/258 3628/418/258
f 3626/477/258 3628/418/258 3629/466/258
f 3630/475/256 3631/477/256 3632/466/256
f 3630/475/256 3632/466/256 3633/462/256
f 3634/473/254 3635/475/254 3636/462/254
f 3634/473/254 3636/462/254 3637/457/254
f 3638/471/253 3639/473/253 3640/457/253
f 3638/471/253 3640/457/253 3641/470/253
f 3642/470/251 3643/467/251 3644/467/251
f 3642/470/251 3644/467/251 3645/470/251
f 3646/423/253 3647/427/253 3648/428/253
f 3646/423/253 3648/428/253 3649/426/253
f 3650/415/251 3651/421/251 3652/422/251
f 3650/415/251 3652/422/251 3653/416/251
f 3654/411/252 3655/415/252 3656/416/252
f 3654/411/252 3656/416/252 3657/412/252
f 3658/407/246 3659/411/246 3660/412/246
f 3658/407/246 3660/412/246 3661/408/246
f 3662/403/249 3663/407/249 3664/408/249
f 3662/403/249 3664/408/249 3665/404/249
f 3666/391/245 3667/395/245 3668/396/245
f 3666/391/245 3668/396/245 3669/392/245
f 3670/399/248 3671/403/248 3672/404/248
f 3670/399/248 3672/404/248 3673/400/248
f 3674/395/247 3675/399/247 3676/400/247
f 3674/395/247 3676/400/247 3677/396/247
f 3678/470/250 3679/470/250 3680/457/250
f 3678/470/250 3680/457/250 3681/457/250
f 3682/388/250 3683/391/250 3684/392/250
f 3682/388/250 3684/392/250 3685/387/250
f 3686/502/246 3687/513/246 3688/513/246
f 3686/502/246 3688/513/246 3689/502/246
f 3690/516/245 3691/512/245 3692/512/245
f 3690/516/245 3692/512/245 3693/516/245
f 3694/513/249 3695/508/249 3696/508/249
f 3694/513/249 3696/508/249 3697/513/249
f 3698/512/250 3699/510/250 3700/510/250
f 3698/512/250 3700/510/250 3701/512/250
f 3702/510/251 3703/503/251 3704/503/251
f 3702/510/251 3704/503/251 3705/510/251
f 3706/508/248 3707/505/248 3708/505/248
f 3706/508/248 3708/505/248 3709/508/248
f 3710/471/250 3711/471/250 3712/473/250
f 3710/471/250 3712/473/250 3713/473/250
f 3714/471/255 3715/485/255 3716/485/255
f 3714/471/255 3716/485/255 3717/471/255
f 3718/485/257 3719/483/257 3720/483/257
f 3718/485/257 3720/483/257 3721/485/257
f 3722/483/259 3723/481/259 3724/481/259
f 3722/483/259 3724/481/259 3725/483/259
f 3726/481/260 3727/479/260 3728/479/260
f 3726/481/260 3728/479/260 3729/481/260
f 3730/479/258 3731/477/258 3732/477/258
f 3730/479/258 3732/477/258 3733/479/258
f 3734/477/256 3735/475/256 3736/475/256
f 3734/477/256 3736/475/256 3737/477/256
f 3738/475/254 3739/473/254 3740/473/254
f 3738/475/254 3740/473/254 3741/475/254
f 3742/485/241 3743/483/241 3744/483/241
f 3742/485/241 3744/483/241 3745/485/241
f 3743/483/241 3746/481/241 3747/481/241
f 3743/483/241 3747/481/241 3744/483/241
f 3748/479/241 3749/477/241 3750/477/241
f 3748/479/241 3750/477/241 3751/479/241
f 3749/477/241 3752/475/241 3753/475/241
f 3749/477/241 3753/475/241 3750/477/241
f 3752/475/241 3754/473/241 3755/473/241
f 3752/475/241 3755/473/241 3753/475/241
f 3756/471/241 3742/485/241 3745/485/241
f 3756/471/241 3745/485/241 3757/471/241
f 3756/471/241 3757/471/241 3755/473/241
f 3756/471/241 3755/473/241 3754/473/241
f 3748/479/241 3751/479/241 3747/481/241
f 3748/479/241 3747/481/241 3746/481/241
f 3758/473/253 3759/471/253 3760/471/253
f 3758/473/253 3760/471/253 3761/473/253
f 3762/503/242 3763/471/242 3764/471/242
f 3762/503/242 3764/471/242 3765/503/242
f 3766/483/242 3767/485/242 3768/485/242
f 3766/483/242 3768/485/242 3769/483/242
f 3770/481/242 3766/483/242 3769/483/242
f 3770/481/242 3769/483/242 3771/481/242
f 3772/479/242 3770/481/242 3771/481/242
f 3772/479/242 3771/481/242 3773/479/242
f 3774/477/242 3775/479/242 3776/479/242
f 3774/477/242 3776/479/242 3777/477/242
f 3778/475/242 3779/477/242 3780/477/242
f 3778/475/242 3780/477/242 3781/475/242
f 3782/473/242 3778/475/242 3781/475/242
f 3782/473/242 3781/475/242 3783/473/242
f 3784/473/245 3785/473/245 3786/475/245
f 3784/473/245 3786/475/245 3787/475/245
f 3788/503/252 3789/502/252 3790/502/252
f 3788/503/252 3790/502/252 3791/503/252
f 3792/479/248 3793/477/248 3794/477/248
f 3792/479/248 3794/477/248 3795/479/248
f 3796/485/252 3797/483/252 3798/483/252
f 3796/485/252 3798/483/252 3799/485/252
f 3800/477/247 3801/475/247 3802/475/247
f 3800/477/247 3802/475/247 3803/477/247
f 3804/483/246 3805/481/246 3806/481/246
f 3804/483/246 3806/481/246 3807/483/246
f 3808/516/247 3809/516/247 3810/505/247
f 3808/516/247 3810/505/247 3811/505/247
f 3812/481/249 3813/479/249 3814/479/249
f 3812/481/249 3814/479/249 3815/481/249
f 3816/471/242 3782/473/242 3783/473/242
f 3816/471/242 3783/473/242 3817/471/242
f 3818/462/245 3819/457/245 3820/457/245
f 3818/462/245 3820/457/245 3821/462/245
f 3822/431/256 3823/435/256 3824/436/256
f 3822/431/256 3824/436/256 3825/432/256
f 3826/459/249 3827/418/249 3828/418/249
f 3826/459/249 3828/418/249 3829/459/249
f 3830/447/257 3831/451/257 3832/452/257
f 3830/447/257 3832/452/257 3833/448/257
f 3834/418/248 3835/466/248 3836/466/248
f 3834/418/248 3836/466/248 3837/418/248
f 3838/466/247 3839/462/247 3840/462/247
f 3838/466/247 3840/462/247 3841/466/247
f 3842/439/260 3843/443/260 3844/444/260
f 3842/439/260 3844/444/260 3845/440/260
f 3846/488/245 3847/498/245 3848/498/245
f 3846/488/245 3848/498/245 3849/488/245
f 3850/499/249 3851/494/249 3852/494/249
f 3850/499/249 3852/494/249 3853/499/249
f 3854/498/250 3855/496/250 3856/496/250
f 3854/498/250 3856/496/250 3857/498/250
f 3858/496/251 3859/491/251 3860/491/251
f 3858/496/251 3860/491/251 3861/496/251
f 3862/494/248 3863/490/248 3864/490/248
f 3862/494/248 3864/490/248 3865/494/248
f 3866/491/252 3867/455/252 3868/455/252
f 3866/491/252 3868/455/252 3869/491/252
f 3870/485/251 3871/485/251 3872/471/251
f 3870/485/251 3872/471/251 3873/471/251
f 3874/499/246 3875/499/246 3876/455/246
f 3874/499/246 3876/455/246 3877/455/246
f 3878/490/247 3879/488/247 3880/488/247
f 3878/490/247 3880/488/247 3881/490/247
f 3882/451/255 3883/423/255 3884/426/255
f 3882/451/255 3884/426/255 3885/452/255
f 3886/443/259 3887/447/259 3888/448/259
f 3886/443/259 3888/448/259 3889/444/259
f 3890/435/258 3891/439/258 3892/440/258
f 3890/435/258 3892/440/258 3893/436/258
f 3894/427/254 3895/431/254 3896/432/254
f 3894/427/254 3896/432/254 3897/428/254
f 3898/467/252 3899/463/252 3900/463/252
f 3898/467/252 3900/463/252 3901/467/252
f 3902/463/246 3903/459/246 3904/459/246
f 3902/463/246 3904/459/246 3905/463/246
f 3906/485/255 3907/471/255 3908/470/255
s 1
f 3906/485/255 3908/470/255 3909/467/255
s 0
f 3910/483/257 3911/485/257 3912/467/257
f 3910/483/257 3912/467/257 3913/463/257
f 3914/481/259 3915/483/259 3916/463/259
f 3914/481/259 3916/463/259 3917/459/259
f 3918/479/260 3919/481/260 3920/459/260
f 3918/479/260 3920/459/260 3921/418/260
f 3922/477/258 3923/479/258 3924/418/258
f 3922/477/258 3924/418/258 3925/466/258
f 3926/475/256 3927/477/256 3928/466/256
f 3926/475/256 3928/466/256 3929/462/256
f 3930/473/254 3931/475/254 3932/462/254
f 3930/473/254 3932/462/254 3933/457/254
s 1
f 3934/471/253 3935/473/253 3936/457/253
s 0
f 3934/471/253 3936/457/253 3937/470/253
f 3938/470/251 3939/467/251 3940/467/251
f 3938/470/251 3940/467/251 3941/470/251
f 3942/423/253 3943/427/253 3944/428/253
f 3942/423/253 3944/428/253 3945/426/253
f 3946/415/251 3947/421/251 3948/422/251
f 3946/415/251 3948/422/251 3949/416/251
f 3950/411/252 3951/415/252 3952/416/252
f 3950/411/252 3952/416/252 3953/412/252
f 3954/407/246 3955/411/246 3956/412/246
f 3954/407/246 3956/412/246 3957/408/246
f 3958/403/249 3959/407/249 3960/408/249
f 3958/403/249 3960/408/249 3961/404/249
f 3962/391/245 3963/395/245 3964/396/245
f 3962/391/245 3964/396/245 3965/392/245
f 3966/399/248 3967/403/248 3968/404/248
f 3966/399/248 3968/404/248 3969/400/248
f 3970/395/247 3971/399/247 3972/400/247
f 3970/395/247 3972/400/247 3973/396/247
f 3974/470/250 3975/470/250 3976/457/250
f 3974/470/250 3976/457/250 3977/457/250
f 3978/388/250 3979/391/250 3980/392/250
f 3978/388/250 3980/392/250 3981/387/250
f 3982/387/219 3983/390/219 3984/389/219
f 3982/387/219 3984/389/219 3985/388/219
f 3986/390/218 3987/392/218 3988/391/218
f 3986/390/218 3988/391/218 3989/389/218
f 3990/392/217 3991/394/217 3992/393/217
f 3990/392/217 3992/393/217 3993/391/217
f 3994/394/216 3995/396/216 3996/395/216
f 3994/394/216 3996/395/216 3997/393/216
f 3998/396/215 3999/398/215 4000/397/215
f 3998/396/215 4000/397/215 4001/395/215
f 4002/398/214 4003/400/214 4004/399/214
f 4002/398/214 4004/399/214 4005/397/214
f 4006/400/213 4007/402/213 4008/401/213
f 4006/400/213 4008/401/213 4009/399/213
f 4010/402/212 4011/404/212 4012/403/212
f 4010/402/212 4012/403/212 4013/401/212
f 4014/404/211 4015/406/211 4016/405/211
f 4014/404/211 4016/405/211 4017/403/211
f 4018/406/210 4019/408/210 4020/407/210
f 4018/406/210 4020/407/210 4021/405/210
f 4022/408/209 4023/410/209 4024/409/209
f 4022/408/209 4024/409/209 4025/407/209
f 4026/410/208 4027/412/208 4028/411/208
f 4026/410/208 4028/411/208 4029/409/208
f 4030/412/207 4031/414/207 4032/413/207
f 4030/412/207 4032/413/207 4033/411/207
f 4034/414/206 4035/416/206 4036/415/206
f 4034/414/206 4036/415/206 4037/413/206
f 4038/417/211 4039/417/211 4040/418/211
f 4038/417/211 4040/418/211 4041/418/211
f 4042/416/205 4043/420/205 4044/419/205
f 4042/416/205 4044/419/205 4045/415/205
f 4046/420/204 4047/422/204 4048/421/204
f 4046/420/204 4048/421/204 4049/419/204
f 4050/423/237 4051/426/237 4052/425/237
f 4050/423/237 4052/425/237 4053/424/237
f 4054/424/236 4055/425/236 4056/428/236
f 4054/424/236 4056/428/236 4057/427/236
s 1
f 4058/427/235 4059/428/235 4060/430/235
s 0
f 4058/427/235 4060/430/235 4061/429/235
f 4062/429/240 4063/430/240 4064/432/240
f 4062/429/240 4064/432/240 4065/431/240
f 4066/431/233 4067/432/233 4068/434/233
f 4066/431/233 4068/434/233 4069/433/233
f 4070/433/232 4071/434/232 4072/436/232
f 4070/433/232 4072/436/232 4073/435/232
f 4074/435/231 4075/436/231 4076/438/231
f 4074/435/231 4076/438/231 4077/437/231
f 4078/437/230 4079/438/230 4080/440/230
f 4078/437/229 4080/440/229 4081/439/229
f 4082/439/228 4083/440/228 4084/442/228
f 4082/439/227 4084/442/227 4085/441/227
f 4086/441/226 4087/442/226 4088/444/226
f 4086/441/226 4088/444/226 4089/443/226
f 4090/443/225 4091/444/225 4092/446/225
f 4090/443/225 4092/446/225 4093/445/225
f 4094/445/224 4095/446/224 4096/448/224
f 4094/445/224 4096/448/224 4097/447/224
f 4098/447/239 4099/448/239 4100/450/239
s 1
f 4098/447/239 4100/450/239 4101/449/239
s 0
f 4102/449/222 4103/450/222 4104/452/222
f 4102/449/222 4104/452/222 4105/451/222
f 4106/451/221 4107/452/221 4108/454/221
f 4106/451/221 4108/454/221 4109/453/221
f 4110/453/220 4111/454/220 4112/426/220
s 1
f 4110/453/220 4112/426/220 4113/423/220
s 0
f 4114/455/208 4115/455/208 4116/456/208
f 4114/455/208 4116/456/208 4117/456/208
f 4118/457/218 4119/457/218 4120/458/218
f 4118/457/218 4120/458/218 4121/458/218
f 4122/459/210 4123/459/210 4124/417/210
f 4122/459/210 4124/417/210 4125/417/210
f 4126/460/217 4127/460/217 4128/457/217
f 4126/460/217 4128/457/217 4129/457/217
f 4130/461/209 4131/461/209 4132/459/209
f 4130/461/209 4132/459/209 4133/459/209
f 4134/462/216 4135/462/216 4136/460/216
f 4134/462/216 4136/460/216 4137/460/216
f 4138/463/208 4139/463/208 4140/461/208
f 4138/463/208 4140/461/208 4141/461/208
f 4142/464/215 4143/464/215 4144/462/215
f 4142/464/215 4144/462/215 4145/462/215
f 4146/465/207 4147/465/207 4148/463/207
f 4146/465/207 4148/463/207 4149/463/207
f 4150/466/214 4151/466/214 4152/464/214
f 4150/466/214 4152/464/214 4153/464/214
f 4154/467/206 4155/467/206 4156/465/206
f 4154/467/206 4156/465/206 4157/465/206
f 4158/468/213 4159/468/213 4160/466/213
f 4158/468/213 4160/466/213 4161/466/213
f 4162/469/205 4163/469/205 4164/467/205
f 4162/469/205 4164/467/205 4165/467/205
f 4166/418/212 4167/418/212 4168/468/212
f 4166/418/212 4168/468/212 4169/468/212
f 4170/458/219 4171/458/219 4172/470/219
f 4170/458/219 4172/470/219 4173/470/219
f 4174/470/204 4175/470/204 4176/469/204
f 4174/470/204 4176/469/204 4177/469/204
f 4178/471/237 4179/470/237 4180/458/237
f 4178/471/244 4180/458/244 4181/472/244
f 4182/472/236 4183/458/236 4184/457/236
f 4182/472/236 4184/457/236 4185/473/236
f 4186/473/235 4187/457/235 4188/460/235
f 4186/473/235 4188/460/235 4189/474/235
f 4190/474/240 4191/460/240 4192/462/240
f 4190/474/234 4192/462/234 4193/475/234
f 4194/475/233 4195/462/233 4196/464/233
f 4194/475/233 4196/464/233 4197/476/233
f 4198/476/232 4199/464/232 4200/466/232
f 4198/476/232 4200/466/232 4201/477/232
f 4202/477/231 4203/466/231 4204/468/231
f 4202/477/231 4204/468/231 4205/478/231
f 4206/478/230 4207/468/230 4208/418/230
f 4206/478/229 4208/418/229 4209/479/229
f 4210/479/228 4211/418/228 4212/417/228
f 4210/479/228 4212/417/228 4213/480/228
f 4214/480/226 4215/417/226 4216/459/226
f 4214/480/226 4216/459/226 4217/481/226
f 4218/481/225 4219/459/225 4220/461/225
f 4218/481/225 4220/461/225 4221/482/225
f 4222/482/224 4223/461/224 4224/463/224
f 4222/482/224 4224/463/224 4225/483/224
f 4226/483/223 4227/463/223 4228/465/223
f 4226/483/239 4228/465/239 4229/484/239
f 4230/484/222 4231/465/222 4232/467/222
f 4230/484/222 4232/467/222 4233/485/222
s 1
f 4234/485/221 4235/467/221 4236/469/221
s 0
f 4234/485/221 4236/469/221 4237/486/221
f 4238/486/220 4239/469/220 4240/470/220
f 4238/486/220 4240/470/220 4241/471/220
f 4242/473/241 4243/473/241 4244/472/241
f 4242/473/241 4244/472/241 4245/472/241
f 4246/487/215 4247/487/215 4248/488/215
f 4246/487/215 4248/488/215 4249/488/215
f 4250/489/207 4251/489/207 4252/455/207
f 4250/489/207 4252/455/207 4253/455/207
f 4254/490/214 4255/490/214 4256/487/214
f 4254/490/214 4256/487/214 4257/487/214
f 4258/491/206 4259/491/206 4260/489/206
f 4258/491/206 4260/489/206 4261/489/206
f 4262/492/213 4263/492/213 4264/490/213
f 4262/492/213 4264/490/213 4265/490/213
f 4266/493/205 4267/493/205 4268/491/205
f 4266/493/205 4268/491/205 4269/491/205
f 4270/494/212 4271/494/212 4272/492/212
f 4270/494/212 4272/492/212 4273/492/212
f 4274/495/219 4275/495/219 4276/496/219
f 4274/495/219 4276/496/219 4277/496/219
f 4278/496/204 4279/496/204 4280/493/204
f 4278/496/204 4280/493/204 4281/493/204
f 4282/497/211 4283/497/211 4284/494/211
f 4282/497/211 4284/494/211 4285/494/211
f 4286/498/218 4287/498/218 4288/495/218
f 4286/498/218 4288/495/218 4289/495/218
f 4290/499/210 4291/499/210 4292/497/210
f 4290/499/210 4292/497/210 4293/497/210
f 4294/500/217 4295/500/217 4296/498/217
f 4294/500/217 4296/498/217 4297/498/217
f 4298/456/209 4299/456/209 4300/499/209
f 4298/456/209 4300/499/209 4301/499/209
f 4302/488/216 4303/488/216 4304/500/216
f 4302/488/216 4304/500/216 4305/500/216
f 4306/501/207 4307/501/207 4308/502/207
f 4306/501/207 4308/502/207 4309/502/207
f 4310/481/241 4311/481/241 4312/480/241
f 4310/481/241 4312/480/241 4313/480/241
f 4314/474/241 4315/474/241 4243/473/241
f 4314/474/241 4243/473/241 4242/473/241
f 4316/482/241 4317/482/241 4318/481/241
f 4316/482/241 4318/481/241 4319/481/241
f 4320/475/241 4321/475/241 4315/474/241
f 4320/475/241 4315/474/241 4314/474/241
f 4322/483/241 4323/483/241 4317/482/241
f 4322/483/241 4317/482/241 4316/482/241
f 4324/476/241 4325/476/241 4321/475/241
f 4324/476/241 4321/475/241 4320/475/241
f 4326/484/241 4327/484/241 4323/483/241
f 4326/484/241 4323/483/241 4322/483/241
f 4328/477/241 4329/477/241 4325/476/241
f 4328/477/241 4325/476/241 4324/476/241
f 4330/485/241 4331/485/241 4327/484/241
f 4330/485/241 4327/484/241 4326/484/241
f 4332/478/241 4333/478/241 4329/477/241
f 4332/478/241 4329/477/241 4328/477/241
f 4334/486/241 4335/486/241 4331/485/241
f 4334/486/241 4331/485/241 4330/485/241
f 4336/479/241 4337/479/241 4333/478/241
f 4336/479/241 4333/478/241 4332/478/241
f 4245/472/241 4244/472/241 4338/471/241
f 4245/472/241 4338/471/241 4339/471/241
f 4340/471/241 4341/471/241 4342/486/241
f 4340/471/241 4342/486/241 4343/486/241
f 4344/480/241 4345/480/241 4337/479/241
f 4344/480/241 4337/479/241 4336/479/241
f 4346/471/242 4347/471/242 4348/472/242
f 4346/471/242 4348/472/242 4349/472/242
f 4350/472/242 4351/472/242 4352/473/242
f 4350/472/242 4352/473/242 4353/473/242
f 4354/473/242 4355/473/242 4356/474/242
f 4354/473/242 4356/474/242 4357/474/242
f 4358/474/242 4359/474/242 4360/475/242
f 4358/474/242 4360/475/242 4361/475/242
f 4362/475/242 4363/475/242 4364/476/242
f 4362/475/242 4364/476/242 4365/476/242
f 4366/476/242 4367/476/242 4368/477/242
f 4366/476/242 4368/477/242 4369/477/242
f 4370/477/242 4371/477/242 4372/478/242
f 4370/477/242 4372/478/242 4373/478/242
f 4374/478/242 4375/478/242 4376/479/242
f 4374/478/242 4376/479/242 4377/479/242
f 4378/479/242 4379/479/242 4380/480/242
f 4378/479/242 4380/480/242 4381/480/242
f 4382/480/242 4383/480/242 4384/481/242
f 4382/480/242 4384/481/242 4385/481/242
f 4386/481/242 4387/481/242 4388/482/242
f 4386/481/242 4388/482/242 4389/482/242
f 4390/482/242 4391/482/242 4392/483/242
f 4390/482/242 4392/483/242 4393/483/242
f 4394/483/242 4395/483/242 4396/484/242
f 4394/483/242 4396/484/242 4397/484/242
f 4398/484/242 4399/484/242 4400/485/242
f 4398/484/242 4400/485/242 4401/485/242
f 4402/503/242 4403/503/242 4404/504/242
f 4402/503/242 4404/504/242 4405/504/242
f 4406/486/242 4407/486/242 4408/471/242
f 4406/486/242 4408/471/242 4409/471/242
f 4410/473/218 4411/473/218 4412/472/218
f 4410/473/218 4412/472/218 4413/472/218
f 4414/471/204 4415/471/204 4416/486/204
f 4414/471/204 4416/486/204 4417/486/204
f 4418/475/216 4419/475/216 4420/474/216
f 4418/475/216 4420/474/216 4421/474/216
f 4422/476/215 4423/476/215 4424/475/215
f 4422/476/215 4424/475/215 4425/475/215
f 4426/477/214 4427/477/214 4428/476/214
f 4426/477/214 4428/476/214 4429/476/214
f 4430/478/213 4431/478/213 4432/477/213
f 4430/478/213 4432/477/213 4433/477/213
f 4434/479/212 4435/479/212 4436/478/212
f 4434/479/212 4436/478/212 4437/478/212
f 4438/480/211 4439/480/211 4440/479/211
f 4438/480/211 4440/479/211 4441/479/211
f 4442/481/210 4443/481/210 4444/480/210
f 4442/481/210 4444/480/210 4445/480/210
f 4446/482/209 4447/482/209 4448/481/209
f 4446/482/209 4448/481/209 4449/481/209
f 4450/483/208 4451/483/208 4452/482/208
f 4450/483/208 4452/482/208 4453/482/208
f 4454/484/207 4455/484/207 4456/483/207
f 4454/484/207 4456/483/207 4457/483/207
f 4458/485/206 4459/485/206 4460/484/206
f 4458/485/206 4460/484/206 4461/484/206
f 4462/486/205 4463/486/205 4464/485/205
f 4462/486/205 4464/485/205 4465/485/205
f 4466/474/217 4467/474/217 4468/473/217
f 4466/474/217 4468/473/217 4469/473/217
f 4470/472/237 4471/472/237 4472/471/237
f 4470/472/244 4472/471/244 4473/471/244
f 4474/473/236 4475/473/236 4476/472/236
f 4474/473/236 4476/472/236 4477/472/236
f 4478/474/235 4479/474/235 4480/473/235
f 4478/474/235 4480/473/235 4481/473/235
f 4482/475/240 4483/475/240 4484/474/240
f 4482/475/234 4484/474/234 4485/474/234
f 4486/476/233 4487/476/233 4488/475/233
f 4486/476/261 4488/475/261 4489/475/261
f 4490/477/232 4491/477/232 4492/476/232
f 4490/477/232 4492/476/232 4493/476/232
f 4494/478/231 4495/478/231 4496/477/231
f 4494/478/231 4496/477/231 4497/477/231
s 1
f 4498/479/229 4499/479/229 4500/478/229
s 0
f 4498/479/230 4500/478/230 4501/478/230
f 4502/480/227 4503/480/227 4504/479/227
f 4502/480/228 4504/479/228 4505/479/228
f 4506/481/226 4507/481/226 4508/480/226
f 4506/481/226 4508/480/226 4509/480/226
f 4510/482/225 4511/482/225 4512/481/225
f 4510/482/225 4512/481/225 4513/481/225
f 4514/483/224 4515/483/224 4516/482/224
f 4514/483/224 4516/482/224 4517/482/224
f 4518/484/239 4519/484/239 4520/483/239
f 4518/484/239 4520/483/239 4521/483/239
f 4522/485/222 4523/485/222 4524/484/222
f 4522/485/222 4524/484/222 4525/484/222
f 4526/486/221 4527/486/221 4528/485/221
f 4526/486/221 4528/485/221 4529/485/221
f 4530/471/238 4531/471/238 4532/486/238
f 4530/471/220 4532/486/220 4533/486/220
f 4534/472/219 4535/472/219 4536/471/219
f 4534/472/219 4536/471/219 4537/471/219
f 4538/505/214 4539/505/214 4540/506/214
f 4538/505/214 4540/506/214 4541/506/214
f 4542/503/206 4543/503/206 4544/501/206
f 4542/503/206 4544/501/206 4545/501/206
f 4546/507/213 4547/507/213 4548/505/213
f 4546/507/213 4548/505/213 4549/505/213
f 4550/504/205 4551/504/205 4552/503/205
f 4550/504/205 4552/503/205 4553/503/205
f 4554/508/212 4555/508/212 4556/507/212
f 4554/508/212 4556/507/212 4557/507/212
f 4558/509/219 4559/509/219 4560/510/219
f 4558/509/219 4560/510/219 4561/510/219
f 4562/510/204 4563/510/204 4564/504/204
f 4562/510/204 4564/504/204 4565/504/204
f 4566/511/211 4567/511/211 4568/508/211
f 4566/511/211 4568/508/211 4569/508/211
f 4570/512/218 4571/512/218 4572/509/218
f 4570/512/218 4572/509/218 4573/509/218
f 4574/513/210 4575/513/210 4576/511/210
f 4574/513/210 4576/511/210 4577/511/210
f 4578/514/217 4579/514/217 4580/512/217
f 4578/514/217 4580/512/217 4581/512/217
f 4582/515/209 4583/515/209 4584/513/209
f 4582/515/209 4584/513/209 4585/513/209
f 4586/516/216 4587/516/216 4588/514/216
f 4586/516/216 4588/514/216 4589/514/216
f 4590/502/208 4591/502/208 4592/515/208
f 4590/502/208 4592/515/208 4593/515/208
f 4594/506/215 4595/506/215 4596/516/215
f 4594/506/215 4596/516/215 4597/516/215
f 4598/391/252 4599/392/252 4600/396/252
f 4598/391/252 4600/396/252 4601/395/252
f 4602/502/247 4603/502/247 4604/513/247
f 4602/502/247 4604/513/247 4605/513/247
f 4606/395/246 4607/396/246 4608/400/246
f 4606/395/246 4608/400/246 4609/399/246
f 4610/516/252 4611/516/252 4612/512/252
f 4610/516/252 4612/512/252 4613/512/252
f 4614/399/249 4615/400/249 4616/404/249
f 4614/399/249 4616/404/249 4617/403/249
f 4618/513/248 4619/513/248 4620/508/248
f 4618/513/248 4620/508/248 4621/508/248
f 4622/403/248 4623/404/248 4624/408/248
f 4622/403/248 4624/408/248 4625/407/248
f 4626/512/251 4627/512/251 4628/510/251
f 4626/512/251 4628/510/251 4629/510/251
f 4630/407/247 4631/408/247 4632/412/247
f 4630/407/247 4632/412/247 4633/411/247
f 4634/510/250 4635/510/250 4636/503/250
f 4634/510/250 4636/503/250 4637/503/250
f 4638/411/245 4639/412/245 4640/416/245
f 4638/411/245 4640/416/245 4641/415/245
f 4642/508/249 4643/508/249 4644/505/249
f 4642/508/249 4644/505/249 4645/505/249
f 4646/415/250 4647/416/250 4648/422/250
f 4646/415/250 4648/422/250 4649/421/250
f 4650/470/251 4651/457/251 4652/457/251
f 4650/470/251 4652/457/251 4653/470/251
f 4654/423/255 4655/426/255 4656/428/255
f 4654/423/255 4656/428/255 4657/427/255
f 4658/471/251 4659/473/251 4660/473/251
f 4658/471/251 4660/473/251 4661/471/251
f 4662/427/257 4663/428/257 4664/432/257
f 4662/427/257 4664/432/257 4665/431/257
f 4666/471/253 4667/471/253 4668/485/253
f 4666/471/253 4668/485/253 4669/485/253
f 4670/431/259 4671/432/259 4672/436/259
f 4670/431/259 4672/436/259 4673/435/259
f 4674/485/254 4675/485/254 4676/483/254
f 4674/485/254 4676/483/254 4677/483/254
f 4678/435/260 4679/436/260 4680/440/260
f 4678/435/260 4680/440/260 4681/439/260
f 4682/483/256 4683/483/256 4684/481/256
f 4682/483/256 4684/481/256 4685/481/256
f 4686/439/258 4687/440/258 4688/444/258
f 4686/439/258 4688/444/258 4689/443/258
f 4690/481/258 4691/481/258 4692/479/258
f 4690/481/258 4692/479/258 4693/479/258
f 4694/443/256 4695/444/256 4696/448/256
f 4694/443/256 4696/448/256 4697/447/256
f 4698/479/260 4699/479/260 4700/477/260
f 4698/479/260 4700/477/260 4701/477/260
f 4702/447/254 4703/448/254 4704/452/254
f 4702/447/254 4704/452/254 4705/451/254
f 4706/477/259 4707/477/259 4708/475/259
f 4706/477/259 4708/475/259 4709/475/259
f 4710/451/253 4711/452/253 4712/426/253
f 4710/451/253 4712/426/253 4713/423/253
f 4714/475/257 4715/475/257 4716/473/257
f 4714/475/257 4716/473/257 4717/473/257
f 4718/459/248 4719/459/248 4720/418/248
f 4718/459/248 4720/418/248 4721/418/248
f 4722/485/241 4723/485/241 4724/483/241
f 4722/485/241 4724/483/241 4725/483/241
f 4726/490/246 4727/490/246 4728/488/246
f 4726/490/246 4728/488/246 4729/488/246
f 4730/462/252 4731/462/252 4732/457/252
f 4730/462/252 4732/457/252 4733/457/252
f 4725/483/241 4724/483/241 4734/481/241
f 4725/483/241 4734/481/241 4735/481/241
f 4736/463/247 4737/463/247 4738/459/247
f 4736/463/247 4738/459/247 4739/459/247
f 4740/466/246 4741/466/246 4742/462/246
f 4740/466/246 4742/462/246 4743/462/246
f 4744/479/241 4745/479/241 4746/477/241
f 4744/479/241 4746/477/241 4747/477/241
f 4747/477/241 4746/477/241 4748/475/241
f 4747/477/241 4748/475/241 4749/475/241
f 4750/467/245 4751/467/245 4752/463/245
f 4750/467/245 4752/463/245 4753/463/245
f 4754/418/249 4755/418/249 4756/466/249
f 4754/418/249 4756/466/249 4757/466/249
f 4749/475/241 4748/475/241 4758/473/241
f 4749/475/241 4758/473/241 4759/473/241
f 4760/471/241 4761/471/241 4723/485/241
f 4760/471/241 4723/485/241 4722/485/241
f 4762/470/250 4763/470/250 4764/467/250
f 4762/470/250 4764/467/250 4765/467/250
f 4766/471/255 4767/470/255 4768/457/255
f 4766/471/255 4768/457/255 4769/473/255
f 4760/471/241 4759/473/241 4758/473/241
f 4760/471/241 4758/473/241 4761/471/241
f 4744/479/241 4735/481/241 4734/481/241
f 4744/479/241 4734/481/241 4745/479/241
f 4770/473/255 4771/473/255 4772/471/255
f 4770/473/255 4772/471/255 4773/471/255
f 4774/473/257 4775/457/257 4776/462/257
f 4774/473/257 4776/462/257 4777/475/257
f 4778/503/242 4779/503/242 4780/471/242
f 4778/503/242 4780/471/242 4781/471/242
f 4782/475/259 4783/462/259 4784/466/259
f 4782/475/259 4784/466/259 4785/477/259
f 4786/483/242 4787/483/242 4788/485/242
f 4786/483/242 4788/485/242 4789/485/242
f 4790/477/260 4791/466/260 4792/418/260
f 4790/477/260 4792/418/260 4793/479/260
f 4794/481/242 4795/481/242 4796/483/242
f 4794/481/242 4796/483/242 4797/483/242
f 4798/479/258 4799/418/258 4800/459/258
f 4798/479/258 4800/459/258 4801/481/258
f 4802/479/242 4803/479/242 4795/481/242
f 4802/479/242 4795/481/242 4794/481/242
f 4804/481/256 4805/459/256 4806/463/256
f 4804/481/256 4806/463/256 4807/483/256
f 4808/477/242 4809/477/242 4810/479/242
f 4808/477/242 4810/479/242 4811/479/242
f 4812/483/254 4813/463/254 4814/467/254
f 4812/483/254 4814/467/254 4815/485/254
f 4816/475/242 4817/475/242 4818/477/242
f 4816/475/242 4818/477/242 4819/477/242
f 4820/485/253 4821/467/253 4822/470/253
f 4820/485/253 4822/470/253 4823/471/253
f 4824/473/242 4825/473/242 4826/475/242
f 4824/473/242 4826/475/242 4827/475/242
f 4828/499/247 4829/455/247 4830/455/247
f 4828/499/247 4830/455/247 4831/499/247
f 4832/473/252 4833/475/252 4834/475/252
f 4832/473/252 4834/475/252 4835/473/252
f 4836/485/250 4837/471/250 4838/471/250
f 4836/485/250 4838/471/250 4839/485/250
f 4840/491/245 4841/491/245 4842/455/245
f 4840/491/245 4842/455/245 4843/455/245
f 4844/494/249 4845/494/249 4846/490/249
f 4844/494/249 4846/490/249 4847/490/249
f 4848/503/245 4849/503/245 4850/502/245
f 4848/503/245 4850/502/245 4851/502/245
f 4852/479/249 4853/479/249 4854/477/249
f 4852/479/249 4854/477/249 4855/477/249
f 4856/496/250 4857/496/250 4858/491/250
f 4856/496/250 4858/491/250 4859/491/250
f 4860/498/251 4861/498/251 4862/496/251
f 4860/498/251 4862/496/251 4863/496/251
f 4864/485/245 4865/485/245 4866/483/245
f 4864/485/245 4866/483/245 4867/483/245
f 4868/499/248 4869/499/248 4870/494/248
f 4868/499/248 4870/494/248 4871/494/248
f 4872/477/246 4873/477/246 4874/475/246
f 4872/477/246 4874/475/246 4875/475/246
f 4876/488/252 4877/488/252 4878/498/252
f 4876/488/252 4878/498/252 4879/498/252
f 4880/483/247 4881/483/247 4882/481/247
f 4880/483/247 4882/481/247 4883/481/247
f 4884/516/246 4885/505/246 4886/505/246
f 4884/516/246 4886/505/246 4887/516/246
f 4888/471/242 4889/471/242 4890/473/242
f 4888/471/242 4890/473/242 4891/473/242
f 4892/481/248 4893/481/248 4894/479/248
f 4892/481/248 4894/479/248 4895/479/248
f 4896/471/242 4897/471/242 4825/473/242
f 4896/471/242 4825/473/242 4824/473/242
f 4898/516/246 4899/505/246 4900/505/246
f 4898/516/246 4900/505/246 4901/516/246
f 4902/483/247 4903/483/247 4904/481/247
f 4902/483/247 4904/481/247 4905/481/247
f 4906/477/246 4907/477/246 4908/475/246
f 4906/477/246 4908/475/246 4909/475/246
f 4910/485/245 4911/485/245 4912/483/245
f 4910/485/245 4912/483/245 4913/483/245
f 4914/462/252 4915/462/252 4916/457/252
f 4914/462/252 4916/457/252 4917/457/252
f 4918/431/259 4919/432/259 4920/436/259
f 4918/431/259 4920/436/259 4921/435/259
f 4922/479/249 4923/479/249 4924/477/249
f 4922/479/249 4924/477/249 4925/477/249
f 4926/503/245 4927/503/245 4928/502/245
f 4926/503/245 4928/502/245 4929/502/245
f 4930/459/248 4931/459/248 4932/418/248
f 4930/459/248 4932/418/248 4933/418/248
f 4934/481/248 4935/481/248 4936/479/248
f 4934/481/248 4936/479/248 4937/479/248
f 4938/473/252 4939/475/252 4940/475/252
f 4938/473/252 4940/475/252 4941/473/252
f 4942/447/254 4943/448/254 4944/452/254
f 4942/447/254 4944/452/254 4945/451/254
f 4946/418/249 4947/418/249 4948/466/249
f 4946/418/249 4948/466/249 4949/466/249
f 4950/466/246 4951/466/246 4952/462/246
f 4950/466/246 4952/462/246 4953/462/246
f 4954/439/258 4955/440/258 4956/444/258
f 4954/439/258 4956/444/258 4957/443/258
f 4891/473/242 4890/473/242 4958/475/242
f 4891/473/242 4958/475/242 4959/475/242
f 4960/488/252 4961/488/252 4962/498/252
f 4960/488/252 4962/498/252 4963/498/252
f 4964/475/242 4965/475/242 4966/477/242
f 4964/475/242 4966/477/242 4967/477/242
f 4968/499/248 4969/499/248 4970/494/248
f 4968/499/248 4970/494/248 4971/494/248
f 4972/477/242 4973/477/242 4974/479/242
f 4972/477/242 4974/479/242 4975/479/242
f 4976/498/251 4977/498/251 4978/496/251
f 4976/498/251 4978/496/251 4979/496/251
f 4980/479/242 4981/479/242 4982/481/242
f 4980/479/242 4982/481/242 4983/481/242
f 4984/496/250 4985/496/250 4986/491/250
f 4984/496/250 4986/491/250 4987/491/250
f 4983/481/242 4982/481/242 4988/483/242
f 4983/481/242 4988/483/242 4989/483/242
f 4990/494/249 4991/494/249 4992/490/249
f 4990/494/249 4992/490/249 4993/490/249
f 4994/483/242 4995/483/242 4996/485/242
f 4994/483/242 4996/485/242 4997/485/242
f 4998/491/245 4999/491/245 5000/455/245
f 4998/491/245 5000/455/245 5001/455/245
f 5002/503/242 5003/503/242 5004/471/242
f 5002/503/242 5004/471/242 5005/471/242
f 5006/485/250 5007/471/250 5008/471/250
f 5006/485/250 5008/471/250 5009/485/250
f 5010/473/255 5011/473/255 5012/471/255
f 5010/473/255 5012/471/255 5013/471/255
f 5014/499/247 5015/455/247 5016/455/247
f 5014/499/247 5016/455/247 5017/499/247
f 5018/471/241 5019/473/241 5020/473/241
f 5018/471/241 5020/473/241 5021/471/241
f 5018/471/241 5021/471/241 5022/485/241
f 5018/471/241 5022/485/241 5023/485/241
f 5024/475/241 5025/475/241 5020/473/241
f 5024/475/241 5020/473/241 5019/473/241
f 5026/477/241 5027/477/241 5025/475/241
f 5026/477/241 5025/475/241 5024/475/241
f 5028/490/246 5029/490/246 5030/488/246
f 5028/490/246 5030/488/246 5031/488/246
f 5032/479/241 5033/479/241 5027/477/241
f 5032/479/241 5027/477/241 5026/477/241
f 5034/451/253 5035/452/253 5036/426/253
f 5034/451/253 5036/426/253 5037/423/253
f 5032/479/241 5038/481/241 5039/481/241
f 5032/479/241 5039/481/241 5033/479/241
f 5040/443/256 5041/444/256 5042/448/256
f 5040/443/256 5042/448/256 5043/447/256
f 5044/483/241 5045/483/241 5039/481/241
f 5044/483/241 5039/481/241 5038/481/241
f 5046/435/260 5047/436/260 5048/440/260
f 5046/435/260 5048/440/260 5049/439/260
f 5023/485/241 5022/485/241 5045/483/241
f 5023/485/241 5045/483/241 5044/483/241
f 5050/427/257 5051/428/257 5052/432/257
f 5050/427/257 5052/432/257 5053/431/257
f 5054/467/245 5055/467/245 5056/463/245
f 5054/467/245 5056/463/245 5057/463/245
f 5058/463/247 5059/463/247 5060/459/247
f 5058/463/247 5060/459/247 5061/459/247
f 5062/475/257 5063/475/257 5064/473/257
f 5062/475/257 5064/473/257 5065/473/257
f 5066/485/253 5067/467/253 5068/470/253
f 5066/485/253 5068/470/253 5069/471/253
f 5070/477/259 5071/477/259 5072/475/259
f 5070/477/259 5072/475/259 5073/475/259
f 5074/483/254 5075/463/254 5076/467/254
f 5074/483/254 5076/467/254 5077/485/254
f 5078/479/260 5079/479/260 5080/477/260
f 5078/479/260 5080/477/260 5081/477/260
f 5082/481/256 5083/459/256 5084/463/256
f 5082/481/256 5084/463/256 5085/483/256
f 5086/481/258 5087/481/258 5088/479/258
f 5086/481/258 5088/479/258 5089/479/258
f 5090/479/258 5091/418/258 5092/459/258
f 5090/479/258 5092/459/258 5093/481/258
f 5094/483/256 5095/483/256 5096/481/256
f 5094/483/256 5096/481/256 5097/481/256
f 5098/477/260 5099/466/260 5100/418/260
f 5098/477/260 5100/418/260 5101/479/260
f 5102/485/254 5103/485/254 5104/483/254
f 5102/485/254 5104/483/254 5105/483/254
f 5106/475/259 5107/462/259 5108/466/259
f 5106/475/259 5108/466/259 5109/477/259
f 5110/471/253 5111/471/253 5112/485/253
f 5110/471/253 5112/485/253 5113/485/253
f 5114/473/257 5115/457/257 5116/462/257
f 5114/473/257 5116/462/257 5117/475/257
f 5118/471/251 5119/473/251 5120/473/251
f 5118/471/251 5120/473/251 5121/471/251
f 5122/471/255 5123/470/255 5124/457/255
f 5122/471/255 5124/457/255 5125/473/255
f 5126/470/250 5127/470/250 5128/467/250
f 5126/470/250 5128/467/250 5129/467/250
f 5130/508/249 5131/508/249 5132/505/249
f 5130/508/249 5132/505/249 5133/505/249
f 5134/423/255 5135/426/255 5136/428/255
f 5134/423/255 5136/428/255 5137/427/255
f 5138/510/250 5139/510/250 5140/503/250
f 5138/510/250 5140/503/250 5141/503/250
f 5142/512/251 5143/512/251 5144/510/251
f 5142/512/251 5144/510/251 5145/510/251
f 5146/415/250 5147/416/250 5148/422/250
f 5146/415/250 5148/422/250 5149/421/250
f 5150/513/248 5151/513/248 5152/508/248
f 5150/513/248 5152/508/248 5153/508/248
f 5154/411/245 5155/412/245 5156/416/245
f 5154/411/245 5156/416/245 5157/415/245
f 5158/516/252 5159/516/252 5160/512/252
f 5158/516/252 5160/512/252 5161/512/252
f 5162/407/247 5163/408/247 5164/412/247
f 5162/407/247 5164/412/247 5165/411/247
f 5166/403/248 5167/404/248 5168/408/248
f 5166/403/248 5168/408/248 5169/407/248
f 5170/502/247 5171/502/247 5172/513/247
f 5170/502/247 5172/513/247 5173/513/247
f 5174/391/252 5175/392/252 5176/396/252
f 5174/391/252 5176/396/252 5177/395/252
f 5178/399/249 5179/400/249 5180/404/249
f 5178/399/249 5180/404/249 5181/403/249
f 5182/395/246 5183/396/246 5184/400/246
f 5182/395/246 5184/400/246 5185/399/246
f 5186/470/251 5187/457/251 5188/457/251
f 5186/470/251 5188/457/251 5189/470/251
f 5190/388/251 5191/387/251 5192/392/251
f 5190/388/251 5192/392/251 5193/391/251
f 5194/388/251 5195/387/251 5196/392/251
f 5194/388/251 5196/392/251 5197/391/251
f 5198/502/247 5199/502/247 5200/513/247
f 5198/502/247 5200/513/247 5201/513/247
f 5202/516/252 5203/516/252 5204/512/252
f 5202/516/252 5204/512/252 5205/512/252
f 5206/513/248 5207/513/248 5208/508/248
f 5206/513/248 5208/508/248 5209/508/248
f 5210/512/251 5211/512/251 5212/510/251
f 5210/512/251 5212/510/251 5213/510/251
f 5214/510/250 5215/510/250 5216/503/250
f 5214/510/250 5216/503/250 5217/503/250
f 5218/508/249 5219/508/249 5220/505/249
f 5218/508/249 5220/505/249 5221/505/249
f 5222/471/251 5223/473/251 5224/473/251
f 5222/471/251 5224/473/251 5225/471/251
f 5226/471/253 5227/471/253 5228/485/253
f 5226/471/253 5228/485/253 5229/485/253
f 5230/485/254 5231/485/254 5232/483/254
f 5230/485/254 5232/483/254 5233/483/254
f 5234/483/256 5235/483/256 5236/481/256
f 5234/483/256 5236/481/256 5237/481/256
f 5238/481/258 5239/481/258 5240/479/258
f 5238/481/258 5240/479/258 5241/479/258
f 5242/479/260 5243/479/260 5244/477/260
f 5242/479/260 5244/477/260 5245/477/260
f 5246/477/259 5247/477/259 5248/475/259
f 5246/477/259 5248/475/259 5249/475/259
f 5250/475/257 5251/475/257 5252/473/257
f 5250/475/257 5252/473/257 5253/473/257
f 5254/485/241 5255/485/241 5256/483/241
f 5254/485/241 5256/483/241 5257/483/241
f 5257/483/241 5256/483/241 5258/481/241
f 5257/483/241 5258/481/241 5259/481/241
f 5260/479/241 5261/479/241 5262/477/241
f 5260/479/241 5262/477/241 5263/477/241
f 5263/477/241 5262/477/241 5264/475/241
f 5263/477/241 5264/475/241 5265/475/241
f 5265/475/241 5264/475/241 5266/473/241
f 5265/475/241 5266/473/241 5267/473/241
f 5268/471/241 5269/471/241 5255/485/241
f 5268/471/241 5255/485/241 5254/485/241
f 5268/471/241 5267/473/241 5266/473/241
f 5268/471/241 5266/473/241 5269/471/241
f 5260/479/241 5259/481/241 5258/481/241
f 5260/479/241 5258/481/241 5261/479/241
f 5270/473/255 5271/473/255 5272/471/255
f 5270/473/255 5272/471/255 5273/471/255
f 5274/503/242 5275/503/242 5276/471/242
f 5274/503/242 5276/471/242 5277/471/242
f 5278/483/242 5279/483/242 5280/485/242
f 5278/483/242 5280/485/242 5281/485/242
f 5282/481/242 5283/481/242 5284/483/242
f 5282/481/242 5284/483/242 5285/483/242
f 5286/479/242 5287/479/242 5283/481/242
f 5286/479/242 5283/481/242 5282/481/242
f 5288/477/242 5289/477/242 5290/479/242
f 5288/477/242 5290/479/242 5291/479/242
f 5292/475/242 5293/475/242 5294/477/242
f 5292/475/242 5294/477/242 5295/477/242
f 5296/473/242 5297/473/242 5298/475/242
f 5296/473/242 5298/475/242 5299/475/242
f 5300/473/252 5301/475/252 5302/475/252
f 5300/473/252 5302/475/252 5303/473/252
f 5304/503/245 5305/503/245 5306/502/245
f 5304/503/245 5306/502/245 5307/502/245
f 5308/479/249 5309/479/249 5310/477/249
f 5308/479/249 5310/477/249 5311/477/249
f 5312/485/245 5313/485/245 5314/483/245
f 5312/485/245 5314/483/245 5315/483/245
f 5316/477/246 5317/477/246 5318/475/246
f 5316/477/246 5318/475/246 5319/475/246
f 5320/483/247 5321/483/247 5322/481/247
f 5320/483/247 5322/481/247 5323/481/247
f 5324/516/246 5325/505/246 5326/505/246
f 5324/516/246 5326/505/246 5327/516/246
f 5328/481/248 5329/481/248 5330/479/248
f 5328/481/248 5330/479/248 5331/479/248
f 5332/471/242 5333/471/242 5297/473/242
f 5332/471/242 5297/473/242 5296/473/242
f 5334/462/252 5335/462/252 5336/457/252
f 5334/462/252 5336/457/252 5337/457/252
f 5338/431/259 5339/432/259 5340/436/259
f 5338/431/259 5340/436/259 5341/435/259
f 5342/459/248 5343/459/248 5344/418/248
f 5342/459/248 5344/418/248 5345/418/248
f 5346/447/254 5347/448/254 5348/452/254
f 5346/447/254 5348/452/254 5349/451/254
f 5350/418/249 5351/418/249 5352/466/249
f 5350/418/249 5352/466/249 5353/466/249
f 5354/466/246 5355/466/246 5356/462/246
f 5354/466/246 5356/462/246 5357/462/246
f 5358/439/258 5359/440/258 5360/444/258
f 5358/439/258 5360/444/258 5361/443/258
f 5362/488/252 5363/488/252 5364/498/252
f 5362/488/252 5364/498/252 5365/498/252
f 5366/499/248 5367/499/248 5368/494/248
f 5366/499/248 5368/494/248 5369/494/248
f 5370/498/251 5371/498/251 5372/496/251
f 5370/498/251 5372/496/251 5373/496/251
f 5374/496/250 5375/496/250 5376/491/250
f 5374/496/250 5376/491/250 5377/491/250
f 5378/494/249 5379/494/249 5380/490/249
f 5378/494/249 5380/490/249 5381/490/249
f 5382/491/245 5383/491/245 5384/455/245
f 5382/491/245 5384/455/245 5385/455/245
f 5386/485/250 5387/471/250 5388/471/250
f 5386/485/250 5388/471/250 5389/485/250
f 5390/499/247 5391/455/247 5392/455/247
f 5390/499/247 5392/455/247 5393/499/247
f 5394/490/246 5395/490/246 5396/488/246
f 5394/490/246 5396/488/246 5397/488/246
f 5398/451/253 5399/452/253 5400/426/253
f 5398/451/253 5400/426/253 5401/423/253
f 5402/443/256 5403/444/256 5404/448/256
f 5402/443/256 5404/448/256 5405/447/256
f 5406/435/260 5407/436/260 5408/440/260
f 5406/435/260 5408/440/260 5409/439/260
s 1
f 5410/427/257 5411/428/257 5412/432/257
s 0
f 5410/427/257 5412/432/257 5413/431/257
f 5414/467/245 5415/467/245 5416/463/245
f 5414/467/245 5416/463/245 5417/463/245
f 5418/463/247 5419/463/247 5420/459/247
f 5418/463/247 5420/459/247 5421/459/247
s 1
f 5422/485/253 5423/467/253 5424/470/253
s 0
f 5422/485/253 5424/470/253 5425/471/253
f 5426/483/254 5427/463/254 5428/467/254
f 5426/483/254 5428/467/254 5429/485/254
f 5430/481/256 5431/459/256 5432/463/256
f 5430/481/256 5432/463/256 5433/483/256
f 5434/479/258 5435/418/258 5436/459/258
f 5434/479/258 5436/459/258 5437/481/258
f 5438/477/260 5439/466/260 5440/418/260
f 5438/477/260 5440/418/260 5441/479/260
f 5442/475/259 5443/462/259 5444/466/259
f 5442/475/259 5444/466/259 5445/477/259
f 5446/473/257 5447/457/257 5448/462/257
f 5446/473/257 5448/462/257 5449/475/257
f 5450/471/255 5451/470/255 5452/457/255
f 5450/471/255 5452/457/255 5453/473/255
f 5454/470/250 5455/470/250 5456/467/250
f 5454/470/250 5456/467/250 5457/467/250
f 5458/423/255 5459/426/255 5460/428/255
f 5458/423/255 5460/428/255 5461/427/255
f 5462/415/250 5463/416/250 5464/422/250
f 5462/415/250 5464/422/250 5465/421/250
f 5466/411/245 5467/412/245 5468/416/245
f 5466/411/245 5468/416/245 5469/415/245
f 5470/407/247 5471/408/247 5472/412/247
f 5470/407/247 5472/412/247 5473/411/247
f 5474/403/248 5475/404/248 5476/408/248
f 5474/403/248 5476/408/248 5477/407/248
f 5478/391/252 5479/392/252 5480/396/252
f 5478/391/252 5480/396/252 5481/395/252
f 5482/399/249 5483/400/249 5484/404/249
f 5482/399/249 5484/404/249 5485/403/249
f 5486/395/246 5487/396/246 5488/400/246
f 5486/395/246 5488/400/246 5489/399/246
f 5490/470/251 5491/457/251 5492/457/251
f 5490/470/251 5492/457/251 5493/470/251
f 5494/388/251 5495/387/251 5496/392/251
f 5494/388/251 5496/392/251 5497/391/251
f 5498/502/247 5499/502/247 5500/513/247
f 5498/502/247 5500/513/247 5501/513/247
f 5502/516/252 5503/516/252 5504/512/252
f 5502/516/252 5504/512/252 5505/512/252
f 5506/513/248 5507/513/248 5508/508/248
f 5506/513/248 5508/508/248 5509/508/248
f 5510/512/251 5511/512/251 5512/510/251
f 5510/512/251 5512/510/251 5513/510/251
f 5514/510/250 5515/510/250 5516/503/250
f 5514/510/250 5516/503/250 5517/503/250
f 5518/508/249 5519/508/249 5520/505/249
f 5518/508/249 5520/505/249 5521/505/249
f 5522/471/251 5523/473/251 5524/473/251
f 5522/471/251 5524/473/251 5525/471/251
f 5526/471/253 5527/471/253 5528/485/253
f 5526/471/253 5528/485/253 5529/485/253
f 5530/485/254 5531/485/254 5532/483/254
f 5530/485/254 5532/483/254 5533/483/254
f 5534/483/256 5535/483/256 5536/481/256
f 5534/483/256 5536/481/256 5537/481/256
f 5538/481/258 5539/481/258 5540/479/258
f 5538/481/258 5540/479/258 5541/479/258
f 5542/479/260 5543/479/260 5544/477/260
f 5542/479/260 5544/477/260 5545/477/260
f 5546/477/259 5547/477/259 5548/475/259
f 5546/477/259 5548/475/259 5549/475/259
f 5550/475/257 5551/475/257 5552/473/257
f 5550/475/257 5552/473/257 5553/473/257
f 5554/485/241 5555/485/241 5556/483/241
f 5554/485/241 5556/483/241 5557/483/241
f 5557/483/241 5556/483/241 5558/481/241
f 5557/483/241 5558/481/241 5559/481/241
f 5560/479/241 5561/479/241 5562/477/241
f 5560/479/241 5562/477/241 5563/477/241
f 5563/477/241 5562/477/241 5564/475/241
f 5563/477/241 5564/475/241 5565/475/241
f 5565/475/241 5564/475/241 5566/473/241
f 5565/475/241 5566/473/241 5567/473/241
f 5568/471/241 5569/471/241 5555/485/241
f 5568/471/241 5555/485/241 5554/485/241
f 5568/471/241 5567/473/241 5566/473/241
f 5568/471/241 5566/473/241 5569/471/241
f 5560/479/241 5559/481/241 5558/481/241
f 5560/479/241 5558/481/241 5561/479/241
f 5570/473/255 5571/473/255 5572/471/255
f 5570/473/255 5572/471/255 5573/471/255
f 5574/503/242 5575/503/242 5576/471/242
f 5574/503/242 5576/471/242 5577/471/242
f 5578/483/242 5579/483/242 5580/485/242
f 5578/483/242 5580/485/242 5581/485/242
f 5582/481/242 5583/481/242 5584/483/242
f 5582/481/242 5584/483/242 5585/483/242
f 5586/479/242 5587/479/242 5583/481/242
f 5586/479/242 5583/481/242 5582/481/242
f 5588/477/242 5589/477/242 5590/479/242
f 5588/477/242 5590/479/242 5591/479/242
f 5592/475/242 5593/475/242 5594/477/242
f 5592/475/242 5594/477/242 5595/477/242
f 5596/473/242 5597/473/242 5598/475/242
f 5596/473/242 5598/475/242 5599/475/242
f 5600/473/252 5601/475/252 5602/475/252
f 5600/473/252 5602/475/252 5603/473/252
f 5604/503/245 5605/503/245 5606/502/245
f 5604/503/245 5606/502/245 5607/502/245
f 5608/479/249 5609/479/249 5610/477/249
f 5608/479/249 5610/477/249 5611/477/249
f 5612/485/245 5613/485/245 5614/483/245
f 5612/485/245 5614/483/245 5615/483/245
f 5616/477/246 5617/477/246 5618/475/246
f 5616/477/246 5618/475/246 5619/475/246
f 5620/483/247 5621/483/247 5622/481/247
f 5620/483/247 5622/481/247 5623/481/247
f 5624/516/246 5625/505/246 5626/505/246
f 5624/516/246 5626/505/246 5627/516/246
f 5628/481/248 5629/481/248 5630/479/248
f 5628/481/248 5630/479/248 5631/479/248
f 5632/471/242 5633/471/242 5597/473/242
f 5632/471/242 5597/473/242 5596/473/242
f 5634/462/252 5635/462/252 5636/457/252
f 5634/462/252 5636/457/252 5637/457/252
f 5638/431/259 5639/432/259 5640/436/259
f 5638/431/259 5640/436/259 5641/435/259
f 5642/459/248 5643/459/248 5644/418/248
f 5642/459/248 5644/418/248 5645/418/248
f 5646/447/254 5647/448/254 5648/452/254
f 5646/447/254 5648/452/254 5649/451/254
f 5650/418/249 5651/418/249 5652/466/249
f 5650/418/249 5652/466/249 5653/466/249
f 5654/466/246 5655/466/246 5656/462/246
f 5654/466/246 5656/462/246 5657/462/246
f 5658/439/258 5659/440/258 5660/444/258
f 5658/439/258 5660/444/258 5661/443/258
f 5662/488/252 5663/488/252 5664/498/252
f 5662/488/252 5664/498/252 5665/498/252
f 5666/499/248 5667/499/248 5668/494/248
f 5666/499/248 5668/494/248 5669/494/248
f 5670/498/251 5671/498/251 5672/496/251
f 5670/498/251 5672/496/251 5673/496/251
f 5674/496/250 5675/496/250 5676/491/250
f 5674/496/250 5676/491/250 5677/491/250
f 5678/494/249 5679/494/249 5680/490/249
f 5678/494/249 5680/490/249 5681/490/249
f 5682/491/245 5683/491/245 5684/455/245
f 5682/491/245 5684/455/245 5685/455/245
f 5686/485/250 5687/471/250 5688/471/250
f 5686/485/250 5688/471/250 5689/485/250
f 5690/499/247 5691/455/247 5692/455/247
f 5690/499/247 5692/455/247 5693/499/247
f 5694/490/246 5695/490/246 5696/488/246
f 5694/490/246 5696/488/246 5697/488/246
f 5698/451/253 5699/452/253 5700/426/253
f 5698/451/253 5700/426/253 5701/423/253
f 5702/443/256 5703/444/256 5704/448/256
f 5702/443/256 5704/448/256 5705/447/256
f 5706/435/260 5707/436/260 5708/440/260
f 5706/435/260 5708/440/260 5709/439/260
f 5710/427/257 5711/428/257 5712/432/257
f 5710/427/257 5712/432/257 5713/431/257
f 5714/467/245 5715/467/245 5716/463/245
f 5714/467/245 5716/463/245 5717/463/245
f 5718/463/247 5719/463/247 5720/459/247
f 5718/463/247 5720/459/247 5721/459/247
s 1
f 5722/485/253 5723/467/253 5724/470/253
s 0
f 5722/485/253 5724/470/253 5725/471/253
f 5726/483/254 5727/463/254 5728/467/254
f 5726/483/254 5728/467/254 5729/485/254
f 5730/481/256 5731/459/256 5732/463/256
f 5730/481/256 5732/463/256 5733/483/256
f 5734/479/258 5735/418/258 5736/459/258
f 5734/479/258 5736/459/258 5737/481/258
f 5738/477/260 5739/466/260 5740/418/260
f 5738/477/260 5740/418/260 5741/479/260
f 5742/475/259 5743/462/259 5744/466/259
f 5742/475/259 5744/466/259 5745/477/259
f 5746/473/257 5747/457/257 5748/462/257
f 5746/473/257 5748/462/257 5749/475/257
f 5750/471/255 5751/470/255 5752/457/255
s 1
f 5750/471/255 5752/457/255 5753/473/255
s 0
f 5754/470/250 5755/470/250 5756/467/250
f 5754/470/250 5756/467/250 5757/467/250
f 5758/423/255 5759/426/255 5760/428/255
f 5758/423/255 5760/428/255 5761/427/255
f 5762/415/250 5763/416/250 5764/422/250
f 5762/415/250 5764/422/250 5765/421/250
f 5766/411/245 5767/412/245 5768/416/245
f 5766/411/245 5768/416/245 5769/415/245
f 5770/407/247 5771/408/247 5772/412/247
f 5770/407/247 5772/412/247 5773/411/247
f 5774/403/248 5775/404/248 5776/408/248
f 5774/403/248 5776/408/248 5777/407/248
f 5778/391/252 5779/392/252 5780/396/252
f 5778/391/252 5780/396/252 5781/395/252
f 5782/399/249 5783/400/249 5784/404/249
f 5782/399/249 5784/404/249 5785/403/249
f 5786/395/246 5787/396/246 5788/400/246
f 5786/395/246 5788/400/246 5789/399/246
f 5790/470/251 5791/457/251 5792/457/251
f 5790/470/251 5792/457/251 5793/470/251
f 5794/388/251 5795/387/251 5796/392/251
f 5794/388/251 5796/392/251 5797/391/251
f 5811/517/242 5809/518/242 5810/519/242
f 5809/518/242 5811/517/242 5808/520/242
f 5808/520/242 5811/517/242 5812/521/242
f 5808/520/242 5812/521/242 5813/522/242
f 5808/520/242 5813/522/242 5807/523/242
f 5807/523/242 5813/522/242 5806/524/242
f 5806/524/242 5813/522/242 5798/525/242
f 5806/524/242 5798/525/242 5799/526/242
f 5806/524/242 5799/526/242 5805/527/242
f 5805/527/242 5799/526/242 5800/528/242
f 5805/527/242 5800/528/242 5804/529/242
f 5804/529/242 5800/528/242 5801/530/242
f 5804/529/242 5801/530/242 5803/531/242
f 5803/531/242 5801/530/242 5802/532/242
f 5820/515/241 5818/501/241 5819/502/241
f 5818/501/241 5820/515/241 5821/513/241
f 5818/501/241 5821/513/241 5817/503/241
f 5817/503/241 5821/513/241 5822/511/241
f 5817/503/241 5822/511/241 5816/504/241
f 5816/504/241 5822/511/241 5823/508/241
f 5816/504/241 5823/508/241 5815/510/241
f 5815/510/241 5823/508/241 5824/507/241
f 5815/510/241 5824/507/241 5814/509/241
f 5814/509/241 5824/507/241 5825/505/241
f 5814/509/241 5825/505/241 5829/512/241
f 5829/512/241 5825/505/241 5826/506/241
f 5829/512/241 5826/506/241 5828/514/241
f 5828/514/241 5826/506/241 5827/516/241
f 5833/513/241 5831/503/241 5832/502/241
f 5831/503/241 5833/513/241 5834/508/241
f 5831/503/241 5834/508/241 5830/510/241
f 5830/510/241 5834/508/241 5835/505/241
f 5830/510/241 5835/505/241 5837/512/241
f 5837/512/241 5835/505/241 5836/516/241
f 5845/521/242 5843/520/242 5844/519/242
f 5843/520/242 5845/521/242 5838/525/242
f 5843/520/242 5838/525/242 5842/524/242
f 5842/524/242 5838/525/242 5839/528/242
f 5842/524/242 5839/528/242 5841/529/242
f 5841/529/242 5839/528/242 5840/532/242
f 5853/521/242 5851/520/242 5852/519/242
f 5851/520/242 5853/521/242 5846/525/242
f 5851/520/242 5846/525/242 5850/524/242
f 5850/524/242 5846/525/242 5847/528/242
f 5850/524/242 5847/528/242 5849/529/242
f 5849/529/242 5847/528/242 5848/532/242
f 5857/513/241 5855/503/241 5856/502/241
f 5855/503/241 5857/513/241 5858/508/241
f 5855/503/241 5858/508/241 5854/510/241
f 5854/510/241 5858/508/241 5859/505/241
f 5854/510/241 5859/505/241 5861/512/241
f 5861/512/241 5859/505/241 5860/516/241
f 5865/513/241 5863/503/241 5864/502/241
f 5863/503/241 5865/513/241 5866/508/241
f 5863/503/241 5866/508/241 5862/510/241
f 5862/510/241 5866/508/241 5867/505/241
f 5862/510/241 5867/505/241 5869/512/241
f 5869/512/241 5867/505/241 5868/516/241
f 5877/521/242 5875/520/242 5876/519/242
f 5875/520/242 5877/521/242 5870/525/242
f 5875/520/242 5870/525/242 5874/524/242
f 5874/524/242 5870/525/242 5871/528/242
f 5874/524/242 5871/528/242 5873/529/242
f 5873/529/242 5871/528/242 5872/532/242
f 5881/513/241 5879/503/241 5880/502/241
f 5879/503/241 5881/513/241 5882/508/241
f 5879/503/241 5882/508/241 5878/510/241
f 5878/510/241 5882/508/241 5883/505/241
f 5878/510/241 5883/505/241 5885/512/241
f 5885/512/241 5883/505/241 5884/516/241
f 5893/521/242 5891/520/242 5892/519/242
f 5891/520/242 5893/521/242 5886/525/242
f 5891/520/242 5886/525/242 5890/524/242
f 5890/524/242 5886/525/242 5887/528/242
f 5890/524/242 5887/528/242 5889/529/242
f 5889/529/242 5887/528/242 5888/532/242
f 5906/530/242 5904/531/242 5905/532/242
f 5904/531/242 5906/530/242 5907/528/242
f 5904/531/242 5907/528/242 5903/529/242
f 5903/529/242 5907/528/242 5908/526/242
f 5903/529/242 5908/526/242 5902/527/242
f 5902/527/242 5908/526/242 5894/525/242
f 5902/527/242 5894/525/242 5901/524/242
f 5901/524/242 5894/525/242 5895/522/242
f 5901/524/242 5895/522/242 5900/523/242
f 5900/523/242 5895/522/242 5896/521/242
f 5900/523/242 5896/521/242 5899/520/242
f 5899/520/242 5896/521/242 5897/517/242
f 5899/520/242 5897/517/242 5898/518/242
f 5898/518/242 5897/517/242 5810/519/242
f 5913/506/241 5911/514/241 5912/516/241
f 5911/514/241 5913/506/241 5914/505/241
f 5911/514/241 5914/505/241 5910/512/241
f 5910/512/241 5914/505/241 5915/507/241
f 5910/512/241 5915/507/241 5909/509/241
f 5909/509/241 5915/507/241 5916/508/241
f 5909/509/241 5916/508/241 5924/510/241
f 5924/510/241 5916/508/241 5917/511/241
f 5924/510/241 5917/511/241 5923/504/241
f 5923/504/241 5917/511/241 5922/503/241
f 5922/503/241 5917/511/241 5918/513/241
f 5922/503/241 5918/513/241 5921/501/241
f 5921/501/241 5918/513/241 5919/515/241
f 5921/501/241 5919/515/241 5920/502/241
f 5928/505/241 5926/512/241 5927/516/241
f 5926/512/241 5928/505/241 5929/508/241
f 5926/512/241 5929/508/241 5925/510/241
f 5925/510/241 5929/508/241 5930/513/241
f 5925/510/241 5930/513/241 5932/503/241
f 5932/503/241 5930/513/241 5931/502/241
f 5939/528/242 5937/529/242 5938/532/242
f 5937/529/242 5939/528/242 5933/525/242
f 5937/529/242 5933/525/242 5936/524/242
f 5936/524/242 5933/525/242 5934/521/242
f 5936/524/242 5934/521/242 5935/520/242
f 5935/520/242 5934/521/242 5844/519/242
f 5946/528/242 5944/529/242 5945/532/242
f 5944/529/242 5946/528/242 5940/525/242
f 5944/529/242 5940/525/242 5943/524/242
f 5943/524/242 5940/525/242 5941/521/242
f 5943/524/242 5941/521/242 5942/520/242
f 5942/520/242 5941/521/242 5852/519/242
f 5950/505/241 5948/512/241 5949/516/241
f 5948/512/241 5950/505/241 5951/508/241
f 5948/512/241 5951/508/241 5947/510/241
f 5947/510/241 5951/508/241 5952/513/241
f 5947/510/241 5952/513/241 5954/503/241
f 5954/503/241 5952/513/241 5953/502/241
f 5958/505/241 5956/512/241 5957/516/241
f 5956/512/241 5958/505/241 5959/508/241
f 5956/512/241 5959/508/241 5955/510/241
f 5955/510/241 5959/508/241 5960/513/241
f 5955/510/241 5960/513/241 5962/503/241
f 5962/503/241 5960/513/241 5961/502/241
f 5970/528/242 5968/529/242 5969/532/242
f 5968/529/242 5970/528/242 5963/525/242
f 5968/529/242 5963/525/242 5967/524/242
f 5967/524/242 5963/525/242 5964/521/242
f 5967/524/242 5964/521/242 5966/520/242
f 5966/520/242 5964/521/242 5965/519/242
f 5974/505/241 5972/512/241 5973/516/241
f 5972/512/241 5974/505/241 5975/508/241
f 5972/512/241 5975/508/241 5971/510/241
f 5971/510/241 5975/508/241 5976/513/241
f 5971/510/241 5976/513/241 5978/503/241
f 5978/503/241 5976/513/241 5977/502/241
f 5986/528/242 5984/529/242 5985/532/242
f 5984/529/242 5986/528/242 5979/525/242
f 5984/529/242 5979/525/242 5983/524/242
f 5983/524/242 5979/525/242 5980/521/242
f 5983/524/242 5980/521/242 5982/520/242
f 5982/520/242 5980/521/242 5981/519/242
o DrinkFactory_Parts_Placeable_0
v 2.500000 15.000002 10.499994
v 3.500000 15.000002 10.499994
v 3.000000 15.500002 10.999994
v 2.500000 16.500000 8.999994
v 3.000000 17.000002 9.499994
v 3.500000 16.500000 8.999994
v 4.500000 15.000002 9.499994
v 4.500000 15.500002 8.999994
v 5.000000 15.500002 9.499994
v 4.500000 17.000002 9.499994
v 5.000000 16.500002 9.499994
v 4.500000 16.500000 8.999994
v 1.000000 15.000002 8.499994
v 1.500000 15.500002 8.999994
v 1.500000 15.000002 9.499994
v 0.500000 15.000002 10.499994
v 1.500000 15.000002 10.499994
v 1.000000 15.500002 10.999994
v 1.000000 16.500000 8.499994
v 0.500000 17.000002 9.499994
v 1.500000 16.500000 8.999994
v 5.250000 7.999997 -7.750002
v 5.750000 7.999997 -7.750002
v 5.500000 8.249997 -7.500002
v 5.250000 7.999997 -8.250002
v 5.500000 8.249996 -8.500002
v 5.750000 7.999997 -8.250002
v 4.250000 7.999997 -8.500002
v 4.500000 8.249996 -8.500002
v 4.750000 7.999997 -8.250002
v 4.750000 7.999997 -7.750002
v 4.500000 8.249997 -7.500002
v 4.250000 7.999997 -7.500002
v 4.250000 7.999996 -12.250002
v 4.500000 8.249995 -12.500002
v 4.750000 7.999996 -12.250002
v 4.750000 7.999996 -11.750002
v 4.500000 8.249995 -11.500002
v 4.250000 7.999996 -11.500002
v -2.500000 15.000002 10.499994
v -3.000000 15.500002 10.999994
v -3.500000 15.000002 10.499994
v -2.500000 16.500000 8.999994
v -3.500000 16.500000 8.999994
v -3.000000 17.000002 9.499994
v -4.500000 15.000002 9.499994
v -5.000000 15.500002 9.499994
v -4.500000 15.500002 8.999994
v -4.500000 17.000002 9.499994
v -4.500000 16.500000 8.999994
v -5.000000 16.500002 9.499994
v -1.000000 15.000002 8.499994
v -1.500000 15.000002 9.499994
v -1.500000 15.500002 8.999994
v -0.500000 15.000002 10.499994
v -1.000000 15.500002 10.999994
v -1.500000 15.000002 10.499994
v -1.000000 16.500000 8.499994
v -1.500000 16.500000 8.999994
v -0.500000 17.000002 9.499994
v -5.250000 7.999997 -7.750002
v -5.500000 8.249997 -7.500002
v -5.750000 7.999997 -7.750002
v -5.250000 7.999997 -8.250002
v -5.750000 7.999997 -8.250002
v -5.500000 8.249996 -8.500002
v -4.250000 7.999997 -8.500002
v -4.750000 7.999997 -8.250002
v -4.500000 8.249996 -8.500002
v -4.750000 7.999997 -7.750002
v -4.250000 7.999997 -7.500002
v -4.500000 8.249997 -7.500002
v -4.250000 7.999996 -12.250002
v -4.750000 7.999996 -12.250002
v -4.500000 8.249995 -12.500002
v -4.750000 7.999996 -11.750002
v -4.250000 7.999996 -11.500002
v -4.500000 8.249995 -11.500002
v 2.259083 22.473927 -0.000007
v 3.318230 22.185040 -0.000007
v 3.313287 22.166904 2.736538
v 2.254124 22.455748 2.736650
v 3.161967 21.661707 3.277374
v 3.313287 22.166904 2.736538
v 3.374105 22.389883 2.831838
v 3.215786 21.859016 3.412841
v 3.161967 21.661707 3.277374
v 2.125523 21.944378 3.277430
v 2.254124 22.455748 2.736650
v 3.313287 22.166904 2.736538
v 2.324857 22.715094 -0.000007
v 2.314930 22.678680 2.832062
v 3.374105 22.389883 2.831838
v 3.384004 22.426207 -0.000007
v 3.313287 22.166904 2.736538
v 3.318230 22.185040 -0.000007
v 3.384004 22.426207 -0.000007
v 3.374105 22.389883 2.831838
v 2.259083 22.473927 -0.000007
v 2.254124 22.455748 2.736650
v 2.314930 22.678680 2.832062
v 2.324857 22.715094 -0.000007
v 3.374105 22.389883 2.831838
v 2.314930 22.678680 2.832062
v 2.179335 22.141665 3.412954
v 3.215786 21.859016 3.412841
v 0.000000 23.023870 -0.000007
v 0.000000 22.986126 2.832062
v 0.502210 22.981449 2.831838
v 0.502366 23.019098 -0.000007
v 0.502210 22.981449 2.831838
v 0.000000 22.986126 2.832062
v 0.000000 22.432316 3.412954
v 0.486757 22.427694 3.412841
v 0.485866 22.223177 3.277374
v 0.501206 22.750328 2.736538
v 0.502210 22.981449 2.831838
v 0.486757 22.427694 3.412841
v 0.485866 22.223177 3.277374
v 0.000000 22.227823 3.277430
v 0.000000 22.755053 2.736650
v 0.501206 22.750328 2.736538
v 2.254124 22.455748 2.736650
v 2.125523 21.944378 3.277430
v 2.179335 22.141665 3.412954
v 2.314930 22.678680 2.832062
v 0.000000 22.773897 -0.000007
v 0.501285 22.769125 -0.000007
v 0.501206 22.750328 2.736538
v 0.000000 22.755053 2.736650
v 3.215786 21.859016 3.412841
v 2.179335 22.141665 3.412954
v 2.125523 21.944378 3.277430
v 3.161967 21.661707 3.277374
v 0.486757 22.427694 3.412841
v 0.000000 22.432316 3.412954
v 0.000000 22.227823 3.277430
v 0.485866 22.223177 3.277374
v 0.501206 22.750328 2.736538
v 0.501285 22.769125 -0.000007
v 0.502366 23.019098 -0.000007
v 0.502210 22.981449 2.831838
v 1.435379 17.200001 4.209604
v 1.718221 17.200001 4.492447
v 1.718221 21.200001 4.492446
v 1.435379 21.200001 4.209603
v 2.001064 21.200001 4.209603
v 1.718221 21.200001 3.926760
v 1.701460 21.449661 3.909999
v 1.970459 21.573267 4.178998
v 1.718221 17.200001 3.926762
v 1.435379 17.200001 4.209604
v 1.435379 21.200001 4.209603
v 1.718221 21.200001 3.926760
v 2.001064 17.200001 4.209604
v 1.718221 17.200001 3.926762
v 1.718221 21.200001 3.926760
v 2.001064 21.200001 4.209603
v 1.718221 17.200001 4.492447
v 2.001064 17.200001 4.209604
v 2.001064 21.200001 4.209603
v 1.718221 21.200001 4.492446
v 0.600000 17.200001 5.299994
v 0.200000 17.200001 5.299994
v 0.200000 21.200001 5.299994
v 0.600000 21.200001 5.299994
v 0.600000 21.200001 5.699993
v 0.600000 21.200001 5.299994
v 0.600000 21.449661 5.276289
v 0.600000 21.573267 5.656711
v 0.600000 17.200001 5.699994
v 0.600000 17.200001 5.299994
v 0.200000 17.200001 5.299994
v 0.200000 17.200001 5.699994
v 0.200000 21.200001 5.699993
v 0.200000 21.200001 5.299994
v 0.200000 17.200001 5.699994
v 0.600000 17.200001 5.699994
v 0.600000 21.200001 5.699993
v 0.200000 21.200001 5.699993
v 0.200000 21.449661 5.276289
v 0.200000 21.573267 5.656711
v 0.200000 21.914890 5.500202
v 0.200000 21.679777 5.176595
v 0.200000 21.200001 5.299994
v 0.200000 21.200001 5.699993
v 0.200000 21.573267 5.656711
v 0.200000 21.449661 5.276289
v 0.200000 21.200001 5.699993
v 0.600000 21.200001 5.699993
v 0.600000 21.573267 5.656711
v 0.200000 21.573267 5.656711
v 0.600000 21.200001 5.299994
v 0.200000 21.200001 5.299994
v 0.200000 21.449661 5.276289
v 0.600000 21.449661 5.276289
v 0.200000 21.914890 5.500202
v 0.600000 21.914890 5.500202
v 0.600000 22.191429 5.245785
v 0.200000 22.191429 5.245785
v 0.200000 21.573267 5.656711
v 0.600000 21.573267 5.656711
v 0.600000 21.914890 5.500202
v 0.200000 21.914890 5.500202
v 0.600000 21.449661 5.276289
v 0.200000 21.449661 5.276289
v 0.200000 21.679777 5.176595
v 0.600000 21.679777 5.176595
v 0.600000 21.679777 5.176595
v 0.600000 21.914890 5.500202
v 0.600000 22.191429 5.245785
v 0.600000 21.867825 5.010671
v 0.600000 21.995392 4.794758
v 0.600000 22.375814 4.918366
v 0.600000 21.679777 5.176595
v 0.200000 21.679777 5.176595
v 0.200000 21.867825 5.010671
v 0.600000 21.867825 5.010671
v 0.600000 21.914890 5.500202
v 0.600000 21.679777 5.176595
v 0.200000 21.679777 5.176595
v 0.200000 21.914890 5.500202
v 0.200000 22.191429 5.245785
v 0.200000 21.867825 5.010671
v 0.200000 22.375814 4.918366
v 0.600000 22.375814 4.918366
v 0.600000 22.449997 4.549994
v 0.200000 22.449997 4.549994
v 0.200000 22.375814 4.918366
v 0.200000 21.995392 4.794758
v 0.200000 22.191429 5.245785
v 0.600000 22.191429 5.245785
v 0.600000 22.375814 4.918366
v 0.200000 22.375814 4.918366
v 0.600000 21.867825 5.010671
v 0.200000 21.867825 5.010671
v 0.200000 21.995392 4.794758
v 0.600000 21.995392 4.794758
v 1.418617 21.449661 4.192841
v 1.687616 21.573267 4.461840
v 1.576947 21.914890 4.351172
v 1.348123 21.679777 4.122347
v 0.600000 21.995392 4.794758
v 0.200000 21.995392 4.794758
v 0.200000 22.049997 4.549992
v 0.600000 22.049997 4.549992
v 0.600000 22.375814 4.918366
v 0.600000 21.995392 4.794758
v 0.600000 22.049997 4.549992
v 0.600000 22.449997 4.549994
v 0.200000 21.995392 4.794758
v 0.200000 22.375814 4.918366
v 0.200000 22.449997 4.549994
v 0.200000 22.049997 4.549992
v 1.435379 21.200001 4.209603
v 1.718221 21.200001 4.492446
v 1.687616 21.573267 4.461840
v 1.418617 21.449661 4.192841
v 1.718221 21.200001 4.492446
v 2.001064 21.200001 4.209603
v 1.970459 21.573267 4.178998
v 1.687616 21.573267 4.461840
v 1.718221 21.200001 3.926760
v 1.435379 21.200001 4.209603
v 1.418617 21.449661 4.192841
v 1.701460 21.449661 3.909999
v 1.576947 21.914890 4.351172
v 1.859790 21.914890 4.068329
v 1.679891 22.191429 3.888430
v 1.397048 22.191429 4.171272
v 1.687616 21.573267 4.461840
v 1.970459 21.573267 4.178998
v 1.859790 21.914890 4.068329
v 1.576947 21.914890 4.351172
v 1.701460 21.449661 3.909999
v 1.418617 21.449661 4.192841
v 1.348123 21.679777 4.122347
v 1.630965 21.679777 3.839505
v 1.970459 21.573267 4.178998
v 1.701460 21.449661 3.909999
v 1.630965 21.679777 3.839505
v 1.859790 21.914890 4.068329
v 1.679891 22.191429 3.888430
v 1.513639 21.867825 3.722178
v 1.360966 21.995392 3.569505
v 1.448370 22.375814 3.656909
v 1.630965 21.679777 3.839505
v 1.348123 21.679777 4.122347
v 1.230797 21.867825 4.005021
v 1.513639 21.867825 3.722178
v 1.859790 21.914890 4.068329
v 1.630965 21.679777 3.839505
v 1.513639 21.867825 3.722178
v 1.679891 22.191429 3.888430
v 1.348123 21.679777 4.122347
v 1.576947 21.914890 4.351172
v 1.397048 22.191429 4.171272
v 1.230797 21.867825 4.005021
v 1.165527 22.375814 3.939752
v 1.448370 22.375814 3.656909
v 1.187892 22.449997 3.396430
v 0.905049 22.449997 3.679273
v 1.230797 21.867825 4.005021
v 1.397048 22.191429 4.171272
v 1.165527 22.375814 3.939752
v 1.078123 21.995392 3.852348
v 1.397048 22.191429 4.171272
v 1.679891 22.191429 3.888430
v 1.448370 22.375814 3.656909
v 1.165527 22.375814 3.939752
v 1.513639 21.867825 3.722178
v 1.230797 21.867825 4.005021
v 1.078123 21.995392 3.852348
v 1.360966 21.995392 3.569505
v 1.360966 21.995392 3.569505
v 1.078123 21.995392 3.852348
v 0.905048 22.049997 3.679272
v 1.187891 22.049997 3.396430
v 1.448370 22.375814 3.656909
v 1.360966 21.995392 3.569505
v 1.187891 22.049997 3.396430
v 1.187892 22.449997 3.396430
v 1.078123 21.995392 3.852348
v 1.165527 22.375814 3.939752
v 0.905049 22.449997 3.679273
v 0.905048 22.049997 3.679272
v 0.000000 22.534662 5.080937
v 0.000000 22.529745 3.679191
v 1.462169 22.510948 3.679273
v 1.462280 22.515820 5.081021
v 2.003005 21.983799 3.694682
v 1.462169 22.510948 3.679273
v 1.557469 22.742071 3.678238
v 2.138472 22.188314 3.693764
v 2.003005 21.983799 3.694682
v 2.003060 21.988586 4.056130
v 1.462280 22.515820 5.081021
v 1.462169 22.510948 3.679273
v 0.000000 22.784636 5.079822
v 1.557692 22.746893 5.079986
v 1.557469 22.742071 3.678238
v 0.000000 22.779718 3.678077
v 1.462169 22.510948 3.679273
v 0.000000 22.529745 3.679191
v 0.000000 22.779718 3.678077
v 1.557469 22.742071 3.678238
v 1.557692 22.746893 5.079986
v 0.000000 22.784636 5.079822
v 0.000000 22.532196 5.559225
v 1.084240 22.494453 5.559389
v 1.557469 22.742071 3.678238
v 1.557692 22.746893 5.079986
v 2.138585 22.193079 4.055213
v 2.138472 22.188314 3.693764
v 1.462280 22.515820 5.081021
v 2.003060 21.988586 4.056130
v 2.138585 22.193079 4.055213
v 1.557692 22.746893 5.079986
v 2.138472 22.188314 3.693764
v 2.138585 22.193079 4.055213
v 2.003060 21.988586 4.056130
v 2.003005 21.983799 3.694682
v 0.000000 22.282223 5.560340
v 0.988828 22.263380 5.560424
v 1.084240 22.494453 5.559389
v 0.000000 22.532196 5.559225
v 1.462280 22.515820 5.081021
v 1.557692 22.746893 5.079986
v 1.084240 22.494453 5.559389
v 0.988828 22.263380 5.560424
v 0.000000 22.534662 5.080937
v 1.462280 22.515820 5.081021
v 0.988828 22.263380 5.560424
v 0.000000 22.282223 5.560340
v 7.224530 5.500003 11.335645
v 7.224530 7.500003 11.335645
v 7.490205 7.500002 10.000000
v 7.490205 5.500002 10.000000
v 6.467947 5.500003 12.467946
v 6.467947 7.500003 12.467946
v 7.224530 7.500003 11.335645
v 7.224530 5.500003 11.335645
v 5.335644 5.500003 13.224528
v 5.335644 7.500003 13.224528
v 6.467947 7.500003 12.467946
v 6.467947 5.500003 12.467946
v 4.000001 5.500004 13.490205
v 4.000001 7.500004 13.490205
v 5.335644 7.500003 13.224528
v 5.335644 5.500003 13.224528
v 7.686470 5.500003 11.526987
v 7.980598 5.500002 10.097545
v 7.980598 7.500002 10.097545
v 7.686470 7.500003 11.526987
v 6.821501 5.500003 12.821500
v 7.686470 5.500003 11.526987
v 7.686470 7.500003 11.526987
v 6.821501 7.500003 12.821500
v 5.526986 5.500004 13.686468
v 6.821501 5.500003 12.821500
v 6.821501 7.500003 12.821500
v 5.526986 7.500004 13.686468
v 4.097547 5.500004 13.980597
v 5.526986 5.500004 13.686468
v 5.526986 7.500004 13.686468
v 4.097547 7.500004 13.980597
v 7.224530 5.500003 11.335645
v 7.490205 5.500002 10.000000
v 7.980598 5.500002 10.097545
v 7.686470 5.500003 11.526987
v 5.335644 7.500003 13.224528
v 4.000001 7.500004 13.490205
v 4.097547 7.500004 13.980597
v 5.526986 7.500004 13.686468
v 7.490205 7.500002 10.000000
v 7.224530 7.500003 11.335645
v 7.686470 7.500003 11.526987
v 7.980598 7.500002 10.097545
v 6.467947 5.500003 12.467946
v 6.821501 5.500003 12.821500
v 4.000001 5.500004 13.490205
v 4.097547 5.500004 13.980597
v 0.000000 5.500004 13.980597
v 0.000000 5.500004 13.490205
v 7.224530 7.500003 11.335645
v 6.467947 7.500003 12.467946
v 6.821501 7.500003 12.821500
v 7.686470 7.500003 11.526987
v 5.335644 5.500003 13.224528
v 5.526986 5.500004 13.686468
v 7.490205 5.500001 5.999998
v 7.980598 5.500001 5.999998
v 4.097547 5.500004 13.980597
v 4.097547 7.500004 13.980597
v 0.000000 7.500004 13.980597
v 0.000000 5.500004 13.980597
v 4.000001 7.500004 13.490205
v 4.000001 5.500004 13.490205
v 0.000000 5.500004 13.490205
v 0.000000 7.500004 13.490205
v 0.000000 7.500004 13.490205
v 0.000000 7.500004 13.980597
v 7.980598 7.500002 10.097545
v 7.980598 5.500002 10.097545
v 7.980598 5.500001 5.999998
v 7.980598 7.500001 5.999997
v 7.490205 5.500002 10.000000
v 7.490205 7.500002 10.000000
v 7.490205 7.500001 5.999997
v 7.490205 5.500001 5.999998
v 7.490205 7.500002 10.000000
v 7.980598 7.500002 10.097545
v 7.980598 7.500001 5.999997
v 7.490205 7.500001 5.999997
v 2.259083 22.473927 -0.000007
v 2.254124 22.455748 -2.736663
v 3.313287 22.166904 -2.736552
v 3.318230 22.185040 -0.000007
v 3.161967 21.661703 -3.277387
v 3.215786 21.859013 -3.412855
v 3.374105 22.389883 -2.831852
v 3.313287 22.166904 -2.736552
v 3.161967 21.661703 -3.277387
v 3.313287 22.166904 -2.736552
v 2.254124 22.455748 -2.736663
v 2.125523 21.944374 -3.277443
v 2.324857 22.715094 -0.000007
v 3.384004 22.426207 -0.000007
v 3.374105 22.389883 -2.831852
v 2.314930 22.678680 -2.832075
v 3.313287 22.166904 -2.736552
v 3.374105 22.389883 -2.831852
v 3.384004 22.426207 -0.000007
v 3.318230 22.185040 -0.000007
v 2.259083 22.473927 -0.000007
v 2.324857 22.715094 -0.000007
v 2.314930 22.678680 -2.832075
v 2.254124 22.455748 -2.736663
v 3.374105 22.389883 -2.831852
v 3.215786 21.859013 -3.412855
v 2.179335 22.141661 -3.412967
v 2.314930 22.678680 -2.832075
v 0.000000 23.023870 -0.000007
v 0.502366 23.019098 -0.000007
v 0.502210 22.981449 -2.831852
v 0.000000 22.986126 -2.832075
v 0.502210 22.981449 -2.831852
v 0.486757 22.427691 -3.412855
v 0.000000 22.432312 -3.412968
v 0.000000 22.986126 -2.832075
v 0.485866 22.223173 -3.277387
v 0.486757 22.427691 -3.412855
v 0.502210 22.981449 -2.831852
v 0.501206 22.750328 -2.736552
v 0.485866 22.223173 -3.277387
v 0.501206 22.750328 -2.736552
v 0.000000 22.755053 -2.736663
v 0.000000 22.227819 -3.277443
v 2.254124 22.455748 -2.736663
v 2.314930 22.678680 -2.832075
v 2.179335 22.141661 -3.412967
v 2.125523 21.944374 -3.277443
v 0.000000 22.773897 -0.000007
v 0.000000 22.755053 -2.736663
v 0.501206 22.750328 -2.736552
v 0.501285 22.769125 -0.000007
v 3.215786 21.859013 -3.412855
v 3.161967 21.661703 -3.277387
v 2.125523 21.944374 -3.277443
v 2.179335 22.141661 -3.412967
v 0.486757 22.427691 -3.412855
v 0.485866 22.223173 -3.277387
v 0.000000 22.227819 -3.277443
v 0.000000 22.432312 -3.412968
v 0.501206 22.750328 -2.736552
v 0.502210 22.981449 -2.831852
v 0.502366 23.019098 -0.000007
v 0.501285 22.769125 -0.000007
v 1.435379 17.199997 -4.209615
v 1.435379 21.199997 -4.209616
v 1.718221 21.199997 -4.492458
v 1.718221 17.199997 -4.492457
v 2.001064 21.199997 -4.209616
v 1.970459 21.573263 -4.179011
v 1.701460 21.449657 -3.910012
v 1.718221 21.199997 -3.926773
v 1.718221 17.199997 -3.926772
v 1.718221 21.199997 -3.926773
v 1.435379 21.199997 -4.209616
v 1.435379 17.199997 -4.209615
v 2.001064 17.199997 -4.209615
v 2.001064 21.199997 -4.209616
v 1.718221 21.199997 -3.926773
v 1.718221 17.199997 -3.926772
v 1.718221 17.199997 -4.492457
v 1.718221 21.199997 -4.492458
v 2.001064 21.199997 -4.209616
v 2.001064 17.199997 -4.209615
v 0.600000 17.199997 -5.300005
v 0.600000 21.199997 -5.300006
v 0.200000 21.199997 -5.300006
v 0.200000 17.199997 -5.300005
v 0.600000 21.199997 -5.700006
v 0.600000 21.573263 -5.656724
v 0.600000 21.449657 -5.276302
v 0.600000 21.199997 -5.300006
v 0.600000 17.199997 -5.700005
v 0.600000 21.199997 -5.700006
v 0.600000 21.199997 -5.300006
v 0.600000 17.199997 -5.300005
v 0.200000 17.199997 -5.300005
v 0.200000 21.199997 -5.300006
v 0.200000 21.199997 -5.700006
v 0.200000 17.199997 -5.700005
v 0.200000 17.199997 -5.700005
v 0.200000 21.199997 -5.700006
v 0.600000 21.199997 -5.700006
v 0.600000 17.199997 -5.700005
v 0.200000 21.449657 -5.276302
v 0.200000 21.679773 -5.176608
v 0.200000 21.914886 -5.500215
v 0.200000 21.573263 -5.656724
v 0.200000 21.199997 -5.300006
v 0.200000 21.449657 -5.276302
v 0.200000 21.573263 -5.656724
v 0.200000 21.199997 -5.700006
v 0.200000 21.199997 -5.700006
v 0.200000 21.573263 -5.656724
v 0.600000 21.573263 -5.656724
v 0.600000 21.199997 -5.700006
v 0.600000 21.199997 -5.300006
v 0.600000 21.449657 -5.276302
v 0.200000 21.449657 -5.276302
v 0.200000 21.199997 -5.300006
v 0.200000 21.914886 -5.500215
v 0.200000 22.191425 -5.245799
v 0.600000 22.191425 -5.245799
v 0.600000 21.914886 -5.500215
v 0.200000 21.573263 -5.656724
v 0.200000 21.914886 -5.500215
v 0.600000 21.914886 -5.500215
v 0.600000 21.573263 -5.656724
v 0.600000 21.449657 -5.276302
v 0.600000 21.679773 -5.176608
v 0.200000 21.679773 -5.176608
v 0.200000 21.449657 -5.276302
v 0.600000 21.573263 -5.656724
v 0.600000 21.914886 -5.500215
v 0.600000 21.679773 -5.176608
v 0.600000 21.449657 -5.276302
v 0.600000 22.191425 -5.245799
v 0.600000 22.375811 -4.918379
v 0.600000 21.995388 -4.794771
v 0.600000 21.867821 -5.010684
v 0.600000 21.679773 -5.176608
v 0.600000 21.867821 -5.010684
v 0.200000 21.867821 -5.010684
v 0.200000 21.679773 -5.176608
v 0.600000 21.914886 -5.500215
v 0.600000 22.191425 -5.245799
v 0.600000 21.867821 -5.010684
v 0.600000 21.679773 -5.176608
v 0.200000 21.679773 -5.176608
v 0.200000 21.867821 -5.010684
v 0.200000 22.191425 -5.245799
v 0.200000 21.914886 -5.500215
v 0.200000 22.375811 -4.918379
v 0.200000 22.449993 -4.550007
v 0.600000 22.449993 -4.550007
v 0.600000 22.375811 -4.918379
v 0.200000 21.867821 -5.010684
v 0.200000 21.995388 -4.794771
v 0.200000 22.375811 -4.918379
v 0.200000 22.191425 -5.245799
v 0.200000 22.191425 -5.245799
v 0.200000 22.375811 -4.918379
v 0.600000 22.375811 -4.918379
v 0.600000 22.191425 -5.245799
v 0.600000 21.867821 -5.010684
v 0.600000 21.995388 -4.794771
v 0.200000 21.995388 -4.794771
v 0.200000 21.867821 -5.010684
v 1.418617 21.449657 -4.192854
v 1.348123 21.679773 -4.122361
v 1.576947 21.914886 -4.351185
v 1.687616 21.573263 -4.461854
v 0.600000 21.995388 -4.794771
v 0.600000 22.049994 -4.550005
v 0.200000 22.049994 -4.550005
v 0.200000 21.995388 -4.794771
v 0.600000 22.375811 -4.918379
v 0.600000 22.449993 -4.550007
v 0.600000 22.049994 -4.550005
v 0.600000 21.995388 -4.794771
v 0.200000 21.995388 -4.794771
v 0.200000 22.049994 -4.550005
v 0.200000 22.449993 -4.550007
v 0.200000 22.375811 -4.918379
v 1.435379 21.199997 -4.209616
v 1.418617 21.449657 -4.192854
v 1.687616 21.573263 -4.461854
v 1.718221 21.199997 -4.492458
v 1.718221 21.199997 -4.492458
v 1.687616 21.573263 -4.461854
v 1.970459 21.573263 -4.179011
v 2.001064 21.199997 -4.209616
v 1.718221 21.199997 -3.926773
v 1.701460 21.449657 -3.910012
v 1.418617 21.449657 -4.192854
v 1.435379 21.199997 -4.209616
v 1.576947 21.914886 -4.351185
v 1.397048 22.191425 -4.171285
v 1.679891 22.191425 -3.888443
v 1.859790 21.914886 -4.068343
v 1.687616 21.573263 -4.461854
v 1.576947 21.914886 -4.351185
v 1.859790 21.914886 -4.068343
v 1.970459 21.573263 -4.179011
v 1.701460 21.449657 -3.910012
v 1.630965 21.679773 -3.839518
v 1.348123 21.679773 -4.122361
v 1.418617 21.449657 -4.192854
v 1.970459 21.573263 -4.179011
v 1.859790 21.914886 -4.068343
v 1.630965 21.679773 -3.839518
v 1.701460 21.449657 -3.910012
v 1.679891 22.191425 -3.888443
v 1.448370 22.375811 -3.656923
v 1.360966 21.995388 -3.569519
v 1.513639 21.867821 -3.722192
v 1.630965 21.679773 -3.839518
v 1.513639 21.867821 -3.722192
v 1.230797 21.867821 -4.005034
v 1.348123 21.679773 -4.122361
v 1.859790 21.914886 -4.068343
v 1.679891 22.191425 -3.888443
v 1.513639 21.867821 -3.722192
v 1.630965 21.679773 -3.839518
v 1.348123 21.679773 -4.122361
v 1.230797 21.867821 -4.005034
v 1.397048 22.191425 -4.171285
v 1.576947 21.914886 -4.351185
v 1.165527 22.375811 -3.939765
v 0.905049 22.449993 -3.679287
v 1.187892 22.449993 -3.396444
v 1.448370 22.375811 -3.656923
v 1.230797 21.867821 -4.005034
v 1.078123 21.995388 -3.852361
v 1.165527 22.375811 -3.939765
v 1.397048 22.191425 -4.171285
v 1.397048 22.191425 -4.171285
v 1.165527 22.375811 -3.939765
v 1.448370 22.375811 -3.656923
v 1.679891 22.191425 -3.888443
v 1.513639 21.867821 -3.722192
v 1.360966 21.995388 -3.569519
v 1.078123 21.995388 -3.852361
v 1.230797 21.867821 -4.005034
v 1.360966 21.995388 -3.569519
v 1.187891 22.049994 -3.396443
v 0.905048 22.049994 -3.679286
v 1.078123 21.995388 -3.852361
v 1.448370 22.375811 -3.656923
v 1.187892 22.449993 -3.396444
v 1.187891 22.049994 -3.396443
v 1.360966 21.995388 -3.569519
v 1.078123 21.995388 -3.852361
v 0.905048 22.049994 -3.679286
v 0.905049 22.449993 -3.679287
v 1.165527 22.375811 -3.939765
v 0.000000 22.534658 -5.080950
v 1.462280 22.515816 -5.081035
v 1.462169 22.510944 -3.679287
v 0.000000 22.529741 -3.679205
v 2.003005 21.983795 -3.694695
v 2.138472 22.188311 -3.693777
v 1.557469 22.742067 -3.678252
v 1.462169 22.510944 -3.679287
v 2.003005 21.983795 -3.694695
v 1.462169 22.510944 -3.679287
v 1.462280 22.515816 -5.081035
v 2.003060 21.988583 -4.056143
v 0.000000 22.784632 -5.079835
v 0.000000 22.779715 -3.678091
v 1.557469 22.742067 -3.678252
v 1.557692 22.746889 -5.079999
v 1.462169 22.510944 -3.679287
v 1.557469 22.742067 -3.678252
v 0.000000 22.779715 -3.678091
v 0.000000 22.529741 -3.679205
v 1.557692 22.746889 -5.079999
v 1.084240 22.494450 -5.559402
v 0.000000 22.532192 -5.559238
v 0.000000 22.784632 -5.079835
v 1.557469 22.742067 -3.678252
v 2.138472 22.188311 -3.693777
v 2.138585 22.193075 -4.055226
v 1.557692 22.746889 -5.079999
v 1.462280 22.515816 -5.081035
v 1.557692 22.746889 -5.079999
v 2.138585 22.193075 -4.055226
v 2.003060 21.988583 -4.056143
v 2.138472 22.188311 -3.693777
v 2.003005 21.983795 -3.694695
v 2.003060 21.988583 -4.056143
v 2.138585 22.193075 -4.055226
v 0.000000 22.282219 -5.560353
v 0.000000 22.532192 -5.559238
v 1.084240 22.494450 -5.559402
v 0.988828 22.263376 -5.560438
v 1.462280 22.515816 -5.081035
v 0.988828 22.263376 -5.560438
v 1.084240 22.494450 -5.559402
v 1.557692 22.746889 -5.079999
v 0.000000 22.534658 -5.080950
v 0.000000 22.282219 -5.560353
v 0.988828 22.263376 -5.560438
v 1.462280 22.515816 -5.081035
v 7.224530 8.500003 11.335644
v 7.224530 10.500003 11.335644
v 7.490205 10.500002 9.999999
v 7.490205 8.500002 9.999999
v 6.467947 8.500003 12.467945
v 6.467947 10.500003 12.467945
v 7.224530 10.500003 11.335644
v 7.224530 8.500003 11.335644
v 5.335644 8.500003 13.224527
v 5.335644 10.500003 13.224527
v 6.467947 10.500003 12.467945
v 6.467947 8.500003 12.467945
v 4.000001 8.500003 13.490204
v 4.000001 10.500003 13.490204
v 5.335644 10.500003 13.224527
v 5.335644 8.500003 13.224527
v 7.686470 8.500003 11.526986
v 7.980598 8.500002 10.097544
v 7.980598 10.500002 10.097544
v 7.686470 10.500003 11.526986
v 6.821501 8.500003 12.821499
v 7.686470 8.500003 11.526986
v 7.686470 10.500003 11.526986
v 6.821501 10.500003 12.821499
v 5.526986 8.500003 13.686467
v 6.821501 8.500003 12.821499
v 6.821501 10.500003 12.821499
v 5.526986 10.500003 13.686467
v 4.097547 8.500003 13.980597
v 5.526986 8.500003 13.686467
v 5.526986 10.500003 13.686467
v 4.097547 10.500003 13.980597
v 7.224530 8.500003 11.335644
v 7.490205 8.500002 9.999999
v 7.980598 8.500002 10.097544
v 7.686470 8.500003 11.526986
v 5.335644 10.500003 13.224527
v 4.000001 10.500003 13.490204
v 4.097547 10.500003 13.980597
v 5.526986 10.500003 13.686467
v 7.490205 10.500002 9.999999
v 7.224530 10.500003 11.335644
v 7.686470 10.500003 11.526986
v 7.980598 10.500002 10.097544
v 6.467947 8.500003 12.467945
v 7.224530 8.500003 11.335644
v 7.686470 8.500003 11.526986
v 6.821501 8.500003 12.821499
v 4.000001 8.500003 13.490204
v 4.097547 8.500003 13.980597
v 0.000000 8.500003 13.980597
v 0.000000 8.500003 13.490204
v 7.224530 10.500003 11.335644
v 6.467947 10.500003 12.467945
v 6.821501 10.500003 12.821499
v 7.686470 10.500003 11.526986
v 5.335644 8.500003 13.224527
v 6.467947 8.500003 12.467945
v 6.821501 8.500003 12.821499
v 5.526986 8.500003 13.686467
v 7.980598 8.500002 10.097544
v 7.490205 8.500002 9.999999
v 7.490205 8.500001 5.999997
v 7.980598 8.500001 5.999997
v 5.335644 8.500003 13.224527
v 5.526986 8.500003 13.686467
v 4.097547 8.500003 13.980597
v 4.097547 10.500003 13.980597
v 0.000000 10.500003 13.980597
v 0.000000 8.500003 13.980597
v 4.000001 10.500003 13.490204
v 4.000001 8.500003 13.490204
v 0.000000 8.500003 13.490204
v 0.000000 10.500003 13.490204
v 0.000000 10.500003 13.490204
v 0.000000 10.500003 13.980597
v 7.980598 10.500002 10.097544
v 7.980598 8.500002 10.097544
v 7.980598 8.500001 5.999997
v 7.980598 10.500001 5.999996
v 7.490205 8.500002 9.999999
v 7.490205 10.500002 9.999999
v 7.490205 10.500001 5.999996
v 7.490205 8.500001 5.999997
v 7.490205 10.500002 9.999999
v 7.980598 10.500002 10.097544
v 7.980598 10.500001 5.999996
v 7.490205 10.500001 5.999996
v 3.000000 17.000002 10.499994
v 3.000000 17.000002 9.499994
v 0.500000 17.000002 9.499994
v 1.000000 17.000002 10.499994
v 5.000000 15.500002 9.499994
v 5.000000 16.500002 9.499994
v 5.000000 16.500002 10.999994
v 5.000000 15.500002 10.999994
v 1.000000 15.000002 8.499994
v 0.500000 15.000002 10.499994
v 0.000000 15.000002 10.499994
v 0.000000 15.000002 8.999994
v 2.500000 15.000002 9.499994
v 2.500000 15.000002 10.499994
v 1.500000 15.000002 10.499994
v 1.500000 15.000002 9.499994
v 3.000000 15.500002 10.999994
v 3.000000 16.500002 10.999994
v 1.000000 16.500002 10.999994
v 1.000000 15.500002 10.999994
v 2.500000 16.500000 8.999994
v 2.500000 15.500002 8.999994
v 1.500000 15.500002 8.999994
v 1.500000 16.500000 8.999994
v 0.000000 17.000000 8.999994
v 0.500000 17.000002 9.499994
v 0.500000 17.000000 5.999994
v 0.000000 17.000000 5.999994
v 3.500000 15.500002 8.999994
v 3.500000 16.500000 8.999994
v 4.500000 16.500000 8.999994
v 4.500000 15.500002 8.999994
v 5.000000 15.500002 10.999994
v 5.000000 16.500002 10.999994
v 4.500000 17.000002 9.499994
v 4.500000 17.000002 10.499994
v 1.000000 15.000002 8.499994
v 0.000000 15.000001 5.999995
v 1.000000 15.000001 5.999995
v 1.000000 16.500000 8.499994
v 1.000000 15.000002 8.499994
v 1.000000 15.000001 5.999995
v 1.000000 16.500000 5.999995
v 0.000000 17.000002 10.499994
v 0.000000 16.500002 10.999994
v 0.000000 15.500002 10.999994
v 2.500000 15.000002 9.499994
v 2.500000 15.500002 8.999994
v 3.500000 15.500002 8.999994
v 3.500000 15.000002 9.499994
v 3.500000 15.000002 9.499994
v 3.500000 15.000002 10.499994
v 4.500000 15.000002 9.499994
v 3.500000 15.000002 9.499994
v 3.500000 15.500002 8.999994
v 4.500000 15.500002 8.999994
v 4.500000 17.000002 9.499994
v 4.500000 16.500000 8.999994
v 3.500000 16.500000 8.999994
v 5.000000 16.500002 9.499994
v 5.000000 15.500002 9.499994
v 4.500000 15.500002 8.999994
v 4.500000 16.500000 8.999994
v 4.500000 15.000002 10.499994
v 4.500000 15.000002 9.499994
v 5.000000 15.500002 9.499994
v 5.000000 15.500002 10.999994
v 4.500000 17.000002 9.499994
v 4.500000 17.000002 10.499994
v 5.000000 16.500002 10.999994
v 5.000000 16.500002 9.499994
v 3.500000 15.000002 10.499994
v 4.500000 15.000002 10.499994
v 5.000000 15.500002 10.999994
v 4.500000 17.000002 10.499994
v 3.000000 17.000002 10.499994
v 3.000000 16.500002 10.999994
v 5.000000 16.500002 10.999994
v 1.500000 16.500000 8.999994
v 1.500000 15.500002 8.999994
v 1.000000 15.000002 8.499994
v 1.000000 16.500000 8.499994
v 2.500000 15.000002 10.499994
v 1.500000 15.500002 8.999994
v 1.500000 15.000002 9.499994
v 0.500000 17.000002 9.499994
v 1.500000 16.500000 8.999994
v 1.000000 17.000002 10.499994
v 1.000000 16.500002 10.999994
v 0.000000 16.500002 10.999994
v 0.000000 17.000002 10.499994
v 0.000000 15.500002 10.999994
v 0.000000 15.000002 10.499994
v 0.500000 15.000002 10.499994
v 0.500000 17.000000 5.999994
v 0.500000 17.000002 9.499994
v 1.000000 16.500000 8.499994
v 1.000000 16.500000 5.999995
v 4.500000 15.000002 9.499994
v 4.500000 15.000002 10.499994
v 5.500000 8.749996 -8.500002
v 5.500000 8.249996 -8.500002
v 4.500000 8.249996 -8.500002
v 4.500000 8.749996 -8.500002
v 6.500000 8.249996 -8.500002
v 6.500000 8.749996 -8.500002
v 6.500000 8.749997 -7.500002
v 6.500000 8.249997 -7.500002
v 5.500000 7.999996 -12.250002
v 5.500000 7.999996 -11.750002
v 4.750000 7.999996 -11.750002
v 4.750000 7.999996 -12.250002
v 6.250000 8.999996 -8.250002
v 5.500000 8.999996 -8.250002
v 5.500000 8.999997 -7.750002
v 6.250000 8.999997 -7.750002
v 5.500000 8.249997 -7.500002
v 5.500000 8.749997 -7.500002
v 4.500000 8.749997 -7.500002
v 4.500000 8.249997 -7.500002
v 4.250000 8.999996 -8.250002
v 4.250000 8.999997 -7.750002
v 6.500000 8.249995 -11.500002
v 6.500000 8.749995 -11.500002
v 5.500000 8.749995 -11.500002
v 5.500000 8.249995 -11.500002
v 6.500000 8.249995 -12.500002
v 6.500000 8.749995 -12.500002
v 6.500000 8.749995 -11.500002
v 6.500000 8.249995 -11.500002
v 1.750000 7.999996 -12.250002
v 2.500000 7.999996 -12.250002
v 2.500000 7.999996 -11.750002
v 1.750000 7.999996 -11.750002
v 5.500000 8.999995 -11.750002
v 5.500000 8.999995 -12.250002
v 4.500000 8.999995 -12.250002
v 4.250000 8.999995 -11.750002
v 4.500000 8.749995 -11.500002
v 4.500000 8.249995 -11.500002
v 5.500000 8.749995 -12.500002
v 5.500000 8.249995 -12.500002
v 4.500000 8.249995 -12.500002
v 4.500000 8.749995 -12.500002
v 2.500000 8.249995 -11.500002
v 2.500000 8.749995 -11.500002
v 1.500000 8.749995 -11.500002
v 1.500000 8.249995 -11.500002
v 3.500000 7.999996 -12.250002
v 3.750000 7.999996 -11.750002
v 2.500000 8.999995 -12.250002
v 2.500000 8.999995 -11.750002
v 3.750000 8.999995 -11.750002
v 3.500000 8.999995 -12.250002
v 1.750000 8.999995 -12.250002
v 1.750000 8.999995 -11.750002
v 1.500000 8.249995 -11.500002
v 1.500000 8.749995 -11.500002
v 1.500000 8.749995 -12.500002
v 1.500000 8.249995 -12.500002
v 1.500000 8.249995 -12.500002
v 1.500000 8.749995 -12.500002
v 2.500000 8.749995 -12.500002
v 2.500000 8.249995 -12.500002
v 2.500000 8.249997 -7.500002
v 2.500000 8.749997 -7.500002
v 1.500000 8.749997 -7.500002
v 1.500000 8.249997 -7.500002
v 2.500000 7.999997 -7.750002
v 2.500000 7.999997 -8.250002
v 3.750000 7.999997 -8.250002
v 3.750000 7.999997 -7.750002
v 2.500000 8.249996 -8.500002
v 2.500000 8.749996 -8.500002
v 3.500000 8.749996 -8.500002
v 3.500000 8.249996 -8.500002
v 2.500000 8.999996 -8.250002
v 1.750000 8.999996 -8.250002
v 1.750000 8.999997 -7.750002
v 2.500000 8.999997 -7.750002
v 1.500000 8.249997 -7.500002
v 1.500000 8.749997 -7.500002
v 1.500000 8.749996 -8.500002
v 1.500000 8.249996 -8.500002
v 1.500000 8.249996 -8.500002
v 1.500000 8.749996 -8.500002
v 3.500000 8.249995 -12.500002
v 3.500000 8.749995 -12.500002
v 3.500000 8.249995 -11.500002
v 3.500000 8.749995 -11.500002
v 3.750000 8.999997 -7.750002
v 3.750000 8.999996 -8.250002
v 3.500000 8.249997 -7.500002
v 3.500000 8.749997 -7.500002
v 1.750000 7.999997 -8.250002
v 1.750000 7.999997 -7.750002
v 5.750000 7.999997 -8.250002
v 6.250000 7.999997 -8.250002
v 6.250000 7.999997 -7.750002
v 5.750000 7.999997 -7.750002
v 6.250000 8.999995 -12.250002
v 6.250000 8.999995 -11.750002
v 6.500000 8.749996 -8.500002
v 6.500000 8.249996 -8.500002
v 6.250000 7.999996 -12.250002
v 6.250000 7.999996 -11.750002
v 6.500000 8.249997 -7.500002
v 6.500000 8.749997 -7.500002
v 6.500000 8.749995 -12.500002
v 6.500000 8.249995 -12.500002
v 3.500000 8.249996 -8.500002
v 3.500000 8.749996 -8.500002
v 3.500000 8.749995 -11.500002
v 3.500000 8.249995 -11.500002
v 4.250000 7.999996 -12.250002
v 4.250000 7.999996 -11.500002
v 3.750000 7.999996 -11.750002
v 4.250000 8.999995 -11.750002
v 3.750000 8.999995 -11.750002
v 3.750000 7.999997 -7.750002
v 3.750000 7.999997 -8.250002
v 4.250000 7.999997 -8.500002
v 4.250000 7.999997 -7.500002
v 3.750000 7.999997 -7.750002
v 4.250000 7.999998 -6.500002
v 3.750000 7.999998 -6.500002
v 3.500000 8.749997 -7.500002
v 3.500000 8.249997 -7.500002
v 3.500000 8.249997 -6.500002
v 3.500000 8.749997 -6.500002
v 3.750000 8.999996 -8.250002
v 3.750000 8.999997 -7.750002
v 4.250000 8.999997 -7.750002
v 4.250000 8.999996 -8.250002
v 4.500000 8.249997 -7.500002
v 4.500000 8.749997 -7.500002
v 4.500000 8.749997 -6.500002
v 4.500000 8.249997 -6.500002
v 3.750000 8.999996 -8.250002
v 4.250000 8.999996 -8.250002
v 4.250000 8.999995 -11.750002
v 3.750000 8.999995 -11.750002
v 3.750000 7.999997 -8.250002
v 3.750000 7.999996 -11.750002
v 4.250000 8.999997 -6.500002
v 3.750000 8.999997 -6.500002
v 3.750000 8.999997 -5.500002
v 4.250000 8.999997 -5.500002
v 4.250000 8.999997 -7.750002
v 3.750000 8.999997 -7.750002
v 3.500000 8.249997 -5.500002
v 3.500000 8.749997 -5.500002
v 4.500000 8.749996 -8.500002
v 4.500000 8.249996 -8.500002
v 4.500000 8.249995 -11.500002
v 4.500000 8.749995 -11.500002
v 4.500000 8.749997 -5.500002
v 4.500000 8.249997 -5.500002
v 4.250000 7.999998 -5.500002
v 3.750000 7.999998 -5.500002
v 5.250000 7.999997 -7.750002
v 5.250000 7.999997 -8.250002
v 6.250000 7.999997 -8.250002
v 5.750000 7.999997 -8.250002
v 6.500000 8.249996 -8.500002
v 5.500000 8.999996 -8.250002
v 6.250000 8.999996 -8.250002
v 6.500000 8.749996 -8.500002
v 5.500000 8.749996 -8.500002
v 6.250000 7.999997 -7.750002
v 6.250000 7.999997 -8.250002
v 6.500000 8.249996 -8.500002
v 6.500000 8.249997 -7.500002
v 6.250000 8.999996 -8.250002
v 6.250000 8.999997 -7.750002
v 6.500000 8.749997 -7.500002
v 6.500000 8.749996 -8.500002
v 5.750000 7.999997 -7.750002
v 6.250000 7.999997 -7.750002
v 6.500000 8.249997 -7.500002
v 6.250000 8.999997 -7.750002
v 5.500000 8.999997 -7.750002
v 5.500000 8.749997 -7.500002
v 6.500000 8.749997 -7.500002
v 6.250000 7.999996 -12.250002
v 5.500000 7.999996 -12.250002
v 5.500000 8.249995 -12.500002
v 6.500000 8.249995 -12.500002
v 5.500000 8.999995 -12.250002
v 6.250000 8.999995 -12.250002
v 6.500000 8.749995 -12.500002
v 5.500000 8.749995 -12.500002
v 6.250000 7.999996 -11.750002
v 6.250000 7.999996 -12.250002
v 6.500000 8.249995 -12.500002
v 6.500000 8.249995 -11.500002
v 6.250000 8.999995 -12.250002
v 6.250000 8.999995 -11.750002
v 6.500000 8.749995 -11.500002
v 6.500000 8.749995 -12.500002
v 5.500000 7.999996 -11.750002
v 6.250000 7.999996 -11.750002
v 6.500000 8.249995 -11.500002
v 5.500000 8.249995 -11.500002
v 6.250000 8.999995 -11.750002
v 5.500000 8.999995 -11.750002
v 5.500000 8.749995 -11.500002
v 6.500000 8.749995 -11.500002
v 1.750000 7.999996 -12.250002
v 1.750000 7.999996 -11.750002
v 1.500000 8.249995 -11.500002
v 1.500000 8.249995 -12.500002
v 1.750000 8.999995 -11.750002
v 1.750000 8.999995 -12.250002
v 1.500000 8.749995 -12.500002
v 1.500000 8.749995 -11.500002
v 2.500000 7.999996 -12.250002
v 1.750000 7.999996 -12.250002
v 1.500000 8.249995 -12.500002
v 2.500000 8.249995 -12.500002
v 1.750000 8.999995 -12.250002
v 2.500000 8.999995 -12.250002
v 2.500000 8.749995 -12.500002
v 1.500000 8.749995 -12.500002
v 1.750000 7.999996 -11.750002
v 2.500000 7.999996 -11.750002
v 2.500000 8.249995 -11.500002
v 1.500000 8.249995 -11.500002
v 2.500000 8.999995 -11.750002
v 1.750000 8.999995 -11.750002
v 1.500000 8.749995 -11.500002
v 2.500000 8.749995 -11.500002
v 1.750000 7.999997 -8.250002
v 1.750000 7.999997 -7.750002
v 1.500000 8.249997 -7.500002
v 1.500000 8.249996 -8.500002
v 1.750000 8.999997 -7.750002
v 1.750000 8.999996 -8.250002
v 1.500000 8.749996 -8.500002
v 1.500000 8.749997 -7.500002
v 2.500000 7.999997 -8.250002
v 1.750000 7.999997 -8.250002
v 1.500000 8.249996 -8.500002
v 2.500000 8.249996 -8.500002
v 1.750000 8.999996 -8.250002
v 2.500000 8.999996 -8.250002
v 2.500000 8.749996 -8.500002
v 1.500000 8.749996 -8.500002
v 1.750000 7.999997 -7.750002
v 2.500000 7.999997 -7.750002
v 2.500000 8.249997 -7.500002
v 1.500000 8.249997 -7.500002
v 2.500000 8.999997 -7.750002
v 1.750000 8.999997 -7.750002
v 1.500000 8.749997 -7.500002
v 2.500000 8.749997 -7.500002
v 2.500000 8.749997 -7.500002
v 3.500000 8.749997 -7.500002
v 3.750000 8.999997 -7.750002
v 2.500000 8.999997 -7.750002
v 3.500000 8.749996 -8.500002
v 2.500000 8.749996 -8.500002
v 2.500000 8.999996 -8.250002
v 3.750000 8.999996 -8.250002
v 2.500000 7.999996 -11.750002
v 3.750000 7.999996 -11.750002
v 3.500000 8.249995 -11.500002
v 2.500000 8.249995 -11.500002
v 3.750000 8.999995 -11.750002
v 2.500000 8.999995 -11.750002
v 2.500000 8.749995 -11.500002
v 3.500000 8.749995 -11.500002
v 3.750000 7.999997 -8.250002
v 2.500000 7.999997 -8.250002
v 2.500000 8.249996 -8.500002
v 3.500000 8.249996 -8.500002
v 2.500000 8.249995 -12.500002
v 3.500000 8.249995 -12.500002
v 3.500000 7.999996 -12.250002
v 2.500000 7.999997 -7.750002
v 3.750000 7.999997 -7.750002
v 3.500000 8.249997 -7.500002
v 2.500000 8.249997 -7.500002
v 3.500000 8.749995 -12.500002
v 2.500000 8.999995 -12.250002
v 3.500000 8.999995 -12.250002
v 4.750000 7.999997 -8.250002
v 4.750000 7.999997 -7.750002
v 5.500000 8.999995 -11.750002
v 4.250000 8.999995 -11.750002
v 4.500000 8.749995 -11.500002
v 5.500000 8.749995 -11.500002
v 4.750000 7.999996 -11.750002
v 4.500000 8.249995 -11.500002
v 5.500000 8.749996 -8.500002
v 4.500000 8.749996 -8.500002
v 4.250000 8.999996 -8.250002
v 5.500000 8.999996 -8.250002
v 4.500000 8.749997 -7.500002
v 5.500000 8.749997 -7.500002
v 5.500000 8.999997 -7.750002
v 4.250000 8.999997 -7.750002
v 4.500000 8.249997 -7.500002
v 4.750000 7.999997 -7.750002
v 5.250000 7.999997 -7.750002
v 4.500000 8.249996 -8.500002
v 5.250000 7.999997 -8.250002
v 4.750000 7.999997 -8.250002
v 4.500000 8.749995 -12.500002
v 4.500000 8.999995 -12.250002
v 3.500000 8.249995 -12.500002
v 3.500000 8.999995 -12.250002
v 3.500000 8.749995 -11.500002
v 3.500000 8.749996 -8.500002
v 3.750000 8.999996 -8.250002
v 3.750000 8.999995 -11.750002
v 4.500000 8.749996 -8.500002
v 4.500000 8.749995 -11.500002
v 4.250000 8.999995 -11.750002
v 4.250000 8.999996 -8.250002
v 4.250000 7.999997 -8.500002
v 4.250000 7.999996 -11.500002
v 4.500000 8.249995 -11.500002
v 4.500000 8.249996 -8.500002
v 3.500000 8.249996 -8.500002
v 3.500000 8.249995 -11.500002
v 3.750000 7.999996 -11.750002
v 3.750000 7.999997 -8.250002
v 3.750000 7.999997 -7.750002
v 3.750000 7.999998 -6.500002
v 3.500000 8.249997 -6.500002
v 3.500000 8.249997 -7.500002
v 3.750000 8.999997 -6.500002
v 3.750000 8.999997 -7.750002
v 3.500000 8.749997 -7.500002
v 3.500000 8.749997 -6.500002
v 4.500000 8.249997 -7.500002
v 4.500000 8.249997 -6.500002
v 4.250000 7.999998 -6.500002
v 4.250000 7.999997 -7.500002
v 4.250000 8.999997 -7.750002
v 4.250000 8.999997 -6.500002
v 4.500000 8.749997 -6.500002
v 4.500000 8.749997 -7.500002
v 3.750000 7.999998 -6.500002
v 3.750000 7.999998 -5.500002
v 3.500000 8.249997 -5.500002
v 3.500000 8.249997 -6.500002
v 3.750000 8.999997 -5.500002
v 3.750000 8.999997 -6.500002
v 3.500000 8.749997 -6.500002
v 3.500000 8.749997 -5.500002
v 4.500000 8.249997 -5.500002
v 4.250000 7.999998 -5.500002
v 4.250000 8.999997 -6.500002
v 4.250000 8.999997 -5.500002
v 4.500000 8.749997 -5.500002
v 4.500000 8.749997 -6.500002
v 10.750001 6.500000 -0.000003
v 10.750001 6.423879 0.765364
v 10.000001 6.423879 0.765365
v 10.000001 6.500000 -0.000003
v 10.750001 6.423879 0.765364
v 10.750001 6.207107 1.414210
v 10.000001 6.207107 1.414210
v 10.000001 6.423879 0.765365
v 10.750001 6.207107 1.414210
v 10.750001 5.882683 1.847756
v 10.000001 5.882684 1.847756
v 10.000001 6.207107 1.414210
v 10.000001 6.500000 -0.000003
v 10.000001 6.423879 0.765365
v 10.000001 6.668346 0.817670
v 10.000001 6.750000 -0.000003
v 10.750001 6.207107 1.414210
v 10.750001 6.423879 0.765364
v 11.000001 6.668346 0.817670
v 11.000001 6.428575 1.530192
v 10.750001 5.882683 -1.847762
v 10.750001 6.207106 -1.414216
v 10.000001 6.207106 -1.414216
v 10.000001 5.882683 -1.847762
v 10.750001 6.207106 -1.414216
v 10.750001 6.423879 -0.765369
v 10.000001 6.423879 -0.765368
v 10.000001 6.207106 -1.414216
v 10.750001 6.423879 -0.765369
v 10.750001 6.500000 -0.000003
v 10.000001 6.500000 -0.000003
v 10.000001 6.423879 -0.765368
v 11.000001 7.000000 -0.000003
v 10.000001 7.000000 -0.000003
v 10.000001 6.912813 0.869976
v 11.000001 6.912813 0.869976
v 11.000001 6.912813 0.869976
v 10.000001 6.912813 0.869976
v 10.000001 6.650043 1.646173
v 11.000001 6.650043 1.646173
v 11.000001 6.650043 1.646173
v 10.000001 6.650043 1.646173
v 10.000001 6.186671 2.244735
v 11.000001 6.186670 2.244735
v 11.000001 6.034677 -2.046252
v 10.000001 6.034677 -2.046251
v 10.000001 6.186670 -2.244740
v 11.000001 6.186670 -2.244741
v 11.000001 6.034677 2.046245
v 11.000001 6.186670 2.244735
v 10.000001 6.186671 2.244735
v 10.000001 6.034678 2.046245
v 11.000001 6.186670 -2.244741
v 10.000001 6.186670 -2.244740
v 10.000001 6.650043 -1.646179
v 11.000001 6.650043 -1.646179
v 11.000001 6.650043 -1.646179
v 10.000001 6.650043 -1.646179
v 10.000001 6.912812 -0.869980
v 11.000001 6.912812 -0.869980
v 11.000001 6.912812 -0.869980
v 10.000001 6.912812 -0.869980
v 10.000001 7.000000 -0.000003
v 11.000001 7.000000 -0.000003
v 10.000001 5.882683 -1.847762
v 10.000001 6.207106 -1.414216
v 10.000001 6.428575 -1.530197
v 10.000001 6.034677 -2.046251
v 10.000001 6.428575 -1.530197
v 10.000001 6.668345 -0.817674
v 10.000001 6.912812 -0.869980
v 10.000001 6.650043 -1.646179
v 10.000001 6.423879 0.765365
v 10.000001 6.207107 1.414210
v 10.000001 6.428575 1.530192
v 10.000001 6.668346 0.817670
v 11.000001 6.034677 2.046245
v 11.000001 6.428575 1.530192
v 11.000001 6.650043 1.646173
v 11.000001 6.186670 2.244735
v 11.000001 6.668346 0.817670
v 11.000001 6.750000 -0.000003
v 11.000001 7.000000 -0.000003
v 11.000001 6.912813 0.869976
v 10.750001 6.423879 -0.765369
v 10.750001 6.207106 -1.414216
v 11.000001 6.428575 -1.530198
v 11.000001 6.668345 -0.817675
v 10.000001 6.428575 1.530192
v 10.000001 6.034678 2.046245
v 10.000001 6.186671 2.244735
v 10.000001 6.650043 1.646173
v 11.000001 6.750000 -0.000003
v 11.000001 6.668345 -0.817675
v 11.000001 6.912812 -0.869980
v 11.000001 7.000000 -0.000003
v 10.000001 6.750000 -0.000003
v 10.000001 6.668346 0.817670
v 10.000001 6.912813 0.869976
v 10.000001 7.000000 -0.000003
v 10.000001 6.668345 -0.817674
v 10.000001 6.750000 -0.000003
v 10.000001 7.000000 -0.000003
v 10.000001 6.912812 -0.869980
v 11.000001 6.428575 -1.530198
v 11.000001 6.034677 -2.046252
v 11.000001 6.186670 -2.244741
v 11.000001 6.650043 -1.646179
v 10.750001 6.500000 -0.000003
v 10.750001 6.423879 -0.765369
v 11.000001 6.668345 -0.817675
v 11.000001 6.750000 -0.000003
v 10.000001 6.034677 -2.046251
v 10.000001 6.428575 -1.530197
v 10.000001 6.650043 -1.646179
v 10.000001 6.186670 -2.244740
v 10.750001 6.207106 -1.414216
v 10.750001 5.882683 -1.847762
v 11.000001 6.034677 -2.046252
v 11.000001 6.428575 -1.530198
v 11.000001 6.428575 1.530192
v 11.000001 6.668346 0.817670
v 11.000001 6.912813 0.869976
v 11.000001 6.650043 1.646173
v 10.000001 6.423879 -0.765368
v 10.000001 6.500000 -0.000003
v 10.000001 6.750000 -0.000003
v 10.000001 6.668345 -0.817674
v 10.000001 6.668346 0.817670
v 10.000001 6.428575 1.530192
v 10.000001 6.650043 1.646173
v 10.000001 6.912813 0.869976
v 11.000001 6.668345 -0.817675
v 11.000001 6.428575 -1.530198
v 11.000001 6.650043 -1.646179
v 11.000001 6.912812 -0.869980
v 10.000001 5.882684 1.847756
v 10.000001 6.034678 2.046245
v 10.750001 6.423879 0.765364
v 10.750001 6.500000 -0.000003
v 11.000001 6.750000 -0.000003
v 11.000001 6.668346 0.817670
v 10.750001 5.882683 1.847756
v 10.750001 6.207107 1.414210
v 11.000001 6.428575 1.530192
v 11.000001 6.034677 2.046245
v 10.000001 6.423879 -0.765368
v 10.000001 6.668345 -0.817674
v 10.750001 5.882683 1.847756
v 11.000001 6.034677 2.046245
v 10.000001 6.034678 2.046245
v 10.000001 5.882684 1.847756
v 10.750001 5.882683 -1.847762
v 10.000001 5.882683 -1.847762
v 10.000001 6.034677 -2.046251
v 11.000001 6.034677 -2.046252
v 3.132447 21.841116 -2.580950
v 3.132447 21.841116 2.580937
v 3.214059 22.077419 2.830937
v 3.214059 22.077419 -2.830950
v 2.818522 22.214025 -2.830950
v 3.214059 22.077419 -2.830950
v 3.214059 22.077419 2.830937
v 2.818522 22.214025 2.830937
v 0.734266 22.496717 -2.830951
v 1.223777 22.496717 -2.830950
v 1.223777 22.496717 2.830936
v 0.734266 22.496717 2.830937
v 7.609232 19.522432 -2.830950
v 7.894465 19.240108 -2.830949
v 7.894465 19.240108 2.830938
v 7.609232 19.522432 2.830938
v 6.577665 20.191721 -2.580950
v 6.577665 20.191721 2.580937
v 6.753533 20.369402 2.830937
v 6.753533 20.369402 -2.830950
v 1.223777 22.246717 -2.580950
v 1.223777 22.246717 2.580937
v 1.223777 22.496717 2.830936
v 1.223777 22.496717 -2.830950
v 0.734266 22.246717 2.580937
v 0.734266 22.246717 -2.580950
v 0.734266 22.496717 -2.830951
v 0.734266 22.496717 2.830937
v 4.690180 21.303127 2.580937
v 4.690180 21.303127 -2.580950
v 4.771791 21.539431 -2.830950
v 4.771791 21.539431 2.830937
v 6.468300 20.651726 -2.830951
v 6.753533 20.369402 -2.830950
v 6.753533 20.369402 2.830937
v 6.468300 20.651726 2.830938
v 4.771791 21.539431 -2.830950
v 5.167328 21.402826 -2.830950
v 5.167328 21.402826 2.830937
v 4.771791 21.539431 2.830937
v 7.433364 19.344751 2.580938
v 7.433364 19.344751 -2.580950
v 7.609232 19.522432 -2.830950
v 7.609232 19.522432 2.830938
v 5.085717 21.166523 -2.580950
v 5.085717 21.166523 2.580937
v 5.167328 21.402826 2.830937
v 5.167328 21.402826 -2.830950
v 7.718597 19.062428 -2.580949
v 7.718597 19.062428 2.580938
v 7.894465 19.240108 2.830938
v 7.894465 19.240108 -2.830949
v 2.736910 21.977722 2.580937
v 2.736910 21.977722 -2.580950
v 2.818522 22.214025 -2.830950
v 2.818522 22.214025 2.830937
v 6.292432 20.474045 2.580938
v 6.292432 20.474045 -2.580951
v 6.468300 20.651726 -2.830951
v 6.468300 20.651726 2.830938
v -2.259083 22.473927 -0.000007
v -2.254124 22.455748 2.736650
v -3.313287 22.166904 2.736538
v -3.318230 22.185040 -0.000007
v -3.161967 21.661707 3.277374
v -3.215786 21.859016 3.412841
v -3.374105 22.389883 2.831838
v -3.313287 22.166904 2.736538
v -3.161967 21.661707 3.277374
v -3.313287 22.166904 2.736538
v -2.254124 22.455748 2.736650
v -2.125523 21.944378 3.277430
v -2.324857 22.715094 -0.000007
v -3.384004 22.426207 -0.000007
v -3.374105 22.389883 2.831838
v -2.314930 22.678680 2.832062
v -3.313287 22.166904 2.736538
v -3.374105 22.389883 2.831838
v -3.384004 22.426207 -0.000007
v -3.318230 22.185040 -0.000007
v -2.259083 22.473927 -0.000007
v -2.324857 22.715094 -0.000007
v -2.314930 22.678680 2.832062
v -2.254124 22.455748 2.736650
v -3.374105 22.389883 2.831838
v -3.215786 21.859016 3.412841
v -2.179335 22.141665 3.412954
v -2.314930 22.678680 2.832062
v 0.000000 23.023870 -0.000007
v -0.502366 23.019098 -0.000007
v -0.502210 22.981449 2.831838
v 0.000000 22.986126 2.832062
v -0.502210 22.981449 2.831838
v -0.486757 22.427694 3.412841
v 0.000000 22.432316 3.412954
v 0.000000 22.986126 2.832062
v -0.485866 22.223177 3.277374
v -0.486757 22.427694 3.412841
v -0.502210 22.981449 2.831838
v -0.501206 22.750328 2.736538
v -0.485866 22.223177 3.277374
v -0.501206 22.750328 2.736538
v 0.000000 22.755053 2.736650
v 0.000000 22.227823 3.277430
v -2.254124 22.455748 2.736650
v -2.314930 22.678680 2.832062
v -2.179335 22.141665 3.412954
v -2.125523 21.944378 3.277430
v 0.000000 22.773897 -0.000007
v 0.000000 22.755053 2.736650
v -0.501206 22.750328 2.736538
v -0.501285 22.769125 -0.000007
v -3.215786 21.859016 3.412841
v -3.161967 21.661707 3.277374
v -2.125523 21.944378 3.277430
v -2.179335 22.141665 3.412954
v -0.486757 22.427694 3.412841
v -0.485866 22.223177 3.277374
v 0.000000 22.227823 3.277430
v 0.000000 22.432316 3.412954
v -0.501206 22.750328 2.736538
v -0.502210 22.981449 2.831838
v -0.502366 23.019098 -0.000007
v -0.501285 22.769125 -0.000007
v -1.435379 17.200001 4.209604
v -1.435379 21.200001 4.209603
v -1.718221 21.200001 4.492446
v -1.718221 17.200001 4.492447
v -2.001064 21.200001 4.209603
v -1.970459 21.573267 4.178998
v -1.701460 21.449661 3.909999
v -1.718221 21.200001 3.926760
v -1.718221 17.200001 3.926762
v -1.718221 21.200001 3.926760
v -1.435379 21.200001 4.209603
v -1.435379 17.200001 4.209604
v -2.001064 17.200001 4.209604
v -2.001064 21.200001 4.209603
v -1.718221 21.200001 3.926760
v -1.718221 17.200001 3.926762
v -1.718221 17.200001 4.492447
v -1.718221 21.200001 4.492446
v -2.001064 21.200001 4.209603
v -2.001064 17.200001 4.209604
v -0.600000 17.200001 5.299994
v -0.600000 21.200001 5.299994
v -0.200000 21.200001 5.299994
v -0.200000 17.200001 5.299994
v -0.600000 21.200001 5.699993
v -0.600000 21.573267 5.656711
v -0.600000 21.449661 5.276289
v -0.600000 21.200001 5.299994
v -0.600000 17.200001 5.699994
v -0.600000 17.200001 5.299994
v -0.200000 17.200001 5.299994
v -0.200000 21.200001 5.299994
v -0.200000 21.200001 5.699993
v -0.200000 17.200001 5.699994
v -0.200000 17.200001 5.699994
v -0.200000 21.200001 5.699993
v -0.600000 21.200001 5.699993
v -0.600000 17.200001 5.699994
v -0.200000 21.449661 5.276289
v -0.200000 21.679777 5.176595
v -0.200000 21.914890 5.500202
v -0.200000 21.573267 5.656711
v -0.200000 21.449661 5.276289
v -0.200000 21.573267 5.656711
v -0.200000 21.200001 5.699993
v -0.200000 21.573267 5.656711
v -0.600000 21.573267 5.656711
v -0.600000 21.200001 5.699993
v -0.600000 21.200001 5.299994
v -0.600000 21.449661 5.276289
v -0.200000 21.449661 5.276289
v -0.200000 21.200001 5.299994
v -0.200000 21.914890 5.500202
v -0.200000 22.191429 5.245785
v -0.600000 22.191429 5.245785
v -0.600000 21.914890 5.500202
v -0.200000 21.573267 5.656711
v -0.200000 21.914890 5.500202
v -0.600000 21.914890 5.500202
v -0.600000 21.573267 5.656711
v -0.600000 21.449661 5.276289
v -0.600000 21.679777 5.176595
v -0.200000 21.679777 5.176595
v -0.200000 21.449661 5.276289
v -0.600000 21.914890 5.500202
v -0.600000 21.679777 5.176595
v -0.600000 22.191429 5.245785
v -0.600000 22.375814 4.918366
v -0.600000 21.995392 4.794758
v -0.600000 21.867825 5.010671
v -0.600000 21.679777 5.176595
v -0.600000 21.867825 5.010671
v -0.200000 21.867825 5.010671
v -0.200000 21.679777 5.176595
v -0.600000 21.914890 5.500202
v -0.600000 22.191429 5.245785
v -0.600000 21.867825 5.010671
v -0.600000 21.679777 5.176595
v -0.200000 21.679777 5.176595
v -0.200000 21.867825 5.010671
v -0.200000 22.191429 5.245785
v -0.200000 21.914890 5.500202
v -0.200000 22.375814 4.918366
v -0.200000 22.449997 4.549994
v -0.600000 22.449997 4.549994
v -0.600000 22.375814 4.918366
v -0.200000 21.867825 5.010671
v -0.200000 21.995392 4.794758
v -0.200000 22.375814 4.918366
v -0.200000 22.191429 5.245785
v -0.200000 22.191429 5.245785
v -0.200000 22.375814 4.918366
v -0.600000 22.375814 4.918366
v -0.600000 22.191429 5.245785
v -0.600000 21.867825 5.010671
v -0.600000 21.995392 4.794758
v -0.200000 21.995392 4.794758
v -0.200000 21.867825 5.010671
v -1.418617 21.449661 4.192841
v -1.348123 21.679777 4.122347
v -1.576947 21.914890 4.351172
v -1.687616 21.573267 4.461840
v -0.600000 21.995392 4.794758
v -0.600000 22.049997 4.549992
v -0.200000 22.049997 4.549992
v -0.200000 21.995392 4.794758
v -0.600000 22.375814 4.918366
v -0.600000 22.449997 4.549994
v -0.600000 22.049997 4.549992
v -0.600000 21.995392 4.794758
v -0.200000 21.995392 4.794758
v -0.200000 22.049997 4.549992
v -0.200000 22.449997 4.549994
v -0.200000 22.375814 4.918366
v -1.435379 21.200001 4.209603
v -1.418617 21.449661 4.192841
v -1.687616 21.573267 4.461840
v -1.718221 21.200001 4.492446
v -1.718221 21.200001 4.492446
v -1.687616 21.573267 4.461840
v -1.970459 21.573267 4.178998
v -2.001064 21.200001 4.209603
v -1.718221 21.200001 3.926760
v -1.701460 21.449661 3.909999
v -1.418617 21.449661 4.192841
v -1.435379 21.200001 4.209603
v -1.576947 21.914890 4.351172
v -1.397048 22.191429 4.171272
v -1.679891 22.191429 3.888430
v -1.859790 21.914890 4.068329
v -1.687616 21.573267 4.461840
v -1.576947 21.914890 4.351172
v -1.859790 21.914890 4.068329
v -1.970459 21.573267 4.178998
v -1.701460 21.449661 3.909999
v -1.630965 21.679777 3.839505
v -1.348123 21.679777 4.122347
v -1.418617 21.449661 4.192841
v -1.970459 21.573267 4.178998
v -1.859790 21.914890 4.068329
v -1.630965 21.679777 3.839505
v -1.701460 21.449661 3.909999
v -1.679891 22.191429 3.888430
v -1.448370 22.375814 3.656909
v -1.360966 21.995392 3.569505
v -1.513639 21.867825 3.722178
v -1.630965 21.679777 3.839505
v -1.513639 21.867825 3.722178
v -1.230797 21.867825 4.005021
v -1.348123 21.679777 4.122347
v -1.859790 21.914890 4.068329
v -1.679891 22.191429 3.888430
v -1.513639 21.867825 3.722178
v -1.630965 21.679777 3.839505
v -1.348123 21.679777 4.122347
v -1.230797 21.867825 4.005021
v -1.397048 22.191429 4.171272
v -1.576947 21.914890 4.351172
v -1.165527 22.375814 3.939752
v -0.905049 22.449997 3.679273
v -1.187892 22.449997 3.396430
v -1.448370 22.375814 3.656909
v -1.230797 21.867825 4.005021
v -1.078123 21.995392 3.852348
v -1.165527 22.375814 3.939752
v -1.397048 22.191429 4.171272
v -1.397048 22.191429 4.171272
v -1.165527 22.375814 3.939752
v -1.448370 22.375814 3.656909
v -1.679891 22.191429 3.888430
v -1.513639 21.867825 3.722178
v -1.360966 21.995392 3.569505
v -1.078123 21.995392 3.852348
v -1.230797 21.867825 4.005021
v -1.360966 21.995392 3.569505
v -1.187891 22.049997 3.396430
v -0.905048 22.049997 3.679272
v -1.078123 21.995392 3.852348
v -1.448370 22.375814 3.656909
v -1.187892 22.449997 3.396430
v -1.187891 22.049997 3.396430
v -1.360966 21.995392 3.569505
v -1.078123 21.995392 3.852348
v -0.905048 22.049997 3.679272
v -0.905049 22.449997 3.679273
v -1.165527 22.375814 3.939752
v 0.000000 22.534662 5.080937
v -1.462280 22.515820 5.081021
v -1.462169 22.510948 3.679273
v 0.000000 22.529745 3.679191
v -2.003005 21.983799 3.694682
v -2.138472 22.188314 3.693764
v -1.557469 22.742071 3.678238
v -1.462169 22.510948 3.679273
v -2.003005 21.983799 3.694682
v -1.462169 22.510948 3.679273
v -1.462280 22.515820 5.081021
v -2.003060 21.988586 4.056130
v 0.000000 22.784636 5.079822
v 0.000000 22.779718 3.678077
v -1.557469 22.742071 3.678238
v -1.557692 22.746893 5.079986
v -1.462169 22.510948 3.679273
v -1.557469 22.742071 3.678238
v 0.000000 22.779718 3.678077
v 0.000000 22.529745 3.679191
v -1.557692 22.746893 5.079986
v -1.084240 22.494453 5.559389
v 0.000000 22.532196 5.559225
v 0.000000 22.784636 5.079822
v -1.557469 22.742071 3.678238
v -2.138472 22.188314 3.693764
v -2.138585 22.193079 4.055213
v -1.557692 22.746893 5.079986
v -1.462280 22.515820 5.081021
v -1.557692 22.746893 5.079986
v -2.138585 22.193079 4.055213
v -2.003060 21.988586 4.056130
v -2.138472 22.188314 3.693764
v -2.003005 21.983799 3.694682
v -2.003060 21.988586 4.056130
v -2.138585 22.193079 4.055213
v 0.000000 22.282223 5.560340
v 0.000000 22.532196 5.559225
v -1.084240 22.494453 5.559389
v -0.988828 22.263380 5.560424
v -1.462280 22.515820 5.081021
v -0.988828 22.263380 5.560424
v -1.084240 22.494453 5.559389
v -1.557692 22.746893 5.079986
v 0.000000 22.534662 5.080937
v 0.000000 22.282223 5.560340
v -0.988828 22.263380 5.560424
v -1.462280 22.515820 5.081021
v -7.224530 5.500003 11.335645
v -7.490205 5.500002 10.000000
v -7.490205 7.500002 10.000000
v -7.224530 7.500003 11.335645
v -6.467947 5.500003 12.467946
v -7.224530 5.500003 11.335645
v -7.224530 7.500003 11.335645
v -6.467947 7.500003 12.467946
v -5.335644 5.500003 13.224528
v -6.467947 5.500003 12.467946
v -6.467947 7.500003 12.467946
v -5.335644 7.500003 13.224528
v -4.000001 5.500004 13.490205
v -5.335644 5.500003 13.224528
v -5.335644 7.500003 13.224528
v -4.000001 7.500004 13.490205
v -7.686470 5.500003 11.526987
v -7.686470 7.500003 11.526987
v -7.980598 7.500002 10.097545
v -7.980598 5.500002 10.097545
v -6.821501 5.500003 12.821500
v -6.821501 7.500003 12.821500
v -7.686470 7.500003 11.526987
v -7.686470 5.500003 11.526987
v -5.526986 5.500004 13.686468
v -5.526986 7.500004 13.686468
v -6.821501 7.500003 12.821500
v -6.821501 5.500003 12.821500
v -4.097547 5.500004 13.980597
v -4.097547 7.500004 13.980597
v -5.526986 7.500004 13.686468
v -5.526986 5.500004 13.686468
v -7.224530 5.500003 11.335645
v -7.686470 5.500003 11.526987
v -7.980598 5.500002 10.097545
v -7.490205 5.500002 10.000000
v -5.335644 7.500003 13.224528
v -5.526986 7.500004 13.686468
v -4.097547 7.500004 13.980597
v -4.000001 7.500004 13.490205
v -7.490205 7.500002 10.000000
v -7.980598 7.500002 10.097545
v -7.686470 7.500003 11.526987
v -7.224530 7.500003 11.335645
v -6.467947 5.500003 12.467946
v -6.821501 5.500003 12.821500
v -4.000001 5.500004 13.490205
v -4.097547 5.500004 13.980597
v -7.224530 7.500003 11.335645
v -7.686470 7.500003 11.526987
v -6.821501 7.500003 12.821500
v -6.467947 7.500003 12.467946
v -5.335644 5.500003 13.224528
v -5.526986 5.500004 13.686468
v -7.980598 5.500001 5.999998
v -7.490205 5.500001 5.999998
v -6.467947 7.500003 12.467946
v -6.821501 7.500003 12.821500
v -4.097547 5.500004 13.980597
v -4.097547 7.500004 13.980597
v -4.000001 7.500004 13.490205
v -4.000001 5.500004 13.490205
v -7.980598 7.500002 10.097545
v -7.980598 7.500001 5.999997
v -7.980598 5.500001 5.999998
v -7.980598 5.500002 10.097545
v -7.490205 5.500002 10.000000
v -7.490205 5.500001 5.999998
v -7.490205 7.500001 5.999997
v -7.490205 7.500002 10.000000
v -7.490205 7.500002 10.000000
v -7.490205 7.500001 5.999997
v -7.980598 7.500001 5.999997
v -7.980598 7.500002 10.097545
v -2.259083 22.473927 -0.000007
v -3.318230 22.185040 -0.000007
v -3.313287 22.166904 -2.736552
v -2.254124 22.455748 -2.736663
v -3.161967 21.661703 -3.277387
v -3.313287 22.166904 -2.736552
v -3.374105 22.389883 -2.831852
v -3.215786 21.859013 -3.412855
v -3.161967 21.661703 -3.277387
v -2.125523 21.944374 -3.277443
v -2.254124 22.455748 -2.736663
v -3.313287 22.166904 -2.736552
v -2.324857 22.715094 -0.000007
v -2.314930 22.678680 -2.832075
v -3.374105 22.389883 -2.831852
v -3.384004 22.426207 -0.000007
v -3.313287 22.166904 -2.736552
v -3.318230 22.185040 -0.000007
v -3.384004 22.426207 -0.000007
v -3.374105 22.389883 -2.831852
v -2.259083 22.473927 -0.000007
v -2.254124 22.455748 -2.736663
v -2.314930 22.678680 -2.832075
v -2.324857 22.715094 -0.000007
v -3.374105 22.389883 -2.831852
v -2.314930 22.678680 -2.832075
v -2.179335 22.141661 -3.412967
v -3.215786 21.859013 -3.412855
v 0.000000 23.023870 -0.000007
v 0.000000 22.986126 -2.832075
v -0.502210 22.981449 -2.831852
v -0.502366 23.019098 -0.000007
v -0.502210 22.981449 -2.831852
v 0.000000 22.986126 -2.832075
v 0.000000 22.432312 -3.412968
v -0.486757 22.427691 -3.412855
v -0.485866 22.223173 -3.277387
v -0.501206 22.750328 -2.736552
v -0.502210 22.981449 -2.831852
v -0.486757 22.427691 -3.412855
v -0.485866 22.223173 -3.277387
v 0.000000 22.227819 -3.277443
v 0.000000 22.755053 -2.736663
v -0.501206 22.750328 -2.736552
v -2.254124 22.455748 -2.736663
v -2.125523 21.944374 -3.277443
v -2.179335 22.141661 -3.412967
v -2.314930 22.678680 -2.832075
v 0.000000 22.773897 -0.000007
v -0.501285 22.769125 -0.000007
v -0.501206 22.750328 -2.736552
v 0.000000 22.755053 -2.736663
v -3.215786 21.859013 -3.412855
v -2.179335 22.141661 -3.412967
v -2.125523 21.944374 -3.277443
v -3.161967 21.661703 -3.277387
v -0.486757 22.427691 -3.412855
v 0.000000 22.432312 -3.412968
v 0.000000 22.227819 -3.277443
v -0.485866 22.223173 -3.277387
v -0.501206 22.750328 -2.736552
v -0.501285 22.769125 -0.000007
v -0.502366 23.019098 -0.000007
v -0.502210 22.981449 -2.831852
v -1.435379 17.199997 -4.209615
v -1.718221 17.199997 -4.492457
v -1.718221 21.199997 -4.492458
v -1.435379 21.199997 -4.209616
v -2.001064 21.199997 -4.209616
v -1.718221 21.199997 -3.926773
v -1.701460 21.449657 -3.910012
v -1.970459 21.573263 -4.179011
v -1.718221 17.199997 -3.926772
v -1.435379 17.199997 -4.209615
v -1.435379 21.199997 -4.209616
v -1.718221 21.199997 -3.926773
v -2.001064 17.199997 -4.209615
v -1.718221 17.199997 -3.926772
v -1.718221 21.199997 -3.926773
v -2.001064 21.199997 -4.209616
v -1.718221 17.199997 -4.492457
v -2.001064 17.199997 -4.209615
v -2.001064 21.199997 -4.209616
v -1.718221 21.199997 -4.492458
v -0.600000 17.199997 -5.300005
v -0.200000 17.199997 -5.300005
v -0.200000 21.199997 -5.300006
v -0.600000 21.199997 -5.300006
v -0.600000 21.199997 -5.700006
v -0.600000 21.199997 -5.300006
v -0.600000 21.449657 -5.276302
v -0.600000 21.573263 -5.656724
v -0.600000 17.199997 -5.700005
v -0.600000 17.199997 -5.300005
v -0.600000 21.199997 -5.300006
v -0.600000 21.199997 -5.700006
v -0.200000 17.199997 -5.300005
v -0.200000 17.199997 -5.700005
v -0.200000 21.199997 -5.700006
v -0.200000 21.199997 -5.300006
v -0.200000 17.199997 -5.700005
v -0.600000 17.199997 -5.700005
v -0.600000 21.199997 -5.700006
v -0.200000 21.199997 -5.700006
v -0.200000 21.449657 -5.276302
v -0.200000 21.573263 -5.656724
v -0.200000 21.914886 -5.500215
v -0.200000 21.679773 -5.176608
v -0.200000 21.199997 -5.300006
v -0.200000 21.199997 -5.700006
v -0.200000 21.573263 -5.656724
v -0.200000 21.449657 -5.276302
v -0.200000 21.199997 -5.700006
v -0.600000 21.199997 -5.700006
v -0.600000 21.573263 -5.656724
v -0.200000 21.573263 -5.656724
v -0.600000 21.199997 -5.300006
v -0.200000 21.199997 -5.300006
v -0.200000 21.449657 -5.276302
v -0.600000 21.449657 -5.276302
v -0.200000 21.914886 -5.500215
v -0.600000 21.914886 -5.500215
v -0.600000 22.191425 -5.245799
v -0.200000 22.191425 -5.245799
v -0.200000 21.573263 -5.656724
v -0.600000 21.573263 -5.656724
v -0.600000 21.914886 -5.500215
v -0.200000 21.914886 -5.500215
v -0.600000 21.449657 -5.276302
v -0.200000 21.449657 -5.276302
v -0.200000 21.679773 -5.176608
v -0.600000 21.679773 -5.176608
v -0.600000 21.573263 -5.656724
v -0.600000 21.449657 -5.276302
v -0.600000 21.679773 -5.176608
v -0.600000 21.914886 -5.500215
v -0.600000 22.191425 -5.245799
v -0.600000 21.867821 -5.010684
v -0.600000 21.995388 -4.794771
v -0.600000 22.375811 -4.918379
v -0.600000 21.679773 -5.176608
v -0.200000 21.679773 -5.176608
v -0.200000 21.867821 -5.010684
v -0.600000 21.867821 -5.010684
v -0.600000 21.914886 -5.500215
v -0.600000 21.679773 -5.176608
v -0.600000 21.867821 -5.010684
v -0.600000 22.191425 -5.245799
v -0.200000 21.679773 -5.176608
v -0.200000 21.914886 -5.500215
v -0.200000 22.191425 -5.245799
v -0.200000 21.867821 -5.010684
v -0.200000 22.375811 -4.918379
v -0.600000 22.375811 -4.918379
v -0.600000 22.449993 -4.550007
v -0.200000 22.449993 -4.550007
v -0.200000 21.867821 -5.010684
v -0.200000 22.191425 -5.245799
v -0.200000 22.375811 -4.918379
v -0.200000 21.995388 -4.794771
v -0.200000 22.191425 -5.245799
v -0.600000 22.191425 -5.245799
v -0.600000 22.375811 -4.918379
v -0.200000 22.375811 -4.918379
v -0.600000 21.867821 -5.010684
v -0.200000 21.867821 -5.010684
v -0.200000 21.995388 -4.794771
v -0.600000 21.995388 -4.794771
v -1.418617 21.449657 -4.192854
v -1.687616 21.573263 -4.461854
v -1.576947 21.914886 -4.351185
v -1.348123 21.679773 -4.122361
v -0.600000 21.995388 -4.794771
v -0.200000 21.995388 -4.794771
v -0.200000 22.049994 -4.550005
v -0.600000 22.049994 -4.550005
v -0.600000 22.375811 -4.918379
v -0.600000 21.995388 -4.794771
v -0.600000 22.049994 -4.550005
v -0.600000 22.449993 -4.550007
v -0.200000 21.995388 -4.794771
v -0.200000 22.375811 -4.918379
v -0.200000 22.449993 -4.550007
v -0.200000 22.049994 -4.550005
v -1.435379 21.199997 -4.209616
v -1.718221 21.199997 -4.492458
v -1.687616 21.573263 -4.461854
v -1.418617 21.449657 -4.192854
v -1.718221 21.199997 -4.492458
v -2.001064 21.199997 -4.209616
v -1.970459 21.573263 -4.179011
v -1.687616 21.573263 -4.461854
v -1.718221 21.199997 -3.926773
v -1.435379 21.199997 -4.209616
v -1.418617 21.449657 -4.192854
v -1.701460 21.449657 -3.910012
v -1.576947 21.914886 -4.351185
v -1.859790 21.914886 -4.068343
v -1.679891 22.191425 -3.888443
v -1.397048 22.191425 -4.171285
v -1.687616 21.573263 -4.461854
v -1.970459 21.573263 -4.179011
v -1.859790 21.914886 -4.068343
v -1.576947 21.914886 -4.351185
v -1.701460 21.449657 -3.910012
v -1.418617 21.449657 -4.192854
v -1.348123 21.679773 -4.122361
v -1.630965 21.679773 -3.839518
v -1.970459 21.573263 -4.179011
v -1.701460 21.449657 -3.910012
v -1.630965 21.679773 -3.839518
v -1.859790 21.914886 -4.068343
v -1.679891 22.191425 -3.888443
v -1.513639 21.867821 -3.722192
v -1.360966 21.995388 -3.569519
v -1.448370 22.375811 -3.656923
v -1.630965 21.679773 -3.839518
v -1.348123 21.679773 -4.122361
v -1.230797 21.867821 -4.005034
v -1.513639 21.867821 -3.722192
v -1.859790 21.914886 -4.068343
v -1.630965 21.679773 -3.839518
v -1.513639 21.867821 -3.722192
v -1.679891 22.191425 -3.888443
v -1.348123 21.679773 -4.122361
v -1.576947 21.914886 -4.351185
v -1.397048 22.191425 -4.171285
v -1.230797 21.867821 -4.005034
v -1.165527 22.375811 -3.939765
v -1.448370 22.375811 -3.656923
v -1.187892 22.449993 -3.396444
v -0.905049 22.449993 -3.679287
v -1.230797 21.867821 -4.005034
v -1.397048 22.191425 -4.171285
v -1.165527 22.375811 -3.939765
v -1.078123 21.995388 -3.852361
v -1.397048 22.191425 -4.171285
v -1.679891 22.191425 -3.888443
v -1.448370 22.375811 -3.656923
v -1.165527 22.375811 -3.939765
v -1.513639 21.867821 -3.722192
v -1.230797 21.867821 -4.005034
v -1.078123 21.995388 -3.852361
v -1.360966 21.995388 -3.569519
v -1.360966 21.995388 -3.569519
v -1.078123 21.995388 -3.852361
v -0.905048 22.049994 -3.679286
v -1.187891 22.049994 -3.396443
v -1.448370 22.375811 -3.656923
v -1.360966 21.995388 -3.569519
v -1.187891 22.049994 -3.396443
v -1.187892 22.449993 -3.396444
v -1.078123 21.995388 -3.852361
v -1.165527 22.375811 -3.939765
v -0.905049 22.449993 -3.679287
v -0.905048 22.049994 -3.679286
v 0.000000 22.534658 -5.080950
v 0.000000 22.529741 -3.679205
v -1.462169 22.510944 -3.679287
v -1.462280 22.515816 -5.081035
v -2.003005 21.983795 -3.694695
v -1.462169 22.510944 -3.679287
v -1.557469 22.742067 -3.678252
v -2.138472 22.188311 -3.693777
v -2.003005 21.983795 -3.694695
v -2.003060 21.988583 -4.056143
v -1.462280 22.515816 -5.081035
v -1.462169 22.510944 -3.679287
v 0.000000 22.784632 -5.079835
v -1.557692 22.746889 -5.079999
v -1.557469 22.742067 -3.678252
v 0.000000 22.779715 -3.678091
v -1.462169 22.510944 -3.679287
v 0.000000 22.529741 -3.679205
v 0.000000 22.779715 -3.678091
v -1.557469 22.742067 -3.678252
v -1.557692 22.746889 -5.079999
v 0.000000 22.784632 -5.079835
v 0.000000 22.532192 -5.559238
v -1.084240 22.494450 -5.559402
v -1.557469 22.742067 -3.678252
v -1.557692 22.746889 -5.079999
v -2.138585 22.193075 -4.055226
v -2.138472 22.188311 -3.693777
v -1.462280 22.515816 -5.081035
v -2.003060 21.988583 -4.056143
v -2.138585 22.193075 -4.055226
v -1.557692 22.746889 -5.079999
v -2.138472 22.188311 -3.693777
v -2.138585 22.193075 -4.055226
v -2.003060 21.988583 -4.056143
v -2.003005 21.983795 -3.694695
v 0.000000 22.282219 -5.560353
v -0.988828 22.263376 -5.560438
v -1.084240 22.494450 -5.559402
v 0.000000 22.532192 -5.559238
v -1.462280 22.515816 -5.081035
v -1.557692 22.746889 -5.079999
v -1.084240 22.494450 -5.559402
v -0.988828 22.263376 -5.560438
v 0.000000 22.534658 -5.080950
v -1.462280 22.515816 -5.081035
v -0.988828 22.263376 -5.560438
v 0.000000 22.282219 -5.560353
v -7.224530 8.500003 11.335644
v -7.490205 8.500002 9.999999
v -7.490205 10.500002 9.999999
v -7.224530 10.500003 11.335644
v -6.467947 8.500003 12.467945
v -7.224530 8.500003 11.335644
v -7.224530 10.500003 11.335644
v -6.467947 10.500003 12.467945
v -5.335644 8.500003 13.224527
v -6.467947 8.500003 12.467945
v -6.467947 10.500003 12.467945
v -5.335644 10.500003 13.224527
v -4.000001 8.500003 13.490204
v -5.335644 8.500003 13.224527
v -5.335644 10.500003 13.224527
v -4.000001 10.500003 13.490204
v -7.686470 8.500003 11.526986
v -7.686470 10.500003 11.526986
v -7.980598 10.500002 10.097544
v -7.980598 8.500002 10.097544
v -6.821501 8.500003 12.821499
v -6.821501 10.500003 12.821499
v -7.686470 10.500003 11.526986
v -7.686470 8.500003 11.526986
v -5.526986 8.500003 13.686467
v -5.526986 10.500003 13.686467
v -6.821501 10.500003 12.821499
v -6.821501 8.500003 12.821499
v -4.097547 8.500003 13.980597
v -4.097547 10.500003 13.980597
v -5.526986 10.500003 13.686467
v -5.526986 8.500003 13.686467
v -7.224530 8.500003 11.335644
v -7.686470 8.500003 11.526986
v -7.980598 8.500002 10.097544
v -7.490205 8.500002 9.999999
v -5.335644 10.500003 13.224527
v -5.526986 10.500003 13.686467
v -4.097547 10.500003 13.980597
v -4.000001 10.500003 13.490204
v -7.490205 10.500002 9.999999
v -7.980598 10.500002 10.097544
v -7.686470 10.500003 11.526986
v -7.224530 10.500003 11.335644
v -6.467947 8.500003 12.467945
v -6.821501 8.500003 12.821499
v -7.686470 8.500003 11.526986
v -7.224530 8.500003 11.335644
v -4.000001 8.500003 13.490204
v -4.097547 8.500003 13.980597
v -7.224530 10.500003 11.335644
v -7.686470 10.500003 11.526986
v -6.821501 10.500003 12.821499
v -6.467947 10.500003 12.467945
v -5.335644 8.500003 13.224527
v -5.526986 8.500003 13.686467
v -6.821501 8.500003 12.821499
v -6.467947 8.500003 12.467945
v -7.980598 8.500002 10.097544
v -7.980598 8.500001 5.999997
v -7.490205 8.500001 5.999997
v -7.490205 8.500002 9.999999
v -6.467947 10.500003 12.467945
v -6.821501 10.500003 12.821499
v -5.526986 10.500003 13.686467
v -5.335644 10.500003 13.224527
v -5.526986 8.500003 13.686467
v -5.335644 8.500003 13.224527
v -4.097547 8.500003 13.980597
v -4.097547 10.500003 13.980597
v -4.000001 10.500003 13.490204
v -4.000001 8.500003 13.490204
v -7.980598 10.500002 10.097544
v -7.980598 10.500001 5.999996
v -7.980598 8.500001 5.999997
v -7.980598 8.500002 10.097544
v -7.490205 8.500002 9.999999
v -7.490205 8.500001 5.999997
v -7.490205 10.500001 5.999996
v -7.490205 10.500002 9.999999
v -7.490205 10.500002 9.999999
v -7.490205 10.500001 5.999996
v -7.980598 10.500001 5.999996
v -7.980598 10.500002 10.097544
v -3.000000 17.000002 10.499994
v -1.000000 17.000002 10.499994
v -0.500000 17.000002 9.499994
v -3.000000 17.000002 9.499994
v -5.000000 15.500002 9.499994
v -5.000000 15.500002 10.999994
v -5.000000 16.500002 10.999994
v -5.000000 16.500002 9.499994
v -1.000000 15.000002 8.499994
v -0.500000 15.000002 10.499994
v -2.500000 15.000002 9.499994
v -1.500000 15.000002 9.499994
v -1.500000 15.000002 10.499994
v -2.500000 15.000002 10.499994
v -3.000000 15.500002 10.999994
v -1.000000 15.500002 10.999994
v -1.000000 16.500002 10.999994
v -3.000000 16.500002 10.999994
v -2.500000 16.500000 8.999994
v -1.500000 16.500000 8.999994
v -1.500000 15.500002 8.999994
v -2.500000 15.500002 8.999994
v -0.500000 17.000000 5.999994
v -0.500000 17.000002 9.499994
v -3.500000 15.500002 8.999994
v -4.500000 15.500002 8.999994
v -4.500000 16.500000 8.999994
v -3.500000 16.500000 8.999994
v -5.000000 15.500002 10.999994
v -5.000000 16.500002 10.999994
v -4.500000 17.000002 9.499994
v -4.500000 17.000002 10.499994
v -1.000000 15.000002 8.499994
v -1.000000 15.000001 5.999995
v -1.000000 16.500000 8.499994
v -1.000000 16.500000 5.999995
v -1.000000 15.000001 5.999995
v -1.000000 15.000002 8.499994
v 0.000000 15.000002 8.999994
v 0.000000 15.000001 5.999995
v 0.000000 17.000000 5.999994
v 0.000000 17.000000 8.999994
v -2.500000 15.000002 9.499994
v -3.500000 15.000002 9.499994
v -3.500000 15.500002 8.999994
v -2.500000 15.500002 8.999994
v -3.500000 15.000002 9.499994
v -3.500000 15.000002 10.499994
v -4.500000 15.000002 9.499994
v -4.500000 15.500002 8.999994
v -3.500000 15.500002 8.999994
v -3.500000 15.000002 9.499994
v -3.500000 16.500000 8.999994
v -4.500000 16.500000 8.999994
v -4.500000 17.000002 9.499994
v -5.000000 16.500002 9.499994
v -4.500000 16.500000 8.999994
v -4.500000 15.500002 8.999994
v -5.000000 15.500002 9.499994
v -4.500000 15.000002 10.499994
v -5.000000 15.500002 10.999994
v -5.000000 15.500002 9.499994
v -4.500000 15.000002 9.499994
v -4.500000 17.000002 9.499994
v -5.000000 16.500002 9.499994
v -5.000000 16.500002 10.999994
v -4.500000 17.000002 10.499994
v -3.500000 15.000002 10.499994
v -5.000000 15.500002 10.999994
v -4.500000 15.000002 10.499994
v -4.500000 17.000002 10.499994
v -5.000000 16.500002 10.999994
v -3.000000 16.500002 10.999994
v -3.000000 17.000002 10.499994
v -1.500000 16.500000 8.999994
v -1.000000 16.500000 8.499994
v -1.000000 15.000002 8.499994
v -1.500000 15.500002 8.999994
v -2.500000 15.000002 10.499994
v -1.500000 15.500002 8.999994
v -1.500000 15.000002 9.499994
v -0.500000 17.000002 9.499994
v -1.500000 16.500000 8.999994
v -1.000000 16.500002 10.999994
v -1.000000 17.000002 10.499994
v -0.500000 15.000002 10.499994
v -0.500000 17.000000 5.999994
v -1.000000 16.500000 5.999995
v -1.000000 16.500000 8.499994
v -0.500000 17.000002 9.499994
v -4.500000 15.000002 10.499994
v -4.500000 15.000002 9.499994
v -5.500000 8.749996 -8.500002
v -4.500000 8.749996 -8.500002
v -4.500000 8.249996 -8.500002
v -5.500000 8.249996 -8.500002
v -6.500000 8.249996 -8.500002
v -6.500000 8.249997 -7.500002
v -6.500000 8.749997 -7.500002
v -6.500000 8.749996 -8.500002
v -5.500000 7.999996 -12.250002
v -4.750000 7.999996 -12.250002
v -4.750000 7.999996 -11.750002
v -5.500000 7.999996 -11.750002
v -6.250000 8.999996 -8.250002
v -6.250000 8.999997 -7.750002
v -5.500000 8.999997 -7.750002
v -5.500000 8.999996 -8.250002
v -5.500000 8.249997 -7.500002
v -4.500000 8.249997 -7.500002
v -4.500000 8.749997 -7.500002
v -5.500000 8.749997 -7.500002
v -4.250000 8.999997 -7.750002
v -4.250000 8.999996 -8.250002
v -6.500000 8.249995 -11.500002
v -5.500000 8.249995 -11.500002
v -5.500000 8.749995 -11.500002
v -6.500000 8.749995 -11.500002
v -6.500000 8.249995 -12.500002
v -6.500000 8.249995 -11.500002
v -6.500000 8.749995 -11.500002
v -6.500000 8.749995 -12.500002
v -1.750000 7.999996 -12.250002
v -1.750000 7.999996 -11.750002
v -2.500000 7.999996 -11.750002
v -2.500000 7.999996 -12.250002
v -5.500000 8.999995 -11.750002
v -4.250000 8.999995 -11.750002
v -4.500000 8.999995 -12.250002
v -5.500000 8.999995 -12.250002
v -4.500000 8.249995 -11.500002
v -4.500000 8.749995 -11.500002
v -5.500000 8.749995 -12.500002
v -4.500000 8.749995 -12.500002
v -4.500000 8.249995 -12.500002
v -5.500000 8.249995 -12.500002
v -2.500000 8.249995 -11.500002
v -1.500000 8.249995 -11.500002
v -1.500000 8.749995 -11.500002
v -2.500000 8.749995 -11.500002
v -3.750000 7.999996 -11.750002
v -3.500000 7.999996 -12.250002
v -2.500000 8.999995 -12.250002
v -3.500000 8.999995 -12.250002
v -3.750000 8.999995 -11.750002
v -2.500000 8.999995 -11.750002
v -1.750000 8.999995 -11.750002
v -1.750000 8.999995 -12.250002
v -1.500000 8.249995 -11.500002
v -1.500000 8.249995 -12.500002
v -1.500000 8.749995 -12.500002
v -1.500000 8.749995 -11.500002
v -1.500000 8.249995 -12.500002
v -2.500000 8.249995 -12.500002
v -2.500000 8.749995 -12.500002
v -1.500000 8.749995 -12.500002
v -2.500000 8.249997 -7.500002
v -1.500000 8.249997 -7.500002
v -1.500000 8.749997 -7.500002
v -2.500000 8.749997 -7.500002
v -2.500000 7.999997 -7.750002
v -3.750000 7.999997 -7.750002
v -3.750000 7.999997 -8.250002
v -2.500000 7.999997 -8.250002
v -2.500000 8.249996 -8.500002
v -3.500000 8.249996 -8.500002
v -3.500000 8.749996 -8.500002
v -2.500000 8.749996 -8.500002
v -2.500000 8.999996 -8.250002
v -2.500000 8.999997 -7.750002
v -1.750000 8.999997 -7.750002
v -1.750000 8.999996 -8.250002
v -1.500000 8.249997 -7.500002
v -1.500000 8.249996 -8.500002
v -1.500000 8.749996 -8.500002
v -1.500000 8.749997 -7.500002
v -1.500000 8.249996 -8.500002
v -1.500000 8.749996 -8.500002
v -3.500000 8.749995 -12.500002
v -3.500000 8.249995 -12.500002
v -3.500000 8.749995 -11.500002
v -3.500000 8.249995 -11.500002
v -3.750000 8.999996 -8.250002
v -3.750000 8.999997 -7.750002
v -3.500000 8.749997 -7.500002
v -3.500000 8.249997 -7.500002
v -1.750000 7.999997 -8.250002
v -1.750000 7.999997 -7.750002
v -5.750000 7.999997 -8.250002
v -5.750000 7.999997 -7.750002
v -6.250000 7.999997 -7.750002
v -6.250000 7.999997 -8.250002
v -6.250000 8.999995 -12.250002
v -6.250000 8.999995 -11.750002
v -6.500000 8.249996 -8.500002
v -6.500000 8.749996 -8.500002
v -6.250000 7.999996 -11.750002
v -6.250000 7.999996 -12.250002
v -6.500000 8.249997 -7.500002
v -6.500000 8.749997 -7.500002
v -6.500000 8.249995 -12.500002
v -6.500000 8.749995 -12.500002
v -3.500000 8.249996 -8.500002
v -3.500000 8.249995 -11.500002
v -3.500000 8.749995 -11.500002
v -3.500000 8.749996 -8.500002
v -4.250000 7.999996 -12.250002
v -3.750000 7.999996 -11.750002
v -4.250000 7.999996 -11.500002
v -4.250000 8.999995 -11.750002
v -3.750000 8.999995 -11.750002
v -3.750000 7.999997 -7.750002
v -4.250000 7.999997 -7.500002
v -4.250000 7.999997 -8.500002
v -3.750000 7.999997 -8.250002
v -3.750000 7.999997 -7.750002
v -3.750000 7.999998 -6.500002
v -4.250000 7.999998 -6.500002
v -3.500000 8.749997 -7.500002
v -3.500000 8.749997 -6.500002
v -3.500000 8.249997 -6.500002
v -3.500000 8.249997 -7.500002
v -3.750000 8.999996 -8.250002
v -4.250000 8.999996 -8.250002
v -4.250000 8.999997 -7.750002
v -3.750000 8.999997 -7.750002
v -4.500000 8.249997 -7.500002
v -4.500000 8.249997 -6.500002
v -4.500000 8.749997 -6.500002
v -4.500000 8.749997 -7.500002
v -3.750000 8.999996 -8.250002
v -3.750000 8.999995 -11.750002
v -4.250000 8.999995 -11.750002
v -4.250000 8.999996 -8.250002
v -3.750000 7.999996 -11.750002
v -3.750000 7.999997 -8.250002
v -4.250000 8.999997 -6.500002
v -4.250000 8.999997 -5.500002
v -3.750000 8.999997 -5.500002
v -3.750000 8.999997 -6.500002
v -4.250000 8.999997 -7.750002
v -3.750000 8.999997 -7.750002
v -3.500000 8.749997 -5.500002
v -3.500000 8.249997 -5.500002
v -4.500000 8.749996 -8.500002
v -4.500000 8.749995 -11.500002
v -4.500000 8.249995 -11.500002
v -4.500000 8.249996 -8.500002
v -4.500000 8.249997 -5.500002
v -4.500000 8.749997 -5.500002
v -3.750000 7.999998 -5.500002
v -4.250000 7.999998 -5.500002
v -5.250000 7.999997 -8.250002
v -5.250000 7.999997 -7.750002
v -6.250000 7.999997 -8.250002
v -6.500000 8.249996 -8.500002
v -5.750000 7.999997 -8.250002
v -5.500000 8.999996 -8.250002
v -5.500000 8.749996 -8.500002
v -6.500000 8.749996 -8.500002
v -6.250000 8.999996 -8.250002
v -6.250000 7.999997 -7.750002
v -6.500000 8.249997 -7.500002
v -6.500000 8.249996 -8.500002
v -6.250000 7.999997 -8.250002
v -6.250000 8.999996 -8.250002
v -6.500000 8.749996 -8.500002
v -6.500000 8.749997 -7.500002
v -6.250000 8.999997 -7.750002
v -5.750000 7.999997 -7.750002
v -6.500000 8.249997 -7.500002
v -6.250000 7.999997 -7.750002
v -6.250000 8.999997 -7.750002
v -6.500000 8.749997 -7.500002
v -5.500000 8.749997 -7.500002
v -5.500000 8.999997 -7.750002
v -6.250000 7.999996 -12.250002
v -6.500000 8.249995 -12.500002
v -5.500000 8.249995 -12.500002
v -5.500000 7.999996 -12.250002
v -5.500000 8.999995 -12.250002
v -5.500000 8.749995 -12.500002
v -6.500000 8.749995 -12.500002
v -6.250000 8.999995 -12.250002
v -6.250000 7.999996 -11.750002
v -6.500000 8.249995 -11.500002
v -6.500000 8.249995 -12.500002
v -6.250000 7.999996 -12.250002
v -6.250000 8.999995 -12.250002
v -6.500000 8.749995 -12.500002
v -6.500000 8.749995 -11.500002
v -6.250000 8.999995 -11.750002
v -5.500000 7.999996 -11.750002
v -5.500000 8.249995 -11.500002
v -6.500000 8.249995 -11.500002
v -6.250000 7.999996 -11.750002
v -6.250000 8.999995 -11.750002
v -6.500000 8.749995 -11.500002
v -5.500000 8.749995 -11.500002
v -5.500000 8.999995 -11.750002
v -1.750000 7.999996 -12.250002
v -1.500000 8.249995 -12.500002
v -1.500000 8.249995 -11.500002
v -1.750000 7.999996 -11.750002
v -1.750000 8.999995 -11.750002
v -1.500000 8.749995 -11.500002
v -1.500000 8.749995 -12.500002
v -1.750000 8.999995 -12.250002
v -2.500000 7.999996 -12.250002
v -2.500000 8.249995 -12.500002
v -1.500000 8.249995 -12.500002
v -1.750000 7.999996 -12.250002
v -1.750000 8.999995 -12.250002
v -1.500000 8.749995 -12.500002
v -2.500000 8.749995 -12.500002
v -2.500000 8.999995 -12.250002
v -1.750000 7.999996 -11.750002
v -1.500000 8.249995 -11.500002
v -2.500000 8.249995 -11.500002
v -2.500000 7.999996 -11.750002
v -2.500000 8.999995 -11.750002
v -2.500000 8.749995 -11.500002
v -1.500000 8.749995 -11.500002
v -1.750000 8.999995 -11.750002
v -1.750000 7.999997 -8.250002
v -1.500000 8.249996 -8.500002
v -1.500000 8.249997 -7.500002
v -1.750000 7.999997 -7.750002
v -1.750000 8.999997 -7.750002
v -1.500000 8.749997 -7.500002
v -1.500000 8.749996 -8.500002
v -1.750000 8.999996 -8.250002
v -2.500000 7.999997 -8.250002
v -2.500000 8.249996 -8.500002
v -1.500000 8.249996 -8.500002
v -1.750000 7.999997 -8.250002
v -1.750000 8.999996 -8.250002
v -1.500000 8.749996 -8.500002
v -2.500000 8.749996 -8.500002
v -2.500000 8.999996 -8.250002
v -1.750000 7.999997 -7.750002
v -1.500000 8.249997 -7.500002
v -2.500000 8.249997 -7.500002
v -2.500000 7.999997 -7.750002
v -2.500000 8.999997 -7.750002
v -2.500000 8.749997 -7.500002
v -1.500000 8.749997 -7.500002
v -1.750000 8.999997 -7.750002
v -2.500000 8.749997 -7.500002
v -2.500000 8.999997 -7.750002
v -3.750000 8.999997 -7.750002
v -3.500000 8.749997 -7.500002
v -3.500000 8.749996 -8.500002
v -3.750000 8.999996 -8.250002
v -2.500000 8.999996 -8.250002
v -2.500000 8.749996 -8.500002
v -2.500000 7.999996 -11.750002
v -2.500000 8.249995 -11.500002
v -3.500000 8.249995 -11.500002
v -3.750000 7.999996 -11.750002
v -3.750000 8.999995 -11.750002
v -3.500000 8.749995 -11.500002
v -2.500000 8.749995 -11.500002
v -2.500000 8.999995 -11.750002
v -3.750000 7.999997 -8.250002
v -3.500000 8.249996 -8.500002
v -2.500000 8.249996 -8.500002
v -2.500000 7.999997 -8.250002
v -2.500000 8.249995 -12.500002
v -3.500000 7.999996 -12.250002
v -3.500000 8.249995 -12.500002
v -2.500000 7.999997 -7.750002
v -2.500000 8.249997 -7.500002
v -3.500000 8.249997 -7.500002
v -3.750000 7.999997 -7.750002
v -3.500000 8.749995 -12.500002
v -3.500000 8.999995 -12.250002
v -2.500000 8.999995 -12.250002
v -4.750000 7.999997 -8.250002
v -4.750000 7.999997 -7.750002
v -5.500000 8.999995 -11.750002
v -5.500000 8.749995 -11.500002
v -4.500000 8.749995 -11.500002
v -4.250000 8.999995 -11.750002
v -4.750000 7.999996 -11.750002
v -4.500000 8.249995 -11.500002
v -5.500000 8.749996 -8.500002
v -5.500000 8.999996 -8.250002
v -4.250000 8.999996 -8.250002
v -4.500000 8.749996 -8.500002
v -4.500000 8.749997 -7.500002
v -4.250000 8.999997 -7.750002
v -5.500000 8.999997 -7.750002
v -5.500000 8.749997 -7.500002
v -5.250000 7.999997 -7.750002
v -4.750000 7.999997 -7.750002
v -4.500000 8.249997 -7.500002
v -4.500000 8.249996 -8.500002
v -4.750000 7.999997 -8.250002
v -5.250000 7.999997 -8.250002
v -4.500000 8.999995 -12.250002
v -4.500000 8.749995 -12.500002
v -3.500000 8.249995 -12.500002
v -3.500000 8.999995 -12.250002
v -3.500000 8.749995 -11.500002
v -3.750000 8.999995 -11.750002
v -3.750000 8.999996 -8.250002
v -3.500000 8.749996 -8.500002
v -4.500000 8.749996 -8.500002
v -4.250000 8.999996 -8.250002
v -4.250000 8.999995 -11.750002
v -4.500000 8.749995 -11.500002
v -4.250000 7.999997 -8.500002
v -4.500000 8.249996 -8.500002
v -4.500000 8.249995 -11.500002
v -4.250000 7.999996 -11.500002
v -3.500000 8.249996 -8.500002
v -3.750000 7.999997 -8.250002
v -3.750000 7.999996 -11.750002
v -3.500000 8.249995 -11.500002
v -3.750000 7.999997 -7.750002
v -3.500000 8.249997 -7.500002
v -3.500000 8.249997 -6.500002
v -3.750000 7.999998 -6.500002
v -3.750000 8.999997 -6.500002
v -3.500000 8.749997 -6.500002
v -3.500000 8.749997 -7.500002
v -3.750000 8.999997 -7.750002
v -4.500000 8.249997 -7.500002
v -4.250000 7.999997 -7.500002
v -4.250000 7.999998 -6.500002
v -4.500000 8.249997 -6.500002
v -4.250000 8.999997 -7.750002
v -4.500000 8.749997 -7.500002
v -4.500000 8.749997 -6.500002
v -4.250000 8.999997 -6.500002
v -3.750000 7.999998 -6.500002
v -3.500000 8.249997 -6.500002
v -3.500000 8.249997 -5.500002
v -3.750000 7.999998 -5.500002
v -3.750000 8.999997 -5.500002
v -3.500000 8.749997 -5.500002
v -3.500000 8.749997 -6.500002
v -3.750000 8.999997 -6.500002
v -4.250000 7.999998 -5.500002
v -4.500000 8.249997 -5.500002
v -4.250000 8.999997 -6.500002
v -4.500000 8.749997 -6.500002
v -4.500000 8.749997 -5.500002
v -4.250000 8.999997 -5.500002
v -10.750001 6.500000 -0.000003
v -10.000001 6.500000 -0.000003
v -10.000001 6.423879 0.765365
v -10.750001 6.423879 0.765364
v -10.750001 6.423879 0.765364
v -10.000001 6.423879 0.765365
v -10.000001 6.207107 1.414210
v -10.750001 6.207107 1.414210
v -10.750001 6.207107 1.414210
v -10.000001 6.207107 1.414210
v -10.000001 5.882684 1.847756
v -10.750001 5.882683 1.847756
v -10.000001 6.500000 -0.000003
v -10.000001 6.750000 -0.000003
v -10.000001 6.668346 0.817670
v -10.000001 6.423879 0.765365
v -10.750001 6.207107 1.414210
v -11.000001 6.428575 1.530192
v -11.000001 6.668346 0.817670
v -10.750001 6.423879 0.765364
v -10.750001 5.882683 -1.847762
v -10.000001 5.882683 -1.847762
v -10.000001 6.207106 -1.414216
v -10.750001 6.207106 -1.414216
v -10.750001 6.207106 -1.414216
v -10.000001 6.207106 -1.414216
v -10.000001 6.423879 -0.765368
v -10.750001 6.423879 -0.765369
v -10.750001 6.423879 -0.765369
v -10.000001 6.423879 -0.765368
v -10.000001 6.500000 -0.000003
v -10.750001 6.500000 -0.000003
v -11.000001 7.000000 -0.000003
v -11.000001 6.912813 0.869976
v -10.000001 6.912813 0.869976
v -10.000001 7.000000 -0.000003
v -11.000001 6.912813 0.869976
v -11.000001 6.650043 1.646173
v -10.000001 6.650043 1.646173
v -10.000001 6.912813 0.869976
v -11.000001 6.650043 1.646173
v -11.000001 6.186670 2.244735
v -10.000001 6.186671 2.244735
v -10.000001 6.650043 1.646173
v -11.000001 6.034677 -2.046252
v -11.000001 6.186670 -2.244741
v -10.000001 6.186670 -2.244740
v -10.000001 6.034677 -2.046251
v -11.000001 6.034677 2.046245
v -10.000001 6.034678 2.046245
v -10.000001 6.186671 2.244735
v -11.000001 6.186670 2.244735
v -11.000001 6.186670 -2.244741
v -11.000001 6.650043 -1.646179
v -10.000001 6.650043 -1.646179
v -10.000001 6.186670 -2.244740
v -11.000001 6.650043 -1.646179
v -11.000001 6.912812 -0.869980
v -10.000001 6.912812 -0.869980
v -10.000001 6.650043 -1.646179
v -11.000001 6.912812 -0.869980
v -11.000001 7.000000 -0.000003
v -10.000001 7.000000 -0.000003
v -10.000001 6.912812 -0.869980
v -10.000001 5.882683 -1.847762
v -10.000001 6.034677 -2.046251
v -10.000001 6.428575 -1.530197
v -10.000001 6.207106 -1.414216
v -10.000001 6.428575 -1.530197
v -10.000001 6.650043 -1.646179
v -10.000001 6.912812 -0.869980
v -10.000001 6.668345 -0.817674
v -10.000001 6.428575 1.530192
v -10.000001 6.207107 1.414210
v -11.000001 6.034677 2.046245
v -11.000001 6.186670 2.244735
v -11.000001 6.650043 1.646173
v -11.000001 6.428575 1.530192
v -11.000001 6.668346 0.817670
v -11.000001 6.912813 0.869976
v -11.000001 7.000000 -0.000003
v -11.000001 6.750000 -0.000003
v -10.750001 6.423879 -0.765369
v -11.000001 6.668345 -0.817675
v -11.000001 6.428575 -1.530198
v -10.750001 6.207106 -1.414216
v -10.000001 6.428575 1.530192
v -10.000001 6.650043 1.646173
v -10.000001 6.186671 2.244735
v -10.000001 6.034678 2.046245
v -11.000001 6.750000 -0.000003
v -11.000001 7.000000 -0.000003
v -11.000001 6.912812 -0.869980
v -11.000001 6.668345 -0.817675
v -10.000001 6.750000 -0.000003
v -10.000001 7.000000 -0.000003
v -10.000001 6.912813 0.869976
v -10.000001 6.668346 0.817670
v -10.000001 7.000000 -0.000003
v -10.000001 6.750000 -0.000003
v -11.000001 6.428575 -1.530198
v -11.000001 6.650043 -1.646179
v -11.000001 6.186670 -2.244741
v -11.000001 6.034677 -2.046252
v -10.750001 6.500000 -0.000003
v -11.000001 6.750000 -0.000003
v -11.000001 6.668345 -0.817675
v -10.750001 6.423879 -0.765369
v -10.000001 6.034677 -2.046251
v -10.000001 6.186670 -2.244740
v -10.000001 6.650043 -1.646179
v -10.000001 6.428575 -1.530197
v -10.750001 6.207106 -1.414216
v -11.000001 6.428575 -1.530198
v -11.000001 6.034677 -2.046252
v -10.750001 5.882683 -1.847762
v -11.000001 6.428575 1.530192
v -11.000001 6.650043 1.646173
v -10.000001 6.423879 -0.765368
v -10.000001 6.668345 -0.817674
v -10.000001 6.750000 -0.000003
v -10.000001 6.500000 -0.000003
v -10.000001 6.650043 1.646173
v -10.000001 6.428575 1.530192
v -11.000001 6.650043 -1.646179
v -11.000001 6.428575 -1.530198
v -10.000001 6.207107 1.414210
v -10.000001 6.428575 1.530192
v -10.000001 6.034678 2.046245
v -10.000001 5.882684 1.847756
v -10.750001 6.423879 0.765364
v -11.000001 6.668346 0.817670
v -11.000001 6.750000 -0.000003
v -10.750001 6.500000 -0.000003
v -10.750001 5.882683 1.847756
v -11.000001 6.034677 2.046245
v -11.000001 6.428575 1.530192
v -10.750001 6.207107 1.414210
v -10.000001 6.207106 -1.414216
v -10.000001 6.428575 -1.530197
v -10.750001 5.882683 1.847756
v -10.000001 5.882684 1.847756
v -10.000001 6.034678 2.046245
v -11.000001 6.034677 2.046245
v -10.750001 5.882683 -1.847762
v -11.000001 6.034677 -2.046252
v -10.000001 6.034677 -2.046251
v -10.000001 5.882683 -1.847762
v -3.132447 21.841116 -2.580950
v -3.214059 22.077419 -2.830950
v -3.214059 22.077419 2.830937
v -3.132447 21.841116 2.580937
v -2.818522 22.214025 -2.830950
v -2.818522 22.214025 2.830937
v -3.214059 22.077419 2.830937
v -3.214059 22.077419 -2.830950
v -0.734266 22.496717 -2.830951
v -0.734266 22.496717 2.830937
v -1.223777 22.496717 2.830936
v -1.223777 22.496717 -2.830950
v -7.609232 19.522432 -2.830950
v -7.609232 19.522432 2.830938
v -7.894465 19.240108 2.830938
v -7.894465 19.240108 -2.830949
v -6.577665 20.191721 -2.580950
v -6.753533 20.369402 -2.830950
v -6.753533 20.369402 2.830937
v -6.577665 20.191721 2.580937
v -1.223777 22.246717 -2.580950
v -1.223777 22.496717 -2.830950
v -1.223777 22.496717 2.830936
v -1.223777 22.246717 2.580937
v -0.734266 22.246717 2.580937
v -0.734266 22.496717 2.830937
v -0.734266 22.496717 -2.830951
v -0.734266 22.246717 -2.580950
v -4.690180 21.303127 2.580937
v -4.771791 21.539431 2.830937
v -4.771791 21.539431 -2.830950
v -4.690180 21.303127 -2.580950
v -6.468300 20.651726 -2.830951
v -6.468300 20.651726 2.830938
v -6.753533 20.369402 2.830937
v -6.753533 20.369402 -2.830950
v -4.771791 21.539431 -2.830950
v -4.771791 21.539431 2.830937
v -5.167328 21.402826 2.830937
v -5.167328 21.402826 -2.830950
v -7.433364 19.344751 2.580938
v -7.609232 19.522432 2.830938
v -7.609232 19.522432 -2.830950
v -7.433364 19.344751 -2.580950
v -5.085717 21.166523 -2.580950
v -5.167328 21.402826 -2.830950
v -5.167328 21.402826 2.830937
v -5.085717 21.166523 2.580937
v -7.718597 19.062428 -2.580949
v -7.894465 19.240108 -2.830949
v -7.894465 19.240108 2.830938
v -7.718597 19.062428 2.580938
v -2.736910 21.977722 2.580937
v -2.818522 22.214025 2.830937
v -2.818522 22.214025 -2.830950
v -2.736910 21.977722 -2.580950
v -6.292432 20.474045 2.580938
v -6.468300 20.651726 2.830938
v -6.468300 20.651726 -2.830951
v -6.292432 20.474045 -2.580951
vn -0.0000 -0.7071 0.7071
vn -0.0000 0.7071 -0.7071
vn 0.5774 -0.5774 -0.5774
vn 0.5774 0.5774 -0.5774
vn 0.8165 -0.4082 -0.4082
vn 0.3015 0.9045 -0.3015
vn -0.0000 -0.7071 -0.7071
vn 0.4082 -0.4082 -0.8165
vn 0.4082 -0.4082 0.8165
vn -0.5774 -0.5774 -0.5774
vn -0.5774 0.5774 -0.5774
vn -0.8165 -0.4082 -0.4082
vn -0.3015 0.9045 -0.3015
vn -0.4082 -0.4082 -0.8165
vn -0.4082 -0.4082 0.8165
vn -0.2631 -0.9647 -0.0069
vn 0.9625 -0.2710 0.0153
vn 0.9625 -0.2710 0.0154
vn -0.1885 -0.6908 -0.6980
vn -0.1884 -0.6908 -0.6980
vn 0.2630 0.9647 0.0133
vn 0.2631 0.9647 0.0133
vn 0.9648 -0.2631 -0.0000
vn -0.9648 0.2631 -0.0000
vn 0.1905 0.6983 0.6900
vn 0.0093 0.9999 0.0133
vn 0.0095 0.9999 0.0133
vn 0.0070 0.7238 0.6900
vn 0.9998 -0.0125 0.0154
vn 0.9998 -0.0125 0.0153
vn -0.0069 -0.7160 -0.6981
vn -0.9664 0.2568 0.0124
vn -0.9664 0.2567 0.0123
vn -0.9664 0.2569 0.0124
vn -0.0095 -0.9999 -0.0069
vn -0.0094 -0.9999 -0.0069
vn -0.1453 -0.5330 0.8336
vn -0.1453 -0.5328 0.8337
vn -0.0052 -0.5522 0.8337
vn 1.0000 -0.0043 -0.0000
vn -0.7071 -0.0000 0.7071
vn 0.7071 -0.0000 -0.7071
vn -0.7071 -0.0000 -0.7071
vn 0.7071 -0.0000 0.7071
vn -0.0000 -0.0000 -1.0000
vn 1.0000 -0.0000 -0.0000
vn -1.0000 -0.0000 -0.0000
vn -0.0000 -0.0000 1.0000
vn -0.0000 0.1152 0.9933
vn -0.0000 -0.0945 -0.9955
vn -0.0000 0.6771 0.7359
vn -0.0000 0.4165 0.9091
vn -0.0000 -0.3975 -0.9176
vn -0.0000 -0.6616 -0.7498
vn -0.0000 0.9803 0.1974
vn -0.0000 0.8713 0.4907
vn -0.0000 -0.8610 -0.5087
vn -0.0000 -0.9760 -0.2177
vn 0.7024 0.1152 0.7024
vn -0.7039 -0.0945 -0.7039
vn 0.5204 0.6771 0.5204
vn 0.6429 0.4165 0.6429
vn -0.6488 -0.3975 -0.6488
vn -0.5302 -0.6616 -0.5302
vn 0.1396 0.9803 0.1396
vn 0.3470 0.8713 0.3470
vn -0.3597 -0.8610 -0.3597
vn -0.1540 -0.9760 -0.1540
vn -0.0129 -0.9999 0.0035
vn 0.0154 -0.0126 -0.9998
vn 0.0154 -0.0127 -0.9998
vn -0.6961 -0.7179 0.0040
vn -0.6960 -0.7180 0.0041
vn 0.0242 0.9997 -0.0034
vn 0.0242 0.9997 -0.0035
vn -0.0000 -0.0045 -1.0000
vn 0.0251 0.8794 0.4754
vn 0.6882 0.7255 -0.0042
vn 0.6881 0.7256 -0.0041
vn 0.7147 -0.3763 0.5896
vn 0.8336 -0.5524 0.0070
vn 0.8335 -0.5524 0.0070
vn -0.0000 0.0045 1.0000
vn 0.7530 -0.3083 0.5813
vn -0.0135 -0.8820 -0.4711
vn -0.9808 -0.0000 -0.1951
vn -0.8315 -0.0000 -0.5556
vn -0.5556 -0.0000 -0.8315
vn -0.1951 -0.0000 -0.9808
vn 0.9795 -0.0000 0.2015
vn 0.8315 -0.0000 0.5556
vn 0.5556 -0.0000 0.8315
vn 0.2015 -0.0000 0.9795
vn -0.0000 -1.0000 -0.0000
vn -0.0000 1.0000 -0.0000
vn -0.2631 -0.9647 0.0069
vn 0.9625 -0.2710 -0.0154
vn -0.1885 -0.6908 0.6980
vn -0.1884 -0.6908 0.6980
vn 0.2631 0.9647 -0.0133
vn 0.2630 0.9647 -0.0133
vn 0.1905 0.6983 -0.6900
vn 0.0095 0.9999 -0.0133
vn 0.0093 0.9999 -0.0133
vn 0.0070 0.7238 -0.6900
vn 0.9998 -0.0125 -0.0154
vn -0.0069 -0.7160 0.6981
vn -0.9664 0.2568 -0.0124
vn -0.0094 -0.9999 0.0069
vn -0.0095 -0.9999 0.0069
vn -0.1453 -0.5328 -0.8337
vn -0.1453 -0.5330 -0.8336
vn -0.0052 -0.5522 -0.8337
vn -0.0053 -0.5521 -0.8338
vn -0.0000 0.1152 -0.9933
vn -0.0000 -0.0945 0.9955
vn -0.0000 0.6771 -0.7359
vn -0.0000 0.4165 -0.9091
vn -0.0000 -0.3975 0.9176
vn -0.0000 -0.6616 0.7498
vn -0.0000 0.9803 -0.1974
vn -0.0000 0.8713 -0.4907
vn -0.0000 -0.8610 0.5087
vn -0.0000 -0.9760 0.2177
vn 0.7024 0.1152 -0.7024
vn -0.7039 -0.0945 0.7039
vn 0.5204 0.6771 -0.5204
vn 0.6429 0.4165 -0.6429
vn -0.6488 -0.3975 0.6488
vn -0.5302 -0.6616 0.5302
vn 0.1396 0.9803 -0.1396
vn 0.3470 0.8713 -0.3470
vn -0.3597 -0.8610 0.3597
vn -0.1540 -0.9760 0.1540
vn -0.0129 -0.9999 -0.0035
vn 0.0153 -0.0127 0.9998
vn 0.0154 -0.0127 0.9998
vn 0.0154 -0.0126 0.9998
vn -0.6961 -0.7179 -0.0040
vn -0.6960 -0.7180 -0.0041
vn 0.0242 0.9997 0.0035
vn 0.0242 0.9997 0.0034
vn -0.0000 -0.0045 1.0000
vn 0.0251 0.8794 -0.4754
vn 0.6881 0.7256 0.0041
vn 0.7147 -0.3763 -0.5896
vn 0.8337 -0.5522 -0.0072
vn 0.8336 -0.5524 -0.0070
vn -0.0000 0.0045 -1.0000
vn 0.7530 -0.3083 -0.5813
vn -0.0135 -0.8820 0.4711
vn 0.7071 -0.7071 -0.0000
vn 0.7071 0.7071 -0.0000
vn -0.0000 0.7071 0.7071
vn -0.7071 -0.7071 -0.0000
vn -0.7071 0.7071 -0.0000
vn -0.0000 -0.9951 -0.0990
vn -0.0000 -0.9485 -0.3169
vn -0.0000 -0.8007 -0.5991
vn 0.7037 -0.6736 -0.2259
vn 0.7038 -0.6736 -0.2259
vn 0.7038 -0.6735 -0.2258
vn -0.0000 -0.8007 0.5991
vn -0.0000 -0.9485 0.3169
vn -0.0000 -0.9951 0.0990
vn -0.0000 0.9950 0.0997
vn -0.0000 0.9472 0.3207
vn -0.0000 0.7907 0.6121
vn -0.0000 -0.7940 -0.6080
vn -0.0000 -0.7940 0.6080
vn -0.0000 0.7907 -0.6121
vn -0.0000 0.9472 -0.3207
vn -0.0000 0.9950 -0.0997
vn 0.7038 -0.6735 0.2259
vn 0.7037 -0.6736 0.2259
vn 0.7038 -0.6736 0.2259
vn 0.7049 -0.7058 0.0702
vn 0.7051 -0.7056 0.0703
vn 0.6982 -0.5710 0.4319
vn 0.6981 -0.5710 0.4319
vn 0.7051 -0.7056 -0.0703
vn 0.7049 -0.7058 -0.0705
vn 0.6981 -0.5710 -0.4319
vn 0.6982 -0.5710 -0.4319
vn 0.6981 -0.5710 -0.4320
vn -0.9452 0.3264 -0.0000
vn -0.3264 -0.9452 -0.0000
vn -0.7035 -0.7107 -0.0000
vn -0.7107 0.7035 -0.0000
vn 0.9452 -0.3264 -0.0000
vn 0.7107 -0.7035 -0.0000
vn 0.2631 -0.9647 -0.0069
vn -0.9625 -0.2710 0.0153
vn -0.9625 -0.2710 0.0154
vn 0.1885 -0.6908 -0.6980
vn 0.1884 -0.6908 -0.6980
vn -0.2631 0.9647 0.0133
vn -0.2630 0.9647 0.0133
vn -0.9648 -0.2631 -0.0000
vn 0.9648 0.2631 -0.0000
vn -0.1905 0.6983 0.6900
vn -0.0095 0.9999 0.0133
vn -0.0093 0.9999 0.0133
vn -0.0070 0.7238 0.6900
vn -0.9998 -0.0125 0.0154
vn -0.9998 -0.0125 0.0153
vn 0.0069 -0.7160 -0.6981
vn 0.9664 0.2568 0.0124
vn 0.0094 -0.9999 -0.0069
vn 0.0095 -0.9999 -0.0069
vn 0.1453 -0.5328 0.8337
vn 0.1453 -0.5330 0.8336
vn 0.0052 -0.5522 0.8337
vn -1.0000 -0.0043 -0.0000
vn -0.7024 0.1152 0.7024
vn 0.7039 -0.0945 -0.7039
vn -0.5204 0.6771 0.5204
vn -0.6429 0.4165 0.6429
vn 0.6488 -0.3975 -0.6488
vn 0.5302 -0.6616 -0.5302
vn -0.1396 0.9803 0.1396
vn -0.3470 0.8713 0.3470
vn 0.3597 -0.8610 -0.3597
vn 0.1540 -0.9760 -0.1540
vn 0.0129 -0.9999 0.0035
vn -0.0154 -0.0126 -0.9998
vn -0.0154 -0.0127 -0.9998
vn 0.6961 -0.7179 0.0040
vn 0.6960 -0.7180 0.0041
vn -0.0242 0.9997 -0.0035
vn -0.0242 0.9997 -0.0034
vn -0.0251 0.8794 0.4754
vn -0.6882 0.7255 -0.0042
vn -0.6881 0.7256 -0.0041
vn -0.7147 -0.3763 0.5896
vn -0.8337 -0.5522 0.0072
vn -0.8336 -0.5524 0.0070
vn -0.7530 -0.3083 0.5813
vn 0.0135 -0.8820 -0.4711
vn 0.9808 -0.0000 -0.1951
vn 0.8315 -0.0000 -0.5556
vn 0.5556 -0.0000 -0.8315
vn 0.1951 -0.0000 -0.9808
vn -0.9795 -0.0000 0.2015
vn -0.8315 -0.0000 0.5556
vn -0.5556 -0.0000 0.8315
vn -0.2015 -0.0000 0.9795
vn 0.2631 -0.9647 0.0069
vn -0.9625 -0.2710 -0.0154
vn 0.1885 -0.6908 0.6980
vn 0.1884 -0.6908 0.6980
vn -0.2630 0.9647 -0.0133
vn -0.2631 0.9647 -0.0133
vn -0.1905 0.6983 -0.6900
vn -0.0093 0.9999 -0.0133
vn -0.0095 0.9999 -0.0133
vn -0.0070 0.7238 -0.6900
vn -0.9998 -0.0125 -0.0154
vn 0.0069 -0.7160 0.6981
vn 0.9664 0.2568 -0.0124
vn 0.9664 0.2569 -0.0124
vn 0.0095 -0.9999 0.0069
vn 0.0094 -0.9999 0.0069
vn 0.1453 -0.5330 -0.8336
vn 0.1453 -0.5331 -0.8335
vn 0.0053 -0.5521 -0.8338
vn 0.0052 -0.5522 -0.8337
vn -0.7024 0.1152 -0.7024
vn 0.7039 -0.0945 0.7039
vn -0.5204 0.6771 -0.5204
vn -0.6429 0.4165 -0.6429
vn 0.6488 -0.3975 0.6488
vn 0.5302 -0.6616 0.5302
vn -0.1396 0.9803 -0.1396
vn -0.3470 0.8713 -0.3470
vn 0.3597 -0.8610 0.3597
vn 0.1540 -0.9760 0.1540
vn 0.0129 -0.9999 -0.0035
vn -0.0153 -0.0127 0.9998
vn -0.0154 -0.0126 0.9998
vn -0.0154 -0.0127 0.9998
vn 0.6961 -0.7179 -0.0040
vn 0.6960 -0.7180 -0.0041
vn -0.0242 0.9997 0.0034
vn -0.0242 0.9997 0.0035
vn -0.0251 0.8794 -0.4754
vn -0.6882 0.7255 0.0042
vn -0.6881 0.7256 0.0041
vn -0.7147 -0.3763 -0.5896
vn -0.8336 -0.5524 -0.0070
vn -0.8335 -0.5524 -0.0070
vn -0.7530 -0.3083 -0.5813
vn 0.0135 -0.8820 0.4711
vn -0.7037 -0.6736 -0.2259
vn -0.7038 -0.6736 -0.2258
vn -0.7038 -0.6736 -0.2259
vn -0.7039 -0.6734 0.2259
vn -0.7038 -0.6736 0.2259
vn -0.7036 -0.6737 0.2259
vn -0.7037 -0.6736 0.2259
vn -0.7053 -0.7054 0.0704
vn -0.7049 -0.7058 0.0702
vn -0.6982 -0.5709 0.4319
vn -0.6982 -0.5710 0.4319
vn -0.6981 -0.5710 0.4319
vn -0.7049 -0.7058 -0.0705
vn -0.7051 -0.7056 -0.0703
vn -0.6981 -0.5710 -0.4319
vn -0.6982 -0.5710 -0.4319
vn 0.9452 0.3264 -0.0000
vn 0.3264 -0.9452 -0.0000
vn 0.7035 -0.7107 -0.0000
vn 0.7107 0.7035 -0.0000
vn -0.9452 -0.3264 -0.0000
vn -0.7107 -0.7035 -0.0000
vt 0.428750 0.058750
vt 0.430000 0.058750
vt 0.430000 0.057500
vt 0.438750 0.067500
vt 0.440000 0.067500
vt 0.438750 0.067500
vt 0.433750 0.061250
vt 0.433750 0.062500
vt 0.435000 0.061250
vt 0.440000 0.061250
vt 0.438750 0.062500
vt 0.430000 0.063750
vt 0.430000 0.062500
vt 0.430000 0.058750
vt 0.438750 0.067500
vt 0.428750 0.061250
vt 0.430000 0.061250
vt 0.431250 0.062500
vt 0.430000 0.058750
vt 0.431250 0.061250
vt 0.428750 0.058750
vt 0.431250 0.057500
vt 0.603125 0.071528
vt 0.584375 0.071528
vt 0.584375 0.050694
vt 0.603125 0.050694
vt 0.584375 0.042361
vt 0.584375 0.042361
vt 0.603125 0.042361
vt 0.603125 0.042361
vt 0.815000 0.192500
vt 0.815000 0.197500
vt 0.815000 0.182500
vt 0.815000 0.187500
vt 0.815000 0.177500
vt 0.806847 0.153514
vt 0.808441 0.145500
vt 0.802308 0.160308
vt 0.795514 0.164847
vt 0.787500 0.166441
vt 0.603125 0.011432
vt 0.603125 0.032264
vt 0.584375 0.032263
vt 0.584375 0.011432
vt 0.584375 0.029522
vt 0.584376 0.031941
vt 0.584375 0.029117
vt 0.584376 0.026987
vt 0.584378 0.031777
vt 0.584152 0.031565
vt 0.603249 0.031566
vt 0.603067 0.031778
vt 0.603125 0.013463
vt 0.584375 0.013463
vt 0.584375 0.034288
vt 0.603125 0.034290
vt 0.584375 0.032749
vt 0.584375 0.033938
vt 0.584375 0.012832
vt 0.584375 0.012379
vt 0.603125 0.012383
vt 0.603125 0.012836
vt 0.603125 0.033942
vt 0.603125 0.032752
vt 0.584155 0.033931
vt 0.584380 0.034330
vt 0.603079 0.034332
vt 0.603260 0.033933
vt 0.603156 0.013463
vt 0.584402 0.013462
vt 0.584384 0.034288
vt 0.603132 0.034290
vt 0.583983 0.033932
vt 0.584369 0.034330
vt 0.602959 0.034332
vt 0.603158 0.033934
vt 0.584375 0.029522
vt 0.584375 0.031941
vt 0.584376 0.026987
vt 0.584339 0.031778
vt 0.583946 0.031566
vt 0.603103 0.031568
vt 0.602911 0.031779
vt 0.603125 0.026991
vt 0.603124 0.029124
vt 0.603125 0.031945
vt 0.603125 0.029525
vt 0.603141 0.011432
vt 0.603129 0.032264
vt 0.584380 0.032263
vt 0.584389 0.011432
vt 0.584377 0.042361
vt 0.584377 0.042361
vt 0.603127 0.042361
vt 0.603126 0.042361
vt 0.584238 0.042361
vt 0.584222 0.042361
vt 0.602941 0.042361
vt 0.602993 0.042361
vt 0.584375 0.032749
vt 0.584375 0.033938
vt 0.584375 0.012832
vt 0.584375 0.012379
vt 0.815000 0.187861
vt 0.815000 0.187861
vt 0.815000 0.187139
vt 0.815000 0.186664
vt 0.815000 0.186831
vt 0.815000 0.187139
vt 0.815000 0.187139
vt 0.815000 0.187139
vt 0.815000 0.187139
vt 0.815000 0.226651
vt 0.815000 0.225605
vt 0.815000 0.220979
vt 0.815000 0.221612
vt 0.815000 0.226320
vt 0.815001 0.226320
vt 0.815000 0.221321
vt 0.815000 0.221320
vt 0.815000 0.158679
vt 0.815000 0.158679
vt 0.815000 0.153679
vt 0.815000 0.153679
vt 0.815000 0.161727
vt 0.815000 0.164070
vt 0.815000 0.161545
vt 0.815000 0.157967
vt 0.815000 0.158389
vt 0.815000 0.159022
vt 0.815000 0.154395
vt 0.815000 0.153348
vt 0.815000 0.177500
vt 0.815000 0.182500
vt 0.815000 0.187500
vt 0.815000 0.187500
vt 0.815000 0.192500
vt 0.815000 0.192500
vt 0.815000 0.177500
vt 0.815000 0.177500
vt 0.815000 0.182500
vt 0.815000 0.182500
vt 0.815000 0.177500
vt 0.815000 0.177500
vt 0.815000 0.182500
vt 0.815000 0.182500
vt 0.815000 0.187500
vt 0.815000 0.187500
vt 0.815000 0.192500
vt 0.815000 0.192500
vt 0.815000 0.222033
vt 0.814999 0.218455
vt 0.815000 0.215930
vt 0.815000 0.218273
vt 0.815000 0.198883
vt 0.815000 0.194788
vt 0.815000 0.198194
vt 0.815000 0.200959
vt 0.815000 0.187500
vt 0.815000 0.192500
vt 0.815000 0.192500
vt 0.815000 0.211687
vt 0.815000 0.206945
vt 0.815000 0.207487
vt 0.815000 0.210644
vt 0.815000 0.169356
vt 0.815000 0.172513
vt 0.815000 0.173055
vt 0.815000 0.168313
vt 0.815000 0.177500
vt 0.815000 0.177500
vt 0.815000 0.182500
vt 0.815000 0.182500
vt 0.815000 0.179041
vt 0.815000 0.181806
vt 0.815000 0.185211
vt 0.815000 0.181117
vt 0.815000 0.187500
vt 0.815000 0.192500
vt 0.815000 0.192500
vt 0.815000 0.188461
vt 0.815000 0.189637
vt 0.815000 0.190855
vt 0.815000 0.189091
vt 0.815000 0.187543
vt 0.815000 0.185660
vt 0.815000 0.190632
vt 0.815000 0.191947
vt 0.815000 0.188053
vt 0.815000 0.189368
vt 0.815000 0.194340
vt 0.815000 0.192457
vt 0.815000 0.187810
vt 0.815000 0.188130
vt 0.815000 0.188292
vt 0.815000 0.187810
vt 0.815000 0.187139
vt 0.815000 0.186598
vt 0.815000 0.186598
vt 0.815000 0.187139
vt 0.815000 0.187861
vt 0.815000 0.188157
vt 0.815000 0.187861
vt 0.815000 0.184642
vt 0.815000 0.181462
vt 0.815000 0.181462
vt 0.815000 0.184642
vt 0.815000 0.184642
vt 0.815000 0.184642
vt 0.815000 0.186598
vt 0.815000 0.188157
vt 0.815000 0.189403
vt 0.815000 0.188157
vt 0.815000 0.186268
vt 0.815000 0.184496
vt 0.815000 0.185723
vt 0.815000 0.186896
vt 0.815000 0.181976
vt 0.815000 0.179944
vt 0.815000 0.184117
vt 0.815000 0.185508
vt 0.815000 0.189403
vt 0.815000 0.191477
vt 0.815000 0.191477
vt 0.815000 0.184094
vt 0.815000 0.181725
vt 0.815000 0.184493
vt 0.815000 0.186080
vt 0.815000 0.190147
vt 0.815000 0.191731
vt 0.815000 0.194500
vt 0.815000 0.192131
vt 0.815000 0.177369
vt 0.815000 0.172764
vt 0.815000 0.172764
vt 0.815000 0.177369
vt 0.815000 0.191972
vt 0.815000 0.193365
vt 0.815000 0.197565
vt 0.815000 0.195522
vt 0.815000 0.181462
vt 0.815000 0.177369
vt 0.815000 0.181462
vt 0.815000 0.191477
vt 0.815000 0.194176
vt 0.815000 0.194176
vt 0.815000 0.191477
vt 0.815000 0.194176
vt 0.815000 0.197236
vt 0.815000 0.197236
vt 0.815000 0.194176
vt 0.815000 0.181427
vt 0.815000 0.180509
vt 0.815000 0.185449
vt 0.815000 0.186123
vt 0.815000 0.192846
vt 0.815000 0.193519
vt 0.815000 0.198449
vt 0.815000 0.197527
vt 0.572795 0.071529
vt 0.572792 0.050694
vt 0.591542 0.050695
vt 0.591544 0.071527
vt 0.584375 0.042254
vt 0.584375 0.042249
vt 0.584375 0.050581
vt 0.584375 0.050574
vt 0.605941 0.042319
vt 0.591558 0.050680
vt 0.561333 0.050776
vt 0.591787 0.042383
vt 0.572824 0.071529
vt 0.591574 0.071527
vt 0.591570 0.050695
vt 0.572820 0.050693
vt 0.584375 0.050683
vt 0.584375 0.050681
vt 0.584375 0.071526
vt 0.603125 0.063475
vt 0.603125 0.071849
vt 0.603125 0.087030
vt 0.603125 0.085017
vt 0.591584 0.050682
vt 0.606039 0.042323
vt 0.591884 0.042381
vt 0.561577 0.050767
vt 0.603125 0.038666
vt 0.603125 0.038813
vt 0.603125 0.041215
vt 0.603125 0.041223
vt 0.610663 0.042361
vt 0.610568 0.042361
vt 0.591822 0.042361
vt 0.591917 0.042361
vt 0.603125 0.071528
vt 0.603125 0.071552
vt 0.603125 0.050786
vt 0.603125 0.050812
vt 0.603125 0.050694
vt 0.603125 0.050694
vt 0.603125 0.050694
vt 0.603125 0.086495
vt 0.603125 0.088761
vt 0.603125 0.073768
vt 0.603125 0.064590
vt 0.445000 0.058750
vt 0.445000 0.061250
vt 0.436250 0.061250
vt 0.438750 0.061250
vt 0.438750 0.057500
vt 0.436250 0.057500
vt 0.430000 0.063750
vt 0.430000 0.061250
vt 0.430000 0.058750
vt 0.430000 0.061250
vt 0.436250 0.052500
vt 0.438750 0.052500
vt 0.436250 0.067500
vt 0.445000 0.062500
vt 0.436250 0.066250
vt 0.438750 0.066250
vt 0.438750 0.063750
vt 0.436250 0.063750
vt 0.441250 0.061250
vt 0.441250 0.058750
vt 0.430000 0.062500
vt 0.435000 0.067500
vt 0.431250 0.061250
vt 0.431250 0.058750
vt 0.440000 0.063750
vt 0.433750 0.058750
vt 0.435000 0.057500
vt 0.440000 0.056250
vt 0.440000 0.052500
vt 0.436250 0.067500
vt 0.436250 0.062500
vt 0.441250 0.061250
vt 0.441250 0.058750
vt 0.435000 0.058750
vt 0.440000 0.058750
vt 0.443750 0.061250
vt 0.443750 0.058750
vt 0.436250 0.072500
vt 0.438750 0.072500
vt 0.433750 0.058750
vt 0.433750 0.057500
vt 0.433750 0.057500
vt 0.443750 0.061250
vt 0.441250 0.062917
vt 0.443750 0.062917
vt 0.443750 0.057083
vt 0.441250 0.057083
vt 0.433750 0.062917
vt 0.433750 0.057083
vt 0.443750 0.057500
vt 0.441250 0.057500
vt 0.443750 0.057500
vt 0.441250 0.057500
vt 0.430000 0.061250
vt 0.435000 0.062500
vt 0.440000 0.071250
vt 0.440000 0.068750
vt 0.440000 0.066250
vt 0.440000 0.062500
vt 0.440000 0.057500
vt 0.440000 0.053750
vt 0.822500 0.182600
vt 0.821250 0.182600
vt 0.821250 0.172600
vt 0.822500 0.172600
vt 0.820000 0.182600
vt 0.820000 0.172600
vt 0.818750 0.182600
vt 0.818750 0.172600
vt 0.821250 0.172600
vt 0.821250 0.182600
vt 0.806250 0.182600
vt 0.805000 0.182600
vt 0.805000 0.172600
vt 0.806250 0.172600
vt 0.803750 0.182600
vt 0.803750 0.172600
vt 0.802500 0.182600
vt 0.802500 0.172600
vt 0.572500 0.057600
vt 0.572500 0.047600
vt 0.571250 0.047600
vt 0.571250 0.057600
vt 0.570000 0.047600
vt 0.570000 0.057600
vt 0.568750 0.047600
vt 0.568750 0.057600
vt 0.556250 0.057600
vt 0.556250 0.047600
vt 0.556250 0.057600
vt 0.568750 0.057600
vt 0.555000 0.047600
vt 0.555000 0.057600
vt 0.553750 0.047600
vt 0.553750 0.057600
vt 0.552500 0.047600
vt 0.552500 0.057600
vt 0.805000 0.172600
vt 0.555000 0.047600
vt 0.820000 0.172600
vt 0.571250 0.057600
vt 0.803750 0.182600
vt 0.570000 0.047600
vt 0.553750 0.057600
vt 0.571250 0.047600
vt 0.806250 0.182600
vt 0.818750 0.182600
vt 0.844025 0.175327
vt 0.836298 0.175062
vt 0.844818 0.175355
vt 0.845375 0.165762
vt 0.844791 0.175354
vt 0.836882 0.165470
vt 0.848032 0.157356
vt 0.839539 0.157064
vt 0.784255 0.148329
vt 0.789470 0.148329
vt 0.789470 0.160759
vt 0.784255 0.160759
vt 0.784255 0.149451
vt 0.784255 0.148291
vt 0.844608 0.165736
vt 0.845401 0.165763
vt 0.847265 0.157330
vt 0.848058 0.157357
vt 0.779039 0.148329
vt 0.779039 0.160759
vt 0.844208 0.184946
vt 0.835715 0.184654
vt 0.784255 0.148291
vt 0.843441 0.184919
vt 0.844234 0.184947
vt 0.789470 0.149451
vt 0.789470 0.148291
vt 0.779039 0.149451
vt 0.779039 0.148291
vt -0.375000 0.875000
s 0
usemtl Placeable
f 5987/533/262 5988/534/262 5989/535/262
f 5990/536/263 5991/537/263 5992/538/263
f 5993/539/264 5994/540/264 5995/541/264
f 5996/542/265 5997/542/265 5998/543/265
f 5999/544/266 6000/545/266 6001/545/266
f 6002/546/262 6003/534/262 6004/535/262
f 6005/547/267 6006/537/267 6007/538/267
f 6008/533/262 6009/534/262 6010/535/262
f 6011/548/268 6012/545/268 6013/549/268
f 6014/550/269 6015/545/269 6016/545/269
f 6017/551/270 6018/535/270 6019/535/270
f 6020/552/268 6021/545/268 6022/549/268
f 6023/553/270 6024/535/270 6025/554/270
f 6026/533/262 6027/535/262 6028/534/262
f 6029/536/263 6030/538/263 6031/537/263
f 6032/539/271 6033/541/271 6034/540/271
f 6035/542/272 6036/543/272 6037/542/272
f 6038/544/273 6039/545/273 6040/545/273
f 6041/546/262 6042/535/262 6043/534/262
f 6044/547/274 6045/538/274 6046/537/274
f 6047/533/262 6048/535/262 6049/534/262
f 6050/548/268 6051/549/268 6052/545/268
f 6053/550/275 6054/545/275 6055/545/275
f 6056/551/276 6057/535/276 6058/535/276
f 6059/552/268 6060/549/268 6061/545/268
f 6062/553/276 6063/554/276 6064/535/276
f 6065/555/277 6066/556/277 6067/557/277
f 6065/555/277 6067/557/277 6068/558/277
s 1
f 6069/559/278 6070/557/279 6071/557/279
f 6069/559/278 6071/557/279 6072/560/279
f 6073/559/280 6074/561/281 6075/558/280
f 6073/559/280 6075/558/280 6076/557/280
s 0
f 6077/555/282 6078/558/282 6079/557/282
f 6077/555/283 6079/557/283 6080/556/283
f 6081/557/284 6082/556/284 6083/556/284
f 6081/557/284 6083/556/284 6084/557/284
f 6085/555/285 6086/558/285 6087/558/285
f 6085/555/285 6087/558/285 6088/555/285
f 6089/557/286 6090/558/286 6091/562/286
f 6089/557/286 6091/562/286 6092/560/286
f 6093/555/287 6094/558/287 6095/557/287
f 6093/555/288 6095/557/288 6096/556/288
f 6097/557/289 6098/558/289 6099/562/289
f 6097/557/289 6099/562/289 6100/560/289
s 1
f 6101/559/290 6102/557/290 6103/557/290
f 6101/559/290 6103/557/290 6104/560/291
s 0
f 6105/559/292 6106/561/292 6107/558/292
f 6105/559/292 6107/558/292 6108/557/292
s 1
f 6109/558/293 6110/561/293 6111/562/294
f 6109/558/293 6111/562/294 6112/558/295
f 6113/555/296 6114/556/296 6115/557/296
s 0
f 6113/555/297 6115/557/297 6116/558/297
f 6117/560/298 6118/562/298 6119/561/298
f 6117/560/299 6119/561/299 6120/559/299
f 6121/560/300 6122/562/300 6123/561/300
f 6121/560/300 6123/561/300 6124/559/300
f 6125/557/301 6126/556/301 6127/556/301
f 6125/557/301 6127/556/301 6128/557/301
f 6129/563/302 6130/564/302 6131/564/302
f 6129/563/302 6131/564/302 6132/563/302
f 6133/565/303 6134/566/303 6135/566/303
f 6133/565/303 6135/566/303 6136/565/303
f 6137/566/304 6138/563/304 6139/563/304
f 6137/566/304 6139/563/304 6140/566/304
f 6141/565/303 6142/566/303 6143/566/303
f 6141/565/303 6143/566/303 6144/565/303
f 6145/567/305 6146/565/305 6147/565/305
f 6145/567/305 6147/565/305 6148/567/305
f 6149/566/306 6150/563/306 6151/563/306
f 6149/566/306 6151/563/306 6152/566/306
f 6153/565/307 6154/566/307 6155/566/307
f 6153/565/307 6155/566/307 6156/565/307
f 6157/565/307 6158/566/307 6154/566/307
f 6157/565/307 6154/566/307 6153/565/307
f 6159/563/308 6160/564/308 6161/564/308
f 6159/563/308 6161/564/308 6162/563/308
f 6163/567/309 6164/565/309 6165/565/309
f 6163/567/309 6165/565/309 6166/567/309
f 6167/563/308 6168/564/308 6169/564/308
f 6167/563/308 6169/564/308 6170/563/308
f 6171/563/308 6172/564/308 6173/564/308
f 6171/563/308 6173/564/308 6174/563/308
f 6175/567/310 6176/565/310 6177/565/310
f 6175/567/310 6177/565/310 6178/567/310
f 6179/566/311 6180/563/311 6181/563/311
f 6179/566/311 6181/563/311 6182/566/311
f 6183/567/312 6184/565/312 6185/565/312
f 6183/567/312 6185/565/312 6186/567/312
f 6187/567/313 6188/565/313 6189/565/313
f 6187/567/313 6189/565/313 6190/567/313
f 6191/566/314 6192/563/314 6193/563/314
f 6191/566/314 6193/563/314 6194/566/314
f 6156/565/307 6155/566/307 6195/566/307
f 6156/565/307 6195/566/307 6196/565/307
f 6197/565/307 6198/566/307 6199/566/307
f 6197/565/307 6199/566/307 6200/565/307
f 6201/566/315 6202/563/315 6203/563/315
f 6201/566/315 6203/563/315 6204/566/315
f 6205/565/307 6206/566/307 6198/566/307
f 6205/565/307 6198/566/307 6197/565/307
f 6207/563/308 6208/564/308 6209/564/308
f 6207/563/308 6209/564/308 6210/563/308
f 6211/567/316 6212/565/316 6213/565/316
f 6211/567/316 6213/565/316 6214/567/316
f 6210/563/308 6209/564/308 6215/564/308
f 6210/563/308 6215/564/308 6216/563/308
f 6217/567/317 6218/565/317 6219/565/317
f 6217/567/317 6219/565/317 6220/567/317
f 6221/566/318 6222/563/318 6223/563/318
f 6221/566/318 6223/563/318 6224/566/318
f 6225/563/302 6226/564/302 6227/564/302
f 6225/563/302 6227/564/302 6228/563/302
f 6229/566/319 6230/563/319 6231/563/319
f 6229/566/319 6231/563/319 6232/566/319
f 6233/565/307 6234/566/307 6235/566/307
f 6233/565/307 6235/566/307 6236/565/307
f 6237/563/308 6238/564/308 6239/564/308
f 6237/563/308 6239/564/308 6240/563/308
f 6241/563/302 6242/564/302 6243/564/302
f 6241/563/302 6243/564/302 6244/563/302
f 6245/567/320 6246/565/320 6247/565/320
f 6245/567/320 6247/565/320 6248/567/320
f 6249/566/321 6250/563/321 6251/563/321
f 6249/566/321 6251/563/321 6252/566/321
f 6253/567/322 6254/565/322 6255/565/322
f 6253/567/322 6255/565/322 6256/567/322
f 6257/567/323 6258/565/323 6259/565/323
f 6257/567/323 6259/565/323 6260/567/323
f 6261/566/324 6262/563/324 6263/563/324
f 6261/566/324 6263/563/324 6264/566/324
f 6265/565/303 6266/566/303 6267/566/303
f 6265/565/303 6267/566/303 6268/565/303
f 6269/565/303 6270/566/303 6271/566/303
f 6269/565/303 6271/566/303 6272/565/303
f 6273/566/325 6274/563/325 6275/563/325
f 6273/566/325 6275/563/325 6276/566/325
s 1
f 6277/565/303 6278/566/303 6279/566/303
s 0
f 6277/565/303 6279/566/303 6280/565/303
f 6281/563/302 6282/564/302 6283/564/302
f 6281/563/302 6283/564/302 6284/563/302
f 6285/567/326 6286/565/326 6287/565/326
f 6285/567/326 6287/565/326 6288/567/326
s 1
f 6289/563/302 6290/564/302 6291/564/302
s 0
f 6289/563/302 6291/564/302 6292/563/302
f 6293/567/327 6294/565/327 6295/565/327
f 6293/567/327 6295/565/327 6296/567/327
f 6297/566/328 6298/563/328 6299/563/328
f 6297/566/328 6299/563/328 6300/566/328
f 6301/566/329 6302/563/329 6303/563/329
f 6301/566/329 6303/563/329 6304/566/329
f 6305/565/303 6306/566/303 6307/566/303
f 6305/565/303 6307/566/303 6308/565/303
f 6309/563/302 6310/564/302 6311/564/302
f 6309/563/302 6311/564/302 6312/563/302
f 6313/555/330 6314/556/330 6315/557/330
f 6313/555/330 6315/557/330 6316/558/330
s 1
f 6317/559/331 6318/557/331 6319/557/331
f 6317/559/331 6319/557/331 6320/560/332
f 6321/559/333 6322/561/333 6323/558/334
f 6321/559/333 6323/558/334 6324/557/333
s 0
f 6325/555/335 6326/558/335 6327/557/335
f 6325/555/336 6327/557/336 6328/556/336
f 6329/557/337 6330/556/337 6331/556/337
f 6329/557/337 6331/556/337 6332/557/337
s 1
f 6333/558/338 6334/555/338 6335/555/338
f 6333/558/338 6335/555/338 6336/558/338
f 6337/557/339 6338/558/340 6339/562/340
f 6337/557/339 6339/562/340 6340/560/340
f 6341/558/341 6342/561/341 6343/562/341
f 6341/558/341 6343/562/341 6344/558/341
s 0
f 6345/560/342 6346/562/342 6347/561/342
f 6345/560/343 6347/561/343 6348/559/343
f 6349/555/344 6350/558/344 6351/558/344
f 6349/555/344 6351/558/344 6352/555/344
f 6353/558/345 6354/558/345 6355/558/345
f 6353/558/345 6355/558/345 6356/558/345
s 1
f 6357/555/346 6358/558/346 6359/558/346
f 6357/555/346 6359/558/346 6360/555/346
s 0
f 6361/568/347 6362/568/347 6363/569/347
f 6361/568/347 6363/569/347 6364/569/347
f 6365/570/348 6366/570/348 6367/568/348
f 6365/570/348 6367/568/348 6368/568/348
f 6369/571/349 6370/571/349 6371/570/349
f 6369/571/349 6371/570/349 6372/570/349
f 6373/572/350 6374/572/350 6375/571/350
f 6373/572/350 6375/571/350 6376/571/350
f 6377/568/351 6378/569/351 6379/569/351
f 6377/568/351 6379/569/351 6380/568/351
f 6381/570/352 6382/568/352 6383/568/352
f 6381/570/352 6383/568/352 6384/570/352
f 6385/571/353 6386/570/353 6387/570/353
f 6385/571/353 6387/570/353 6388/571/353
f 6389/572/354 6390/571/354 6391/571/354
f 6389/572/354 6391/571/354 6392/572/354
f 6393/568/355 6394/569/355 6395/569/355
f 6393/568/355 6395/569/355 6396/568/355
f 6397/571/356 6398/572/356 6399/572/356
f 6397/571/356 6399/572/356 6400/571/356
f 6401/569/356 6402/568/356 6403/568/356
f 6401/569/356 6403/568/356 6404/569/356
f 6405/570/355 6393/568/355 6396/568/355
f 6405/570/355 6396/568/355 6406/570/355
f 6407/572/355 6408/572/355 6409/572/355
f 6407/572/355 6409/572/355 6410/572/355
f 6411/568/356 6412/570/356 6413/570/356
f 6411/568/356 6413/570/356 6414/568/356
f 6415/571/355 6405/570/355 6406/570/355
f 6415/571/355 6406/570/355 6416/571/355
f 6395/569/355 6394/569/355 6417/569/355
f 6395/569/355 6417/569/355 6418/569/355
f 6412/570/356 6397/571/356 6400/571/356
f 6412/570/356 6400/571/356 6413/570/356
f 6407/572/355 6415/571/355 6416/571/355
f 6407/572/355 6416/571/355 6408/572/355
f 6419/572/309 6420/572/309 6421/572/309
f 6419/572/309 6421/572/309 6422/572/309
f 6423/572/306 6424/572/306 6425/572/306
f 6423/572/306 6425/572/306 6426/572/306
f 6399/572/356 6398/572/356 6427/572/356
f 6399/572/356 6427/572/356 6428/572/356
f 6429/569/307 6430/569/307 6431/569/307
f 6429/569/307 6431/569/307 6432/569/307
f 6433/569/308 6434/569/308 6435/569/308
f 6433/569/308 6435/569/308 6436/569/308
f 6437/569/356 6438/569/356 6439/569/356
f 6437/569/356 6439/569/356 6440/569/356
f 6441/573/357 6442/574/357 6443/575/357
f 6441/573/357 6443/575/357 6444/576/357
s 1
f 6445/577/358 6446/578/358 6447/579/358
f 6445/577/358 6447/579/358 6448/580/358
f 6449/581/359 6450/582/359 6451/583/359
f 6449/581/359 6451/583/359 6452/584/360
s 0
f 6453/585/361 6454/586/361 6455/587/361
f 6453/585/362 6455/587/362 6456/588/362
f 6457/589/284 6458/590/284 6459/591/284
f 6457/589/284 6459/591/284 6460/592/284
f 6461/593/285 6462/594/285 6463/595/285
f 6461/593/285 6463/595/285 6464/596/285
s 1
f 6465/597/363 6466/598/363 6467/599/363
s 0
f 6465/597/363 6467/599/363 6468/600/363
f 6469/601/364 6470/602/364 6471/603/364
f 6469/601/365 6471/603/365 6472/604/365
f 6473/605/366 6474/606/366 6475/607/366
f 6473/605/366 6475/607/366 6476/608/366
s 1
f 6477/609/367 6478/610/367 6479/579/367
f 6477/609/367 6479/579/367 6480/611/367
s 0
f 6481/612/368 6482/613/368 6483/614/368
f 6481/612/368 6483/614/368 6484/615/368
s 1
f 6485/616/369 6486/617/369 6487/618/369
f 6485/616/369 6487/618/369 6488/619/369
s 0
f 6489/620/370 6490/621/370 6491/622/370
f 6489/620/371 6491/622/371 6492/623/371
f 6493/624/372 6494/625/372 6495/626/372
f 6493/624/373 6495/626/373 6496/627/373
f 6497/628/374 6498/629/374 6499/630/374
s 1
f 6497/628/375 6499/630/375 6500/631/375
s 0
f 6501/632/301 6502/633/301 6503/634/301
f 6501/632/301 6503/634/301 6504/635/301
f 6505/636/304 6506/636/304 6507/637/304
f 6505/636/304 6507/637/304 6508/637/304
f 6509/638/305 6510/639/305 6511/640/305
f 6509/638/305 6511/640/305 6512/641/305
f 6513/637/302 6514/637/302 6515/637/302
f 6513/637/302 6515/637/302 6516/637/302
f 6517/638/305 6518/642/305 6519/638/305
f 6517/638/305 6519/638/305 6520/643/305
f 6521/644/303 6522/638/303 6523/644/303
f 6521/644/303 6523/644/303 6524/642/303
f 6525/566/309 6526/566/309 6527/563/309
f 6525/566/309 6527/563/309 6528/563/309
f 6529/645/307 6530/646/307 6531/647/307
f 6529/645/307 6531/647/307 6532/648/307
f 6533/649/307 6534/650/307 6535/651/307
f 6533/649/307 6535/651/307 6536/652/307
f 6537/653/308 6538/654/308 6539/655/308
f 6537/653/308 6539/655/308 6540/656/308
f 6541/567/306 6542/567/306 6543/565/306
f 6541/567/306 6543/565/306 6544/565/306
f 6545/657/308 6546/658/308 6547/659/308
f 6545/657/308 6547/659/308 6548/660/308
f 6549/661/308 6550/662/308 6551/663/308
f 6549/661/308 6551/663/308 6552/664/308
f 6553/665/376 6554/665/376 6555/666/376
f 6553/665/376 6555/666/376 6556/565/376
f 6557/667/377 6558/668/377 6559/669/377
f 6557/667/377 6559/669/377 6560/670/377
f 6561/671/378 6562/672/378 6563/673/378
f 6561/671/378 6563/673/378 6564/674/378
f 6565/675/379 6566/676/379 6567/677/379
f 6565/675/379 6567/677/379 6568/678/379
f 6569/679/380 6570/680/380 6571/681/380
f 6569/679/380 6571/681/380 6572/682/380
f 6573/683/307 6574/684/307 6575/685/307
f 6573/683/307 6575/685/307 6576/686/307
f 6577/687/307 6578/688/307 6579/689/307
f 6577/687/307 6579/689/307 6580/690/307
f 6581/691/381 6582/691/381 6583/692/381
f 6581/691/381 6583/692/381 6584/693/381
f 6585/694/307 6586/695/307 6587/696/307
f 6585/694/307 6587/696/307 6588/697/307
f 6589/698/308 6590/699/308 6591/700/308
f 6589/698/308 6591/700/308 6592/701/308
f 6593/702/382 6594/703/382 6595/704/382
f 6593/702/382 6595/704/382 6596/705/382
f 6597/706/308 6598/707/308 6599/708/308
f 6597/706/308 6599/708/308 6600/709/308
f 6601/675/383 6602/675/383 6603/677/383
f 6601/675/383 6603/677/383 6604/677/383
f 6605/691/384 6606/710/384 6607/711/384
f 6605/691/384 6607/711/384 6608/712/384
f 6609/713/304 6610/714/304 6611/715/304
f 6609/713/304 6611/715/304 6612/716/304
f 6613/691/385 6614/691/385 6615/681/385
f 6613/691/385 6615/681/385 6616/693/385
f 6617/717/307 6618/718/307 6619/719/307
f 6617/717/307 6619/719/307 6620/720/307
f 6621/721/308 6622/722/308 6623/723/308
f 6621/721/308 6623/723/308 6624/724/308
f 6625/725/304 6626/726/304 6627/727/304
f 6625/725/304 6627/727/304 6628/728/304
f 6629/729/386 6630/730/386 6631/731/386
f 6629/729/386 6631/731/386 6632/732/386
f 6633/733/387 6634/734/387 6635/734/387
f 6633/733/387 6635/734/387 6636/735/387
s 1
f 6637/736/388 6638/737/388 6639/738/388
s 0
f 6637/736/388 6639/738/388 6640/739/388
f 6641/731/389 6642/740/389 6643/741/389
f 6641/731/389 6643/741/389 6644/742/389
f 6645/743/390 6646/744/390 6647/744/390
s 1
f 6645/743/390 6647/744/390 6648/745/390
s 0
f 6649/746/305 6650/747/305 6651/748/305
f 6649/746/305 6651/748/305 6652/749/305
f 6653/750/305 6654/751/305 6655/752/305
f 6653/750/305 6655/752/305 6656/753/305
f 6657/754/391 6658/755/391 6659/756/391
f 6657/754/391 6659/756/391 6660/744/391
f 6661/757/305 6662/758/305 6663/759/305
s 1
f 6661/757/305 6663/759/305 6664/760/305
s 0
f 6665/761/304 6666/762/304 6667/763/304
f 6665/761/304 6667/763/304 6668/764/304
f 6669/765/392 6670/766/392 6671/767/392
f 6669/765/392 6671/767/392 6672/768/392
f 6673/769/304 6674/770/304 6675/771/304
f 6673/769/304 6675/771/304 6676/772/304
f 6677/773/393 6678/774/393 6679/765/393
f 6677/773/393 6679/765/393 6680/775/393
f 6681/776/394 6682/777/394 6683/778/394
f 6681/776/394 6683/778/394 6684/779/394
f 6685/780/395 6686/781/395 6687/782/395
f 6685/780/395 6687/782/395 6688/783/395
f 6689/784/305 6690/785/305 6691/786/305
f 6689/784/305 6691/786/305 6692/787/305
f 6693/788/304 6694/789/304 6695/790/304
f 6693/788/304 6695/790/304 6696/791/304
f 6697/792/396 6698/793/396 6699/794/396
f 6697/792/396 6699/794/396 6700/795/396
s 1
f 6701/796/397 6702/797/398 6703/798/399
f 6701/796/397 6703/798/399 6704/799/399
f 6705/800/400 6706/801/400 6707/802/401
f 6705/800/400 6707/802/401 6708/803/400
s 0
f 6709/804/402 6710/805/402 6711/806/402
f 6709/804/403 6711/806/403 6712/807/403
f 6713/808/404 6714/809/404 6715/556/404
f 6713/808/404 6715/556/404 6716/810/404
s 1
f 6717/811/405 6718/812/405 6719/813/405
f 6717/811/405 6719/813/405 6720/814/405
f 6721/815/406 6722/816/406 6723/817/406
f 6721/815/406 6723/817/406 6724/818/406
f 6725/819/407 6726/820/407 6727/821/407
f 6725/819/407 6727/821/407 6728/822/407
s 0
f 6729/823/408 6730/824/408 6731/825/408
f 6729/823/409 6731/825/409 6732/826/409
f 6733/827/410 6734/828/410 6735/829/410
f 6733/827/410 6735/829/410 6736/830/410
f 6737/831/411 6738/832/411 6739/833/411
f 6737/831/411 6739/833/411 6740/832/411
s 1
f 6741/834/412 6742/835/412 6743/836/412
f 6741/834/412 6743/836/412 6744/837/412
s 0
f 6745/568/347 6746/568/347 6747/569/347
f 6745/568/347 6747/569/347 6748/569/347
f 6749/570/348 6750/570/348 6751/568/348
f 6749/570/348 6751/568/348 6752/568/348
f 6753/571/349 6754/571/349 6755/570/349
f 6753/571/349 6755/570/349 6756/570/349
f 6757/572/350 6758/572/350 6759/571/350
f 6757/572/350 6759/571/350 6760/571/350
f 6761/568/351 6762/569/351 6763/569/351
f 6761/568/351 6763/569/351 6764/568/351
f 6765/570/352 6766/568/352 6767/568/352
s 1
f 6765/570/352 6767/568/352 6768/570/352
s 0
f 6769/571/353 6770/570/353 6771/570/353
f 6769/571/353 6771/570/353 6772/571/353
f 6773/572/354 6774/571/354 6775/571/354
f 6773/572/354 6775/571/354 6776/572/354
f 6777/568/355 6778/569/355 6779/569/355
f 6777/568/355 6779/569/355 6780/568/355
f 6781/571/356 6782/572/356 6783/572/356
f 6781/571/356 6783/572/356 6784/571/356
f 6785/569/356 6786/568/356 6787/568/356
f 6785/569/356 6787/568/356 6788/569/356
f 6789/570/355 6790/568/355 6791/568/355
f 6789/570/355 6791/568/355 6792/570/355
f 6793/572/355 6794/572/355 6795/572/355
f 6793/572/355 6795/572/355 6796/572/355
f 6797/568/356 6798/570/356 6799/570/356
f 6797/568/356 6799/570/356 6800/568/356
f 6801/571/355 6802/570/355 6803/570/355
f 6801/571/355 6803/570/355 6804/571/355
f 6805/569/355 6806/569/355 6807/569/355
f 6805/569/355 6807/569/355 6808/569/355
f 6798/570/356 6781/571/356 6784/571/356
f 6798/570/356 6784/571/356 6799/570/356
f 6793/572/355 6809/571/355 6810/571/355
f 6793/572/355 6810/571/355 6794/572/355
f 6811/572/309 6812/572/309 6813/572/309
f 6811/572/309 6813/572/309 6814/572/309
f 6815/572/306 6816/572/306 6817/572/306
f 6815/572/306 6817/572/306 6818/572/306
f 6783/572/356 6782/572/356 6819/572/356
f 6783/572/356 6819/572/356 6820/572/356
f 6821/569/307 6822/569/307 6823/569/307
f 6821/569/307 6823/569/307 6824/569/307
f 6825/569/308 6826/569/308 6827/569/308
f 6825/569/308 6827/569/308 6828/569/308
f 6829/569/356 6830/569/356 6831/569/356
f 6829/569/356 6831/569/356 6832/569/356
f 6833/838/356 6834/839/356 6835/839/356
f 6833/838/356 6835/839/356 6836/838/356
f 6837/840/307 6838/841/307 6839/842/307
f 6837/840/307 6839/842/307 6840/843/307
f 6841/844/355 6842/534/355 6843/534/355
f 6841/844/355 6843/534/355 6844/545/355
f 6845/845/355 6846/846/355 6847/534/355
f 6845/845/355 6847/534/355 6848/847/355
f 6849/848/309 6850/849/309 6851/849/309
f 6849/848/309 6851/849/309 6852/848/309
f 6853/536/306 6854/850/306 6855/850/306
f 6853/536/306 6855/850/306 6856/536/306
f 6857/851/356 6858/851/356 6859/851/356
f 6857/851/356 6859/851/356 6860/851/356
f 6861/852/306 6862/853/306 6863/854/306
f 6861/852/306 6863/854/306 6864/855/306
f 6865/843/309 6866/842/309 6850/849/309
f 6865/843/309 6850/849/309 6849/848/309
f 6867/856/356 6834/839/356 6833/838/356
f 6867/856/356 6833/838/356 6868/857/356
f 6869/858/355 6844/545/355 6870/545/355
f 6869/858/355 6870/545/355 6871/545/355
f 6872/547/307 6873/859/307 6874/859/307
f 6872/547/307 6874/859/307 6875/538/307
f 6836/838/356 6835/839/356 6857/851/356
f 6836/838/356 6857/851/356 6876/838/356
f 6852/848/309 6851/849/309 6877/849/309
f 6852/848/309 6877/849/309 6878/848/309
f 6879/845/268 6880/545/268 6881/545/268
f 6879/845/268 6881/545/268 6882/549/268
f 6883/860/355 6884/861/355 6846/846/355
f 6883/860/355 6846/846/355 6845/845/355
f 6862/853/306 6861/852/306 6854/850/306
f 6862/853/306 6854/850/306 6853/536/306
f 6885/539/268 6886/860/268 6887/550/268
f 6885/539/268 6887/550/268 6888/540/268
f 5991/537/263 6889/862/263 6890/854/263
f 5991/537/263 6890/854/263 6891/853/263
f 6892/841/303 6893/840/303 6894/855/303
f 6892/841/303 6894/855/303 6895/854/303
f 6896/863/413 6897/539/413 6898/840/413
f 6896/863/413 6898/840/413 6899/843/413
f 6900/856/414 6901/857/414 6902/842/414
f 6900/856/414 6902/842/414 6903/841/414
f 6904/861/262 6905/863/262 6906/864/262
f 6904/861/262 6906/864/262 5989/535/262
f 6907/865/415 6908/866/415 6909/849/415
f 6907/865/415 6909/849/415 6910/842/415
f 6848/847/355 6847/534/355 6842/534/355
f 6848/847/355 6842/534/355 6841/844/355
f 6911/536/303 6912/850/303 6913/859/303
f 6911/536/303 6913/859/303 6914/547/303
f 5989/535/262 6004/535/262 6003/534/262
f 5989/535/262 6003/534/262 6915/846/262
f 6916/545/268 6880/545/268 6879/845/268
f 6916/545/268 6879/845/268 6917/847/268
f 6918/537/263 5991/537/263 5990/536/263
f 6918/537/263 5990/536/263 6919/536/263
f 6908/866/415 6920/866/415 6921/849/415
f 6908/866/415 6921/849/415 6909/849/415
f 6922/849/415 6921/849/415 6920/866/415
f 6922/849/415 6920/866/415 6923/866/415
f 6004/535/262 6924/535/262 6925/534/262
f 6004/535/262 6925/534/262 6926/534/262
f 6927/537/414 6928/537/414 6929/547/414
f 6927/537/414 6929/547/414 6930/538/414
f 6883/860/355 6931/539/355 6932/863/355
f 6883/860/355 6932/863/355 6884/861/355
f 6933/538/306 6934/867/306 6935/867/306
f 6933/538/306 6935/867/306 6936/538/306
f 6937/868/307 6938/543/307 6939/842/307
f 6937/868/307 6939/842/307 6940/843/307
f 6941/549/355 6942/534/355 6943/551/355
f 6941/549/355 6943/551/355 6944/549/355
f 6945/869/356 6946/839/356 6947/838/356
f 6945/869/356 6947/838/356 6948/870/356
f 6949/848/309 6950/849/309 6951/849/309
f 6949/848/309 6951/849/309 6952/848/309
f 6947/838/356 6946/839/356 6953/839/356
f 6947/838/356 6953/839/356 6954/838/356
f 6955/843/309 6956/842/309 6957/849/309
f 6955/843/309 6957/849/309 6958/848/309
f 6959/868/307 6960/543/307 6961/842/307
f 6959/868/307 6961/842/307 6962/843/307
f 6963/552/355 6964/541/355 6965/871/355
f 6963/552/355 6965/871/355 6966/861/355
f 6967/838/356 6968/839/356 6969/839/356
f 6967/838/356 6969/839/356 6970/838/356
f 6958/848/309 6957/849/309 6971/849/309
f 6958/848/309 6971/849/309 6972/848/309
f 6973/538/306 6974/867/306 6975/867/306
f 6973/538/306 6975/867/306 6976/538/306
f 6977/843/309 6978/842/309 6979/849/309
f 6977/843/309 6979/849/309 6980/848/309
f 6965/871/355 6964/541/355 6981/541/355
f 6965/871/355 6981/541/355 6982/871/355
f 6983/542/356 6984/872/356 6985/872/356
f 6983/542/356 6985/872/356 6986/542/356
f 6983/542/356 6987/873/356 6988/874/356
f 6983/542/356 6988/874/356 6984/872/356
f 6989/875/308 6990/876/308 6991/538/308
f 6989/875/308 6991/538/308 6992/867/308
f 6993/867/306 6994/538/306 6995/543/306
f 6993/867/306 6995/543/306 6996/868/306
f 6997/843/309 6998/842/309 6999/849/309
f 6997/843/309 6999/849/309 7000/848/309
f 7001/871/355 7002/541/355 7003/541/355
f 7001/871/355 7003/541/355 7004/871/355
f 7005/868/306 7006/543/306 7007/543/306
f 7005/868/306 7007/543/306 7008/868/306
f 7009/542/356 7010/873/356 7011/874/356
f 7009/542/356 7011/874/356 7012/872/356
f 7013/875/308 7014/876/308 7015/538/308
f 7013/875/308 7015/538/308 7016/867/308
f 7017/867/306 7018/538/306 7006/543/306
f 7017/867/306 7006/543/306 7005/868/306
f 6976/538/306 6975/867/306 7019/868/306
f 6976/538/306 7019/868/306 7020/543/306
f 6978/842/309 6977/843/309 7021/843/309
f 6978/842/309 7021/843/309 7022/842/309
f 7009/542/356 7012/872/356 7023/872/356
f 7009/542/356 7023/872/356 7024/542/356
f 6998/842/309 6997/843/309 7025/843/309
f 6998/842/309 7025/843/309 7026/842/309
f 6996/868/306 6995/543/306 7020/543/306
f 6996/868/306 7020/543/306 7019/868/306
f 7027/552/355 7002/541/355 7001/871/355
f 7027/552/355 7001/871/355 7028/861/355
f 7029/552/355 7030/539/355 7031/877/355
f 7029/552/355 7031/877/355 7032/861/355
f 7033/869/356 6968/839/356 6967/838/356
f 7033/869/356 6967/838/356 7034/870/356
f 6934/867/306 6933/538/306 7035/543/306
f 6934/867/306 7035/543/306 7036/868/306
f 6941/549/355 7037/539/355 7038/877/355
f 6941/549/355 7038/877/355 6942/534/355
f 7039/843/309 7040/842/309 6950/849/309
f 7039/843/309 6950/849/309 6949/848/309
f 6974/867/306 6973/538/306 7041/543/306
f 6974/867/306 7041/543/306 7042/868/306
f 7043/868/308 7044/543/308 7045/842/308
f 7043/868/308 7045/842/308 7046/843/308
f 7047/552/355 7048/554/355 7049/877/355
f 7047/552/355 7049/877/355 6981/541/355
f 7050/874/356 6969/839/356 6986/542/356
f 7050/874/356 6986/542/356 7051/870/356
f 7052/877/355 7053/539/355 7054/550/355
f 7052/877/355 7054/550/355 7055/554/355
f 7056/878/355 7055/554/355 7057/554/355
f 7056/878/355 7057/554/355 7058/879/355
f 7059/842/308 7060/843/308 7061/843/308
f 7059/842/308 7061/843/308 7062/842/308
f 7063/869/356 7064/870/356 7065/874/356
f 7063/869/356 7065/874/356 7066/880/356
f 7067/848/307 7068/849/307 7069/849/307
f 7067/848/307 7069/849/307 7070/848/307
f 7071/881/356 7072/882/356 7073/883/356
f 7071/881/356 7073/883/356 7074/884/356
f 7054/550/355 7075/885/355 7076/886/355
f 7054/550/355 7076/886/355 7048/554/355
f 7077/887/356 7078/888/356 7079/888/356
f 7077/887/356 7079/888/356 7080/887/356
f 7081/889/356 7082/890/356 7078/888/356
f 7081/889/356 7078/888/356 7077/887/356
f 7062/842/308 7061/843/308 7083/843/308
f 7062/842/308 7083/843/308 7084/842/308
f 7085/538/307 7086/867/307 7087/848/307
f 7085/538/307 7087/848/307 7088/849/307
f 7070/848/307 7069/849/307 7089/849/307
f 7070/848/307 7089/849/307 7090/848/307
f 7058/879/355 7057/554/355 7091/554/355
f 7058/879/355 7091/554/355 7092/879/355
f 7029/552/355 7032/861/355 7093/551/355
f 7029/552/355 7093/551/355 7094/891/355
f 7095/539/268 7096/552/268 6012/545/268
f 7095/539/268 6012/545/268 7097/892/268
f 7098/537/263 7099/862/263 7100/543/263
f 7098/537/263 7100/543/263 7101/538/263
f 7102/877/413 7103/539/413 7104/868/413
f 7102/877/413 7104/868/413 7105/843/413
f 7106/869/414 7107/870/414 7108/842/414
f 7106/869/414 7108/842/414 7109/543/414
f 7110/861/262 7111/877/262 7112/864/262
f 7110/861/262 7112/864/262 6010/535/262
f 7113/865/415 7114/866/415 7115/849/415
f 7113/865/415 7115/849/415 7116/842/415
f 7117/539/268 7118/549/268 7119/545/268
f 7117/539/268 7119/545/268 7120/892/268
f 7121/537/263 7122/862/263 7123/543/263
f 7121/537/263 7123/543/263 7124/538/263
f 7125/877/413 7126/539/413 7127/868/413
f 7125/877/413 7127/868/413 7128/843/413
f 7129/869/414 7130/870/414 7131/842/414
f 7129/869/414 7131/842/414 7132/543/414
f 7133/534/262 7134/877/262 7135/864/262
f 7133/534/262 7135/864/262 7136/535/262
f 7137/865/415 7138/866/415 7139/849/415
f 7137/865/415 7139/849/415 7140/842/415
f 7141/552/416 7142/861/416 7143/535/416
f 7141/552/416 7143/535/416 7144/545/416
f 7145/893/417 7146/894/417 7147/538/417
f 7145/893/417 7147/538/417 7148/876/417
f 7149/541/268 7150/552/268 7151/545/268
f 7149/541/268 7151/545/268 7152/892/268
f 7153/895/263 7154/896/263 7155/543/263
f 7153/895/263 7155/543/263 7156/538/263
f 7157/861/262 7158/871/262 7159/864/262
f 7157/861/262 7159/864/262 7160/535/262
f 7161/897/415 7162/898/415 7163/849/415
f 7161/897/415 7163/849/415 7164/842/415
f 7165/552/416 7166/861/416 7167/535/416
f 7165/552/416 7167/535/416 7168/545/416
f 7169/893/417 7170/894/417 7171/538/417
f 7169/893/417 7171/538/417 7172/876/417
f 7173/541/268 7174/552/268 7175/545/268
f 7173/541/268 7175/545/268 7176/892/268
f 7177/895/263 7178/896/263 7179/543/263
f 7177/895/263 7179/543/263 7180/538/263
f 7181/861/262 7182/871/262 7183/864/262
f 7181/861/262 7183/864/262 7184/535/262
f 7185/897/415 7186/898/415 7187/849/415
f 7185/897/415 7187/849/415 7188/842/415
f 7189/842/415 7190/842/415 7191/872/415
f 7189/842/415 7191/872/415 7192/872/415
f 7193/543/263 7194/543/263 7195/542/263
f 7193/543/263 7195/542/263 7196/542/263
f 7197/871/262 7198/871/262 7199/843/262
f 7197/871/262 7199/843/262 7200/843/262
f 7201/872/415 7202/872/415 7203/842/415
f 7201/872/415 7203/842/415 7204/842/415
f 7205/541/268 7206/541/268 7207/868/268
f 7205/541/268 7207/868/268 7208/868/268
f 7209/868/268 7210/868/268 7211/541/268
f 7209/868/268 7211/541/268 7149/541/268
f 7212/871/262 7213/871/262 7214/843/262
f 7212/871/262 7214/843/262 7215/843/262
f 7216/543/263 7155/543/263 7217/542/263
f 7216/543/263 7217/542/263 7218/542/263
f 7219/549/355 7220/551/355 7055/554/355
f 7219/549/355 7055/554/355 7054/550/355
f 6944/549/355 6943/551/355 7048/554/355
f 6944/549/355 7048/554/355 7047/552/355
f 7221/866/415 7222/866/415 7223/849/415
f 7221/866/415 7223/849/415 7224/849/415
f 7225/551/262 7133/534/262 7136/535/262
f 7225/551/262 7136/535/262 7226/535/262
f 7227/538/263 7228/538/263 7229/537/263
f 7227/538/263 7229/537/263 7230/537/263
f 7231/849/415 7232/849/415 7233/866/415
f 7231/849/415 7233/866/415 7234/866/415
f 6010/535/262 7235/535/262 7236/551/262
f 6010/535/262 7236/551/262 7237/551/262
f 7238/545/268 6012/545/268 7239/891/268
f 7238/545/268 7239/891/268 7240/549/268
f 7124/538/263 7241/538/263 7242/537/263
f 7124/538/263 7242/537/263 7121/537/263
f 6021/545/268 7119/545/268 7118/549/268
f 6021/545/268 7118/549/268 6022/549/268
f 7243/892/268 6021/545/268 6020/552/268
f 7243/892/268 6020/552/268 7211/541/268
f 7241/538/263 7216/543/263 7244/896/263
f 7241/538/263 7244/896/263 7242/537/263
f 7245/842/417 7246/543/417 7247/881/417
f 7245/842/417 7247/881/417 7248/884/417
f 7249/538/414 7250/849/414 7251/866/414
f 7249/538/414 7251/866/414 7252/537/414
f 7253/550/413 7254/554/413 7255/535/413
f 7253/550/413 7255/535/413 7256/545/413
f 7257/868/416 7258/843/416 7259/886/416
f 7257/868/416 7259/886/416 7260/885/416
f 7261/878/416 7262/879/416 7263/843/416
f 7261/878/416 7263/843/416 7264/843/416
f 7265/888/417 7266/890/417 7267/842/417
f 7265/888/417 7267/842/417 7268/842/417
f 7269/535/413 7270/535/413 7271/554/413
f 7269/535/413 7271/554/413 7272/554/413
f 7273/866/414 7274/866/414 7275/849/414
f 7273/866/414 7275/849/414 7276/849/414
f 7277/879/416 7278/879/416 7279/843/416
f 7277/879/416 7279/843/416 7280/843/416
f 7281/888/417 7282/888/417 7283/842/417
f 7281/888/417 7283/842/417 7284/842/417
f 7270/535/413 7285/535/413 7286/554/413
f 7270/535/413 7286/554/413 7271/554/413
f 7287/866/414 7288/866/414 7289/849/414
f 7287/866/414 7289/849/414 7290/849/414
f 7094/891/355 7093/551/355 7220/551/355
f 7094/891/355 7220/551/355 7219/549/355
f 7291/899/418 7292/900/418 7293/901/418
f 7291/899/418 7293/901/418 7294/902/418
f 7295/900/419 7296/903/419 7297/904/419
f 7295/900/419 7297/904/419 7298/901/419
f 7299/903/420 7300/905/420 7301/906/420
f 7299/903/420 7301/906/420 7302/904/420
f 7303/902/308 7304/901/308 7305/907/308
f 7303/902/308 7305/907/308 7306/902/308
s 1
f 7307/903/421 7308/900/422 7309/908/423
f 7307/903/421 7309/908/423 7310/903/421
s 0
f 7311/909/424 7312/910/424 7313/911/424
f 7311/909/424 7313/911/424 7314/912/424
f 7315/910/425 7316/913/425 7317/914/425
f 7315/910/425 7317/914/425 7318/911/425
f 7319/913/426 7320/915/426 7321/916/426
f 7319/913/426 7321/916/426 7322/914/426
f 7323/917/427 7324/918/427 7325/919/427
f 7323/917/427 7325/919/427 7326/920/427
f 7327/920/428 7328/919/428 7329/921/428
f 7327/920/428 7329/921/428 7330/922/428
f 7331/922/429 7332/921/429 7333/923/429
f 7331/922/429 7333/923/429 7334/924/429
f 7335/925/430 7336/926/430 7337/926/430
f 7335/925/430 7337/926/430 7338/927/430
f 7339/928/431 7340/924/431 7341/923/431
f 7339/928/431 7341/923/431 7342/923/431
f 7343/927/432 7344/926/432 7345/929/432
f 7343/927/432 7345/929/432 7346/930/432
f 7347/930/433 7348/929/433 7349/931/433
f 7347/930/433 7349/931/433 7350/932/433
f 7351/932/434 7352/931/434 7353/933/434
f 7351/932/434 7353/933/434 7354/934/434
f 7355/912/308 7356/911/308 7357/935/308
f 7355/912/308 7357/935/308 7358/912/308
f 7359/936/308 7360/931/308 7361/931/308
f 7359/936/308 7361/931/308 7362/929/308
f 7363/901/308 7364/904/308 7365/937/308
f 7363/901/308 7365/937/308 7366/907/308
f 7367/928/307 7368/922/307 7369/922/307
f 7367/928/307 7369/922/307 7370/924/307
f 7371/938/307 7372/917/307 7373/917/307
f 7371/938/307 7373/917/307 7374/920/307
s 1
f 7375/913/435 7376/910/436 7377/910/436
f 7375/913/435 7377/910/436 7378/939/437
s 0
f 7379/940/308 7380/923/308 7381/923/308
f 7379/940/308 7381/923/308 7382/921/308
f 7383/934/307 7384/941/307 7385/932/307
f 7383/934/307 7385/932/307 7386/934/307
f 7387/918/308 7388/942/308 7389/919/308
f 7387/918/308 7389/919/308 7390/918/308
f 7391/931/308 7392/933/308 7393/933/308
f 7391/931/308 7393/933/308 7394/931/308
f 7395/930/307 7396/925/307 7397/927/307
f 7395/930/307 7397/927/307 7398/930/307
f 7399/915/438 7400/913/438 7401/939/438
f 7399/915/439 7401/939/439 7402/915/439
f 7403/926/308 7404/936/308 7405/929/308
f 7403/926/308 7405/929/308 7406/926/308
s 1
f 7407/910/440 7408/909/441 7409/943/441
f 7407/910/440 7409/943/441 7410/910/440
s 0
f 7411/922/307 7412/938/307 7413/920/307
f 7411/922/307 7413/920/307 7414/922/307
f 7415/914/308 7416/916/308 7417/916/308
f 7415/914/308 7417/916/308 7418/914/308
f 7419/942/308 7420/940/308 7421/921/308
f 7419/942/308 7421/921/308 7422/919/308
f 7423/941/307 7424/930/307 7425/930/307
f 7423/941/307 7425/930/307 7426/932/307
f 7364/904/308 7427/906/308 7428/906/308
f 7364/904/308 7428/906/308 7365/937/308
f 7429/900/442 7430/899/442 7431/899/442
f 7429/900/443 7431/899/443 7432/908/443
s 1
f 7433/905/444 7434/903/445 7435/903/444
f 7433/905/444 7435/903/444 7436/944/446
s 0
f 7356/911/308 7437/914/308 7438/914/308
f 7356/911/308 7438/914/308 7357/935/308
s 1
f 7439/905/431 7440/944/431 7441/906/431
s 0
f 7439/905/431 7441/906/431 7442/906/431
f 7443/909/430 7444/912/430 7445/912/430
f 7443/909/430 7445/912/430 7446/943/430
f 7447/945/447 7448/946/447 7449/946/447
f 7447/945/447 7449/946/447 7450/947/447
f 7451/948/448 7452/949/448 7453/946/448
f 7451/948/448 7453/946/448 7454/950/448
f 7455/951/355 7456/948/355 7457/950/355
f 7455/951/355 7457/950/355 7458/952/355
f 7459/953/449 7460/954/449 7461/955/449
f 7459/953/449 7461/955/449 7462/956/449
f 7463/957/450 7464/956/450 7465/956/450
f 7463/957/450 7465/956/450 7466/958/450
f 7467/959/308 7468/950/308 7469/950/308
f 7467/959/308 7469/950/308 7470/960/308
f 7471/952/307 7472/961/307 7473/962/307
f 7471/952/307 7473/962/307 7474/952/307
f 7475/946/451 7476/945/451 7477/947/451
f 7475/946/451 7477/947/451 7478/946/451
f 7479/963/449 7480/953/449 7481/956/449
f 7479/963/449 7481/956/449 7482/964/449
f 7483/949/448 7484/965/448 7485/966/448
f 7483/949/448 7485/966/448 7486/946/448
f 7487/956/452 7488/957/452 7489/967/452
f 7487/956/452 7489/967/452 7490/956/452
f 7491/968/447 7492/966/447 7493/966/447
f 7491/968/447 7493/966/447 7494/969/447
f 7495/970/450 7496/955/450 7497/955/450
f 7495/970/450 7497/955/450 7498/971/450
f 7499/950/451 7500/959/451 7501/960/451
f 7499/950/451 7501/960/451 7502/950/451
f 7503/964/452 7504/972/452 7505/973/452
f 7503/964/452 7505/973/452 7506/964/452
f 7507/555/453 7508/558/453 7509/557/453
f 7507/555/453 7509/557/453 7510/556/453
s 1
f 7511/559/454 7512/560/455 7513/557/455
f 7511/559/454 7513/557/455 7514/557/455
f 7515/559/456 7516/557/456 7517/558/456
f 7515/559/456 7517/558/456 7518/561/457
s 0
f 7519/555/458 7520/556/458 7521/557/458
f 7519/555/459 7521/557/459 7522/558/459
f 7523/557/460 7524/557/460 7525/556/460
f 7523/557/460 7525/556/460 7526/556/460
f 7527/555/461 7528/555/461 7529/558/461
f 7527/555/461 7529/558/461 7530/558/461
f 7531/557/462 7532/560/462 7533/562/462
f 7531/557/462 7533/562/462 7534/558/462
f 7535/555/463 7536/556/463 7537/557/463
f 7535/555/464 7537/557/464 7538/558/464
f 7539/557/465 7540/560/465 7541/562/465
f 7539/557/465 7541/562/465 7542/558/465
s 1
f 7543/559/466 7544/560/467 7545/557/466
f 7543/559/466 7545/557/466 7546/557/466
s 0
f 7547/559/468 7548/557/468 7549/558/468
f 7547/559/468 7549/558/468 7550/561/468
s 1
f 7551/558/469 7552/558/469 7553/562/469
f 7551/558/469 7553/562/469 7554/561/469
s 0
f 7555/555/470 7556/558/470 7557/557/470
f 7555/555/471 7557/557/471 7558/556/471
f 7559/560/472 7560/559/472 7561/561/472
f 7559/560/473 7561/561/473 7562/562/473
f 7563/560/474 7564/559/474 7565/561/474
f 7563/560/474 7565/561/474 7566/562/474
f 7567/557/475 7568/557/475 7569/556/475
f 7567/557/475 7569/556/475 7570/556/475
f 7571/563/305 7572/563/305 7573/564/305
f 7571/563/305 7573/564/305 7574/564/305
f 7575/565/304 7576/565/304 7577/566/304
f 7575/565/304 7577/566/304 7578/566/304
f 7579/566/303 7580/566/303 7581/563/303
f 7579/566/303 7581/563/303 7582/563/303
f 7583/565/304 7584/565/304 7585/566/304
f 7583/565/304 7585/566/304 7586/566/304
f 7587/567/302 7588/567/302 7589/565/302
f 7587/567/302 7589/565/302 7590/565/302
f 7591/566/306 7592/566/306 7593/563/306
f 7591/566/306 7593/563/306 7594/563/306
f 7595/565/308 7596/565/308 7597/566/308
f 7595/565/308 7597/566/308 7598/566/308
f 7599/565/308 7595/565/308 7598/566/308
f 7599/565/308 7598/566/308 7600/566/308
f 7601/563/307 7602/563/307 7603/564/307
f 7601/563/307 7603/564/307 7604/564/307
f 7605/567/309 7606/567/309 7607/565/309
f 7605/567/309 7607/565/309 7608/565/309
f 7609/563/307 7610/563/307 7611/564/307
f 7609/563/307 7611/564/307 7612/564/307
f 7602/563/307 7613/563/307 7614/564/307
f 7602/563/307 7614/564/307 7603/564/307
f 7615/567/310 7616/567/310 7617/565/310
f 7615/567/310 7617/565/310 7618/565/310
f 7619/566/311 7620/566/311 7621/563/311
f 7619/566/311 7621/563/311 7622/563/311
f 7623/567/312 7624/567/312 7625/565/312
f 7623/567/312 7625/565/312 7626/565/312
f 7627/567/313 7628/567/313 7629/565/313
f 7627/567/313 7629/565/313 7630/565/313
f 7631/566/314 7632/566/314 7633/563/314
f 7631/566/314 7633/563/314 7634/563/314
f 7596/565/308 7635/565/308 7636/566/308
f 7596/565/308 7636/566/308 7597/566/308
f 7637/565/308 7638/565/308 7639/566/308
f 7637/565/308 7639/566/308 7640/566/308
f 7641/566/315 7642/566/315 7643/563/315
f 7641/566/315 7643/563/315 7644/563/315
f 7645/565/308 7646/565/308 7647/566/308
f 7645/565/308 7647/566/308 7648/566/308
f 7649/563/307 7650/563/307 7651/564/307
f 7649/563/307 7651/564/307 7652/564/307
f 7653/567/316 7654/567/316 7655/565/316
f 7653/567/316 7655/565/316 7656/565/316
f 7657/563/307 7658/563/307 7659/564/307
f 7657/563/307 7659/564/307 7660/564/307
f 7661/567/317 7662/567/317 7663/565/317
f 7661/567/317 7663/565/317 7664/565/317
f 7665/566/318 7666/566/318 7667/563/318
f 7665/566/318 7667/563/318 7668/563/318
f 7669/563/305 7670/563/305 7671/564/305
f 7669/563/305 7671/564/305 7672/564/305
f 7673/566/319 7674/566/319 7675/563/319
f 7673/566/319 7675/563/319 7676/563/319
f 7677/565/308 7678/565/308 7679/566/308
f 7677/565/308 7679/566/308 7680/566/308
f 7681/563/307 7682/563/307 7683/564/307
f 7681/563/307 7683/564/307 7684/564/307
f 7685/563/305 7686/563/305 7687/564/305
f 7685/563/305 7687/564/305 7688/564/305
f 7689/567/476 7690/567/476 7691/565/476
f 7689/567/476 7691/565/476 7692/565/476
f 7693/566/477 7694/566/477 7695/563/477
f 7693/566/477 7695/563/477 7696/563/477
f 7697/567/478 7698/567/478 7699/565/478
f 7697/567/478 7699/565/478 7700/565/478
f 7701/567/479 7702/567/479 7703/565/479
f 7701/567/479 7703/565/479 7704/565/479
f 7705/566/480 7706/566/480 7707/563/480
s 1
f 7705/566/480 7707/563/480 7708/563/480
s 0
f 7709/565/304 7710/565/304 7711/566/304
f 7709/565/304 7711/566/304 7712/566/304
f 7713/565/304 7714/565/304 7715/566/304
f 7713/565/304 7715/566/304 7716/566/304
f 7717/566/481 7718/566/481 7719/563/481
f 7717/566/481 7719/563/481 7720/563/481
f 7721/565/304 7722/565/304 7723/566/304
s 1
f 7721/565/304 7723/566/304 7724/566/304
s 0
f 7725/563/305 7726/563/305 7727/564/305
f 7725/563/305 7727/564/305 7728/564/305
f 7729/567/482 7730/567/482 7731/565/482
s 1
f 7729/567/482 7731/565/482 7732/565/482
s 0
f 7733/563/305 7734/563/305 7735/564/305
f 7733/563/305 7735/564/305 7736/564/305
f 7737/567/483 7738/567/483 7739/565/483
f 7737/567/483 7739/565/483 7740/565/483
f 7741/566/484 7742/566/484 7743/563/484
f 7741/566/484 7743/563/484 7744/563/484
f 7745/566/485 7746/566/485 7747/563/485
f 7745/566/485 7747/563/485 7748/563/485
f 7749/565/304 7750/565/304 7751/566/304
f 7749/565/304 7751/566/304 7752/566/304
f 7753/563/305 7754/563/305 7755/564/305
f 7753/563/305 7755/564/305 7756/564/305
f 7757/555/486 7758/558/486 7759/557/486
f 7757/555/486 7759/557/486 7760/556/486
s 1
f 7761/559/487 7762/560/488 7763/557/487
f 7761/559/487 7763/557/487 7764/557/487
f 7765/559/489 7766/557/489 7767/558/490
f 7765/559/489 7767/558/490 7768/561/489
s 0
f 7769/555/491 7770/556/491 7771/557/491
f 7769/555/492 7771/557/492 7772/558/492
f 7773/557/337 7774/557/337 7775/556/337
f 7773/557/337 7775/556/337 7776/556/337
s 1
f 7777/558/493 7778/558/493 7779/555/493
f 7777/558/493 7779/555/493 7780/555/493
f 7781/557/494 7782/560/495 7783/562/495
f 7781/557/494 7783/562/495 7784/558/495
f 7785/558/496 7786/558/496 7787/562/496
f 7785/558/496 7787/562/496 7788/561/496
s 0
f 7789/560/497 7790/559/497 7791/561/497
f 7789/560/498 7791/561/498 7792/562/498
f 7793/555/344 7794/555/344 7795/558/344
f 7793/555/344 7795/558/344 7796/558/344
f 7797/558/499 7798/558/499 7799/558/499
f 7797/558/499 7799/558/499 7800/558/499
s 1
f 7801/555/500 7802/555/500 7803/558/500
f 7801/555/500 7803/558/500 7804/558/500
s 0
f 7805/568/501 7806/569/501 7807/569/501
f 7805/568/501 7807/569/501 7808/568/501
f 7809/570/502 7810/568/502 7811/568/502
f 7809/570/502 7811/568/502 7812/570/502
f 7813/571/503 7814/570/503 7815/570/503
f 7813/571/503 7815/570/503 7816/571/503
f 7817/572/504 7818/571/504 7819/571/504
f 7817/572/504 7819/571/504 7820/572/504
f 7821/568/505 7822/568/505 7823/569/505
f 7821/568/505 7823/569/505 7824/569/505
f 7825/570/506 7826/570/506 7827/568/506
f 7825/570/506 7827/568/506 7828/568/506
f 7829/571/507 7830/571/507 7831/570/507
f 7829/571/507 7831/570/507 7832/570/507
f 7833/572/508 7834/572/508 7835/571/508
f 7833/572/508 7835/571/508 7836/571/508
f 7837/568/355 7838/568/355 7839/569/355
f 7837/568/355 7839/569/355 7840/569/355
f 7841/571/356 7842/571/356 7843/572/356
f 7841/571/356 7843/572/356 7844/572/356
f 7845/569/356 7846/569/356 7847/568/356
f 7845/569/356 7847/568/356 7848/568/356
f 7849/570/355 7850/570/355 7838/568/355
f 7849/570/355 7838/568/355 7837/568/355
f 7851/572/355 6410/572/355 6409/572/355
f 7851/572/355 6409/572/355 7852/572/355
f 7853/568/356 7854/568/356 7855/570/356
f 7853/568/356 7855/570/356 7856/570/356
f 7857/571/355 7858/571/355 7850/570/355
f 7857/571/355 7850/570/355 7849/570/355
f 7839/569/355 7859/569/355 7860/569/355
f 7839/569/355 7860/569/355 7840/569/355
f 7861/570/356 7862/570/356 7842/571/356
f 7861/570/356 7842/571/356 7841/571/356
f 7851/572/355 7852/572/355 7858/571/355
f 7851/572/355 7858/571/355 7857/571/355
f 7863/572/309 6422/572/309 6421/572/309
f 7863/572/309 6421/572/309 7864/572/309
f 7865/572/306 6426/572/306 6425/572/306
f 7865/572/306 6425/572/306 7866/572/306
f 7843/572/356 6428/572/356 6427/572/356
f 7843/572/356 6427/572/356 7844/572/356
f 7867/569/308 7868/569/308 7869/569/308
f 7867/569/308 7869/569/308 7870/569/308
f 7871/569/307 7872/569/307 7873/569/307
f 7871/569/307 7873/569/307 7874/569/307
f 7875/569/356 7876/569/356 7877/569/356
f 7875/569/356 7877/569/356 7878/569/356
f 7879/573/509 7880/576/509 7881/575/509
f 7879/573/509 7881/575/509 7882/574/509
s 1
f 7883/577/510 7884/580/510 7885/579/510
f 7883/577/510 7885/579/510 7886/578/510
f 7887/581/511 7888/584/512 7889/583/511
f 7887/581/511 7889/583/511 7890/582/511
s 0
f 7891/585/513 7892/588/513 7893/587/513
f 7891/585/514 7893/587/514 7894/586/514
f 7895/589/460 7896/592/460 7897/591/460
f 7895/589/460 7897/591/460 7898/590/460
f 7899/593/461 7900/596/461 7901/595/461
f 7899/593/461 7901/595/461 7902/594/461
f 7903/597/515 7904/600/515 7905/599/515
s 1
f 7903/597/515 7905/599/515 7906/598/515
s 0
f 7907/601/516 7908/604/516 7909/603/516
f 7907/601/517 7909/603/517 7910/602/517
f 7911/605/518 7912/608/518 7913/607/518
f 7911/605/518 7913/607/518 7914/606/518
s 1
f 7915/609/519 7916/611/519 7917/579/519
f 7915/609/519 7917/579/519 7918/610/519
s 0
f 7919/612/520 7920/615/520 7921/614/520
f 7919/612/520 7921/614/520 7922/613/520
s 1
f 7923/616/521 7924/619/522 7925/618/521
f 7923/616/521 7925/618/521 7926/617/521
f 7927/620/523 7928/623/523 7929/622/523
s 0
f 7927/620/524 7929/622/524 7930/621/524
f 7931/624/525 7932/627/525 7933/626/525
f 7931/624/526 7933/626/526 7934/625/526
s 1
f 7935/628/527 7936/631/527 7937/630/527
s 0
f 7935/628/528 7937/630/528 7938/629/528
f 7939/632/475 7940/635/475 7941/634/475
f 7939/632/475 7941/634/475 7942/633/475
f 7943/636/303 7944/637/303 7945/637/303
f 7943/636/303 7945/637/303 7946/636/303
f 7947/638/302 7948/641/302 7949/640/302
f 7947/638/302 7949/640/302 7950/639/302
f 7951/637/305 7952/637/305 7953/637/305
f 7951/637/305 7953/637/305 7954/637/305
f 7955/638/302 7956/643/302 7957/638/302
f 7955/638/302 7957/638/302 7958/642/302
f 7959/644/304 7960/642/304 7961/644/304
f 7959/644/304 7961/644/304 7962/638/304
f 7963/566/309 7964/563/309 7965/563/309
f 7963/566/309 7965/563/309 7966/566/309
f 7967/645/308 7968/648/308 7969/647/308
f 7967/645/308 7969/647/308 7970/646/308
f 7971/649/308 7972/652/308 7973/651/308
f 7971/649/308 7973/651/308 7974/650/308
f 7975/653/307 7976/656/307 7977/655/307
f 7975/653/307 7977/655/307 7978/654/307
f 7979/567/306 7980/565/306 7981/565/306
f 7979/567/306 7981/565/306 7982/567/306
f 7983/657/307 7984/660/307 7985/659/307
f 7983/657/307 7985/659/307 7986/658/307
f 7987/661/307 7988/664/307 7989/663/307
f 7987/661/307 7989/663/307 7990/662/307
f 7991/665/376 7992/565/376 7993/666/376
f 7991/665/376 7993/666/376 7994/665/376
f 7995/667/377 7996/670/377 7997/669/377
f 7995/667/377 7997/669/377 7998/668/377
f 7999/671/378 8000/674/378 8001/673/378
f 7999/671/378 8001/673/378 8002/672/378
f 8003/675/379 8004/678/379 8005/677/379
f 8003/675/379 8005/677/379 8006/676/379
f 8007/679/380 8008/682/380 8009/681/380
f 8007/679/380 8009/681/380 8010/680/380
f 8011/683/308 8012/686/308 8013/685/308
f 8011/683/308 8013/685/308 8014/684/308
f 8015/687/308 8016/690/308 8017/689/308
f 8015/687/308 8017/689/308 8018/688/308
f 8019/691/381 8020/693/381 8021/692/381
f 8019/691/381 8021/692/381 8022/691/381
f 8023/694/308 8024/697/308 8025/696/308
f 8023/694/308 8025/696/308 8026/695/308
f 8027/698/307 8028/701/307 8029/700/307
f 8027/698/307 8029/700/307 8030/699/307
f 8031/702/382 8032/705/382 8033/704/382
f 8031/702/382 8033/704/382 8034/703/382
f 8035/706/307 8036/709/307 8037/708/307
f 8035/706/307 8037/708/307 8038/707/307
f 8039/675/383 8040/677/383 8041/677/383
f 8039/675/383 8041/677/383 8042/675/383
f 8043/691/384 8044/712/384 8045/711/384
f 8043/691/384 8045/711/384 8046/710/384
f 8047/713/303 8048/716/303 8049/715/303
f 8047/713/303 8049/715/303 8050/714/303
f 8051/691/385 8052/693/385 8053/681/385
f 8051/691/385 8053/681/385 8054/691/385
f 8055/717/308 8056/720/308 8057/719/308
f 8055/717/308 8057/719/308 8058/718/308
f 8059/721/307 8060/724/307 8061/723/307
f 8059/721/307 8061/723/307 8062/722/307
f 8063/725/303 8064/728/303 8065/727/303
f 8063/725/303 8065/727/303 8066/726/303
f 8067/729/529 8068/732/529 8069/731/529
f 8067/729/529 8069/731/529 8070/730/529
f 8071/733/530 8072/735/530 8073/734/530
f 8071/733/530 8073/734/530 8074/734/530
f 8075/736/531 8076/739/531 8077/738/531
f 8075/736/531 8077/738/531 8078/737/531
f 8079/731/532 8080/742/532 8081/741/532
f 8079/731/532 8081/741/532 8082/740/532
f 8083/743/533 8084/745/533 8085/744/533
f 8083/743/533 8085/744/533 8086/744/533
f 8087/746/302 8088/749/302 8089/748/302
f 8087/746/302 8089/748/302 8090/747/302
f 8091/750/302 8092/753/302 8093/752/302
f 8091/750/302 8093/752/302 8094/751/302
f 8095/754/534 8096/744/534 8097/756/534
f 8095/754/534 8097/756/534 8098/755/534
s 1
f 8099/757/302 8100/760/302 8101/759/302
s 0
f 8099/757/302 8101/759/302 8102/758/302
f 8103/761/303 8104/764/303 8105/763/303
f 8103/761/303 8105/763/303 8106/762/303
f 8107/765/535 8108/768/535 8109/767/535
f 8107/765/535 8109/767/535 8110/766/535
s 1
f 8111/769/303 8112/772/303 8113/771/303
s 0
f 8111/769/303 8113/771/303 8114/770/303
f 8115/773/536 8116/775/536 8117/765/536
f 8115/773/536 8117/765/536 8118/774/536
f 8119/776/537 8120/779/537 8121/778/537
f 8119/776/537 8121/778/537 8122/777/537
f 8123/780/538 8124/783/538 8125/782/538
f 8123/780/538 8125/782/538 8126/781/538
f 8127/784/302 8128/787/302 8129/786/302
f 8127/784/302 8129/786/302 8130/785/302
f 8131/788/303 8132/791/303 8133/790/303
f 8131/788/303 8133/790/303 8134/789/303
f 8135/792/539 8136/795/539 8137/794/539
f 8135/792/539 8137/794/539 8138/793/539
s 1
f 8139/796/540 8140/799/541 8141/798/541
f 8139/796/540 8141/798/541 8142/797/542
f 8143/800/543 8144/803/543 8145/802/544
f 8143/800/543 8145/802/544 8146/801/543
s 0
f 8147/804/545 8148/807/545 8149/806/545
f 8147/804/546 8149/806/546 8150/805/546
f 8151/808/404 8152/810/404 8153/556/404
f 8151/808/404 8153/556/404 8154/809/404
s 1
f 8155/811/547 8156/814/547 8157/813/547
f 8155/811/547 8157/813/547 8158/812/547
f 8159/815/548 8160/818/549 8161/817/549
f 8159/815/548 8161/817/549 8162/816/549
f 8163/819/550 8164/822/550 8165/821/550
f 8163/819/550 8165/821/550 8166/820/550
s 0
f 8167/823/551 8168/826/551 8169/825/551
f 8167/823/552 8169/825/552 8170/824/552
f 8171/827/410 8172/830/410 8173/829/410
f 8171/827/410 8173/829/410 8174/828/410
f 8175/831/553 8176/832/553 8177/833/553
f 8175/831/553 8177/833/553 8178/832/553
s 1
f 8179/834/554 8180/837/554 8181/836/554
f 8179/834/554 8181/836/554 8182/835/554
s 0
f 8183/568/501 8184/569/501 8185/569/501
f 8183/568/501 8185/569/501 8186/568/501
f 8187/570/502 8188/568/502 8189/568/502
f 8187/570/502 8189/568/502 8190/570/502
f 8191/571/503 8192/570/503 8193/570/503
f 8191/571/503 8193/570/503 8194/571/503
f 8195/572/504 8196/571/504 8197/571/504
f 8195/572/504 8197/571/504 8198/572/504
f 8199/568/505 8200/568/505 8201/569/505
f 8199/568/505 8201/569/505 8202/569/505
s 1
f 8203/570/506 8204/570/506 8205/568/506
s 0
f 8203/570/506 8205/568/506 8206/568/506
f 8207/571/507 8208/571/507 8209/570/507
f 8207/571/507 8209/570/507 8210/570/507
f 8211/572/508 8212/572/508 8213/571/508
f 8211/572/508 8213/571/508 8214/571/508
f 8215/568/355 8216/568/355 8217/569/355
f 8215/568/355 8217/569/355 8218/569/355
f 8219/571/356 8220/571/356 8221/572/356
f 8219/571/356 8221/572/356 8222/572/356
f 8223/569/356 8224/569/356 8225/568/356
f 8223/569/356 8225/568/356 8226/568/356
f 8227/570/355 8228/570/355 8229/568/355
f 8227/570/355 8229/568/355 8230/568/355
f 8231/572/355 6796/572/355 6795/572/355
f 8231/572/355 6795/572/355 8232/572/355
f 8233/568/356 8234/568/356 8235/570/356
f 8233/568/356 8235/570/356 8236/570/356
f 8237/571/355 8238/571/355 8239/570/355
f 8237/571/355 8239/570/355 8240/570/355
f 8241/569/355 8242/569/355 8243/569/355
f 8241/569/355 8243/569/355 8244/569/355
f 8245/570/356 8246/570/356 8247/571/356
f 8245/570/356 8247/571/356 8248/571/356
f 8231/572/355 8232/572/355 8249/571/355
f 8231/572/355 8249/571/355 8250/571/355
f 8251/572/309 6814/572/309 6813/572/309
f 8251/572/309 6813/572/309 8252/572/309
f 8253/572/306 6818/572/306 6817/572/306
f 8253/572/306 6817/572/306 8254/572/306
f 8221/572/356 6820/572/356 6819/572/356
f 8221/572/356 6819/572/356 8222/572/356
f 8255/569/308 8256/569/308 8257/569/308
f 8255/569/308 8257/569/308 8258/569/308
f 8259/569/307 8260/569/307 8261/569/307
f 8259/569/307 8261/569/307 8262/569/307
f 8263/569/356 8264/569/356 8265/569/356
f 8263/569/356 8265/569/356 8266/569/356
f 8267/838/356 8268/838/356 8269/839/356
f 8267/838/356 8269/839/356 8270/839/356
f 8271/840/308 8272/843/308 8273/842/308
f 8271/840/308 8273/842/308 8274/841/308
f 8275/844/355 6844/545/355 6843/534/355
f 8275/844/355 6843/534/355 8276/534/355
f 8277/845/355 8278/847/355 8279/534/355
f 8277/845/355 8279/534/355 8280/846/355
f 8281/848/309 8282/848/309 8283/849/309
f 8281/848/309 8283/849/309 8284/849/309
f 8285/536/306 8286/536/306 8287/850/306
f 8285/536/306 8287/850/306 8288/850/306
f 6857/851/356 6860/851/356 8289/851/356
f 6857/851/356 8289/851/356 8290/851/356
f 8291/852/306 8292/855/306 8293/854/306
f 8291/852/306 8293/854/306 8294/853/306
f 8295/843/309 8281/848/309 8284/849/309
f 8295/843/309 8284/849/309 8296/842/309
f 8297/856/356 8298/857/356 8267/838/356
f 8297/856/356 8267/838/356 8270/839/356
f 8299/858/355 8300/545/355 6870/545/355
f 8299/858/355 6870/545/355 6844/545/355
f 8301/547/308 8302/538/308 8303/859/308
f 8301/547/308 8303/859/308 8304/859/308
f 8268/838/356 6876/838/356 6857/851/356
f 8268/838/356 6857/851/356 8269/839/356
f 8305/974/307 8306/974/307 8307/974/307
f 8305/974/307 8307/974/307 8308/974/307
f 8282/848/309 6878/848/309 6877/849/309
f 8282/848/309 6877/849/309 8283/849/309
f 8309/845/268 8310/549/268 8311/545/268
f 8309/845/268 8311/545/268 8312/545/268
f 8313/860/355 8277/845/355 8280/846/355
f 8313/860/355 8280/846/355 8314/861/355
f 8294/853/306 8285/536/306 8288/850/306
f 8294/853/306 8288/850/306 8291/852/306
f 8315/539/268 8316/540/268 8317/550/268
f 8315/539/268 8317/550/268 8318/860/268
f 6031/537/263 8319/853/263 8320/854/263
f 6031/537/263 8320/854/263 8321/862/263
f 8322/841/304 8323/854/304 8324/855/304
f 8322/841/304 8324/855/304 8325/840/304
f 8326/863/416 8327/843/416 8328/840/416
f 8326/863/416 8328/840/416 8329/539/416
f 8330/856/417 8331/841/417 8332/842/417
f 8330/856/417 8332/842/417 8333/857/417
f 8334/861/262 6027/535/262 8335/864/262
f 8334/861/262 8335/864/262 8336/863/262
f 8337/865/415 8338/842/415 8339/849/415
f 8337/865/415 8339/849/415 8340/866/415
f 8278/847/355 8275/844/355 8276/534/355
f 8278/847/355 8276/534/355 8279/534/355
f 8341/536/304 8342/547/304 8343/859/304
f 8341/536/304 8343/859/304 8344/850/304
f 6027/535/262 8345/846/262 6043/534/262
f 6027/535/262 6043/534/262 6042/535/262
f 8346/545/268 8347/847/268 8309/845/268
f 8346/545/268 8309/845/268 8312/545/268
f 8348/537/263 8349/536/263 6029/536/263
f 8348/537/263 6029/536/263 6031/537/263
f 8340/866/415 8339/849/415 8350/849/415
f 8340/866/415 8350/849/415 8351/866/415
f 6922/849/415 6923/866/415 8351/866/415
f 6922/849/415 8351/866/415 8350/849/415
f 6042/535/262 8352/534/262 6925/534/262
f 6042/535/262 6925/534/262 6924/535/262
f 8353/537/417 8354/538/417 8355/547/417
f 8353/537/417 8355/547/417 8356/537/417
f 8313/860/355 8314/861/355 8357/863/355
f 8313/860/355 8357/863/355 8358/539/355
f 8359/538/306 8360/538/306 8361/867/306
f 8359/538/306 8361/867/306 8362/867/306
f 8363/868/308 8364/843/308 8365/842/308
f 8363/868/308 8365/842/308 8366/543/308
f 8367/549/355 8368/549/355 8369/551/355
f 8367/549/355 8369/551/355 8370/534/355
f 8371/869/356 8372/870/356 8373/838/356
f 8371/869/356 8373/838/356 8374/839/356
f 8375/848/309 8376/848/309 8377/849/309
f 8375/848/309 8377/849/309 8378/849/309
f 8373/838/356 8379/838/356 8380/839/356
f 8373/838/356 8380/839/356 8374/839/356
f 8381/843/309 8382/848/309 8383/849/309
f 8381/843/309 8383/849/309 8384/842/309
f 8385/868/308 8386/843/308 8387/842/308
f 8385/868/308 8387/842/308 8388/543/308
f 8389/552/355 8390/861/355 8391/871/355
f 8389/552/355 8391/871/355 8392/541/355
f 8393/838/356 8394/838/356 8395/839/356
f 8393/838/356 8395/839/356 8396/839/356
f 8382/848/309 8397/848/309 8398/849/309
f 8382/848/309 8398/849/309 8383/849/309
f 8399/538/306 8400/538/306 8401/867/306
f 8399/538/306 8401/867/306 8402/867/306
f 8403/843/309 8404/848/309 8405/849/309
f 8403/843/309 8405/849/309 8406/842/309
f 8391/871/355 8407/871/355 8408/541/355
f 8391/871/355 8408/541/355 8392/541/355
f 8409/542/356 8410/542/356 8411/872/356
f 8409/542/356 8411/872/356 8412/872/356
f 8409/542/356 8412/872/356 8413/874/356
f 8409/542/356 8413/874/356 8414/873/356
f 8415/875/307 8416/867/307 8417/538/307
f 8415/875/307 8417/538/307 8418/876/307
f 8419/867/306 8420/868/306 8421/543/306
f 8419/867/306 8421/543/306 8422/538/306
f 8423/843/309 8424/848/309 8425/849/309
f 8423/843/309 8425/849/309 8426/842/309
f 8427/871/355 8428/871/355 8429/541/355
f 8427/871/355 8429/541/355 8430/541/355
f 8431/868/306 8432/868/306 8433/543/306
f 8431/868/306 8433/543/306 8434/543/306
f 8435/542/356 8436/872/356 8437/874/356
f 8435/542/356 8437/874/356 8438/873/356
f 8439/875/307 8440/867/307 8441/538/307
f 8439/875/307 8441/538/307 8442/876/307
f 8443/867/306 8431/868/306 8434/543/306
f 8443/867/306 8434/543/306 8444/538/306
f 8400/538/306 8445/543/306 8446/868/306
f 8400/538/306 8446/868/306 8401/867/306
f 8406/842/309 8447/842/309 8448/843/309
f 8406/842/309 8448/843/309 8403/843/309
f 8435/542/356 8449/542/356 8450/872/356
f 8435/542/356 8450/872/356 8436/872/356
f 8426/842/309 8451/842/309 8452/843/309
f 8426/842/309 8452/843/309 8423/843/309
f 8420/868/306 8446/868/306 8445/543/306
f 8420/868/306 8445/543/306 8421/543/306
f 8453/552/355 8454/861/355 8427/871/355
f 8453/552/355 8427/871/355 8430/541/355
f 8455/552/355 8456/861/355 8457/877/355
f 8455/552/355 8457/877/355 8458/539/355
f 8459/869/356 8460/870/356 8393/838/356
f 8459/869/356 8393/838/356 8396/839/356
f 8362/867/306 8461/868/306 8462/543/306
f 8362/867/306 8462/543/306 8359/538/306
f 8367/549/355 8370/534/355 8463/877/355
f 8367/549/355 8463/877/355 8464/539/355
f 8465/843/309 8375/848/309 8378/849/309
f 8465/843/309 8378/849/309 8466/842/309
f 8402/867/306 8467/868/306 8468/543/306
f 8402/867/306 8468/543/306 8399/538/306
f 8469/868/307 8470/843/307 8471/842/307
f 8469/868/307 8471/842/307 8472/543/307
f 8473/552/355 8408/541/355 8474/877/355
f 8473/552/355 8474/877/355 8475/554/355
f 8476/874/356 8477/870/356 8410/542/356
f 8476/874/356 8410/542/356 8395/839/356
f 8478/877/355 8479/554/355 8480/550/355
f 8478/877/355 8480/550/355 8481/539/355
f 8482/878/355 8483/879/355 8484/554/355
f 8482/878/355 8484/554/355 8479/554/355
f 8485/842/307 8486/842/307 8487/843/307
f 8485/842/307 8487/843/307 8488/843/307
f 8489/869/356 8490/880/356 8491/874/356
f 8489/869/356 8491/874/356 8492/870/356
f 8493/848/308 8494/848/308 8495/849/308
f 8493/848/308 8495/849/308 8496/849/308
f 8497/881/356 8498/884/356 8499/883/356
f 8497/881/356 8499/883/356 8500/882/356
f 8480/550/355 8475/554/355 8501/886/355
f 8480/550/355 8501/886/355 8502/885/355
f 8503/887/356 8504/887/356 8505/888/356
f 8503/887/356 8505/888/356 8506/888/356
f 8507/889/356 8503/887/356 8506/888/356
f 8507/889/356 8506/888/356 8508/890/356
f 8486/842/307 8509/842/307 8510/843/307
f 8486/842/307 8510/843/307 8487/843/307
f 8511/538/308 8512/849/308 8513/848/308
f 8511/538/308 8513/848/308 8514/867/308
f 8494/848/308 8515/848/308 8516/849/308
f 8494/848/308 8516/849/308 8495/849/308
f 8483/879/355 8517/879/355 8518/554/355
f 8483/879/355 8518/554/355 8484/554/355
f 8455/552/355 8519/891/355 8520/551/355
f 8455/552/355 8520/551/355 8456/861/355
f 8521/539/268 8522/892/268 6052/545/268
f 8521/539/268 6052/545/268 8523/552/268
f 8524/537/263 8525/538/263 8526/543/263
f 8524/537/263 8526/543/263 8527/862/263
f 8528/877/416 8529/843/416 8530/868/416
f 8528/877/416 8530/868/416 8531/539/416
f 8532/869/417 8533/543/417 8534/842/417
f 8532/869/417 8534/842/417 8535/870/417
f 8536/861/262 6048/535/262 8537/864/262
f 8536/861/262 8537/864/262 8538/877/262
f 8539/865/415 8540/842/415 8541/849/415
f 8539/865/415 8541/849/415 8542/866/415
f 8543/539/268 8544/892/268 8545/545/268
f 8543/539/268 8545/545/268 8546/549/268
f 8547/537/263 8548/538/263 8549/543/263
f 8547/537/263 8549/543/263 8550/862/263
f 8551/877/416 8552/843/416 8553/868/416
f 8551/877/416 8553/868/416 8554/539/416
f 8555/869/417 8556/543/417 8557/842/417
f 8555/869/417 8557/842/417 8558/870/417
f 8559/534/262 8560/535/262 8561/864/262
f 8559/534/262 8561/864/262 8562/877/262
f 8563/865/415 8564/842/415 8565/849/415
f 8563/865/415 8565/849/415 8566/866/415
f 8567/552/413 8568/545/413 8569/535/413
f 8567/552/413 8569/535/413 8570/861/413
f 8571/893/414 8572/876/414 8573/538/414
f 8571/893/414 8573/538/414 8574/894/414
f 8575/541/268 8576/892/268 8577/545/268
f 8575/541/268 8577/545/268 8578/552/268
f 8579/895/263 8580/538/263 8581/543/263
f 8579/895/263 8581/543/263 8582/896/263
f 8583/861/262 8584/535/262 8585/864/262
f 8583/861/262 8585/864/262 8586/871/262
f 8587/897/415 8588/842/415 8589/849/415
f 8587/897/415 8589/849/415 8590/898/415
f 8591/552/413 8592/545/413 8593/535/413
f 8591/552/413 8593/535/413 8594/861/413
f 8595/893/414 8596/876/414 8597/538/414
f 8595/893/414 8597/538/414 8598/894/414
f 8599/541/268 8600/892/268 8601/545/268
f 8599/541/268 8601/545/268 8602/552/268
f 8603/895/263 8604/538/263 8605/543/263
f 8603/895/263 8605/543/263 8606/896/263
f 8607/861/262 8608/535/262 8609/864/262
f 8607/861/262 8609/864/262 8610/871/262
f 8611/897/415 8612/842/415 8613/849/415
f 8611/897/415 8613/849/415 8614/898/415
f 8615/842/415 8616/872/415 8617/872/415
f 8615/842/415 8617/872/415 8618/842/415
f 8619/543/263 8620/542/263 8621/542/263
f 8619/543/263 8621/542/263 8622/543/263
f 8623/871/262 8624/843/262 8625/843/262
f 8623/871/262 8625/843/262 8626/871/262
f 8627/872/415 8628/842/415 8629/842/415
f 8627/872/415 8629/842/415 8630/872/415
f 8631/541/268 8632/868/268 8633/868/268
f 8631/541/268 8633/868/268 8634/541/268
f 8635/868/268 8575/541/268 8636/541/268
f 8635/868/268 8636/541/268 8637/868/268
f 8638/871/262 8639/843/262 8640/843/262
f 8638/871/262 8640/843/262 8641/871/262
f 8642/543/263 8643/542/263 8644/542/263
f 8642/543/263 8644/542/263 8581/543/263
f 8645/549/355 8480/550/355 8479/554/355
f 8645/549/355 8479/554/355 8646/551/355
f 8368/549/355 8473/552/355 8475/554/355
f 8368/549/355 8475/554/355 8369/551/355
f 8647/866/415 8648/849/415 8649/849/415
f 8647/866/415 8649/849/415 8650/866/415
f 8651/551/262 8652/535/262 8560/535/262
f 8651/551/262 8560/535/262 8559/534/262
f 8653/538/263 8654/537/263 8655/537/263
f 8653/538/263 8655/537/263 8656/538/263
f 8657/849/415 8658/866/415 8659/866/415
f 8657/849/415 8659/866/415 8660/849/415
f 6048/535/262 8661/551/262 8662/551/262
f 6048/535/262 8662/551/262 8663/535/262
f 8664/545/268 8665/549/268 8666/891/268
f 8664/545/268 8666/891/268 6052/545/268
f 8548/538/263 8547/537/263 8667/537/263
f 8548/538/263 8667/537/263 8668/538/263
f 6061/545/268 6060/549/268 8546/549/268
f 6061/545/268 8546/549/268 8545/545/268
f 8669/892/268 8636/541/268 6059/552/268
f 8669/892/268 6059/552/268 6061/545/268
f 8668/538/263 8667/537/263 8670/896/263
f 8668/538/263 8670/896/263 8642/543/263
f 8671/842/414 8672/884/414 8673/881/414
f 8671/842/414 8673/881/414 8674/543/414
f 8675/538/417 8676/537/417 8677/866/417
f 8675/538/417 8677/866/417 8678/849/417
f 8679/550/416 8680/545/416 8681/535/416
f 8679/550/416 8681/535/416 8682/554/416
f 8683/868/413 8684/885/413 8685/886/413
f 8683/868/413 8685/886/413 8686/843/413
f 8687/878/413 8688/843/413 8689/843/413
f 8687/878/413 8689/843/413 8690/879/413
f 8691/888/414 8692/842/414 8693/842/414
f 8691/888/414 8693/842/414 8694/890/414
f 8695/535/416 8696/554/416 8697/554/416
f 8695/535/416 8697/554/416 8698/535/416
f 8699/866/417 8700/849/417 8701/849/417
f 8699/866/417 8701/849/417 8702/866/417
f 8703/879/413 8704/843/413 8705/843/413
f 8703/879/413 8705/843/413 8706/879/413
f 8707/888/414 8708/842/414 8709/842/414
f 8707/888/414 8709/842/414 8710/888/414
f 8698/535/416 8697/554/416 8711/554/416
f 8698/535/416 8711/554/416 8712/535/416
f 8713/866/417 8714/849/417 8715/849/417
f 8713/866/417 8715/849/417 8716/866/417
f 8519/891/355 8645/549/355 8646/551/355
f 8519/891/355 8646/551/355 8520/551/355
f 8717/899/418 8718/902/418 8719/901/418
f 8717/899/418 8719/901/418 8720/900/418
f 8721/900/419 8722/901/419 8723/904/419
f 8721/900/419 8723/904/419 8724/903/419
f 8725/903/420 8726/904/420 8727/906/420
f 8725/903/420 8727/906/420 8728/905/420
f 8729/902/307 8730/902/307 8731/907/307
f 8729/902/307 8731/907/307 8732/901/307
s 1
f 8733/903/555 8734/903/555 8735/908/556
f 8733/903/555 8735/908/556 8736/900/557
s 0
f 8737/909/424 8738/912/424 8739/911/424
f 8737/909/424 8739/911/424 8740/910/424
f 8741/910/425 8742/911/425 8743/914/425
f 8741/910/425 8743/914/425 8744/913/425
f 8745/913/426 8746/914/426 8747/916/426
f 8745/913/426 8747/916/426 8748/915/426
f 8749/917/427 8750/920/427 8751/919/427
f 8749/917/427 8751/919/427 8752/918/427
f 8753/920/428 8754/922/428 8755/921/428
f 8753/920/428 8755/921/428 8756/919/428
f 8757/922/429 8758/924/429 8759/923/429
f 8757/922/429 8759/923/429 8760/921/429
f 8761/925/430 8762/927/430 8763/926/430
f 8761/925/430 8763/926/430 8764/926/430
f 8765/928/431 8766/923/431 8767/923/431
f 8765/928/431 8767/923/431 8768/924/431
f 8769/927/432 8770/930/432 8771/929/432
f 8769/927/432 8771/929/432 8772/926/432
f 8773/930/433 8774/932/433 8775/931/433
f 8773/930/433 8775/931/433 8776/929/433
f 8777/932/434 8778/934/434 8779/933/434
f 8777/932/434 8779/933/434 8780/931/434
f 8781/912/307 8782/912/307 8783/935/307
f 8781/912/307 8783/935/307 8784/911/307
f 8785/936/307 8786/929/307 8787/931/307
f 8785/936/307 8787/931/307 8788/931/307
f 8732/901/307 8731/907/307 8789/937/307
f 8732/901/307 8789/937/307 8790/904/307
f 8791/928/308 8792/924/308 8793/922/308
f 8791/928/308 8793/922/308 8794/922/308
f 8795/938/308 8796/920/308 8797/917/308
f 8795/938/308 8797/917/308 8798/917/308
s 1
f 8799/913/558 8800/939/559 8801/910/560
f 8799/913/558 8801/910/560 8802/910/561
s 0
f 8803/940/307 8804/921/307 8805/923/307
f 8803/940/307 8805/923/307 8806/923/307
f 8807/934/308 8808/934/308 8809/932/308
f 8807/934/308 8809/932/308 8810/941/308
f 8811/918/307 8812/918/307 8813/919/307
f 8811/918/307 8813/919/307 8814/942/307
f 8788/931/307 8787/931/307 8815/933/307
f 8788/931/307 8815/933/307 8816/933/307
f 8817/930/308 8818/930/308 8819/927/308
f 8817/930/308 8819/927/308 8820/925/308
f 8821/915/562 8822/915/562 8823/939/562
f 8821/915/563 8823/939/563 8824/913/563
f 8825/926/307 8826/926/307 8827/929/307
f 8825/926/307 8827/929/307 8828/936/307
s 1
f 8829/910/564 8830/910/565 8831/943/566
f 8829/910/564 8831/943/566 8832/909/566
s 0
f 8833/922/308 8834/922/308 8796/920/308
f 8833/922/308 8796/920/308 8795/938/308
f 8835/914/307 8836/914/307 8837/916/307
f 8835/914/307 8837/916/307 8838/916/307
f 8814/942/307 8813/919/307 8839/921/307
f 8814/942/307 8839/921/307 8840/940/307
f 8810/941/308 8809/932/308 8841/930/308
f 8810/941/308 8841/930/308 8842/930/308
f 8843/904/307 8844/937/307 8845/906/307
f 8843/904/307 8845/906/307 8846/906/307
f 8847/900/567 8848/908/567 8849/899/567
f 8847/900/568 8849/899/568 8850/899/568
s 1
f 8851/905/569 8852/944/570 8853/903/569
f 8851/905/569 8853/903/569 8854/903/570
s 0
f 8855/911/307 8856/935/307 8836/914/307
f 8855/911/307 8836/914/307 8835/914/307
f 8857/905/431 8858/906/431 8859/906/431
s 1
f 8857/905/431 8859/906/431 8860/944/431
s 0
f 8861/909/430 8862/943/430 8863/912/430
f 8861/909/430 8863/912/430 8864/912/430
f 8865/945/571 8866/947/571 8867/946/571
f 8865/945/571 8867/946/571 8868/946/571
f 8869/948/572 8870/950/572 8871/946/572
f 8869/948/572 8871/946/572 8872/949/572
f 8873/951/355 8874/952/355 8875/950/355
f 8873/951/355 8875/950/355 8876/948/355
f 8877/953/573 8878/956/573 8879/955/573
f 8877/953/573 8879/955/573 8880/954/573
f 8881/957/574 8882/958/574 8883/956/574
f 8881/957/574 8883/956/574 8884/956/574
f 8885/959/307 8886/960/307 8887/950/307
f 8885/959/307 8887/950/307 8888/950/307
f 8889/952/308 8890/952/308 8891/962/308
f 8889/952/308 8891/962/308 8892/961/308
f 8893/946/575 8894/946/575 8895/947/575
f 8893/946/575 8895/947/575 8896/945/575
f 8897/963/573 8898/964/573 8899/956/573
f 8897/963/573 8899/956/573 8900/953/573
f 8901/949/572 8902/946/572 8903/966/572
f 8901/949/572 8903/966/572 8904/965/572
f 8905/956/576 8906/956/576 8907/967/576
f 8905/956/576 8907/967/576 8908/957/576
f 8909/968/571 8910/969/571 8911/966/571
f 8909/968/571 8911/966/571 8912/966/571
f 8913/970/574 8914/971/574 8915/955/574
f 8913/970/574 8915/955/574 8916/955/574
f 8917/950/575 8918/950/575 8919/960/575
f 8917/950/575 8919/960/575 8920/959/575
f 8921/964/576 8922/964/576 8923/973/576
f 8921/964/576 8923/973/576 8924/972/576
o DrinkFactory_Enter_Placeable_0
v 9.999996 0.000004 13.999999
v 9.999996 0.500002 6.000000
v 9.999996 0.000002 6.000000
v 8.499996 2.999998 -6.000000
v 9.999996 2.999998 -4.500000
v 9.999996 2.999998 -6.000000
v 10.999996 2.999998 -5.000000
v 9.749996 4.250001 5.749998
v 9.749996 4.250001 5.090497
v 8.749996 4.250001 5.749998
v 9.103550 4.249998 -5.750001
v 9.999996 4.249998 -4.853554
v 9.999996 4.249998 -5.750001
v 9.999996 4.249998 -4.853554
v 10.748347 4.249998 -5.251650
v 9.999996 4.249998 -5.750001
v 9.999996 3.000002 5.999999
v 13.999996 0.500002 6.000000
v 13.999996 3.000002 5.999999
v 13.999996 0.000004 13.999999
v 13.999996 0.500002 6.000000
v 13.999996 0.000004 13.999999
v 13.999996 0.000002 6.000000
v 13.499996 3.000001 4.983673
v 13.999996 3.000001 4.980407
v 13.999996 2.999998 -4.980409
v 10.499996 3.000001 4.999999
v 10.999996 2.999998 -5.000000
v 9.999996 2.999998 -4.500000
v 9.999996 3.000001 4.499999
v 19.543274 0.499999 -2.296101
v 18.242634 0.499999 -4.242640
v 18.242634 2.999999 -4.242641
v 19.543274 2.999999 -2.296101
v 9.999996 2.999998 -6.000000
v 9.999996 0.499998 -6.000000
v 8.499996 0.499998 -6.000000
v 8.499996 2.999998 -6.000000
v 16.296097 0.500002 5.543276
v 18.242634 0.500001 4.242640
v 18.242634 3.000001 4.242639
v 16.296097 3.000001 5.543275
v 19.999996 0.500000 0.000000
v 19.543274 0.499999 -2.296101
v 19.543274 2.999999 -2.296101
v 19.999996 3.000000 -0.000001
v 16.296097 0.499998 -5.543276
v 13.999996 0.499998 -6.000000
v 13.999996 2.999998 -6.000000
v 16.296097 2.999998 -5.543277
v 13.999996 0.500002 6.000000
v 16.296097 0.500002 5.543276
v 16.296097 3.000001 5.543275
v 13.999996 3.000002 5.999999
v 13.999996 0.499998 -6.000000
v 13.999996 2.999998 -6.000000
v 19.543274 0.500001 2.296100
v 19.999996 0.500000 0.000000
v 19.999996 3.000000 -0.000001
v 19.543274 3.000000 2.296100
v 18.242634 0.499999 -4.242640
v 16.296097 0.499998 -5.543276
v 16.296097 2.999998 -5.543277
v 18.242634 2.999999 -4.242641
v 18.242634 0.500001 4.242640
v 19.543274 0.500001 2.296100
v 19.543274 3.000000 2.296100
v 18.242634 3.000001 4.242639
v 13.999996 2.999998 -4.980409
v 13.999996 2.999998 -6.000000
v 13.499996 3.000001 4.983673
v 10.499996 3.000002 5.999999
v 13.499996 3.000002 5.999999
v 13.999996 2.999998 -4.980409
v 15.905915 2.999998 -4.601298
v 16.296097 2.999998 -5.543277
v 13.999996 2.999998 -6.000000
v 15.905915 2.999998 -4.601298
v 17.521675 2.999999 -3.521681
v 18.242634 2.999999 -4.242641
v 16.296097 2.999998 -5.543277
v 17.521675 2.999999 -3.521681
v 18.601295 2.999999 -1.905920
v 19.543274 2.999999 -2.296101
v 18.242634 2.999999 -4.242641
v 18.601295 2.999999 -1.905920
v 18.980406 3.000000 -0.000001
v 19.999996 3.000000 -0.000001
v 19.543274 2.999999 -2.296101
v 18.980406 3.000000 -0.000001
v 18.601295 3.000000 1.905919
v 19.543274 3.000000 2.296100
v 19.999996 3.000000 -0.000001
v 18.601295 3.000000 1.905919
v 17.521675 3.000001 3.521679
v 18.242634 3.000001 4.242639
v 19.543274 3.000000 2.296100
v 15.905916 3.000001 4.601296
v 16.296097 3.000001 5.543275
v 13.999996 3.000001 4.980407
v 13.999996 3.000002 5.999999
v 9.999996 3.000002 5.999999
v 9.999996 3.000001 4.499999
v 8.499996 3.000002 5.953967
v 8.499996 3.000002 5.999999
v 9.999996 0.500002 6.000000
v 9.999996 3.000002 5.999999
v 8.499996 3.000002 5.999999
v 8.499996 1.000002 5.999999
v 17.701916 3.750001 3.701919
v 16.003462 3.750001 4.836791
v 16.003462 4.250001 4.836791
v 17.701916 4.250000 3.701919
v 16.198551 3.749998 -5.307783
v 13.999996 3.749998 -5.745103
v 13.999996 4.249998 -5.745103
v 16.198551 4.249998 -5.307783
v 9.999996 3.749998 -4.853554
v 10.748347 3.749998 -5.251649
v 10.748347 4.249998 -5.251650
v 9.999996 4.249998 -4.853554
v 14.249996 3.750001 5.695373
v 16.198551 3.750001 5.307780
v 16.198551 4.250001 5.307780
v 14.249996 4.250001 5.695372
v 18.836790 3.750000 2.003464
v 17.701916 3.750001 3.701919
v 17.701916 4.250000 3.701919
v 18.836790 4.250000 2.003464
v 13.999996 3.749998 -5.745103
v 9.999996 3.749998 -5.750000
v 9.999996 4.249998 -5.750001
v 13.999996 4.249998 -5.745103
v 9.103550 3.749998 -5.750000
v 9.999996 3.749998 -4.853554
v 9.999996 4.249998 -4.853554
v 9.103550 4.249998 -5.750001
v 16.198551 3.750001 5.307780
v 18.062393 3.750001 4.062399
v 18.062393 4.250001 4.062398
v 16.198551 4.250001 5.307780
v 19.235304 3.750000 -0.000001
v 18.836790 3.750000 2.003464
v 18.836790 4.250000 2.003464
v 19.235304 4.250000 -0.000001
v 9.749996 3.750001 5.749999
v 9.749996 3.750001 5.090497
v 9.749996 4.250001 5.090497
v 9.749996 4.250001 5.749998
v 18.062393 3.750001 4.062399
v 19.307779 3.750000 2.198554
v 19.307779 4.250000 2.198554
v 18.062393 4.250001 4.062398
v 18.836790 3.749999 -2.003466
v 19.235304 3.750000 -0.000001
v 19.235304 4.250000 -0.000001
v 18.836790 4.249999 -2.003466
v 10.748347 4.249998 -5.251650
v 13.999996 4.249998 -5.235307
v 13.999996 4.249998 -5.745103
v 9.999996 4.249998 -5.750001
v 13.999996 4.249998 -5.235307
v 16.003460 4.249998 -4.836793
v 16.198551 4.249998 -5.307783
v 13.999996 4.249998 -5.745103
v 16.003460 4.249998 -4.836793
v 17.701916 4.249999 -3.701922
v 18.062393 4.249998 -4.062401
v 16.198551 4.249998 -5.307783
v 18.836790 4.249999 -2.003466
v 19.307779 4.249999 -2.198556
v 19.235304 4.250000 -0.000001
v 19.745098 4.250000 -0.000001
v 18.836790 4.250000 2.003464
v 19.307779 4.250000 2.198554
v 18.836790 4.250000 2.003464
v 17.701916 4.250000 3.701919
v 18.062393 4.250001 4.062398
v 19.307779 4.250000 2.198554
v 17.701916 4.250000 3.701919
v 16.003462 4.250001 4.836791
v 16.198551 4.250001 5.307780
v 18.062393 4.250001 4.062398
v 16.003462 4.250001 4.836791
v 14.249996 4.250001 5.185576
v 14.249996 4.250001 5.695372
v 16.198551 4.250001 5.307780
v 10.748347 3.749998 -5.251649
v 13.999996 3.749998 -5.235307
v 13.999996 4.249998 -5.235307
v 10.748347 4.249998 -5.251650
v 18.062393 3.749999 -4.062401
v 16.198551 3.749998 -5.307783
v 16.198551 4.249998 -5.307783
v 18.062393 4.249998 -4.062401
v 16.003462 3.750001 4.836791
v 14.249996 3.750001 5.185577
v 14.249996 4.250001 5.185576
v 16.003462 4.250001 4.836791
v 13.999996 3.749998 -5.235307
v 16.003460 3.749998 -4.836792
v 16.003460 4.249998 -4.836793
v 13.999996 4.249998 -5.235307
v 19.307779 3.749999 -2.198556
v 18.062393 3.749999 -4.062401
v 18.062393 4.249998 -4.062401
v 19.307779 4.249999 -2.198556
v 14.249996 3.750001 5.185577
v 14.249996 3.750001 5.695373
v 14.249996 4.250001 5.695372
v 14.249996 4.250001 5.185576
v 16.003460 3.749998 -4.836792
v 17.701916 3.749999 -3.701922
v 17.701916 4.249999 -3.701922
v 16.003460 4.249998 -4.836793
v 19.745098 3.750000 -0.000001
v 19.307779 3.749999 -2.198556
v 19.307779 4.249999 -2.198556
v 19.745098 4.250000 -0.000001
v 9.999996 3.749998 -5.750000
v 9.103550 3.749998 -5.750000
v 9.103550 4.249998 -5.750001
v 9.999996 4.249998 -5.750001
v 9.749996 3.750001 5.090497
v 8.749996 3.750001 5.749999
v 8.749996 4.250001 5.749998
v 9.749996 4.250001 5.090497
v 17.701916 3.749999 -3.701922
v 18.836790 3.749999 -2.003466
v 18.836790 4.249999 -2.003466
v 17.701916 4.249999 -3.701922
v 19.307779 3.750000 2.198554
v 19.745098 3.750000 -0.000001
v 19.745098 4.250000 -0.000001
v 19.307779 4.250000 2.198554
v 8.749996 3.750001 5.749999
v 9.749996 3.750001 5.749999
v 9.749996 4.250001 5.749998
v 8.749996 4.250001 5.749998
v 14.712749 3.000001 5.475876
v 15.687026 3.000001 5.282080
v 15.687026 3.750001 5.282080
v 14.712749 3.750001 5.475876
v 18.657005 2.999999 -2.497526
v 18.892498 2.999999 -2.595071
v 18.892498 3.749999 -2.595071
v 18.657005 3.749999 -2.497526
v 9.536964 2.999998 -5.565698
v 9.985188 2.999998 -5.117475
v 9.985188 3.749998 -5.117475
v 9.536964 3.749998 -5.565698
v 11.467716 2.999998 -5.373582
v 13.093540 2.999998 -5.365411
v 13.093540 3.749998 -5.365411
v 11.467716 3.749998 -5.373582
v 19.258274 3.000000 -0.525253
v 19.513170 3.000000 -0.525253
v 19.513170 3.750000 -0.525253
v 19.258274 3.750000 -0.525253
v 9.985188 2.999998 -5.117475
v 10.359363 2.999998 -5.316523
v 10.359363 3.749998 -5.316523
v 9.985188 3.749998 -5.117475
v 14.525249 2.999998 -5.258276
v 15.526980 2.999998 -5.059020
v 15.526980 3.749998 -5.059020
v 14.525249 3.749998 -5.258276
v 19.059017 3.000000 1.526984
v 19.294510 3.000000 1.624529
v 19.294510 3.750000 1.624529
v 19.059017 3.750000 1.526984
v 9.583330 3.000001 5.310331
v 9.083330 3.000001 5.640082
v 9.083330 3.750001 5.640082
v 9.583330 3.750001 5.310331
v 16.497520 2.999998 -4.657008
v 17.346748 2.999999 -4.089572
v 17.346748 3.749999 -4.089572
v 16.497520 3.749998 -4.657008
v 18.089567 3.000001 3.346752
v 18.269806 3.000001 3.526992
v 18.269806 3.750001 3.526991
v 18.089567 3.750001 3.346752
v 10.359363 2.999998 -5.316523
v 9.985188 2.999998 -5.565698
v 9.985188 3.749998 -5.565698
v 10.359363 3.749998 -5.316523
v 18.089567 2.999999 -3.346754
v 18.657005 2.999999 -2.497526
v 18.657005 3.749999 -2.497526
v 18.089567 3.749999 -3.346754
v 16.497520 3.000001 4.657007
v 16.595066 3.000001 4.892501
v 16.595066 3.750001 4.892501
v 16.497520 3.750001 4.657007
v 14.525249 2.999998 -5.513175
v 14.525249 2.999998 -5.258276
v 14.525249 3.749998 -5.258276
v 14.525249 3.749998 -5.513175
v 19.059017 2.999999 -1.526986
v 19.258274 3.000000 -0.525253
v 19.258274 3.750000 -0.525253
v 19.059017 3.749999 -1.526986
v 13.093540 2.999998 -5.620309
v 11.093540 2.999998 -5.622757
v 11.093540 3.749998 -5.622757
v 13.093540 3.749998 -5.620309
v 16.595066 2.999998 -4.892503
v 16.497520 2.999998 -4.657008
v 16.497520 3.749998 -4.657008
v 16.595066 3.749998 -4.892503
v 19.258274 3.000000 0.525252
v 19.059017 3.000000 1.526984
v 19.059017 3.750000 1.526984
v 19.258274 3.750000 0.525252
v 15.624526 2.999998 -5.294514
v 14.525249 2.999998 -5.513175
v 14.525249 3.749998 -5.513175
v 15.624526 3.749998 -5.294514
v 18.269806 2.999999 -3.526994
v 18.089567 2.999999 -3.346754
v 18.089567 3.749999 -3.346754
v 18.269806 3.749999 -3.526994
v 18.657005 3.000000 2.497524
v 18.089567 3.000001 3.346752
v 18.089567 3.750001 3.346752
v 18.657005 3.750000 2.497524
v 17.526987 2.999999 -4.269812
v 16.595066 2.999998 -4.892503
v 16.595066 3.749998 -4.892503
v 17.526987 3.749999 -4.269812
v 19.294510 2.999999 -1.624531
v 19.059017 2.999999 -1.526986
v 19.059017 3.749999 -1.526986
v 19.294510 3.749999 -1.624531
v 17.346748 3.000001 4.089571
v 16.497520 3.000001 4.657007
v 16.497520 3.750001 4.657007
v 17.346748 3.750001 4.089571
v 18.892498 2.999999 -2.595071
v 18.269806 2.999999 -3.526994
v 18.269806 3.749999 -3.526994
v 18.892498 3.749999 -2.595071
v 19.513170 3.000000 0.525252
v 19.258274 3.000000 0.525252
v 19.258274 3.750000 0.525252
v 19.513170 3.750000 0.525252
v 15.589481 3.000001 5.046586
v 14.712749 3.000001 5.220979
v 14.712749 3.750001 5.220979
v 15.589481 3.750001 5.046586
v 19.513170 3.000000 -0.525253
v 19.294510 2.999999 -1.624531
v 19.294510 3.749999 -1.624531
v 19.513170 3.750000 -0.525253
v 18.892498 3.000000 2.595069
v 18.657005 3.000000 2.497524
v 18.657005 3.750000 2.497524
v 18.892498 3.750000 2.595069
v 11.093540 2.999998 -5.622757
v 11.467716 2.999998 -5.373582
v 11.467716 3.749998 -5.373582
v 11.093540 3.749998 -5.622757
v 14.712749 3.000001 5.220979
v 14.712749 3.000001 5.475876
v 14.712749 3.750001 5.475876
v 14.712749 3.750001 5.220979
v 19.294510 3.000000 1.624529
v 19.513170 3.000000 0.525252
v 19.513170 3.750000 0.525252
v 19.294510 3.750000 1.624529
v 17.526987 3.000001 4.269810
v 17.346748 3.000001 4.089571
v 17.346748 3.750001 4.089571
v 17.526987 3.750001 4.269810
v 13.093540 2.999998 -5.365411
v 13.093540 2.999998 -5.620309
v 13.093540 3.749998 -5.620309
v 13.093540 3.749998 -5.365411
v 9.985188 2.999998 -5.565698
v 9.536964 2.999998 -5.565698
v 9.536964 3.749998 -5.565698
v 9.985188 3.749998 -5.565698
v 18.269806 3.000001 3.526992
v 18.892498 3.000000 2.595069
v 18.892498 3.750000 2.595069
v 18.269806 3.750001 3.526991
v 15.687026 3.000001 5.282080
v 15.589481 3.000001 5.046586
v 15.589481 3.750001 5.046586
v 15.687026 3.750001 5.282080
v 15.526980 2.999998 -5.059020
v 15.624526 2.999998 -5.294514
v 15.624526 3.749998 -5.294514
v 15.526980 3.749998 -5.059020
v 9.083330 3.000001 5.640082
v 9.583330 3.000001 5.640082
v 9.583330 3.750001 5.640082
v 9.083330 3.750001 5.640082
v 16.595066 3.000001 4.892501
v 17.526987 3.000001 4.269810
v 17.526987 3.750001 4.269810
v 16.595066 3.750001 4.892501
v 17.346748 2.999999 -4.089572
v 17.526987 2.999999 -4.269812
v 17.526987 3.749999 -4.269812
v 17.346748 3.749999 -4.089572
v 9.583330 3.000001 5.640082
v 9.583330 3.000001 5.310331
v 9.583330 3.750001 5.310331
v 9.583330 3.750001 5.640082
v 13.499996 3.000002 5.999999
v 10.499996 3.000002 5.999999
v 10.499996 0.175566 13.531835
v 13.499996 0.175566 13.531835
v 9.999996 0.000002 6.000000
v 13.999996 0.000002 6.000000
v 13.999996 0.000004 13.999999
v 9.999996 0.000004 13.999999
v 13.499996 3.000001 4.983673
v 13.499996 3.000002 5.999999
v 13.999996 3.000002 5.999999
v 13.999996 3.000001 4.980407
v 13.499996 0.175566 13.531835
v 10.499996 0.175566 13.531835
v 9.999996 0.000004 13.999999
v 13.999996 0.000004 13.999999
v 10.499996 0.175566 13.531835
v 10.499996 3.000002 5.999999
v 9.999996 3.000002 5.999999
v 9.999996 0.000004 13.999999
v 13.499996 3.000002 5.999999
v 13.499996 0.175566 13.531835
v 13.999996 0.000004 13.999999
v 13.999996 3.000002 5.999999
v 15.905915 2.999998 -4.601298
v 13.999996 2.999998 -4.980409
v 13.999996 3.000001 4.980407
v 15.905916 3.000001 4.601296
v 17.521675 3.000001 3.521679
v 18.601295 3.000000 1.905919
v 18.980406 3.000000 -0.000001
v 18.601295 2.999999 -1.905920
v 17.521675 2.999999 -3.521681
v 10.499996 3.000002 5.999999
v 10.499996 3.000001 4.999999
v 9.999996 3.000001 4.499999
vn -1.0000 -0.0000 -0.0000
vn -0.0000 1.0000 -0.0000
vn 1.0000 -0.0000 -0.0000
vn 0.8315 -0.0000 -0.5556
vn -0.0000 -0.0000 -1.0000
vn 0.5556 -0.0000 0.8315
vn 0.9808 -0.0000 -0.1951
vn 0.1951 -0.0000 -0.9808
vn 0.1951 -0.0000 0.9808
vn 0.9808 -0.0000 0.1951
vn 0.5556 -0.0000 -0.8315
vn 0.8315 -0.0000 0.5556
vn -0.0000 -0.0000 1.0000
vn -0.5556 -0.0000 -0.8315
vn 0.4696 -0.0000 0.8829
vn -0.8315 -0.0000 -0.5556
vn 0.0012 -0.0000 -1.0000
vn -0.7071 -0.0000 0.7071
vn -0.9808 -0.0000 -0.1951
vn -0.9808 -0.0000 0.1951
vn -0.0050 -0.0000 1.0000
vn -0.1951 -0.0000 -0.9808
vn -0.1951 -0.0000 0.9808
vn -0.5556 -0.0000 0.8315
vn -0.5506 -0.0000 -0.8348
vn -0.8315 -0.0000 0.5556
vn 0.3827 -0.0000 0.9239
vn -0.3827 -0.0000 0.9239
vn 0.5543 -0.0000 -0.8323
vn -0.9239 -0.0000 0.3827
vn -0.9239 -0.0000 -0.3827
vn -0.7071 -0.0000 -0.7071
vn -0.3827 -0.0000 -0.9239
vn 0.3827 -0.0000 -0.9239
vn -0.5543 -0.0000 0.8323
vn 0.7071 -0.0000 -0.7071
vn 0.9239 -0.0000 -0.3827
vn 0.9239 -0.0000 0.3827
vn 0.7071 -0.0000 0.7071
vn -0.0000 0.9363 0.3511
vn -0.0000 -1.0000 -0.0000
vt 0.423750 0.044753
vt 0.423750 0.059753
vt 0.423750 0.058459
vt 0.423750 0.058503
vt 0.798750 0.169932
vt 0.798750 0.170402
vt 0.798750 0.169949
vt 0.798750 0.184538
vt 0.798750 0.183764
vt 0.798750 0.183818
vt 0.401250 0.089153
vt 0.736250 0.171024
vt 0.736250 0.171028
vt 0.736250 0.183479
vt 0.736250 0.171003
vt 0.736250 0.183503
vt 0.736250 0.183459
vt 0.736250 0.170910
vt 0.414554 0.069243
vt 0.411432 0.064571
vt 0.406761 0.088057
vt 0.411432 0.084936
vt 0.415650 0.074753
vt 0.406761 0.061449
vt 0.401250 0.060353
vt 0.414554 0.080264
vt 0.423750 0.058479
vt 0.736250 0.171024
vt 0.736250 0.169753
vt 0.401250 0.062800
vt 0.405824 0.063710
vt 0.409702 0.066301
vt 0.412293 0.070179
vt 0.413203 0.074753
vt 0.412293 0.079327
vt 0.409702 0.083205
vt 0.405824 0.085796
vt 0.401250 0.086706
vt 0.423750 0.045817
vt 0.423750 0.044811
vt 0.785135 0.208638
vt 0.781058 0.211362
vt 0.781527 0.187015
vt 0.776250 0.185965
vt 0.776850 0.213422
vt 0.781527 0.212492
vt 0.787858 0.204561
vt 0.798750 0.184435
vt 0.786000 0.209503
vt 0.788815 0.199753
vt 0.788989 0.205030
vt 0.787858 0.194945
vt 0.798750 0.183797
vt 0.776250 0.187189
vt 0.781058 0.188145
vt 0.785135 0.190868
vt 0.786000 0.190003
vt 0.788989 0.194477
vt 0.790038 0.199753
vt 0.776850 0.212199
vt 0.798750 0.169706
vt 0.736250 0.169753
vt 0.423750 0.046024
vt 0.423750 0.046028
vt 0.423750 0.044753
vt 0.718324 0.210796
vt 0.713750 0.187800
vt 0.713750 0.211706
vt 0.718324 0.188710
vt 0.722202 0.191301
vt 0.722202 0.208205
vt 0.724793 0.204327
vt 0.724793 0.195179
vt 0.725703 0.199753
vt 0.423750 0.045864
vt 0.423750 0.046003
s 0
usemtl Placeable
f 8925/975/577 8926/975/577 8927/975/577
f 8928/976/578 8929/977/578 8930/976/578
f 8929/977/578 8931/978/578 8930/976/578
f 8932/979/578 8933/980/578 8934/981/578
f 8935/982/578 8936/983/578 8937/982/578
f 8938/983/578 8939/984/578 8940/982/578
f 8941/975/577 8926/975/577 8925/975/577
f 8942/985/579 8943/985/579 8944/985/579
f 8945/985/579 8946/985/579 8947/985/579
f 8948/986/578 8949/987/578 8950/988/578
f 8951/989/578 8952/990/578 8953/991/578
f 8951/989/578 8953/991/578 8954/992/578
f 8955/993/580 8956/994/580 8957/994/580
f 8955/993/580 8957/994/580 8958/993/580
f 8959/976/581 8960/976/581 8961/976/581
f 8959/976/581 8961/976/581 8962/976/581
f 8963/995/582 8964/996/582 8965/996/582
f 8963/995/582 8965/996/582 8966/995/582
f 8967/997/583 8968/993/583 8969/993/583
f 8967/997/583 8969/993/583 8970/997/583
f 8971/998/584 8972/999/584 8973/999/584
f 8971/998/584 8973/999/584 8974/998/584
f 8975/985/585 8976/995/585 8977/995/585
f 8975/985/585 8977/995/585 8978/985/585
f 8979/976/581 8960/976/581 8959/976/581
f 8979/976/581 8959/976/581 8980/976/581
f 8981/1000/586 8982/997/586 8983/997/586
f 8981/1000/586 8983/997/586 8984/1000/586
f 8985/994/587 8986/998/587 8987/998/587
f 8985/994/587 8987/998/587 8988/994/587
f 8989/996/588 8990/1000/588 8991/1000/588
f 8989/996/588 8991/1000/588 8992/996/588
f 8931/978/578 8993/1001/578 8994/976/578
f 8931/978/578 8994/976/578 8930/976/578
f 8995/1002/578 8951/989/578 8996/1003/578
f 8995/1002/578 8996/1003/578 8997/1003/578
f 8998/1004/578 8999/1005/578 9000/998/578
f 8998/1004/578 9000/998/578 9001/999/578
f 9002/1005/578 9003/1006/578 9004/994/578
f 9002/1005/578 9004/994/578 9005/998/578
f 9006/1006/578 9007/1007/578 9008/993/578
f 9006/1006/578 9008/993/578 9009/994/578
f 9010/1007/578 9011/1008/578 9012/997/578
f 9010/1007/578 9012/997/578 9013/993/578
f 9014/1008/578 9015/1009/578 9016/1000/578
f 9014/1008/578 9016/1000/578 9017/997/578
f 9018/1009/578 9019/1010/578 9020/996/578
f 9018/1009/578 9020/996/578 9021/1000/578
f 9019/1010/578 9022/1011/578 9023/995/578
f 9019/1010/578 9023/995/578 9020/996/578
f 9022/1011/578 9024/1012/578 9025/985/578
f 9022/1011/578 9025/985/578 9023/995/578
f 9026/975/578 9027/1013/578 9028/1014/578
f 9026/975/578 9028/1014/578 9029/975/578
f 9030/975/589 9031/975/589 9032/975/589
f 9030/975/589 9032/975/589 9033/975/589
f 9034/1015/590 9035/1016/590 9036/1016/590
f 9034/1015/590 9036/1016/590 9037/1015/590
f 9038/1017/584 9039/1018/584 9040/1018/584
f 9038/1017/584 9040/1018/584 9041/1017/584
s 1
f 9042/983/591 9043/984/591 9044/984/591
s 0
f 9042/983/591 9044/984/591 9045/983/591
f 9046/1019/585 9047/1020/585 9048/1020/585
f 9046/1019/585 9048/1020/585 9049/1019/585
f 9050/1021/592 9051/1015/592 9052/1015/592
f 9050/1021/592 9052/1015/592 9053/1021/592
f 9054/1022/593 9055/982/593 9056/982/593
f 9054/1022/593 9056/982/593 9057/1022/593
f 9058/982/594 9059/983/594 9060/983/594
f 9058/982/594 9060/983/594 9061/982/594
f 9062/1020/582 9063/1023/582 9064/1023/582
f 9062/1020/582 9064/1023/582 9065/1020/582
f 9066/1024/595 9067/1021/595 9068/1021/595
f 9066/1024/595 9068/1021/595 9069/1024/595
f 9070/979/579 9071/980/579 9072/980/579
f 9070/979/579 9072/980/579 9073/979/579
f 9074/1023/588 9075/1025/588 9076/1025/588
f 9074/1023/588 9076/1025/588 9077/1023/588
f 9078/1026/596 9079/1024/596 9080/1024/596
f 9078/1026/596 9080/1024/596 9081/1026/596
f 9082/984/578 9083/1027/578 9084/1022/578
f 9082/984/578 9084/1022/578 9085/982/578
f 9086/1028/578 9087/1029/578 9088/1017/578
f 9086/1028/578 9088/1017/578 9089/1018/578
f 9090/1029/578 9091/1030/578 9092/1031/578
f 9090/1029/578 9092/1031/578 9093/1017/578
f 9091/1030/578 9094/1026/578 9095/1032/578
f 9091/1030/578 9095/1032/578 9092/1031/578
f 9094/1026/578 9096/1024/578 9097/1033/578
f 9094/1026/578 9097/1033/578 9095/1032/578
f 9096/1024/578 9098/1021/578 9099/1025/578
f 9096/1024/578 9099/1025/578 9097/1033/578
f 9100/1021/578 9101/1015/578 9102/1023/578
f 9100/1021/578 9102/1023/578 9103/1025/578
f 9104/1015/578 9105/1016/578 9106/1020/578
f 9104/1015/578 9106/1020/578 9107/1023/578
f 9108/1016/578 9109/1034/578 9110/1019/578
f 9108/1016/578 9110/1019/578 9111/1020/578
f 9112/984/597 9113/1027/597 9114/1027/597
f 9112/984/597 9114/1027/597 9115/984/597
f 9116/1031/587 9117/1017/587 9118/1017/587
f 9116/1031/587 9118/1017/587 9119/1031/587
f 9120/1016/598 9121/1034/598 9122/1034/598
f 9120/1016/598 9122/1034/598 9123/1016/598
f 9124/1028/599 9125/1029/599 9126/1029/599
f 9124/1028/599 9126/1029/599 9127/1028/599
f 9128/1032/580 9129/1031/580 9130/1031/580
f 9128/1032/580 9130/1031/580 9131/1032/580
f 9132/1034/577 9133/1019/577 9134/1019/577
f 9132/1034/577 9134/1019/577 9135/1034/577
f 9136/1029/600 9137/1030/600 9138/1030/600
f 9136/1029/600 9138/1030/600 9139/1029/600
f 9140/1033/583 9141/1032/583 9142/1032/583
f 9140/1033/583 9142/1032/583 9143/1033/583
f 9144/982/581 9145/982/581 9146/982/581
f 9144/982/581 9146/982/581 9147/982/581
f 9148/980/601 9149/1035/601 9150/1035/601
f 9148/980/601 9150/1035/601 9151/980/601
f 9152/1030/602 9153/1026/602 9154/1026/602
f 9152/1030/602 9154/1026/602 9155/1030/602
f 9156/1025/586 9157/1033/586 9158/1033/586
f 9156/1025/586 9158/1033/586 9159/1025/586
f 9160/981/589 9161/979/589 9162/979/589
f 9160/981/589 9162/979/589 9163/981/589
f 9164/1019/585 9165/1020/585 9166/1020/585
f 9164/1019/585 9166/1020/585 9167/1019/585
f 9168/1026/603 9169/1032/603 9170/1032/603
f 9168/1026/603 9170/1032/603 9171/1026/603
f 9172/982/594 9173/983/594 9174/983/594
f 9172/982/594 9174/983/594 9175/982/594
f 9176/984/597 9177/1027/597 9178/1027/597
f 9176/984/597 9178/1027/597 9179/984/597
f 9180/1024/589 9181/1033/589 9182/1033/589
f 9180/1024/589 9182/1033/589 9183/1024/589
f 9184/983/591 9185/984/591 9186/984/591
f 9184/983/591 9186/984/591 9187/983/591
f 9188/1028/599 9189/1029/599 9190/1029/599
f 9188/1028/599 9190/1029/599 9191/1028/599
f 9192/1021/604 9193/1025/604 9194/1025/604
f 9192/1021/604 9194/1025/604 9195/1021/604
s 1
f 9196/980/601 9197/981/601 9198/981/601
s 0
f 9196/980/601 9198/981/601 9199/980/601
f 9200/1029/600 9201/1030/600 9202/1030/600
f 9200/1029/600 9202/1030/600 9203/1029/600
f 9204/1015/594 9205/1023/594 9206/1023/594
f 9204/1015/594 9206/1023/594 9207/1015/594
f 9208/984/605 9209/982/605 9210/982/605
f 9208/984/605 9210/982/605 9211/984/605
f 9212/1030/602 9213/1026/602 9214/1026/602
f 9212/1030/602 9214/1026/602 9215/1030/602
f 9216/1016/606 9217/1020/606 9218/1020/606
f 9216/1016/606 9218/1020/606 9219/1016/606
f 9220/1018/577 9221/1028/577 9222/1028/577
f 9220/1018/577 9222/1028/577 9223/1018/577
f 9224/1026/596 9225/1024/596 9226/1024/596
f 9224/1026/596 9226/1024/596 9227/1026/596
f 9228/1022/593 9229/982/593 9230/982/593
f 9228/1022/593 9230/982/593 9231/1022/593
f 9232/1017/607 9233/1029/607 9234/1029/607
f 9232/1017/607 9234/1029/607 9235/1017/607
f 9236/1024/595 9237/1021/595 9238/1021/595
f 9236/1024/595 9238/1021/595 9239/1024/595
f 9240/1017/584 9241/1018/584 9242/1018/584
f 9240/1017/584 9242/1018/584 9243/1017/584
f 9244/1031/608 9245/1030/608 9246/1030/608
f 9244/1031/608 9246/1030/608 9247/1031/608
f 9248/1021/592 9249/1015/592 9250/1015/592
f 9248/1021/592 9250/1015/592 9251/1021/592
f 9252/1031/587 9253/1017/587 9254/1017/587
f 9252/1031/587 9254/1017/587 9255/1031/587
f 9256/1032/609 9257/1026/609 9258/1026/609
f 9256/1032/609 9258/1026/609 9259/1032/609
f 9260/1015/590 9261/1016/590 9262/1016/590
f 9260/1015/590 9262/1016/590 9263/1015/590
f 9264/1032/580 9265/1031/580 9266/1031/580
f 9264/1032/580 9266/1031/580 9267/1032/580
f 9268/1033/581 9269/1024/581 9270/1024/581
f 9268/1033/581 9270/1024/581 9271/1033/581
f 9272/1016/598 9273/1034/598 9274/1034/598
f 9272/1016/598 9274/1034/598 9275/1016/598
f 9276/1033/583 9277/1032/583 9278/1032/583
f 9276/1033/583 9278/1032/583 9279/1033/583
f 9280/1025/610 9281/1021/610 9282/1021/610
f 9280/1025/610 9282/1021/610 9283/1025/610
f 9284/982/611 9285/984/611 9286/984/611
f 9284/982/611 9286/984/611 9287/982/611
f 9288/1034/577 9289/1019/577 9290/1019/577
f 9288/1034/577 9290/1019/577 9291/1034/577
f 9292/1025/586 9293/1033/586 9294/1033/586
f 9292/1025/586 9294/1033/586 9295/1025/586
f 9296/1023/612 9297/1015/612 9298/1015/612
f 9296/1023/612 9298/1015/612 9299/1023/612
f 9300/1027/579 9301/1022/579 9302/1022/579
f 9300/1027/579 9302/1022/579 9303/1027/579
f 9304/982/581 9305/982/581 9306/982/581
f 9304/982/581 9306/982/581 9307/982/581
f 9308/1023/588 9309/1025/588 9310/1025/588
f 9308/1023/588 9310/1025/588 9311/1023/588
f 9312/1020/613 9313/1016/613 9314/1016/613
f 9312/1020/613 9314/1016/613 9315/1020/613
f 9316/1029/614 9317/1017/614 9318/1017/614
f 9316/1029/614 9318/1017/614 9319/1029/614
f 9320/981/589 9321/979/589 9322/979/589
f 9320/981/589 9322/979/589 9323/981/589
f 9324/1020/582 9325/1023/582 9326/1023/582
f 9324/1020/582 9326/1023/582 9327/1020/582
f 9328/1030/615 9329/1031/615 9330/1031/615
f 9328/1030/615 9330/1031/615 9331/1030/615
f 9332/979/579 9333/980/579 9334/980/579
f 9332/979/579 9334/980/579 9335/979/579
f 9336/1003/616 9337/1003/616 9338/1003/616
f 9336/1003/616 9338/1003/616 9339/1036/616
f 9340/975/617 9341/975/617 9342/975/617
f 9340/975/617 9342/975/617 9343/975/617
f 9344/1037/578 9345/975/578 9346/975/578
f 9344/1037/578 9346/975/578 9347/1038/578
f 9348/1039/616 9349/975/616 9350/975/616
f 9348/1039/616 9350/975/616 9351/975/616
f 9352/975/616 9353/975/616 9354/975/616
f 9352/975/616 9354/975/616 9355/975/616
f 9356/975/616 9357/1039/616 9358/975/616
f 9356/975/616 9358/975/616 9359/975/616
f 8948/986/578 8950/988/578 8952/990/578
f 8948/986/578 8952/990/578 8951/989/578
f 9363/1040/578 9361/1041/578 9362/1042/578
f 9361/1041/578 9363/1040/578 9360/1043/578
f 9360/1043/578 9363/1040/578 9368/1044/578
f 9368/1044/578 9363/1040/578 9364/1045/578
f 9368/1044/578 9364/1045/578 9365/1046/578
f 9368/1044/578 9365/1046/578 9367/1047/578
f 9367/1047/578 9365/1046/578 9366/1048/578
f 9369/975/578 9371/1049/578 9026/975/578
f 9371/1049/578 9369/975/578 9370/1050/578
o DrinkFactory_Door_Placeable_0
v 8.999996 3.000000 -0.500000
v 8.999996 3.000000 -1.000000
v 8.999996 4.999999 -1.000000
v 8.999996 4.999999 -0.500000
v 8.999996 4.900000 0.400000
v 8.999996 3.100000 0.400001
v 8.999996 3.100000 0.100000
v 8.999996 4.900000 0.100000
v 8.999996 3.100000 -0.099999
v 8.999996 3.100000 -0.400000
v 8.999996 4.899999 -0.400000
v 8.999996 4.900000 -0.100000
v 8.999996 5.000000 0.999999
v 8.999996 3.000000 1.000000
v 8.999996 3.000000 0.500000
v 8.999996 5.000000 0.499999
v 8.999996 5.000000 0.499999
v 8.999996 3.000000 0.500000
v 8.999996 3.100000 0.400001
v 8.999996 4.900000 0.400000
v 8.999996 3.000000 0.000000
v 8.999996 3.100000 0.100000
v 8.999996 3.100000 0.400001
v 8.999996 3.096568 0.040000
v 8.999996 4.903431 0.039999
v 8.999996 4.883431 0.060000
v 8.999996 3.116568 0.060000
v 8.999996 5.000000 -0.000001
v 8.999996 4.900000 0.400000
v 8.999996 4.900000 0.100000
v 8.999996 3.100000 -0.400000
v 8.999996 3.100000 -0.099999
v 8.999996 3.000000 -0.500000
v 8.999996 4.999999 -0.500000
v 8.999996 4.899999 -0.400000
v 8.999996 3.100000 -0.400000
v 8.999996 4.900000 -0.100000
v 8.999996 4.899999 -0.400000
v 8.999996 4.903431 -0.040000
v 8.999996 3.096568 -0.040000
v 8.999996 3.116568 -0.059999
v 8.999996 4.883431 -0.060000
v 8.999996 4.903431 0.039999
v 8.999996 3.096568 0.040000
v 8.999996 5.000000 -0.000001
v 8.999996 4.900000 0.100000
v 8.999996 4.883431 0.060000
v 8.999996 4.903431 0.039999
v 8.999996 3.116568 0.060000
v 8.999996 4.883431 0.060000
v 8.999996 3.100000 0.100000
v 8.999996 3.000000 0.000000
v 8.999996 3.096568 0.040000
v 8.999996 3.116568 0.060000
v 8.999996 5.000000 -0.000001
v 8.999996 3.000000 0.000000
v 8.999996 3.096568 -0.040000
v 8.999996 4.903431 -0.040000
v 8.999996 3.000000 0.000000
v 8.999996 3.100000 -0.099999
v 8.999996 3.116568 -0.059999
v 8.999996 3.096568 -0.040000
v 8.999996 4.883431 -0.060000
v 8.999996 3.116568 -0.059999
v 8.999996 4.900000 -0.100000
v 8.999996 5.000000 -0.000001
v 8.999996 4.903431 -0.040000
v 8.999996 4.883431 -0.060000
vn 1.0000 -0.0000 -0.0000
vt 0.389382 0.213672
vt 0.389382 0.214844
vt 0.764382 0.211562
vt 0.764383 0.211563
vt 0.764382 0.212266
vt 0.764383 0.212734
vt 0.764383 0.213437
vt 0.764382 0.213438
vt 0.764382 0.212734
vt 0.389382 0.210156
vt 0.389382 0.211328
vt 0.389383 0.211563
vt 0.389382 0.211562
vt 0.389382 0.212500
vt 0.389382 0.212266
vt 0.889382 0.962406
vt 0.889382 0.962406
vt 0.889383 0.962359
vt 0.889382 0.962359
vt 0.389383 0.213437
vt 0.389383 0.212734
vt 0.389382 0.213438
vt 0.389382 0.212734
vt 0.889382 0.962594
vt 0.889383 0.962594
vt 0.889382 0.962641
vt 0.889382 0.962641
vt 0.389382 0.212406
vt 0.389382 0.212406
vt 0.389383 0.212359
vt 0.389382 0.212359
vt 0.389383 0.212594
vt 0.389382 0.212594
vt 0.389382 0.212641
vt 0.389382 0.212641
s 0
usemtl Placeable
f 9372/1051/618 9373/1052/618 9374/1052/618
f 9372/1051/618 9374/1052/618 9375/1051/618
f 9376/1053/618 9377/1054/618 9378/1055/618
f 9376/1053/618 9378/1055/618 9379/1055/618
f 9380/1056/618 9381/1057/618 9382/1058/618
f 9380/1056/618 9382/1058/618 9383/1059/618
f 9384/1060/618 9385/1060/618 9386/1061/618
f 9384/1060/618 9386/1061/618 9387/1061/618
f 9388/1061/618 9389/1061/618 9390/1062/618
f 9388/1061/618 9390/1062/618 9391/1063/618
f 9386/1061/618 9392/1064/618 9393/1065/618
f 9386/1061/618 9393/1065/618 9394/1062/618
f 9395/1066/618 9396/1067/618 9397/1068/618
f 9395/1066/618 9397/1068/618 9398/1069/618
f 9399/1064/618 9387/1061/618 9400/1063/618
f 9399/1064/618 9400/1063/618 9401/1065/618
f 9392/1064/618 9372/1051/618 9402/1070/618
f 9392/1064/618 9402/1070/618 9403/1071/618
f 9404/1051/618 9405/1051/618 9406/1072/618
f 9404/1051/618 9406/1072/618 9407/1070/618
f 9375/1051/618 9399/1064/618 9408/1073/618
f 9375/1051/618 9408/1073/618 9409/1072/618
f 9410/1074/618 9411/1075/618 9412/1076/618
f 9410/1074/618 9412/1076/618 9413/1077/618
f 9392/1064/618 9399/1064/618 9414/1078/618
f 9392/1064/618 9414/1078/618 9415/1079/618
f 9416/1064/618 9417/1065/618 9418/1080/618
f 9416/1064/618 9418/1080/618 9419/1078/618
f 9401/1065/618 9393/1065/618 9420/1081/618
f 9401/1065/618 9420/1081/618 9421/1080/618
f 9422/1065/618 9423/1064/618 9424/1079/618
f 9422/1065/618 9424/1079/618 9425/1081/618
f 9426/1064/618 9427/1064/618 9428/1082/618
f 9426/1064/618 9428/1082/618 9429/1083/618
f 9430/1064/618 9431/1071/618 9432/1084/618
f 9430/1064/618 9432/1084/618 9433/1082/618
f 9403/1071/618 9408/1073/618 9434/1085/618
f 9403/1071/618 9434/1085/618 9435/1084/618
f 9436/1073/618 9437/1064/618 9438/1083/618
f 9436/1073/618 9438/1083/618 9439/1085/618
o DrinkFactory_Chimney_Placeable_0
v -10.346012 19.781948 -5.709625
v -9.568194 19.781948 -4.931808
v -10.346012 20.403563 -5.709625
v -8.931799 19.781948 -5.568203
v -9.709616 20.403563 -6.346021
v -8.931799 21.451180 -5.568204
v -9.709616 20.403563 -6.346021
v -8.931799 19.781948 -5.568203
v -9.709616 19.781948 -6.346021
v -10.346012 20.403563 -5.709625
v -9.568194 19.781948 -4.931808
v -9.568195 21.451181 -4.931808
v -10.346011 19.781950 5.709612
v -10.346011 20.403566 5.709612
v -9.568194 19.781950 4.931795
v -8.931797 19.781950 5.568191
v -8.931798 21.451183 5.568191
v -9.709615 20.403566 6.346008
v -9.709615 20.403566 6.346008
v -9.709615 19.781950 6.346008
v -8.931797 19.781950 5.568191
v -9.568194 21.451183 4.931795
v -9.285352 13.999997 -5.921755
v -10.063169 13.999997 -6.699573
v -10.063169 14.910742 -6.699573
v -9.285352 15.324955 -5.921756
v -9.921748 13.999997 -5.285359
v -9.921748 15.324955 -5.285360
v -10.699566 14.910742 -6.063177
v -10.699566 13.999997 -6.063176
v -9.391418 15.117848 -5.108583
v -9.108576 15.117848 -5.391426
v -8.755022 15.617848 -5.037872
v -9.037865 15.617848 -4.755030
v -10.593499 15.117847 -6.876350
v -10.593499 13.999997 -6.876349
v -10.876342 13.999997 -6.593506
v -10.876342 15.117847 -6.593507
v -10.593499 12.999997 -6.876349
v -10.876342 12.999997 -6.593506
v -9.108576 13.999997 -5.391425
v -9.108576 15.117848 -5.391426
v -9.391418 15.117848 -5.108583
v -9.391418 13.999997 -5.108582
v -9.108576 13.249997 -5.744978
v -9.108576 12.999997 -5.391425
v -9.108576 -0.000002 -5.391421
v -9.108576 0.249998 -5.744974
v -9.921748 13.999997 -5.285359
v -10.699566 13.999997 -6.063176
v -10.699566 13.499997 -6.063176
v -9.921748 13.499997 -5.285359
v -9.285352 13.499997 -5.921755
v -10.063169 13.499997 -6.699573
v -9.391418 12.999997 -5.108582
v -9.108576 12.999997 -5.391425
v -8.931799 15.824955 -5.568202
v -9.709616 15.410742 -6.346020
v -10.699566 14.910742 -6.063177
v -9.921748 15.324955 -5.285360
v -9.568194 15.824955 -4.931807
v -10.346012 15.410742 -5.709623
v -9.285352 15.324955 -5.921756
v -10.063169 14.910742 -6.699573
v -9.709616 15.410742 -6.346020
v -8.931799 15.824955 -5.568202
v -10.593499 15.117847 -6.876350
v -10.876342 15.117847 -6.593507
v -10.522789 15.617848 -6.239954
v -10.239945 15.617848 -6.522797
v -9.037865 19.781948 -4.755031
v -8.755022 19.781948 -5.037873
v -8.755022 22.617847 -5.037874
v -9.037865 22.617847 -4.755032
v -9.037865 15.617848 -4.755030
v -8.755022 15.617848 -5.037872
v -10.346012 15.410742 -5.709623
v -9.568194 15.824955 -4.931807
v -10.239945 15.617848 -6.522797
v -10.522789 15.617848 -6.239954
v -10.522789 19.781948 -6.239955
v -10.239945 19.781948 -6.522798
v -10.239945 20.660706 -6.664219
v -10.239946 19.933601 -6.664219
v -10.423491 20.044846 -6.847764
v -10.423491 20.772696 -6.847765
v -8.755022 22.660706 -5.179296
v -10.239945 20.660706 -6.664219
v -10.423491 20.772696 -6.847765
v -8.755022 23.077349 -5.179296
v -8.876318 23.244934 -5.017749
v -9.001384 23.072182 -5.142815
v -9.142805 23.072182 -5.001394
v -9.017739 23.244934 -4.876328
v -10.564913 19.978907 -6.847765
v -10.847755 19.978907 -6.564922
v -10.847755 20.814808 -6.564922
v -10.564913 20.814808 -6.847765
v -10.239945 19.781948 -6.522798
v -10.522789 19.781948 -6.239955
v -10.847755 19.978907 -6.564922
v -10.564913 19.978907 -6.847765
v -8.755022 23.314808 -5.037875
v -9.037865 23.314808 -4.755032
v -10.664210 20.660706 -6.239955
v -9.179286 22.660706 -4.755032
v -9.179286 23.077351 -4.755032
v -10.847755 20.772696 -6.423501
v -10.664210 19.933601 -6.239955
v -10.847755 20.044846 -6.423501
v -9.108576 13.999997 -5.744978
v -9.108576 15.221401 -5.744979
v -9.108576 15.117848 -5.391426
v -9.108576 13.999997 -5.391425
v -10.239945 15.014295 -6.876349
v -10.239945 13.999997 -6.876349
v -10.593499 13.999997 -6.876349
v -10.593499 15.117847 -6.876350
v -9.744971 15.221401 -5.108583
v -9.744971 13.999997 -5.108582
v -9.391418 13.999997 -5.108582
v -9.391418 15.117848 -5.108583
v -10.876342 13.999997 -6.239953
v -10.876342 15.014295 -6.239954
v -10.876342 15.117847 -6.593507
v -10.876342 13.999997 -6.593506
v -10.876342 13.249997 -6.239953
v -10.876342 12.999997 -6.593506
v -10.876342 -0.000002 -6.593502
v -10.876342 0.249998 -6.239949
v -10.239945 13.249997 -6.876349
v -9.108576 13.249997 -5.744978
v -9.108576 0.249998 -5.744974
v -10.239945 0.249997 -6.876345
v -10.239945 13.999997 -6.876349
v -10.239945 13.249997 -6.876349
v -10.593499 12.999997 -6.876349
v -10.593499 13.999997 -6.876349
v -10.876342 13.249997 -6.239953
v -10.876342 13.999997 -6.239953
v -10.876342 13.999997 -6.593506
v -10.876342 12.999997 -6.593506
v -9.744971 13.999997 -5.108582
v -9.744971 13.249997 -5.108582
v -9.391418 12.999997 -5.108582
v -9.391418 13.999997 -5.108582
v -9.108576 13.249997 -5.744978
v -9.108576 13.999997 -5.744978
v -9.108576 13.999997 -5.391425
v -9.108576 12.999997 -5.391425
v -9.108576 15.221401 -5.744979
v -8.755022 15.721401 -5.391426
v -8.755022 15.617848 -5.037872
v -9.108576 15.117848 -5.391426
v -9.391418 15.721401 -4.755030
v -9.744971 15.221401 -5.108583
v -9.391418 15.117848 -5.108583
v -9.037865 15.617848 -4.755030
v -10.876342 15.014295 -6.239954
v -10.522789 15.514295 -5.886400
v -10.522789 15.617848 -6.239954
v -10.876342 15.117847 -6.593507
v -9.886393 15.514295 -6.522796
v -10.239945 15.014295 -6.876349
v -10.593499 15.117847 -6.876350
v -10.239945 15.617848 -6.522797
v -9.886393 19.781948 -6.522798
v -9.886393 15.514295 -6.522796
v -10.239945 15.617848 -6.522797
v -10.239945 19.781948 -6.522798
v -8.755022 15.721401 -5.391426
v -8.755022 19.781948 -5.391427
v -8.755022 19.781948 -5.037873
v -8.755022 15.617848 -5.037872
v -9.391418 19.781948 -4.755031
v -9.391418 15.721401 -4.755030
v -9.037865 15.617848 -4.755030
v -9.037865 19.781948 -4.755031
v -10.522789 15.514295 -5.886400
v -10.522789 19.781948 -5.886401
v -10.522789 19.781948 -6.239955
v -10.522789 15.617848 -6.239954
v -8.755022 22.034513 -5.391428
v -9.886393 20.510706 -6.522798
v -10.239945 20.617847 -6.522798
v -8.755022 22.617847 -5.037874
v -10.522789 20.510706 -5.886402
v -9.391418 22.034515 -4.755032
v -9.037865 22.617847 -4.755032
v -10.522789 20.617847 -6.239955
v -8.755022 19.781948 -5.391427
v -8.755022 22.034513 -5.391428
v -8.755022 22.617847 -5.037874
v -8.755022 19.781948 -5.037873
v -9.391418 22.034515 -4.755032
v -9.391418 19.781948 -4.755031
v -9.037865 19.781948 -4.755031
v -9.037865 22.617847 -4.755032
v -10.522789 19.781948 -5.886401
v -10.522789 20.510706 -5.886402
v -10.522789 20.617847 -6.239955
v -10.522789 19.781948 -6.239955
v -9.886393 20.510706 -6.522798
v -9.886393 19.781948 -6.522798
v -10.239945 19.781948 -6.522798
v -10.239945 20.617847 -6.522798
v -10.239945 20.660706 -6.664219
v -8.755022 22.660706 -5.179296
v -8.755022 22.617847 -5.037874
v -10.239945 20.617847 -6.522798
v -9.179286 22.660706 -4.755032
v -10.664210 20.660706 -6.239955
v -10.522789 20.617847 -6.239955
v -9.037865 22.617847 -4.755032
v -10.664210 20.660706 -6.239955
v -10.664210 19.933601 -6.239955
v -10.522789 19.781948 -6.239955
v -10.522789 20.617847 -6.239955
v -10.239946 19.933601 -6.664219
v -10.239945 20.660706 -6.664219
v -10.239945 20.617847 -6.522798
v -10.239945 19.781948 -6.522798
v -10.847755 20.044846 -6.423501
v -10.847755 20.772696 -6.423501
v -10.847755 20.814808 -6.564922
v -10.847755 19.978907 -6.564922
v -10.423491 20.772696 -6.847765
v -10.423491 20.044846 -6.847764
v -10.564913 19.978907 -6.847765
v -10.564913 20.814808 -6.847765
v -8.755022 22.660706 -5.179296
v -8.755022 23.077349 -5.179296
v -8.755022 23.314808 -5.037875
v -8.755022 22.617847 -5.037874
v -10.423491 20.044846 -6.847764
v -10.239946 19.933601 -6.664219
v -10.239945 19.781948 -6.522798
v -10.564913 19.978907 -6.847765
v -10.664210 19.933601 -6.239955
v -10.847755 20.044846 -6.423501
v -10.847755 19.978907 -6.564922
v -10.522789 19.781948 -6.239955
v -9.179286 23.077351 -4.755032
v -9.179286 22.660706 -4.755032
v -9.037865 22.617847 -4.755032
v -9.037865 23.314808 -4.755032
v -9.470212 22.619934 -5.328801
v -9.328791 22.619934 -5.470222
v -9.453856 22.447182 -5.595288
v -9.595278 22.447182 -5.453867
v -9.922685 21.994934 -5.781273
v -9.781263 21.994934 -5.922694
v -9.906329 21.822182 -6.047760
v -10.047750 21.822182 -5.906339
v -10.375157 21.369934 -6.233746
v -10.233736 21.369934 -6.375167
v -10.358802 21.197180 -6.500233
v -10.500223 21.197180 -6.358812
v -9.696448 22.307434 -5.555037
v -9.555027 22.307434 -5.696458
v -9.680093 22.134682 -5.821524
v -9.821514 22.134682 -5.680103
v -10.148921 21.682434 -6.007510
v -10.007500 21.682434 -6.148931
v -10.132565 21.509680 -6.273997
v -10.273987 21.509680 -6.132576
v -10.601394 21.057434 -6.459982
v -10.459972 21.057434 -6.601403
v -10.585038 20.884680 -6.726469
v -10.726460 20.884680 -6.585048
v -9.243976 22.932434 -5.102564
v -9.102554 22.932434 -5.243985
v -9.227620 22.759682 -5.369051
v -9.369041 22.759682 -5.227630
v -8.755022 23.314808 -5.037875
v -8.981258 23.002308 -5.264111
v -9.001384 23.072182 -5.142815
v -8.876318 23.244934 -5.017749
v -8.986586 22.984005 -5.184083
v -9.184073 22.984007 -4.986596
v -9.123425 23.018944 -4.996658
v -8.996649 23.018944 -5.123435
v -9.264101 23.002308 -4.981268
v -9.037865 23.314808 -4.755032
v -9.017739 23.244934 -4.876328
v -9.142805 23.072182 -5.001394
v -8.983130 23.261570 -4.785652
v -8.785643 23.261570 -4.983140
v -8.846290 23.226635 -4.973077
v -8.973066 23.226635 -4.846300
v -9.435602 22.636570 -5.238125
v -9.238115 22.636570 -5.435612
v -9.298763 22.601635 -5.425550
v -9.425540 22.601635 -5.298773
v -9.207495 22.689808 -5.490347
v -9.433731 22.377308 -5.716584
v -9.453856 22.447182 -5.595288
v -9.328791 22.619934 -5.470222
v -9.439058 22.359005 -5.636556
v -9.636546 22.359007 -5.439068
v -9.575898 22.393944 -5.449131
v -9.449121 22.393944 -5.575908
v -9.716574 22.377308 -5.433741
v -9.490337 22.689808 -5.207505
v -9.470212 22.619934 -5.328801
v -9.595278 22.447182 -5.453867
v -9.888075 22.011570 -5.690598
v -9.690588 22.011570 -5.888085
v -9.751236 21.976635 -5.878022
v -9.878012 21.976635 -5.751245
v -9.659967 22.064808 -5.942820
v -9.886204 21.752308 -6.169056
v -9.906329 21.822182 -6.047760
v -9.781263 21.994934 -5.922694
v -9.891531 21.734005 -6.089028
v -10.089019 21.734007 -5.891541
v -10.028371 21.768944 -5.901604
v -9.901594 21.768944 -6.028380
v -10.169046 21.752308 -5.886213
v -9.942810 22.064808 -5.659977
v -9.922685 21.994934 -5.781273
v -10.047750 21.822182 -5.906339
v -10.340548 21.386570 -6.143070
v -10.143061 21.386568 -6.340557
v -10.203709 21.351633 -6.330494
v -10.330484 21.351633 -6.203718
v -10.112440 21.439806 -6.395292
v -10.338676 21.127306 -6.621529
v -10.358802 21.197180 -6.500233
v -10.233736 21.369934 -6.375167
v -10.344004 21.109005 -6.541501
v -10.541492 21.109005 -6.344014
v -10.480844 21.143942 -6.354076
v -10.354067 21.143942 -6.480853
v -10.621519 21.127308 -6.338686
v -10.395283 21.439808 -6.112450
v -10.375157 21.369934 -6.233746
v -10.500223 21.197180 -6.358812
v -9.661839 22.324070 -5.464361
v -9.464352 22.324070 -5.661849
v -9.525000 22.289135 -5.651785
v -9.651775 22.289135 -5.525009
v -9.433731 22.377308 -5.716584
v -9.680093 22.134682 -5.821524
v -9.555027 22.307434 -5.696458
v -9.665295 22.046505 -5.862792
v -9.862782 22.046507 -5.665305
v -9.802135 22.081444 -5.675367
v -9.675358 22.081444 -5.802144
v -9.716574 22.377308 -5.433741
v -9.696448 22.307434 -5.555037
v -9.821514 22.134682 -5.680103
v -10.114311 21.699070 -5.916833
v -9.916824 21.699070 -6.114321
v -9.977472 21.664135 -6.104258
v -10.104249 21.664135 -5.977481
v -9.886204 21.752308 -6.169056
v -10.112440 21.439806 -6.395292
v -10.132565 21.509680 -6.273997
v -10.007500 21.682434 -6.148931
v -10.117767 21.421505 -6.315265
v -10.315255 21.421505 -6.117777
v -10.254607 21.456442 -6.127840
v -10.127831 21.456442 -6.254617
v -10.395283 21.439808 -6.112450
v -10.169046 21.752308 -5.886213
v -10.148921 21.682434 -6.007510
v -10.273987 21.509680 -6.132576
v -10.566784 21.074070 -6.369306
v -10.369297 21.074068 -6.566793
v -10.429945 21.039133 -6.556731
v -10.556721 21.039133 -6.429954
v -10.338676 21.127306 -6.621529
v -10.564913 20.814808 -6.847765
v -10.585038 20.884680 -6.726469
v -10.459972 21.057434 -6.601403
v -10.570240 20.796507 -6.767737
v -10.767728 20.796507 -6.570250
v -10.707080 20.831442 -6.580313
v -10.580303 20.831442 -6.707089
v -10.847755 20.814808 -6.564922
v -10.621519 21.127308 -6.338686
v -10.601394 21.057434 -6.459982
v -10.726460 20.884680 -6.585048
v -9.209366 22.949070 -5.011889
v -9.011879 22.949070 -5.209376
v -9.072526 22.914135 -5.199313
v -9.199303 22.914135 -5.072536
v -8.981258 23.002308 -5.264111
v -9.207495 22.689808 -5.490347
v -9.227620 22.759682 -5.369051
v -9.102554 22.932434 -5.243985
v -9.212822 22.671505 -5.410319
v -9.410310 22.671507 -5.212832
v -9.349662 22.706444 -5.222895
v -9.222885 22.706444 -5.349671
v -9.490337 22.689808 -5.207505
v -9.264101 23.002308 -4.981268
v -9.243976 22.932434 -5.102564
v -9.369041 22.759682 -5.227630
v -8.981258 23.002308 -5.264111
v -9.264101 23.002308 -4.981268
v -9.184073 22.984007 -4.986596
v -8.986586 22.984005 -5.184083
v -9.264101 23.002308 -4.981268
v -9.142805 23.072182 -5.001394
v -9.123425 23.018944 -4.996658
v -9.184073 22.984007 -4.986596
v -9.142805 23.072182 -5.001394
v -9.001384 23.072182 -5.142815
v -8.996649 23.018944 -5.123435
v -9.123425 23.018944 -4.996658
v -9.001384 23.072182 -5.142815
v -8.981258 23.002308 -5.264111
v -8.986586 22.984005 -5.184083
v -8.996649 23.018944 -5.123435
v -9.037865 23.314808 -4.755032
v -8.755022 23.314808 -5.037875
v -8.785643 23.261570 -4.983140
v -8.983130 23.261570 -4.785652
v -8.755022 23.314808 -5.037875
v -8.876318 23.244934 -5.017749
v -8.846290 23.226635 -4.973077
v -8.785643 23.261570 -4.983140
v -8.876318 23.244934 -5.017749
v -9.017739 23.244934 -4.876328
v -8.973066 23.226635 -4.846300
v -8.846290 23.226635 -4.973077
v -9.017739 23.244934 -4.876328
v -9.037865 23.314808 -4.755032
v -8.983130 23.261570 -4.785652
v -8.973066 23.226635 -4.846300
v -9.490337 22.689808 -5.207505
v -9.207495 22.689808 -5.490347
v -9.238115 22.636570 -5.435612
v -9.435602 22.636570 -5.238125
v -9.207495 22.689808 -5.490347
v -9.328791 22.619934 -5.470222
v -9.298763 22.601635 -5.425550
v -9.238115 22.636570 -5.435612
v -9.328791 22.619934 -5.470222
v -9.470212 22.619934 -5.328801
v -9.425540 22.601635 -5.298773
v -9.298763 22.601635 -5.425550
v -9.470212 22.619934 -5.328801
v -9.490337 22.689808 -5.207505
v -9.435602 22.636570 -5.238125
v -9.425540 22.601635 -5.298773
v -9.433731 22.377308 -5.716584
v -9.716574 22.377308 -5.433741
v -9.636546 22.359007 -5.439068
v -9.439058 22.359005 -5.636556
v -9.716574 22.377308 -5.433741
v -9.595278 22.447182 -5.453867
v -9.575898 22.393944 -5.449131
v -9.636546 22.359007 -5.439068
v -9.595278 22.447182 -5.453867
v -9.453856 22.447182 -5.595288
v -9.449121 22.393944 -5.575908
v -9.575898 22.393944 -5.449131
v -9.453856 22.447182 -5.595288
v -9.433731 22.377308 -5.716584
v -9.439058 22.359005 -5.636556
v -9.449121 22.393944 -5.575908
v -9.942810 22.064808 -5.659977
v -9.659967 22.064808 -5.942820
v -9.690588 22.011570 -5.888085
v -9.888075 22.011570 -5.690598
v -9.659967 22.064808 -5.942820
v -9.781263 21.994934 -5.922694
v -9.751236 21.976635 -5.878022
v -9.690588 22.011570 -5.888085
v -9.781263 21.994934 -5.922694
v -9.922685 21.994934 -5.781273
v -9.878012 21.976635 -5.751245
v -9.751236 21.976635 -5.878022
v -9.922685 21.994934 -5.781273
v -9.942810 22.064808 -5.659977
v -9.888075 22.011570 -5.690598
v -9.878012 21.976635 -5.751245
v -9.886204 21.752308 -6.169056
v -10.169046 21.752308 -5.886213
v -10.089019 21.734007 -5.891541
v -9.891531 21.734005 -6.089028
v -10.169046 21.752308 -5.886213
v -10.047750 21.822182 -5.906339
v -10.028371 21.768944 -5.901604
v -10.089019 21.734007 -5.891541
v -10.047750 21.822182 -5.906339
v -9.906329 21.822182 -6.047760
v -9.901594 21.768944 -6.028380
v -10.028371 21.768944 -5.901604
v -9.906329 21.822182 -6.047760
v -9.886204 21.752308 -6.169056
v -9.891531 21.734005 -6.089028
v -9.901594 21.768944 -6.028380
v -10.395283 21.439808 -6.112450
v -10.112440 21.439806 -6.395292
v -10.143061 21.386568 -6.340557
v -10.340548 21.386570 -6.143070
v -10.112440 21.439806 -6.395292
v -10.233736 21.369934 -6.375167
v -10.203709 21.351633 -6.330494
v -10.143061 21.386568 -6.340557
v -10.233736 21.369934 -6.375167
v -10.375157 21.369934 -6.233746
v -10.330484 21.351633 -6.203718
v -10.203709 21.351633 -6.330494
v -10.375157 21.369934 -6.233746
v -10.395283 21.439808 -6.112450
v -10.340548 21.386570 -6.143070
v -10.330484 21.351633 -6.203718
v -10.338676 21.127306 -6.621529
v -10.621519 21.127308 -6.338686
v -10.541492 21.109005 -6.344014
v -10.344004 21.109005 -6.541501
v -10.621519 21.127308 -6.338686
v -10.500223 21.197180 -6.358812
v -10.480844 21.143942 -6.354076
v -10.541492 21.109005 -6.344014
v -10.500223 21.197180 -6.358812
v -10.358802 21.197180 -6.500233
v -10.354067 21.143942 -6.480853
v -10.480844 21.143942 -6.354076
v -10.358802 21.197180 -6.500233
v -10.338676 21.127306 -6.621529
v -10.344004 21.109005 -6.541501
v -10.354067 21.143942 -6.480853
v -9.716574 22.377308 -5.433741
v -9.433731 22.377308 -5.716584
v -9.464352 22.324070 -5.661849
v -9.661839 22.324070 -5.464361
v -9.433731 22.377308 -5.716584
v -9.555027 22.307434 -5.696458
v -9.525000 22.289135 -5.651785
v -9.464352 22.324070 -5.661849
v -9.555027 22.307434 -5.696458
v -9.696448 22.307434 -5.555037
v -9.651775 22.289135 -5.525009
v -9.525000 22.289135 -5.651785
v -9.696448 22.307434 -5.555037
v -9.716574 22.377308 -5.433741
v -9.661839 22.324070 -5.464361
v -9.651775 22.289135 -5.525009
v -9.659967 22.064808 -5.942820
v -9.942810 22.064808 -5.659977
v -9.862782 22.046507 -5.665305
v -9.665295 22.046505 -5.862792
v -9.942810 22.064808 -5.659977
v -9.821514 22.134682 -5.680103
v -9.802135 22.081444 -5.675367
v -9.862782 22.046507 -5.665305
v -9.821514 22.134682 -5.680103
v -9.680093 22.134682 -5.821524
v -9.675358 22.081444 -5.802144
v -9.802135 22.081444 -5.675367
v -9.680093 22.134682 -5.821524
v -9.659967 22.064808 -5.942820
v -9.665295 22.046505 -5.862792
v -9.675358 22.081444 -5.802144
v -10.169046 21.752308 -5.886213
v -9.886204 21.752308 -6.169056
v -9.916824 21.699070 -6.114321
v -10.114311 21.699070 -5.916833
v -9.886204 21.752308 -6.169056
v -10.007500 21.682434 -6.148931
v -9.977472 21.664135 -6.104258
v -9.916824 21.699070 -6.114321
v -10.007500 21.682434 -6.148931
v -10.148921 21.682434 -6.007510
v -10.104249 21.664135 -5.977481
v -9.977472 21.664135 -6.104258
v -10.148921 21.682434 -6.007510
v -10.169046 21.752308 -5.886213
v -10.114311 21.699070 -5.916833
v -10.104249 21.664135 -5.977481
v -10.112440 21.439806 -6.395292
v -10.395283 21.439808 -6.112450
v -10.315255 21.421505 -6.117777
v -10.117767 21.421505 -6.315265
v -10.395283 21.439808 -6.112450
v -10.273987 21.509680 -6.132576
v -10.254607 21.456442 -6.127840
v -10.315255 21.421505 -6.117777
v -10.273987 21.509680 -6.132576
v -10.132565 21.509680 -6.273997
v -10.127831 21.456442 -6.254617
v -10.254607 21.456442 -6.127840
v -10.132565 21.509680 -6.273997
v -10.112440 21.439806 -6.395292
v -10.117767 21.421505 -6.315265
v -10.127831 21.456442 -6.254617
v -10.621519 21.127308 -6.338686
v -10.338676 21.127306 -6.621529
v -10.369297 21.074068 -6.566793
v -10.566784 21.074070 -6.369306
v -10.338676 21.127306 -6.621529
v -10.459972 21.057434 -6.601403
v -10.429945 21.039133 -6.556731
v -10.369297 21.074068 -6.566793
v -10.459972 21.057434 -6.601403
v -10.601394 21.057434 -6.459982
v -10.556721 21.039133 -6.429954
v -10.429945 21.039133 -6.556731
v -10.601394 21.057434 -6.459982
v -10.621519 21.127308 -6.338686
v -10.566784 21.074070 -6.369306
v -10.556721 21.039133 -6.429954
v -10.564913 20.814808 -6.847765
v -10.847755 20.814808 -6.564922
v -10.767728 20.796507 -6.570250
v -10.570240 20.796507 -6.767737
v -10.847755 20.814808 -6.564922
v -10.726460 20.884680 -6.585048
v -10.707080 20.831442 -6.580313
v -10.767728 20.796507 -6.570250
v -10.726460 20.884680 -6.585048
v -10.585038 20.884680 -6.726469
v -10.580303 20.831442 -6.707089
v -10.707080 20.831442 -6.580313
v -10.585038 20.884680 -6.726469
v -10.564913 20.814808 -6.847765
v -10.570240 20.796507 -6.767737
v -10.580303 20.831442 -6.707089
v -9.264101 23.002308 -4.981268
v -8.981258 23.002308 -5.264111
v -9.011879 22.949070 -5.209376
v -9.209366 22.949070 -5.011889
v -8.981258 23.002308 -5.264111
v -9.102554 22.932434 -5.243985
v -9.072526 22.914135 -5.199313
v -9.011879 22.949070 -5.209376
v -9.102554 22.932434 -5.243985
v -9.243976 22.932434 -5.102564
v -9.199303 22.914135 -5.072536
v -9.072526 22.914135 -5.199313
v -9.243976 22.932434 -5.102564
v -9.264101 23.002308 -4.981268
v -9.209366 22.949070 -5.011889
v -9.199303 22.914135 -5.072536
v -9.207495 22.689808 -5.490347
v -9.490337 22.689808 -5.207505
v -9.410310 22.671507 -5.212832
v -9.212822 22.671505 -5.410319
v -9.490337 22.689808 -5.207505
v -9.369041 22.759682 -5.227630
v -9.349662 22.706444 -5.222895
v -9.410310 22.671507 -5.212832
v -9.369041 22.759682 -5.227630
v -9.227620 22.759682 -5.369051
v -9.222885 22.706444 -5.349671
v -9.349662 22.706444 -5.222895
v -9.227620 22.759682 -5.369051
v -9.207495 22.689808 -5.490347
v -9.212822 22.671505 -5.410319
v -9.222885 22.706444 -5.349671
v -9.285352 13.999997 -5.921755
v -9.285352 15.324955 -5.921756
v -9.108576 15.221401 -5.744979
v -9.108576 13.999997 -5.744978
v -10.063169 14.910742 -6.699573
v -10.063169 13.999997 -6.699573
v -10.239945 13.999997 -6.876349
v -10.239945 15.014295 -6.876349
v -9.921748 15.324955 -5.285360
v -9.921748 13.999997 -5.285359
v -9.744971 13.999997 -5.108582
v -9.744971 15.221401 -5.108583
v -10.699566 13.999997 -6.063176
v -10.699566 14.910742 -6.063177
v -10.876342 15.014295 -6.239954
v -10.876342 13.999997 -6.239953
v -10.063169 13.499997 -6.699573
v -9.285352 13.499997 -5.921755
v -9.108576 13.249997 -5.744978
v -10.239945 13.249997 -6.876349
v -9.921748 13.499997 -5.285359
v -10.699566 13.499997 -6.063176
v -10.876342 13.249997 -6.239953
v -9.744971 13.249997 -5.108582
v -10.063169 13.499997 -6.699573
v -10.699566 13.499997 -6.063176
v -10.876342 13.249997 -6.239953
v -9.921748 13.499997 -5.285359
v -9.744971 13.249997 -5.108582
v -9.285352 13.499997 -5.921755
v -8.931799 15.824955 -5.568202
v -8.755022 15.721401 -5.391426
v -9.568194 15.824955 -4.931807
v -9.921748 15.324955 -5.285360
v -9.744971 15.221401 -5.108583
v -9.391418 15.721401 -4.755030
v -10.699566 14.910742 -6.063177
v -10.346012 15.410742 -5.709623
v -10.522789 15.514295 -5.886400
v -10.876342 15.014295 -6.239954
v -9.709616 15.410742 -6.346020
v -9.886393 15.514295 -6.522796
v -9.709616 19.781948 -6.346021
v -9.886393 19.781948 -6.522798
v -8.931799 19.781948 -5.568203
v -8.755022 19.781948 -5.391427
v -9.568194 19.781948 -4.931808
v -9.568194 15.824955 -4.931807
v -9.391418 15.721401 -4.755030
v -9.391418 19.781948 -4.755031
v -10.346012 15.410742 -5.709623
v -10.346012 19.781948 -5.709625
v -10.522789 19.781948 -5.886401
v -10.522789 15.514295 -5.886400
v -8.931799 21.451180 -5.568204
v -9.709616 20.403563 -6.346021
v -9.886393 20.510706 -6.522798
v -8.755022 22.034513 -5.391428
v -10.346012 20.403563 -5.709625
v -9.568195 21.451181 -4.931808
v -9.391418 22.034515 -4.755032
v -10.522789 20.510706 -5.886402
v -8.931799 19.781948 -5.568203
v -8.931799 21.451180 -5.568204
v -8.755022 22.034513 -5.391428
v -8.755022 19.781948 -5.391427
v -9.568195 21.451181 -4.931808
v -9.568194 19.781948 -4.931808
v -9.391418 19.781948 -4.755031
v -9.391418 22.034515 -4.755032
v -10.346012 20.403563 -5.709625
v -10.522789 20.510706 -5.886402
v -9.709616 20.403563 -6.346021
v -9.886393 20.510706 -6.522798
v -10.593499 -0.000003 -6.876345
v -9.108576 -0.000002 -5.391421
v -9.391418 -0.000001 -5.108579
v -10.876342 -0.000002 -6.593502
v -10.239945 0.249997 -6.876345
v -9.108576 0.249998 -5.744974
v -9.108576 -0.000002 -5.391421
v -10.593499 -0.000003 -6.876345
v -9.744971 0.249999 -5.108579
v -10.876342 0.249998 -6.239949
v -10.876342 -0.000002 -6.593502
v -9.391418 -0.000001 -5.108579
v -10.593499 -0.000003 -6.876345
v -10.876342 -0.000002 -6.593502
v -9.744971 13.249997 -5.108582
v -10.876342 13.249997 -6.239953
v -10.876342 0.249998 -6.239949
v -9.744971 0.249999 -5.108579
v -9.391418 12.999997 -5.108582
v -9.744971 13.249997 -5.108582
v -9.744971 0.249999 -5.108579
v -9.391418 -0.000001 -5.108579
v -9.391418 -0.000001 -5.108579
v -9.108576 -0.000002 -5.391421
v -10.593499 12.999997 -6.876349
v -10.239945 13.249997 -6.876349
v -10.239945 0.249997 -6.876345
v -10.593499 -0.000003 -6.876345
v -9.285351 14.000000 5.921745
v -9.285351 15.324957 5.921745
v -10.063168 14.910745 6.699563
v -10.063168 14.000000 6.699563
v -9.921747 14.000000 5.285350
v -10.699564 14.000000 6.063167
v -10.699564 14.910745 6.063167
v -9.921747 15.324957 5.285350
v -9.391417 15.117851 5.108573
v -9.037864 15.617850 4.755019
v -8.755021 15.617850 5.037862
v -9.108575 15.117851 5.391416
v -10.593498 15.117851 6.876340
v -10.876341 15.117851 6.593497
v -10.876341 14.000000 6.593497
v -10.593498 14.000000 6.876340
v -10.876341 13.000000 6.593498
v -10.593498 13.000000 6.876341
v -9.108575 14.000000 5.391416
v -9.391417 14.000000 5.108573
v -9.391417 15.117851 5.108573
v -9.108575 15.117851 5.391416
v -9.108574 13.250000 5.744968
v -9.108574 0.250001 5.744972
v -9.108575 0.000000 5.391419
v -9.108575 13.000000 5.391416
v -9.921747 13.500000 5.285351
v -10.699564 13.500000 6.063168
v -10.063168 14.000000 6.699563
v -10.063168 13.500000 6.699564
v -9.285351 13.500000 5.921746
v -9.285351 14.000000 5.921745
v -9.108575 13.000000 5.391416
v -9.391417 13.000000 5.108574
v -8.931797 15.824957 5.568192
v -8.931797 19.781950 5.568191
v -9.709615 19.781950 6.346008
v -9.709615 15.410745 6.346009
v -10.346011 15.410744 5.709613
v -9.568194 15.824957 4.931796
v -9.285351 15.324957 5.921745
v -8.931797 15.824957 5.568192
v -9.709615 15.410745 6.346009
v -10.063168 14.910745 6.699563
v -10.593498 15.117851 6.876340
v -10.239944 15.617851 6.522786
v -10.522787 15.617851 6.239943
v -10.876341 15.117851 6.593497
v -9.037864 19.781950 4.755018
v -9.037864 22.617849 4.755017
v -8.755021 22.617849 5.037860
v -8.755021 19.781950 5.037861
v -9.037864 15.617850 4.755019
v -8.755021 15.617850 5.037862
v -10.239944 15.617851 6.522786
v -10.239944 19.781950 6.522785
v -10.522787 19.781950 6.239943
v -10.522787 15.617851 6.239943
v -10.239944 20.660707 6.664207
v -10.423491 20.772697 6.847752
v -10.423491 20.044849 6.847752
v -10.239945 19.933605 6.664207
v -8.755021 22.660706 5.179281
v -8.755021 23.077351 5.179281
v -10.423491 20.772697 6.847752
v -10.239944 20.660707 6.664207
v -8.876318 23.244936 5.017734
v -9.017738 23.244936 4.876312
v -9.142804 23.072182 5.001379
v -9.001383 23.072182 5.142800
v -10.564913 19.978910 6.847752
v -10.564913 20.814810 6.847752
v -10.847755 20.814810 6.564909
v -10.847755 19.978910 6.564909
v -10.239944 19.781950 6.522785
v -10.564913 19.978910 6.847752
v -10.847755 19.978910 6.564909
v -10.522787 19.781950 6.239943
v -9.037864 23.314808 4.755016
v -8.755021 23.314808 5.037859
v -10.664209 20.660707 6.239943
v -10.847755 20.772697 6.423488
v -9.179286 23.077351 4.755017
v -9.179286 22.660706 4.755017
v -10.664209 19.933605 6.239943
v -10.847755 20.044849 6.423489
v -10.847755 20.772697 6.423488
v -10.664209 20.660707 6.239943
v -9.108574 14.000000 5.744968
v -9.108575 14.000000 5.391416
v -9.108575 15.117851 5.391416
v -9.108574 15.221404 5.744968
v -10.239944 15.014297 6.876339
v -10.593498 15.117851 6.876340
v -10.593498 14.000000 6.876340
v -10.239944 14.000000 6.876339
v -9.744970 15.221404 5.108573
v -9.391417 15.117851 5.108573
v -9.391417 14.000000 5.108573
v -9.744970 14.000000 5.108573
v -10.876341 14.000000 6.239944
v -10.876341 14.000000 6.593497
v -10.876341 15.117851 6.593497
v -10.876341 15.014297 6.239944
v -10.876341 13.250000 6.239944
v -10.876341 0.250001 6.239948
v -10.876341 0.000001 6.593502
v -10.876341 13.000000 6.593498
v -10.239944 13.250000 6.876340
v -10.239944 0.250002 6.876344
v -9.108574 0.250001 5.744972
v -9.108574 13.250000 5.744968
v -10.239944 14.000000 6.876339
v -10.593498 14.000000 6.876340
v -10.593498 13.000000 6.876341
v -10.239944 13.250000 6.876340
v -10.876341 13.250000 6.239944
v -10.876341 13.000000 6.593498
v -10.876341 14.000000 6.593497
v -10.876341 14.000000 6.239944
v -9.744970 14.000000 5.108573
v -9.391417 14.000000 5.108573
v -9.391417 13.000000 5.108574
v -9.744970 13.250000 5.108574
v -9.108575 14.000000 5.391416
v -9.108574 14.000000 5.744968
v -9.108574 15.221404 5.744968
v -9.108575 15.117851 5.391416
v -8.755021 15.617850 5.037862
v -8.755021 15.721404 5.391415
v -9.391418 15.721404 4.755019
v -9.037864 15.617850 4.755019
v -9.391417 15.117851 5.108573
v -9.744970 15.221404 5.108573
v -10.876341 15.014297 6.239944
v -10.876341 15.117851 6.593497
v -10.522787 15.617851 6.239943
v -10.522788 15.514297 5.886389
v -9.886392 15.514297 6.522785
v -10.239944 15.617851 6.522786
v -10.593498 15.117851 6.876340
v -10.239944 15.014297 6.876339
v -9.886392 19.781950 6.522785
v -10.239944 19.781950 6.522785
v -10.239944 15.617851 6.522786
v -9.886392 15.514297 6.522785
v -8.755021 15.721404 5.391415
v -8.755021 15.617850 5.037862
v -8.755021 19.781950 5.037861
v -8.755021 19.781950 5.391415
v -9.391418 19.781950 4.755018
v -9.037864 19.781950 4.755018
v -9.037864 15.617850 4.755019
v -9.391418 15.721404 4.755019
v -10.522788 15.514297 5.886389
v -10.522787 15.617851 6.239943
v -10.522787 19.781950 6.239943
v -10.522788 19.781950 5.886389
v -8.755021 22.034515 5.391413
v -8.755021 22.617849 5.037860
v -10.239944 20.617851 6.522785
v -9.886392 20.510708 6.522784
v -10.522788 20.510708 5.886388
v -10.522787 20.617851 6.239942
v -9.037864 22.617849 4.755017
v -9.391418 22.034515 4.755017
v -8.755021 19.781950 5.391415
v -8.755021 19.781950 5.037861
v -8.755021 22.617849 5.037860
v -8.755021 22.034515 5.391413
v -9.391418 22.034515 4.755017
v -9.037864 22.617849 4.755017
v -9.037864 19.781950 4.755018
v -9.391418 19.781950 4.755018
v -10.522788 19.781950 5.886389
v -10.522787 19.781950 6.239943
v -10.522787 20.617851 6.239942
v -10.522788 20.510708 5.886388
v -9.886392 20.510708 6.522784
v -10.239944 20.617851 6.522785
v -10.239944 19.781950 6.522785
v -9.886392 19.781950 6.522785
v -10.239944 20.660707 6.664207
v -10.239944 20.617851 6.522785
v -8.755021 22.617849 5.037860
v -8.755021 22.660706 5.179281
v -9.179286 22.660706 4.755017
v -9.037864 22.617849 4.755017
v -10.522787 20.617851 6.239942
v -10.664209 20.660707 6.239943
v -10.664209 20.660707 6.239943
v -10.522787 20.617851 6.239942
v -10.522787 19.781950 6.239943
v -10.664209 19.933605 6.239943
v -10.239945 19.933605 6.664207
v -10.239944 19.781950 6.522785
v -10.239944 20.617851 6.522785
v -10.239944 20.660707 6.664207
v -10.847755 20.044849 6.423489
v -10.847755 19.978910 6.564909
v -10.847755 20.814810 6.564909
v -10.847755 20.772697 6.423488
v -10.423491 20.772697 6.847752
v -10.564913 20.814810 6.847752
v -10.564913 19.978910 6.847752
v -10.423491 20.044849 6.847752
v -8.755021 22.660706 5.179281
v -8.755021 22.617849 5.037860
v -8.755021 23.314808 5.037859
v -8.755021 23.077351 5.179281
v -10.423491 20.044849 6.847752
v -10.564913 19.978910 6.847752
v -10.239944 19.781950 6.522785
v -10.239945 19.933605 6.664207
v -10.664209 19.933605 6.239943
v -10.522787 19.781950 6.239943
v -10.847755 19.978910 6.564909
v -10.847755 20.044849 6.423489
v -9.179286 23.077351 4.755017
v -9.037864 23.314808 4.755016
v -9.037864 22.617849 4.755017
v -9.179286 22.660706 4.755017
v -9.470211 22.619936 5.328787
v -9.595277 22.447182 5.453853
v -9.453856 22.447182 5.595273
v -9.328790 22.619936 5.470207
v -9.922684 21.994936 5.781260
v -10.047750 21.822182 5.906325
v -9.906328 21.822182 6.047747
v -9.781262 21.994936 5.922680
v -10.375156 21.369938 6.233732
v -10.500221 21.197182 6.358798
v -10.358801 21.197182 6.500219
v -10.233735 21.369938 6.375154
v -9.696447 22.307436 5.555023
v -9.821513 22.134682 5.680088
v -9.680092 22.134682 5.821509
v -9.555026 22.307436 5.696444
v -10.148920 21.682436 6.007496
v -10.273986 21.509682 6.132562
v -10.132565 21.509682 6.273983
v -10.007499 21.682436 6.148916
v -10.601393 21.057438 6.459969
v -10.726458 20.884684 6.585035
v -10.585037 20.884684 6.726457
v -10.459970 21.057438 6.601390
v -9.243975 22.932436 5.102550
v -9.369040 22.759682 5.227616
v -9.227619 22.759682 5.369037
v -9.102553 22.932436 5.243971
v -8.755021 23.314808 5.037859
v -8.876318 23.244936 5.017734
v -9.001383 23.072182 5.142800
v -8.981258 23.002308 5.264096
v -8.986585 22.984009 5.184069
v -8.996647 23.018944 5.123421
v -9.123425 23.018944 4.996644
v -9.184072 22.984009 4.986581
v -9.264100 23.002308 4.981254
v -9.142804 23.072182 5.001379
v -9.017738 23.244936 4.876312
v -9.037864 23.314808 4.755016
v -8.983130 23.261570 4.785637
v -8.973066 23.226635 4.846285
v -8.846290 23.226635 4.973062
v -8.785641 23.261570 4.983124
v -9.435601 22.636570 5.238110
v -9.425538 22.601635 5.298758
v -9.298762 22.601635 5.425534
v -9.238114 22.636570 5.435597
v -9.207494 22.689808 5.490332
v -9.328790 22.619936 5.470207
v -9.453856 22.447182 5.595273
v -9.433731 22.377308 5.716568
v -9.439058 22.359009 5.636541
v -9.449121 22.393944 5.575893
v -9.575897 22.393944 5.449117
v -9.636545 22.359009 5.439054
v -9.716574 22.377308 5.433725
v -9.595277 22.447182 5.453853
v -9.470211 22.619936 5.328787
v -9.490336 22.689808 5.207491
v -9.888074 22.011570 5.690582
v -9.878012 21.976635 5.751230
v -9.751234 21.976635 5.878008
v -9.690586 22.011570 5.888071
v -9.659966 22.064808 5.942806
v -9.781262 21.994936 5.922680
v -9.906328 21.822182 6.047747
v -9.886203 21.752308 6.169043
v -9.891530 21.734009 6.089014
v -9.901593 21.768944 6.028366
v -10.028370 21.768944 5.901589
v -10.089018 21.734009 5.891527
v -10.169045 21.752308 5.886199
v -10.047750 21.822182 5.906325
v -9.922684 21.994936 5.781260
v -9.942809 22.064808 5.659964
v -10.340547 21.386572 6.143057
v -10.330484 21.351635 6.203705
v -10.203708 21.351635 6.330481
v -10.143059 21.386572 6.340544
v -10.112439 21.439810 6.395279
v -10.233735 21.369938 6.375154
v -10.358801 21.197182 6.500219
v -10.338676 21.127310 6.621515
v -10.344004 21.109009 6.541488
v -10.354066 21.143944 6.480840
v -10.480843 21.143944 6.354063
v -10.541491 21.109009 6.344000
v -10.621519 21.127310 6.338673
v -10.500221 21.197182 6.358798
v -10.375156 21.369938 6.233732
v -10.395283 21.439810 6.112436
v -9.661839 22.324070 5.464346
v -9.651775 22.289135 5.524994
v -9.524999 22.289135 5.651771
v -9.464350 22.324070 5.661833
v -9.433731 22.377308 5.716568
v -9.555026 22.307436 5.696444
v -9.680092 22.134682 5.821509
v -9.659966 22.064808 5.942806
v -9.665295 22.046509 5.862778
v -9.675356 22.081444 5.802130
v -9.802134 22.081444 5.675353
v -9.862782 22.046509 5.665291
v -9.942809 22.064808 5.659964
v -9.821513 22.134682 5.680088
v -9.696447 22.307436 5.555023
v -9.716574 22.377308 5.433725
v -10.114310 21.699070 5.916820
v -10.104248 21.664135 5.977467
v -9.977470 21.664135 6.104244
v -9.916822 21.699070 6.114307
v -9.886203 21.752308 6.169043
v -10.007499 21.682436 6.148916
v -10.132565 21.509682 6.273983
v -10.112439 21.439810 6.395279
v -10.117766 21.421509 6.315251
v -10.127830 21.456444 6.254603
v -10.254606 21.456444 6.127827
v -10.315254 21.421509 6.117764
v -10.395283 21.439810 6.112436
v -10.273986 21.509682 6.132562
v -10.148920 21.682436 6.007496
v -10.169045 21.752308 5.886199
v -10.566784 21.074072 6.369293
v -10.556721 21.039135 6.429941
v -10.429943 21.039135 6.556717
v -10.369295 21.074072 6.566780
v -10.338676 21.127310 6.621515
v -10.459970 21.057438 6.601390
v -10.585037 20.884684 6.726457
v -10.564913 20.814810 6.847752
v -10.570240 20.796509 6.767724
v -10.580303 20.831446 6.707076
v -10.707079 20.831446 6.580299
v -10.767727 20.796509 6.570236
v -10.847755 20.814810 6.564909
v -10.726458 20.884684 6.585035
v -10.601393 21.057438 6.459969
v -10.621519 21.127310 6.338673
v -9.209365 22.949070 5.011873
v -9.199303 22.914135 5.072521
v -9.072525 22.914135 5.199299
v -9.011877 22.949070 5.209361
v -8.981258 23.002308 5.264096
v -9.102553 22.932436 5.243971
v -9.227619 22.759682 5.369037
v -9.207494 22.689808 5.490332
v -9.212821 22.671509 5.410305
v -9.222883 22.706444 5.349657
v -9.349661 22.706444 5.222880
v -9.410309 22.671509 5.212818
v -9.490336 22.689808 5.207491
v -9.369040 22.759682 5.227616
v -9.243975 22.932436 5.102550
v -9.264100 23.002308 4.981254
v -8.981258 23.002308 5.264096
v -8.986585 22.984009 5.184069
v -9.184072 22.984009 4.986581
v -9.264100 23.002308 4.981254
v -9.264100 23.002308 4.981254
v -9.184072 22.984009 4.986581
v -9.123425 23.018944 4.996644
v -9.142804 23.072182 5.001379
v -9.142804 23.072182 5.001379
v -9.123425 23.018944 4.996644
v -8.996647 23.018944 5.123421
v -9.001383 23.072182 5.142800
v -9.001383 23.072182 5.142800
v -8.996647 23.018944 5.123421
v -8.986585 22.984009 5.184069
v -8.981258 23.002308 5.264096
v -9.037864 23.314808 4.755016
v -8.983130 23.261570 4.785637
v -8.785641 23.261570 4.983124
v -8.755021 23.314808 5.037859
v -8.755021 23.314808 5.037859
v -8.785641 23.261570 4.983124
v -8.846290 23.226635 4.973062
v -8.876318 23.244936 5.017734
v -8.876318 23.244936 5.017734
v -8.846290 23.226635 4.973062
v -8.973066 23.226635 4.846285
v -9.017738 23.244936 4.876312
v -9.017738 23.244936 4.876312
v -8.973066 23.226635 4.846285
v -8.983130 23.261570 4.785637
v -9.037864 23.314808 4.755016
v -9.490336 22.689808 5.207491
v -9.435601 22.636570 5.238110
v -9.238114 22.636570 5.435597
v -9.207494 22.689808 5.490332
v -9.207494 22.689808 5.490332
v -9.238114 22.636570 5.435597
v -9.298762 22.601635 5.425534
v -9.328790 22.619936 5.470207
v -9.328790 22.619936 5.470207
v -9.298762 22.601635 5.425534
v -9.425538 22.601635 5.298758
v -9.470211 22.619936 5.328787
v -9.470211 22.619936 5.328787
v -9.425538 22.601635 5.298758
v -9.435601 22.636570 5.238110
v -9.490336 22.689808 5.207491
v -9.433731 22.377308 5.716568
v -9.439058 22.359009 5.636541
v -9.636545 22.359009 5.439054
v -9.716574 22.377308 5.433725
v -9.716574 22.377308 5.433725
v -9.636545 22.359009 5.439054
v -9.575897 22.393944 5.449117
v -9.595277 22.447182 5.453853
v -9.595277 22.447182 5.453853
v -9.575897 22.393944 5.449117
v -9.449121 22.393944 5.575893
v -9.453856 22.447182 5.595273
v -9.453856 22.447182 5.595273
v -9.449121 22.393944 5.575893
v -9.439058 22.359009 5.636541
v -9.433731 22.377308 5.716568
v -9.942809 22.064808 5.659964
v -9.888074 22.011570 5.690582
v -9.690586 22.011570 5.888071
v -9.659966 22.064808 5.942806
v -9.659966 22.064808 5.942806
v -9.690586 22.011570 5.888071
v -9.751234 21.976635 5.878008
v -9.781262 21.994936 5.922680
v -9.781262 21.994936 5.922680
v -9.751234 21.976635 5.878008
v -9.878012 21.976635 5.751230
v -9.922684 21.994936 5.781260
v -9.922684 21.994936 5.781260
v -9.878012 21.976635 5.751230
v -9.888074 22.011570 5.690582
v -9.942809 22.064808 5.659964
v -9.886203 21.752308 6.169043
v -9.891530 21.734009 6.089014
v -10.089018 21.734009 5.891527
v -10.169045 21.752308 5.886199
v -10.169045 21.752308 5.886199
v -10.089018 21.734009 5.891527
v -10.028370 21.768944 5.901589
v -10.047750 21.822182 5.906325
v -10.047750 21.822182 5.906325
v -10.028370 21.768944 5.901589
v -9.901593 21.768944 6.028366
v -9.906328 21.822182 6.047747
v -9.906328 21.822182 6.047747
v -9.901593 21.768944 6.028366
v -9.891530 21.734009 6.089014
v -9.886203 21.752308 6.169043
v -10.395283 21.439810 6.112436
v -10.340547 21.386572 6.143057
v -10.143059 21.386572 6.340544
v -10.112439 21.439810 6.395279
v -10.112439 21.439810 6.395279
v -10.143059 21.386572 6.340544
v -10.203708 21.351635 6.330481
v -10.233735 21.369938 6.375154
v -10.233735 21.369938 6.375154
v -10.203708 21.351635 6.330481
v -10.330484 21.351635 6.203705
v -10.375156 21.369938 6.233732
v -10.375156 21.369938 6.233732
v -10.330484 21.351635 6.203705
v -10.340547 21.386572 6.143057
v -10.395283 21.439810 6.112436
v -10.338676 21.127310 6.621515
v -10.344004 21.109009 6.541488
v -10.541491 21.109009 6.344000
v -10.621519 21.127310 6.338673
v -10.621519 21.127310 6.338673
v -10.541491 21.109009 6.344000
v -10.480843 21.143944 6.354063
v -10.500221 21.197182 6.358798
v -10.500221 21.197182 6.358798
v -10.480843 21.143944 6.354063
v -10.354066 21.143944 6.480840
v -10.358801 21.197182 6.500219
v -10.358801 21.197182 6.500219
v -10.354066 21.143944 6.480840
v -10.344004 21.109009 6.541488
v -10.338676 21.127310 6.621515
v -9.716574 22.377308 5.433725
v -9.661839 22.324070 5.464346
v -9.464350 22.324070 5.661833
v -9.433731 22.377308 5.716568
v -9.433731 22.377308 5.716568
v -9.464350 22.324070 5.661833
v -9.524999 22.289135 5.651771
v -9.555026 22.307436 5.696444
v -9.555026 22.307436 5.696444
v -9.524999 22.289135 5.651771
v -9.651775 22.289135 5.524994
v -9.696447 22.307436 5.555023
v -9.696447 22.307436 5.555023
v -9.651775 22.289135 5.524994
v -9.661839 22.324070 5.464346
v -9.716574 22.377308 5.433725
v -9.659966 22.064808 5.942806
v -9.665295 22.046509 5.862778
v -9.862782 22.046509 5.665291
v -9.942809 22.064808 5.659964
v -9.942809 22.064808 5.659964
v -9.862782 22.046509 5.665291
v -9.802134 22.081444 5.675353
v -9.821513 22.134682 5.680088
v -9.821513 22.134682 5.680088
v -9.802134 22.081444 5.675353
v -9.675356 22.081444 5.802130
v -9.680092 22.134682 5.821509
v -9.680092 22.134682 5.821509
v -9.675356 22.081444 5.802130
v -9.665295 22.046509 5.862778
v -9.659966 22.064808 5.942806
v -10.169045 21.752308 5.886199
v -10.114310 21.699070 5.916820
v -9.916822 21.699070 6.114307
v -9.886203 21.752308 6.169043
v -9.886203 21.752308 6.169043
v -9.916822 21.699070 6.114307
v -9.977470 21.664135 6.104244
v -10.007499 21.682436 6.148916
v -10.007499 21.682436 6.148916
v -9.977470 21.664135 6.104244
v -10.104248 21.664135 5.977467
v -10.148920 21.682436 6.007496
v -10.148920 21.682436 6.007496
v -10.104248 21.664135 5.977467
v -10.114310 21.699070 5.916820
v -10.169045 21.752308 5.886199
v -10.112439 21.439810 6.395279
v -10.117766 21.421509 6.315251
v -10.315254 21.421509 6.117764
v -10.395283 21.439810 6.112436
v -10.395283 21.439810 6.112436
v -10.315254 21.421509 6.117764
v -10.254606 21.456444 6.127827
v -10.273986 21.509682 6.132562
v -10.273986 21.509682 6.132562
v -10.254606 21.456444 6.127827
v -10.127830 21.456444 6.254603
v -10.132565 21.509682 6.273983
v -10.132565 21.509682 6.273983
v -10.127830 21.456444 6.254603
v -10.117766 21.421509 6.315251
v -10.112439 21.439810 6.395279
v -10.621519 21.127310 6.338673
v -10.566784 21.074072 6.369293
v -10.369295 21.074072 6.566780
v -10.338676 21.127310 6.621515
v -10.338676 21.127310 6.621515
v -10.369295 21.074072 6.566780
v -10.429943 21.039135 6.556717
v -10.459970 21.057438 6.601390
v -10.459970 21.057438 6.601390
v -10.429943 21.039135 6.556717
v -10.556721 21.039135 6.429941
v -10.601393 21.057438 6.459969
v -10.601393 21.057438 6.459969
v -10.556721 21.039135 6.429941
v -10.566784 21.074072 6.369293
v -10.621519 21.127310 6.338673
v -10.564913 20.814810 6.847752
v -10.570240 20.796509 6.767724
v -10.767727 20.796509 6.570236
v -10.847755 20.814810 6.564909
v -10.847755 20.814810 6.564909
v -10.767727 20.796509 6.570236
v -10.707079 20.831446 6.580299
v -10.726458 20.884684 6.585035
v -10.726458 20.884684 6.585035
v -10.707079 20.831446 6.580299
v -10.580303 20.831446 6.707076
v -10.585037 20.884684 6.726457
v -10.585037 20.884684 6.726457
v -10.580303 20.831446 6.707076
v -10.570240 20.796509 6.767724
v -10.564913 20.814810 6.847752
v -9.264100 23.002308 4.981254
v -9.209365 22.949070 5.011873
v -9.011877 22.949070 5.209361
v -8.981258 23.002308 5.264096
v -8.981258 23.002308 5.264096
v -9.011877 22.949070 5.209361
v -9.072525 22.914135 5.199299
v -9.102553 22.932436 5.243971
v -9.102553 22.932436 5.243971
v -9.072525 22.914135 5.199299
v -9.199303 22.914135 5.072521
v -9.243975 22.932436 5.102550
v -9.243975 22.932436 5.102550
v -9.199303 22.914135 5.072521
v -9.209365 22.949070 5.011873
v -9.264100 23.002308 4.981254
v -9.207494 22.689808 5.490332
v -9.212821 22.671509 5.410305
v -9.410309 22.671509 5.212818
v -9.490336 22.689808 5.207491
v -9.490336 22.689808 5.207491
v -9.410309 22.671509 5.212818
v -9.349661 22.706444 5.222880
v -9.369040 22.759682 5.227616
v -9.369040 22.759682 5.227616
v -9.349661 22.706444 5.222880
v -9.222883 22.706444 5.349657
v -9.227619 22.759682 5.369037
v -9.227619 22.759682 5.369037
v -9.222883 22.706444 5.349657
v -9.212821 22.671509 5.410305
v -9.207494 22.689808 5.490332
v -9.285351 14.000000 5.921745
v -9.108574 14.000000 5.744968
v -9.108574 15.221404 5.744968
v -9.285351 15.324957 5.921745
v -10.063168 14.910745 6.699563
v -10.239944 15.014297 6.876339
v -10.239944 14.000000 6.876339
v -10.063168 14.000000 6.699563
v -9.921747 15.324957 5.285350
v -9.744970 15.221404 5.108573
v -9.744970 14.000000 5.108573
v -9.921747 14.000000 5.285350
v -10.699564 14.000000 6.063167
v -10.876341 14.000000 6.239944
v -10.876341 15.014297 6.239944
v -10.699564 14.910745 6.063167
v -10.063168 13.500000 6.699564
v -10.239944 13.250000 6.876340
v -9.108574 13.250000 5.744968
v -9.285351 13.500000 5.921746
v -9.921747 13.500000 5.285351
v -9.744970 13.250000 5.108574
v -10.876341 13.250000 6.239944
v -10.699564 13.500000 6.063168
v -10.063168 14.000000 6.699563
v -10.239944 14.000000 6.876339
v -10.239944 13.250000 6.876340
v -10.063168 13.500000 6.699564
v -10.699564 13.500000 6.063168
v -10.876341 13.250000 6.239944
v -10.876341 14.000000 6.239944
v -10.699564 14.000000 6.063167
v -9.921747 14.000000 5.285350
v -9.744970 14.000000 5.108573
v -9.744970 13.250000 5.108574
v -9.921747 13.500000 5.285351
v -9.285351 13.500000 5.921746
v -9.108574 13.250000 5.744968
v -9.108574 14.000000 5.744968
v -9.285351 14.000000 5.921745
v -9.285351 15.324957 5.921745
v -9.108574 15.221404 5.744968
v -8.755021 15.721404 5.391415
v -8.931797 15.824957 5.568192
v -9.568194 15.824957 4.931796
v -9.391418 15.721404 4.755019
v -10.699564 14.910745 6.063167
v -10.876341 15.014297 6.239944
v -10.522788 15.514297 5.886389
v -10.346011 15.410744 5.709613
v -9.709615 15.410745 6.346009
v -9.886392 15.514297 6.522785
v -10.239944 15.014297 6.876339
v -10.063168 14.910745 6.699563
v -9.709615 19.781950 6.346008
v -9.886392 19.781950 6.522785
v -9.886392 15.514297 6.522785
v -9.709615 15.410745 6.346009
v -8.931797 15.824957 5.568192
v -8.755021 15.721404 5.391415
v -8.755021 19.781950 5.391415
v -8.931797 19.781950 5.568191
v -9.568194 19.781950 4.931795
v -9.391418 19.781950 4.755018
v -9.391418 15.721404 4.755019
v -9.568194 15.824957 4.931796
v -10.346011 15.410744 5.709613
v -10.522788 15.514297 5.886389
v -10.522788 19.781950 5.886389
v -10.346011 19.781950 5.709612
v -8.931798 21.451183 5.568191
v -8.755021 22.034515 5.391413
v -9.886392 20.510708 6.522784
v -9.709615 20.403566 6.346008
v -10.346011 20.403566 5.709612
v -10.522788 20.510708 5.886388
v -9.391418 22.034515 4.755017
v -9.568194 21.451183 4.931795
v -8.931797 19.781950 5.568191
v -8.755021 19.781950 5.391415
v -8.755021 22.034515 5.391413
v -8.931798 21.451183 5.568191
v -9.568194 21.451183 4.931795
v -9.391418 22.034515 4.755017
v -9.391418 19.781950 4.755018
v -9.568194 19.781950 4.931795
v -10.346011 19.781950 5.709612
v -10.522788 19.781950 5.886389
v -10.522788 20.510708 5.886388
v -10.346011 20.403566 5.709612
v -9.709615 20.403566 6.346008
v -9.886392 20.510708 6.522784
v -9.886392 19.781950 6.522785
v -9.709615 19.781950 6.346008
v -10.593498 0.000001 6.876345
v -10.876341 0.000001 6.593502
v -9.391417 0.000000 5.108578
v -9.108575 0.000000 5.391419
v -10.239944 0.250002 6.876344
v -10.593498 0.000001 6.876345
v -9.108575 0.000000 5.391419
v -9.108574 0.250001 5.744972
v -9.744970 0.250000 5.108578
v -9.391417 0.000000 5.108578
v -10.876341 0.000001 6.593502
v -10.876341 0.250001 6.239948
v -10.876341 0.000001 6.593502
v -10.593498 0.000001 6.876345
v -9.744970 13.250000 5.108574
v -9.744970 0.250000 5.108578
v -10.876341 0.250001 6.239948
v -10.876341 13.250000 6.239944
v -9.391417 13.000000 5.108574
v -9.391417 0.000000 5.108578
v -9.744970 0.250000 5.108578
v -9.744970 13.250000 5.108574
v -9.108575 0.000000 5.391419
v -9.391417 0.000000 5.108578
v -10.593498 13.000000 6.876341
v -10.593498 0.000001 6.876345
v -10.239944 0.250002 6.876344
v -10.239944 13.250000 6.876340
v -8.755022 23.077349 -5.179296
v -10.423491 20.772696 -6.847765
v -10.564913 20.814808 -6.847765
v -10.338676 21.127306 -6.621529
v -10.112440 21.439806 -6.395292
v -9.886204 21.752308 -6.169056
v -9.659967 22.064808 -5.942820
v -9.433731 22.377308 -5.716584
v -9.207495 22.689808 -5.490347
v -8.981258 23.002308 -5.264111
v -8.755022 23.314808 -5.037875
v -10.847755 20.772696 -6.423501
v -9.179286 23.077351 -4.755032
v -9.037865 23.314808 -4.755032
v -9.264101 23.002308 -4.981268
v -9.490337 22.689808 -5.207505
v -9.716574 22.377308 -5.433741
v -9.942810 22.064808 -5.659977
v -10.169046 21.752308 -5.886213
v -10.395283 21.439808 -6.112450
v -10.621519 21.127308 -6.338686
v -10.847755 20.814808 -6.564922
v -8.755021 23.077351 5.179281
v -8.755021 23.314808 5.037859
v -8.981258 23.002308 5.264096
v -9.207494 22.689808 5.490332
v -9.433731 22.377308 5.716568
v -9.659966 22.064808 5.942806
v -9.886203 21.752308 6.169043
v -10.112439 21.439810 6.395279
v -10.338676 21.127310 6.621515
v -10.564913 20.814810 6.847752
v -10.423491 20.772697 6.847752
v -10.847755 20.772697 6.423488
v -10.847755 20.814810 6.564909
v -10.621519 21.127310 6.338673
v -10.395283 21.439810 6.112436
v -10.169045 21.752308 5.886199
v -9.942809 22.064808 5.659964
v -9.716574 22.377308 5.433725
v -9.490336 22.689808 5.207491
v -9.264100 23.002308 4.981254
v -9.037864 23.314808 4.755016
v -9.179286 23.077351 4.755017
vn -0.7071 -0.0000 0.7071
vn 0.7071 -0.0000 -0.7071
vn -0.7071 -0.0000 -0.7071
vn 0.7071 -0.0000 0.7071
vn 0.5000 -0.7071 0.5000
vn 1.0000 -0.0000 -0.0000
vn -0.5000 0.7071 -0.5000
vn -0.4941 0.7154 -0.4941
vn -0.2785 -0.9191 -0.2785
vn -0.0000 -0.0000 -1.0000
vn -0.0000 -0.0000 1.0000
vn -1.0000 -0.0000 -0.0000
vn 0.8536 -0.5000 -0.1464
vn -0.1464 -0.5000 0.8536
vn -0.8536 0.5000 0.1464
vn 0.1464 0.5000 -0.8536
vn 0.1552 0.5120 -0.8448
vn -0.8448 0.5120 0.1552
vn 0.8448 -0.5120 -0.1552
vn -0.1552 -0.5120 0.8448
vn 0.3030 -0.6499 -0.6970
vn -0.6970 -0.6499 0.3030
vn 0.2315 0.9449 0.2315
vn -0.0937 -0.1220 -0.9881
vn -0.6734 -0.3050 -0.6734
vn -0.9881 -0.1220 -0.0937
vn -0.3482 0.7618 0.5462
vn 0.5462 0.7618 -0.3482
vn 0.5462 0.7619 -0.3482
vn 0.5462 0.7618 -0.3483
vn -0.0000 -1.0000 -0.0000
vn 0.5000 -0.7071 -0.5000
vn -0.5000 -0.7071 0.5000
vn -0.5000 0.7071 0.5000
vn -0.4941 0.7154 0.4941
vn -0.2785 -0.9191 0.2785
vn 0.8536 -0.5000 0.1464
vn -0.1464 -0.5000 -0.8536
vn -0.8536 0.5000 -0.1464
vn 0.1464 0.5000 0.8536
vn 0.1552 0.5120 0.8448
vn -0.8448 0.5120 -0.1552
vn 0.8448 -0.5120 0.1552
vn -0.1552 -0.5120 -0.8448
vn 0.3030 -0.6499 0.6970
vn -0.6970 -0.6499 -0.3030
vn 0.2315 0.9449 -0.2315
vn -0.0937 -0.1220 0.9881
vn -0.6734 -0.3050 0.6734
vn -0.9881 -0.1220 0.0937
vn -0.3482 0.7618 -0.5462
vn -0.3483 0.7618 -0.5462
vn 0.5462 0.7618 0.3482
vn 0.5462 0.7619 0.3482
vn -0.3482 0.7619 -0.5462
vn 0.5462 0.7618 0.3483
vn 0.5462 0.7619 0.3483
vn -0.3483 0.7619 -0.5462
vn -0.5000 -0.7071 -0.5000
vn 0.1506 0.5059 -0.8494
vn 0.1507 0.5058 -0.8494
vn 0.1506 0.5058 -0.8494
vn -0.8494 0.5059 0.1506
vn -0.8494 0.5058 0.1507
vn -0.8494 0.5058 0.1506
vn 0.1506 0.5059 0.8494
vn 0.1506 0.5058 0.8494
vn -0.8494 0.5059 -0.1506
vn -0.8494 0.5059 -0.1507
vn -0.8494 0.5058 -0.1506
vt 0.465127 0.209560
vt 0.447778 0.210903
vt 0.466434 0.215255
vt 0.404143 0.164097
vt 0.422799 0.159745
vt 0.407653 0.148801
vt 0.421492 0.165440
vt 0.451288 0.226199
vt 0.399892 0.225917
vt 0.421372 0.227581
vt 0.419134 0.210687
vt 0.402656 0.205547
vt 0.443528 0.149083
vt 0.446291 0.169453
vt 0.462769 0.164313
vt 0.465007 0.147419
vt 0.862500 0.185207
vt 0.856135 0.185207
vt 0.856135 0.191744
vt 0.862500 0.191744
vt 0.849771 0.212188
vt 0.849771 0.229952
vt 0.856135 0.229952
vt 0.856135 0.212188
vt 0.849771 0.237500
vt 0.856135 0.237500
vt 0.856135 0.172134
vt 0.862500 0.172134
vt 0.768433 0.232411
vt 0.763026 0.234323
vt 0.463956 0.142838
vt 0.442476 0.144502
vt 0.398841 0.230498
vt 0.420320 0.232162
vt 0.862500 0.165597
vt 0.856135 0.165597
vt 0.395821 0.200355
vt 0.412299 0.205494
vt 0.439457 0.174645
vt 0.455935 0.169506
vt 0.856135 0.205746
vt 0.849771 0.205746
vt 0.862500 0.218963
vt 0.856135 0.218963
vt 0.862500 0.237500
vt 0.856135 0.174317
vt 0.849771 0.174317
vt 0.806135 0.158392
vt 0.804606 0.165054
vt 0.804606 0.165055
vt 0.806137 0.158385
vt 0.778436 0.138379
vt 0.778373 0.138333
vt 0.851362 0.142439
vt 0.851362 0.144256
vt 0.854544 0.144256
vt 0.854544 0.142439
vt 0.856135 0.168007
vt 0.849771 0.168007
vt 0.849771 0.216608
vt 0.822072 0.236621
vt 0.822008 0.236667
vt 0.849772 0.216615
vt 0.848242 0.209946
vt 0.848242 0.209946
vt 0.770010 0.225538
vt 0.773495 0.206191
vt 0.769334 0.206834
vt 0.765129 0.225160
vt 0.798295 0.210043
vt 0.801254 0.227959
vt 0.806135 0.228337
vt 0.802455 0.209400
vt 0.817131 0.168809
vt 0.813646 0.149462
vt 0.808764 0.149840
vt 0.812970 0.168166
vt 0.844889 0.147041
vt 0.841930 0.164957
vt 0.846091 0.165600
vt 0.849771 0.146663
vt 0.843312 0.140169
vt 0.847668 0.137500
vt 0.799676 0.234831
vt 0.804033 0.237500
vt 0.812069 0.142589
vt 0.806661 0.140677
vt 0.766661 0.200998
vt 0.762500 0.201642
vt 0.810296 0.174002
vt 0.806135 0.173358
vt 0.835096 0.170149
vt 0.839256 0.170793
vt 0.791460 0.204851
vt 0.795621 0.204207
vt 0.800435 0.165746
vt 0.804378 0.166051
vt 0.775200 0.163791
vt 0.771257 0.163486
vt 0.818835 0.211209
vt 0.814892 0.211514
vt 0.844070 0.209254
vt 0.848013 0.208949
vt 0.779937 0.143151
vt 0.801967 0.159068
vt 0.777220 0.137500
vt 0.845603 0.215932
vt 0.823572 0.231849
vt 0.820856 0.237500
vt 0.854544 0.149015
vt 0.851362 0.149015
vt 0.851362 0.150832
vt 0.854544 0.150832
vt 0.854544 0.155591
vt 0.851362 0.155591
vt 0.851362 0.157408
vt 0.854544 0.157408
vt 0.854544 0.162167
vt 0.851362 0.162167
vt 0.851362 0.163984
vt 0.854544 0.163984
vt 0.854544 0.152303
vt 0.851362 0.152303
vt 0.851362 0.154121
vt 0.854544 0.154121
vt 0.854544 0.158879
vt 0.851362 0.158879
vt 0.851362 0.160696
vt 0.854544 0.160696
vt 0.854544 0.165455
vt 0.851362 0.165455
vt 0.851362 0.167272
vt 0.854544 0.167272
vt 0.854544 0.145727
vt 0.851362 0.145727
vt 0.851362 0.147544
vt 0.854544 0.147544
vt 0.849771 0.141704
vt 0.849771 0.144992
vt 0.475731 0.144808
vt 0.480175 0.144808
vt 0.479380 0.144440
vt 0.476527 0.144440
vt 0.856135 0.144992
vt 0.856135 0.141704
vt 0.480175 0.141887
vt 0.475731 0.141887
vt 0.476527 0.142255
vt 0.479379 0.142255
vt 0.480175 0.148463
vt 0.475731 0.148463
vt 0.476527 0.148831
vt 0.479379 0.148831
vt 0.849771 0.148280
vt 0.849771 0.151568
vt 0.475731 0.151384
vt 0.480175 0.151384
vt 0.479380 0.151016
vt 0.476527 0.151016
vt 0.856135 0.151568
vt 0.856135 0.148280
vt 0.480175 0.155039
vt 0.475731 0.155039
vt 0.476527 0.155407
vt 0.479379 0.155407
vt 0.849771 0.154856
vt 0.849771 0.158144
vt 0.475731 0.157960
vt 0.480175 0.157960
vt 0.479379 0.157592
vt 0.476527 0.157592
vt 0.856135 0.158144
vt 0.856135 0.154856
vt 0.480175 0.161615
vt 0.475731 0.161615
vt 0.476527 0.161983
vt 0.479380 0.161983
vt 0.849771 0.161432
vt 0.849771 0.164720
vt 0.475731 0.164536
vt 0.480175 0.164536
vt 0.479380 0.164168
vt 0.476527 0.164168
vt 0.856135 0.164720
vt 0.856135 0.161432
vt 0.480175 0.151751
vt 0.475731 0.151751
vt 0.476527 0.152119
vt 0.479380 0.152119
vt 0.475731 0.154672
vt 0.480175 0.154672
vt 0.479379 0.154304
vt 0.476527 0.154304
vt 0.480175 0.158327
vt 0.475731 0.158327
vt 0.476527 0.158695
vt 0.479379 0.158695
vt 0.475731 0.161248
vt 0.480175 0.161248
vt 0.479379 0.160880
vt 0.476527 0.160880
vt 0.480175 0.164903
vt 0.475731 0.164903
vt 0.476527 0.165271
vt 0.479380 0.165271
vt 0.475731 0.167824
vt 0.480175 0.167824
vt 0.479380 0.167456
vt 0.476527 0.167456
vt 0.480175 0.145175
vt 0.475731 0.145175
vt 0.476527 0.145543
vt 0.479380 0.145543
vt 0.475731 0.148096
vt 0.480175 0.148096
vt 0.479379 0.147728
vt 0.476527 0.147728
vt 0.474771 0.144992
vt 0.481135 0.144992
vt 0.479544 0.144256
vt 0.476362 0.144256
vt 0.481135 0.141704
vt 0.474771 0.141704
vt 0.476362 0.142439
vt 0.479544 0.142439
vt 0.481135 0.148280
vt 0.474771 0.148280
vt 0.476362 0.149015
vt 0.479544 0.149015
vt 0.474771 0.151568
vt 0.481135 0.151568
vt 0.479544 0.150832
vt 0.476362 0.150832
vt 0.481135 0.154856
vt 0.474771 0.154856
vt 0.476362 0.155591
vt 0.479544 0.155591
vt 0.474771 0.158144
vt 0.481135 0.158144
vt 0.479544 0.157408
vt 0.476362 0.157408
vt 0.481135 0.161432
vt 0.474771 0.161432
vt 0.476362 0.162167
vt 0.479544 0.162167
vt 0.474771 0.164720
vt 0.481135 0.164720
vt 0.479544 0.163984
vt 0.476362 0.163984
vt 0.476362 0.152303
vt 0.479544 0.152303
vt 0.479544 0.154121
vt 0.476362 0.154121
vt 0.476362 0.158879
vt 0.479544 0.158879
vt 0.479544 0.160696
vt 0.476362 0.160696
vt 0.476362 0.165455
vt 0.479544 0.165455
vt 0.474771 0.168007
vt 0.481135 0.168007
vt 0.479544 0.167272
vt 0.476362 0.167272
vt 0.476362 0.145727
vt 0.479544 0.145727
vt 0.479544 0.147544
vt 0.476362 0.147544
vt 0.774892 0.225917
vt 0.777656 0.205547
vt 0.794134 0.210687
vt 0.796372 0.227581
vt 0.821291 0.169453
vt 0.818528 0.149083
vt 0.840007 0.147419
vt 0.837769 0.164313
vt 0.795320 0.232162
vt 0.773841 0.230498
vt 0.817476 0.144502
vt 0.838956 0.142838
vt 0.770821 0.200355
vt 0.814457 0.174645
vt 0.830935 0.169506
vt 0.787299 0.205494
vt 0.796492 0.165440
vt 0.779143 0.164097
vt 0.822778 0.210903
vt 0.840127 0.209560
vt 0.782653 0.148801
vt 0.797799 0.159745
vt 0.841434 0.215255
vt 0.826288 0.226199
vt 0.856135 0.148602
vt 0.862500 0.148602
vt 0.802521 0.155780
vt 0.798907 0.153169
vt 0.795292 0.150557
vt 0.791678 0.147946
vt 0.788064 0.145334
vt 0.784449 0.142723
vt 0.780835 0.140111
vt 0.846156 0.219220
vt 0.842542 0.221831
vt 0.838928 0.224443
vt 0.835313 0.227054
vt 0.831699 0.229666
vt 0.828085 0.232277
vt 0.824470 0.234889
s 0
usemtl Placeable
f 9440/1086/619 9441/1087/619 9442/1088/619
f 9443/1089/620 9444/1090/620 9445/1091/620
f 9446/1090/620 9447/1089/620 9448/1092/620
f 9449/1088/619 9450/1087/619 9451/1093/619
f 9452/1086/621 9453/1088/621 9454/1087/621
f 9455/1089/622 9456/1091/622 9457/1090/622
f 9458/1090/622 9459/1092/622 9460/1089/622
f 9453/1088/621 9461/1093/621 9454/1087/621
f 9462/1094/620 9463/1095/620 9464/1096/620
f 9462/1094/620 9464/1096/620 9465/1097/620
f 9466/1098/619 9467/1099/619 9468/1100/619
f 9466/1098/619 9468/1100/619 9469/1101/619
f 9470/1102/623 9471/1103/623 9472/1104/623
f 9470/1102/623 9472/1104/623 9473/1105/623
f 9474/1106/621 9475/1107/621 9476/1108/621
f 9474/1106/621 9476/1108/621 9477/1109/621
f 9476/1108/621 9475/1107/621 9478/1110/621
f 9476/1108/621 9478/1110/621 9479/1111/621
f 9480/1112/622 9481/1103/622 9482/1102/622
f 9480/1112/622 9482/1102/622 9483/1113/622
s 1
f 9484/1114/624 9485/1115/624 9486/1115/624
s 0
f 9484/1114/624 9486/1115/624 9487/1114/624
f 9488/1098/619 9489/1101/619 9490/1116/619
f 9488/1098/619 9490/1116/619 9491/1117/619
f 9463/1095/620 9462/1094/620 9492/1118/620
f 9463/1095/620 9492/1118/620 9493/1119/620
f 9480/1112/622 9483/1113/622 9494/1120/622
f 9480/1112/622 9494/1120/622 9495/1121/622
f 9496/1122/620 9497/1123/620 9448/1092/620
f 9496/1122/620 9448/1092/620 9447/1089/620
f 9498/1100/619 9499/1099/619 9500/1124/619
f 9498/1100/619 9500/1124/619 9501/1125/619
f 9502/1097/620 9503/1096/620 9504/1123/620
f 9502/1097/620 9504/1123/620 9505/1122/620
f 9506/1106/625 9507/1109/625 9508/1126/625
f 9506/1106/625 9508/1126/625 9509/1127/625
f 9510/1128/622 9511/1129/622 9512/1111/622
f 9510/1128/622 9512/1111/622 9513/1130/622
f 9514/1105/622 9515/1104/622 9511/1129/622
f 9514/1105/622 9511/1129/622 9510/1128/622
f 9516/1125/619 9517/1124/619 9441/1087/619
f 9516/1125/619 9441/1087/619 9440/1086/619
f 9518/1127/621 9519/1126/621 9520/1131/621
f 9518/1127/621 9520/1131/621 9521/1132/621
f 9522/1133/620 9523/1134/620 9524/1135/620
f 9522/1133/620 9524/1135/620 9525/1136/620
f 9526/1137/620 9527/1133/620 9528/1136/620
f 9526/1137/620 9528/1136/620 9529/1138/620
f 9530/1139/626 9531/1140/626 9532/1141/626
f 9530/1139/626 9532/1141/626 9533/1142/626
f 9534/1132/621 9535/1131/621 9536/1143/621
f 9534/1132/621 9536/1143/621 9537/1144/621
f 9538/1132/627 9539/1131/627 9540/1131/627
f 9538/1132/627 9540/1131/627 9541/1132/627
f 9513/1130/622 9512/1111/622 9542/1111/622
f 9513/1130/622 9542/1111/622 9543/1130/622
f 9544/1145/619 9545/1146/619 9546/1147/619
f 9544/1145/619 9546/1147/619 9547/1148/619
f 9548/1149/619 9544/1145/619 9547/1148/619
f 9548/1149/619 9547/1148/619 9549/1150/619
f 9550/1151/624 9551/1152/624 9552/1153/624
f 9550/1151/624 9552/1153/624 9553/1154/624
f 9554/1155/628 9555/1156/628 9556/1157/628
f 9554/1155/628 9556/1157/628 9557/1158/628
f 9558/1159/629 9559/1160/629 9560/1161/629
f 9558/1159/629 9560/1161/629 9561/1162/629
f 9562/1163/630 9563/1164/630 9564/1165/630
f 9562/1163/630 9564/1165/630 9565/1166/630
s 1
f 9566/1167/630 9567/1168/630 9568/1168/630
f 9566/1167/630 9568/1168/630 9569/1167/630
s 0
f 9570/1169/620 9571/1114/620 9572/1114/620
f 9570/1169/620 9572/1114/620 9573/1169/620
f 9574/1156/628 9575/1169/628 9576/1170/628
f 9574/1156/628 9576/1170/628 9577/1157/628
f 9578/1167/630 9579/1163/630 9580/1166/630
f 9578/1167/630 9580/1166/630 9581/1168/630
f 9582/1160/629 9583/1171/629 9584/1172/629
f 9582/1160/629 9584/1172/629 9585/1161/629
f 9586/1114/624 9587/1151/624 9588/1154/624
f 9586/1114/624 9588/1154/624 9589/1115/624
f 9590/1152/631 9591/1173/631 9592/1174/631
f 9590/1152/631 9592/1174/631 9593/1153/631
f 9594/1175/632 9595/1159/632 9596/1162/632
f 9594/1175/632 9596/1162/632 9597/1176/632
f 9598/1164/633 9599/1177/633 9600/1178/633
f 9598/1164/633 9600/1178/633 9601/1165/633
f 9602/1179/634 9603/1155/634 9604/1158/634
f 9602/1179/634 9604/1158/634 9605/1180/634
f 9606/1181/628 9607/1179/628 9608/1180/628
f 9606/1181/628 9608/1180/628 9609/1182/628
f 9610/1173/624 9611/1183/624 9612/1184/624
s 1
f 9610/1173/624 9612/1184/624 9613/1174/624
s 0
f 9614/1185/629 9615/1175/629 9616/1176/629
f 9614/1185/629 9616/1176/629 9617/1186/629
f 9618/1177/630 9619/1187/630 9620/1188/630
s 1
f 9618/1177/630 9620/1188/630 9621/1178/630
s 0
f 9622/1189/635 9623/1190/635 9624/1133/635
f 9622/1189/635 9624/1133/635 9625/1191/635
f 9626/1192/636 9627/1193/636 9628/1194/636
f 9626/1192/636 9628/1194/636 9629/1145/636
f 9630/1183/624 9631/1189/624 9632/1191/624
f 9630/1183/624 9632/1191/624 9633/1184/624
s 1
f 9634/1193/629 9635/1185/629 9636/1186/629
s 0
f 9634/1193/629 9636/1186/629 9637/1194/629
f 9638/1187/630 9639/1192/630 9640/1145/630
f 9638/1187/630 9640/1145/630 9641/1188/630
f 9642/1190/628 9643/1181/628 9644/1182/628
f 9642/1190/628 9644/1182/628 9645/1133/628
f 9646/1133/637 9647/1137/637 9648/1191/637
f 9646/1133/637 9648/1191/637 9649/1133/637
s 1
f 9650/1146/638 9651/1145/638 9652/1145/638
s 0
f 9650/1146/638 9652/1145/638 9653/1194/638
f 9654/1145/629 9655/1149/629 9656/1188/629
f 9654/1145/629 9656/1188/629 9657/1145/629
f 9658/1134/624 9659/1133/624 9660/1133/624
f 9658/1134/624 9660/1133/624 9661/1182/624
f 9662/1150/630 9663/1148/630 9664/1145/630
f 9662/1150/630 9664/1145/630 9665/1188/630
f 9666/1136/628 9667/1135/628 9668/1182/628
f 9666/1136/628 9668/1182/628 9669/1133/628
f 9670/1137/624 9671/1138/624 9672/1191/624
f 9670/1137/624 9672/1191/624 9673/1191/624
f 9674/1135/639 9675/1134/639 9676/1182/639
f 9674/1135/639 9676/1182/639 9677/1182/639
f 9678/1149/640 9679/1150/640 9680/1188/640
f 9678/1149/640 9680/1188/640 9681/1188/640
f 9682/1147/629 9683/1146/629 9684/1194/629
f 9682/1147/629 9684/1194/629 9685/1194/629
f 9686/1195/626 9687/1196/626 9688/1197/626
f 9686/1195/626 9688/1197/626 9689/1198/626
f 9690/1199/626 9691/1200/626 9692/1201/626
f 9690/1199/626 9692/1201/626 9693/1202/626
f 9694/1203/626 9695/1204/626 9696/1205/626
f 9694/1203/626 9696/1205/626 9697/1206/626
f 9698/1207/626 9699/1208/626 9700/1209/626
f 9698/1207/626 9700/1209/626 9701/1210/626
f 9702/1211/626 9703/1212/626 9704/1213/626
f 9702/1211/626 9704/1213/626 9705/1214/626
f 9706/1215/626 9707/1216/626 9708/1217/626
f 9706/1215/626 9708/1217/626 9709/1218/626
f 9710/1219/626 9711/1220/626 9712/1221/626
f 9710/1219/626 9712/1221/626 9713/1222/626
f 9714/1223/626 9715/1224/626 9716/1140/626
f 9714/1223/626 9716/1140/626 9717/1139/626
f 9718/1225/626 9719/1226/626 9720/1227/626
f 9718/1225/626 9720/1227/626 9721/1228/626
f 9722/1229/626 9723/1230/626 9724/1142/626
f 9722/1229/626 9724/1142/626 9725/1141/626
f 9726/1231/626 9727/1232/626 9728/1233/626
f 9726/1231/626 9728/1233/626 9729/1234/626
f 9730/1235/626 9731/1236/626 9732/1237/626
f 9730/1235/626 9732/1237/626 9733/1238/626
f 9734/1239/626 9735/1240/626 9736/1197/626
f 9734/1239/626 9736/1197/626 9737/1196/626
f 9738/1241/626 9739/1242/626 9740/1243/626
f 9738/1241/626 9740/1243/626 9741/1244/626
f 9742/1245/626 9743/1246/626 9744/1195/626
f 9742/1245/626 9744/1195/626 9745/1198/626
f 9746/1247/626 9747/1248/626 9748/1249/626
f 9746/1247/626 9748/1249/626 9749/1250/626
f 9750/1251/626 9751/1252/626 9752/1201/626
f 9750/1251/626 9752/1201/626 9753/1200/626
f 9754/1253/626 9755/1254/626 9756/1255/626
f 9754/1253/626 9756/1255/626 9757/1256/626
f 9758/1257/626 9759/1258/626 9760/1199/626
f 9758/1257/626 9760/1199/626 9761/1202/626
f 9762/1259/626 9763/1260/626 9764/1261/626
f 9762/1259/626 9764/1261/626 9765/1262/626
f 9766/1263/626 9767/1264/626 9768/1205/626
f 9766/1263/626 9768/1205/626 9769/1204/626
f 9770/1265/626 9771/1266/626 9772/1267/626
f 9770/1265/626 9772/1267/626 9773/1268/626
f 9774/1269/626 9775/1270/626 9776/1203/626
f 9774/1269/626 9776/1203/626 9777/1206/626
f 9778/1271/626 9779/1272/626 9780/1273/626
f 9778/1271/626 9780/1273/626 9781/1274/626
f 9782/1240/626 9750/1251/626 9783/1209/626
f 9782/1240/626 9783/1209/626 9784/1208/626
f 9785/1275/626 9786/1276/626 9787/1277/626
f 9785/1275/626 9787/1277/626 9788/1278/626
f 9759/1258/626 9789/1245/626 9790/1207/626
f 9759/1258/626 9790/1207/626 9791/1210/626
f 9792/1279/626 9793/1280/626 9794/1281/626
f 9792/1279/626 9794/1281/626 9795/1282/626
f 9796/1252/626 9797/1263/626 9798/1213/626
f 9796/1252/626 9798/1213/626 9799/1212/626
f 9800/1283/626 9801/1284/626 9802/1285/626
f 9800/1283/626 9802/1285/626 9803/1286/626
f 9804/1270/626 9805/1257/626 9806/1211/626
f 9804/1270/626 9806/1211/626 9807/1214/626
f 9808/1287/626 9809/1288/626 9810/1289/626
f 9808/1287/626 9810/1289/626 9811/1290/626
f 9812/1264/626 9813/1144/626 9814/1217/626
f 9812/1264/626 9814/1217/626 9815/1216/626
f 9816/1291/626 9817/1292/626 9818/1293/626
f 9816/1291/626 9818/1293/626 9819/1294/626
f 9820/1143/626 9821/1269/626 9822/1215/626
f 9820/1143/626 9822/1215/626 9823/1218/626
f 9824/1295/626 9825/1296/626 9826/1297/626
f 9824/1295/626 9826/1297/626 9827/1298/626
f 9828/1224/626 9829/1239/626 9830/1221/626
f 9828/1224/626 9830/1221/626 9831/1220/626
f 9832/1299/626 9833/1300/626 9834/1301/626
f 9832/1299/626 9834/1301/626 9835/1302/626
f 9836/1246/626 9837/1229/626 9838/1219/626
f 9836/1246/626 9838/1219/626 9839/1222/626
f 9840/1303/641 9841/1304/641 9842/1226/641
f 9840/1303/641 9842/1226/641 9843/1225/641
f 9844/1304/642 9845/1305/642 9846/1227/642
f 9844/1304/642 9846/1227/642 9847/1226/642
f 9848/1305/643 9849/1306/643 9850/1228/643
f 9848/1305/643 9850/1228/643 9851/1227/643
f 9852/1306/644 9853/1303/644 9854/1225/644
f 9852/1306/644 9854/1225/644 9855/1228/644
f 9856/1307/643 9857/1308/643 9858/1232/643
f 9856/1307/643 9858/1232/643 9859/1231/643
f 9860/1308/645 9861/1309/645 9862/1233/645
f 9860/1308/645 9862/1233/645 9863/1232/645
f 9864/1309/641 9865/1310/641 9866/1234/641
f 9864/1309/641 9866/1234/641 9867/1233/641
f 9868/1310/646 9869/1307/646 9870/1231/646
f 9868/1310/646 9870/1231/646 9871/1234/646
f 9872/1311/643 9873/1312/643 9874/1236/643
f 9872/1311/643 9874/1236/643 9875/1235/643
f 9876/1312/645 9877/1313/645 9878/1237/645
f 9876/1312/645 9878/1237/645 9879/1236/645
f 9880/1313/641 9881/1314/641 9882/1238/641
f 9880/1313/641 9882/1238/641 9883/1237/641
f 9884/1314/646 9885/1311/646 9886/1235/646
f 9884/1314/646 9886/1235/646 9887/1238/646
f 9888/1315/641 9889/1316/641 9890/1242/641
f 9888/1315/641 9890/1242/641 9891/1241/641
f 9892/1316/642 9893/1317/642 9894/1243/642
f 9892/1316/642 9894/1243/642 9895/1242/642
f 9896/1317/643 9897/1318/643 9898/1244/643
f 9896/1317/643 9898/1244/643 9899/1243/643
f 9900/1318/644 9901/1315/644 9902/1241/644
s 1
f 9900/1318/644 9902/1241/644 9903/1244/644
s 0
f 9904/1319/643 9905/1320/643 9906/1248/643
f 9904/1319/643 9906/1248/643 9907/1247/643
f 9908/1320/645 9909/1321/645 9910/1249/645
f 9908/1320/645 9910/1249/645 9911/1248/645
f 9912/1321/641 9913/1322/641 9914/1250/641
f 9912/1321/641 9914/1250/641 9915/1249/641
f 9916/1322/646 9917/1319/646 9918/1247/646
f 9916/1322/646 9918/1247/646 9919/1250/646
f 9920/1323/641 9921/1324/641 9922/1254/641
f 9920/1323/641 9922/1254/641 9923/1253/641
f 9924/1324/642 9925/1325/642 9926/1255/642
f 9924/1324/642 9926/1255/642 9927/1254/642
f 9928/1325/643 9929/1326/643 9930/1256/643
f 9928/1325/643 9930/1256/643 9931/1255/643
f 9932/1326/644 9933/1323/644 9934/1253/644
f 9932/1326/644 9934/1253/644 9935/1256/644
f 9936/1327/643 9937/1328/643 9938/1260/643
f 9936/1327/643 9938/1260/643 9939/1259/643
s 1
f 9940/1328/645 9941/1329/645 9942/1261/645
s 0
f 9940/1328/645 9942/1261/645 9943/1260/645
f 9944/1329/641 9945/1330/641 9946/1262/641
f 9944/1329/641 9946/1262/641 9947/1261/641
f 9948/1330/646 9949/1327/646 9950/1259/646
f 9948/1330/646 9950/1259/646 9951/1262/646
f 9952/1331/641 9953/1332/641 9954/1266/641
f 9952/1331/641 9954/1266/641 9955/1265/641
f 9956/1332/642 9957/1333/642 9958/1267/642
f 9956/1332/642 9958/1267/642 9959/1266/642
f 9960/1333/643 9961/1334/643 9962/1268/643
f 9960/1333/643 9962/1268/643 9963/1267/643
f 9964/1334/644 9965/1331/644 9966/1265/644
f 9964/1334/644 9966/1265/644 9967/1268/644
f 9968/1316/643 9969/1315/643 9970/1272/643
f 9968/1316/643 9970/1272/643 9971/1271/643
f 9972/1315/645 9973/1335/645 9974/1273/645
f 9972/1315/645 9974/1273/645 9975/1272/645
f 9976/1335/641 9977/1336/641 9978/1274/641
f 9976/1335/641 9978/1274/641 9979/1273/641
f 9980/1336/647 9981/1316/647 9982/1271/647
f 9980/1336/648 9982/1271/648 9983/1274/648
f 9984/1320/641 9985/1319/641 9986/1276/641
f 9984/1320/641 9986/1276/641 9987/1275/641
f 9988/1319/642 9989/1337/642 9990/1277/642
f 9988/1319/642 9990/1277/642 9991/1276/642
f 9992/1337/643 9993/1338/643 9994/1278/643
f 9992/1337/643 9994/1278/643 9995/1277/643
f 9996/1338/644 9997/1320/644 9998/1275/644
f 9996/1338/644 9998/1275/644 9999/1278/644
f 10000/1324/643 10001/1323/643 10002/1280/643
f 10000/1324/643 10002/1280/643 10003/1279/643
f 10004/1323/645 10005/1339/645 10006/1281/645
f 10004/1323/645 10006/1281/645 10007/1280/645
f 10008/1339/641 10009/1340/641 10010/1282/641
f 10008/1339/641 10010/1282/641 10011/1281/641
f 10012/1340/646 10013/1324/646 10014/1279/646
f 10012/1340/646 10014/1279/646 10015/1282/646
f 10016/1328/641 10017/1327/641 10018/1284/641
f 10016/1328/641 10018/1284/641 10019/1283/641
f 10020/1327/642 10021/1341/642 10022/1285/642
f 10020/1327/642 10022/1285/642 10023/1284/642
f 10024/1341/643 10025/1342/643 10026/1286/643
f 10024/1341/643 10026/1286/643 10027/1285/643
f 10028/1342/644 10029/1328/644 10030/1283/644
f 10028/1342/644 10030/1283/644 10031/1286/644
f 10032/1332/643 10033/1331/643 10034/1288/643
f 10032/1332/643 10034/1288/643 10035/1287/643
f 10036/1331/645 10037/1343/645 10038/1289/645
f 10036/1331/645 10038/1289/645 10039/1288/645
f 10040/1343/641 10041/1344/641 10042/1290/641
f 10040/1343/641 10042/1290/641 10043/1289/641
f 10044/1344/647 10045/1332/647 10046/1287/647
f 10044/1344/648 10046/1287/648 10047/1290/648
f 10048/1345/641 10049/1346/641 10050/1292/641
f 10048/1345/641 10050/1292/641 10051/1291/641
f 10052/1346/642 10053/1347/642 10054/1293/642
f 10052/1346/642 10054/1293/642 10055/1292/642
f 10056/1347/643 10057/1348/643 10058/1294/643
f 10056/1347/643 10058/1294/643 10059/1293/643
f 10060/1348/644 10061/1345/644 10062/1291/644
f 10060/1348/644 10062/1291/644 10063/1294/644
f 10064/1304/643 10065/1303/643 10066/1296/643
f 10064/1304/643 10066/1296/643 10067/1295/643
f 10068/1303/645 10069/1349/645 10070/1297/645
f 10068/1303/645 10070/1297/645 10071/1296/645
f 10072/1349/641 10073/1350/641 10074/1298/641
f 10072/1349/641 10074/1298/641 10075/1297/641
f 10076/1350/646 10077/1304/646 10078/1295/646
f 10076/1350/648 10078/1295/648 10079/1298/648
f 10080/1312/641 10081/1311/641 10082/1300/641
f 10080/1312/641 10082/1300/641 10083/1299/641
f 10084/1311/642 10085/1351/642 10086/1301/642
f 10084/1311/642 10086/1301/642 10087/1300/642
f 10088/1351/643 10089/1352/643 10090/1302/643
f 10088/1351/643 10090/1302/643 10091/1301/643
f 10092/1352/644 10093/1312/644 10094/1299/644
f 10092/1352/644 10094/1299/644 10095/1302/644
f 10096/1353/620 10097/1354/620 10098/1152/620
f 10096/1353/620 10098/1152/620 10099/1151/620
f 10100/1355/620 10101/1356/620 10102/1156/620
f 10100/1355/620 10102/1156/620 10103/1155/620
f 10104/1357/619 10105/1358/619 10106/1160/619
f 10104/1357/619 10106/1160/619 10107/1159/619
f 10108/1359/619 10109/1360/619 10110/1164/619
f 10108/1359/619 10110/1164/619 10111/1163/619
f 10112/1361/620 10113/1362/620 10114/1114/620
f 10112/1361/620 10114/1114/620 10115/1169/620
f 10116/1363/619 10117/1364/619 10118/1167/619
f 10116/1363/619 10118/1167/619 10119/1171/619
f 10101/1356/620 10120/1361/620 9570/1169/620
f 10101/1356/620 9570/1169/620 10102/1156/620
f 10121/1364/619 10108/1359/619 10111/1163/619
f 10121/1364/619 10111/1163/619 10122/1167/619
f 10105/1358/619 10123/1363/619 10124/1171/619
f 10105/1358/619 10124/1171/619 10106/1160/619
f 10125/1362/620 10096/1353/620 10099/1151/620
f 10125/1362/620 10099/1151/620 9571/1114/620
f 10097/1354/620 10126/1365/620 10127/1173/620
f 10097/1354/620 10127/1173/620 10098/1152/620
f 10128/1366/619 10129/1357/619 10130/1159/619
f 10128/1366/619 10130/1159/619 10131/1175/619
f 10132/1360/619 10133/1367/619 10134/1177/619
f 10132/1360/619 10134/1177/619 10135/1164/619
f 10136/1368/620 10100/1355/620 10103/1155/620
f 10136/1368/620 10103/1155/620 10137/1179/620
f 10138/1369/620 10136/1368/620 10137/1179/620
f 10138/1369/620 10137/1179/620 10139/1181/620
f 10126/1365/620 10140/1370/620 10141/1183/620
f 10126/1365/620 10141/1183/620 10127/1173/620
f 10142/1371/619 10143/1366/619 10144/1175/619
f 10142/1371/619 10144/1175/619 10145/1185/619
f 10146/1367/619 10147/1372/619 10148/1187/619
f 10146/1367/619 10148/1187/619 10149/1177/619
f 10150/1373/620 10151/1374/620 10152/1190/620
f 10150/1373/620 10152/1190/620 10153/1189/620
f 10154/1375/619 10155/1376/619 10156/1193/619
f 10154/1375/619 10156/1193/619 10157/1192/619
f 10158/1370/620 10159/1373/620 10160/1189/620
f 10158/1370/620 10160/1189/620 10161/1183/620
f 10162/1376/619 10163/1371/619 10164/1185/619
f 10162/1376/619 10164/1185/619 10165/1193/619
f 10147/1372/619 10166/1375/619 10167/1192/619
f 10147/1372/619 10167/1192/619 10148/1187/619
f 10168/1374/620 10138/1369/620 10139/1181/620
f 10168/1374/620 10139/1181/620 10169/1190/620
f 10170/1377/649 10171/1121/649 10172/1120/649
f 10170/1377/649 10172/1120/649 10173/1378/649
f 10174/1169/650 10175/1114/650 10176/1115/650
f 10174/1169/650 10176/1115/650 10177/1170/650
f 10178/1171/651 10179/1167/651 10180/1168/651
f 10178/1171/651 10180/1168/651 10181/1172/651
f 9479/1111/621 9478/1110/621 10182/1110/621
f 9479/1111/621 10182/1110/621 10183/1111/621
f 10184/1171/619 10185/1167/619 10186/1167/619
f 10184/1171/619 10186/1167/619 10187/1171/619
s 1
f 10188/1172/629 10189/1171/629 10190/1171/629
f 10188/1172/629 10190/1171/629 10191/1172/629
s 0
f 9495/1121/622 9494/1120/622 10192/1120/622
f 9495/1121/622 10192/1120/622 10193/1121/622
s 1
f 10194/1170/628 10195/1169/628 10196/1169/628
f 10194/1170/628 10196/1169/628 10197/1170/628
s 0
f 10198/1094/622 10199/1097/622 10200/1096/622
f 10198/1094/622 10200/1096/622 10201/1095/622
f 10202/1098/621 10203/1101/621 10204/1100/621
f 10202/1098/621 10204/1100/621 10205/1099/621
f 10206/1102/650 10207/1105/650 10208/1104/650
f 10206/1102/650 10208/1104/650 10209/1103/650
f 10210/1106/619 10211/1109/619 10212/1108/619
f 10210/1106/619 10212/1108/619 10213/1107/619
f 10212/1108/619 10214/1111/619 10215/1110/619
f 10212/1108/619 10215/1110/619 10213/1107/619
f 10216/1112/620 10217/1113/620 10218/1102/620
f 10216/1112/620 10218/1102/620 10219/1103/620
f 10220/1114/624 10221/1114/624 10222/1115/624
f 10220/1114/624 10222/1115/624 10223/1115/624
f 10202/1098/621 10224/1117/621 10225/1116/621
f 10202/1098/621 10225/1116/621 10203/1101/621
f 10226/1095/622 10227/1119/622 10228/1118/622
f 10226/1095/622 10228/1118/622 10229/1094/622
f 10216/1112/620 10230/1121/620 10231/1120/620
f 10216/1112/620 10231/1120/620 10217/1113/620
f 10232/1122/622 10233/1089/622 10234/1092/622
f 10232/1122/622 10234/1092/622 10235/1123/622
f 10204/1100/621 10236/1125/621 10237/1124/621
f 10204/1100/621 10237/1124/621 10205/1099/621
f 10238/1097/622 10239/1122/622 10240/1123/622
f 10238/1097/622 10240/1123/622 10241/1096/622
s 1
f 10242/1106/652 10243/1127/652 10244/1126/652
s 0
f 10242/1106/652 10244/1126/652 10245/1109/652
f 10246/1128/620 10247/1130/620 10248/1111/620
f 10246/1128/620 10248/1111/620 10249/1129/620
f 10250/1105/620 10246/1128/620 10249/1129/620
f 10250/1105/620 10249/1129/620 10251/1104/620
f 10236/1125/621 9452/1086/621 9454/1087/621
f 10236/1125/621 9454/1087/621 10237/1124/621
f 10252/1127/619 10253/1132/619 10254/1131/619
f 10252/1127/619 10254/1131/619 10255/1126/619
f 10256/1133/622 10257/1136/622 10258/1135/622
f 10256/1133/622 10258/1135/622 10259/1134/622
f 10260/1137/622 10261/1138/622 10262/1136/622
f 10260/1137/622 10262/1136/622 10263/1133/622
f 10264/1139/653 10265/1142/653 10266/1141/653
f 10264/1139/653 10266/1141/653 10267/1140/653
f 10268/1132/619 10269/1144/619 10270/1143/619
f 10268/1132/619 10270/1143/619 10271/1131/619
f 10272/1132/654 10273/1132/654 10274/1131/654
f 10272/1132/654 10274/1131/654 10275/1131/654
f 10247/1130/620 10276/1130/620 10277/1111/620
f 10247/1130/620 10277/1111/620 10248/1111/620
f 10278/1145/621 10279/1148/621 10280/1147/621
f 10278/1145/621 10280/1147/621 10281/1146/621
f 10282/1149/621 10283/1150/621 10284/1148/621
f 10282/1149/621 10284/1148/621 10285/1145/621
f 10286/1151/624 10287/1154/624 10288/1153/624
f 10286/1151/624 10288/1153/624 10289/1152/624
f 10290/1155/629 10291/1158/629 10292/1157/629
f 10290/1155/629 10292/1157/629 10293/1156/629
f 10294/1159/628 10295/1162/628 10296/1161/628
f 10294/1159/628 10296/1161/628 10297/1160/628
f 10298/1163/630 10299/1166/630 10300/1165/630
f 10298/1163/630 10300/1165/630 10301/1164/630
f 10302/1167/630 10303/1167/630 10304/1168/630
f 10302/1167/630 10304/1168/630 10305/1168/630
f 10306/1169/622 10307/1169/622 10308/1114/622
f 10306/1169/622 10308/1114/622 10309/1114/622
f 10310/1156/629 10311/1157/629 10312/1170/629
f 10310/1156/629 10312/1170/629 10313/1169/629
f 10314/1167/630 10315/1168/630 10316/1166/630
f 10314/1167/630 10316/1166/630 10317/1163/630
f 10318/1160/628 10319/1161/628 10320/1172/628
f 10318/1160/628 10320/1172/628 10321/1171/628
f 10220/1114/624 10223/1115/624 10322/1154/624
f 10220/1114/624 10322/1154/624 10323/1151/624
f 10324/1152/655 10325/1153/655 10326/1174/655
f 10324/1152/655 10326/1174/655 10327/1173/655
f 10328/1175/656 10329/1176/656 10330/1162/656
f 10328/1175/656 10330/1162/656 10331/1159/656
f 10332/1164/657 10333/1165/657 10334/1178/657
f 10332/1164/657 10334/1178/657 10335/1177/657
f 10336/1179/658 10337/1180/658 10338/1158/658
f 10336/1179/658 10338/1158/658 10339/1155/658
f 10340/1181/629 10341/1182/629 10342/1180/629
f 10340/1181/629 10342/1180/629 10343/1179/629
f 10344/1173/624 10345/1174/624 10346/1184/624
f 10344/1173/624 10346/1184/624 10347/1183/624
f 10348/1185/628 10349/1186/628 10350/1176/628
f 10348/1185/628 10350/1176/628 10351/1175/628
f 10352/1177/630 10353/1178/630 10354/1188/630
f 10352/1177/630 10354/1188/630 10355/1187/630
f 10356/1189/659 10357/1191/659 10358/1133/659
s 1
f 10356/1189/659 10358/1133/659 10359/1190/659
s 0
f 10360/1192/660 10361/1145/660 10362/1194/660
f 10360/1192/660 10362/1194/660 10363/1193/660
f 10364/1183/624 10365/1184/624 10366/1191/624
s 1
f 10364/1183/624 10366/1191/624 10367/1189/624
s 0
f 10368/1193/628 10369/1194/628 10370/1186/628
f 10368/1193/628 10370/1186/628 10371/1185/628
f 10372/1187/630 10373/1188/630 10374/1145/630
f 10372/1187/630 10374/1145/630 10375/1192/630
f 10376/1190/629 10377/1133/629 10378/1182/629
f 10376/1190/629 10378/1182/629 10379/1181/629
f 10380/1133/661 10381/1133/661 10382/1191/661
f 10380/1133/661 10382/1191/661 10383/1137/661
f 10384/1146/662 10385/1194/662 10386/1145/662
f 10384/1146/662 10386/1145/662 10387/1145/662
s 1
f 10388/1145/628 10389/1145/628 10390/1188/628
s 0
f 10388/1145/628 10390/1188/628 10391/1149/628
f 10392/1134/624 10393/1182/624 10394/1133/624
f 10392/1134/624 10394/1133/624 10395/1133/624
f 10396/1150/630 10397/1188/630 10398/1145/630
f 10396/1150/630 10398/1145/630 10399/1148/630
f 10400/1136/629 10401/1133/629 10402/1182/629
f 10400/1136/629 10402/1182/629 10403/1135/629
f 10404/1137/624 10405/1191/624 10406/1191/624
s 1
f 10404/1137/624 10406/1191/624 10407/1138/624
s 0
f 10408/1135/663 10409/1182/663 10410/1182/663
f 10408/1135/663 10410/1182/663 10411/1134/663
s 1
f 10412/1149/664 10413/1188/664 10414/1188/664
s 0
f 10412/1149/664 10414/1188/664 10415/1150/664
f 10416/1147/628 10417/1194/628 10418/1194/628
f 10416/1147/628 10418/1194/628 10419/1146/628
f 10420/1195/653 10421/1198/653 10422/1197/653
f 10420/1195/653 10422/1197/653 10423/1196/653
f 10424/1199/653 10425/1202/653 10426/1201/653
f 10424/1199/653 10426/1201/653 10427/1200/653
f 10428/1203/653 10429/1206/653 10430/1205/653
f 10428/1203/653 10430/1205/653 10431/1204/653
f 10432/1207/653 10433/1210/653 10434/1209/653
f 10432/1207/653 10434/1209/653 10435/1208/653
f 10436/1211/653 10437/1214/653 10438/1213/653
f 10436/1211/653 10438/1213/653 10439/1212/653
f 10440/1215/653 10441/1218/653 10442/1217/653
f 10440/1215/653 10442/1217/653 10443/1216/653
f 10444/1219/653 10445/1222/653 10446/1221/653
f 10444/1219/653 10446/1221/653 10447/1220/653
f 10448/1223/653 10449/1139/653 10450/1140/653
f 10448/1223/653 10450/1140/653 10451/1224/653
f 10452/1225/653 10453/1228/653 10454/1227/653
f 10452/1225/653 10454/1227/653 10455/1226/653
f 10456/1229/653 10457/1141/653 10458/1142/653
f 10456/1229/653 10458/1142/653 10459/1230/653
f 10460/1231/653 10461/1234/653 10462/1233/653
f 10460/1231/653 10462/1233/653 10463/1232/653
f 10464/1235/653 10465/1238/653 10466/1237/653
f 10464/1235/653 10466/1237/653 10467/1236/653
f 10468/1239/653 10469/1196/653 10470/1197/653
f 10468/1239/653 10470/1197/653 10471/1240/653
f 10472/1241/653 10473/1244/653 10474/1243/653
f 10472/1241/653 10474/1243/653 10475/1242/653
f 10476/1245/653 10477/1198/653 10478/1195/653
f 10476/1245/653 10478/1195/653 10479/1246/653
f 10480/1247/653 10481/1250/653 10482/1249/653
f 10480/1247/653 10482/1249/653 10483/1248/653
f 10484/1251/653 10485/1200/653 10486/1201/653
f 10484/1251/653 10486/1201/653 10487/1252/653
f 10488/1253/653 10489/1256/653 10490/1255/653
f 10488/1253/653 10490/1255/653 10491/1254/653
f 10492/1257/653 10493/1202/653 10494/1199/653
f 10492/1257/653 10494/1199/653 10495/1258/653
f 10496/1259/653 10497/1262/653 10498/1261/653
f 10496/1259/653 10498/1261/653 10499/1260/653
f 10500/1263/653 10501/1204/653 10502/1205/653
f 10500/1263/653 10502/1205/653 10503/1264/653
f 10504/1265/653 10505/1268/653 10506/1267/653
f 10504/1265/653 10506/1267/653 10507/1266/653
f 10508/1269/653 10509/1206/653 10510/1203/653
f 10508/1269/653 10510/1203/653 10511/1270/653
f 10512/1271/653 10513/1274/653 10514/1273/653
f 10512/1271/653 10514/1273/653 10515/1272/653
f 10516/1240/653 10517/1208/653 10518/1209/653
f 10516/1240/653 10518/1209/653 10519/1251/653
f 10520/1275/653 10521/1278/653 10522/1277/653
f 10520/1275/653 10522/1277/653 10523/1276/653
f 10524/1258/653 10525/1210/653 10526/1207/653
f 10524/1258/653 10526/1207/653 10527/1245/653
f 10528/1279/653 10529/1282/653 10530/1281/653
f 10528/1279/653 10530/1281/653 10531/1280/653
f 10532/1252/653 10533/1212/653 10534/1213/653
f 10532/1252/653 10534/1213/653 10535/1263/653
f 10536/1283/653 10537/1286/653 10538/1285/653
f 10536/1283/653 10538/1285/653 10539/1284/653
f 10540/1270/653 10541/1214/653 10542/1211/653
f 10540/1270/653 10542/1211/653 10543/1257/653
s 1
f 10544/1287/653 10545/1290/653 10546/1289/653
s 0
f 10544/1287/653 10546/1289/653 10547/1288/653
f 10548/1264/653 10549/1216/653 10550/1217/653
f 10548/1264/653 10550/1217/653 10551/1144/653
f 10552/1291/653 10553/1294/653 10554/1293/653
f 10552/1291/653 10554/1293/653 10555/1292/653
f 10556/1143/653 10557/1218/653 10558/1215/653
f 10556/1143/653 10558/1215/653 10559/1269/653
f 10560/1295/653 10561/1298/653 10562/1297/653
f 10560/1295/653 10562/1297/653 10563/1296/653
f 10564/1224/653 10565/1220/653 10566/1221/653
f 10564/1224/653 10566/1221/653 10567/1239/653
f 10568/1299/653 10569/1302/653 10570/1301/653
f 10568/1299/653 10570/1301/653 10571/1300/653
f 10572/1246/653 10573/1222/653 10574/1219/653
f 10572/1246/653 10574/1219/653 10575/1229/653
f 10576/1303/665 10577/1225/665 10578/1226/665
f 10576/1303/665 10578/1226/665 10579/1304/665
f 10580/1304/666 10581/1226/666 10582/1227/666
f 10580/1304/666 10582/1227/666 10583/1305/666
f 10584/1305/667 10585/1227/667 10586/1228/667
f 10584/1305/667 10586/1228/667 10587/1306/667
f 10588/1306/668 10589/1228/668 10590/1225/668
f 10588/1306/668 10590/1225/668 10591/1303/668
f 10592/1307/667 10593/1231/667 10594/1232/667
f 10592/1307/667 10594/1232/667 10595/1308/667
f 10596/1308/669 10597/1232/669 10598/1233/669
f 10596/1308/670 10598/1233/670 10599/1309/670
f 10600/1309/665 10601/1233/665 10602/1234/665
f 10600/1309/665 10602/1234/665 10603/1310/665
f 10604/1310/671 10605/1234/671 10606/1231/671
f 10604/1310/672 10606/1231/672 10607/1307/672
f 10608/1311/667 10609/1235/667 10610/1236/667
f 10608/1311/667 10610/1236/667 10611/1312/667
f 10612/1312/673 10613/1236/673 10614/1237/673
f 10612/1312/670 10614/1237/670 10615/1313/670
f 10616/1313/665 10617/1237/665 10618/1238/665
f 10616/1313/665 10618/1238/665 10619/1314/665
f 10620/1314/674 10621/1238/674 10622/1235/674
f 10620/1314/671 10622/1235/671 10623/1311/671
f 10624/1315/665 10625/1241/665 10626/1242/665
f 10624/1315/665 10626/1242/665 10627/1316/665
f 10628/1316/666 10629/1242/666 10630/1243/666
f 10628/1316/666 10630/1243/666 10631/1317/666
f 10632/1317/667 10633/1243/667 10634/1244/667
f 10632/1317/667 10634/1244/667 10635/1318/667
f 10636/1318/668 10637/1244/668 10638/1241/668
f 10636/1318/668 10638/1241/668 10639/1315/668
f 10640/1319/667 10641/1247/667 10642/1248/667
f 10640/1319/667 10642/1248/667 10643/1320/667
f 10644/1320/673 10645/1248/673 10646/1249/673
f 10644/1320/670 10646/1249/670 10647/1321/670
f 10648/1321/665 10649/1249/665 10650/1250/665
f 10648/1321/665 10650/1250/665 10651/1322/665
f 10652/1322/675 10653/1250/675 10654/1247/675
f 10652/1322/671 10654/1247/671 10655/1319/671
f 10656/1323/665 10657/1253/665 10658/1254/665
f 10656/1323/665 10658/1254/665 10659/1324/665
f 10660/1324/666 10661/1254/666 10662/1255/666
f 10660/1324/666 10662/1255/666 10663/1325/666
f 10664/1325/667 10665/1255/667 10666/1256/667
f 10664/1325/667 10666/1256/667 10667/1326/667
f 10668/1326/668 10669/1256/668 10670/1253/668
f 10668/1326/668 10670/1253/668 10671/1323/668
f 10672/1327/667 10673/1259/667 10674/1260/667
f 10672/1327/667 10674/1260/667 10675/1328/667
f 10676/1328/669 10677/1260/669 10678/1261/669
f 10676/1328/676 10678/1261/676 10679/1329/676
f 10680/1329/665 10681/1261/665 10682/1262/665
f 10680/1329/665 10682/1262/665 10683/1330/665
f 10684/1330/672 10685/1262/672 10686/1259/672
f 10684/1330/671 10686/1259/671 10687/1327/671
f 10688/1331/665 10689/1265/665 10690/1266/665
f 10688/1331/665 10690/1266/665 10691/1332/665
f 10692/1332/666 10693/1266/666 10694/1267/666
f 10692/1332/666 10694/1267/666 10695/1333/666
f 10696/1333/667 10697/1267/667 10698/1268/667
f 10696/1333/667 10698/1268/667 10699/1334/667
f 10700/1334/668 10701/1268/668 10702/1265/668
f 10700/1334/668 10702/1265/668 10703/1331/668
f 10704/1316/667 10705/1271/667 10706/1272/667
f 10704/1316/667 10706/1272/667 10707/1315/667
f 10708/1315/669 10709/1272/669 10710/1273/669
f 10708/1315/676 10710/1273/676 10711/1335/676
f 10712/1335/665 10713/1273/665 10714/1274/665
f 10712/1335/665 10714/1274/665 10715/1336/665
f 10716/1336/674 10717/1274/674 10718/1271/674
f 10716/1336/671 10718/1271/671 10719/1316/671
f 10720/1320/665 10721/1275/665 10722/1276/665
f 10720/1320/665 10722/1276/665 10723/1319/665
f 10724/1319/666 10725/1276/666 10726/1277/666
f 10724/1319/666 10726/1277/666 10727/1337/666
f 10728/1337/667 10729/1277/667 10730/1278/667
f 10728/1337/667 10730/1278/667 10731/1338/667
f 10732/1338/668 10733/1278/668 10734/1275/668
f 10732/1338/668 10734/1275/668 10735/1320/668
f 10736/1324/667 10737/1279/667 10738/1280/667
f 10736/1324/667 10738/1280/667 10739/1323/667
f 10740/1323/669 10741/1280/669 10742/1281/669
f 10740/1323/670 10742/1281/670 10743/1339/670
f 10744/1339/665 10745/1281/665 10746/1282/665
f 10744/1339/665 10746/1282/665 10747/1340/665
f 10748/1340/671 10749/1282/671 10750/1279/671
f 10748/1340/671 10750/1279/671 10751/1324/671
f 10752/1328/665 10753/1283/665 10754/1284/665
f 10752/1328/665 10754/1284/665 10755/1327/665
f 10756/1327/666 10757/1284/666 10758/1285/666
f 10756/1327/666 10758/1285/666 10759/1341/666
f 10760/1341/667 10761/1285/667 10762/1286/667
f 10760/1341/667 10762/1286/667 10763/1342/667
f 10764/1342/668 10765/1286/668 10766/1283/668
f 10764/1342/668 10766/1283/668 10767/1328/668
f 10768/1332/667 10769/1287/667 10770/1288/667
f 10768/1332/667 10770/1288/667 10771/1331/667
f 10772/1331/669 10773/1288/669 10774/1289/669
s 1
f 10772/1331/670 10774/1289/670 10775/1343/670
s 0
f 10776/1343/665 10777/1289/665 10778/1290/665
f 10776/1343/665 10778/1290/665 10779/1344/665
f 10780/1344/672 10781/1290/672 10782/1287/672
f 10780/1344/671 10782/1287/671 10783/1332/671
f 10784/1345/665 10785/1291/665 10786/1292/665
f 10784/1345/665 10786/1292/665 10787/1346/665
f 10788/1346/666 10789/1292/666 10790/1293/666
f 10788/1346/666 10790/1293/666 10791/1347/666
f 10792/1347/667 10793/1293/667 10794/1294/667
f 10792/1347/667 10794/1294/667 10795/1348/667
s 1
f 10796/1348/668 10797/1294/668 10798/1291/668
s 0
f 10796/1348/668 10798/1291/668 10799/1345/668
f 10800/1304/667 10801/1295/667 10802/1296/667
f 10800/1304/667 10802/1296/667 10803/1303/667
f 10804/1303/669 10805/1296/669 10806/1297/669
f 10804/1303/669 10806/1297/669 10807/1349/669
f 10808/1349/665 10809/1297/665 10810/1298/665
f 10808/1349/665 10810/1298/665 10811/1350/665
f 10812/1350/672 10813/1298/672 10814/1295/672
f 10812/1350/671 10814/1295/671 10815/1304/671
f 10816/1312/665 10817/1299/665 10818/1300/665
f 10816/1312/665 10818/1300/665 10819/1311/665
f 10820/1311/666 10821/1300/666 10822/1301/666
s 1
f 10820/1311/666 10822/1301/666 10823/1351/666
s 0
f 10824/1351/667 10825/1301/667 10826/1302/667
f 10824/1351/667 10826/1302/667 10827/1352/667
f 10828/1352/668 10829/1302/668 10830/1299/668
f 10828/1352/668 10830/1299/668 10831/1312/668
f 10832/1353/622 10833/1151/622 10834/1152/622
f 10832/1353/622 10834/1152/622 10835/1354/622
f 10836/1355/622 10837/1155/622 10838/1156/622
f 10836/1355/622 10838/1156/622 10839/1356/622
f 10840/1357/621 10841/1159/621 10842/1160/621
f 10840/1357/621 10842/1160/621 10843/1358/621
f 10844/1359/621 10845/1163/621 10846/1164/621
f 10844/1359/621 10846/1164/621 10847/1360/621
f 10848/1361/622 10849/1169/622 10850/1114/622
f 10848/1361/622 10850/1114/622 10851/1362/622
f 10852/1363/621 10853/1171/621 10854/1167/621
f 10852/1363/621 10854/1167/621 10855/1364/621
f 10856/1356/622 10857/1156/622 10858/1169/622
f 10856/1356/622 10858/1169/622 10859/1361/622
f 10860/1364/621 10861/1167/621 10862/1163/621
f 10860/1364/621 10862/1163/621 10863/1359/621
f 10864/1358/621 10865/1160/621 10866/1171/621
f 10864/1358/621 10866/1171/621 10867/1363/621
f 10868/1362/622 10869/1114/622 10870/1151/622
f 10868/1362/622 10870/1151/622 10871/1353/622
f 10872/1354/622 10873/1152/622 10874/1173/622
f 10872/1354/622 10874/1173/622 10875/1365/622
f 10876/1366/621 10877/1175/621 10841/1159/621
f 10876/1366/621 10841/1159/621 10840/1357/621
f 10878/1360/621 10879/1164/621 10880/1177/621
f 10878/1360/621 10880/1177/621 10881/1367/621
f 10882/1368/622 10883/1179/622 10884/1155/622
f 10882/1368/622 10884/1155/622 10885/1355/622
f 10886/1369/622 10887/1181/622 10888/1179/622
f 10886/1369/622 10888/1179/622 10889/1368/622
f 10890/1365/622 10891/1173/622 10892/1183/622
f 10890/1365/622 10892/1183/622 10893/1370/622
f 10894/1371/621 10895/1185/621 10896/1175/621
f 10894/1371/621 10896/1175/621 10897/1366/621
f 10898/1367/621 10899/1177/621 10900/1187/621
f 10898/1367/621 10900/1187/621 10901/1372/621
f 10902/1373/622 10903/1189/622 10904/1190/622
f 10902/1373/622 10904/1190/622 10905/1374/622
f 10906/1375/621 10907/1192/621 10908/1193/621
f 10906/1375/621 10908/1193/621 10909/1376/621
f 10910/1370/622 10911/1183/622 10912/1189/622
f 10910/1370/622 10912/1189/622 10913/1373/622
f 10914/1376/621 10915/1193/621 10916/1185/621
f 10914/1376/621 10916/1185/621 10917/1371/621
f 10918/1372/621 10919/1187/621 10920/1192/621
f 10918/1372/621 10920/1192/621 10921/1375/621
f 10922/1374/622 10923/1190/622 10924/1181/622
f 10922/1374/622 10924/1181/622 10925/1369/622
f 10926/1377/649 10927/1378/649 10928/1120/649
f 10926/1377/649 10928/1120/649 10929/1121/649
f 10930/1169/623 10931/1170/623 10932/1115/623
f 10930/1169/623 10932/1115/623 10933/1114/623
f 10934/1171/677 10935/1172/677 10936/1168/677
s 1
f 10934/1171/677 10936/1168/677 10937/1167/677
s 0
f 10214/1111/619 10938/1111/619 10939/1110/619
f 10214/1111/619 10939/1110/619 10215/1110/619
f 10940/1171/621 10941/1171/621 10942/1167/621
f 10940/1171/621 10942/1167/621 10943/1167/621
f 10944/1172/628 10945/1172/628 10946/1171/628
s 1
f 10944/1172/628 10946/1171/628 10947/1171/628
s 0
f 10230/1121/620 10948/1121/620 10949/1120/620
f 10230/1121/620 10949/1120/620 10231/1120/620
f 10950/1170/629 10951/1170/629 10952/1169/629
s 1
f 10950/1170/629 10952/1169/629 10953/1169/629
s 0
f 10956/1133/678 10954/1138/678 10955/1136/678
f 10954/1138/678 10956/1133/678 10957/1379/678
f 10954/1138/679 10957/1379/679 10958/1380/679
f 10954/1138/679 10958/1380/679 10959/1381/679
f 10954/1138/680 10959/1381/680 10960/1382/680
f 10954/1138/680 10960/1382/680 10961/1383/680
f 10954/1138/678 10961/1383/678 10962/1384/678
f 10954/1138/678 10962/1384/678 10963/1385/678
f 10954/1138/680 10963/1385/680 10964/1191/680
f 10966/1147/681 10975/1145/681 10965/1148/681
f 10975/1145/681 10966/1147/681 10974/1386/681
f 10974/1386/682 10966/1147/682 10973/1387/682
f 10973/1387/682 10966/1147/682 10972/1388/682
f 10972/1388/683 10966/1147/683 10971/1389/683
f 10971/1389/681 10966/1147/681 10970/1390/681
f 10970/1390/681 10966/1147/681 10969/1391/681
f 10969/1391/681 10966/1147/681 10968/1392/681
f 10968/1392/681 10966/1147/681 10967/1194/681
s 1
f 10978/1385/684 10976/1138/684 10977/1191/684
s 0
f 10976/1138/684 10978/1385/684 10986/1136/684
f 10986/1136/684 10978/1385/684 10979/1384/684
f 10986/1136/684 10979/1384/684 10980/1383/684
f 10986/1136/685 10980/1383/685 10981/1382/685
f 10986/1136/685 10981/1382/685 10982/1381/685
f 10986/1136/684 10982/1381/684 10983/1380/684
f 10986/1136/684 10983/1380/684 10984/1379/684
f 10986/1136/684 10984/1379/684 10985/1133/684
f 10997/1147/686 10995/1392/686 10996/1194/686
f 10995/1392/686 10997/1147/686 10987/1148/686
f 10995/1392/687 10987/1148/687 10994/1391/687
f 10994/1391/688 10987/1148/688 10993/1390/688
f 10993/1390/688 10987/1148/688 10992/1389/688
f 10992/1389/686 10987/1148/686 10991/1388/686
f 10991/1388/686 10987/1148/686 10990/1387/686
f 10990/1387/688 10987/1148/688 10989/1386/688
f 10989/1386/688 10987/1148/688 10988/1145/688
o DrinkFactory_Part_Placeable_0
v -16.000000 8.000000 2.999997
v -14.000000 8.000000 2.999997
v -14.000000 9.641277 2.999997
v -14.000000 8.000000 0.999997
v -16.000000 8.000000 0.999997
v -14.000000 9.641276 0.999997
v -16.000000 7.999999 -3.000002
v -14.000000 9.641275 -3.000003
v -14.000000 7.999999 -3.000002
v -14.000000 7.999999 -1.000002
v -14.000000 9.641276 -1.000003
v -16.000000 7.999999 -1.000002
v -12.000000 0.000000 0.000000
v -12.000000 0.000000 1.000000
v -14.000000 0.000000 1.000000
v -14.000000 0.000000 0.000000
v -10.000000 0.000000 0.000000
v -10.000000 2.000000 -0.000001
v -10.000000 2.000000 0.999999
v -10.000000 0.000000 1.000000
v -15.500000 2.000000 -0.000001
v -15.500000 2.000000 0.499999
v -15.500000 5.969574 0.499998
v -15.500000 5.969574 -0.000002
v -10.000000 0.000000 0.000000
v -10.000000 0.000000 1.000000
v -10.000000 2.000001 2.999999
v -10.000000 6.000000 0.999998
v -10.000000 6.000000 2.999998
v -14.000000 2.000001 3.499999
v -12.000000 2.000001 3.499999
v -12.000000 6.000000 3.499998
v -14.000000 6.000000 3.499998
v -10.500000 0.500001 3.500000
v -10.500000 2.000001 3.499999
v -12.000000 0.500001 3.500000
v -10.000000 0.000001 3.000000
v -16.000000 2.000000 0.999999
v -16.000000 2.000001 2.999999
v -16.000000 5.969575 2.999998
v -16.000000 5.969574 0.999998
v -10.000000 0.000001 3.000000
v -12.000000 0.000001 3.000000
v -14.000000 0.500001 3.500000
v -15.500000 2.000001 3.499999
v -15.500000 0.500001 3.500000
v -14.000000 0.000001 3.000000
v -16.000000 0.000001 3.000000
v -16.000000 0.000000 1.000000
v -16.000000 0.000000 0.000000
v -15.500000 5.977181 3.499998
v -16.000000 0.000000 1.000000
v -16.000000 0.000001 3.000000
v -15.500000 7.500000 0.499998
v -15.500000 7.500000 -0.000002
v -12.000000 7.500000 3.499997
v -14.000000 7.500000 3.499997
v -15.500000 7.500000 3.499997
v -10.500000 6.000000 3.499998
v -10.500000 7.500000 3.499997
v -16.000000 8.000000 2.999997
v -16.000000 8.000000 0.999997
v -10.500000 7.500000 -0.000002
v -12.000000 7.500000 -0.000002
v -12.000000 7.500000 0.499998
v -10.500000 7.500000 0.499998
v -10.000000 8.000000 0.999997
v -12.000000 8.000000 0.999997
v -12.000000 10.640917 0.999997
v -10.000000 10.998921 0.999997
v -10.000000 8.000000 2.999997
v -10.000000 8.000000 0.999997
v -10.000000 10.998921 0.999997
v -10.000000 10.998922 2.999996
v -16.250000 8.129362 3.249997
v -16.250000 8.370638 3.249997
v -16.250000 8.370637 0.749997
v -16.250000 8.129361 0.749997
v -10.100000 11.082611 0.749997
v -12.000000 10.752712 0.749997
v -12.000000 11.029121 0.749997
v -10.100000 11.379432 0.749996
v -14.000000 9.770638 0.749997
v -16.250000 8.129361 0.749997
v -16.250000 8.370637 0.749997
v -14.000000 10.011914 0.749997
v -16.250000 8.129362 3.249997
v -14.000000 9.770639 3.249997
v -14.000000 10.011915 3.249997
v -16.250000 8.370638 3.249997
v -12.000000 8.000000 2.999997
v -12.000000 10.640918 2.999996
v -10.000000 8.000000 2.999997
v -10.000000 10.998922 2.999996
v -10.000000 11.498921 0.999996
v -12.000000 11.140917 0.999997
v -12.000000 11.140918 2.999996
v -10.000000 11.498922 2.999996
v -12.000000 11.140918 2.999996
v -12.000000 11.140917 0.999997
v -14.000000 10.141276 0.999997
v -14.000000 10.141277 2.999997
v -14.000000 10.141277 2.999997
v -14.000000 10.141276 0.999997
v -16.000000 8.499999 0.999997
v -16.000000 8.500000 2.999997
v -12.000000 10.752713 3.249996
v -10.100000 11.082612 3.249996
v -10.100000 11.379433 3.249996
v -12.000000 11.029122 3.249996
v -16.250000 8.129362 3.249997
v -16.250000 8.129361 0.749997
v -16.000000 8.000000 0.999997
v -16.000000 8.000000 2.999997
v -12.000000 10.752713 3.249996
v -14.000000 9.770639 3.249997
v -14.000000 9.641277 2.999997
v -12.000000 10.640918 2.999996
v -14.000000 9.770638 0.749997
v -12.000000 10.752712 0.749997
v -12.000000 10.640917 0.999997
v -14.000000 9.641276 0.999997
v -12.000000 10.752712 0.749997
v -10.100000 11.082611 0.749997
v -10.000000 10.998921 0.999997
v -12.000000 10.640917 0.999997
v -10.100000 11.082612 3.249996
v -12.000000 10.752713 3.249996
v -12.000000 10.640918 2.999996
v -10.000000 10.998922 2.999996
v -16.250000 8.129361 0.749997
v -14.000000 9.770638 0.749997
v -14.000000 9.641276 0.999997
v -16.000000 8.000000 0.999997
v -14.000000 9.770639 3.249997
v -16.250000 8.129362 3.249997
v -16.000000 8.000000 2.999997
v -14.000000 9.641277 2.999997
v -14.000000 10.011915 3.249997
v -12.000000 11.029122 3.249996
v -12.000000 11.140918 2.999996
v -14.000000 10.141277 2.999997
v -12.000000 11.029121 0.749997
v -14.000000 10.011914 0.749997
v -14.000000 10.141276 0.999997
v -12.000000 11.140917 0.999997
v -10.100000 11.379432 0.749996
v -12.000000 11.029121 0.749997
v -12.000000 11.140917 0.999997
v -10.000000 11.498921 0.999996
v -12.000000 11.029122 3.249996
v -10.100000 11.379433 3.249996
v -10.000000 11.498922 2.999996
v -12.000000 11.140918 2.999996
v -16.250000 8.370637 0.749997
v -16.250000 8.370638 3.249997
v -16.000000 8.500000 2.999997
v -16.000000 8.499999 0.999997
v -16.250000 8.370638 3.249997
v -14.000000 10.011915 3.249997
v -14.000000 10.141277 2.999997
v -16.000000 8.500000 2.999997
v -14.000000 10.011914 0.749997
v -16.250000 8.370637 0.749997
v -16.000000 8.499999 0.999997
v -14.000000 10.141276 0.999997
v -10.100000 11.082611 0.749997
v -10.100000 11.379432 0.749996
v -10.000000 11.498921 0.999996
v -10.000000 10.998921 0.999997
v -10.100000 11.379433 3.249996
v -10.100000 11.082612 3.249996
v -10.000000 10.998922 2.999996
v -10.000000 11.498922 2.999996
v -15.500000 5.969574 0.499998
v -15.500000 2.000000 0.499999
v -16.000000 2.000000 0.999999
v -16.000000 5.969574 0.999998
v -15.500000 2.000000 0.499999
v -15.500000 0.500000 0.500000
v -16.000000 0.000000 1.000000
v -16.000000 2.000000 0.999999
v -15.500000 7.500000 0.499998
v -15.500000 5.969574 0.499998
v -16.000000 5.969574 0.999998
v -16.000000 8.000000 0.999997
v -12.000000 7.500000 0.499998
v -14.000000 7.500000 0.499998
v -14.000000 8.000000 0.999997
v -12.000000 8.000000 0.999997
v -10.500000 7.500000 -0.000002
v -10.500000 7.500000 0.499998
v -10.000000 8.000000 0.999997
v -10.000000 8.000000 -0.000002
v -10.500000 7.500000 0.499998
v -10.000000 8.000000 0.999997
v -15.500000 7.500000 0.499998
v -16.000000 8.000000 0.999997
v -10.500000 6.000000 3.499998
v -10.500000 2.000001 3.499999
v -10.000000 2.000001 2.999999
v -10.000000 6.000000 2.999998
v -10.500000 0.500001 3.500000
v -10.000000 0.000001 3.000000
v -10.500000 0.500001 3.500000
v -12.000000 0.500001 3.500000
v -12.000000 0.000001 3.000000
v -10.000000 0.000001 3.000000
v -15.500000 2.000001 3.499999
v -15.500000 5.977181 3.499998
v -16.000000 5.969575 2.999998
v -16.000000 2.000001 2.999999
v -12.000000 0.500001 3.500000
v -14.000000 0.500001 3.500000
v -14.000000 0.000001 3.000000
v -12.000000 0.000001 3.000000
v -15.500000 0.500001 3.500000
v -15.500000 2.000001 3.499999
v -16.000000 2.000001 2.999999
v -16.000000 0.000001 3.000000
v -14.000000 0.500001 3.500000
v -15.500000 0.500001 3.500000
v -16.000000 0.000001 3.000000
v -14.000000 0.000001 3.000000
v -10.500000 7.500000 3.499997
v -10.000000 8.000000 2.999997
v -15.500000 5.977181 3.499998
v -15.500000 7.500000 3.499997
v -16.000000 8.000000 2.999997
v -16.000000 5.969575 2.999998
v -14.000000 7.500000 3.499997
v -12.000000 7.500000 3.499997
v -12.000000 8.000000 2.999997
v -14.000000 8.000000 2.999997
v -10.500000 7.500000 3.499997
v -10.000000 8.000000 2.999997
v -15.500000 7.500000 3.499997
v -16.000000 8.000000 2.999997
v -15.500000 0.500000 0.500000
v -15.500000 0.500000 -0.000000
v -16.000000 0.000000 0.000000
v -16.000000 0.000000 1.000000
v -10.000000 6.000000 -0.000002
v -10.000000 8.000000 -0.000002
v -14.000000 7.500000 0.499998
v -14.000000 7.500000 -0.000002
v -15.500000 7.500000 -0.000002
v -15.500000 7.500000 0.499998
v -15.500000 0.500000 0.500000
v -15.500000 0.500000 -0.000000
v -14.000000 -0.000000 -1.000000
v -12.000000 -0.000000 -1.000000
v -10.000000 -0.000000 -1.000000
v -10.000000 2.000000 -1.000001
v -15.500000 5.969574 -0.500002
v -15.500000 2.000000 -0.500001
v -10.000000 -0.000000 -1.000000
v -10.000000 1.999999 -3.000000
v -10.000000 5.999999 -3.000002
v -10.000000 5.999999 -1.000002
v -14.000000 1.999999 -3.500000
v -14.000000 5.999999 -3.500002
v -12.000000 5.999999 -3.500002
v -12.000000 1.999999 -3.500000
v -10.500000 0.499999 -3.500000
v -12.000000 0.499999 -3.500000
v -10.500000 1.999999 -3.500000
v -10.000000 -0.000001 -3.000000
v -16.000000 2.000000 -1.000001
v -16.000000 5.969573 -1.000002
v -16.000000 5.969573 -3.000002
v -16.000000 1.999999 -3.000000
v -12.000000 -0.000001 -3.000000
v -10.000000 -0.000001 -3.000000
v -14.000000 0.499999 -3.500000
v -15.500000 0.499999 -3.500000
v -15.500000 1.999999 -3.500000
v -16.000000 -0.000000 -1.000000
v -16.000000 -0.000001 -3.000000
v -14.000000 -0.000001 -3.000000
v -15.500000 5.977180 -3.500002
v -16.000000 -0.000001 -3.000000
v -16.000000 -0.000000 -1.000000
v -15.500000 7.500000 -0.500002
v -14.000000 7.499999 -3.500002
v -12.000000 7.499999 -3.500002
v -15.500000 7.499999 -3.500002
v -10.500000 7.499999 -3.500002
v -10.500000 5.999999 -3.500002
v -16.000000 7.999999 -1.000002
v -16.000000 7.999999 -3.000002
v -10.500000 7.500000 -0.500002
v -12.000000 7.500000 -0.500002
v -10.000000 7.999999 -1.000002
v -10.000000 10.998921 -1.000003
v -12.000000 10.640917 -1.000003
v -12.000000 7.999999 -1.000002
v -10.000000 7.999999 -3.000002
v -10.000000 10.998920 -3.000003
v -10.000000 10.998921 -1.000003
v -10.000000 7.999999 -1.000002
v -16.250000 8.129360 -3.250002
v -16.250000 8.129361 -0.750002
v -16.250000 8.370637 -0.750003
v -16.250000 8.370636 -3.250002
v -10.100000 11.082611 -0.750003
v -10.100000 11.379432 -0.750003
v -12.000000 11.029121 -0.750003
v -12.000000 10.752712 -0.750003
v -14.000000 9.770638 -0.750003
v -14.000000 10.011914 -0.750003
v -16.250000 8.370637 -0.750003
v -16.250000 8.129361 -0.750002
v -16.250000 8.129360 -3.250002
v -16.250000 8.370636 -3.250002
v -14.000000 10.011913 -3.250003
v -14.000000 9.770638 -3.250003
v -12.000000 10.640916 -3.000003
v -12.000000 7.999999 -3.000002
v -10.000000 10.998920 -3.000003
v -10.000000 7.999999 -3.000002
v -10.000000 11.498921 -1.000003
v -10.000000 11.498920 -3.000003
v -12.000000 11.140916 -3.000003
v -12.000000 11.140917 -1.000003
v -12.000000 11.140916 -3.000003
v -14.000000 10.141275 -3.000003
v -14.000000 10.141276 -1.000003
v -12.000000 11.140917 -1.000003
v -14.000000 10.141275 -3.000003
v -16.000000 8.499998 -3.000002
v -16.000000 8.499999 -1.000003
v -14.000000 10.141276 -1.000003
v -12.000000 10.752711 -3.250003
v -12.000000 11.029120 -3.250003
v -10.100000 11.379431 -3.250003
v -10.100000 11.082610 -3.250003
v -16.250000 8.129360 -3.250002
v -16.000000 7.999999 -3.000002
v -16.000000 7.999999 -1.000002
v -16.250000 8.129361 -0.750002
v -12.000000 10.752711 -3.250003
v -12.000000 10.640916 -3.000003
v -14.000000 9.641275 -3.000003
v -14.000000 9.770638 -3.250003
v -14.000000 9.770638 -0.750003
v -14.000000 9.641276 -1.000003
v -12.000000 10.640917 -1.000003
v -12.000000 10.752712 -0.750003
v -12.000000 10.752712 -0.750003
v -12.000000 10.640917 -1.000003
v -10.000000 10.998921 -1.000003
v -10.100000 11.082611 -0.750003
v -10.100000 11.082610 -3.250003
v -10.000000 10.998920 -3.000003
v -12.000000 10.640916 -3.000003
v -12.000000 10.752711 -3.250003
v -16.250000 8.129361 -0.750002
v -16.000000 7.999999 -1.000002
v -14.000000 9.641276 -1.000003
v -14.000000 9.770638 -0.750003
v -14.000000 9.770638 -3.250003
v -14.000000 9.641275 -3.000003
v -16.000000 7.999999 -3.000002
v -16.250000 8.129360 -3.250002
v -14.000000 10.011913 -3.250003
v -14.000000 10.141275 -3.000003
v -12.000000 11.140916 -3.000003
v -12.000000 11.029120 -3.250003
v -12.000000 11.029121 -0.750003
v -12.000000 11.140917 -1.000003
v -14.000000 10.141276 -1.000003
v -14.000000 10.011914 -0.750003
v -10.100000 11.379432 -0.750003
v -10.000000 11.498921 -1.000003
v -12.000000 11.140917 -1.000003
v -12.000000 11.029121 -0.750003
v -12.000000 11.029120 -3.250003
v -12.000000 11.140916 -3.000003
v -10.000000 11.498920 -3.000003
v -10.100000 11.379431 -3.250003
v -16.250000 8.370637 -0.750003
v -16.000000 8.499999 -1.000003
v -16.000000 8.499998 -3.000002
v -16.250000 8.370636 -3.250002
v -16.250000 8.370636 -3.250002
v -16.000000 8.499998 -3.000002
v -14.000000 10.141275 -3.000003
v -14.000000 10.011913 -3.250003
v -14.000000 10.011914 -0.750003
v -14.000000 10.141276 -1.000003
v -16.000000 8.499999 -1.000003
v -16.250000 8.370637 -0.750003
v -10.100000 11.082611 -0.750003
v -10.000000 10.998921 -1.000003
v -10.000000 11.498921 -1.000003
v -10.100000 11.379432 -0.750003
v -10.100000 11.379431 -3.250003
v -10.000000 11.498920 -3.000003
v -10.000000 10.998920 -3.000003
v -10.100000 11.082610 -3.250003
v -15.500000 5.969574 -0.500002
v -16.000000 5.969573 -1.000002
v -16.000000 2.000000 -1.000001
v -15.500000 2.000000 -0.500001
v -15.500000 2.000000 -0.500001
v -16.000000 2.000000 -1.000001
v -16.000000 -0.000000 -1.000000
v -15.500000 0.500000 -0.500000
v -15.500000 7.500000 -0.500002
v -16.000000 7.999999 -1.000002
v -16.000000 5.969573 -1.000002
v -15.500000 5.969574 -0.500002
v -12.000000 7.500000 -0.500002
v -12.000000 7.999999 -1.000002
v -14.000000 7.999999 -1.000002
v -14.000000 7.500000 -0.500002
v -10.000000 7.999999 -1.000002
v -10.500000 7.500000 -0.500002
v -10.500000 7.500000 -0.500002
v -10.000000 7.999999 -1.000002
v -16.000000 7.999999 -1.000002
v -15.500000 7.500000 -0.500002
v -10.500000 5.999999 -3.500002
v -10.000000 5.999999 -3.000002
v -10.000000 1.999999 -3.000000
v -10.500000 1.999999 -3.500000
v -10.500000 1.999999 -3.500000
v -10.000000 1.999999 -3.000000
v -10.000000 -0.000001 -3.000000
v -10.500000 0.499999 -3.500000
v -10.500000 0.499999 -3.500000
v -10.000000 -0.000001 -3.000000
v -12.000000 -0.000001 -3.000000
v -12.000000 0.499999 -3.500000
v -15.500000 1.999999 -3.500000
v -16.000000 1.999999 -3.000000
v -16.000000 5.969573 -3.000002
v -15.500000 5.977180 -3.500002
v -12.000000 0.499999 -3.500000
v -12.000000 -0.000001 -3.000000
v -14.000000 -0.000001 -3.000000
v -14.000000 0.499999 -3.500000
v -15.500000 0.499999 -3.500000
v -16.000000 -0.000001 -3.000000
v -16.000000 1.999999 -3.000000
v -15.500000 1.999999 -3.500000
v -14.000000 0.499999 -3.500000
v -14.000000 -0.000001 -3.000000
v -16.000000 -0.000001 -3.000000
v -15.500000 0.499999 -3.500000
v -10.500000 7.499999 -3.500002
v -10.000000 7.999999 -3.000002
v -15.500000 5.977180 -3.500002
v -16.000000 5.969573 -3.000002
v -16.000000 7.999999 -3.000002
v -15.500000 7.499999 -3.500002
v -14.000000 7.499999 -3.500002
v -14.000000 7.999999 -3.000002
v -12.000000 7.999999 -3.000002
v -12.000000 7.499999 -3.500002
v -10.000000 7.999999 -3.000002
v -10.500000 7.499999 -3.500002
v -15.500000 7.499999 -3.500002
v -16.000000 7.999999 -3.000002
v -15.500000 0.500000 -0.500000
v -16.000000 -0.000000 -1.000000
v -14.000000 7.500000 -0.500002
v -15.500000 7.500000 -0.500002
v -15.500000 0.500000 -0.500000
vn -0.0000 -0.0000 1.0000
vn -0.0000 -0.0000 -1.0000
vn -0.0000 -1.0000 -0.0000
vn 1.0000 -0.0000 -0.0000
vn -1.0000 -0.0000 -0.0000
vn -0.0000 1.0000 -0.0000
vn -0.1762 0.9844 -0.0000
vn -0.4471 0.8945 -0.0000
vn -0.6344 0.7730 -0.0000
vn -0.4596 -0.8881 -0.0000
vn 0.4075 -0.8225 0.3967
vn 0.4075 -0.8225 -0.3967
vn 0.1602 -0.9080 -0.3871
vn 0.1602 -0.9081 -0.3870
vn 0.1602 -0.9080 -0.3870
vn 0.1602 -0.9080 0.3871
vn 0.1602 -0.9080 0.3870
vn 0.4972 -0.6437 -0.5817
vn 0.4972 -0.6438 -0.5817
vn 0.4972 -0.6438 0.5817
vn 0.4972 -0.6437 0.5817
vn 0.4972 -0.6437 0.5818
vn -0.4135 0.8201 0.3956
vn -0.4135 0.8201 0.3955
vn -0.4135 0.8201 -0.3955
vn -0.4135 0.8201 -0.3956
vn -0.1648 0.9074 -0.3867
vn -0.1648 0.9073 -0.3867
vn -0.1648 0.9073 -0.3868
vn -0.1648 0.9073 0.3868
vn -0.1648 0.9073 0.3867
vn -0.4596 0.8881 -0.0000
vn -0.6080 0.7872 0.1033
vn -0.6080 0.7872 0.1034
vn -0.6080 0.7872 -0.1034
vn -0.6080 0.7872 -0.1033
vn 0.9285 -0.0000 -0.3714
vn 0.9285 -0.0000 0.3714
vn -0.7071 -0.0000 -0.7071
vn -0.0000 0.7071 -0.7071
vn -0.7071 0.7071 -0.0000
vn 0.7071 -0.0000 0.7071
vn -0.0000 -0.7071 0.7071
vn -0.7071 -0.0000 0.7071
vn -0.0000 0.7071 0.7071
vn 0.4972 -0.6437 -0.5818
vn -0.1648 0.9074 0.3867
vn 0.7071 -0.0000 -0.7071
vn -0.0000 -0.7071 -0.7071
vt 0.817905 0.224569
vt 0.809040 0.224569
vt 0.809040 0.231646
vt 0.844499 0.203006
vt 0.844499 0.211629
vt 0.851774 0.203006
vt 0.809037 0.177140
vt 0.809037 0.172828
vt 0.800174 0.172828
vt 0.800174 0.177140
vt 0.776905 0.237500
vt 0.776905 0.228876
vt 0.772473 0.228876
vt 0.772473 0.237500
vt 0.463297 0.037049
vt 0.461081 0.037049
vt 0.461081 0.054164
vt 0.463297 0.054164
vt 0.817900 0.177140
vt 0.817900 0.172828
vt 0.763608 0.228876
vt 0.772473 0.211629
vt 0.763608 0.211629
vt 0.809040 0.198699
vt 0.800175 0.198699
vt 0.800175 0.215946
vt 0.809040 0.215946
vt 0.793527 0.192231
vt 0.793527 0.198699
vt 0.800175 0.192231
vt 0.763608 0.237500
vt 0.771365 0.162049
vt 0.762500 0.162049
vt 0.762500 0.179164
vt 0.771365 0.179164
vt 0.817900 0.164204
vt 0.809037 0.164204
vt 0.809040 0.192231
vt 0.815689 0.198699
vt 0.815689 0.192231
vt 0.800174 0.164204
vt 0.791311 0.164204
vt 0.791311 0.172828
vt 0.791311 0.177140
vt 0.815689 0.215847
vt 0.771365 0.153425
vt 0.762500 0.153425
vt 0.461081 0.062919
vt 0.463297 0.062919
vt 0.800175 0.222413
vt 0.809040 0.222413
vt 0.815689 0.222413
vt 0.793527 0.215946
vt 0.793527 0.222413
vt 0.762500 0.187919
vt 0.771365 0.187919
vt 0.494324 0.016104
vt 0.494324 0.022404
vt 0.496540 0.022404
vt 0.496540 0.016104
vt 0.844499 0.185759
vt 0.844499 0.194382
vt 0.856205 0.194382
vt 0.857792 0.185759
vt 0.763608 0.203006
vt 0.772473 0.203006
vt 0.772473 0.190075
vt 0.763608 0.190075
vt 0.540164 0.052140
vt 0.539094 0.052140
vt 0.539094 0.062919
vt 0.540164 0.062919
vt 0.609068 0.060196
vt 0.606681 0.052212
vt 0.605580 0.052736
vt 0.607886 0.060759
vt 0.606695 0.042605
vt 0.608847 0.030781
vt 0.607886 0.031238
vt 0.605734 0.043062
vt 0.611223 0.112500
vt 0.608983 0.100691
vt 0.608019 0.100241
vt 0.610259 0.112050
vt 0.800175 0.224569
vt 0.800175 0.235956
vt 0.791311 0.224569
vt 0.791311 0.237500
vt 0.593391 0.065075
vt 0.593391 0.056326
vt 0.584526 0.056326
vt 0.584526 0.065075
vt 0.593391 0.046951
vt 0.584526 0.046951
vt 0.593391 0.036950
vt 0.584526 0.036950
vt 0.608896 0.091084
vt 0.611223 0.083084
vt 0.610037 0.082530
vt 0.607792 0.090569
vt 0.594499 0.060759
vt 0.605580 0.060759
vt 0.604472 0.059670
vt 0.595607 0.059670
vt 0.594499 0.042656
vt 0.594499 0.051196
vt 0.595607 0.051185
vt 0.595607 0.042646
vt 0.605580 0.051196
vt 0.605580 0.042656
vt 0.604472 0.042646
vt 0.604472 0.051185
vt 0.605580 0.034492
vt 0.604472 0.034054
vt 0.594499 0.034492
vt 0.595607 0.034054
vt 0.583418 0.046825
vt 0.583418 0.056217
vt 0.594499 0.056217
vt 0.594499 0.046825
vt 0.594499 0.064539
vt 0.583418 0.064539
vt 0.594499 0.035774
vt 0.583418 0.035774
vt 0.523581 0.064714
vt 0.523581 0.063434
vt 0.522473 0.062919
vt 0.522473 0.065075
vt 0.512500 0.063434
vt 0.512500 0.064714
vt 0.513608 0.065075
vt 0.513608 0.062919
vt 0.773581 0.179164
vt 0.773581 0.162049
vt 0.773581 0.155581
vt 0.773581 0.187919
vt 0.809040 0.147404
vt 0.809040 0.155805
vt 0.811256 0.155805
vt 0.811256 0.147404
vt 0.806824 0.141104
vt 0.809040 0.141104
vt 0.811256 0.139005
vt 0.806824 0.139005
vt 0.809040 0.164204
vt 0.811256 0.164204
vt 0.791311 0.198699
vt 0.791311 0.215946
vt 0.791311 0.190075
vt 0.800175 0.190075
vt 0.817905 0.215815
vt 0.817905 0.198699
vt 0.809040 0.190075
vt 0.817905 0.190075
vt 0.775797 0.155581
vt 0.775797 0.153425
vt 0.776905 0.211629
vt 0.776905 0.203006
vt 0.496540 0.030805
vt 0.494324 0.030805
vt 0.494324 0.039204
vt 0.496540 0.039204
vt 0.461081 0.030581
vt 0.463297 0.030581
s 0
usemtl Placeable
f 10998/1393/689 10999/1394/689 11000/1395/689
f 11001/1396/690 11002/1397/690 11003/1398/690
f 11004/1393/690 11005/1395/690 11006/1394/690
f 11007/1396/689 11008/1398/689 11009/1397/689
f 11010/1399/691 11011/1400/691 11012/1401/691
f 11010/1399/691 11012/1401/691 11013/1402/691
f 11014/1403/692 11015/1404/692 11016/1405/692
f 11014/1403/692 11016/1405/692 11017/1406/692
f 11018/1407/693 11019/1408/693 11020/1409/693
f 11018/1407/693 11020/1409/693 11021/1410/693
f 11010/1399/691 11022/1411/691 11023/1412/691
f 11010/1399/691 11023/1412/691 11011/1400/691
f 11024/1413/692 11016/1405/692 11025/1414/692
f 11024/1413/692 11025/1414/692 11026/1415/692
f 11027/1416/689 11028/1417/689 11029/1418/689
f 11027/1416/689 11029/1418/689 11030/1419/689
f 11031/1420/689 11032/1421/689 11028/1417/689
f 11031/1420/689 11028/1417/689 11033/1422/689
f 11017/1406/692 11016/1405/692 11024/1413/692
f 11017/1406/692 11024/1413/692 11034/1423/692
f 11035/1424/693 11036/1425/693 11037/1426/693
f 11035/1424/693 11037/1426/693 11038/1427/693
f 11011/1400/691 11023/1412/691 11039/1428/691
f 11011/1400/691 11039/1428/691 11040/1429/691
f 11041/1430/689 11027/1416/689 11042/1431/689
f 11041/1430/689 11042/1431/689 11043/1432/689
f 11012/1401/691 11044/1433/691 11045/1434/691
f 11012/1401/691 11045/1434/691 11046/1435/691
f 11013/1402/691 11012/1401/691 11046/1435/691
f 11013/1402/691 11046/1435/691 11047/1436/691
f 11033/1422/689 11028/1417/689 11027/1416/689
f 11033/1422/689 11027/1416/689 11041/1430/689
f 11011/1400/691 11040/1429/691 11044/1433/691
f 11011/1400/691 11044/1433/691 11012/1401/691
f 11042/1431/689 11027/1416/689 11030/1419/689
f 11042/1431/689 11030/1419/689 11048/1437/689
f 11035/1424/693 11049/1438/693 11050/1439/693
f 11035/1424/693 11050/1439/693 11036/1425/693
f 11021/1410/693 11020/1409/693 11051/1440/693
f 11021/1410/693 11051/1440/693 11052/1441/693
f 11030/1419/689 11029/1418/689 11053/1442/689
f 11030/1419/689 11053/1442/689 11054/1443/689
f 11048/1437/689 11030/1419/689 11054/1443/689
f 11048/1437/689 11054/1443/689 11055/1444/689
f 11029/1418/689 11056/1445/689 11057/1446/689
f 11029/1418/689 11057/1446/689 11053/1442/689
f 11038/1427/693 11037/1426/693 11058/1447/693
f 11038/1427/693 11058/1447/693 11059/1448/693
f 11028/1417/689 11032/1421/689 11056/1445/689
f 11028/1417/689 11056/1445/689 11029/1418/689
f 11060/1449/694 11061/1450/694 11062/1451/694
f 11060/1449/694 11062/1451/694 11063/1452/694
f 11064/1453/690 11065/1454/690 11066/1455/690
f 11064/1453/690 11066/1455/690 11067/1456/690
f 11068/1457/692 11069/1458/692 11070/1459/692
f 11068/1457/692 11070/1459/692 11071/1460/692
f 11072/1461/693 11073/1462/693 11074/1463/693
f 11072/1461/693 11074/1463/693 11075/1464/693
f 11026/1415/692 11025/1414/692 11069/1458/692
f 11026/1415/692 11069/1458/692 11068/1457/692
f 11076/1465/690 11077/1466/690 11078/1467/690
f 11076/1465/690 11078/1467/690 11079/1468/690
f 11080/1469/690 11081/1470/690 11082/1471/690
f 11080/1469/690 11082/1471/690 11083/1472/690
f 11084/1473/689 11085/1474/689 11086/1475/689
f 11084/1473/689 11086/1475/689 11087/1476/689
f 11077/1466/690 11080/1469/690 11083/1472/690
f 11077/1466/690 11083/1472/690 11078/1467/690
f 10999/1394/689 11088/1477/689 11089/1478/689
f 10999/1394/689 11089/1478/689 11000/1395/689
f 11088/1477/689 11090/1479/689 11091/1480/689
f 11088/1477/689 11091/1480/689 11089/1478/689
f 11065/1454/690 11001/1396/690 11003/1398/690
f 11065/1454/690 11003/1398/690 11066/1455/690
f 11092/1481/695 11093/1482/695 11094/1483/695
f 11092/1481/695 11094/1483/695 11095/1484/695
f 11096/1483/696 11097/1482/696 11098/1485/696
f 11096/1483/696 11098/1485/696 11099/1486/696
f 11100/1486/697 11101/1485/697 11102/1487/697
f 11100/1486/697 11102/1487/697 11103/1488/697
f 11104/1489/689 11105/1490/689 11106/1491/689
f 11104/1489/689 11106/1491/689 11107/1492/689
f 11085/1474/689 11104/1489/689 11107/1492/689
f 11085/1474/689 11107/1492/689 11086/1475/689
f 11108/1493/698 11109/1494/698 11110/1495/698
f 11108/1493/698 11110/1495/698 11111/1496/698
s 1
f 11112/1497/699 11113/1498/699 11114/1499/699
f 11112/1497/699 11114/1499/699 11115/1500/699
f 11116/1501/700 11117/1502/700 11118/1503/700
f 11116/1501/700 11118/1503/700 11119/1504/700
f 11120/1502/701 11121/1505/701 11122/1506/702
f 11120/1502/701 11122/1506/702 11123/1503/703
f 11124/1507/704 11125/1497/704 11126/1500/704
f 11124/1507/704 11126/1500/704 11127/1508/705
f 11128/1494/706 11129/1501/707 11130/1504/707
f 11128/1494/706 11130/1504/707 11131/1495/706
f 11132/1498/708 11133/1493/709 11134/1496/710
f 11132/1498/708 11134/1496/710 11135/1499/708
f 11136/1509/711 11137/1510/712 11138/1483/712
f 11136/1509/711 11138/1483/712 11139/1486/712
f 11140/1511/713 11141/1512/714 11142/1485/713
f 11140/1511/713 11142/1485/713 11143/1482/714
f 11144/1513/715 11145/1511/716 11146/1482/717
f 11144/1513/715 11146/1482/717 11147/1481/717
f 11148/1510/718 11149/1514/719 11150/1484/719
f 11148/1510/718 11150/1484/719 11151/1483/718
s 0
f 11152/1515/720 11153/1516/720 11154/1488/720
f 11152/1515/720 11154/1488/720 11155/1487/720
s 1
f 11156/1516/721 11157/1509/722 11158/1486/722
f 11156/1516/721 11158/1486/722 11159/1488/721
f 11160/1512/723 11161/1515/724 11162/1487/724
f 11160/1512/723 11162/1487/724 11163/1485/723
s 0
f 11164/1517/725 11165/1518/725 11166/1519/725
f 11164/1517/725 11166/1519/725 11167/1520/725
f 11168/1521/726 11169/1522/726 11170/1523/726
f 11168/1521/726 11170/1523/726 11171/1524/726
f 11172/1525/727 11173/1526/727 11174/1424/727
f 11172/1525/727 11174/1424/727 11175/1427/727
f 11176/1526/727 11177/1527/727 11178/1438/727
f 11176/1526/727 11178/1438/727 11179/1424/727
s 1
f 11180/1528/727 11181/1525/727 11182/1427/727
s 0
f 11180/1528/727 11182/1427/727 11183/1448/727
f 11184/1529/728 11185/1530/728 11186/1531/728
f 11184/1529/728 11186/1531/728 11187/1532/728
f 11188/1533/729 11189/1534/729 11190/1535/729
f 11188/1533/729 11190/1535/729 11191/1536/729
f 11192/1534/728 11184/1529/728 11187/1532/728
f 11192/1534/728 11187/1532/728 11193/1535/728
f 11185/1530/728 11194/1537/728 11195/1538/728
f 11185/1530/728 11195/1538/728 11186/1531/728
f 11196/1445/730 11197/1421/730 11198/1539/730
f 11196/1445/730 11198/1539/730 11199/1540/730
f 11197/1421/730 11200/1420/730 11201/1541/730
f 11197/1421/730 11201/1541/730 11198/1539/730
f 11202/1420/731 11203/1422/731 11204/1542/731
f 11202/1420/731 11204/1542/731 11205/1541/731
f 11206/1431/732 11207/1437/732 11208/1543/732
f 11206/1431/732 11208/1543/732 11209/1544/732
f 11210/1422/731 11211/1430/731 11212/1545/731
f 11210/1422/731 11212/1545/731 11213/1542/731
f 11214/1432/732 11215/1431/732 11216/1544/732
f 11214/1432/732 11216/1544/732 11217/1546/732
f 11218/1430/731 11219/1432/731 11220/1546/731
f 11218/1430/731 11220/1546/731 11221/1545/731
f 11222/1446/730 11196/1445/730 11199/1540/730
f 11222/1446/730 11199/1540/730 11223/1479/730
f 11224/1437/732 11225/1444/732 11226/1393/732
f 11224/1437/732 11226/1393/732 11227/1543/732
f 11228/1443/733 11229/1442/733 11230/1477/733
f 11228/1443/733 11230/1477/733 11231/1394/733
f 11229/1442/733 11232/1446/733 11233/1479/733
f 11229/1442/733 11233/1479/733 11230/1477/733
f 11234/1444/733 11228/1443/733 11231/1394/733
f 11234/1444/733 11231/1394/733 11235/1393/733
f 11236/1527/729 11237/1547/729 11238/1548/729
f 11236/1527/729 11238/1548/729 11239/1438/729
f 11025/1414/692 11240/1549/692 11241/1550/692
f 11025/1414/692 11241/1550/692 11069/1458/692
f 11242/1551/694 11243/1552/694 11244/1553/694
f 11242/1551/694 11244/1553/694 11245/1554/694
f 11062/1451/694 11061/1450/694 11243/1552/694
f 11062/1451/694 11243/1552/694 11242/1551/694
f 11246/1555/693 11019/1408/693 11018/1407/693
f 11246/1555/693 11018/1407/693 11247/1556/693
f 11016/1405/692 11015/1404/692 11240/1549/692
f 11016/1405/692 11240/1549/692 11025/1414/692
f 11010/1399/691 11013/1402/691 11248/1401/691
f 11010/1399/691 11248/1401/691 11249/1400/691
f 11014/1403/692 11250/1406/692 11251/1405/692
f 11014/1403/692 11251/1405/692 11015/1404/692
f 11018/1407/693 11021/1410/693 11252/1409/693
f 11018/1407/693 11252/1409/693 11253/1408/693
f 11010/1399/691 11249/1400/691 11254/1412/691
f 11010/1399/691 11254/1412/691 11022/1411/691
f 11255/1413/692 11256/1415/692 11257/1414/692
f 11255/1413/692 11257/1414/692 11251/1405/692
f 11258/1416/690 11259/1419/690 11260/1418/690
f 11258/1416/690 11260/1418/690 11261/1417/690
f 11262/1420/690 11263/1422/690 11261/1417/690
f 11262/1420/690 11261/1417/690 11264/1421/690
f 11250/1406/692 11265/1423/692 11255/1413/692
f 11250/1406/692 11255/1413/692 11251/1405/692
f 11266/1424/693 11267/1427/693 11268/1426/693
f 11266/1424/693 11268/1426/693 11269/1425/693
f 11249/1400/691 11270/1429/691 11271/1428/691
f 11249/1400/691 11271/1428/691 11254/1412/691
f 11272/1430/690 11273/1432/690 11274/1431/690
f 11272/1430/690 11274/1431/690 11258/1416/690
f 11248/1401/691 11275/1435/691 11276/1434/691
f 11248/1401/691 11276/1434/691 11277/1433/691
f 11013/1402/691 11047/1436/691 11275/1435/691
f 11013/1402/691 11275/1435/691 11248/1401/691
f 11263/1422/690 11272/1430/690 11258/1416/690
f 11263/1422/690 11258/1416/690 11261/1417/690
f 11249/1400/691 11248/1401/691 11277/1433/691
f 11249/1400/691 11277/1433/691 11270/1429/691
f 11274/1431/690 11278/1437/690 11259/1419/690
f 11274/1431/690 11259/1419/690 11258/1416/690
f 11266/1424/693 11269/1425/693 11279/1439/693
f 11266/1424/693 11279/1439/693 11280/1438/693
f 11021/1410/693 11052/1441/693 11281/1440/693
f 11021/1410/693 11281/1440/693 11252/1409/693
f 11259/1419/690 11282/1443/690 11283/1442/690
f 11259/1419/690 11283/1442/690 11260/1418/690
f 11278/1437/690 11284/1444/690 11282/1443/690
f 11278/1437/690 11282/1443/690 11259/1419/690
f 11260/1418/690 11283/1442/690 11285/1446/690
f 11260/1418/690 11285/1446/690 11286/1445/690
f 11267/1427/693 11287/1448/693 11288/1447/693
f 11267/1427/693 11288/1447/693 11268/1426/693
f 11261/1417/690 11260/1418/690 11286/1445/690
f 11261/1417/690 11286/1445/690 11264/1421/690
f 11060/1449/694 11289/1452/694 11290/1451/694
f 11060/1449/694 11290/1451/694 11061/1450/694
f 11291/1453/689 11292/1456/689 11293/1455/689
f 11291/1453/689 11293/1455/689 11294/1454/689
f 11295/1457/692 11296/1460/692 11297/1459/692
f 11295/1457/692 11297/1459/692 11298/1458/692
f 11299/1461/693 11300/1464/693 11301/1463/693
f 11299/1461/693 11301/1463/693 11302/1462/693
f 11256/1415/692 11295/1457/692 11298/1458/692
f 11256/1415/692 11298/1458/692 11257/1414/692
f 11303/1465/689 11304/1468/689 11305/1467/689
f 11303/1465/689 11305/1467/689 11306/1466/689
f 11307/1469/689 11308/1472/689 11309/1471/689
f 11307/1469/689 11309/1471/689 11310/1470/689
f 11311/1473/690 11312/1476/690 11313/1475/690
f 11311/1473/690 11313/1475/690 11314/1474/690
f 11306/1466/689 11305/1467/689 11308/1472/689
f 11306/1466/689 11308/1472/689 11307/1469/689
f 11006/1394/690 11005/1395/690 11315/1478/690
f 11006/1394/690 11315/1478/690 11316/1477/690
f 11316/1477/690 11315/1478/690 11317/1480/690
f 11316/1477/690 11317/1480/690 11318/1479/690
f 11294/1454/689 11293/1455/689 11008/1398/689
f 11294/1454/689 11008/1398/689 11007/1396/689
f 11319/1481/695 11320/1484/695 11321/1483/695
f 11319/1481/695 11321/1483/695 11322/1482/695
f 11323/1483/696 11324/1486/696 11325/1485/696
f 11323/1483/696 11325/1485/696 11326/1482/696
f 11327/1486/697 11328/1488/697 11329/1487/697
f 11327/1486/697 11329/1487/697 11330/1485/697
f 11331/1489/690 11332/1492/690 11333/1491/690
f 11331/1489/690 11333/1491/690 11334/1490/690
f 11314/1474/690 11313/1475/690 11332/1492/690
f 11314/1474/690 11332/1492/690 11331/1489/690
f 11335/1493/698 11336/1496/698 11337/1495/698
f 11335/1493/698 11337/1495/698 11338/1494/698
s 1
f 11339/1497/700 11340/1500/700 11341/1499/700
f 11339/1497/700 11341/1499/700 11342/1498/700
f 11343/1501/699 11344/1504/699 11345/1503/699
f 11343/1501/699 11345/1503/699 11346/1502/699
f 11347/1502/704 11348/1503/705 11349/1506/704
f 11347/1502/704 11349/1506/704 11350/1505/704
f 11351/1507/701 11352/1508/703 11353/1500/701
f 11351/1507/701 11353/1500/701 11354/1497/701
f 11355/1494/709 11356/1495/709 11357/1504/708
f 11355/1494/709 11357/1504/708 11358/1501/708
f 11359/1498/707 11360/1499/706 11361/1496/734
f 11359/1498/707 11361/1496/734 11362/1493/706
f 11363/1509/714 11364/1486/713 11365/1483/713
f 11363/1509/714 11365/1483/713 11366/1510/713
f 11367/1511/712 11368/1482/711 11369/1485/712
f 11367/1511/712 11369/1485/712 11370/1512/711
f 11371/1513/735 11372/1481/718 11373/1482/718
f 11371/1513/735 11373/1482/718 11374/1511/719
f 11375/1510/717 11376/1483/717 11377/1484/716
f 11375/1510/717 11377/1484/716 11378/1514/716
s 0
f 11379/1515/720 11380/1487/720 11381/1488/720
f 11379/1515/720 11381/1488/720 11382/1516/720
s 1
f 11383/1516/724 11384/1488/724 11385/1486/723
f 11383/1516/724 11385/1486/723 11386/1509/723
f 11387/1512/722 11388/1485/722 11389/1487/721
f 11387/1512/722 11389/1487/721 11390/1515/721
s 0
f 11391/1517/726 11392/1520/726 11393/1519/726
f 11391/1517/726 11393/1519/726 11394/1518/726
f 11395/1521/725 11396/1524/725 11397/1523/725
f 11395/1521/725 11397/1523/725 11398/1522/725
f 11399/1525/732 11400/1427/732 11401/1424/732
f 11399/1525/732 11401/1424/732 11402/1526/732
f 11403/1526/732 11404/1424/732 11405/1438/732
s 1
f 11403/1526/732 11405/1438/732 11406/1527/732
s 0
f 11407/1528/732 11408/1448/732 11409/1427/732
s 1
f 11407/1528/732 11409/1427/732 11410/1525/732
s 0
f 11411/1529/733 11412/1532/733 11413/1531/733
f 11411/1529/733 11413/1531/733 11414/1530/733
f 11188/1533/729 11191/1536/729 11415/1535/729
f 11188/1533/729 11415/1535/729 11416/1534/729
f 11417/1534/733 11418/1535/733 11412/1532/733
f 11417/1534/733 11412/1532/733 11411/1529/733
f 11414/1530/733 11413/1531/733 11419/1538/733
f 11414/1530/733 11419/1538/733 11420/1537/733
f 11421/1445/736 11422/1540/736 11423/1539/736
f 11421/1445/736 11423/1539/736 11424/1421/736
f 11425/1421/736 11426/1539/736 11427/1541/736
f 11425/1421/736 11427/1541/736 11428/1420/736
f 11429/1420/737 11430/1541/737 11431/1542/737
f 11429/1420/737 11431/1542/737 11432/1422/737
f 11433/1431/727 11434/1544/727 11435/1543/727
f 11433/1431/727 11435/1543/727 11436/1437/727
f 11437/1422/737 11438/1542/737 11439/1545/737
f 11437/1422/737 11439/1545/737 11440/1430/737
f 11441/1432/727 11442/1546/727 11443/1544/727
f 11441/1432/727 11443/1544/727 11444/1431/727
f 11445/1430/737 11446/1545/737 11447/1546/737
f 11445/1430/737 11447/1546/737 11448/1432/737
f 11449/1446/736 11450/1479/736 11422/1540/736
f 11449/1446/736 11422/1540/736 11421/1445/736
f 11451/1437/727 11452/1543/727 11453/1393/727
f 11451/1437/727 11453/1393/727 11454/1444/727
f 11455/1443/728 11456/1394/728 11457/1477/728
f 11455/1443/728 11457/1477/728 11458/1442/728
f 11458/1442/728 11457/1477/728 11459/1479/728
f 11458/1442/728 11459/1479/728 11460/1446/728
f 11461/1444/728 11462/1393/728 11456/1394/728
f 11461/1444/728 11456/1394/728 11455/1443/728
f 11463/1527/729 11464/1438/729 11238/1548/729
f 11463/1527/729 11238/1548/729 11237/1547/729
f 11257/1414/692 11298/1458/692 11241/1550/692
f 11257/1414/692 11241/1550/692 11240/1549/692
f 11465/1551/694 11466/1554/694 11244/1553/694
f 11465/1551/694 11244/1553/694 11243/1552/694
f 11290/1451/694 11465/1551/694 11243/1552/694
f 11290/1451/694 11243/1552/694 11061/1450/694
f 11467/1555/693 11247/1556/693 11018/1407/693
f 11467/1555/693 11018/1407/693 11253/1408/693
f 11251/1405/692 11257/1414/692 11240/1549/692
f 11251/1405/692 11240/1549/692 11015/1404/692
