# Blender 5.1.2
# www.blender.org
mtllib engine_fabricator.mtl
o GourmetFactory_Foundation_Placeable_0
v 6.000000 0.000002 6.000000
v 0.000000 0.000002 6.000000
v 0.000000 0.000001 2.000000
v 6.000000 0.000001 2.000000
v 18.000000 0.000002 6.000000
v 14.000000 0.000001 2.000000
v 18.000000 0.000005 15.999999
v 18.000000 0.500005 15.999999
v 16.000000 0.500005 17.999998
v 16.000000 0.000005 17.999998
v 5.901273 1.000005 15.391619
v 6.000000 1.000002 5.999999
v 0.000000 1.000002 5.999999
v 0.000000 1.000005 15.391619
v 18.000000 0.000005 15.999999
v 6.000000 0.000005 15.999999
v 17.426653 1.000005 15.999999
v 10.118035 1.000005 17.499998
v 15.921509 1.000005 17.499998
v 5.000000 0.000005 16.999998
v 5.000000 0.500005 16.999998
v 0.000000 0.500005 16.999998
v 0.000000 0.000005 16.999998
v 16.000000 0.000005 17.999998
v 10.000000 0.000005 17.999998
v 0.000000 1.000005 16.499998
v 4.792893 1.000005 16.499998
v 17.428967 1.000002 5.999999
v 13.433355 1.000001 2.000000
v 6.000000 1.000001 2.000000
v 18.000000 0.000002 6.000000
v 18.000000 0.500002 6.000000
v 18.000000 0.500005 15.999999
v 18.000000 0.000005 15.999999
v 0.000000 0.000005 15.999999
v 14.000000 0.500001 2.000000
v 14.000000 0.000001 2.000000
v 14.000000 -0.000002 -8.000000
v 14.000000 0.499998 -8.000000
v 5.000000 0.000005 16.999998
v 0.000000 0.000005 16.999998
v 6.000000 0.500005 15.999999
v 6.000000 0.000005 15.999999
v 10.000000 0.000005 17.999998
v 10.000000 0.500005 17.999998
v 0.000000 -0.000002 -8.000000
v 6.000000 -0.000002 -8.000000
v 6.000000 0.999997 -8.000000
v 13.435692 0.999997 -8.000000
v 13.432885 0.999996 -12.999999
v 6.000000 0.999996 -12.999999
v 18.000000 0.500002 6.000000
v 18.000000 0.000002 6.000000
v 14.000000 0.000001 2.000000
v 14.000000 0.500001 2.000000
v 0.000000 1.000001 2.000000
v 16.000000 0.000005 17.999998
v 16.000000 0.500005 17.999998
v 10.000000 0.500005 17.999998
v 10.000000 0.000005 17.999998
v 14.000000 -0.000002 -8.000000
v 0.000000 0.999997 -8.000000
v 0.000000 0.999996 -12.999999
v 6.000000 -0.000004 -12.999999
v 14.000000 -0.000004 -12.999999
v 14.000000 0.499996 -12.999999
v 14.000000 -0.000004 -12.999999
v 9.000000 -0.000005 -17.999998
v 9.000000 0.499995 -17.999998
v 0.000000 -0.000004 -12.999999
v 14.000000 -0.000004 -12.999999
v 14.000000 0.499996 -12.999999
v 0.000000 -0.000005 -17.999998
v 6.000000 -0.000005 -17.999998
v 6.000000 -0.000005 -17.999998
v 6.000000 0.499995 -17.999998
v 9.000000 0.499995 -17.999998
v 9.000000 -0.000005 -17.999998
v 6.000000 0.999995 -17.499998
v 0.000000 0.999995 -17.499998
v 8.927501 0.999995 -17.499998
v 9.000000 -0.000005 -17.999998
v 0.000000 -0.000005 -17.999998
v 0.000000 0.499995 -17.999998
v 17.428967 1.000002 5.999999
v 17.426653 1.000005 15.999999
v 18.000000 0.500005 15.999999
v 18.000000 0.500002 6.000000
v 15.921509 1.000005 17.499998
v 10.118035 1.000005 17.499998
v 10.000000 0.500005 17.999998
v 16.000000 0.500005 17.999998
v 10.118035 1.000005 17.499998
v 5.901273 1.000005 15.391619
v 6.000000 0.500005 15.999999
v 10.000000 0.500005 17.999998
v 16.000000 0.500005 17.999998
v 18.000000 0.500005 15.999999
v 17.426653 1.000005 15.999999
v 15.921509 1.000005 17.499998
v 14.000000 0.500001 2.000000
v 14.000000 0.499998 -8.000000
v 13.435692 0.999997 -8.000000
v 13.433355 1.000001 2.000000
v 4.792893 1.000005 16.499998
v 0.000000 1.000005 16.499998
v 0.000000 0.500005 16.999998
v 5.000000 0.500005 16.999998
v 5.000000 0.500005 16.999998
v 6.000000 0.500005 15.999999
v 5.901273 1.000005 15.391619
v 4.792893 1.000005 16.499998
v 18.000000 0.500002 6.000000
v 14.000000 0.500001 2.000000
v 13.433355 1.000001 2.000000
v 17.428967 1.000002 5.999999
v 14.000000 0.499996 -12.999999
v 9.000000 0.499995 -17.999998
v 8.927501 0.999995 -17.499998
v 13.432885 0.999996 -12.999999
v 14.000000 0.499998 -8.000000
v 14.000000 0.499996 -12.999999
v 13.432885 0.999996 -12.999999
v 13.435692 0.999997 -8.000000
v 6.000000 0.999995 -17.499998
v 8.927501 0.999995 -17.499998
v 9.000000 0.499995 -17.999998
v 6.000000 0.499995 -17.999998
v 0.000000 0.999995 -17.499998
v 6.000000 0.999995 -17.499998
v 6.000000 0.499995 -17.999998
v 0.000000 0.499995 -17.999998
v 6.000000 0.000005 15.999999
v 6.000000 0.500005 15.999999
v 5.000000 0.500005 16.999998
v 5.000000 0.000005 16.999998
v -6.000000 0.000002 6.000000
v -6.000000 0.000001 2.000000
v -18.000000 0.000002 6.000000
v -14.000000 0.000001 2.000000
v -18.000000 0.000005 15.999999
v -16.000000 0.000005 17.999998
v -16.000000 0.500005 17.999998
v -18.000000 0.500005 15.999999
v -5.901273 1.000005 15.391619
v -6.000000 1.000002 5.999999
v -6.000000 0.000005 15.999999
v -18.000000 0.000005 15.999999
v -17.426653 1.000005 15.999999
v -15.921509 1.000005 17.499998
v -10.118035 1.000005 17.499998
v -5.000000 0.000005 16.999998
v -5.000000 0.500005 16.999998
v -10.000000 0.000005 17.999998
v -16.000000 0.000005 17.999998
v -4.792893 1.000005 16.499998
v -6.000000 1.000001 2.000000
v -13.433355 1.000001 2.000000
v -17.428967 1.000002 5.999999
v -18.000000 0.000002 6.000000
v -18.000000 0.000005 15.999999
v -18.000000 0.500005 15.999999
v -18.000000 0.500002 6.000000
v -14.000000 0.500001 2.000000
v -14.000000 0.499998 -8.000000
v -14.000000 -0.000002 -8.000000
v -14.000000 0.000001 2.000000
v -5.000000 0.000005 16.999998
v -6.000000 0.500005 15.999999
v -10.000000 0.500005 17.999998
v -10.000000 0.000005 17.999998
v -6.000000 0.000005 15.999999
v -6.000000 -0.000002 -8.000000
v -6.000000 0.999997 -8.000000
v -6.000000 0.999996 -12.999999
v -13.432885 0.999996 -12.999999
v -13.435692 0.999997 -8.000000
v -18.000000 0.500002 6.000000
v -14.000000 0.500001 2.000000
v -14.000000 0.000001 2.000000
v -18.000000 0.000002 6.000000
v -16.000000 0.000005 17.999998
v -10.000000 0.000005 17.999998
v -10.000000 0.500005 17.999998
v -16.000000 0.500005 17.999998
v -14.000000 -0.000002 -8.000000
v -14.000000 -0.000004 -12.999999
v -6.000000 -0.000004 -12.999999
v -14.000000 0.499996 -12.999999
v -9.000000 0.499995 -17.999998
v -9.000000 -0.000005 -17.999998
v -14.000000 -0.000004 -12.999999
v -14.000000 0.499996 -12.999999
v -14.000000 -0.000004 -12.999999
v -6.000000 -0.000005 -17.999998
v -6.000000 -0.000005 -17.999998
v -9.000000 -0.000005 -17.999998
v -9.000000 0.499995 -17.999998
v -6.000000 0.499995 -17.999998
v -6.000000 0.999995 -17.499998
v -8.927501 0.999995 -17.499998
v -9.000000 -0.000005 -17.999998
v -17.428967 1.000002 5.999999
v -18.000000 0.500002 6.000000
v -18.000000 0.500005 15.999999
v -17.426653 1.000005 15.999999
v -15.921509 1.000005 17.499998
v -16.000000 0.500005 17.999998
v -10.000000 0.500005 17.999998
v -10.118035 1.000005 17.499998
v -10.118035 1.000005 17.499998
v -10.000000 0.500005 17.999998
v -6.000000 0.500005 15.999999
v -5.901273 1.000005 15.391619
v -16.000000 0.500005 17.999998
v -15.921509 1.000005 17.499998
v -17.426653 1.000005 15.999999
v -18.000000 0.500005 15.999999
v -14.000000 0.500001 2.000000
v -13.433355 1.000001 2.000000
v -13.435692 0.999997 -8.000000
v -14.000000 0.499998 -8.000000
v -4.792893 1.000005 16.499998
v -5.000000 0.500005 16.999998
v -5.000000 0.500005 16.999998
v -4.792893 1.000005 16.499998
v -5.901273 1.000005 15.391619
v -6.000000 0.500005 15.999999
v -18.000000 0.500002 6.000000
v -17.428967 1.000002 5.999999
v -13.433355 1.000001 2.000000
v -14.000000 0.500001 2.000000
v -14.000000 0.499996 -12.999999
v -13.432885 0.999996 -12.999999
v -8.927501 0.999995 -17.499998
v -9.000000 0.499995 -17.999998
v -14.000000 0.499998 -8.000000
v -13.435692 0.999997 -8.000000
v -13.432885 0.999996 -12.999999
v -14.000000 0.499996 -12.999999
v -6.000000 0.999995 -17.499998
v -6.000000 0.499995 -17.999998
v -9.000000 0.499995 -17.999998
v -8.927501 0.999995 -17.499998
v -6.000000 0.499995 -17.999998
v -6.000000 0.999995 -17.499998
v -6.000000 0.000005 15.999999
v -5.000000 0.000005 16.999998
v -5.000000 0.500005 16.999998
v -6.000000 0.500005 15.999999
vn -0.0000 -1.0000 -0.0000
vn 0.7071 -0.0000 0.7071
vn -0.0000 1.0000 -0.0000
vn -0.0000 -0.0000 1.0000
vn 1.0000 -0.0000 -0.0000
vn -0.4472 -0.0000 0.8944
vn 0.7071 -0.0000 -0.7071
vn -0.0000 -0.0000 -1.0000
vn 0.6580 0.7530 0.0001
vn 0.6579 0.7531 0.0001
vn -0.0000 0.7071 0.7071
vn -0.3162 0.7071 0.6325
vn 0.5479 0.6315 0.5487
vn 0.6624 0.7491 0.0001
vn 0.6624 0.7492 0.0001
vn 0.6625 0.7491 0.0001
vn 0.5000 0.7071 0.5000
vn 0.5510 0.6269 -0.5507
vn 0.5511 0.6269 -0.5508
vn 0.5505 0.6274 -0.5508
vn 0.5504 0.6275 -0.5507
vn 0.5504 0.6274 -0.5508
vn 0.6622 0.7493 -0.0002
vn -0.0000 0.7071 -0.7071
vn -0.7071 -0.0000 0.7071
vn -1.0000 -0.0000 -0.0000
vn 0.4472 -0.0000 0.8944
vn -0.7071 -0.0000 -0.7071
vn -0.6580 0.7530 0.0001
vn -0.6579 0.7531 0.0001
vn 0.3162 0.7071 0.6325
vn -0.5479 0.6315 0.5487
vn -0.6624 0.7491 0.0001
vn -0.6625 0.7491 0.0001
vn -0.6624 0.7492 0.0001
vn -0.5000 0.7071 0.5000
vn -0.5510 0.6269 -0.5507
vn -0.5511 0.6269 -0.5508
vn -0.5505 0.6274 -0.5508
vn -0.5504 0.6274 -0.5508
vn -0.5504 0.6275 -0.5507
vn -0.6622 0.7493 -0.0002
vt 0.467500 0.204167
vt 0.483500 0.204167
vt 0.483500 0.193056
vt 0.467500 0.193056
vt 0.435500 0.204167
vt 0.446167 0.193056
vt 0.486167 0.190754
vt 0.484833 0.190754
vt 0.484833 0.198611
vt 0.486167 0.198611
vt 0.419763 0.144745
vt 0.419500 0.170833
vt 0.435500 0.170833
vt 0.435500 0.143056
vt 0.435500 0.231944
vt 0.467500 0.231944
vt 0.389029 0.143056
vt 0.408519 0.138889
vt 0.393043 0.138889
vt 0.487500 0.223774
vt 0.486167 0.223774
vt 0.486167 0.237500
vt 0.487500 0.237500
vt 0.440833 0.237500
vt 0.456833 0.237500
vt 0.435500 0.141667
vt 0.422719 0.141667
vt 0.389023 0.170833
vt 0.399678 0.181944
vt 0.419500 0.181944
vt 0.486167 0.171113
vt 0.484833 0.171113
vt 0.483500 0.231944
vt 0.484833 0.141650
vt 0.483500 0.141650
vt 0.483500 0.161292
vt 0.484833 0.161292
vt 0.470167 0.234722
vt 0.483500 0.234722
vt 0.486167 0.159283
vt 0.484833 0.159283
vt 0.483500 0.165278
vt 0.467500 0.165278
vt 0.419500 0.209722
vt 0.399671 0.209722
vt 0.399679 0.223611
vt 0.419500 0.223611
vt 0.487500 0.212663
vt 0.486167 0.212663
vt 0.435500 0.181944
vt 0.486167 0.142812
vt 0.484833 0.142812
vt 0.446167 0.165278
vt 0.435500 0.209722
vt 0.435500 0.223611
vt 0.467500 0.151389
vt 0.446167 0.151389
vt 0.484833 0.237500
vt 0.486167 0.223611
vt 0.484833 0.223611
vt 0.483500 0.151389
vt 0.483500 0.171113
vt 0.483500 0.137500
vt 0.467500 0.137500
vt 0.486167 0.215278
vt 0.484833 0.215278
vt 0.419500 0.236111
vt 0.435500 0.236111
vt 0.411693 0.236111
vt 0.459500 0.137500
vt 0.387500 0.143056
vt 0.387500 0.170833
vt 0.408833 0.137500
vt 0.392833 0.137500
vt 0.419500 0.143056
vt 0.483500 0.191881
vt 0.483500 0.197783
vt 0.398167 0.181944
vt 0.398167 0.209722
vt 0.435500 0.140278
vt 0.422167 0.140278
vt 0.398167 0.223611
vt 0.411500 0.237500
vt 0.483500 0.215278
vt 0.483500 0.223410
vt 0.483500 0.198611
vt 0.484833 0.137721
vt 0.483500 0.137721
s 0
usemtl Placeable
f 1/1/1 2/2/1 3/3/1
f 1/1/1 3/3/1 4/4/1
f 5/5/1 1/1/1 4/4/1
f 5/5/1 4/4/1 6/6/1
f 7/7/2 8/8/2 9/9/2
f 7/7/2 9/9/2 10/10/2
f 11/11/3 12/12/3 13/13/3
f 11/11/3 13/13/3 14/14/3
f 1/1/1 5/5/1 15/15/1
f 1/1/1 15/15/1 16/16/1
f 17/17/3 11/11/3 18/18/3
f 17/17/3 18/18/3 19/19/3
f 20/20/4 21/21/4 22/22/4
f 20/20/4 22/22/4 23/23/4
f 16/16/1 15/15/1 24/24/1
f 16/16/1 24/24/1 25/25/1
f 11/11/3 14/14/3 26/26/3
f 11/11/3 26/26/3 27/27/3
f 12/12/3 28/28/3 29/29/3
f 12/12/3 29/29/3 30/30/3
f 31/31/5 32/32/5 33/8/5
f 31/31/5 33/8/5 34/7/5
f 28/28/3 12/12/3 11/11/3
f 28/28/3 11/11/3 17/17/3
f 1/1/1 16/16/1 35/33/1
f 1/1/1 35/33/1 2/2/1
f 36/34/5 37/35/5 38/36/5
f 36/34/5 38/36/5 39/37/5
f 35/33/1 16/16/1 40/38/1
f 35/33/1 40/38/1 41/39/1
f 42/32/6 43/31/6 44/40/6
f 42/32/6 44/40/6 45/41/6
f 4/4/1 3/3/1 46/42/1
f 4/4/1 46/42/1 47/43/1
f 48/44/3 49/45/3 50/46/3
f 48/44/3 50/46/3 51/47/3
f 52/21/7 53/20/7 54/48/7
f 52/21/7 54/48/7 55/49/7
f 13/13/3 12/12/3 30/30/3
f 13/13/3 30/30/3 56/50/3
f 57/51/4 58/52/4 59/41/4
f 57/51/4 59/41/4 60/40/4
f 30/30/3 29/29/3 49/45/3
f 30/30/3 49/45/3 48/44/3
f 6/6/1 4/4/1 47/43/1
f 6/6/1 47/43/1 61/53/1
f 56/50/3 30/30/3 48/44/3
f 56/50/3 48/44/3 62/54/3
f 62/54/3 48/44/3 51/47/3
f 62/54/3 51/47/3 63/55/3
f 61/53/1 47/43/1 64/56/1
f 61/53/1 64/56/1 65/57/1
f 66/58/7 67/22/7 68/59/7
f 66/58/7 68/59/7 69/60/7
f 47/43/1 46/42/1 70/61/1
f 47/43/1 70/61/1 64/56/1
f 39/37/5 38/36/5 71/62/5
f 39/37/5 71/62/5 72/32/5
f 64/56/1 70/61/1 73/63/1
f 64/56/1 73/63/1 74/64/1
f 75/65/8 76/66/8 77/60/8
f 75/65/8 77/60/8 78/59/8
f 63/55/3 51/47/3 79/67/3
f 63/55/3 79/67/3 80/68/3
f 51/47/3 50/46/3 81/69/3
f 51/47/3 81/69/3 79/67/3
f 65/57/1 64/56/1 74/64/1
f 65/57/1 74/64/1 82/70/1
f 76/66/8 75/65/8 83/10/8
f 76/66/8 83/10/8 84/9/8
s 1
f 85/28/9 86/17/10 87/71/9
f 85/28/9 87/71/9 88/72/9
s 0
f 89/19/11 90/18/11 91/73/11
f 89/19/11 91/73/11 92/74/11
f 93/18/12 94/11/12 95/75/12
f 93/18/12 95/75/12 96/73/12
s 1
f 97/9/13 98/8/13 99/76/13
f 97/9/13 99/76/13 100/77/13
f 101/78/14 102/79/15 103/45/16
f 101/78/14 103/45/16 104/29/14
s 0
f 105/27/11 106/26/11 107/80/11
f 105/27/11 107/80/11 108/81/11
f 109/81/17 110/75/17 111/11/17
f 109/81/17 111/11/17 112/27/17
s 1
f 113/72/18 114/78/19 115/29/18
f 113/72/18 115/29/18 116/28/18
f 117/82/20 118/83/21 119/69/21
f 117/82/20 119/69/21 120/46/22
f 121/79/23 122/82/23 123/46/23
f 121/79/23 123/46/23 124/45/23
s 0
f 125/84/24 126/85/24 127/60/24
f 125/84/24 127/60/24 128/66/24
f 129/86/24 130/84/24 131/66/24
f 129/86/24 131/66/24 132/9/24
f 133/87/2 134/88/2 135/35/2
f 133/87/2 135/35/2 136/34/2
f 137/1/1 138/4/1 3/3/1
f 137/1/1 3/3/1 2/2/1
f 139/5/1 140/6/1 138/4/1
f 139/5/1 138/4/1 137/1/1
f 141/7/25 142/10/25 143/9/25
f 141/7/25 143/9/25 144/8/25
f 145/11/3 14/14/3 13/13/3
f 145/11/3 13/13/3 146/12/3
f 137/1/1 147/16/1 148/15/1
f 137/1/1 148/15/1 139/5/1
f 149/17/3 150/19/3 151/18/3
f 149/17/3 151/18/3 145/11/3
f 152/20/4 23/23/4 22/22/4
f 152/20/4 22/22/4 153/21/4
f 147/16/1 154/25/1 155/24/1
f 147/16/1 155/24/1 148/15/1
f 145/11/3 156/27/3 26/26/3
f 145/11/3 26/26/3 14/14/3
f 146/12/3 157/30/3 158/29/3
f 146/12/3 158/29/3 159/28/3
f 160/31/26 161/7/26 162/8/26
f 160/31/26 162/8/26 163/32/26
f 159/28/3 149/17/3 145/11/3
f 159/28/3 145/11/3 146/12/3
f 137/1/1 2/2/1 35/33/1
f 137/1/1 35/33/1 147/16/1
f 164/34/26 165/37/26 166/36/26
f 164/34/26 166/36/26 167/35/26
f 35/33/1 41/39/1 168/38/1
f 35/33/1 168/38/1 147/16/1
f 169/32/27 170/41/27 171/40/27
f 169/32/27 171/40/27 172/31/27
f 138/4/1 173/43/1 46/42/1
f 138/4/1 46/42/1 3/3/1
f 174/44/3 175/47/3 176/46/3
f 174/44/3 176/46/3 177/45/3
f 178/21/28 179/49/28 180/48/28
f 178/21/28 180/48/28 181/20/28
f 13/13/3 56/50/3 157/30/3
f 13/13/3 157/30/3 146/12/3
f 182/51/4 183/40/4 184/41/4
f 182/51/4 184/41/4 185/52/4
f 157/30/3 174/44/3 177/45/3
f 157/30/3 177/45/3 158/29/3
f 140/6/1 186/53/1 173/43/1
f 140/6/1 173/43/1 138/4/1
f 56/50/3 62/54/3 174/44/3
f 56/50/3 174/44/3 157/30/3
f 62/54/3 63/55/3 175/47/3
f 62/54/3 175/47/3 174/44/3
f 186/53/1 187/57/1 188/56/1
f 186/53/1 188/56/1 173/43/1
f 189/58/28 190/60/28 191/59/28
f 189/58/28 191/59/28 192/22/28
f 173/43/1 188/56/1 70/61/1
f 173/43/1 70/61/1 46/42/1
f 165/37/26 193/32/26 194/62/26
f 165/37/26 194/62/26 166/36/26
f 188/56/1 195/64/1 73/63/1
f 188/56/1 73/63/1 70/61/1
f 196/65/8 197/59/8 198/60/8
f 196/65/8 198/60/8 199/66/8
f 63/55/3 80/68/3 200/67/3
f 63/55/3 200/67/3 175/47/3
f 175/47/3 200/67/3 201/69/3
f 175/47/3 201/69/3 176/46/3
f 187/57/1 202/70/1 195/64/1
f 187/57/1 195/64/1 188/56/1
f 199/66/8 84/9/8 83/10/8
f 199/66/8 83/10/8 196/65/8
s 1
f 203/28/29 204/72/29 205/71/29
f 203/28/29 205/71/29 206/17/30
s 0
f 207/19/11 208/74/11 209/73/11
f 207/19/11 209/73/11 210/18/11
f 211/18/31 212/73/31 213/75/31
f 211/18/31 213/75/31 214/11/31
s 1
f 215/9/32 216/77/32 217/76/32
f 215/9/32 217/76/32 218/8/32
f 219/78/33 220/29/33 221/45/34
f 219/78/33 221/45/34 222/79/35
s 0
f 223/27/11 224/81/11 107/80/11
f 223/27/11 107/80/11 106/26/11
f 225/81/36 226/27/36 227/11/36
f 225/81/36 227/11/36 228/75/36
s 1
f 229/72/37 230/28/37 231/29/37
f 229/72/37 231/29/37 232/78/38
f 233/82/39 234/46/40 235/69/41
f 233/82/39 235/69/41 236/83/41
f 237/79/42 238/45/42 239/46/42
f 237/79/42 239/46/42 240/82/42
s 0
f 241/84/24 242/66/24 243/60/24
f 241/84/24 243/60/24 244/85/24
f 129/86/24 132/9/24 245/66/24
f 129/86/24 245/66/24 246/84/24
f 247/87/25 248/34/25 249/35/25
f 247/87/25 249/35/25 250/88/25
o GourmetFactory_BigBody_Placeable_0
v 4.249998 25.249994 -13.250007
v 5.750000 25.249994 -12.616323
v 3.803866 25.249994 -14.750007
v 5.750000 25.250000 5.749992
v 5.250000 25.250000 4.749992
v 5.250000 25.250000 5.749992
v 12.998024 16.353619 3.353565
v 12.331703 17.006729 3.944875
v 12.331703 16.000679 4.003719
v 3.914213 24.999994 -15.000007
v 6.000000 24.999994 -12.713211
v 4.318238 24.999994 -15.404030
v 4.000000 24.000000 6.499992
v 4.500000 24.000000 6.999992
v 4.288675 24.288675 6.711317
v 6.500000 24.000000 6.999992
v 7.000000 24.000000 6.499992
v 6.711325 24.288675 6.711317
v 7.630968 17.249994 -13.405553
v 11.203757 17.249996 -7.998571
v 11.199924 17.249994 -12.688066
v 3.750000 22.500000 5.999993
v 2.083333 22.750000 5.999993
v 3.750000 21.500000 5.999993
v 3.999998 25.499998 2.499993
v 3.999998 25.499998 0.499992
v 3.999998 27.152784 0.423599
v 3.999998 27.152782 -3.576401
v 3.999998 25.499998 -1.500007
v 3.999998 25.499996 -3.500007
v 3.999998 27.152782 -7.576401
v 3.999998 25.499996 -5.500007
v 3.999998 25.499996 -7.500007
v 3.999998 27.152784 0.423599
v 3.999998 27.499998 -0.000008
v 3.999998 27.699999 0.399992
v 3.999998 27.152782 -3.576401
v 3.999998 27.499996 -4.000008
v 3.999998 27.699997 -3.600008
v 3.999998 27.152782 -7.576401
v 3.999998 27.499996 -8.000008
v 3.999998 27.699997 -7.600008
v 13.500000 5.000000 0.999998
v 13.500000 5.000000 1.499998
v 13.500000 4.500000 1.499999
v 13.500000 4.999998 -7.000001
v 13.500000 4.499997 -7.500001
v 13.500000 4.999997 -7.500001
v -4.249998 25.249994 -13.250007
v -3.803866 25.249994 -14.750007
v -5.750000 25.249994 -12.616323
v -5.750000 25.250000 5.749992
v -5.250000 25.250000 5.749992
v -5.250000 25.250000 4.749992
v -12.998024 16.353619 3.353565
v -12.331703 16.000679 4.003719
v -12.331703 17.006729 3.944875
v -3.914213 24.999994 -15.000007
v -4.318238 24.999994 -15.404030
v -6.000000 24.999994 -12.713211
v -4.000000 24.000000 6.499992
v -4.288675 24.288675 6.711317
v -4.500000 24.000000 6.999992
v -6.500000 24.000000 6.999992
v -6.711325 24.288675 6.711317
v -7.000000 24.000000 6.499992
v -7.630968 17.249994 -13.405553
v -11.199924 17.249994 -12.688066
v -11.203757 17.249996 -7.998571
v -3.750000 22.500000 5.999993
v -3.750000 21.500000 5.999993
v -2.083333 22.750000 5.999993
v -3.999998 25.499998 2.499993
v -3.999998 27.152784 0.423599
v -3.999998 25.499998 0.499992
v -3.999998 27.152782 -3.576401
v -3.999998 25.499996 -3.500007
v -3.999998 25.499998 -1.500007
v -3.999998 27.152782 -7.576401
v -3.999998 25.499996 -7.500007
v -3.999998 25.499996 -5.500007
v -3.999998 27.152784 0.423599
v -3.999998 27.699999 0.399992
v -3.999998 27.499998 -0.000008
v -3.999998 27.152782 -3.576401
v -3.999998 27.699997 -3.600008
v -3.999998 27.499996 -4.000008
v -3.999998 27.152782 -7.576401
v -3.999998 27.699997 -7.600008
v -3.999998 27.499996 -8.000008
v -13.500000 5.000000 0.999998
v -13.500000 4.500000 1.499999
v -13.500000 5.000000 1.499998
v -13.500000 4.999998 -7.000001
v -13.500000 4.999997 -7.500001
v -13.500000 4.499997 -7.500001
v 7.000000 1.000001 4.000000
v 11.994016 1.000001 4.000000
v 11.993776 4.000001 3.999999
v 7.000000 4.000001 3.999999
v 7.000000 1.000002 6.499999
v 7.000000 1.000002 5.999999
v 7.000000 4.000001 5.999998
v 7.000000 4.000002 6.499998
v 0.000000 4.000001 5.999998
v 4.000000 4.000001 5.999998
v 4.000000 5.000001 5.999998
v 0.000000 5.000001 5.999998
v 4.000000 4.000001 5.999998
v 4.000000 4.000002 6.499998
v 4.000000 5.000001 6.499998
v 4.000000 5.000001 5.999998
v 7.000000 5.000001 5.999998
v 7.000000 5.000001 6.499998
v 13.000000 4.400001 2.599998
v 13.000000 4.400001 2.399998
v 13.000000 4.600000 2.399998
v 13.000000 4.600000 2.599998
v 4.000000 1.000002 5.999999
v 4.000000 1.000002 6.499999
v 4.500000 4.000002 6.999998
v 6.500000 4.000002 6.999998
v 6.500000 5.000001 6.999998
v 4.500000 5.000001 6.999998
v 13.000000 1.000001 2.000000
v 13.000000 0.999997 -8.000000
v 13.000000 3.999997 -8.000001
v 13.000000 4.000000 1.999999
v 0.000000 1.000002 5.999999
v 4.000000 1.000002 5.999999
v 7.000000 1.000001 4.000000
v 7.000000 4.000001 3.999999
v 9.000000 0.999995 -16.999998
v 4.500000 0.999995 -16.999998
v 4.500000 3.999995 -17.000000
v 9.000000 3.999995 -17.000000
v 11.993776 4.000001 3.999999
v 11.993039 5.000001 3.999998
v 7.000000 5.000001 3.999998
v 13.000000 0.999996 -12.999999
v 9.000000 0.999995 -16.999998
v 9.000000 3.999995 -17.000000
v 13.000000 3.999996 -13.000000
v 12.998761 5.000052 3.353562
v 12.998024 16.353619 3.353565
v 12.331703 16.000679 4.003719
v 12.346579 5.000052 4.001236
v 0.000000 5.500001 6.749998
v 3.500000 5.500001 6.749998
v 3.500000 7.500001 6.749997
v 0.000000 7.500001 6.749997
v 13.000000 8.400000 2.599997
v 13.000000 8.400000 2.399997
v 13.000000 8.600000 2.399997
v 13.000000 8.600000 2.599997
v 4.000000 8.000002 6.499997
v 4.000000 8.000001 5.999997
v 7.500000 5.500001 4.499998
v 7.500000 17.500000 4.499994
v 7.000000 17.000000 3.999995
v 7.000000 5.000001 3.999998
v 7.000000 5.000001 3.999998
v 8.626035 17.249994 -15.250004
v 6.478186 17.249994 -15.250004
v 4.500000 23.999992 -17.000006
v 4.500000 20.999992 -17.000004
v 3.500000 20.999992 -16.000006
v 3.500000 23.999992 -16.000006
v 13.000000 5.400001 2.599998
v 13.000000 5.400001 2.399998
v 13.000000 7.600000 2.399997
v 13.000000 7.600000 2.599997
v 13.000000 9.400000 2.599997
v 13.000000 9.400000 2.399997
v 13.000000 11.600000 2.399996
v 13.000000 11.600000 2.599996
v 4.500000 3.999995 -17.000000
v 4.500000 15.999994 -17.000004
v 9.000000 15.999994 -17.000004
v 9.000000 3.999995 -17.000000
v 13.000000 12.400000 2.599996
v 13.000000 12.400000 2.399996
v 13.000000 12.600000 2.399996
v 13.000000 12.600000 2.599996
v 3.792893 16.999992 -16.292896
v 4.500000 15.999994 -17.000004
v 3.500000 15.999994 -16.000004
v 3.500000 16.999992 -16.000004
v 13.000000 13.400000 2.599996
v 13.000000 13.400000 2.399996
v 13.000000 15.600000 2.399995
v 13.000000 15.600000 2.599995
v 4.500000 3.999995 -17.000000
v 4.500000 0.999995 -16.999998
v 3.500000 0.999995 -15.999999
v 3.500000 3.999995 -16.000000
v 9.000000 3.999995 -17.000000
v 9.000000 15.999994 -17.000004
v 13.000000 15.999995 -13.000004
v 13.000000 3.999996 -13.000000
v 13.500000 4.999998 -7.000001
v 13.500000 14.999997 -7.000004
v 13.500000 14.999999 0.999995
v 13.500000 5.000000 0.999998
v 7.500000 17.499998 1.999995
v 11.461926 17.499998 1.999995
v 11.455923 17.499996 -5.349547
v 7.500000 17.499994 -11.336354
v 6.500000 17.500000 4.499994
v 6.500000 17.499998 1.999995
v 6.500000 19.499998 1.999994
v 6.500000 19.500000 3.999994
v 6.500000 17.000000 5.499994
v 6.500000 19.500000 5.499994
v 11.461926 17.499998 1.999995
v 7.500000 17.499998 1.999995
v 7.500000 17.500000 4.499994
v 11.471136 17.500000 4.499994
v 6.900000 20.399998 1.599994
v 6.900000 20.399998 0.524994
v 6.900000 20.599998 0.524994
v 6.900000 20.599998 1.599994
v 6.703201 20.399994 -13.286204
v 5.877200 20.399994 -14.607806
v 5.877200 20.599995 -14.607807
v 6.703201 20.599995 -13.286205
v 3.500000 8.500001 6.499997
v 4.000000 8.000001 5.999997
v 4.000000 21.000000 5.999993
v 3.500000 20.750000 6.499993
v 4.000000 21.000000 6.499993
v 4.000000 21.000000 5.999993
v 6.500000 17.499994 -12.856606
v 6.500000 19.499994 -12.856606
v 7.000000 21.000000 6.499993
v 7.000000 21.000000 5.999993
v 7.000000 24.000000 5.999992
v 7.000000 24.000000 6.499992
v 6.900000 20.400000 5.599993
v 6.900000 20.400000 4.399993
v 6.900000 20.600000 4.399993
v 6.900000 20.600000 5.599993
v 4.850000 8.150001 7.149997
v 4.850000 20.850000 7.149993
v 4.650000 20.850000 7.149993
v 4.650000 8.150001 7.149997
v 6.900000 20.400000 3.599993
v 6.900000 20.399998 2.399994
v 6.900000 20.599998 2.399994
v 6.900000 20.600000 3.599993
v 0.000000 25.249994 -14.750007
v 0.000000 25.249994 -13.250007
v 0.000000 21.000000 6.499993
v 3.500000 20.750000 6.499993
v 1.833333 22.000000 6.499993
v 0.000000 22.000000 6.499993
v 4.249998 25.250000 4.249992
v 0.000000 25.250000 4.249992
v 0.000000 25.250000 4.749992
v 4.500000 3.999995 -17.000000
v 3.500000 3.999995 -16.000000
v 3.500000 15.999994 -16.000004
v 4.500000 15.999994 -17.000004
v 3.500000 0.999995 -15.999999
v 0.000000 0.999995 -15.999999
v 0.000000 3.999995 -16.000000
v 3.500000 3.999995 -16.000000
v 4.287868 20.599993 -16.646450
v 4.287868 20.399992 -16.646450
v 3.853553 20.399992 -16.212135
v 3.853553 20.599993 -16.212135
v 5.125000 16.999992 -16.000004
v 4.500000 15.999994 -17.000004
v 3.792893 16.999992 -16.292896
v 4.500000 17.999992 -17.000004
v 12.998892 4.000036 3.353561
v 12.998761 5.000052 3.353562
v 12.346579 5.000052 4.001236
v 12.347317 4.000037 4.001106
v 12.347317 4.000037 4.001106
v 12.347552 1.250008 4.001080
v 12.998919 1.250008 3.353546
v 12.998892 4.000036 3.353561
v 7.500000 5.500001 4.499998
v 11.492824 5.500001 4.499998
v 11.471136 17.500000 4.499994
v 7.500000 17.500000 4.499994
v 12.333000 16.980190 -13.077746
v 12.315292 17.006727 1.999693
v 12.993265 16.353617 1.999693
v 12.961548 16.381762 -13.077746
v 5.287840 16.999992 -16.353558
v 9.026048 16.979347 -16.374203
v 9.064685 16.378706 -16.974844
v 4.883811 16.353546 -17.000004
v 12.961548 16.381762 -13.077746
v 9.064685 16.378706 -16.974844
v 9.026048 16.979347 -16.374203
v 12.333000 16.980190 -13.077746
v 12.998024 16.353619 3.353565
v 12.993265 16.353617 1.999693
v 12.315292 17.006727 1.999693
v 12.331703 17.006729 3.944875
v 13.000000 1.000001 3.000000
v 13.000000 4.000000 2.999999
v 4.883811 16.353546 -17.000004
v 9.064685 16.378706 -16.974844
v 9.000000 15.999994 -17.000004
v 4.500000 15.999994 -17.000004
v 9.064685 16.378706 -16.974844
v 12.961548 16.381762 -13.077746
v 13.000000 15.999995 -13.000004
v 9.000000 15.999994 -17.000004
v 12.993265 16.353617 1.999693
v 12.998024 16.353619 3.353565
v 13.000000 16.000000 2.999995
v 13.000000 16.000000 1.999995
v 5.287840 16.999992 -16.353558
v 4.883811 16.353546 -17.000004
v 4.500000 15.999994 -17.000004
v 5.125000 16.999992 -16.000004
v 12.998761 5.000052 3.353562
v 12.998892 4.000036 3.353561
v 13.000000 4.000000 2.999999
v 13.000000 5.000000 2.999998
v 12.347317 4.000037 4.001106
v 12.346579 5.000052 4.001236
v 11.993039 5.000001 3.999998
v 11.993776 4.000001 3.999999
v 12.347552 1.250008 4.001080
v 12.347317 4.000037 4.001106
v 11.993776 4.000001 3.999999
v 11.994016 1.000001 4.000000
v 12.998919 1.250008 3.353546
v 12.347552 1.250008 4.001080
v 11.994016 1.000001 4.000000
v 13.000000 1.000001 3.000000
v 12.998892 4.000036 3.353561
v 12.998919 1.250008 3.353546
v 13.000000 1.000001 3.000000
v 13.000000 4.000000 2.999999
v 9.026048 16.979347 -16.374203
v 5.287840 16.999992 -16.353558
v 5.125000 16.999992 -16.000004
v 8.935673 16.999992 -16.000004
v 12.333000 16.980190 -13.077746
v 9.026048 16.979347 -16.374203
v 8.935673 16.999992 -16.000004
v 11.949669 16.999994 -13.000004
v 12.331703 17.006729 3.944875
v 12.315292 17.006727 1.999693
v 11.961931 16.999998 1.999995
v 11.971148 17.000000 3.999995
v 3.914213 24.999994 -15.000007
v 4.318238 24.999994 -15.404030
v 4.500000 23.999992 -17.000006
v 3.500000 23.999992 -16.000006
v 7.000000 24.000000 5.999992
v 7.000000 23.999994 -13.000007
v 6.000000 24.999994 -12.713211
v 6.000000 25.000000 5.999992
v 7.000000 23.999994 -13.000007
v 4.500000 23.999992 -17.000006
v 4.318238 24.999994 -15.404030
v 6.000000 24.999994 -12.713211
v 5.000000 25.000000 4.999992
v 0.000000 25.000000 4.999992
v 0.000000 24.000000 5.999992
v 4.000000 24.000000 5.999992
v 6.711325 24.288675 6.711317
v 7.000000 24.000000 6.499992
v 7.000000 24.000000 5.999992
v 6.000000 25.000000 5.999992
v 0.000000 24.999994 -15.000007
v 3.914213 24.999994 -15.000007
v 3.500000 23.999992 -16.000006
v 0.000000 23.999992 -16.000006
v 4.000000 5.000001 6.499998
v 4.000000 4.000002 6.499998
v 4.500000 4.000002 6.999998
v 4.500000 5.000001 6.999998
v 7.000000 4.000002 6.499998
v 7.000000 5.000001 6.499998
v 6.500000 5.000001 6.999998
v 6.500000 4.000002 6.999998
v 6.500000 4.000002 6.999998
v 6.500000 1.000002 6.999999
v 7.000000 1.000002 6.499999
v 7.000000 4.000002 6.499998
v 4.500000 1.000002 6.999999
v 4.500000 4.000002 6.999998
v 4.000000 4.000002 6.499998
v 4.000000 1.000002 6.499999
v 4.000000 8.000002 6.499997
v 4.500000 8.000002 6.999997
v 4.000000 24.000000 6.499992
v 4.000000 21.000000 6.499993
v 4.500000 21.000000 6.999993
v 4.500000 24.000000 6.999992
v 4.000000 8.000002 6.499997
v 4.500000 8.000002 6.999997
v 4.500000 21.000000 6.999993
v 4.000000 21.000000 6.499993
v 7.000000 21.000000 6.499993
v 7.000000 24.000000 6.499992
v 6.500000 24.000000 6.999992
v 6.500000 21.000000 6.999993
v 4.500000 1.000002 6.999999
v 6.500000 1.000002 6.999999
v 11.993039 5.000001 3.999998
v 11.971148 17.000000 3.999995
v 11.471136 17.500000 4.499994
v 11.492824 5.500001 4.499998
v 7.500000 17.500000 4.499994
v 7.500000 17.499998 1.999995
v 7.000000 16.999998 1.999995
v 7.000000 17.000000 3.999995
v 7.500000 17.499998 1.999995
v 7.500000 17.499994 -11.336354
v 7.000000 16.999994 -13.000004
v 7.000000 16.999998 1.999995
v 6.500000 5.500001 4.499998
v 7.000000 5.000001 3.999998
v 7.000000 17.000000 3.999995
v 6.500000 17.500000 4.499994
v 11.455923 17.499996 -5.349547
v 11.461926 17.499998 1.999995
v 11.961931 16.999998 1.999995
v 11.955800 16.999996 -5.500005
v 11.461926 17.499998 1.999995
v 11.471136 17.500000 4.499994
v 11.971148 17.000000 3.999995
v 11.961931 16.999998 1.999995
v 11.492824 5.500001 4.499998
v 7.500000 5.500001 4.499998
v 7.000000 5.000001 3.999998
v 11.993039 5.000001 3.999998
v 7.500000 17.499994 -11.336354
v 11.455923 17.499996 -5.349547
v 11.955800 16.999996 -5.500005
v 7.000000 16.999994 -13.000004
v 3.500000 8.500001 6.499997
v 0.000000 8.500001 6.499997
v 0.000000 8.000001 5.999997
v 4.000000 8.000001 5.999997
v 5.650000 8.150001 7.149997
v 5.850000 8.150001 7.149997
v 5.850000 20.850000 7.149993
v 5.650000 20.850000 7.149993
v 1.833333 22.000000 6.499993
v 3.500000 20.750000 6.499993
v 4.000000 21.000000 5.999993
v 2.000000 22.500000 5.999993
v 0.000000 22.000000 6.499993
v 1.833333 22.000000 6.499993
v 2.000000 22.500000 5.999993
v 0.000000 22.500000 5.999993
v 3.500000 7.500001 6.749997
v 3.500000 5.500001 6.749998
v 4.000000 5.000001 5.999998
v 4.000000 8.000001 5.999997
v 3.500000 5.500001 6.749998
v 0.000000 5.500001 6.749998
v 0.000000 5.000001 5.999998
v 4.000000 5.000001 5.999998
v 0.000000 7.500001 6.749997
v 3.500000 7.500001 6.749997
v 4.000000 8.000001 5.999997
v 0.000000 8.000001 5.999997
v 5.150000 20.850000 7.149993
v 5.150000 8.150001 7.149997
v 5.350000 8.150001 7.149997
v 5.350000 20.850000 7.149993
v 6.150000 20.850000 7.149993
v 6.150000 8.150001 7.149997
v 6.350000 8.150001 7.149997
v 6.350000 20.850000 7.149993
v 6.350000 8.150001 7.149997
v 6.500000 8.000002 6.999997
v 6.500000 21.000000 6.999993
v 6.350000 20.850000 7.149993
v 5.350000 20.850000 7.149993
v 5.350000 8.150001 7.149997
v 5.500000 8.000002 6.999997
v 5.500000 21.000000 6.999993
v 5.150000 8.150001 7.149997
v 5.150000 20.850000 7.149993
v 5.000000 21.000000 6.999993
v 5.000000 8.000002 6.999997
v 5.350000 8.150001 7.149997
v 5.150000 8.150001 7.149997
v 5.000000 8.000002 6.999997
v 5.500000 8.000002 6.999997
v 6.150000 20.850000 7.149993
v 6.350000 20.850000 7.149993
v 6.500000 21.000000 6.999993
v 6.000000 21.000000 6.999993
v 6.350000 8.150001 7.149997
v 6.150000 8.150001 7.149997
v 6.000000 8.000002 6.999997
v 6.500000 8.000002 6.999997
v 5.150000 20.850000 7.149993
v 5.350000 20.850000 7.149993
v 5.500000 21.000000 6.999993
v 5.000000 21.000000 6.999993
v 6.150000 8.150001 7.149997
v 6.150000 20.850000 7.149993
v 6.000000 21.000000 6.999993
v 6.000000 8.000002 6.999997
v 4.650000 8.150001 7.149997
v 4.650000 20.850000 7.149993
v 4.500000 21.000000 6.999993
v 4.500000 8.000002 6.999997
v 5.650000 8.150001 7.149997
v 5.650000 20.850000 7.149993
v 5.500000 21.000000 6.999993
v 5.500000 8.000002 6.999997
v 4.850000 8.150001 7.149997
v 4.650000 8.150001 7.149997
v 4.500000 8.000002 6.999997
v 4.650000 20.850000 7.149993
v 4.850000 20.850000 7.149993
v 4.500000 21.000000 6.999993
v 5.650000 20.850000 7.149993
v 5.850000 20.850000 7.149993
v 5.850000 8.150001 7.149997
v 5.650000 8.150001 7.149997
v 4.850000 8.150001 7.149997
v 5.000000 8.000002 6.999997
v 5.000000 21.000000 6.999993
v 4.850000 20.850000 7.149993
v 5.850000 20.850000 7.149993
v 5.850000 8.150001 7.149997
v 6.000000 8.000002 6.999997
v 6.000000 21.000000 6.999993
v 0.000000 25.250000 4.249992
v 4.249998 25.250000 4.249992
v 3.999998 25.000000 3.999992
v 0.000000 25.000000 3.999992
v 4.249998 25.249994 -13.250007
v 0.000000 25.249994 -13.250007
v 0.000000 24.999994 -13.000007
v 3.999998 24.999994 -13.000007
v 5.750000 25.250000 5.749992
v 6.000000 25.000000 5.999992
v 6.000000 24.999994 -12.713211
v 5.750000 25.249994 -12.616323
v 5.250000 25.250000 4.749992
v 0.000000 25.250000 4.749992
v 0.000000 25.000000 4.999992
v 5.000000 25.000000 4.999992
v 5.750000 25.250000 5.749992
v 5.250000 25.250000 5.749992
v 5.000000 25.000000 5.999992
v 6.000000 25.000000 5.999992
v 5.250000 25.250000 5.749992
v 5.250000 25.250000 4.749992
v 5.000000 25.000000 4.999992
v 5.000000 25.000000 5.999992
v 0.000000 25.249994 -14.750007
v 3.803866 25.249994 -14.750007
v 3.914213 24.999994 -15.000007
v 0.000000 24.999994 -15.000007
v 3.803866 25.249994 -14.750007
v 5.750000 25.249994 -12.616323
v 6.000000 24.999994 -12.713211
v 3.914213 24.999994 -15.000007
v 0.000000 24.999996 -8.500007
v 3.499998 24.999996 -8.500007
v 3.499998 24.999994 -12.500007
v 0.000000 24.999994 -12.500007
v 3.499998 25.499998 -0.000008
v 0.000000 25.499998 -0.000008
v 0.000000 26.999998 -0.000008
v 3.499998 26.999998 -0.000008
v 0.000000 26.999996 -4.000008
v 3.499998 26.999996 -4.000008
v 3.499998 25.499996 -4.000008
v 0.000000 25.499996 -4.000008
v 0.000000 27.399998 -7.200008
v 0.000000 25.299995 -4.400007
v 3.499998 25.299995 -4.400007
v 3.499998 27.399998 -7.200007
v 0.000000 26.999996 -8.000008
v 3.499998 26.999996 -8.000008
v 3.499998 25.499996 -8.000008
v 0.000000 25.499996 -8.000008
v 0.000000 25.299999 3.599992
v 3.499998 25.299999 3.599992
v 3.499998 27.400000 0.799992
v 0.000000 27.400000 0.799991
v 3.999998 27.499998 -0.000008
v 0.000000 27.499998 -0.000008
v 0.000000 27.699999 0.399991
v 3.999998 27.699999 0.399992
v 3.999998 27.499996 -4.000008
v 0.000000 27.499996 -4.000008
v 0.000000 27.699997 -3.600009
v 3.999998 27.699997 -3.600008
v 0.000000 27.699997 -7.600008
v 3.999998 27.699997 -7.600008
v 3.999998 27.499996 -8.000008
v 0.000000 27.499996 -8.000008
v 0.000000 27.399998 -3.200009
v 0.000000 25.299997 -0.400008
v 3.499998 25.299997 -0.400008
v 3.499998 27.399998 -3.200008
v 0.000000 24.999994 -12.500007
v 3.499998 24.999994 -12.500007
v 3.999998 24.999994 -13.000007
v 0.000000 24.999994 -13.000007
v 3.499998 24.999996 -8.500007
v 3.999998 24.999996 -8.000007
v 0.000000 24.999996 -8.500007
v 0.000000 24.999996 -8.000007
v 6.500000 5.500001 4.499998
v 6.500000 5.500001 5.499998
v 7.000000 5.000001 5.999998
v 7.000000 5.000001 3.999998
v 3.500000 8.500001 6.499997
v 0.000000 8.500001 6.499997
v 6.500000 17.499998 1.999995
v 6.500000 17.500000 4.499994
v 7.000000 17.000000 3.999995
v 7.000000 16.999998 1.999995
v 6.500000 17.499994 -12.856606
v 6.500000 17.499998 1.999995
v 7.000000 16.999998 1.999995
v 7.000000 16.999994 -13.000004
v 6.500000 19.500000 3.999994
v 6.500000 19.499998 1.999994
v 7.000000 19.999998 1.999994
v 7.000000 20.000000 3.999994
v 6.500000 19.500000 5.499994
v 7.000000 20.000000 5.999993
v 4.341000 18.231565 -16.311005
v 4.798234 17.499994 -15.579432
v 5.125000 16.999992 -16.000004
v 4.500000 17.999992 -17.000004
v 4.798234 17.499994 -15.579432
v 6.500000 17.499994 -12.856606
v 7.000000 16.999994 -13.000004
v 5.125000 16.999992 -16.000004
v 4.341000 19.499992 -16.311005
v 4.341000 18.231565 -16.311005
v 4.500000 17.999992 -17.000004
v 4.500000 19.999992 -17.000004
v 6.027124 16.999994 -15.500004
v 8.729247 16.999994 -15.500004
v 8.935673 16.999992 -16.000004
v 5.125000 16.999992 -16.000004
v 11.449839 16.999994 -12.792046
v 11.949669 16.999994 -13.000004
v 7.420645 16.999994 -13.270370
v 7.000000 16.999994 -13.000004
v 11.449839 16.999994 -12.792046
v 11.454438 16.999996 -7.165716
v 11.955800 16.999996 -5.500005
v 11.949669 16.999994 -13.000004
v 11.454438 16.999996 -7.165716
v 7.420645 16.999994 -13.270370
v 7.000000 16.999994 -13.000004
v 11.955800 16.999996 -5.500005
v 6.478186 17.249994 -15.250004
v 8.626035 17.249994 -15.250004
v 8.729247 16.999994 -15.500004
v 6.027124 16.999994 -15.500004
v 8.626035 17.249994 -15.250004
v 11.199924 17.249994 -12.688066
v 11.449839 16.999994 -12.792046
v 8.729247 16.999994 -15.500004
v 7.630968 17.249994 -13.405553
v 6.478186 17.249994 -15.250004
v 6.027124 16.999994 -15.500004
v 7.420645 16.999994 -13.270370
v 11.199924 17.249994 -12.688066
v 11.203757 17.249996 -7.998571
v 11.454438 16.999996 -7.165716
v 11.449839 16.999994 -12.792046
v 11.203757 17.249996 -7.998571
v 7.630968 17.249994 -13.405553
v 7.420645 16.999994 -13.270370
v 11.454438 16.999996 -7.165716
v 3.499998 25.299997 -0.400008
v 0.000000 25.299997 -0.400008
v 0.000000 24.999998 -0.000008
v 3.999998 24.999998 -0.000008
v 3.499998 25.299999 3.599992
v 0.000000 25.299999 3.599992
v 0.000000 25.000000 3.999992
v 3.999998 25.000000 3.999992
v 3.499998 25.299995 -4.400007
v 0.000000 25.299995 -4.400007
v 0.000000 24.999996 -4.000007
v 3.999998 24.999996 -4.000007
v 0.000000 27.400000 0.799991
v 3.499998 27.400000 0.799992
v 3.999998 27.699999 0.399992
v 0.000000 27.699999 0.399991
v 0.000000 27.399998 -3.200009
v 3.499998 27.399998 -3.200008
v 3.999998 27.699997 -3.600008
v 0.000000 27.699997 -3.600009
v 0.000000 27.399998 -7.200008
v 3.499998 27.399998 -7.200007
v 3.999998 27.699997 -7.600008
v 0.000000 27.699997 -7.600008
v 3.499998 27.399998 -3.200008
v 3.499998 25.299997 -0.400008
v 3.999998 24.999998 -0.000008
v 3.999998 27.699997 -3.600008
v 3.499998 27.399998 -7.200007
v 3.499998 25.299995 -4.400007
v 3.999998 24.999996 -4.000007
v 3.999998 27.699997 -7.600008
v 3.499998 27.400000 0.799992
v 3.499998 25.299999 3.599992
v 3.999998 25.000000 3.999992
v 3.999998 27.699999 0.399992
v 3.999998 25.499998 0.499992
v 3.999998 25.499998 2.499993
v 3.999998 25.000000 3.999992
v 3.999998 24.999998 -0.000008
v 3.999998 25.499996 -3.500007
v 3.999998 25.499998 -1.500007
v 3.999998 24.999998 -0.000008
v 3.999998 24.999996 -4.000007
v 3.999998 25.499996 -7.500007
v 3.999998 25.499996 -5.500007
v 3.999998 24.999996 -8.000007
v 3.999998 27.152782 -3.576401
v 3.999998 27.699997 -3.600008
v 3.999998 27.152782 -3.576401
v 3.999998 27.499996 -4.000008
v 3.999998 27.152782 -7.576401
v 3.999998 27.699997 -7.600008
v 3.999998 27.152782 -7.576401
v 3.999998 27.499996 -8.000008
v 3.999998 27.152784 0.423599
v 3.999998 27.699999 0.399992
v 3.999998 27.152784 0.423599
v 3.999998 27.499998 -0.000008
v 13.000000 3.999997 -9.000000
v 13.000000 0.999997 -8.999999
v 13.432885 0.999997 -8.999999
v 13.432885 3.999997 -9.000000
v 14.499997 13.999996 -10.000003
v 14.499997 4.499997 -10.000000
v 14.499997 4.499996 -11.000000
v 14.499997 13.999996 -11.000003
v 13.749997 4.999997 -9.250001
v 13.749997 14.749996 -9.250004
v 13.250000 14.749996 -9.250004
v 13.250000 4.999997 -9.250001
v 13.500000 4.499997 -7.500001
v 13.500000 4.500000 1.499999
v 13.000000 4.000000 1.999999
v 13.000000 3.999997 -8.000001
v 13.500000 4.500000 1.499999
v 13.500000 5.000000 1.499998
v 13.000000 5.000000 1.999998
v 13.000000 4.000000 1.999999
v 13.500000 15.499999 1.499995
v 13.500000 15.499997 -7.500004
v 13.000000 15.999996 -8.000005
v 13.000000 16.000000 1.999995
v 13.500000 4.999997 -7.500001
v 13.500000 4.499997 -7.500001
v 13.000000 3.999997 -8.000001
v 13.000000 4.999997 -8.000001
v 13.500000 15.499997 -7.500004
v 13.000000 15.999996 -8.000005
v 13.500000 14.999999 0.999995
v 13.500000 15.499999 1.499995
v 13.500000 14.999997 -7.000004
v 13.500000 15.499997 -7.500004
v 13.500000 4.999998 -7.000001
v 13.000000 4.999997 -9.000001
v 13.000000 14.999996 -9.000004
v 13.000000 15.999996 -8.000005
v 13.000000 4.999997 -8.000001
v 3.750000 22.500000 5.999993
v 3.750000 21.500000 5.999993
v 4.000000 21.000000 5.999993
v 4.000000 22.500000 5.999993
v 0.000000 23.750000 5.999992
v 3.750000 23.750000 5.999992
v 4.000000 24.000000 5.999992
v 0.000000 24.000000 5.999992
v 2.083333 22.750000 5.999993
v 2.000000 22.500000 5.999993
v 0.000000 22.750000 5.999993
v 0.000000 22.500000 5.999993
v 5.453201 20.599995 -15.286205
v 5.453201 20.399994 -15.286204
v 4.627200 20.399992 -16.607805
v 4.627200 20.599993 -16.607805
v 6.900000 20.599998 -0.275006
v 6.900000 20.399998 -0.275006
v 6.900000 20.399998 -1.350006
v 6.900000 20.599998 -1.350006
v 6.900000 20.599998 -2.150006
v 6.900000 20.399998 -2.150006
v 6.900000 20.399996 -3.225006
v 6.900000 20.599997 -3.225006
v 6.900000 20.599997 -4.025006
v 6.900000 20.399996 -4.025006
v 6.900000 20.399996 -5.100006
v 6.900000 20.599997 -5.100006
v 6.900000 20.599997 -5.900006
v 6.900000 20.399996 -5.900006
v 6.900000 20.399996 -6.975006
v 6.900000 20.599997 -6.975006
v 6.900000 20.599997 -7.775006
v 6.900000 20.399996 -7.775006
v 6.900000 20.399996 -8.850005
v 6.900000 20.599997 -8.850006
v 6.900000 20.599995 -9.650005
v 6.900000 20.399994 -9.650004
v 6.900000 20.399994 -10.725005
v 6.900000 20.599995 -10.725006
v 6.900000 20.599995 -11.525005
v 6.900000 20.399994 -11.525004
v 6.900000 20.399994 -12.600005
v 6.900000 20.599995 -12.600006
v 7.000000 19.999998 1.999994
v 7.000000 19.999998 0.124994
v 6.900000 20.399998 0.524994
v 6.900000 20.399998 1.599994
v 7.000000 19.999998 0.124994
v 7.000000 20.999998 0.124994
v 6.900000 20.599998 0.524994
v 6.900000 20.399998 0.524994
v 7.000000 20.999998 0.124994
v 7.000000 20.999998 1.999994
v 6.900000 20.599998 1.599994
v 6.900000 20.599998 0.524994
v 7.000000 20.999998 1.999994
v 7.000000 19.999998 1.999994
v 6.900000 20.399998 1.599994
v 6.900000 20.599998 1.599994
v 7.000000 19.999994 -13.000005
v 5.750000 19.999994 -15.000005
v 5.877200 20.399994 -14.607806
v 6.703201 20.399994 -13.286204
v 5.750000 19.999994 -15.000005
v 5.750000 20.999994 -15.000006
v 5.877200 20.599995 -14.607807
v 5.877200 20.399994 -14.607806
v 5.750000 20.999994 -15.000006
v 7.000000 20.999994 -13.000006
v 6.703201 20.599995 -13.286205
v 5.877200 20.599995 -14.607807
v 7.000000 20.999994 -13.000006
v 7.000000 19.999994 -13.000005
v 6.703201 20.399994 -13.286204
v 6.703201 20.599995 -13.286205
v 7.000000 20.000000 5.999993
v 7.000000 20.000000 3.999994
v 6.900000 20.400000 4.399993
v 6.900000 20.400000 5.599993
v 7.000000 20.000000 3.999994
v 7.000000 21.000000 3.999993
v 6.900000 20.600000 4.399993
v 6.900000 20.400000 4.399993
v 7.000000 21.000000 3.999993
v 7.000000 21.000000 5.999993
v 6.900000 20.600000 5.599993
v 6.900000 20.600000 4.399993
v 7.000000 21.000000 5.999993
v 7.000000 20.000000 5.999993
v 6.900000 20.400000 5.599993
v 6.900000 20.600000 5.599993
v 7.000000 20.000000 3.999994
v 7.000000 19.999998 1.999994
v 6.900000 20.399998 2.399994
v 6.900000 20.400000 3.599993
v 7.000000 19.999998 1.999994
v 7.000000 20.999998 1.999994
v 6.900000 20.599998 2.399994
v 6.900000 20.399998 2.399994
v 7.000000 20.999998 1.999994
v 7.000000 21.000000 3.999993
v 6.900000 20.600000 3.599993
v 6.900000 20.599998 2.399994
v 7.000000 21.000000 3.999993
v 7.000000 20.000000 3.999994
v 6.900000 20.400000 3.599993
v 6.900000 20.600000 3.599993
v 4.500000 20.999992 -17.000004
v 4.500000 19.999992 -17.000004
v 4.287868 20.399992 -16.646450
v 4.287868 20.599993 -16.646450
v 4.500000 19.999992 -17.000004
v 3.500000 19.999992 -16.000006
v 3.853553 20.399992 -16.212135
v 4.287868 20.399992 -16.646450
v 3.500000 19.999992 -16.000006
v 3.500000 20.999992 -16.000006
v 3.853553 20.599993 -16.212135
v 3.853553 20.399992 -16.212135
v 3.500000 20.999992 -16.000006
v 4.500000 20.999992 -17.000004
v 4.287868 20.599993 -16.646450
v 3.853553 20.599993 -16.212135
v 5.750000 20.999994 -15.000006
v 5.750000 19.999994 -15.000005
v 5.453201 20.399994 -15.286204
v 5.453201 20.599995 -15.286205
v 5.750000 19.999994 -15.000005
v 4.500000 19.999992 -17.000004
v 4.627200 20.399992 -16.607805
v 5.453201 20.399994 -15.286204
v 4.500000 19.999992 -17.000004
v 4.500000 20.999992 -17.000004
v 4.627200 20.599993 -16.607805
v 4.627200 20.399992 -16.607805
v 4.500000 20.999992 -17.000004
v 5.750000 20.999994 -15.000006
v 5.453201 20.599995 -15.286205
v 4.627200 20.599993 -16.607805
v 7.000000 20.999998 0.124994
v 7.000000 19.999998 0.124994
v 6.900000 20.399998 -0.275006
v 6.900000 20.599998 -0.275006
v 7.000000 19.999998 0.124994
v 7.000000 19.999998 -1.750006
v 6.900000 20.399998 -1.350006
v 6.900000 20.399998 -0.275006
v 7.000000 19.999998 -1.750006
v 7.000000 20.999998 -1.750006
v 6.900000 20.599998 -1.350006
v 6.900000 20.399998 -1.350006
v 7.000000 20.999998 -1.750006
v 7.000000 20.999998 0.124994
v 6.900000 20.599998 -0.275006
v 6.900000 20.599998 -1.350006
v 7.000000 20.999998 -1.750006
v 7.000000 19.999998 -1.750006
v 6.900000 20.399998 -2.150006
v 6.900000 20.599998 -2.150006
v 7.000000 19.999998 -1.750006
v 7.000000 19.999996 -3.625006
v 6.900000 20.399996 -3.225006
v 6.900000 20.399998 -2.150006
v 7.000000 19.999996 -3.625006
v 7.000000 20.999996 -3.625006
v 6.900000 20.599997 -3.225006
v 6.900000 20.399996 -3.225006
v 7.000000 20.999996 -3.625006
v 7.000000 20.999998 -1.750006
v 6.900000 20.599998 -2.150006
v 6.900000 20.599997 -3.225006
v 7.000000 20.999996 -3.625006
v 7.000000 19.999996 -3.625006
v 6.900000 20.399996 -4.025006
v 6.900000 20.599997 -4.025006
v 7.000000 19.999996 -3.625006
v 7.000000 19.999996 -5.500006
v 6.900000 20.399996 -5.100006
v 6.900000 20.399996 -4.025006
v 7.000000 19.999996 -5.500006
v 7.000000 20.999996 -5.500006
v 6.900000 20.599997 -5.100006
v 6.900000 20.399996 -5.100006
v 7.000000 20.999996 -5.500006
v 6.900000 20.599997 -4.025006
v 6.900000 20.599997 -5.100006
v 7.000000 20.999996 -5.500006
v 7.000000 19.999996 -5.500006
v 6.900000 20.399996 -5.900006
v 6.900000 20.599997 -5.900006
v 7.000000 19.999996 -7.375006
v 6.900000 20.399996 -6.975006
v 6.900000 20.399996 -5.900006
v 7.000000 19.999996 -7.375006
v 7.000000 20.999996 -7.375006
v 6.900000 20.599997 -6.975006
v 6.900000 20.399996 -6.975006
v 7.000000 20.999996 -7.375006
v 6.900000 20.599997 -5.900006
v 6.900000 20.599997 -6.975006
v 7.000000 20.999996 -7.375006
v 7.000000 19.999996 -7.375006
v 6.900000 20.399996 -7.775006
v 6.900000 20.599997 -7.775006
v 7.000000 19.999996 -9.250005
v 6.900000 20.399996 -8.850005
v 6.900000 20.399996 -7.775006
v 7.000000 19.999996 -9.250005
v 7.000000 20.999996 -9.250006
v 6.900000 20.599997 -8.850006
v 6.900000 20.399996 -8.850005
v 7.000000 20.999996 -9.250006
v 6.900000 20.599997 -7.775006
v 6.900000 20.599997 -8.850006
v 7.000000 20.999996 -9.250006
v 7.000000 19.999996 -9.250005
v 6.900000 20.399994 -9.650004
v 6.900000 20.599995 -9.650005
v 7.000000 19.999996 -9.250005
v 7.000000 19.999994 -11.125005
v 6.900000 20.399994 -10.725005
v 6.900000 20.399994 -9.650004
v 7.000000 19.999994 -11.125005
v 7.000000 20.999994 -11.125006
v 6.900000 20.599995 -10.725006
v 6.900000 20.399994 -10.725005
v 7.000000 20.999994 -11.125006
v 7.000000 20.999996 -9.250006
v 6.900000 20.599995 -9.650005
v 6.900000 20.599995 -10.725006
v 7.000000 20.999994 -11.125006
v 7.000000 19.999994 -11.125005
v 6.900000 20.399994 -11.525004
v 6.900000 20.599995 -11.525005
v 7.000000 19.999994 -13.000005
v 6.900000 20.399994 -12.600005
v 6.900000 20.399994 -11.525004
v 7.000000 19.999994 -13.000005
v 7.000000 20.999994 -13.000006
v 6.900000 20.599995 -12.600006
v 6.900000 20.399994 -12.600005
v 7.000000 20.999994 -13.000006
v 6.900000 20.599995 -11.525005
v 6.900000 20.599995 -12.600006
v 13.000000 4.000000 2.999999
v 13.000000 4.000000 1.999999
v 13.000000 4.400001 2.399998
v 13.000000 4.400001 2.599998
v 13.000000 5.000000 1.999998
v 13.000000 4.600000 2.399998
v 13.000000 5.000000 2.999998
v 13.000000 4.600000 2.599998
v 13.000000 8.000000 2.999997
v 13.000000 8.000000 1.999997
v 13.000000 8.400000 2.399997
v 13.000000 8.400000 2.599997
v 13.000000 9.000000 1.999997
v 13.000000 8.600000 2.399997
v 13.000000 9.000000 2.999997
v 13.000000 8.600000 2.599997
v 13.000000 5.400001 2.399998
v 13.000000 5.400001 2.599998
v 13.000000 7.600000 2.399997
v 13.000000 7.600000 2.599997
v 13.000000 9.400000 2.399997
v 13.000000 9.400000 2.599997
v 13.000000 9.000000 1.999997
v 13.000000 12.000000 1.999996
v 13.000000 11.600000 2.399996
v 13.000000 9.400000 2.399997
v 13.000000 12.000000 1.999996
v 13.000000 12.000000 2.999996
v 13.000000 11.600000 2.599996
v 13.000000 11.600000 2.399996
v 13.000000 12.000000 2.999996
v 13.000000 9.000000 2.999997
v 13.000000 9.400000 2.599997
v 13.000000 11.600000 2.599996
v 13.000000 12.400000 2.399996
v 13.000000 12.400000 2.599996
v 13.000000 13.000000 1.999996
v 13.000000 12.600000 2.399996
v 13.000000 13.000000 2.999996
v 13.000000 12.600000 2.599996
v 13.000000 13.400000 2.399996
v 13.000000 13.400000 2.599996
v 13.000000 13.000000 1.999996
v 13.000000 16.000000 1.999995
v 13.000000 15.600000 2.399995
v 13.000000 13.400000 2.399996
v 13.000000 16.000000 1.999995
v 13.000000 16.000000 2.999995
v 13.000000 15.600000 2.599995
v 13.000000 15.600000 2.399995
v 13.000000 16.000000 2.999995
v 13.000000 13.000000 2.999996
v 13.000000 13.400000 2.599996
v 13.000000 15.600000 2.599995
v 13.728139 0.249996 -13.674622
v 13.728139 7.749995 -13.674623
v 12.422311 7.749996 -13.133732
v 12.422311 0.249996 -13.133730
v 9.133731 0.249995 -16.422310
v 9.133731 7.749995 -16.422312
v 9.674623 7.749994 -17.728138
v 9.674623 0.249995 -17.728136
v 14.187851 1.099995 -15.638372
v 14.187851 6.899995 -15.638374
v 14.050137 6.899995 -15.305904
v 14.050137 1.099995 -15.305902
v 14.129241 1.099995 -16.503120
v 14.129241 6.899995 -16.503122
v 14.187851 6.899995 -16.361628
v 14.187851 1.099995 -16.361626
v 13.861363 6.899994 -17.149839
v 13.861363 1.099995 -17.149837
v 13.802752 1.099995 -17.291334
v 13.802752 6.899994 -17.291336
v 14.337641 8.649994 -16.000002
v 13.652962 8.649993 -17.652962
v 13.653205 8.977734 -17.653206
v 14.337985 8.977735 -16.000002
v 12.958865 1.099994 -17.940464
v 12.958865 6.899994 -17.940466
v 13.291335 6.899994 -17.802753
v 13.291335 1.099994 -17.802752
v 10.232233 7.999994 -17.767767
v 12.000000 7.999994 -18.500000
v 12.000000 0.009994 -18.499998
v 10.232233 0.009995 -17.767765
v 12.000000 0.009996 -13.499999
v 12.000000 7.999995 -13.500002
v 10.232233 7.999995 -14.232235
v 10.232233 0.009996 -14.232232
v 12.000000 8.649995 -13.662361
v 13.652962 8.649994 -14.347040
v 13.653205 8.977735 -14.346797
v 12.000000 8.977736 -13.662017
v 9.662359 8.649994 -16.000002
v 10.347038 8.649994 -14.347040
v 10.346795 8.977735 -14.346797
v 9.662015 8.977735 -16.000002
v 12.000000 8.649993 -18.337641
v 10.347038 8.649993 -17.652962
v 10.346795 8.977734 -17.653206
v 12.000000 8.977734 -18.337986
v 13.652962 8.649993 -17.652962
v 12.000000 8.649993 -18.337641
v 12.000000 8.977734 -18.337986
v 13.653205 8.977734 -17.653206
v 13.652962 8.649994 -14.347040
v 14.337641 8.649994 -16.000002
v 14.337985 8.977735 -16.000002
v 13.653205 8.977735 -14.346797
v 10.347038 8.649994 -14.347040
v 12.000000 8.649995 -13.662361
v 12.000000 8.977736 -13.662017
v 10.346795 8.977735 -14.346797
v 10.347038 8.649993 -17.652962
v 9.662359 8.649994 -16.000002
v 9.662015 8.977735 -16.000002
v 10.346795 8.977734 -17.653206
v 12.000000 8.977734 -18.337986
v 10.346795 8.977734 -17.653206
v 10.435873 9.417808 -17.564125
v 12.000000 9.417809 -18.212009
v 12.000000 9.417809 -18.212009
v 10.435873 9.417808 -17.564125
v 10.614916 9.637127 -17.385084
v 12.000000 9.637125 -17.958807
v 12.000000 9.866018 -17.958807
v 10.614916 9.866018 -17.385084
v 10.997600 9.999994 -17.002401
v 12.000000 9.999993 -17.417610
v 10.346795 8.977734 -17.653206
v 9.662015 8.977735 -16.000002
v 9.787992 9.417810 -16.000002
v 10.435873 9.417808 -17.564125
v 10.435873 9.417808 -17.564125
v 9.787992 9.417810 -16.000002
v 10.041197 9.637128 -16.000002
v 10.614916 9.637127 -17.385084
v 10.614916 9.866018 -17.385084
v 10.041197 9.866019 -16.000002
v 10.582393 9.999994 -16.000002
v 10.997600 9.999994 -17.002401
v 9.662015 8.977735 -16.000002
v 10.346795 8.977735 -14.346797
v 10.435872 9.417809 -14.435874
v 9.787992 9.417810 -16.000002
v 9.787992 9.417810 -16.000002
v 10.435872 9.417809 -14.435874
v 10.614916 9.637127 -14.614918
v 10.041197 9.637128 -16.000002
v 10.041197 9.866019 -16.000002
v 10.614916 9.866019 -14.614918
v 10.997600 9.999994 -14.997602
v 10.582393 9.999994 -16.000002
v 10.346795 8.977735 -14.346797
v 12.000000 8.977736 -13.662017
v 12.000000 9.417811 -13.787993
v 10.435872 9.417809 -14.435874
v 10.435872 9.417809 -14.435874
v 12.000000 9.417811 -13.787993
v 12.000000 9.637128 -14.041199
v 10.614916 9.637127 -14.614918
v 10.614916 9.866019 -14.614918
v 12.000000 9.866020 -14.041199
v 12.000000 9.999994 -14.582395
v 10.997600 9.999994 -14.997602
v 12.000000 8.977736 -13.662017
v 13.653205 8.977735 -14.346797
v 13.564128 9.417809 -14.435874
v 12.000000 9.417811 -13.787993
v 12.000000 9.417811 -13.787993
v 13.564128 9.417809 -14.435874
v 13.385084 9.637127 -14.614918
v 12.000000 9.637128 -14.041199
v 12.000000 9.866020 -14.041199
v 13.385084 9.866019 -14.614918
v 13.002400 9.999994 -14.997602
v 12.000000 9.999994 -14.582395
v 13.653205 8.977735 -14.346797
v 14.337985 8.977735 -16.000002
v 14.212008 9.417810 -16.000002
v 13.564128 9.417809 -14.435874
v 13.564128 9.417809 -14.435874
v 14.212008 9.417810 -16.000002
v 13.958803 9.637128 -16.000002
v 13.385084 9.637127 -14.614918
v 13.385084 9.866019 -14.614918
v 13.958803 9.866019 -16.000002
v 13.417607 9.999994 -16.000002
v 13.002400 9.999994 -14.997602
v 14.337985 8.977735 -16.000002
v 13.653205 8.977734 -17.653206
v 13.564127 9.417808 -17.564125
v 14.212008 9.417810 -16.000002
v 14.212008 9.417810 -16.000002
v 13.564127 9.417808 -17.564125
v 13.385084 9.637127 -17.385084
v 13.958803 9.637128 -16.000002
v 13.958803 9.866019 -16.000002
v 13.385084 9.866018 -17.385084
v 13.002400 9.999994 -17.002401
v 13.417607 9.999994 -16.000002
v 13.653205 8.977734 -17.653206
v 12.000000 8.977734 -18.337986
v 12.000000 9.417809 -18.212009
v 13.564127 9.417808 -17.564125
v 13.564127 9.417808 -17.564125
v 12.000000 9.417809 -18.212009
v 12.000000 9.637125 -17.958807
v 13.385084 9.637127 -17.385084
v 13.385084 9.866018 -17.385084
v 12.000000 9.866018 -17.958807
v 12.000000 9.999993 -17.417610
v 13.002400 9.999994 -17.002401
v 10.155696 8.199993 -17.582991
v 9.576537 8.199994 -16.184776
v 9.576537 8.299994 -16.184776
v 10.155696 8.299994 -17.582991
v 10.232233 7.999995 -14.232235
v 12.000000 7.999995 -13.500002
v 12.000000 8.499995 -13.500002
v 10.232233 8.499994 -14.232235
v 13.844304 8.199994 -14.417011
v 14.423463 8.199994 -15.815226
v 14.423463 8.299994 -15.815226
v 13.844304 8.299994 -14.417011
v 13.582991 8.199993 -17.844303
v 12.184776 8.199993 -18.423464
v 12.184776 8.299994 -18.423464
v 13.582991 8.299994 -17.844303
v 11.815224 8.199993 -18.423464
v 10.417009 8.199993 -17.844303
v 10.417009 8.299994 -17.844303
v 11.815224 8.299994 -18.423464
v 9.500000 7.999995 -16.000002
v 10.232233 7.999995 -14.232235
v 10.232233 8.499994 -14.232235
v 9.500000 8.499994 -16.000002
v 12.184776 8.199995 -13.576539
v 13.582991 8.199995 -14.155698
v 13.582991 8.299995 -14.155698
v 12.184776 8.299995 -13.576539
v 14.423463 8.199994 -16.184776
v 13.844304 8.199993 -17.582991
v 13.844304 8.299994 -17.582991
v 14.423463 8.299994 -16.184776
v 12.000000 9.637125 -17.958807
v 10.614916 9.637127 -17.385084
v 10.614916 9.866018 -17.385084
v 12.000000 9.866018 -17.958807
v 10.614916 9.637127 -17.385084
v 10.041197 9.637128 -16.000002
v 10.041197 9.866019 -16.000002
v 10.614916 9.866018 -17.385084
v 10.041197 9.637128 -16.000002
v 10.614916 9.637127 -14.614918
v 10.614916 9.866019 -14.614918
v 10.041197 9.866019 -16.000002
v 10.614916 9.637127 -14.614918
v 12.000000 9.637128 -14.041199
v 12.000000 9.866020 -14.041199
v 10.614916 9.866019 -14.614918
v 12.000000 9.637128 -14.041199
v 13.385084 9.637127 -14.614918
v 13.385084 9.866019 -14.614918
v 12.000000 9.866020 -14.041199
v 13.385084 9.637127 -14.614918
v 13.958803 9.637128 -16.000002
v 13.958803 9.866019 -16.000002
v 13.385084 9.866019 -14.614918
v 13.958803 9.637128 -16.000002
v 13.385084 9.637127 -17.385084
v 13.385084 9.866018 -17.385084
v 13.958803 9.866019 -16.000002
v 13.385084 9.637127 -17.385084
v 12.000000 9.637125 -17.958807
v 12.000000 9.866018 -17.958807
v 13.385084 9.866018 -17.385084
v 9.662359 8.649994 -16.000002
v 10.347038 8.649993 -17.652962
v 10.232233 8.499993 -17.767767
v 9.500000 8.499994 -16.000002
v 12.000000 8.649995 -13.662361
v 10.347038 8.649994 -14.347040
v 10.232233 8.499994 -14.232235
v 12.000000 8.499995 -13.500002
v 14.337641 8.649994 -16.000002
v 13.652962 8.649994 -14.347040
v 13.767767 8.499994 -14.232235
v 14.500000 8.499994 -16.000002
v 12.000000 8.649993 -18.337641
v 13.652962 8.649993 -17.652962
v 13.767767 8.499993 -17.767767
v 12.000000 8.499993 -18.500000
v 10.347038 8.649993 -17.652962
v 12.000000 8.649993 -18.337641
v 12.000000 8.499993 -18.500000
v 10.232233 8.499993 -17.767767
v 10.347038 8.649994 -14.347040
v 9.662359 8.649994 -16.000002
v 9.500000 8.499994 -16.000002
v 10.232233 8.499994 -14.232235
v 13.652962 8.649994 -14.347040
v 12.000000 8.649995 -13.662361
v 12.000000 8.499995 -13.500002
v 13.767767 8.499994 -14.232235
v 13.652962 8.649993 -17.652962
v 14.337641 8.649994 -16.000002
v 14.500000 8.499994 -16.000002
v 13.767767 8.499993 -17.767767
v 13.536798 7.749995 -14.136563
v 13.536798 0.249996 -14.136561
v 13.767767 0.009996 -14.232232
v 13.767767 7.999995 -14.232235
v 9.595671 7.749995 -16.230970
v 9.595671 0.249995 -16.230968
v 9.500000 0.009995 -15.999999
v 9.500000 7.999995 -16.000002
v 13.536798 0.249996 -14.136561
v 12.230969 0.249996 -13.595670
v 12.000000 0.009996 -13.499999
v 13.767767 0.009996 -14.232232
v 12.230969 0.249996 -13.595670
v 12.230969 7.749995 -13.595672
v 12.000000 7.999995 -13.500002
v 12.000000 0.009996 -13.499999
v 10.136562 0.249995 -17.536795
v 10.136562 7.749994 -17.536797
v 10.232233 7.999994 -17.767767
v 10.232233 0.009995 -17.767765
v 9.595671 0.249995 -16.230968
v 10.136562 0.249995 -17.536795
v 10.232233 0.009995 -17.767765
v 9.500000 0.009995 -15.999999
v 10.136562 7.749994 -17.536797
v 9.595671 7.749995 -16.230970
v 9.500000 7.999995 -16.000002
v 10.232233 7.999994 -17.767767
v 12.230969 7.749995 -13.595672
v 13.536798 7.749995 -14.136563
v 13.767767 7.999995 -14.232235
v 12.000000 7.999995 -13.500002
v 13.728139 7.749995 -13.674623
v 13.728139 0.249996 -13.674622
v 13.536798 0.249996 -14.136561
v 13.536798 7.749995 -14.136563
v 9.133731 7.749995 -16.422312
v 9.133731 0.249995 -16.422310
v 9.595671 0.249995 -16.230968
v 9.595671 7.749995 -16.230970
v 13.728139 0.249996 -13.674622
v 12.422311 0.249996 -13.133730
v 12.230969 0.249996 -13.595670
v 13.536798 0.249996 -14.136561
v 12.422311 0.249996 -13.133730
v 12.422311 7.749996 -13.133732
v 12.230969 7.749995 -13.595672
v 12.230969 0.249996 -13.595670
v 9.674623 0.249995 -17.728136
v 9.674623 7.749994 -17.728138
v 10.136562 7.749994 -17.536797
v 10.136562 0.249995 -17.536795
v 9.133731 0.249995 -16.422310
v 9.674623 0.249995 -17.728136
v 10.136562 0.249995 -17.536795
v 9.595671 0.249995 -16.230968
v 9.674623 7.749994 -17.728138
v 9.133731 7.749995 -16.422312
v 9.595671 7.749995 -16.230970
v 10.136562 7.749994 -17.536797
v 12.422311 7.749996 -13.133732
v 13.728139 7.749995 -13.674623
v 13.536798 7.749995 -14.136563
v 12.230969 7.749995 -13.595672
v 10.232233 7.999994 -17.767767
v 9.500000 7.999995 -16.000002
v 9.576537 8.199994 -16.184776
v 10.155696 8.199993 -17.582991
v 9.500000 7.999995 -16.000002
v 9.500000 8.499994 -16.000002
v 9.576537 8.299994 -16.184776
v 9.576537 8.199994 -16.184776
v 9.500000 8.499994 -16.000002
v 10.232233 8.499993 -17.767767
v 10.155696 8.299994 -17.582991
v 9.576537 8.299994 -16.184776
v 10.232233 8.499993 -17.767767
v 10.232233 7.999994 -17.767767
v 10.155696 8.199993 -17.582991
v 10.155696 8.299994 -17.582991
v 13.767767 7.999995 -14.232235
v 14.500000 7.999995 -16.000002
v 14.423463 8.199994 -15.815226
v 13.844304 8.199994 -14.417011
v 14.500000 7.999995 -16.000002
v 14.500000 8.499994 -16.000002
v 14.423463 8.299994 -15.815226
v 14.423463 8.199994 -15.815226
v 14.500000 8.499994 -16.000002
v 13.767767 8.499994 -14.232235
v 13.844304 8.299994 -14.417011
v 14.423463 8.299994 -15.815226
v 13.767767 8.499994 -14.232235
v 13.767767 7.999995 -14.232235
v 13.844304 8.199994 -14.417011
v 13.844304 8.299994 -14.417011
v 13.767767 7.999994 -17.767767
v 12.000000 7.999994 -18.500000
v 12.184776 8.199993 -18.423464
v 13.582991 8.199993 -17.844303
v 12.000000 7.999994 -18.500000
v 12.000000 8.499993 -18.500000
v 12.184776 8.299994 -18.423464
v 12.184776 8.199993 -18.423464
v 12.000000 8.499993 -18.500000
v 13.767767 8.499993 -17.767767
v 13.582991 8.299994 -17.844303
v 12.184776 8.299994 -18.423464
v 13.767767 8.499993 -17.767767
v 13.767767 7.999994 -17.767767
v 13.582991 8.199993 -17.844303
v 13.582991 8.299994 -17.844303
v 12.000000 7.999994 -18.500000
v 10.232233 7.999994 -17.767767
v 10.417009 8.199993 -17.844303
v 11.815224 8.199993 -18.423464
v 10.232233 7.999994 -17.767767
v 10.232233 8.499993 -17.767767
v 10.417009 8.299994 -17.844303
v 10.417009 8.199993 -17.844303
v 10.232233 8.499993 -17.767767
v 12.000000 8.499993 -18.500000
v 11.815224 8.299994 -18.423464
v 10.417009 8.299994 -17.844303
v 12.000000 8.499993 -18.500000
v 12.000000 7.999994 -18.500000
v 11.815224 8.199993 -18.423464
v 11.815224 8.299994 -18.423464
v 12.000000 7.999995 -13.500002
v 13.767767 7.999995 -14.232235
v 13.582991 8.199995 -14.155698
v 12.184776 8.199995 -13.576539
v 13.767767 7.999995 -14.232235
v 13.767767 8.499994 -14.232235
v 13.582991 8.299995 -14.155698
v 13.582991 8.199995 -14.155698
v 13.767767 8.499994 -14.232235
v 12.000000 8.499995 -13.500002
v 12.184776 8.299995 -13.576539
v 13.582991 8.299995 -14.155698
v 12.000000 8.499995 -13.500002
v 12.000000 7.999995 -13.500002
v 12.184776 8.199995 -13.576539
v 12.184776 8.299995 -13.576539
v 14.500000 7.999995 -16.000002
v 13.767767 7.999994 -17.767767
v 13.844304 8.199993 -17.582991
v 14.423463 8.199994 -16.184776
v 13.767767 7.999994 -17.767767
v 13.767767 8.499993 -17.767767
v 13.844304 8.299994 -17.582991
v 13.844304 8.199993 -17.582991
v 13.767767 8.499993 -17.767767
v 14.500000 8.499994 -16.000002
v 14.423463 8.299994 -16.184776
v 13.844304 8.299994 -17.582991
v 14.500000 8.499994 -16.000002
v 14.500000 7.999995 -16.000002
v 14.423463 8.199994 -16.184776
v 14.423463 8.299994 -16.184776
v 13.000000 3.999996 -12.000000
v 13.000000 0.999996 -11.999999
v 13.000000 0.999996 -12.999999
v 13.000000 3.999996 -13.000000
v 13.000000 3.999996 -12.000000
v 13.000000 3.999996 -13.000000
v 13.000000 15.999995 -13.000004
v 13.000000 14.999995 -12.000004
v 13.000000 3.999997 -9.000000
v 13.000000 3.999997 -8.000001
v 13.000000 0.999997 -8.999999
v 13.000000 3.999997 -9.000000
v 13.250000 4.999997 -9.250001
v 13.250000 14.749996 -9.250004
v 13.000000 14.999996 -9.000004
v 13.000000 4.999997 -9.000001
v 13.000000 0.999996 -11.999999
v 13.000000 3.999996 -12.000000
v 13.432885 3.999996 -12.000000
v 13.432885 0.999996 -11.999999
v 14.499997 3.999997 -9.500000
v 14.499997 0.499997 -9.499999
v 14.499997 0.499996 -11.499999
v 14.499997 3.999996 -11.500000
v 13.999997 0.499997 -8.999999
v 13.999997 3.999997 -9.000000
v 13.999997 3.999996 -12.000000
v 13.999997 0.499996 -11.999999
v 14.499997 0.499996 -11.499999
v 14.499997 -0.000003 -9.499999
v 14.499997 -0.000003 -11.499999
v 13.250000 14.749996 -9.250004
v 13.749997 14.749996 -9.250004
v 13.749997 14.749995 -11.750004
v 13.250000 14.749995 -11.750004
v 13.999997 -0.000003 -8.999999
v 13.999997 -0.000004 -11.999999
v 14.499997 -0.000003 -11.499999
v 14.499997 -0.000003 -9.499999
v 14.287865 4.699996 -11.712132
v 14.287865 4.299996 -11.712132
v 14.212130 4.299996 -11.787868
v 14.212130 4.699996 -11.787868
v 13.999997 0.499996 -11.999999
v 13.999997 3.999996 -12.000000
v 14.499997 3.999996 -11.500000
v 14.499997 0.499996 -11.499999
v 14.287865 7.699996 -11.712133
v 14.287865 5.299996 -11.712133
v 14.212130 5.299996 -11.787868
v 14.212130 7.699996 -11.787868
v 14.287865 8.699995 -11.712134
v 14.287865 8.299995 -11.712134
v 14.212130 8.299995 -11.787869
v 14.212130 8.699995 -11.787869
v 14.287865 11.699995 -11.712135
v 14.287865 9.299995 -11.712134
v 14.212130 9.299995 -11.787869
v 14.212130 11.699995 -11.787870
v 14.287865 12.699995 -11.712135
v 14.287865 12.299995 -11.712135
v 14.212130 12.299995 -11.787870
v 14.212130 12.699995 -11.787870
v 14.287865 14.344704 -11.712136
v 14.287865 13.299995 -11.712135
v 14.212130 13.299995 -11.787870
v 14.212130 14.420440 -11.787871
v 13.999997 14.999995 -12.000004
v 13.999997 14.999996 -9.000004
v 14.499997 14.499996 -9.500004
v 14.499997 14.499995 -11.500004
v 14.212130 4.699996 -9.212132
v 14.212130 4.299997 -9.212132
v 14.287865 4.299997 -9.287868
v 14.287865 4.699996 -9.287868
v 14.212130 14.420441 -9.212136
v 14.212130 13.299996 -9.212135
v 14.287865 13.299996 -9.287870
v 14.287865 14.344705 -9.287871
v 14.212130 11.699996 -9.212135
v 14.212130 9.299996 -9.212134
v 14.287865 9.299996 -9.287869
v 14.287865 11.699996 -9.287870
v 14.212130 8.699996 -9.212134
v 14.212130 8.299996 -9.212134
v 14.287865 8.299996 -9.287869
v 14.287865 8.699996 -9.287869
v 14.212130 7.699996 -9.212133
v 14.212130 5.299997 -9.212133
v 14.287865 5.299997 -9.287868
v 14.287865 7.699996 -9.287868
v 13.999997 3.999997 -9.000000
v 13.999997 0.499997 -8.999999
v 14.499997 0.499997 -9.499999
v 14.499997 3.999997 -9.500000
v 14.212130 12.699996 -9.212135
v 14.212130 12.299996 -9.212135
v 14.287865 12.299996 -9.287870
v 14.287865 12.699996 -9.287870
v 14.499997 0.499996 -11.499999
v 14.499997 -0.000003 -11.499999
v 13.999997 -0.000004 -11.999999
v 13.999997 -0.000003 -8.999999
v 14.499997 -0.000003 -9.499999
v 14.499997 4.999996 -11.500001
v 14.499997 3.999996 -11.500000
v 14.287865 4.299996 -11.712132
v 14.287865 4.699996 -11.712132
v 14.499997 3.999996 -11.500000
v 13.999997 3.999996 -12.000000
v 14.212130 4.299996 -11.787868
v 14.287865 4.299996 -11.712132
v 13.999997 3.999996 -12.000000
v 13.999997 4.999996 -12.000001
v 14.212130 4.699996 -11.787868
v 14.212130 4.299996 -11.787868
v 13.999997 4.999996 -12.000001
v 14.499997 4.999996 -11.500001
v 14.287865 4.699996 -11.712132
v 14.212130 4.699996 -11.787868
v 14.499997 7.999996 -11.500002
v 14.499997 4.999996 -11.500001
v 14.287865 5.299996 -11.712133
v 14.287865 7.699996 -11.712133
v 14.212130 5.299996 -11.787868
v 14.287865 5.299996 -11.712133
v 13.999997 4.999996 -12.000001
v 13.999997 7.999996 -12.000002
v 14.212130 7.699996 -11.787868
v 14.212130 5.299996 -11.787868
v 13.999997 7.999996 -12.000002
v 14.499997 7.999996 -11.500002
v 14.287865 7.699996 -11.712133
v 14.212130 7.699996 -11.787868
v 14.499997 8.999995 -11.500002
v 14.499997 7.999996 -11.500002
v 14.287865 8.299995 -11.712134
v 14.287865 8.699995 -11.712134
v 14.499997 7.999996 -11.500002
v 13.999997 7.999996 -12.000002
v 14.212130 8.299995 -11.787869
v 14.287865 8.299995 -11.712134
v 13.999997 7.999996 -12.000002
v 13.999997 8.999995 -12.000002
v 14.212130 8.699995 -11.787869
v 14.212130 8.299995 -11.787869
v 13.999997 8.999995 -12.000002
v 14.499997 8.999995 -11.500002
v 14.287865 8.699995 -11.712134
v 14.212130 8.699995 -11.787869
v 14.499997 11.999995 -11.500003
v 14.499997 8.999995 -11.500002
v 14.287865 9.299995 -11.712134
v 14.287865 11.699995 -11.712135
v 14.212130 9.299995 -11.787869
v 14.287865 9.299995 -11.712134
v 13.999997 8.999995 -12.000002
v 13.999997 11.999995 -12.000003
v 14.212130 11.699995 -11.787870
v 14.212130 9.299995 -11.787869
v 13.999997 11.999995 -12.000003
v 14.499997 11.999995 -11.500003
v 14.287865 11.699995 -11.712135
v 14.212130 11.699995 -11.787870
v 14.499997 12.999995 -11.500003
v 14.499997 11.999995 -11.500003
v 14.287865 12.299995 -11.712135
v 14.287865 12.699995 -11.712135
v 14.212130 12.299995 -11.787870
v 14.287865 12.299995 -11.712135
v 13.999997 11.999995 -12.000003
v 13.999997 12.999995 -12.000003
v 14.212130 12.699995 -11.787870
v 14.212130 12.299995 -11.787870
v 13.999997 12.999995 -12.000003
v 14.499997 12.999995 -11.500003
v 14.287865 12.699995 -11.712135
v 14.212130 12.699995 -11.787870
v 14.499997 14.499995 -11.500004
v 14.499997 12.999995 -11.500003
v 14.287865 13.299995 -11.712135
v 14.287865 14.344704 -11.712136
v 14.499997 12.999995 -11.500003
v 13.999997 12.999995 -12.000003
v 14.212130 13.299995 -11.787870
v 14.287865 13.299995 -11.712135
v 13.999997 12.999995 -12.000003
v 13.999997 14.999995 -12.000004
v 14.212130 14.420440 -11.787871
v 14.212130 13.299995 -11.787870
v 13.999997 14.999995 -12.000004
v 14.499997 14.499995 -11.500004
v 14.287865 14.344704 -11.712136
v 14.212130 14.420440 -11.787871
v 13.999997 4.999997 -9.000001
v 13.999997 3.999997 -9.000000
v 14.212130 4.299997 -9.212132
v 14.212130 4.699996 -9.212132
v 13.999997 3.999997 -9.000000
v 14.499997 3.999997 -9.500000
v 14.287865 4.299997 -9.287868
v 14.212130 4.299997 -9.212132
v 14.499997 3.999997 -9.500000
v 14.499997 4.999997 -9.500001
v 14.287865 4.699996 -9.287868
v 14.287865 4.299997 -9.287868
v 14.499997 4.999997 -9.500001
v 13.999997 4.999997 -9.000001
v 14.212130 4.699996 -9.212132
v 14.287865 4.699996 -9.287868
v 13.999997 14.999996 -9.000004
v 13.999997 12.999996 -9.000003
v 14.212130 13.299996 -9.212135
v 14.212130 14.420441 -9.212136
v 13.999997 12.999996 -9.000003
v 14.499997 12.999996 -9.500003
v 14.287865 13.299996 -9.287870
v 14.212130 13.299996 -9.212135
v 14.499997 12.999996 -9.500003
v 14.499997 14.499996 -9.500004
v 14.287865 14.344705 -9.287871
v 14.287865 13.299996 -9.287870
v 14.499997 14.499996 -9.500004
v 13.999997 14.999996 -9.000004
v 14.212130 14.420441 -9.212136
v 14.287865 14.344705 -9.287871
v 13.999997 11.999996 -9.000003
v 13.999997 8.999996 -9.000002
v 14.212130 9.299996 -9.212134
v 14.212130 11.699996 -9.212135
v 13.999997 8.999996 -9.000002
v 14.499997 8.999996 -9.500002
v 14.287865 9.299996 -9.287869
v 14.212130 9.299996 -9.212134
v 14.499997 8.999996 -9.500002
v 14.499997 11.999996 -9.500003
v 14.287865 11.699996 -9.287870
v 14.287865 9.299996 -9.287869
v 14.499997 11.999996 -9.500003
v 13.999997 11.999996 -9.000003
v 14.212130 11.699996 -9.212135
v 14.287865 11.699996 -9.287870
v 13.999997 8.999996 -9.000002
v 13.999997 7.999997 -9.000002
v 14.212130 8.299996 -9.212134
v 14.212130 8.699996 -9.212134
v 13.999997 7.999997 -9.000002
v 14.499997 7.999997 -9.500002
v 14.287865 8.299996 -9.287869
v 14.212130 8.299996 -9.212134
v 14.499997 7.999997 -9.500002
v 14.499997 8.999996 -9.500002
v 14.287865 8.699996 -9.287869
v 14.287865 8.299996 -9.287869
v 14.499997 8.999996 -9.500002
v 14.212130 8.699996 -9.212134
v 14.287865 8.699996 -9.287869
v 13.999997 7.999997 -9.000002
v 13.999997 4.999997 -9.000001
v 14.212130 5.299997 -9.212133
v 14.212130 7.699996 -9.212133
v 14.287865 5.299997 -9.287868
v 14.212130 5.299997 -9.212133
v 14.499997 4.999997 -9.500001
v 14.499997 7.999997 -9.500002
v 14.287865 7.699996 -9.287868
v 14.287865 5.299997 -9.287868
v 14.499997 7.999997 -9.500002
v 13.999997 7.999997 -9.000002
v 14.212130 7.699996 -9.212133
v 14.287865 7.699996 -9.287868
v 13.999997 12.999996 -9.000003
v 13.999997 11.999996 -9.000003
v 14.212130 12.299996 -9.212135
v 14.212130 12.699996 -9.212135
v 14.287865 12.299996 -9.287870
v 14.212130 12.299996 -9.212135
v 14.499997 11.999996 -9.500003
v 14.499997 12.999996 -9.500003
v 14.287865 12.699996 -9.287870
v 14.287865 12.299996 -9.287870
v 14.499997 12.999996 -9.500003
v 13.999997 12.999996 -9.000003
v 14.212130 12.699996 -9.212135
v 14.287865 12.699996 -9.287870
v 14.499997 13.999996 -10.000003
v 14.499997 13.999996 -11.000003
v 14.499997 14.499995 -11.500004
v 14.499997 14.499996 -9.500004
v 14.499997 4.499996 -11.000000
v 14.499997 4.499997 -10.000000
v 14.499997 3.999997 -9.500000
v 14.499997 3.999996 -11.500000
v 13.250000 4.249996 -11.750000
v 13.000000 3.999996 -12.000000
v 13.000000 14.999995 -12.000004
v 13.250000 14.749995 -11.750004
v 13.250000 14.749996 -9.250004
v 13.250000 14.749995 -11.750004
v 13.000000 14.999995 -12.000004
v 13.000000 14.999996 -9.000004
v 13.250000 4.249997 -9.250000
v 13.000000 3.999997 -9.000000
v 13.432885 4.249997 -9.250000
v 13.250000 4.249997 -9.250000
v 13.000000 3.999997 -9.000000
v 13.432885 3.999997 -9.000000
v 13.250000 4.249996 -11.750000
v 13.432885 4.249996 -11.750000
v 13.432885 3.999996 -12.000000
v 13.000000 3.999996 -12.000000
v 13.432885 4.249996 -11.750000
v 13.749997 4.249996 -11.750000
v 13.999997 3.999996 -12.000000
v 13.432885 3.999996 -12.000000
v 13.749997 14.749995 -11.750004
v 13.749997 14.749996 -9.250004
v 13.999997 14.999996 -9.000004
v 13.999997 14.999995 -12.000004
v 13.749997 4.999997 -9.250001
v 13.749997 4.249997 -9.250000
v 13.999997 3.999997 -9.000000
v 13.999997 4.999997 -9.000001
v 13.749997 4.249997 -9.250000
v 13.999997 3.999997 -9.000000
v 0.000000 25.499998 -0.000008
v 3.499998 25.499998 -0.000008
v 3.999998 24.999998 -0.000008
v 0.000000 24.999998 -0.000008
v 0.000000 25.499996 -4.000008
v 3.499998 25.499996 -4.000008
v 3.999998 24.999996 -4.000007
v 0.000000 24.999996 -4.000007
v 0.000000 25.499996 -8.000008
v 3.499998 25.499996 -8.000008
v 3.999998 24.999996 -8.000007
v 0.000000 24.999996 -8.000007
v 3.499998 26.999998 -0.000008
v 0.000000 26.999998 -0.000008
v 0.000000 27.499998 -0.000008
v 3.999998 27.499998 -0.000008
v 3.499998 26.999996 -4.000008
v 0.000000 26.999996 -4.000008
v 0.000000 27.499996 -4.000008
v 3.999998 27.499996 -4.000008
v 3.499998 26.999996 -8.000008
v 0.000000 26.999996 -8.000008
v 0.000000 27.499996 -8.000008
v 3.999998 27.499996 -8.000008
v 8.383812 3.999995 -17.000000
v 8.383812 0.999995 -16.999998
v 8.383812 0.999995 -17.432882
v 8.383812 3.999995 -17.432884
v 7.383812 13.999993 -18.499998
v 7.383812 4.499994 -18.499996
v 6.383812 4.499994 -18.499996
v 6.383812 13.999993 -18.499998
v 5.383812 0.999995 -16.999998
v 5.383812 3.999995 -17.000000
v 5.383812 3.999995 -17.432884
v 5.383812 0.999995 -17.432882
v 7.883812 3.999994 -18.499996
v 7.883812 0.499994 -18.499994
v 5.883812 0.499994 -18.499994
v 5.883812 3.999994 -18.499996
v 8.383812 0.499995 -17.999994
v 8.383812 3.999994 -17.999996
v 5.383812 3.999994 -17.999996
v 5.383812 0.499995 -17.999994
v 5.883812 0.499994 -18.499994
v 7.883812 -0.000006 -18.499994
v 5.883812 -0.000006 -18.499994
v 8.133812 14.749994 -17.250002
v 8.133812 14.749993 -17.749998
v 5.633812 14.749993 -17.749998
v 5.633812 14.749994 -17.250002
v 8.383812 -0.000005 -17.999994
v 5.383812 -0.000005 -17.999994
v 5.883812 -0.000006 -18.499994
v 7.883812 -0.000006 -18.499994
v 5.671680 4.699994 -18.287865
v 5.671680 4.299994 -18.287865
v 5.595943 4.299994 -18.212130
v 5.595943 4.699994 -18.212130
v 5.383812 0.499995 -17.999994
v 5.383812 3.999994 -17.999996
v 5.883812 3.999994 -18.499996
v 5.883812 0.499994 -18.499994
v 5.671680 7.699994 -18.287865
v 5.671680 5.299994 -18.287865
v 5.595943 5.299994 -18.212130
v 5.595943 7.699994 -18.212130
v 5.671680 8.699993 -18.287865
v 5.671680 8.299994 -18.287865
v 5.595943 8.299994 -18.212130
v 5.595943 8.699993 -18.212130
v 5.671680 11.699993 -18.287867
v 5.671680 9.299994 -18.287865
v 5.595943 9.299994 -18.212130
v 5.595943 11.699993 -18.212132
v 5.671680 12.699993 -18.287867
v 5.671680 12.299994 -18.287867
v 5.595943 12.299994 -18.212132
v 5.595943 12.699993 -18.212132
v 5.671680 14.344702 -18.287867
v 5.671680 13.299994 -18.287867
v 5.595943 13.299994 -18.212132
v 5.595943 14.420438 -18.212132
v 5.383812 14.999993 -17.999998
v 8.383812 14.999993 -17.999998
v 7.883812 14.499993 -18.499998
v 5.883812 14.499993 -18.499998
v 8.171680 4.699994 -18.212130
v 8.171680 4.299994 -18.212130
v 8.095943 4.299994 -18.287865
v 8.095943 4.699994 -18.287865
v 8.171680 14.420438 -18.212132
v 8.171680 13.299994 -18.212132
v 8.095943 13.299994 -18.287867
v 8.095943 14.344702 -18.287867
v 8.171680 11.699993 -18.212132
v 8.171680 9.299994 -18.212130
v 8.095943 9.299994 -18.287865
v 8.095943 11.699993 -18.287867
v 8.171680 8.699993 -18.212130
v 8.171680 8.299994 -18.212130
v 8.095943 8.299994 -18.287865
v 8.095943 8.699993 -18.287865
v 8.171680 7.699994 -18.212130
v 8.171680 5.299994 -18.212130
v 8.095943 5.299994 -18.287865
v 8.095943 7.699994 -18.287865
v 8.383812 3.999994 -17.999996
v 8.383812 0.499995 -17.999994
v 7.883812 0.499994 -18.499994
v 7.883812 3.999994 -18.499996
v 8.171680 12.699993 -18.212132
v 8.171680 12.299994 -18.212132
v 8.095943 12.299994 -18.287867
v 8.095943 12.699993 -18.287867
v 5.883812 0.499994 -18.499994
v 5.883812 -0.000006 -18.499994
v 5.383812 -0.000005 -17.999994
v 8.383812 -0.000005 -17.999994
v 7.883812 -0.000006 -18.499994
v 5.883812 4.999994 -18.499996
v 5.883812 3.999994 -18.499996
v 5.671680 4.299994 -18.287865
v 5.671680 4.699994 -18.287865
v 5.883812 3.999994 -18.499996
v 5.383812 3.999994 -17.999996
v 5.595943 4.299994 -18.212130
v 5.671680 4.299994 -18.287865
v 5.383812 3.999994 -17.999996
v 5.383812 4.999994 -17.999996
v 5.595943 4.699994 -18.212130
v 5.595943 4.299994 -18.212130
v 5.383812 4.999994 -17.999996
v 5.883812 4.999994 -18.499996
v 5.671680 4.699994 -18.287865
v 5.595943 4.699994 -18.212130
v 5.883812 7.999994 -18.499996
v 5.883812 4.999994 -18.499996
v 5.671680 5.299994 -18.287865
v 5.671680 7.699994 -18.287865
v 5.883812 4.999994 -18.499996
v 5.383812 4.999994 -17.999996
v 5.595943 5.299994 -18.212130
v 5.671680 5.299994 -18.287865
v 5.383812 4.999994 -17.999996
v 5.383812 7.999994 -17.999996
v 5.595943 7.699994 -18.212130
v 5.595943 5.299994 -18.212130
v 5.383812 7.999994 -17.999996
v 5.883812 7.999994 -18.499996
v 5.671680 7.699994 -18.287865
v 5.595943 7.699994 -18.212130
v 5.883812 8.999993 -18.499996
v 5.883812 7.999994 -18.499996
v 5.671680 8.299994 -18.287865
v 5.671680 8.699993 -18.287865
v 5.883812 7.999994 -18.499996
v 5.383812 7.999994 -17.999996
v 5.595943 8.299994 -18.212130
v 5.671680 8.299994 -18.287865
v 5.383812 7.999994 -17.999996
v 5.383812 8.999993 -17.999996
v 5.595943 8.699993 -18.212130
v 5.595943 8.299994 -18.212130
v 5.383812 8.999993 -17.999996
v 5.883812 8.999993 -18.499996
v 5.671680 8.699993 -18.287865
v 5.595943 8.699993 -18.212130
v 5.883812 11.999993 -18.499998
v 5.883812 8.999993 -18.499996
v 5.671680 9.299994 -18.287865
v 5.671680 11.699993 -18.287867
v 5.883812 8.999993 -18.499996
v 5.383812 8.999993 -17.999996
v 5.595943 9.299994 -18.212130
v 5.671680 9.299994 -18.287865
v 5.383812 8.999993 -17.999996
v 5.383812 11.999993 -17.999998
v 5.595943 11.699993 -18.212132
v 5.595943 9.299994 -18.212130
v 5.383812 11.999993 -17.999998
v 5.883812 11.999993 -18.499998
v 5.671680 11.699993 -18.287867
v 5.595943 11.699993 -18.212132
v 5.883812 12.999993 -18.499998
v 5.883812 11.999993 -18.499998
v 5.671680 12.299994 -18.287867
v 5.671680 12.699993 -18.287867
v 5.883812 11.999993 -18.499998
v 5.383812 11.999993 -17.999998
v 5.595943 12.299994 -18.212132
v 5.671680 12.299994 -18.287867
v 5.383812 11.999993 -17.999998
v 5.383812 12.999993 -17.999998
v 5.595943 12.699993 -18.212132
v 5.595943 12.299994 -18.212132
v 5.383812 12.999993 -17.999998
v 5.883812 12.999993 -18.499998
v 5.671680 12.699993 -18.287867
v 5.595943 12.699993 -18.212132
v 5.883812 14.499993 -18.499998
v 5.883812 12.999993 -18.499998
v 5.671680 13.299994 -18.287867
v 5.671680 14.344702 -18.287867
v 5.883812 12.999993 -18.499998
v 5.383812 12.999993 -17.999998
v 5.595943 13.299994 -18.212132
v 5.671680 13.299994 -18.287867
v 5.383812 12.999993 -17.999998
v 5.383812 14.999993 -17.999998
v 5.595943 14.420438 -18.212132
v 5.595943 13.299994 -18.212132
v 5.383812 14.999993 -17.999998
v 5.883812 14.499993 -18.499998
v 5.671680 14.344702 -18.287867
v 5.595943 14.420438 -18.212132
v 8.383812 4.999994 -17.999996
v 8.383812 3.999994 -17.999996
v 8.171680 4.299994 -18.212130
v 8.171680 4.699994 -18.212130
v 8.383812 3.999994 -17.999996
v 7.883812 3.999994 -18.499996
v 8.095943 4.299994 -18.287865
v 8.171680 4.299994 -18.212130
v 7.883812 3.999994 -18.499996
v 7.883812 4.999994 -18.499996
v 8.095943 4.699994 -18.287865
v 8.095943 4.299994 -18.287865
v 7.883812 4.999994 -18.499996
v 8.383812 4.999994 -17.999996
v 8.171680 4.699994 -18.212130
v 8.095943 4.699994 -18.287865
v 8.383812 14.999993 -17.999998
v 8.383812 12.999993 -17.999998
v 8.171680 13.299994 -18.212132
v 8.171680 14.420438 -18.212132
v 8.383812 12.999993 -17.999998
v 7.883812 12.999993 -18.499998
v 8.095943 13.299994 -18.287867
v 8.171680 13.299994 -18.212132
v 7.883812 12.999993 -18.499998
v 7.883812 14.499993 -18.499998
v 8.095943 14.344702 -18.287867
v 8.095943 13.299994 -18.287867
v 7.883812 14.499993 -18.499998
v 8.383812 14.999993 -17.999998
v 8.171680 14.420438 -18.212132
v 8.095943 14.344702 -18.287867
v 8.383812 11.999993 -17.999998
v 8.383812 8.999993 -17.999996
v 8.171680 9.299994 -18.212130
v 8.171680 11.699993 -18.212132
v 8.383812 8.999993 -17.999996
v 7.883812 8.999993 -18.499996
v 8.095943 9.299994 -18.287865
v 8.171680 9.299994 -18.212130
v 7.883812 8.999993 -18.499996
v 7.883812 11.999993 -18.499998
v 8.095943 11.699993 -18.287867
v 8.095943 9.299994 -18.287865
v 7.883812 11.999993 -18.499998
v 8.383812 11.999993 -17.999998
v 8.171680 11.699993 -18.212132
v 8.095943 11.699993 -18.287867
v 8.383812 8.999993 -17.999996
v 8.383812 7.999994 -17.999996
v 8.171680 8.299994 -18.212130
v 8.171680 8.699993 -18.212130
v 8.383812 7.999994 -17.999996
v 7.883812 7.999994 -18.499996
v 8.095943 8.299994 -18.287865
v 8.171680 8.299994 -18.212130
v 7.883812 7.999994 -18.499996
v 7.883812 8.999993 -18.499996
v 8.095943 8.699993 -18.287865
v 8.095943 8.299994 -18.287865
v 7.883812 8.999993 -18.499996
v 8.383812 8.999993 -17.999996
v 8.171680 8.699993 -18.212130
v 8.095943 8.699993 -18.287865
v 8.383812 7.999994 -17.999996
v 8.383812 4.999994 -17.999996
v 8.171680 5.299994 -18.212130
v 8.171680 7.699994 -18.212130
v 8.383812 4.999994 -17.999996
v 7.883812 4.999994 -18.499996
v 8.095943 5.299994 -18.287865
v 8.171680 5.299994 -18.212130
v 7.883812 4.999994 -18.499996
v 7.883812 7.999994 -18.499996
v 8.095943 7.699994 -18.287865
v 8.095943 5.299994 -18.287865
v 7.883812 7.999994 -18.499996
v 8.383812 7.999994 -17.999996
v 8.171680 7.699994 -18.212130
v 8.095943 7.699994 -18.287865
v 8.383812 12.999993 -17.999998
v 8.383812 11.999993 -17.999998
v 8.171680 12.299994 -18.212132
v 8.171680 12.699993 -18.212132
v 8.383812 11.999993 -17.999998
v 7.883812 11.999993 -18.499998
v 8.095943 12.299994 -18.287867
v 8.171680 12.299994 -18.212132
v 7.883812 11.999993 -18.499998
v 7.883812 12.999993 -18.499998
v 8.095943 12.699993 -18.287867
v 8.095943 12.299994 -18.287867
v 7.883812 12.999993 -18.499998
v 8.383812 12.999993 -17.999998
v 8.171680 12.699993 -18.212132
v 8.095943 12.699993 -18.287867
v 7.383812 13.999993 -18.499998
v 6.383812 13.999993 -18.499998
v 5.883812 14.499993 -18.499998
v 7.883812 14.499993 -18.499998
v 6.383812 4.499994 -18.499996
v 7.383812 4.499994 -18.499996
v 7.883812 3.999994 -18.499996
v 5.883812 3.999994 -18.499996
v 5.633812 4.249994 -17.250000
v 5.383812 3.999995 -17.000000
v 5.383812 14.999994 -17.000002
v 5.633812 14.749994 -17.250002
v 8.133812 14.749994 -17.250002
v 5.633812 14.749994 -17.250002
v 5.383812 14.999994 -17.000002
v 8.383812 14.999994 -17.000002
v 8.133812 4.249994 -17.250000
v 8.133812 14.749994 -17.250002
v 8.383812 14.999994 -17.000002
v 8.383812 3.999995 -17.000000
v 8.133812 4.249994 -17.432884
v 8.133812 4.249994 -17.250000
v 8.383812 3.999995 -17.000000
v 8.383812 3.999995 -17.432884
v 5.633812 4.249994 -17.250000
v 5.633812 4.249994 -17.432884
v 5.383812 3.999995 -17.432884
v 5.383812 3.999995 -17.000000
v 5.633812 4.249994 -17.749996
v 5.383812 3.999994 -17.999996
v 5.633812 14.749993 -17.749998
v 8.133812 14.749993 -17.749998
v 8.383812 14.999993 -17.999998
v 5.383812 14.999993 -17.999998
v 8.133812 4.249994 -17.749996
v 8.383812 3.999994 -17.999996
v 13.959108 0.499995 -14.694172
v 13.959108 7.499995 -14.694174
v 13.767767 0.009996 -14.232232
v 12.461940 0.499994 -18.308657
v 13.767767 0.499995 -17.767765
v 13.767767 0.009995 -17.767765
v 12.000000 0.009994 -18.499998
v 12.461940 0.499994 -18.308657
v 12.000000 0.009994 -18.499998
v 12.000000 7.999994 -18.500000
v 12.461940 7.499994 -18.308659
v 13.767767 0.499995 -17.767765
v 14.500000 0.499995 -15.999999
v 14.500000 0.009995 -15.999999
v 13.767767 0.009995 -17.767765
v 14.500000 0.499995 -15.999999
v 13.959108 0.499995 -14.694172
v 13.767767 0.009996 -14.232232
v 14.500000 0.009995 -15.999999
v 13.959108 7.499995 -14.694174
v 14.500000 7.499995 -16.000002
v 14.500000 7.999995 -16.000002
v 13.767767 7.999995 -14.232235
v 14.500000 7.499995 -16.000002
v 13.767767 7.499994 -17.767767
v 13.767767 7.999994 -17.767767
v 14.500000 7.999995 -16.000002
v 13.767767 7.499994 -17.767767
v 12.461940 7.499994 -18.308659
v 12.000000 7.999994 -18.500000
v 13.767767 7.999994 -17.767767
v 13.823810 0.749995 -15.020812
v 13.823810 7.249995 -15.020814
v 13.959108 7.499995 -14.694174
v 13.959108 0.499995 -14.694172
v 12.597239 0.749994 -17.982016
v 13.576426 0.749995 -17.576424
v 13.767767 0.499995 -17.767765
v 12.461940 0.499994 -18.308657
v 12.597239 0.749994 -17.982016
v 12.461940 0.499994 -18.308657
v 12.461940 7.499994 -18.308659
v 12.597239 7.249994 -17.982018
v 14.229402 0.749995 -15.999999
v 13.823810 0.749995 -15.020812
v 13.959108 0.499995 -14.694172
v 14.500000 0.499995 -15.999999
v 13.823810 7.249995 -15.020814
v 14.229402 7.249995 -16.000002
v 14.500000 7.499995 -16.000002
v 13.959108 7.499995 -14.694174
v 13.576426 7.249994 -17.576426
v 12.597239 7.249994 -17.982018
v 12.461940 7.499994 -18.308659
v 13.767767 7.499994 -17.767767
v 10.232233 7.999995 -14.232235
v 9.500000 7.999995 -16.000002
v 9.500000 0.009995 -15.999999
v 10.232233 0.009996 -14.232232
v 14.133731 0.999995 -16.230968
v 14.133731 6.999995 -16.230970
v 14.229402 7.249995 -16.000002
v 14.229402 0.749995 -15.999999
v 13.345455 0.999995 -17.672094
v 13.345455 6.999994 -17.672096
v 13.576426 7.249994 -17.576426
v 13.576426 0.749995 -17.576424
v 12.828209 0.999994 -17.886345
v 13.345455 0.999995 -17.672094
v 13.576426 0.749995 -17.576424
v 12.597239 0.749994 -17.982016
v 12.828209 0.999994 -17.886345
v 12.597239 0.749994 -17.982016
v 12.597239 7.249994 -17.982018
v 12.828209 6.999994 -17.886347
v 13.998585 0.999995 -16.557240
v 14.133731 0.999995 -16.230968
v 14.229402 0.749995 -15.999999
v 13.902914 0.749995 -16.788210
v 13.345455 6.999994 -17.672096
v 12.828209 6.999994 -17.886347
v 12.597239 7.249994 -17.982018
v 13.576426 7.249994 -17.576426
v 14.133731 6.999995 -16.230970
v 13.998585 6.999994 -16.557241
v 13.902914 7.249994 -16.788212
v 14.229402 7.249995 -16.000002
v 13.998585 6.999994 -16.557241
v 13.998585 0.999995 -16.557240
v 13.902914 0.749995 -16.788210
v 13.902914 7.249994 -16.788212
v 14.133731 6.999995 -15.769031
v 14.133731 0.999995 -15.769029
v 14.229402 0.749995 -15.999999
v 14.229402 7.249995 -16.000002
v 13.672096 0.999995 -17.345453
v 13.576426 0.749995 -17.576424
v 13.576426 7.249994 -17.576426
v 13.672096 6.999994 -17.345455
v 13.919480 0.999995 -15.251782
v 13.919480 6.999995 -15.251784
v 13.823810 7.249995 -15.020814
v 13.823810 0.749995 -15.020812
v 14.133731 0.999995 -15.769029
v 13.919480 0.999995 -15.251782
v 13.823810 0.749995 -15.020812
v 14.229402 0.749995 -15.999999
v 13.919480 6.999995 -15.251784
v 14.133731 6.999995 -15.769031
v 14.229402 7.249995 -16.000002
v 13.823810 7.249995 -15.020814
v 13.807243 6.999994 -17.019182
v 13.672096 6.999994 -17.345455
v 13.576426 7.249994 -17.576426
v 13.902914 7.249994 -16.788212
v 13.672096 0.999995 -17.345453
v 13.807243 0.999995 -17.019180
v 13.902914 0.749995 -16.788210
v 13.576426 0.749995 -17.576424
v 13.807243 0.999995 -17.019180
v 13.807243 6.999994 -17.019182
v 13.902914 7.249994 -16.788212
v 13.902914 0.749995 -16.788210
v 14.187851 1.099995 -16.361626
v 14.187851 6.899995 -16.361628
v 14.133731 6.999995 -16.230970
v 14.133731 0.999995 -16.230968
v 13.291335 1.099994 -17.802752
v 13.291335 6.899994 -17.802753
v 13.345455 6.999994 -17.672096
v 13.345455 0.999995 -17.672094
v 12.958865 1.099994 -17.940464
v 13.291335 1.099994 -17.802752
v 13.345455 0.999995 -17.672094
v 12.828209 0.999994 -17.886345
v 12.958865 1.099994 -17.940464
v 12.828209 0.999994 -17.886345
v 12.828209 6.999994 -17.886347
v 12.958865 6.899994 -17.940466
v 14.129241 1.099995 -16.503120
v 14.187851 1.099995 -16.361626
v 14.133731 0.999995 -16.230968
v 13.998585 0.999995 -16.557240
v 13.291335 6.899994 -17.802753
v 12.958865 6.899994 -17.940466
v 12.828209 6.999994 -17.886347
v 13.345455 6.999994 -17.672096
v 14.187851 6.899995 -16.361628
v 14.129241 6.899995 -16.503122
v 13.998585 6.999994 -16.557241
v 14.133731 6.999995 -16.230970
v 14.129241 6.899995 -16.503122
v 14.129241 1.099995 -16.503120
v 13.998585 0.999995 -16.557240
v 13.998585 6.999994 -16.557241
v 14.187851 6.899995 -15.638374
v 14.187851 1.099995 -15.638372
v 14.133731 0.999995 -15.769029
v 14.133731 6.999995 -15.769031
v 13.802752 1.099995 -17.291334
v 13.672096 0.999995 -17.345453
v 13.672096 6.999994 -17.345455
v 13.802752 6.899994 -17.291336
v 14.050137 1.099995 -15.305902
v 14.050137 6.899995 -15.305904
v 13.919480 6.999995 -15.251784
v 13.919480 0.999995 -15.251782
v 14.187851 1.099995 -15.638372
v 14.050137 1.099995 -15.305902
v 13.919480 0.999995 -15.251782
v 14.133731 0.999995 -15.769029
v 14.050137 6.899995 -15.305904
v 14.187851 6.899995 -15.638374
v 14.133731 6.999995 -15.769031
v 13.919480 6.999995 -15.251784
v 13.861363 6.899994 -17.149839
v 13.802752 6.899994 -17.291336
v 13.672096 6.999994 -17.345455
v 13.807243 6.999994 -17.019182
v 13.802752 1.099995 -17.291334
v 13.861363 1.099995 -17.149837
v 13.807243 0.999995 -17.019180
v 13.672096 0.999995 -17.345453
v 13.861363 1.099995 -17.149837
v 13.861363 6.899994 -17.149839
v 13.807243 6.999994 -17.019182
v 13.807243 0.999995 -17.019180
v 6.500000 5.500001 4.499998
v 6.500000 5.500001 5.499998
v -7.000000 1.000001 4.000000
v -7.000000 4.000001 3.999999
v -11.993776 4.000001 3.999999
v -11.994016 1.000001 4.000000
v -7.000000 1.000002 6.499999
v -7.000000 4.000002 6.499998
v -7.000000 4.000001 5.999998
v -7.000000 1.000002 5.999999
v -4.000000 5.000001 5.999998
v -4.000000 4.000001 5.999998
v -4.000000 4.000001 5.999998
v -4.000000 5.000001 5.999998
v -4.000000 5.000001 6.499998
v -4.000000 4.000002 6.499998
v -7.000000 5.000001 6.499998
v -7.000000 5.000001 5.999998
v -13.000000 4.400001 2.599998
v -13.000000 4.600000 2.599998
v -13.000000 4.600000 2.399998
v -13.000000 4.400001 2.399998
v -4.000000 1.000002 5.999999
v -4.000000 1.000002 6.499999
v -4.500000 4.000002 6.999998
v -4.500000 5.000001 6.999998
v -6.500000 5.000001 6.999998
v -6.500000 4.000002 6.999998
v -13.000000 1.000001 2.000000
v -13.000000 4.000000 1.999999
v -13.000000 3.999997 -8.000001
v -13.000000 0.999997 -8.000000
v -4.000000 1.000002 5.999999
v -7.000000 4.000001 3.999999
v -7.000000 1.000001 4.000000
v -9.000000 0.999995 -16.999998
v -9.000000 3.999995 -17.000000
v -4.500000 3.999995 -17.000000
v -4.500000 0.999995 -16.999998
v -7.000000 5.000001 3.999998
v -11.993039 5.000001 3.999998
v -11.993776 4.000001 3.999999
v -13.000000 0.999996 -12.999999
v -13.000000 3.999996 -13.000000
v -9.000000 3.999995 -17.000000
v -9.000000 0.999995 -16.999998
v -12.998761 5.000052 3.353562
v -12.346579 5.000052 4.001236
v -12.331703 16.000679 4.003719
v -12.998024 16.353619 3.353565
v -3.500000 7.500001 6.749997
v -3.500000 5.500001 6.749998
v -13.000000 8.400000 2.599997
v -13.000000 8.600000 2.599997
v -13.000000 8.600000 2.399997
v -13.000000 8.400000 2.399997
v -4.000000 8.000001 5.999997
v -4.000000 8.000002 6.499997
v -7.500000 5.500001 4.499998
v -7.000000 5.000001 3.999998
v -7.000000 17.000000 3.999995
v -7.500000 17.500000 4.499994
v -7.000000 5.000001 3.999998
v -6.478186 17.249994 -15.250004
v -8.626035 17.249994 -15.250004
v -4.500000 23.999992 -17.000006
v -3.500000 23.999992 -16.000006
v -3.500000 20.999992 -16.000006
v -4.500000 20.999992 -17.000004
v -13.000000 5.400001 2.599998
v -13.000000 7.600000 2.599997
v -13.000000 7.600000 2.399997
v -13.000000 5.400001 2.399998
v -13.000000 9.400000 2.599997
v -13.000000 11.600000 2.599996
v -13.000000 11.600000 2.399996
v -13.000000 9.400000 2.399997
v -4.500000 3.999995 -17.000000
v -9.000000 3.999995 -17.000000
v -9.000000 15.999994 -17.000004
v -4.500000 15.999994 -17.000004
v -13.000000 12.400000 2.599996
v -13.000000 12.600000 2.599996
v -13.000000 12.600000 2.399996
v -13.000000 12.400000 2.399996
v -3.792893 16.999992 -16.292896
v -3.500000 16.999992 -16.000004
v -3.500000 15.999994 -16.000004
v -4.500000 15.999994 -17.000004
v -13.000000 13.400000 2.599996
v -13.000000 15.600000 2.599995
v -13.000000 15.600000 2.399995
v -13.000000 13.400000 2.399996
v -4.500000 3.999995 -17.000000
v -3.500000 3.999995 -16.000000
v -3.500000 0.999995 -15.999999
v -4.500000 0.999995 -16.999998
v -9.000000 3.999995 -17.000000
v -13.000000 3.999996 -13.000000
v -13.000000 15.999995 -13.000004
v -9.000000 15.999994 -17.000004
v -13.500000 4.999998 -7.000001
v -13.500000 5.000000 0.999998
v -13.500000 14.999999 0.999995
v -13.500000 14.999997 -7.000004
v -7.500000 17.499998 1.999995
v -7.500000 17.499994 -11.336354
v -11.455923 17.499996 -5.349547
v -11.461926 17.499998 1.999995
v -6.500000 17.500000 4.499994
v -6.500000 19.500000 3.999994
v -6.500000 19.499998 1.999994
v -6.500000 17.499998 1.999995
v -6.500000 17.000000 5.499994
v -6.500000 19.500000 5.499994
v -11.461926 17.499998 1.999995
v -11.471136 17.500000 4.499994
v -7.500000 17.500000 4.499994
v -7.500000 17.499998 1.999995
v -6.900000 20.399998 1.599994
v -6.900000 20.599998 1.599994
v -6.900000 20.599998 0.524994
v -6.900000 20.399998 0.524994
v -6.703201 20.399994 -13.286204
v -6.703201 20.599995 -13.286205
v -5.877200 20.599995 -14.607807
v -5.877200 20.399994 -14.607806
v -3.500000 8.500001 6.499997
v -3.500000 20.750000 6.499993
v -4.000000 21.000000 5.999993
v -4.000000 8.000001 5.999997
v -4.000000 21.000000 5.999993
v -4.000000 21.000000 6.499993
v -6.500000 19.499994 -12.856606
v -6.500000 17.499994 -12.856606
v -7.000000 21.000000 6.499993
v -7.000000 24.000000 6.499992
v -7.000000 24.000000 5.999992
v -7.000000 21.000000 5.999993
v -6.900000 20.400000 5.599993
v -6.900000 20.600000 5.599993
v -6.900000 20.600000 4.399993
v -6.900000 20.400000 4.399993
v -4.850000 8.150001 7.149997
v -4.650000 8.150001 7.149997
v -4.650000 20.850000 7.149993
v -4.850000 20.850000 7.149993
v -6.900000 20.400000 3.599993
v -6.900000 20.600000 3.599993
v -6.900000 20.599998 2.399994
v -6.900000 20.399998 2.399994
v -1.833333 22.000000 6.499993
v -3.500000 20.750000 6.499993
v -4.249998 25.250000 4.249992
v -4.500000 3.999995 -17.000000
v -4.500000 15.999994 -17.000004
v -3.500000 15.999994 -16.000004
v -3.500000 3.999995 -16.000000
v -3.500000 0.999995 -15.999999
v -3.500000 3.999995 -16.000000
v -4.287868 20.599993 -16.646450
v -3.853553 20.599993 -16.212135
v -3.853553 20.399992 -16.212135
v -4.287868 20.399992 -16.646450
v -5.125000 16.999992 -16.000004
v -4.500000 17.999992 -17.000004
v -3.792893 16.999992 -16.292896
v -4.500000 15.999994 -17.000004
v -12.998892 4.000036 3.353561
v -12.347317 4.000037 4.001106
v -12.346579 5.000052 4.001236
v -12.998761 5.000052 3.353562
v -12.347317 4.000037 4.001106
v -12.998892 4.000036 3.353561
v -12.998919 1.250008 3.353546
v -12.347552 1.250008 4.001080
v -7.500000 5.500001 4.499998
v -7.500000 17.500000 4.499994
v -11.471136 17.500000 4.499994
v -11.492824 5.500001 4.499998
v -12.333000 16.980190 -13.077746
v -12.961548 16.381762 -13.077746
v -12.993265 16.353617 1.999693
v -12.315292 17.006727 1.999693
v -5.287840 16.999992 -16.353558
v -4.883811 16.353546 -17.000004
v -9.064685 16.378706 -16.974844
v -9.026048 16.979347 -16.374203
v -12.961548 16.381762 -13.077746
v -12.333000 16.980190 -13.077746
v -9.026048 16.979347 -16.374203
v -9.064685 16.378706 -16.974844
v -12.998024 16.353619 3.353565
v -12.331703 17.006729 3.944875
v -12.315292 17.006727 1.999693
v -12.993265 16.353617 1.999693
v -13.000000 1.000001 3.000000
v -13.000000 4.000000 2.999999
v -4.883811 16.353546 -17.000004
v -4.500000 15.999994 -17.000004
v -9.000000 15.999994 -17.000004
v -9.064685 16.378706 -16.974844
v -9.064685 16.378706 -16.974844
v -9.000000 15.999994 -17.000004
v -13.000000 15.999995 -13.000004
v -12.961548 16.381762 -13.077746
v -12.993265 16.353617 1.999693
v -13.000000 16.000000 1.999995
v -13.000000 16.000000 2.999995
v -12.998024 16.353619 3.353565
v -5.287840 16.999992 -16.353558
v -5.125000 16.999992 -16.000004
v -4.500000 15.999994 -17.000004
v -4.883811 16.353546 -17.000004
v -12.998761 5.000052 3.353562
v -13.000000 5.000000 2.999998
v -13.000000 4.000000 2.999999
v -12.998892 4.000036 3.353561
v -12.347317 4.000037 4.001106
v -11.993776 4.000001 3.999999
v -11.993039 5.000001 3.999998
v -12.346579 5.000052 4.001236
v -12.347552 1.250008 4.001080
v -11.994016 1.000001 4.000000
v -11.993776 4.000001 3.999999
v -12.347317 4.000037 4.001106
v -12.998919 1.250008 3.353546
v -13.000000 1.000001 3.000000
v -11.994016 1.000001 4.000000
v -12.347552 1.250008 4.001080
v -12.998892 4.000036 3.353561
v -13.000000 4.000000 2.999999
v -13.000000 1.000001 3.000000
v -12.998919 1.250008 3.353546
v -9.026048 16.979347 -16.374203
v -8.935673 16.999992 -16.000004
v -5.125000 16.999992 -16.000004
v -5.287840 16.999992 -16.353558
v -12.333000 16.980190 -13.077746
v -11.949669 16.999994 -13.000004
v -8.935673 16.999992 -16.000004
v -9.026048 16.979347 -16.374203
v -12.331703 17.006729 3.944875
v -11.971148 17.000000 3.999995
v -11.961931 16.999998 1.999995
v -12.315292 17.006727 1.999693
v -3.914213 24.999994 -15.000007
v -3.500000 23.999992 -16.000006
v -4.500000 23.999992 -17.000006
v -4.318238 24.999994 -15.404030
v -7.000000 24.000000 5.999992
v -6.000000 25.000000 5.999992
v -6.000000 24.999994 -12.713211
v -7.000000 23.999994 -13.000007
v -7.000000 23.999994 -13.000007
v -6.000000 24.999994 -12.713211
v -4.318238 24.999994 -15.404030
v -4.500000 23.999992 -17.000006
v -5.000000 25.000000 4.999992
v -4.000000 24.000000 5.999992
v -6.711325 24.288675 6.711317
v -6.000000 25.000000 5.999992
v -7.000000 24.000000 5.999992
v -7.000000 24.000000 6.499992
v 0.000000 24.999994 -15.000007
v 0.000000 23.999992 -16.000006
v -3.500000 23.999992 -16.000006
v -3.914213 24.999994 -15.000007
v -4.000000 5.000001 6.499998
v -4.500000 5.000001 6.999998
v -4.500000 4.000002 6.999998
v -4.000000 4.000002 6.499998
v -7.000000 4.000002 6.499998
v -6.500000 4.000002 6.999998
v -6.500000 5.000001 6.999998
v -7.000000 5.000001 6.499998
v -6.500000 4.000002 6.999998
v -7.000000 4.000002 6.499998
v -7.000000 1.000002 6.499999
v -6.500000 1.000002 6.999999
v -4.500000 1.000002 6.999999
v -4.000000 1.000002 6.499999
v -4.000000 4.000002 6.499998
v -4.500000 4.000002 6.999998
v -4.000000 8.000002 6.499997
v -4.500000 8.000002 6.999997
v -4.000000 24.000000 6.499992
v -4.500000 24.000000 6.999992
v -4.500000 21.000000 6.999993
v -4.000000 21.000000 6.499993
v -4.000000 8.000002 6.499997
v -4.000000 21.000000 6.499993
v -4.500000 21.000000 6.999993
v -4.500000 8.000002 6.999997
v -7.000000 21.000000 6.499993
v -6.500000 21.000000 6.999993
v -6.500000 24.000000 6.999992
v -7.000000 24.000000 6.499992
v -4.500000 1.000002 6.999999
v -6.500000 1.000002 6.999999
v -11.993039 5.000001 3.999998
v -11.492824 5.500001 4.499998
v -11.471136 17.500000 4.499994
v -11.971148 17.000000 3.999995
v -7.500000 17.500000 4.499994
v -7.000000 17.000000 3.999995
v -7.000000 16.999998 1.999995
v -7.500000 17.499998 1.999995
v -7.500000 17.499998 1.999995
v -7.000000 16.999998 1.999995
v -7.000000 16.999994 -13.000004
v -7.500000 17.499994 -11.336354
v -6.500000 5.500001 4.499998
v -6.500000 17.500000 4.499994
v -7.000000 17.000000 3.999995
v -7.000000 5.000001 3.999998
v -11.455923 17.499996 -5.349547
v -11.955800 16.999996 -5.500005
v -11.961931 16.999998 1.999995
v -11.461926 17.499998 1.999995
v -11.461926 17.499998 1.999995
v -11.961931 16.999998 1.999995
v -11.971148 17.000000 3.999995
v -11.471136 17.500000 4.499994
v -11.492824 5.500001 4.499998
v -11.993039 5.000001 3.999998
v -7.000000 5.000001 3.999998
v -7.500000 5.500001 4.499998
v -7.500000 17.499994 -11.336354
v -7.000000 16.999994 -13.000004
v -11.955800 16.999996 -5.500005
v -11.455923 17.499996 -5.349547
v -3.500000 8.500001 6.499997
v -4.000000 8.000001 5.999997
v -5.650000 8.150001 7.149997
v -5.650000 20.850000 7.149993
v -5.850000 20.850000 7.149993
v -5.850000 8.150001 7.149997
v -1.833333 22.000000 6.499993
v -2.000000 22.500000 5.999993
v -4.000000 21.000000 5.999993
v -3.500000 20.750000 6.499993
v 0.000000 22.000000 6.499993
v 0.000000 22.500000 5.999993
v -2.000000 22.500000 5.999993
v -1.833333 22.000000 6.499993
v -3.500000 7.500001 6.749997
v -4.000000 8.000001 5.999997
v -4.000000 5.000001 5.999998
v -3.500000 5.500001 6.749998
v -3.500000 5.500001 6.749998
v -4.000000 5.000001 5.999998
v -4.000000 8.000001 5.999997
v -3.500000 7.500001 6.749997
v -5.150000 20.850000 7.149993
v -5.350000 20.850000 7.149993
v -5.350000 8.150001 7.149997
v -5.150000 8.150001 7.149997
v -6.150000 20.850000 7.149993
v -6.350000 20.850000 7.149993
v -6.350000 8.150001 7.149997
v -6.150000 8.150001 7.149997
v -6.350000 8.150001 7.149997
v -6.350000 20.850000 7.149993
v -6.500000 21.000000 6.999993
v -6.500000 8.000002 6.999997
v -5.350000 20.850000 7.149993
v -5.500000 21.000000 6.999993
v -5.500000 8.000002 6.999997
v -5.350000 8.150001 7.149997
v -5.150000 8.150001 7.149997
v -5.000000 8.000002 6.999997
v -5.000000 21.000000 6.999993
v -5.150000 20.850000 7.149993
v -5.350000 8.150001 7.149997
v -5.500000 8.000002 6.999997
v -5.000000 8.000002 6.999997
v -5.150000 8.150001 7.149997
v -6.150000 20.850000 7.149993
v -6.000000 21.000000 6.999993
v -6.500000 21.000000 6.999993
v -6.350000 20.850000 7.149993
v -6.350000 8.150001 7.149997
v -6.500000 8.000002 6.999997
v -6.000000 8.000002 6.999997
v -6.150000 8.150001 7.149997
v -5.150000 20.850000 7.149993
v -5.000000 21.000000 6.999993
v -5.500000 21.000000 6.999993
v -5.350000 20.850000 7.149993
v -6.150000 8.150001 7.149997
v -6.000000 8.000002 6.999997
v -6.000000 21.000000 6.999993
v -6.150000 20.850000 7.149993
v -4.650000 8.150001 7.149997
v -4.500000 8.000002 6.999997
v -4.500000 21.000000 6.999993
v -4.650000 20.850000 7.149993
v -5.650000 8.150001 7.149997
v -5.500000 8.000002 6.999997
v -5.500000 21.000000 6.999993
v -5.650000 20.850000 7.149993
v -4.850000 8.150001 7.149997
v -4.500000 8.000002 6.999997
v -4.650000 8.150001 7.149997
v -4.650000 20.850000 7.149993
v -4.500000 21.000000 6.999993
v -4.850000 20.850000 7.149993
v -5.650000 20.850000 7.149993
v -5.850000 20.850000 7.149993
v -5.850000 8.150001 7.149997
v -5.650000 8.150001 7.149997
v -4.850000 8.150001 7.149997
v -4.850000 20.850000 7.149993
v -5.000000 21.000000 6.999993
v -5.000000 8.000002 6.999997
v -5.850000 20.850000 7.149993
v -6.000000 21.000000 6.999993
v -6.000000 8.000002 6.999997
v -5.850000 8.150001 7.149997
v -3.999998 25.000000 3.999992
v -4.249998 25.250000 4.249992
v -4.249998 25.249994 -13.250007
v -3.999998 24.999994 -13.000007
v -5.750000 25.250000 5.749992
v -5.750000 25.249994 -12.616323
v -6.000000 24.999994 -12.713211
v -6.000000 25.000000 5.999992
v -5.250000 25.250000 4.749992
v -5.000000 25.000000 4.999992
v -5.750000 25.250000 5.749992
v -6.000000 25.000000 5.999992
v -5.000000 25.000000 5.999992
v -5.250000 25.250000 5.749992
v -5.250000 25.250000 5.749992
v -5.000000 25.000000 5.999992
v -5.000000 25.000000 4.999992
v -5.250000 25.250000 4.749992
v 0.000000 25.249994 -14.750007
v 0.000000 24.999994 -15.000007
v -3.914213 24.999994 -15.000007
v -3.803866 25.249994 -14.750007
v -3.803866 25.249994 -14.750007
v -3.914213 24.999994 -15.000007
v -6.000000 24.999994 -12.713211
v -5.750000 25.249994 -12.616323
v -3.499998 24.999994 -12.500007
v -3.499998 24.999996 -8.500007
v -3.499998 25.499998 -0.000008
v -3.499998 26.999998 -0.000008
v -3.499998 25.499996 -4.000008
v -3.499998 26.999996 -4.000008
v -3.499998 27.399998 -7.200007
v -3.499998 25.299995 -4.400007
v -3.499998 25.499996 -8.000008
v -3.499998 26.999996 -8.000008
v 0.000000 25.299999 3.599992
v 0.000000 27.400000 0.799991
v -3.499998 27.400000 0.799992
v -3.499998 25.299999 3.599992
v -3.999998 27.499998 -0.000008
v -3.999998 27.699999 0.399992
v 0.000000 27.699999 0.399991
v 0.000000 27.499998 -0.000008
v -3.999998 27.499996 -4.000008
v -3.999998 27.699997 -3.600008
v 0.000000 27.699997 -3.600009
v 0.000000 27.499996 -4.000008
v -3.999998 27.499996 -8.000008
v -3.999998 27.699997 -7.600008
v 0.000000 27.399998 -3.200009
v -3.499998 27.399998 -3.200008
v -3.499998 25.299997 -0.400008
v 0.000000 25.299997 -0.400008
v -3.999998 24.999994 -13.000007
v -3.499998 24.999994 -12.500007
v -3.999998 24.999996 -8.000007
v -3.499998 24.999996 -8.500007
v -6.500000 5.500001 4.499998
v -7.000000 5.000001 3.999998
v -7.000000 5.000001 5.999998
v -6.500000 5.500001 5.499998
v -3.500000 8.500001 6.499997
v -6.500000 17.499998 1.999995
v -7.000000 16.999998 1.999995
v -7.000000 17.000000 3.999995
v -6.500000 17.500000 4.499994
v -6.500000 17.499994 -12.856606
v -7.000000 16.999994 -13.000004
v -7.000000 16.999998 1.999995
v -6.500000 17.499998 1.999995
v -6.500000 19.500000 3.999994
v -7.000000 20.000000 3.999994
v -7.000000 19.999998 1.999994
v -6.500000 19.499998 1.999994
v -6.500000 19.500000 5.499994
v -7.000000 20.000000 5.999993
v -4.341000 18.231565 -16.311005
v -4.500000 17.999992 -17.000004
v -5.125000 16.999992 -16.000004
v -4.798234 17.499994 -15.579432
v -4.798234 17.499994 -15.579432
v -5.125000 16.999992 -16.000004
v -7.000000 16.999994 -13.000004
v -6.500000 17.499994 -12.856606
v -4.341000 19.499992 -16.311005
v -4.500000 19.999992 -17.000004
v -4.500000 17.999992 -17.000004
v -4.341000 18.231565 -16.311005
v -6.027124 16.999994 -15.500004
v -5.125000 16.999992 -16.000004
v -8.935673 16.999992 -16.000004
v -8.729247 16.999994 -15.500004
v -11.949669 16.999994 -13.000004
v -11.449839 16.999994 -12.792046
v -7.420645 16.999994 -13.270370
v -7.000000 16.999994 -13.000004
v -11.449839 16.999994 -12.792046
v -11.949669 16.999994 -13.000004
v -11.955800 16.999996 -5.500005
v -11.454438 16.999996 -7.165716
v -11.454438 16.999996 -7.165716
v -11.955800 16.999996 -5.500005
v -7.000000 16.999994 -13.000004
v -7.420645 16.999994 -13.270370
v -6.478186 17.249994 -15.250004
v -6.027124 16.999994 -15.500004
v -8.729247 16.999994 -15.500004
v -8.626035 17.249994 -15.250004
v -8.626035 17.249994 -15.250004
v -8.729247 16.999994 -15.500004
v -11.449839 16.999994 -12.792046
v -11.199924 17.249994 -12.688066
v -7.630968 17.249994 -13.405553
v -7.420645 16.999994 -13.270370
v -6.027124 16.999994 -15.500004
v -6.478186 17.249994 -15.250004
v -11.199924 17.249994 -12.688066
v -11.449839 16.999994 -12.792046
v -11.454438 16.999996 -7.165716
v -11.203757 17.249996 -7.998571
v -11.203757 17.249996 -7.998571
v -11.454438 16.999996 -7.165716
v -7.420645 16.999994 -13.270370
v -7.630968 17.249994 -13.405553
v -3.499998 25.299997 -0.400008
v -3.999998 24.999998 -0.000008
v -3.499998 25.299999 3.599992
v -3.999998 25.000000 3.999992
v -3.499998 25.299995 -4.400007
v -3.999998 24.999996 -4.000007
v 0.000000 27.400000 0.799991
v 0.000000 27.699999 0.399991
v -3.999998 27.699999 0.399992
v -3.499998 27.400000 0.799992
v 0.000000 27.399998 -3.200009
v 0.000000 27.699997 -3.600009
v -3.999998 27.699997 -3.600008
v -3.499998 27.399998 -3.200008
v 0.000000 27.399998 -7.200008
v 0.000000 27.699997 -7.600008
v -3.999998 27.699997 -7.600008
v -3.499998 27.399998 -7.200007
v -3.499998 27.399998 -3.200008
v -3.999998 27.699997 -3.600008
v -3.999998 24.999998 -0.000008
v -3.499998 25.299997 -0.400008
v -3.499998 27.399998 -7.200007
v -3.999998 27.699997 -7.600008
v -3.999998 24.999996 -4.000007
v -3.499998 25.299995 -4.400007
v -3.499998 27.400000 0.799992
v -3.999998 27.699999 0.399992
v -3.999998 25.000000 3.999992
v -3.499998 25.299999 3.599992
v -3.999998 25.499998 0.499992
v -3.999998 24.999998 -0.000008
v -3.999998 25.000000 3.999992
v -3.999998 25.499998 2.499993
v -3.999998 25.499996 -3.500007
v -3.999998 24.999996 -4.000007
v -3.999998 24.999998 -0.000008
v -3.999998 25.499998 -1.500007
v -3.999998 25.499996 -7.500007
v -3.999998 24.999996 -8.000007
v -3.999998 25.499996 -5.500007
v -3.999998 27.699997 -3.600008
v -3.999998 27.152782 -3.576401
v -3.999998 27.152782 -3.576401
v -3.999998 27.499996 -4.000008
v -3.999998 27.699997 -7.600008
v -3.999998 27.152782 -7.576401
v -3.999998 27.152782 -7.576401
v -3.999998 27.499996 -8.000008
v -3.999998 27.699999 0.399992
v -3.999998 27.152784 0.423599
v -3.999998 27.152784 0.423599
v -3.999998 27.499998 -0.000008
v -13.000000 3.999997 -9.000000
v -13.432885 3.999997 -9.000000
v -13.432885 0.999997 -8.999999
v -13.000000 0.999997 -8.999999
v -14.499997 13.999996 -10.000003
v -14.499997 13.999996 -11.000003
v -14.499997 4.499996 -11.000000
v -14.499997 4.499997 -10.000000
v -13.749997 4.999997 -9.250001
v -13.250000 4.999997 -9.250001
v -13.250000 14.749996 -9.250004
v -13.749997 14.749996 -9.250004
v -13.500000 4.499997 -7.500001
v -13.000000 3.999997 -8.000001
v -13.000000 4.000000 1.999999
v -13.500000 4.500000 1.499999
v -13.500000 4.500000 1.499999
v -13.000000 4.000000 1.999999
v -13.000000 5.000000 1.999998
v -13.500000 5.000000 1.499998
v -13.500000 15.499999 1.499995
v -13.000000 16.000000 1.999995
v -13.000000 15.999996 -8.000005
v -13.500000 15.499997 -7.500004
v -13.500000 4.999997 -7.500001
v -13.000000 4.999997 -8.000001
v -13.000000 3.999997 -8.000001
v -13.500000 4.499997 -7.500001
v -13.500000 15.499997 -7.500004
v -13.000000 15.999996 -8.000005
v -13.500000 14.999999 0.999995
v -13.500000 15.499999 1.499995
v -13.500000 15.499997 -7.500004
v -13.500000 14.999997 -7.000004
v -13.500000 4.999998 -7.000001
v -13.000000 4.999997 -9.000001
v -13.000000 4.999997 -8.000001
v -13.000000 15.999996 -8.000005
v -13.000000 14.999996 -9.000004
v -3.750000 22.500000 5.999993
v -4.000000 22.500000 5.999993
v -4.000000 21.000000 5.999993
v -3.750000 21.500000 5.999993
v -4.000000 24.000000 5.999992
v -3.750000 23.750000 5.999992
v -3.750000 21.500000 5.999993
v -4.000000 21.000000 5.999993
v -2.000000 22.500000 5.999993
v -2.083333 22.750000 5.999993
v -2.083333 22.750000 5.999993
v -2.000000 22.500000 5.999993
v -5.453201 20.599995 -15.286205
v -4.627200 20.599993 -16.607805
v -4.627200 20.399992 -16.607805
v -5.453201 20.399994 -15.286204
v -6.900000 20.599998 -0.275006
v -6.900000 20.599998 -1.350006
v -6.900000 20.399998 -1.350006
v -6.900000 20.399998 -0.275006
v -6.900000 20.599998 -2.150006
v -6.900000 20.599997 -3.225006
v -6.900000 20.399996 -3.225006
v -6.900000 20.399998 -2.150006
v -6.900000 20.599997 -4.025006
v -6.900000 20.599997 -5.100006
v -6.900000 20.399996 -5.100006
v -6.900000 20.399996 -4.025006
v -6.900000 20.599997 -5.900006
v -6.900000 20.599997 -6.975006
v -6.900000 20.399996 -6.975006
v -6.900000 20.399996 -5.900006
v -6.900000 20.599997 -7.775006
v -6.900000 20.599997 -8.850006
v -6.900000 20.399996 -8.850005
v -6.900000 20.399996 -7.775006
v -6.900000 20.599995 -9.650005
v -6.900000 20.599995 -10.725006
v -6.900000 20.399994 -10.725005
v -6.900000 20.399994 -9.650004
v -6.900000 20.599995 -11.525005
v -6.900000 20.599995 -12.600006
v -6.900000 20.399994 -12.600005
v -6.900000 20.399994 -11.525004
v -7.000000 19.999998 1.999994
v -6.900000 20.399998 1.599994
v -6.900000 20.399998 0.524994
v -7.000000 19.999998 0.124994
v -7.000000 19.999998 0.124994
v -6.900000 20.399998 0.524994
v -6.900000 20.599998 0.524994
v -7.000000 20.999998 0.124994
v -7.000000 20.999998 0.124994
v -6.900000 20.599998 0.524994
v -6.900000 20.599998 1.599994
v -7.000000 20.999998 1.999994
v -7.000000 20.999998 1.999994
v -6.900000 20.599998 1.599994
v -6.900000 20.399998 1.599994
v -7.000000 19.999998 1.999994
v -7.000000 19.999994 -13.000005
v -6.703201 20.399994 -13.286204
v -5.877200 20.399994 -14.607806
v -5.750000 19.999994 -15.000005
v -5.750000 19.999994 -15.000005
v -5.877200 20.399994 -14.607806
v -5.877200 20.599995 -14.607807
v -5.750000 20.999994 -15.000006
v -5.750000 20.999994 -15.000006
v -5.877200 20.599995 -14.607807
v -6.703201 20.599995 -13.286205
v -7.000000 20.999994 -13.000006
v -7.000000 20.999994 -13.000006
v -6.703201 20.599995 -13.286205
v -6.703201 20.399994 -13.286204
v -7.000000 19.999994 -13.000005
v -7.000000 20.000000 5.999993
v -6.900000 20.400000 5.599993
v -6.900000 20.400000 4.399993
v -7.000000 20.000000 3.999994
v -7.000000 20.000000 3.999994
v -6.900000 20.400000 4.399993
v -6.900000 20.600000 4.399993
v -7.000000 21.000000 3.999993
v -7.000000 21.000000 3.999993
v -6.900000 20.600000 4.399993
v -6.900000 20.600000 5.599993
v -7.000000 21.000000 5.999993
v -7.000000 21.000000 5.999993
v -6.900000 20.600000 5.599993
v -6.900000 20.400000 5.599993
v -7.000000 20.000000 5.999993
v -7.000000 20.000000 3.999994
v -6.900000 20.400000 3.599993
v -6.900000 20.399998 2.399994
v -7.000000 19.999998 1.999994
v -7.000000 19.999998 1.999994
v -6.900000 20.399998 2.399994
v -6.900000 20.599998 2.399994
v -7.000000 20.999998 1.999994
v -7.000000 20.999998 1.999994
v -6.900000 20.599998 2.399994
v -6.900000 20.600000 3.599993
v -7.000000 21.000000 3.999993
v -7.000000 21.000000 3.999993
v -6.900000 20.600000 3.599993
v -6.900000 20.400000 3.599993
v -7.000000 20.000000 3.999994
v -4.500000 20.999992 -17.000004
v -4.287868 20.599993 -16.646450
v -4.287868 20.399992 -16.646450
v -4.500000 19.999992 -17.000004
v -4.500000 19.999992 -17.000004
v -4.287868 20.399992 -16.646450
v -3.853553 20.399992 -16.212135
v -3.500000 19.999992 -16.000006
v -3.500000 19.999992 -16.000006
v -3.853553 20.399992 -16.212135
v -3.853553 20.599993 -16.212135
v -3.500000 20.999992 -16.000006
v -3.500000 20.999992 -16.000006
v -3.853553 20.599993 -16.212135
v -4.287868 20.599993 -16.646450
v -4.500000 20.999992 -17.000004
v -5.750000 20.999994 -15.000006
v -5.453201 20.599995 -15.286205
v -5.453201 20.399994 -15.286204
v -5.750000 19.999994 -15.000005
v -5.750000 19.999994 -15.000005
v -5.453201 20.399994 -15.286204
v -4.627200 20.399992 -16.607805
v -4.500000 19.999992 -17.000004
v -4.500000 19.999992 -17.000004
v -4.627200 20.399992 -16.607805
v -4.627200 20.599993 -16.607805
v -4.500000 20.999992 -17.000004
v -4.500000 20.999992 -17.000004
v -4.627200 20.599993 -16.607805
v -5.453201 20.599995 -15.286205
v -5.750000 20.999994 -15.000006
v -7.000000 20.999998 0.124994
v -6.900000 20.599998 -0.275006
v -6.900000 20.399998 -0.275006
v -7.000000 19.999998 0.124994
v -7.000000 19.999998 0.124994
v -6.900000 20.399998 -0.275006
v -6.900000 20.399998 -1.350006
v -7.000000 19.999998 -1.750006
v -7.000000 19.999998 -1.750006
v -6.900000 20.399998 -1.350006
v -6.900000 20.599998 -1.350006
v -7.000000 20.999998 -1.750006
v -7.000000 20.999998 -1.750006
v -6.900000 20.599998 -1.350006
v -6.900000 20.599998 -0.275006
v -7.000000 20.999998 0.124994
v -7.000000 20.999998 -1.750006
v -6.900000 20.599998 -2.150006
v -6.900000 20.399998 -2.150006
v -7.000000 19.999998 -1.750006
v -7.000000 19.999998 -1.750006
v -6.900000 20.399998 -2.150006
v -6.900000 20.399996 -3.225006
v -7.000000 19.999996 -3.625006
v -7.000000 19.999996 -3.625006
v -6.900000 20.399996 -3.225006
v -6.900000 20.599997 -3.225006
v -7.000000 20.999996 -3.625006
v -7.000000 20.999996 -3.625006
v -6.900000 20.599997 -3.225006
v -6.900000 20.599998 -2.150006
v -7.000000 20.999998 -1.750006
v -7.000000 20.999996 -3.625006
v -6.900000 20.599997 -4.025006
v -6.900000 20.399996 -4.025006
v -7.000000 19.999996 -3.625006
v -7.000000 19.999996 -3.625006
v -6.900000 20.399996 -4.025006
v -6.900000 20.399996 -5.100006
v -7.000000 19.999996 -5.500006
v -7.000000 19.999996 -5.500006
v -6.900000 20.399996 -5.100006
v -6.900000 20.599997 -5.100006
v -7.000000 20.999996 -5.500006
v -7.000000 20.999996 -5.500006
v -6.900000 20.599997 -5.100006
v -6.900000 20.599997 -4.025006
v -7.000000 20.999996 -3.625006
v -7.000000 20.999996 -5.500006
v -6.900000 20.599997 -5.900006
v -6.900000 20.399996 -5.900006
v -7.000000 19.999996 -5.500006
v -6.900000 20.399996 -5.900006
v -6.900000 20.399996 -6.975006
v -7.000000 19.999996 -7.375006
v -7.000000 19.999996 -7.375006
v -6.900000 20.399996 -6.975006
v -6.900000 20.599997 -6.975006
v -7.000000 20.999996 -7.375006
v -7.000000 20.999996 -7.375006
v -6.900000 20.599997 -6.975006
v -6.900000 20.599997 -5.900006
v -7.000000 20.999996 -7.375006
v -6.900000 20.599997 -7.775006
v -6.900000 20.399996 -7.775006
v -7.000000 19.999996 -7.375006
v -6.900000 20.399996 -7.775006
v -6.900000 20.399996 -8.850005
v -7.000000 19.999996 -9.250005
v -7.000000 19.999996 -9.250005
v -6.900000 20.399996 -8.850005
v -6.900000 20.599997 -8.850006
v -7.000000 20.999996 -9.250006
v -7.000000 20.999996 -9.250006
v -6.900000 20.599997 -8.850006
v -6.900000 20.599997 -7.775006
v -7.000000 20.999996 -9.250006
v -6.900000 20.599995 -9.650005
v -6.900000 20.399994 -9.650004
v -7.000000 19.999996 -9.250005
v -7.000000 19.999996 -9.250005
v -6.900000 20.399994 -9.650004
v -6.900000 20.399994 -10.725005
v -7.000000 19.999994 -11.125005
v -7.000000 19.999994 -11.125005
v -6.900000 20.399994 -10.725005
v -6.900000 20.599995 -10.725006
v -7.000000 20.999994 -11.125006
v -7.000000 20.999994 -11.125006
v -6.900000 20.599995 -10.725006
v -6.900000 20.599995 -9.650005
v -7.000000 20.999996 -9.250006
v -7.000000 20.999994 -11.125006
v -6.900000 20.599995 -11.525005
v -6.900000 20.399994 -11.525004
v -7.000000 19.999994 -11.125005
v -6.900000 20.399994 -11.525004
v -6.900000 20.399994 -12.600005
v -7.000000 19.999994 -13.000005
v -7.000000 19.999994 -13.000005
v -6.900000 20.399994 -12.600005
v -6.900000 20.599995 -12.600006
v -7.000000 20.999994 -13.000006
v -7.000000 20.999994 -13.000006
v -6.900000 20.599995 -12.600006
v -6.900000 20.599995 -11.525005
v -13.000000 4.000000 2.999999
v -13.000000 4.400001 2.599998
v -13.000000 4.400001 2.399998
v -13.000000 4.000000 1.999999
v -13.000000 4.600000 2.399998
v -13.000000 5.000000 1.999998
v -13.000000 4.600000 2.599998
v -13.000000 5.000000 2.999998
v -13.000000 8.000000 2.999997
v -13.000000 8.400000 2.599997
v -13.000000 8.400000 2.399997
v -13.000000 8.000000 1.999997
v -13.000000 8.600000 2.399997
v -13.000000 9.000000 1.999997
v -13.000000 8.600000 2.599997
v -13.000000 9.000000 2.999997
v -13.000000 5.400001 2.599998
v -13.000000 5.400001 2.399998
v -13.000000 5.000000 1.999998
v -13.000000 5.400001 2.399998
v -13.000000 7.600000 2.399997
v -13.000000 8.000000 1.999997
v -13.000000 7.600000 2.399997
v -13.000000 7.600000 2.599997
v -13.000000 8.000000 2.999997
v -13.000000 7.600000 2.599997
v -13.000000 5.400001 2.599998
v -13.000000 5.000000 2.999998
v -13.000000 9.400000 2.599997
v -13.000000 9.400000 2.399997
v -13.000000 9.000000 1.999997
v -13.000000 9.400000 2.399997
v -13.000000 11.600000 2.399996
v -13.000000 12.000000 1.999996
v -13.000000 12.000000 1.999996
v -13.000000 11.600000 2.399996
v -13.000000 11.600000 2.599996
v -13.000000 12.000000 2.999996
v -13.000000 12.000000 2.999996
v -13.000000 11.600000 2.599996
v -13.000000 9.400000 2.599997
v -13.000000 9.000000 2.999997
v -13.000000 12.400000 2.599996
v -13.000000 12.400000 2.399996
v -13.000000 12.600000 2.399996
v -13.000000 13.000000 1.999996
v -13.000000 12.600000 2.599996
v -13.000000 13.000000 2.999996
v -13.000000 13.400000 2.599996
v -13.000000 13.400000 2.399996
v -13.000000 13.000000 1.999996
v -13.000000 13.400000 2.399996
v -13.000000 15.600000 2.399995
v -13.000000 16.000000 1.999995
v -13.000000 16.000000 1.999995
v -13.000000 15.600000 2.399995
v -13.000000 15.600000 2.599995
v -13.000000 16.000000 2.999995
v -13.000000 16.000000 2.999995
v -13.000000 15.600000 2.599995
v -13.000000 13.400000 2.599996
v -13.000000 13.000000 2.999996
v -13.728139 0.249996 -13.674622
v -12.422311 0.249996 -13.133730
v -12.422311 7.749996 -13.133732
v -13.728139 7.749995 -13.674623
v -9.133731 0.249995 -16.422310
v -9.674623 0.249995 -17.728136
v -9.674623 7.749994 -17.728138
v -9.133731 7.749995 -16.422312
v -14.187851 1.099995 -15.638372
v -14.050137 1.099995 -15.305902
v -14.050137 6.899995 -15.305904
v -14.187851 6.899995 -15.638374
v -14.129241 1.099995 -16.503120
v -14.187851 1.099995 -16.361626
v -14.187851 6.899995 -16.361628
v -14.129241 6.899995 -16.503122
v -13.861363 6.899994 -17.149839
v -13.802752 6.899994 -17.291336
v -13.802752 1.099995 -17.291334
v -13.861363 1.099995 -17.149837
v -14.337641 8.649994 -16.000002
v -14.337985 8.977735 -16.000002
v -13.653205 8.977734 -17.653206
v -13.652962 8.649993 -17.652962
v -12.958865 1.099994 -17.940464
v -13.291335 1.099994 -17.802752
v -13.291335 6.899994 -17.802753
v -12.958865 6.899994 -17.940466
v -10.232233 7.999994 -17.767767
v -10.232233 0.009995 -17.767765
v -12.000000 0.009994 -18.499998
v -12.000000 7.999994 -18.500000
v -12.000000 0.009996 -13.499999
v -10.232233 0.009996 -14.232232
v -10.232233 7.999995 -14.232235
v -12.000000 7.999995 -13.500002
v -12.000000 8.649995 -13.662361
v -12.000000 8.977736 -13.662017
v -13.653205 8.977735 -14.346797
v -13.652962 8.649994 -14.347040
v -9.662359 8.649994 -16.000002
v -9.662015 8.977735 -16.000002
v -10.346795 8.977735 -14.346797
v -10.347038 8.649994 -14.347040
v -12.000000 8.649993 -18.337641
v -12.000000 8.977734 -18.337986
v -10.346795 8.977734 -17.653206
v -10.347038 8.649993 -17.652962
v -13.652962 8.649993 -17.652962
v -13.653205 8.977734 -17.653206
v -12.000000 8.977734 -18.337986
v -12.000000 8.649993 -18.337641
v -13.652962 8.649994 -14.347040
v -13.653205 8.977735 -14.346797
v -14.337985 8.977735 -16.000002
v -14.337641 8.649994 -16.000002
v -10.347038 8.649994 -14.347040
v -10.346795 8.977735 -14.346797
v -12.000000 8.977736 -13.662017
v -12.000000 8.649995 -13.662361
v -10.347038 8.649993 -17.652962
v -10.346795 8.977734 -17.653206
v -9.662015 8.977735 -16.000002
v -9.662359 8.649994 -16.000002
v -12.000000 8.977734 -18.337986
v -12.000000 9.417809 -18.212009
v -10.435873 9.417808 -17.564125
v -10.346795 8.977734 -17.653206
v -12.000000 9.417809 -18.212009
v -12.000000 9.637125 -17.958807
v -10.614916 9.637127 -17.385084
v -10.435873 9.417808 -17.564125
v -12.000000 9.866018 -17.958807
v -12.000000 9.999993 -17.417610
v -10.997600 9.999994 -17.002401
v -10.614916 9.866018 -17.385084
v -10.346795 8.977734 -17.653206
v -10.435873 9.417808 -17.564125
v -9.787992 9.417810 -16.000002
v -9.662015 8.977735 -16.000002
v -10.435873 9.417808 -17.564125
v -10.614916 9.637127 -17.385084
v -10.041197 9.637128 -16.000002
v -9.787992 9.417810 -16.000002
v -10.614916 9.866018 -17.385084
v -10.997600 9.999994 -17.002401
v -10.582393 9.999994 -16.000002
v -10.041197 9.866019 -16.000002
v -9.662015 8.977735 -16.000002
v -9.787992 9.417810 -16.000002
v -10.435872 9.417809 -14.435874
v -10.346795 8.977735 -14.346797
v -9.787992 9.417810 -16.000002
v -10.041197 9.637128 -16.000002
v -10.614916 9.637127 -14.614918
v -10.435872 9.417809 -14.435874
v -10.041197 9.866019 -16.000002
v -10.582393 9.999994 -16.000002
v -10.997600 9.999994 -14.997602
v -10.614916 9.866019 -14.614918
v -10.346795 8.977735 -14.346797
v -10.435872 9.417809 -14.435874
v -12.000000 9.417811 -13.787993
v -12.000000 8.977736 -13.662017
v -10.435872 9.417809 -14.435874
v -10.614916 9.637127 -14.614918
v -12.000000 9.637128 -14.041199
v -12.000000 9.417811 -13.787993
v -10.614916 9.866019 -14.614918
v -10.997600 9.999994 -14.997602
v -12.000000 9.999994 -14.582395
v -12.000000 9.866020 -14.041199
v -12.000000 8.977736 -13.662017
v -12.000000 9.417811 -13.787993
v -13.564128 9.417809 -14.435874
v -13.653205 8.977735 -14.346797
v -12.000000 9.417811 -13.787993
v -12.000000 9.637128 -14.041199
v -13.385084 9.637127 -14.614918
v -13.564128 9.417809 -14.435874
v -12.000000 9.866020 -14.041199
v -12.000000 9.999994 -14.582395
v -13.002400 9.999994 -14.997602
v -13.385084 9.866019 -14.614918
v -13.653205 8.977735 -14.346797
v -13.564128 9.417809 -14.435874
v -14.212008 9.417810 -16.000002
v -14.337985 8.977735 -16.000002
v -13.564128 9.417809 -14.435874
v -13.385084 9.637127 -14.614918
v -13.958803 9.637128 -16.000002
v -14.212008 9.417810 -16.000002
v -13.385084 9.866019 -14.614918
v -13.002400 9.999994 -14.997602
v -13.417607 9.999994 -16.000002
v -13.958803 9.866019 -16.000002
v -14.337985 8.977735 -16.000002
v -14.212008 9.417810 -16.000002
v -13.564127 9.417808 -17.564125
v -13.653205 8.977734 -17.653206
v -14.212008 9.417810 -16.000002
v -13.958803 9.637128 -16.000002
v -13.385084 9.637127 -17.385084
v -13.564127 9.417808 -17.564125
v -13.958803 9.866019 -16.000002
v -13.417607 9.999994 -16.000002
v -13.002400 9.999994 -17.002401
v -13.385084 9.866018 -17.385084
v -13.653205 8.977734 -17.653206
v -13.564127 9.417808 -17.564125
v -12.000000 9.417809 -18.212009
v -12.000000 8.977734 -18.337986
v -13.564127 9.417808 -17.564125
v -13.385084 9.637127 -17.385084
v -12.000000 9.637125 -17.958807
v -12.000000 9.417809 -18.212009
v -13.385084 9.866018 -17.385084
v -13.002400 9.999994 -17.002401
v -12.000000 9.999993 -17.417610
v -12.000000 9.866018 -17.958807
v -10.155696 8.199993 -17.582991
v -10.155696 8.299994 -17.582991
v -9.576537 8.299994 -16.184776
v -9.576537 8.199994 -16.184776
v -10.232233 7.999995 -14.232235
v -10.232233 8.499994 -14.232235
v -12.000000 8.499995 -13.500002
v -12.000000 7.999995 -13.500002
v -13.844304 8.199994 -14.417011
v -13.844304 8.299994 -14.417011
v -14.423463 8.299994 -15.815226
v -14.423463 8.199994 -15.815226
v -13.582991 8.199993 -17.844303
v -13.582991 8.299994 -17.844303
v -12.184776 8.299994 -18.423464
v -12.184776 8.199993 -18.423464
v -11.815224 8.199993 -18.423464
v -11.815224 8.299994 -18.423464
v -10.417009 8.299994 -17.844303
v -10.417009 8.199993 -17.844303
v -9.500000 7.999995 -16.000002
v -9.500000 8.499994 -16.000002
v -10.232233 8.499994 -14.232235
v -10.232233 7.999995 -14.232235
v -12.184776 8.199995 -13.576539
v -12.184776 8.299995 -13.576539
v -13.582991 8.299995 -14.155698
v -13.582991 8.199995 -14.155698
v -14.423463 8.199994 -16.184776
v -14.423463 8.299994 -16.184776
v -13.844304 8.299994 -17.582991
v -13.844304 8.199993 -17.582991
v -12.000000 9.637125 -17.958807
v -12.000000 9.866018 -17.958807
v -10.614916 9.866018 -17.385084
v -10.614916 9.637127 -17.385084
v -10.614916 9.637127 -17.385084
v -10.614916 9.866018 -17.385084
v -10.041197 9.866019 -16.000002
v -10.041197 9.637128 -16.000002
v -10.041197 9.637128 -16.000002
v -10.041197 9.866019 -16.000002
v -10.614916 9.866019 -14.614918
v -10.614916 9.637127 -14.614918
v -10.614916 9.637127 -14.614918
v -10.614916 9.866019 -14.614918
v -12.000000 9.866020 -14.041199
v -12.000000 9.637128 -14.041199
v -12.000000 9.637128 -14.041199
v -12.000000 9.866020 -14.041199
v -13.385084 9.866019 -14.614918
v -13.385084 9.637127 -14.614918
v -13.385084 9.637127 -14.614918
v -13.385084 9.866019 -14.614918
v -13.958803 9.866019 -16.000002
v -13.958803 9.637128 -16.000002
v -13.958803 9.637128 -16.000002
v -13.958803 9.866019 -16.000002
v -13.385084 9.866018 -17.385084
v -13.385084 9.637127 -17.385084
v -13.385084 9.637127 -17.385084
v -13.385084 9.866018 -17.385084
v -12.000000 9.866018 -17.958807
v -12.000000 9.637125 -17.958807
v -9.662359 8.649994 -16.000002
v -9.500000 8.499994 -16.000002
v -10.232233 8.499993 -17.767767
v -10.347038 8.649993 -17.652962
v -12.000000 8.649995 -13.662361
v -12.000000 8.499995 -13.500002
v -10.232233 8.499994 -14.232235
v -10.347038 8.649994 -14.347040
v -14.337641 8.649994 -16.000002
v -14.500000 8.499994 -16.000002
v -13.767767 8.499994 -14.232235
v -13.652962 8.649994 -14.347040
v -12.000000 8.649993 -18.337641
v -12.000000 8.499993 -18.500000
v -13.767767 8.499993 -17.767767
v -13.652962 8.649993 -17.652962
v -10.347038 8.649993 -17.652962
v -10.232233 8.499993 -17.767767
v -12.000000 8.499993 -18.500000
v -12.000000 8.649993 -18.337641
v -10.347038 8.649994 -14.347040
v -10.232233 8.499994 -14.232235
v -9.500000 8.499994 -16.000002
v -9.662359 8.649994 -16.000002
v -13.652962 8.649994 -14.347040
v -13.767767 8.499994 -14.232235
v -12.000000 8.499995 -13.500002
v -12.000000 8.649995 -13.662361
v -13.652962 8.649993 -17.652962
v -13.767767 8.499993 -17.767767
v -14.500000 8.499994 -16.000002
v -14.337641 8.649994 -16.000002
v -13.536798 7.749995 -14.136563
v -13.767767 7.999995 -14.232235
v -13.767767 0.009996 -14.232232
v -13.536798 0.249996 -14.136561
v -9.595671 7.749995 -16.230970
v -9.500000 7.999995 -16.000002
v -9.500000 0.009995 -15.999999
v -9.595671 0.249995 -16.230968
v -13.536798 0.249996 -14.136561
v -13.767767 0.009996 -14.232232
v -12.000000 0.009996 -13.499999
v -12.230969 0.249996 -13.595670
v -12.230969 0.249996 -13.595670
v -12.000000 0.009996 -13.499999
v -12.000000 7.999995 -13.500002
v -12.230969 7.749995 -13.595672
v -10.136562 0.249995 -17.536795
v -10.232233 0.009995 -17.767765
v -10.232233 7.999994 -17.767767
v -10.136562 7.749994 -17.536797
v -9.595671 0.249995 -16.230968
v -9.500000 0.009995 -15.999999
v -10.232233 0.009995 -17.767765
v -10.136562 0.249995 -17.536795
v -10.136562 7.749994 -17.536797
v -10.232233 7.999994 -17.767767
v -9.500000 7.999995 -16.000002
v -9.595671 7.749995 -16.230970
v -12.230969 7.749995 -13.595672
v -12.000000 7.999995 -13.500002
v -13.767767 7.999995 -14.232235
v -13.536798 7.749995 -14.136563
v -13.728139 7.749995 -13.674623
v -13.536798 7.749995 -14.136563
v -13.536798 0.249996 -14.136561
v -13.728139 0.249996 -13.674622
v -9.133731 7.749995 -16.422312
v -9.595671 7.749995 -16.230970
v -9.595671 0.249995 -16.230968
v -9.133731 0.249995 -16.422310
v -13.728139 0.249996 -13.674622
v -13.536798 0.249996 -14.136561
v -12.230969 0.249996 -13.595670
v -12.422311 0.249996 -13.133730
v -12.422311 0.249996 -13.133730
v -12.230969 0.249996 -13.595670
v -12.230969 7.749995 -13.595672
v -12.422311 7.749996 -13.133732
v -9.674623 0.249995 -17.728136
v -10.136562 0.249995 -17.536795
v -10.136562 7.749994 -17.536797
v -9.674623 7.749994 -17.728138
v -9.133731 0.249995 -16.422310
v -9.595671 0.249995 -16.230968
v -10.136562 0.249995 -17.536795
v -9.674623 0.249995 -17.728136
v -9.674623 7.749994 -17.728138
v -10.136562 7.749994 -17.536797
v -9.595671 7.749995 -16.230970
v -9.133731 7.749995 -16.422312
v -12.422311 7.749996 -13.133732
v -12.230969 7.749995 -13.595672
v -13.536798 7.749995 -14.136563
v -13.728139 7.749995 -13.674623
v -10.232233 7.999994 -17.767767
v -10.155696 8.199993 -17.582991
v -9.576537 8.199994 -16.184776
v -9.500000 7.999995 -16.000002
v -9.500000 7.999995 -16.000002
v -9.576537 8.199994 -16.184776
v -9.576537 8.299994 -16.184776
v -9.500000 8.499994 -16.000002
v -9.500000 8.499994 -16.000002
v -9.576537 8.299994 -16.184776
v -10.155696 8.299994 -17.582991
v -10.232233 8.499993 -17.767767
v -10.232233 8.499993 -17.767767
v -10.155696 8.299994 -17.582991
v -10.155696 8.199993 -17.582991
v -10.232233 7.999994 -17.767767
v -13.767767 7.999995 -14.232235
v -13.844304 8.199994 -14.417011
v -14.423463 8.199994 -15.815226
v -14.500000 7.999995 -16.000002
v -14.500000 7.999995 -16.000002
v -14.423463 8.199994 -15.815226
v -14.423463 8.299994 -15.815226
v -14.500000 8.499994 -16.000002
v -14.500000 8.499994 -16.000002
v -14.423463 8.299994 -15.815226
v -13.844304 8.299994 -14.417011
v -13.767767 8.499994 -14.232235
v -13.767767 8.499994 -14.232235
v -13.844304 8.299994 -14.417011
v -13.844304 8.199994 -14.417011
v -13.767767 7.999995 -14.232235
v -13.767767 7.999994 -17.767767
v -13.582991 8.199993 -17.844303
v -12.184776 8.199993 -18.423464
v -12.000000 7.999994 -18.500000
v -12.000000 7.999994 -18.500000
v -12.184776 8.199993 -18.423464
v -12.184776 8.299994 -18.423464
v -12.000000 8.499993 -18.500000
v -12.000000 8.499993 -18.500000
v -12.184776 8.299994 -18.423464
v -13.582991 8.299994 -17.844303
v -13.767767 8.499993 -17.767767
v -13.767767 8.499993 -17.767767
v -13.582991 8.299994 -17.844303
v -13.582991 8.199993 -17.844303
v -13.767767 7.999994 -17.767767
v -12.000000 7.999994 -18.500000
v -11.815224 8.199993 -18.423464
v -10.417009 8.199993 -17.844303
v -10.232233 7.999994 -17.767767
v -10.232233 7.999994 -17.767767
v -10.417009 8.199993 -17.844303
v -10.417009 8.299994 -17.844303
v -10.232233 8.499993 -17.767767
v -10.232233 8.499993 -17.767767
v -10.417009 8.299994 -17.844303
v -11.815224 8.299994 -18.423464
v -12.000000 8.499993 -18.500000
v -12.000000 8.499993 -18.500000
v -11.815224 8.299994 -18.423464
v -11.815224 8.199993 -18.423464
v -12.000000 7.999994 -18.500000
v -12.000000 7.999995 -13.500002
v -12.184776 8.199995 -13.576539
v -13.582991 8.199995 -14.155698
v -13.767767 7.999995 -14.232235
v -13.767767 7.999995 -14.232235
v -13.582991 8.199995 -14.155698
v -13.582991 8.299995 -14.155698
v -13.767767 8.499994 -14.232235
v -13.767767 8.499994 -14.232235
v -13.582991 8.299995 -14.155698
v -12.184776 8.299995 -13.576539
v -12.000000 8.499995 -13.500002
v -12.000000 8.499995 -13.500002
v -12.184776 8.299995 -13.576539
v -12.184776 8.199995 -13.576539
v -12.000000 7.999995 -13.500002
v -14.500000 7.999995 -16.000002
v -14.423463 8.199994 -16.184776
v -13.844304 8.199993 -17.582991
v -13.767767 7.999994 -17.767767
v -13.767767 7.999994 -17.767767
v -13.844304 8.199993 -17.582991
v -13.844304 8.299994 -17.582991
v -13.767767 8.499993 -17.767767
v -13.767767 8.499993 -17.767767
v -13.844304 8.299994 -17.582991
v -14.423463 8.299994 -16.184776
v -14.500000 8.499994 -16.000002
v -14.500000 8.499994 -16.000002
v -14.423463 8.299994 -16.184776
v -14.423463 8.199994 -16.184776
v -14.500000 7.999995 -16.000002
v -13.000000 3.999996 -12.000000
v -13.000000 3.999996 -13.000000
v -13.000000 0.999996 -12.999999
v -13.000000 0.999996 -11.999999
v -13.000000 3.999996 -12.000000
v -13.000000 14.999995 -12.000004
v -13.000000 15.999995 -13.000004
v -13.000000 3.999996 -13.000000
v -13.000000 3.999997 -9.000000
v -13.000000 3.999997 -8.000001
v -13.000000 0.999997 -8.999999
v -13.000000 3.999997 -9.000000
v -13.250000 4.999997 -9.250001
v -13.000000 4.999997 -9.000001
v -13.000000 14.999996 -9.000004
v -13.250000 14.749996 -9.250004
v -13.000000 0.999996 -11.999999
v -13.432885 0.999996 -11.999999
v -13.432885 3.999996 -12.000000
v -13.000000 3.999996 -12.000000
v -14.499997 3.999997 -9.500000
v -14.499997 3.999996 -11.500000
v -14.499997 0.499996 -11.499999
v -14.499997 0.499997 -9.499999
v -13.999997 3.999997 -9.000000
v -13.999997 0.499997 -8.999999
v -13.999997 0.499996 -11.999999
v -13.999997 3.999996 -12.000000
v -14.499997 0.499996 -11.499999
v -14.499997 -0.000003 -11.499999
v -14.499997 -0.000003 -9.499999
v -13.250000 14.749996 -9.250004
v -13.250000 14.749995 -11.750004
v -13.749997 14.749995 -11.750004
v -13.749997 14.749996 -9.250004
v -13.999997 -0.000003 -8.999999
v -14.499997 -0.000003 -9.499999
v -14.499997 -0.000003 -11.499999
v -13.999997 -0.000004 -11.999999
v -14.287865 4.699996 -11.712132
v -14.212130 4.699996 -11.787868
v -14.212130 4.299996 -11.787868
v -14.287865 4.299996 -11.712132
v -13.999997 0.499996 -11.999999
v -14.499997 0.499996 -11.499999
v -14.499997 3.999996 -11.500000
v -13.999997 3.999996 -12.000000
v -14.287865 7.699996 -11.712133
v -14.212130 7.699996 -11.787868
v -14.212130 5.299996 -11.787868
v -14.287865 5.299996 -11.712133
v -14.287865 8.699995 -11.712134
v -14.212130 8.699995 -11.787869
v -14.212130 8.299995 -11.787869
v -14.287865 8.299995 -11.712134
v -14.287865 11.699995 -11.712135
v -14.212130 11.699995 -11.787870
v -14.212130 9.299995 -11.787869
v -14.287865 9.299995 -11.712134
v -14.287865 12.699995 -11.712135
v -14.212130 12.699995 -11.787870
v -14.212130 12.299995 -11.787870
v -14.287865 12.299995 -11.712135
v -14.287865 14.344704 -11.712136
v -14.212130 14.420440 -11.787871
v -14.212130 13.299995 -11.787870
v -14.287865 13.299995 -11.712135
v -13.999997 14.999995 -12.000004
v -14.499997 14.499995 -11.500004
v -14.499997 14.499996 -9.500004
v -13.999997 14.999996 -9.000004
v -14.212130 4.699996 -9.212132
v -14.287865 4.699996 -9.287868
v -14.287865 4.299997 -9.287868
v -14.212130 4.299997 -9.212132
v -14.212130 14.420441 -9.212136
v -14.287865 14.344705 -9.287871
v -14.287865 13.299996 -9.287870
v -14.212130 13.299996 -9.212135
v -14.212130 11.699996 -9.212135
v -14.287865 11.699996 -9.287870
v -14.287865 9.299996 -9.287869
v -14.212130 9.299996 -9.212134
v -14.212130 8.699996 -9.212134
v -14.287865 8.699996 -9.287869
v -14.287865 8.299996 -9.287869
v -14.212130 8.299996 -9.212134
v -14.212130 7.699996 -9.212133
v -14.287865 7.699996 -9.287868
v -14.287865 5.299997 -9.287868
v -14.212130 5.299997 -9.212133
v -13.999997 3.999997 -9.000000
v -14.499997 3.999997 -9.500000
v -14.499997 0.499997 -9.499999
v -13.999997 0.499997 -8.999999
v -14.212130 12.699996 -9.212135
v -14.287865 12.699996 -9.287870
v -14.287865 12.299996 -9.287870
v -14.212130 12.299996 -9.212135
v -14.499997 0.499996 -11.499999
v -13.999997 -0.000004 -11.999999
v -14.499997 -0.000003 -11.499999
v -14.499997 -0.000003 -9.499999
v -13.999997 -0.000003 -8.999999
v -14.499997 4.999996 -11.500001
v -14.287865 4.699996 -11.712132
v -14.287865 4.299996 -11.712132
v -14.499997 3.999996 -11.500000
v -14.499997 3.999996 -11.500000
v -14.287865 4.299996 -11.712132
v -14.212130 4.299996 -11.787868
v -13.999997 3.999996 -12.000000
v -13.999997 3.999996 -12.000000
v -14.212130 4.299996 -11.787868
v -14.212130 4.699996 -11.787868
v -13.999997 4.999996 -12.000001
v -13.999997 4.999996 -12.000001
v -14.212130 4.699996 -11.787868
v -14.287865 4.699996 -11.712132
v -14.499997 4.999996 -11.500001
v -14.499997 7.999996 -11.500002
v -14.287865 7.699996 -11.712133
v -14.287865 5.299996 -11.712133
v -14.499997 4.999996 -11.500001
v -14.287865 5.299996 -11.712133
v -14.212130 5.299996 -11.787868
v -13.999997 4.999996 -12.000001
v -14.212130 5.299996 -11.787868
v -14.212130 7.699996 -11.787868
v -13.999997 7.999996 -12.000002
v -13.999997 7.999996 -12.000002
v -14.212130 7.699996 -11.787868
v -14.287865 7.699996 -11.712133
v -14.499997 7.999996 -11.500002
v -14.499997 8.999995 -11.500002
v -14.287865 8.699995 -11.712134
v -14.287865 8.299995 -11.712134
v -14.499997 7.999996 -11.500002
v -14.499997 7.999996 -11.500002
v -14.287865 8.299995 -11.712134
v -14.212130 8.299995 -11.787869
v -13.999997 7.999996 -12.000002
v -13.999997 7.999996 -12.000002
v -14.212130 8.299995 -11.787869
v -14.212130 8.699995 -11.787869
v -13.999997 8.999995 -12.000002
v -13.999997 8.999995 -12.000002
v -14.212130 8.699995 -11.787869
v -14.287865 8.699995 -11.712134
v -14.499997 8.999995 -11.500002
v -14.499997 11.999995 -11.500003
v -14.287865 11.699995 -11.712135
v -14.287865 9.299995 -11.712134
v -14.499997 8.999995 -11.500002
v -14.287865 9.299995 -11.712134
v -14.212130 9.299995 -11.787869
v -13.999997 8.999995 -12.000002
v -14.212130 9.299995 -11.787869
v -14.212130 11.699995 -11.787870
v -13.999997 11.999995 -12.000003
v -13.999997 11.999995 -12.000003
v -14.212130 11.699995 -11.787870
v -14.287865 11.699995 -11.712135
v -14.499997 11.999995 -11.500003
v -14.499997 12.999995 -11.500003
v -14.287865 12.699995 -11.712135
v -14.287865 12.299995 -11.712135
v -14.499997 11.999995 -11.500003
v -14.287865 12.299995 -11.712135
v -14.212130 12.299995 -11.787870
v -13.999997 11.999995 -12.000003
v -14.212130 12.299995 -11.787870
v -14.212130 12.699995 -11.787870
v -13.999997 12.999995 -12.000003
v -13.999997 12.999995 -12.000003
v -14.212130 12.699995 -11.787870
v -14.287865 12.699995 -11.712135
v -14.499997 12.999995 -11.500003
v -14.499997 14.499995 -11.500004
v -14.287865 14.344704 -11.712136
v -14.287865 13.299995 -11.712135
v -14.499997 12.999995 -11.500003
v -14.287865 13.299995 -11.712135
v -14.212130 13.299995 -11.787870
v -13.999997 12.999995 -12.000003
v -14.212130 13.299995 -11.787870
v -14.212130 14.420440 -11.787871
v -13.999997 14.999995 -12.000004
v -13.999997 14.999995 -12.000004
v -14.212130 14.420440 -11.787871
v -14.287865 14.344704 -11.712136
v -14.499997 14.499995 -11.500004
v -13.999997 4.999997 -9.000001
v -14.212130 4.699996 -9.212132
v -14.212130 4.299997 -9.212132
v -13.999997 3.999997 -9.000000
v -13.999997 3.999997 -9.000000
v -14.212130 4.299997 -9.212132
v -14.287865 4.299997 -9.287868
v -14.499997 3.999997 -9.500000
v -14.499997 3.999997 -9.500000
v -14.287865 4.299997 -9.287868
v -14.287865 4.699996 -9.287868
v -14.499997 4.999997 -9.500001
v -14.499997 4.999997 -9.500001
v -14.287865 4.699996 -9.287868
v -14.212130 4.699996 -9.212132
v -13.999997 4.999997 -9.000001
v -13.999997 14.999996 -9.000004
v -14.212130 14.420441 -9.212136
v -14.212130 13.299996 -9.212135
v -13.999997 12.999996 -9.000003
v -13.999997 12.999996 -9.000003
v -14.212130 13.299996 -9.212135
v -14.287865 13.299996 -9.287870
v -14.499997 12.999996 -9.500003
v -14.499997 12.999996 -9.500003
v -14.287865 13.299996 -9.287870
v -14.287865 14.344705 -9.287871
v -14.499997 14.499996 -9.500004
v -14.499997 14.499996 -9.500004
v -14.287865 14.344705 -9.287871
v -14.212130 14.420441 -9.212136
v -13.999997 14.999996 -9.000004
v -13.999997 11.999996 -9.000003
v -14.212130 11.699996 -9.212135
v -14.212130 9.299996 -9.212134
v -13.999997 8.999996 -9.000002
v -13.999997 8.999996 -9.000002
v -14.212130 9.299996 -9.212134
v -14.287865 9.299996 -9.287869
v -14.499997 8.999996 -9.500002
v -14.499997 8.999996 -9.500002
v -14.287865 9.299996 -9.287869
v -14.287865 11.699996 -9.287870
v -14.499997 11.999996 -9.500003
v -14.499997 11.999996 -9.500003
v -14.287865 11.699996 -9.287870
v -14.212130 11.699996 -9.212135
v -13.999997 11.999996 -9.000003
v -13.999997 8.999996 -9.000002
v -14.212130 8.699996 -9.212134
v -14.212130 8.299996 -9.212134
v -13.999997 7.999997 -9.000002
v -13.999997 7.999997 -9.000002
v -14.212130 8.299996 -9.212134
v -14.287865 8.299996 -9.287869
v -14.499997 7.999997 -9.500002
v -14.499997 7.999997 -9.500002
v -14.287865 8.299996 -9.287869
v -14.287865 8.699996 -9.287869
v -14.499997 8.999996 -9.500002
v -14.499997 8.999996 -9.500002
v -14.287865 8.699996 -9.287869
v -14.212130 8.699996 -9.212134
v -13.999997 7.999997 -9.000002
v -14.212130 7.699996 -9.212133
v -14.212130 5.299997 -9.212133
v -13.999997 4.999997 -9.000001
v -14.212130 5.299997 -9.212133
v -14.287865 5.299997 -9.287868
v -14.499997 4.999997 -9.500001
v -14.287865 5.299997 -9.287868
v -14.287865 7.699996 -9.287868
v -14.499997 7.999997 -9.500002
v -14.499997 7.999997 -9.500002
v -14.287865 7.699996 -9.287868
v -14.212130 7.699996 -9.212133
v -13.999997 7.999997 -9.000002
v -13.999997 12.999996 -9.000003
v -14.212130 12.699996 -9.212135
v -14.212130 12.299996 -9.212135
v -13.999997 11.999996 -9.000003
v -14.212130 12.299996 -9.212135
v -14.287865 12.299996 -9.287870
v -14.499997 11.999996 -9.500003
v -14.287865 12.299996 -9.287870
v -14.287865 12.699996 -9.287870
v -14.499997 12.999996 -9.500003
v -14.287865 12.699996 -9.287870
v -14.212130 12.699996 -9.212135
v -14.499997 13.999996 -10.000003
v -14.499997 14.499996 -9.500004
v -14.499997 14.499995 -11.500004
v -14.499997 13.999996 -11.000003
v -14.499997 4.499996 -11.000000
v -14.499997 3.999996 -11.500000
v -14.499997 3.999997 -9.500000
v -14.499997 4.499997 -10.000000
v -13.250000 4.249996 -11.750000
v -13.250000 14.749995 -11.750004
v -13.000000 14.999995 -12.000004
v -13.000000 3.999996 -12.000000
v -13.250000 14.749996 -9.250004
v -13.000000 14.999996 -9.000004
v -13.000000 14.999995 -12.000004
v -13.250000 14.749995 -11.750004
v -13.250000 4.249997 -9.250000
v -13.000000 3.999997 -9.000000
v -13.432885 4.249997 -9.250000
v -13.432885 3.999997 -9.000000
v -13.000000 3.999997 -9.000000
v -13.250000 4.249997 -9.250000
v -13.250000 4.249996 -11.750000
v -13.000000 3.999996 -12.000000
v -13.432885 3.999996 -12.000000
v -13.432885 4.249996 -11.750000
v -13.432885 4.249996 -11.750000
v -13.432885 3.999996 -12.000000
v -13.999997 3.999996 -12.000000
v -13.749997 4.249996 -11.750000
v -13.749997 14.749995 -11.750004
v -13.999997 14.999995 -12.000004
v -13.999997 14.999996 -9.000004
v -13.749997 14.749996 -9.250004
v -13.749997 4.999997 -9.250001
v -13.999997 4.999997 -9.000001
v -13.999997 3.999997 -9.000000
v -13.749997 4.249997 -9.250000
v -13.749997 4.249997 -9.250000
v -13.999997 3.999997 -9.000000
v -3.999998 24.999998 -0.000008
v -3.499998 25.499998 -0.000008
v -3.999998 24.999996 -4.000007
v -3.499998 25.499996 -4.000008
v -3.999998 24.999996 -8.000007
v -3.499998 25.499996 -8.000008
v -3.499998 26.999998 -0.000008
v -3.999998 27.499998 -0.000008
v -3.499998 26.999996 -4.000008
v -3.999998 27.499996 -4.000008
v -3.499998 26.999996 -8.000008
v -3.999998 27.499996 -8.000008
v -8.383812 3.999995 -17.000000
v -8.383812 3.999995 -17.432884
v -8.383812 0.999995 -17.432882
v -8.383812 0.999995 -16.999998
v -7.383812 13.999993 -18.499998
v -6.383812 13.999993 -18.499998
v -6.383812 4.499994 -18.499996
v -7.383812 4.499994 -18.499996
v -5.383812 0.999995 -16.999998
v -5.383812 0.999995 -17.432882
v -5.383812 3.999995 -17.432884
v -5.383812 3.999995 -17.000000
v -7.883812 3.999994 -18.499996
v -5.883812 3.999994 -18.499996
v -5.883812 0.499994 -18.499994
v -7.883812 0.499994 -18.499994
v -8.383812 3.999994 -17.999996
v -8.383812 0.499995 -17.999994
v -5.383812 0.499995 -17.999994
v -5.383812 3.999994 -17.999996
v -5.883812 0.499994 -18.499994
v -5.883812 -0.000006 -18.499994
v -7.883812 -0.000006 -18.499994
v -8.133812 14.749994 -17.250002
v -5.633812 14.749994 -17.250002
v -5.633812 14.749993 -17.749998
v -8.133812 14.749993 -17.749998
v -8.383812 -0.000005 -17.999994
v -7.883812 -0.000006 -18.499994
v -5.883812 -0.000006 -18.499994
v -5.383812 -0.000005 -17.999994
v -5.671680 4.699994 -18.287865
v -5.595943 4.699994 -18.212130
v -5.595943 4.299994 -18.212130
v -5.671680 4.299994 -18.287865
v -5.383812 0.499995 -17.999994
v -5.883812 0.499994 -18.499994
v -5.883812 3.999994 -18.499996
v -5.383812 3.999994 -17.999996
v -5.671680 7.699994 -18.287865
v -5.595943 7.699994 -18.212130
v -5.595943 5.299994 -18.212130
v -5.671680 5.299994 -18.287865
v -5.671680 8.699993 -18.287865
v -5.595943 8.699993 -18.212130
v -5.595943 8.299994 -18.212130
v -5.671680 8.299994 -18.287865
v -5.671680 11.699993 -18.287867
v -5.595943 11.699993 -18.212132
v -5.595943 9.299994 -18.212130
v -5.671680 9.299994 -18.287865
v -5.671680 12.699993 -18.287867
v -5.595943 12.699993 -18.212132
v -5.595943 12.299994 -18.212132
v -5.671680 12.299994 -18.287867
v -5.671680 14.344702 -18.287867
v -5.595943 14.420438 -18.212132
v -5.595943 13.299994 -18.212132
v -5.671680 13.299994 -18.287867
v -5.383812 14.999993 -17.999998
v -5.883812 14.499993 -18.499998
v -7.883812 14.499993 -18.499998
v -8.383812 14.999993 -17.999998
v -8.171680 4.699994 -18.212130
v -8.095943 4.699994 -18.287865
v -8.095943 4.299994 -18.287865
v -8.171680 4.299994 -18.212130
v -8.171680 14.420438 -18.212132
v -8.095943 14.344702 -18.287867
v -8.095943 13.299994 -18.287867
v -8.171680 13.299994 -18.212132
v -8.171680 11.699993 -18.212132
v -8.095943 11.699993 -18.287867
v -8.095943 9.299994 -18.287865
v -8.171680 9.299994 -18.212130
v -8.171680 8.699993 -18.212130
v -8.095943 8.699993 -18.287865
v -8.095943 8.299994 -18.287865
v -8.171680 8.299994 -18.212130
v -8.171680 7.699994 -18.212130
v -8.095943 7.699994 -18.287865
v -8.095943 5.299994 -18.287865
v -8.171680 5.299994 -18.212130
v -8.383812 3.999994 -17.999996
v -7.883812 3.999994 -18.499996
v -7.883812 0.499994 -18.499994
v -8.383812 0.499995 -17.999994
v -8.171680 12.699993 -18.212132
v -8.095943 12.699993 -18.287867
v -8.095943 12.299994 -18.287867
v -8.171680 12.299994 -18.212132
v -5.883812 0.499994 -18.499994
v -5.383812 -0.000005 -17.999994
v -5.883812 -0.000006 -18.499994
v -7.883812 -0.000006 -18.499994
v -8.383812 -0.000005 -17.999994
v -5.883812 4.999994 -18.499996
v -5.671680 4.699994 -18.287865
v -5.671680 4.299994 -18.287865
v -5.883812 3.999994 -18.499996
v -5.883812 3.999994 -18.499996
v -5.671680 4.299994 -18.287865
v -5.595943 4.299994 -18.212130
v -5.383812 3.999994 -17.999996
v -5.383812 3.999994 -17.999996
v -5.595943 4.299994 -18.212130
v -5.595943 4.699994 -18.212130
v -5.383812 4.999994 -17.999996
v -5.383812 4.999994 -17.999996
v -5.595943 4.699994 -18.212130
v -5.671680 4.699994 -18.287865
v -5.883812 4.999994 -18.499996
v -5.883812 7.999994 -18.499996
v -5.671680 7.699994 -18.287865
v -5.671680 5.299994 -18.287865
v -5.883812 4.999994 -18.499996
v -5.883812 4.999994 -18.499996
v -5.671680 5.299994 -18.287865
v -5.595943 5.299994 -18.212130
v -5.383812 4.999994 -17.999996
v -5.383812 4.999994 -17.999996
v -5.595943 5.299994 -18.212130
v -5.595943 7.699994 -18.212130
v -5.383812 7.999994 -17.999996
v -5.383812 7.999994 -17.999996
v -5.595943 7.699994 -18.212130
v -5.671680 7.699994 -18.287865
v -5.883812 7.999994 -18.499996
v -5.883812 8.999993 -18.499996
v -5.671680 8.699993 -18.287865
v -5.671680 8.299994 -18.287865
v -5.883812 7.999994 -18.499996
v -5.883812 7.999994 -18.499996
v -5.671680 8.299994 -18.287865
v -5.595943 8.299994 -18.212130
v -5.383812 7.999994 -17.999996
v -5.383812 7.999994 -17.999996
v -5.595943 8.299994 -18.212130
v -5.595943 8.699993 -18.212130
v -5.383812 8.999993 -17.999996
v -5.383812 8.999993 -17.999996
v -5.595943 8.699993 -18.212130
v -5.671680 8.699993 -18.287865
v -5.883812 8.999993 -18.499996
v -5.883812 11.999993 -18.499998
v -5.671680 11.699993 -18.287867
v -5.671680 9.299994 -18.287865
v -5.883812 8.999993 -18.499996
v -5.883812 8.999993 -18.499996
v -5.671680 9.299994 -18.287865
v -5.595943 9.299994 -18.212130
v -5.383812 8.999993 -17.999996
v -5.383812 8.999993 -17.999996
v -5.595943 9.299994 -18.212130
v -5.595943 11.699993 -18.212132
v -5.383812 11.999993 -17.999998
v -5.383812 11.999993 -17.999998
v -5.595943 11.699993 -18.212132
v -5.671680 11.699993 -18.287867
v -5.883812 11.999993 -18.499998
v -5.883812 12.999993 -18.499998
v -5.671680 12.699993 -18.287867
v -5.671680 12.299994 -18.287867
v -5.883812 11.999993 -18.499998
v -5.883812 11.999993 -18.499998
v -5.671680 12.299994 -18.287867
v -5.595943 12.299994 -18.212132
v -5.383812 11.999993 -17.999998
v -5.383812 11.999993 -17.999998
v -5.595943 12.299994 -18.212132
v -5.595943 12.699993 -18.212132
v -5.383812 12.999993 -17.999998
v -5.383812 12.999993 -17.999998
v -5.595943 12.699993 -18.212132
v -5.671680 12.699993 -18.287867
v -5.883812 12.999993 -18.499998
v -5.883812 14.499993 -18.499998
v -5.671680 14.344702 -18.287867
v -5.671680 13.299994 -18.287867
v -5.883812 12.999993 -18.499998
v -5.883812 12.999993 -18.499998
v -5.671680 13.299994 -18.287867
v -5.595943 13.299994 -18.212132
v -5.383812 12.999993 -17.999998
v -5.383812 12.999993 -17.999998
v -5.595943 13.299994 -18.212132
v -5.595943 14.420438 -18.212132
v -5.383812 14.999993 -17.999998
v -5.383812 14.999993 -17.999998
v -5.595943 14.420438 -18.212132
v -5.671680 14.344702 -18.287867
v -5.883812 14.499993 -18.499998
v -8.383812 4.999994 -17.999996
v -8.171680 4.699994 -18.212130
v -8.171680 4.299994 -18.212130
v -8.383812 3.999994 -17.999996
v -8.383812 3.999994 -17.999996
v -8.171680 4.299994 -18.212130
v -8.095943 4.299994 -18.287865
v -7.883812 3.999994 -18.499996
v -7.883812 3.999994 -18.499996
v -8.095943 4.299994 -18.287865
v -8.095943 4.699994 -18.287865
v -7.883812 4.999994 -18.499996
v -7.883812 4.999994 -18.499996
v -8.095943 4.699994 -18.287865
v -8.171680 4.699994 -18.212130
v -8.383812 4.999994 -17.999996
v -8.383812 14.999993 -17.999998
v -8.171680 14.420438 -18.212132
v -8.171680 13.299994 -18.212132
v -8.383812 12.999993 -17.999998
v -8.383812 12.999993 -17.999998
v -8.171680 13.299994 -18.212132
v -8.095943 13.299994 -18.287867
v -7.883812 12.999993 -18.499998
v -7.883812 12.999993 -18.499998
v -8.095943 13.299994 -18.287867
v -8.095943 14.344702 -18.287867
v -7.883812 14.499993 -18.499998
v -7.883812 14.499993 -18.499998
v -8.095943 14.344702 -18.287867
v -8.171680 14.420438 -18.212132
v -8.383812 14.999993 -17.999998
v -8.383812 11.999993 -17.999998
v -8.171680 11.699993 -18.212132
v -8.171680 9.299994 -18.212130
v -8.383812 8.999993 -17.999996
v -8.383812 8.999993 -17.999996
v -8.171680 9.299994 -18.212130
v -8.095943 9.299994 -18.287865
v -7.883812 8.999993 -18.499996
v -7.883812 8.999993 -18.499996
v -8.095943 9.299994 -18.287865
v -8.095943 11.699993 -18.287867
v -7.883812 11.999993 -18.499998
v -7.883812 11.999993 -18.499998
v -8.095943 11.699993 -18.287867
v -8.171680 11.699993 -18.212132
v -8.383812 11.999993 -17.999998
v -8.383812 8.999993 -17.999996
v -8.171680 8.699993 -18.212130
v -8.171680 8.299994 -18.212130
v -8.383812 7.999994 -17.999996
v -8.383812 7.999994 -17.999996
v -8.171680 8.299994 -18.212130
v -8.095943 8.299994 -18.287865
v -7.883812 7.999994 -18.499996
v -7.883812 7.999994 -18.499996
v -8.095943 8.299994 -18.287865
v -8.095943 8.699993 -18.287865
v -7.883812 8.999993 -18.499996
v -7.883812 8.999993 -18.499996
v -8.095943 8.699993 -18.287865
v -8.171680 8.699993 -18.212130
v -8.383812 8.999993 -17.999996
v -8.383812 7.999994 -17.999996
v -8.171680 7.699994 -18.212130
v -8.171680 5.299994 -18.212130
v -8.383812 4.999994 -17.999996
v -8.383812 4.999994 -17.999996
v -8.171680 5.299994 -18.212130
v -8.095943 5.299994 -18.287865
v -7.883812 4.999994 -18.499996
v -7.883812 4.999994 -18.499996
v -8.095943 5.299994 -18.287865
v -8.095943 7.699994 -18.287865
v -7.883812 7.999994 -18.499996
v -7.883812 7.999994 -18.499996
v -8.095943 7.699994 -18.287865
v -8.171680 7.699994 -18.212130
v -8.383812 7.999994 -17.999996
v -8.383812 12.999993 -17.999998
v -8.171680 12.699993 -18.212132
v -8.171680 12.299994 -18.212132
v -8.383812 11.999993 -17.999998
v -8.383812 11.999993 -17.999998
v -8.171680 12.299994 -18.212132
v -8.095943 12.299994 -18.287867
v -7.883812 11.999993 -18.499998
v -7.883812 11.999993 -18.499998
v -8.095943 12.299994 -18.287867
v -8.095943 12.699993 -18.287867
v -7.883812 12.999993 -18.499998
v -7.883812 12.999993 -18.499998
v -8.095943 12.699993 -18.287867
v -8.171680 12.699993 -18.212132
v -8.383812 12.999993 -17.999998
v -7.383812 13.999993 -18.499998
v -7.883812 14.499993 -18.499998
v -5.883812 14.499993 -18.499998
v -6.383812 13.999993 -18.499998
v -6.383812 4.499994 -18.499996
v -5.883812 3.999994 -18.499996
v -7.883812 3.999994 -18.499996
v -7.383812 4.499994 -18.499996
v -5.633812 4.249994 -17.250000
v -5.633812 14.749994 -17.250002
v -5.383812 14.999994 -17.000002
v -5.383812 3.999995 -17.000000
v -8.133812 14.749994 -17.250002
v -8.383812 14.999994 -17.000002
v -5.383812 14.999994 -17.000002
v -5.633812 14.749994 -17.250002
v -8.133812 4.249994 -17.250000
v -8.383812 3.999995 -17.000000
v -8.383812 14.999994 -17.000002
v -8.133812 14.749994 -17.250002
v -8.133812 4.249994 -17.432884
v -8.383812 3.999995 -17.432884
v -8.383812 3.999995 -17.000000
v -8.133812 4.249994 -17.250000
v -5.633812 4.249994 -17.250000
v -5.383812 3.999995 -17.000000
v -5.383812 3.999995 -17.432884
v -5.633812 4.249994 -17.432884
v -5.383812 3.999994 -17.999996
v -5.633812 4.249994 -17.749996
v -5.633812 14.749993 -17.749998
v -5.383812 14.999993 -17.999998
v -8.383812 14.999993 -17.999998
v -8.133812 14.749993 -17.749998
v -8.133812 4.249994 -17.749996
v -8.383812 3.999994 -17.999996
v -13.959108 0.499995 -14.694172
v -13.767767 0.009996 -14.232232
v -13.767767 7.999995 -14.232235
v -13.959108 7.499995 -14.694174
v -12.461940 0.499994 -18.308657
v -12.000000 0.009994 -18.499998
v -13.767767 0.009995 -17.767765
v -13.767767 0.499995 -17.767765
v -12.461940 0.499994 -18.308657
v -12.461940 7.499994 -18.308659
v -12.000000 7.999994 -18.500000
v -12.000000 0.009994 -18.499998
v -13.767767 0.499995 -17.767765
v -13.767767 0.009995 -17.767765
v -14.500000 0.009995 -15.999999
v -14.500000 0.499995 -15.999999
v -14.500000 0.499995 -15.999999
v -14.500000 0.009995 -15.999999
v -13.767767 0.009996 -14.232232
v -13.959108 0.499995 -14.694172
v -13.959108 7.499995 -14.694174
v -13.767767 7.999995 -14.232235
v -14.500000 7.999995 -16.000002
v -14.500000 7.499995 -16.000002
v -14.500000 7.499995 -16.000002
v -14.500000 7.999995 -16.000002
v -13.767767 7.999994 -17.767767
v -13.767767 7.499994 -17.767767
v -13.767767 7.499994 -17.767767
v -13.767767 7.999994 -17.767767
v -12.000000 7.999994 -18.500000
v -12.461940 7.499994 -18.308659
v -13.823810 0.749995 -15.020812
v -13.959108 0.499995 -14.694172
v -13.959108 7.499995 -14.694174
v -13.823810 7.249995 -15.020814
v -12.597239 0.749994 -17.982016
v -12.461940 0.499994 -18.308657
v -13.767767 0.499995 -17.767765
v -13.576426 0.749995 -17.576424
v -12.597239 0.749994 -17.982016
v -12.597239 7.249994 -17.982018
v -12.461940 7.499994 -18.308659
v -12.461940 0.499994 -18.308657
v -14.229402 0.749995 -15.999999
v -14.500000 0.499995 -15.999999
v -13.959108 0.499995 -14.694172
v -13.823810 0.749995 -15.020812
v -13.823810 7.249995 -15.020814
v -13.959108 7.499995 -14.694174
v -14.500000 7.499995 -16.000002
v -14.229402 7.249995 -16.000002
v -13.576426 7.249994 -17.576426
v -13.767767 7.499994 -17.767767
v -12.461940 7.499994 -18.308659
v -12.597239 7.249994 -17.982018
v -10.232233 7.999995 -14.232235
v -10.232233 0.009996 -14.232232
v -9.500000 0.009995 -15.999999
v -9.500000 7.999995 -16.000002
v -14.133731 0.999995 -16.230968
v -14.229402 0.749995 -15.999999
v -14.229402 7.249995 -16.000002
v -14.133731 6.999995 -16.230970
v -13.345455 0.999995 -17.672094
v -13.576426 0.749995 -17.576424
v -13.576426 7.249994 -17.576426
v -13.345455 6.999994 -17.672096
v -12.828209 0.999994 -17.886345
v -12.597239 0.749994 -17.982016
v -13.576426 0.749995 -17.576424
v -13.345455 0.999995 -17.672094
v -12.828209 0.999994 -17.886345
v -12.828209 6.999994 -17.886347
v -12.597239 7.249994 -17.982018
v -12.597239 0.749994 -17.982016
v -13.998585 0.999995 -16.557240
v -13.902914 0.749995 -16.788210
v -14.229402 0.749995 -15.999999
v -14.133731 0.999995 -16.230968
v -13.345455 6.999994 -17.672096
v -13.576426 7.249994 -17.576426
v -12.597239 7.249994 -17.982018
v -12.828209 6.999994 -17.886347
v -14.133731 6.999995 -16.230970
v -14.229402 7.249995 -16.000002
v -13.902914 7.249994 -16.788212
v -13.998585 6.999994 -16.557241
v -13.998585 6.999994 -16.557241
v -13.902914 7.249994 -16.788212
v -13.902914 0.749995 -16.788210
v -13.998585 0.999995 -16.557240
v -14.133731 6.999995 -15.769031
v -14.229402 7.249995 -16.000002
v -14.229402 0.749995 -15.999999
v -14.133731 0.999995 -15.769029
v -13.672096 0.999995 -17.345453
v -13.672096 6.999994 -17.345455
v -13.576426 7.249994 -17.576426
v -13.576426 0.749995 -17.576424
v -13.919480 0.999995 -15.251782
v -13.823810 0.749995 -15.020812
v -13.823810 7.249995 -15.020814
v -13.919480 6.999995 -15.251784
v -14.133731 0.999995 -15.769029
v -14.229402 0.749995 -15.999999
v -13.823810 0.749995 -15.020812
v -13.919480 0.999995 -15.251782
v -13.919480 6.999995 -15.251784
v -13.823810 7.249995 -15.020814
v -14.229402 7.249995 -16.000002
v -14.133731 6.999995 -15.769031
v -13.807243 6.999994 -17.019182
v -13.902914 7.249994 -16.788212
v -13.576426 7.249994 -17.576426
v -13.672096 6.999994 -17.345455
v -13.672096 0.999995 -17.345453
v -13.576426 0.749995 -17.576424
v -13.902914 0.749995 -16.788210
v -13.807243 0.999995 -17.019180
v -13.807243 0.999995 -17.019180
v -13.902914 0.749995 -16.788210
v -13.902914 7.249994 -16.788212
v -13.807243 6.999994 -17.019182
v -14.187851 1.099995 -16.361626
v -14.133731 0.999995 -16.230968
v -14.133731 6.999995 -16.230970
v -14.187851 6.899995 -16.361628
v -13.291335 1.099994 -17.802752
v -13.345455 0.999995 -17.672094
v -13.345455 6.999994 -17.672096
v -13.291335 6.899994 -17.802753
v -12.958865 1.099994 -17.940464
v -12.828209 0.999994 -17.886345
v -13.345455 0.999995 -17.672094
v -13.291335 1.099994 -17.802752
v -12.958865 1.099994 -17.940464
v -12.958865 6.899994 -17.940466
v -12.828209 6.999994 -17.886347
v -12.828209 0.999994 -17.886345
v -14.129241 1.099995 -16.503120
v -13.998585 0.999995 -16.557240
v -14.133731 0.999995 -16.230968
v -14.187851 1.099995 -16.361626
v -13.291335 6.899994 -17.802753
v -13.345455 6.999994 -17.672096
v -12.828209 6.999994 -17.886347
v -12.958865 6.899994 -17.940466
v -14.187851 6.899995 -16.361628
v -14.133731 6.999995 -16.230970
v -13.998585 6.999994 -16.557241
v -14.129241 6.899995 -16.503122
v -14.129241 6.899995 -16.503122
v -13.998585 6.999994 -16.557241
v -13.998585 0.999995 -16.557240
v -14.129241 1.099995 -16.503120
v -14.187851 6.899995 -15.638374
v -14.133731 6.999995 -15.769031
v -14.133731 0.999995 -15.769029
v -14.187851 1.099995 -15.638372
v -13.802752 1.099995 -17.291334
v -13.802752 6.899994 -17.291336
v -13.672096 6.999994 -17.345455
v -13.672096 0.999995 -17.345453
v -14.050137 1.099995 -15.305902
v -13.919480 0.999995 -15.251782
v -13.919480 6.999995 -15.251784
v -14.050137 6.899995 -15.305904
v -14.187851 1.099995 -15.638372
v -14.133731 0.999995 -15.769029
v -13.919480 0.999995 -15.251782
v -14.050137 1.099995 -15.305902
v -14.050137 6.899995 -15.305904
v -13.919480 6.999995 -15.251784
v -14.133731 6.999995 -15.769031
v -14.187851 6.899995 -15.638374
v -13.861363 6.899994 -17.149839
v -13.807243 6.999994 -17.019182
v -13.672096 6.999994 -17.345455
v -13.802752 6.899994 -17.291336
v -13.802752 1.099995 -17.291334
v -13.672096 0.999995 -17.345453
v -13.807243 0.999995 -17.019180
v -13.861363 1.099995 -17.149837
v -13.861363 1.099995 -17.149837
v -13.807243 0.999995 -17.019180
v -13.807243 6.999994 -17.019182
v -13.861363 6.899994 -17.149839
v -6.500000 5.500001 4.499998
v -6.500000 5.500001 5.499998
v 6.500000 8.000002 6.999997
v 4.500000 5.000001 6.999998
v 6.500000 5.000001 6.999998
v 4.500000 8.000002 6.999997
v 12.346579 5.000052 4.001236
v 11.971148 17.000000 3.999995
v 11.993039 5.000001 3.999998
v 12.331703 16.000679 4.003719
v 12.331703 17.006729 3.944875
v 12.998761 5.000052 3.353562
v 13.000000 16.000000 2.999995
v 12.998024 16.353619 3.353565
v 13.000000 5.000000 2.999998
v 4.798234 17.499994 -15.579432
v 6.500000 19.499994 -12.856606
v 6.500000 17.499994 -12.856606
v 4.341000 19.499992 -16.311005
v 4.341000 18.231565 -16.311005
v 4.500000 19.999992 -17.000004
v 3.500000 16.999992 -16.000004
v 3.500000 19.999992 -16.000006
v 3.792893 16.999992 -16.292896
v 4.500000 17.999992 -17.000004
v 6.500000 24.000000 6.999992
v 6.000000 21.000000 6.999993
v 6.500000 21.000000 6.999993
v 5.500000 21.000000 6.999993
v 5.000000 21.000000 6.999993
v 4.500000 21.000000 6.999993
v 4.500000 24.000000 6.999992
v 4.000000 24.000000 5.999992
v 4.000000 24.000000 6.499992
v 7.000000 21.000000 3.999993
v 7.000000 23.999994 -13.000007
v 7.000000 20.999998 1.999994
v 7.000000 20.999998 0.124994
v 7.000000 20.999998 -1.750006
v 7.000000 20.999996 -3.625006
v 7.000000 20.999996 -5.500006
v 7.000000 20.999996 -7.375006
v 7.000000 20.999996 -9.250006
v 7.000000 20.999994 -11.125006
v 7.000000 20.999994 -13.000006
v 5.750000 25.249994 -12.616323
v 5.750000 20.999994 -15.000006
v 7.000000 23.999994 -13.000007
v 7.000000 20.999994 -13.000006
v 4.500000 23.999992 -17.000006
v 4.500000 20.999992 -17.000004
v 5.000000 25.000000 5.999992
v 4.000000 24.000000 6.499992
v 4.288675 24.288675 6.711317
v 4.000000 24.000000 5.999992
v 5.000000 25.000000 4.999992
v 0.000000 23.999992 -16.000006
v 3.500000 3.999995 -16.000000
v 0.000000 3.999995 -16.000000
v 3.500000 15.999994 -16.000004
v 3.500000 16.999992 -16.000004
v 3.500000 19.999992 -16.000006
v 3.500000 20.999992 -16.000006
v 3.500000 23.999992 -16.000006
v 13.000000 15.999996 -8.000005
v 12.993265 16.353617 1.999693
v 13.000000 16.000000 1.999995
v 12.961548 16.381762 -13.077746
v 13.000000 15.999995 -13.000004
v 6.500000 8.000002 6.999997
v 6.500000 21.000000 6.999993
v 7.000000 21.000000 6.499993
v 11.955800 16.999996 -5.500005
v 12.333000 16.980190 -13.077746
v 11.949669 16.999994 -13.000004
v 11.961931 16.999998 1.999995
v 12.315292 17.006727 1.999693
v 6.711325 24.288675 6.711317
v 4.500000 24.000000 6.999992
v 6.500000 24.000000 6.999992
v 4.288675 24.288675 6.711317
v 6.000000 25.000000 5.999992
v 5.000000 25.000000 5.999992
v 3.750000 23.750000 5.999992
v 0.000000 22.750000 5.999993
v 0.000000 23.750000 5.999992
v 6.500000 5.500001 5.499998
v 7.000000 20.000000 5.999993
v 7.000000 5.000001 5.999998
v 6.500000 19.500000 5.499994
v 4.249998 25.249994 -13.250007
v 3.999998 25.000000 3.999992
v 4.249998 25.250000 4.249992
v 3.999998 24.999998 -0.000008
v 3.999998 24.999996 -4.000007
v 3.999998 24.999996 -8.000007
v 3.999998 24.999994 -13.000007
v 4.500000 19.999992 -17.000004
v 6.500000 19.499994 -12.856606
v 4.341000 19.499992 -16.311005
v 5.750000 19.999994 -15.000005
v 7.000000 19.999994 -13.000005
v 6.500000 19.499994 -12.856606
v 7.000000 19.999998 1.999994
v 6.500000 19.499998 1.999994
v 7.000000 19.999998 0.124994
v 7.000000 19.999998 -1.750006
v 7.000000 19.999996 -3.625006
v 7.000000 19.999996 -5.500006
v 7.000000 19.999996 -7.375006
v 7.000000 19.999996 -9.250005
v 7.000000 19.999994 -11.125005
v 7.000000 19.999994 -13.000005
v 13.000000 8.000000 1.999997
v 13.000000 9.000000 1.999997
v 13.000000 12.000000 1.999996
v 13.000000 13.000000 1.999996
v 13.000000 16.000000 1.999995
v 13.500000 15.499999 1.499995
v 10.232233 0.009995 -17.767765
v 10.232233 0.009996 -14.232232
v 9.500000 0.009995 -15.999999
v 12.000000 0.009994 -18.499998
v 12.000000 0.009996 -13.499999
v 13.767767 0.009995 -17.767765
v 13.767767 0.009996 -14.232232
v 14.500000 0.009995 -15.999999
v 10.997600 9.999994 -14.997602
v 10.997600 9.999994 -17.002401
v 10.582393 9.999994 -16.000002
v 12.000000 9.999994 -14.582395
v 12.000000 9.999993 -17.417610
v 13.002400 9.999994 -14.997602
v 13.002400 9.999994 -17.002401
v 13.417607 9.999994 -16.000002
v 13.432885 4.249997 -9.250000
v 13.749997 4.249997 -9.250000
v 13.250000 4.249997 -9.250000
v 13.250000 14.749995 -11.750004
v 13.432885 4.249996 -11.750000
v 13.250000 4.249996 -11.750000
v 13.749997 4.249996 -11.750000
v 13.749997 14.749995 -11.750004
v 14.499997 3.999996 -11.500000
v 14.499997 13.999996 -11.000003
v 14.499997 4.499996 -11.000000
v 14.499997 14.499995 -11.500004
v 14.499997 4.499997 -10.000000
v 14.499997 4.999997 -9.500001
v 14.499997 3.999997 -9.500000
v 14.499997 7.999997 -9.500002
v 14.499997 8.999996 -9.500002
v 14.499997 11.999996 -9.500003
v 14.499997 12.999996 -9.500003
v 14.499997 14.499996 -9.500004
v 14.499997 13.999996 -10.000003
v 13.999997 14.999995 -12.000004
v 13.749997 4.249996 -11.750000
v 13.749997 14.749995 -11.750004
v 13.999997 3.999996 -12.000000
v 13.749997 14.749996 -9.250004
v 13.999997 12.999996 -9.000003
v 13.999997 14.999996 -9.000004
v 13.999997 11.999996 -9.000003
v 13.999997 8.999996 -9.000002
v 13.999997 7.999997 -9.000002
v 13.999997 4.999997 -9.000001
v 13.749997 4.999997 -9.250001
v 8.133812 4.249994 -17.432884
v 8.133812 14.749994 -17.250002
v 8.133812 4.249994 -17.250000
v 8.133812 14.749993 -17.749998
v 8.133812 4.249994 -17.749996
v 5.633812 14.749993 -17.749998
v 5.633812 4.249994 -17.250000
v 5.633812 14.749994 -17.250002
v 5.633812 4.249994 -17.432884
v 5.633812 4.249994 -17.749996
v 5.883812 4.999994 -18.499996
v 5.883812 7.999994 -18.499996
v 5.883812 8.999993 -18.499996
v 5.883812 11.999993 -18.499998
v 5.883812 12.999993 -18.499998
v 7.883812 4.999994 -18.499996
v 7.883812 7.999994 -18.499996
v 7.883812 8.999993 -18.499996
v 7.883812 11.999993 -18.499998
v 7.883812 12.999993 -18.499998
v 5.383812 14.999993 -17.999998
v 5.633812 4.249994 -17.749996
v 5.633812 14.749993 -17.749998
v 5.383812 3.999994 -17.999996
v 8.383812 3.999994 -17.999996
v 8.133812 14.749993 -17.749998
v 8.133812 4.249994 -17.749996
v 8.383812 14.999993 -17.999998
v 13.902914 0.749995 -16.788210
v 13.767767 0.499995 -17.767765
v 13.576426 0.749995 -17.576424
v 14.500000 0.499995 -15.999999
v 14.229402 0.749995 -15.999999
v 13.767767 7.499994 -17.767767
v 13.902914 7.249994 -16.788212
v 13.576426 7.249994 -17.576426
v 14.500000 7.499995 -16.000002
v 14.229402 7.249995 -16.000002
v -4.500000 8.000002 6.999997
v -6.500000 5.000001 6.999998
v -4.500000 5.000001 6.999998
v -6.500000 8.000002 6.999997
v -11.971148 17.000000 3.999995
v -12.346579 5.000052 4.001236
v -11.993039 5.000001 3.999998
v -12.331703 16.000679 4.003719
v -12.331703 17.006729 3.944875
v -13.000000 16.000000 2.999995
v -12.998761 5.000052 3.353562
v -12.998024 16.353619 3.353565
v -13.000000 5.000000 2.999998
v -4.341000 19.499992 -16.311005
v -6.500000 17.499994 -12.856606
v -6.500000 19.499994 -12.856606
v -4.798234 17.499994 -15.579432
v -4.341000 18.231565 -16.311005
v -3.792893 16.999992 -16.292896
v -3.500000 19.999992 -16.000006
v -3.500000 16.999992 -16.000004
v -4.500000 19.999992 -17.000004
v -4.500000 17.999992 -17.000004
v -4.500000 24.000000 6.999992
v -5.000000 21.000000 6.999993
v -4.500000 21.000000 6.999993
v -5.500000 21.000000 6.999993
v -6.000000 21.000000 6.999993
v -6.500000 21.000000 6.999993
v -6.500000 24.000000 6.999992
v -4.000000 24.000000 6.499992
v -4.000000 24.000000 5.999992
v -7.000000 23.999994 -13.000007
v -7.000000 21.000000 3.999993
v -7.000000 20.999998 1.999994
v -7.000000 20.999998 0.124994
v -7.000000 20.999998 -1.750006
v -7.000000 20.999996 -3.625006
v -7.000000 20.999996 -5.500006
v -7.000000 20.999996 -7.375006
v -7.000000 20.999996 -9.250006
v -7.000000 20.999994 -11.125006
v -7.000000 20.999994 -13.000006
v -5.750000 25.249994 -12.616323
v -4.500000 23.999992 -17.000006
v -7.000000 20.999994 -13.000006
v -7.000000 23.999994 -13.000007
v -5.750000 20.999994 -15.000006
v -4.500000 20.999992 -17.000004
v -4.000000 24.000000 6.499992
v -5.000000 25.000000 5.999992
v -4.288675 24.288675 6.711317
v -4.000000 24.000000 5.999992
v -5.000000 25.000000 4.999992
v -3.500000 15.999994 -16.000004
v -3.500000 3.999995 -16.000000
v -3.500000 16.999992 -16.000004
v -3.500000 19.999992 -16.000006
v -3.500000 20.999992 -16.000006
v -3.500000 23.999992 -16.000006
v -12.993265 16.353617 1.999693
v -13.000000 15.999996 -8.000005
v -13.000000 16.000000 1.999995
v -12.961548 16.381762 -13.077746
v -13.000000 15.999995 -13.000004
v -7.000000 21.000000 6.499993
v -6.500000 8.000002 6.999997
v -6.500000 21.000000 6.999993
v -12.315292 17.006727 1.999693
v -11.949669 16.999994 -13.000004
v -12.333000 16.980190 -13.077746
v -11.961931 16.999998 1.999995
v -4.288675 24.288675 6.711317
v -6.500000 24.000000 6.999992
v -4.500000 24.000000 6.999992
v -6.711325 24.288675 6.711317
v -5.000000 25.000000 5.999992
v -6.000000 25.000000 5.999992
v -3.750000 23.750000 5.999992
v -6.500000 19.500000 5.499994
v -7.000000 5.000001 5.999998
v -7.000000 20.000000 5.999993
v -6.500000 5.500001 5.499998
v -3.999998 25.000000 3.999992
v -4.249998 25.249994 -13.250007
v -4.249998 25.250000 4.249992
v -3.999998 24.999998 -0.000008
v -3.999998 24.999996 -4.000007
v -3.999998 24.999996 -8.000007
v -3.999998 24.999994 -13.000007
v -5.750000 19.999994 -15.000005
v -6.500000 19.499994 -12.856606
v -7.000000 19.999994 -13.000005
v -4.341000 19.499992 -16.311005
v -4.500000 19.999992 -17.000004
v -7.000000 19.999998 0.124994
v -6.500000 19.499998 1.999994
v -7.000000 19.999998 1.999994
v -6.500000 19.499994 -12.856606
v -7.000000 19.999998 -1.750006
v -7.000000 19.999996 -3.625006
v -7.000000 19.999996 -5.500006
v -7.000000 19.999996 -7.375006
v -7.000000 19.999996 -9.250005
v -7.000000 19.999994 -11.125005
v -7.000000 19.999994 -13.000005
v -13.500000 15.499999 1.499995
v -13.000000 13.000000 1.999996
v -13.000000 16.000000 1.999995
v -13.000000 12.000000 1.999996
v -13.000000 9.000000 1.999997
v -13.000000 8.000000 1.999997
v -13.767767 0.009995 -17.767765
v -13.767767 0.009996 -14.232232
v -14.500000 0.009995 -15.999999
v -12.000000 0.009994 -18.499998
v -12.000000 0.009996 -13.499999
v -10.232233 0.009995 -17.767765
v -10.232233 0.009996 -14.232232
v -9.500000 0.009995 -15.999999
v -13.002400 9.999994 -14.997602
v -13.002400 9.999994 -17.002401
v -13.417607 9.999994 -16.000002
v -12.000000 9.999994 -14.582395
v -12.000000 9.999993 -17.417610
v -10.997600 9.999994 -14.997602
v -10.997600 9.999994 -17.002401
v -10.582393 9.999994 -16.000002
v -13.432885 4.249997 -9.250000
v -13.250000 4.249997 -9.250000
v -13.749997 4.249997 -9.250000
v -13.749997 14.749995 -11.750004
v -13.432885 4.249996 -11.750000
v -13.749997 4.249996 -11.750000
v -13.250000 4.249996 -11.750000
v -13.250000 14.749995 -11.750004
v -14.499997 14.499995 -11.500004
v -14.499997 4.499996 -11.000000
v -14.499997 13.999996 -11.000003
v -14.499997 3.999996 -11.500000
v -14.499997 13.999996 -10.000003
v -14.499997 12.999996 -9.500003
v -14.499997 14.499996 -9.500004
v -14.499997 11.999996 -9.500003
v -14.499997 8.999996 -9.500002
v -14.499997 7.999997 -9.500002
v -14.499997 4.999997 -9.500001
v -14.499997 3.999997 -9.500000
v -14.499997 4.499997 -10.000000
v -13.999997 3.999996 -12.000000
v -13.749997 14.749995 -11.750004
v -13.749997 4.249996 -11.750000
v -13.999997 14.999995 -12.000004
v -13.749997 4.999997 -9.250001
v -13.999997 7.999997 -9.000002
v -13.999997 4.999997 -9.000001
v -13.999997 8.999996 -9.000002
v -13.999997 11.999996 -9.000003
v -13.999997 12.999996 -9.000003
v -13.999997 14.999996 -9.000004
v -13.749997 14.749996 -9.250004
v -8.133812 14.749993 -17.749998
v -8.133812 4.249994 -17.250000
v -8.133812 14.749994 -17.250002
v -8.133812 4.249994 -17.432884
v -8.133812 4.249994 -17.749996
v -5.633812 4.249994 -17.432884
v -5.633812 14.749994 -17.250002
v -5.633812 4.249994 -17.250000
v -5.633812 14.749993 -17.749998
v -5.633812 4.249994 -17.749996
v -5.883812 4.999994 -18.499996
v -5.883812 7.999994 -18.499996
v -5.883812 8.999993 -18.499996
v -5.883812 11.999993 -18.499998
v -5.883812 12.999993 -18.499998
v -7.883812 4.999994 -18.499996
v -7.883812 7.999994 -18.499996
v -7.883812 8.999993 -18.499996
v -7.883812 11.999993 -18.499998
v -7.883812 12.999993 -18.499998
v -5.383812 3.999994 -17.999996
v -5.633812 14.749993 -17.749998
v -5.633812 4.249994 -17.749996
v -5.383812 14.999993 -17.999998
v -8.383812 14.999993 -17.999998
v -8.133812 4.249994 -17.749996
v -8.133812 14.749993 -17.749998
v -8.383812 3.999994 -17.999996
v -14.229402 0.749995 -15.999999
v -13.767767 0.499995 -17.767765
v -14.500000 0.499995 -15.999999
v -13.902914 0.749995 -16.788210
v -13.576426 0.749995 -17.576424
v -13.767767 7.499994 -17.767767
v -14.229402 7.249995 -16.000002
v -14.500000 7.499995 -16.000002
v -13.902914 7.249994 -16.788212
v -13.576426 7.249994 -17.576426
vn -0.0000 1.0000 -0.0000
vn 0.6861 0.0425 0.7262
vn -0.6947 0.1862 0.6947
vn 0.6947 0.1862 0.6947
vn -0.0000 -0.0000 1.0000
vn 1.0000 -0.0000 -0.0000
vn -0.6861 0.0425 0.7262
vn -1.0000 -0.0000 -0.0000
vn -0.0000 -0.0000 -1.0000
vn 0.7071 -0.0000 -0.7071
vn 0.7015 0.0004 0.7127
vn 0.7014 0.0004 0.7127
vn -0.7071 -0.0000 0.7071
vn -0.7071 -0.0000 -0.7071
vn 0.8480 -0.0000 -0.5300
vn 0.7071 -0.0000 0.7071
vn 0.2147 -0.0000 -0.9767
vn 0.2148 -0.0000 -0.9767
vn 0.7048 0.0003 0.7094
vn 0.7049 0.0004 0.7093
vn 0.7050 0.0001 0.7092
vn 0.7049 -0.0000 0.7093
vn 0.6917 0.7222 -0.0003
vn 0.6918 0.7221 -0.0003
vn -0.0000 0.7071 -0.7071
vn 0.5658 0.5988 -0.5669
vn 0.5658 0.5987 -0.5669
vn 0.6959 0.7181 -0.0045
vn 0.6959 0.7182 -0.0045
vn 0.6958 0.7182 -0.0045
vn 0.0028 0.0326 -0.9995
vn 0.0028 0.0327 -0.9995
vn 0.7053 -0.0726 -0.7052
vn 0.7052 -0.0731 -0.7052
vn 0.9999 0.0133 -0.0020
vn -0.6468 0.7021 -0.2979
vn 1.0000 0.0001 0.0031
vn 1.0000 -0.0000 0.0035
vn -0.0035 -0.0001 1.0000
vn -0.0031 -0.0000 1.0000
vn 0.4985 -0.7071 0.5015
vn 1.0000 -0.0000 0.0030
vn 1.0000 -0.0000 0.0031
vn 0.0027 0.9996 -0.0274
vn 0.0435 0.9981 -0.0438
vn 0.0434 0.9981 -0.0437
vn -0.0187 0.9998 0.0001
vn -0.0186 0.9998 0.0001
vn -0.5000 0.7071 -0.5000
vn 0.7071 0.7071 -0.0000
vn 0.5996 0.7071 -0.3748
vn -0.0000 0.7071 0.7071
vn 0.7077 0.0013 0.7065
vn 0.7076 0.0013 0.7066
vn -0.7071 0.7071 -0.0000
vn 0.7071 0.7071 -0.0006
vn 0.7064 0.7078 -0.0029
vn 0.7062 0.7080 -0.0028
vn -0.0000 -0.7071 0.7071
vn 0.5899 0.7071 -0.3898
vn 0.4243 0.5657 0.7071
vn 0.8321 -0.0000 0.5547
vn -0.0000 -0.8321 0.5547
vn -0.0000 0.8321 0.5547
vn 0.5224 0.7071 -0.4765
vn -0.0000 0.8000 0.6000
vn -0.0000 0.8944 -0.4472
vn 0.7071 -0.7071 -0.0000
vn 0.8420 0.5393 0.0130
vn 0.9744 -0.0000 0.2249
vn 0.4988 0.7071 -0.5012
vn -0.5996 0.7071 0.3748
vn -0.5899 0.7071 0.3898
vn 0.9701 0.2425 -0.0000
vn 0.9701 -0.0000 0.2425
vn 0.9701 -0.2425 -0.0000
vn 0.9701 -0.0000 -0.2425
vn 0.8227 0.2425 -0.5142
vn 0.9512 -0.0000 -0.3085
vn 0.8227 -0.2425 -0.5142
vn 0.6941 -0.0000 -0.7198
vn 0.6942 -0.0000 -0.7198
vn -0.8575 -0.0000 -0.5145
vn -0.6860 0.2425 -0.6860
vn -0.5145 -0.0000 -0.8575
vn -0.6860 -0.2425 -0.6860
vn 0.3827 -0.0000 0.9239
vn -0.9239 -0.0000 -0.3827
vn 0.9239 -0.0000 0.3827
vn 0.9239 -0.0000 -0.3827
vn 0.9239 -0.0010 -0.3827
vn 0.3827 -0.0000 -0.9239
vn -0.3827 -0.0000 -0.9239
vn -0.3827 -0.0000 0.9239
vn 0.3827 -0.0010 0.9239
vn -0.9239 -0.0010 0.3827
vn -0.3827 -0.0010 -0.9239
vn 0.3827 -0.0010 -0.9239
vn 0.9239 -0.0010 0.3827
vn -0.3827 -0.0010 0.9239
vn -0.9239 -0.0010 -0.3827
vn -0.3700 0.2557 -0.8932
vn -0.2617 0.7295 -0.6319
vn -0.0990 0.9659 -0.2391
vn -0.8932 0.2557 -0.3700
vn -0.6319 0.7295 -0.2617
vn -0.2391 0.9659 -0.0990
vn -0.8932 0.2557 0.3700
vn -0.6319 0.7295 0.2617
vn -0.2391 0.9659 0.0990
vn -0.3700 0.2557 0.8932
vn -0.2617 0.7295 0.6319
vn -0.0990 0.9659 0.2391
vn 0.3700 0.2557 0.8932
vn 0.2617 0.7295 0.6319
vn 0.0990 0.9659 0.2391
vn 0.8932 0.2557 0.3700
vn 0.6319 0.7295 0.2617
vn 0.2391 0.9659 0.0990
vn 0.8932 0.2557 -0.3700
vn 0.6319 0.7295 -0.2617
vn 0.2391 0.9659 -0.0990
vn 0.3700 0.2557 -0.8932
vn 0.2617 0.7295 -0.6319
vn 0.0990 0.9659 -0.2391
vn -0.9239 -0.0000 0.3827
vn -0.6533 0.7071 -0.2706
vn -0.2706 0.7071 0.6533
vn 0.6533 0.7071 0.2706
vn 0.2706 0.7071 -0.6533
vn -0.2706 0.7071 -0.6533
vn -0.6533 0.7071 0.2706
vn 0.2706 0.7071 0.6533
vn 0.6533 0.7071 -0.2706
vn -0.0000 -1.0000 -0.0000
vn 0.6533 -0.7071 0.2706
vn 0.2706 -0.7071 -0.6533
vn 0.6533 -0.7071 -0.2706
vn -0.7014 0.0004 0.7127
vn -0.7015 0.0004 0.7127
vn -0.8480 -0.0000 -0.5300
vn -0.2147 -0.0000 -0.9767
vn -0.2148 -0.0000 -0.9767
vn -0.7049 0.0004 0.7093
vn -0.7048 0.0003 0.7094
vn -0.7049 -0.0000 0.7093
vn -0.7050 0.0001 0.7092
vn -0.6917 0.7222 -0.0003
vn -0.6918 0.7221 -0.0003
vn -0.5658 0.5988 -0.5669
vn -0.6959 0.7182 -0.0045
vn -0.6958 0.7182 -0.0045
vn -0.0028 0.0326 -0.9995
vn -0.0028 0.0327 -0.9995
vn -0.7052 -0.0733 -0.7052
vn -0.7053 -0.0729 -0.7052
vn -0.9999 0.0133 -0.0020
vn 0.6468 0.7021 -0.2979
vn -1.0000 -0.0000 0.0035
vn -1.0000 0.0001 0.0031
vn 0.0031 -0.0000 1.0000
vn 0.0035 -0.0001 1.0000
vn -0.4985 -0.7071 0.5015
vn -1.0000 -0.0000 0.0031
vn -1.0000 -0.0000 0.0030
vn -0.0027 0.9996 -0.0274
vn -0.0435 0.9981 -0.0438
vn -0.0434 0.9981 -0.0437
vn 0.0186 0.9998 0.0001
vn 0.0187 0.9998 0.0001
vn 0.5000 0.7071 -0.5000
vn -0.5996 0.7071 -0.3748
vn -0.7076 0.0013 0.7066
vn -0.7077 0.0013 0.7065
vn -0.7071 0.7071 -0.0006
vn -0.7064 0.7078 -0.0029
vn -0.7062 0.7080 -0.0028
vn -0.5899 0.7071 -0.3898
vn -0.4243 0.5657 0.7071
vn -0.8321 -0.0000 0.5547
vn -0.5224 0.7071 -0.4765
vn -0.7071 -0.7071 -0.0000
vn -0.8420 0.5393 0.0130
vn -0.9744 -0.0000 0.2249
vn -0.4988 0.7071 -0.5012
vn 0.5996 0.7071 0.3748
vn 0.5899 0.7071 0.3898
vn -0.9701 0.2425 -0.0000
vn -0.9701 -0.0000 0.2425
vn -0.9701 -0.2425 -0.0000
vn -0.9701 -0.0000 -0.2425
vn -0.8227 0.2425 -0.5142
vn -0.9512 -0.0000 -0.3085
vn -0.8227 -0.2425 -0.5142
vn -0.6942 -0.0000 -0.7198
vn -0.6941 -0.0000 -0.7198
vn 0.8575 -0.0000 -0.5145
vn 0.6860 0.2425 -0.6860
vn 0.5145 -0.0000 -0.8575
vn 0.6860 -0.2425 -0.6860
vn -0.6533 -0.7071 0.2706
vn -0.2706 -0.7071 -0.6533
vn -0.6533 -0.7071 -0.2706
vn -0.0004 0.0024 1.0000
vn 1.0000 -0.0000 0.0044
vn 1.0000 -0.0000 0.0046
vn 1.0000 -0.0000 0.0045
vn 0.9981 0.0612 -0.0010
vn 0.0177 0.9998 -0.0009
vn 0.0176 0.9998 -0.0009
vn 0.5996 -0.7071 -0.3748
vn 0.0004 0.0024 1.0000
vn 0.0003 0.0024 1.0000
vn -1.0000 -0.0000 0.0046
vn -1.0000 -0.0000 0.0044
vn -1.0000 -0.0000 0.0045
vn -0.9981 0.0612 -0.0010
vn -0.0176 0.9998 -0.0009
vn -0.0177 0.9998 -0.0009
vn -0.5996 -0.7071 -0.3748
vt 0.413495 0.145299
vt 0.409036 0.144211
vt 0.443052 0.169061
vt 0.416686 0.184814
vt 0.415623 0.182735
vt 0.415623 0.184814
vt 0.595723 0.195234
vt 0.597234 0.193883
vt 0.595479 0.193883
vt 0.843634 0.202299
vt 0.823475 0.150240
vt 0.836403 0.211914
vt 0.611436 0.191440
vt 0.610727 0.191786
vt 0.610987 0.192040
vt 0.543282 0.187414
vt 0.543991 0.187067
vt 0.543732 0.186814
vt 0.461241 0.179221
vt 0.455053 0.167176
vt 0.453882 0.176862
vt 0.419878 0.182215
vt 0.423424 0.182735
vt 0.419878 0.180135
vt 0.475463 0.179615
vt 0.475463 0.177535
vt 0.475463 0.177376
vt 0.412963 0.162771
vt 0.412963 0.171166
vt 0.412963 0.163367
vt 0.412963 0.154295
vt 0.412963 0.158492
vt 0.412963 0.154593
vt 0.850463 0.177535
vt 0.850463 0.177015
vt 0.850463 0.177431
vt 0.787963 0.163367
vt 0.787963 0.161417
vt 0.787963 0.162977
vt 0.787963 0.154593
vt 0.787963 0.153618
vt 0.787963 0.154398
vt 0.822074 0.199234
vt 0.822074 0.198455
vt 0.821011 0.198455
vt 0.822074 0.211702
vt 0.821011 0.212481
vt 0.822074 0.212481
vt 0.860372 0.204224
vt 0.849747 0.204224
vt 0.849747 0.210463
vt 0.860372 0.210463
vt 0.762500 0.188453
vt 0.762500 0.189492
vt 0.768883 0.189492
vt 0.768883 0.188453
vt 0.802857 0.143739
vt 0.794346 0.143739
vt 0.794346 0.145819
vt 0.802857 0.145819
vt 0.862500 0.149845
vt 0.861436 0.149845
vt 0.861436 0.151924
vt 0.862500 0.151924
vt 0.771011 0.189492
vt 0.771011 0.188453
vt 0.945798 0.946429
vt 0.945798 0.946844
vt 0.946223 0.946844
vt 0.946223 0.946429
vt 0.862500 0.143605
vt 0.861436 0.143605
vt 0.808176 0.143739
vt 0.803920 0.143739
vt 0.803920 0.145819
vt 0.808176 0.145819
vt 0.438564 0.197675
vt 0.438564 0.213260
vt 0.444947 0.213260
vt 0.444947 0.197675
vt 0.802857 0.137500
vt 0.794346 0.137500
vt 0.762500 0.193648
vt 0.768883 0.193648
vt 0.466223 0.193519
vt 0.475798 0.193519
vt 0.475798 0.187280
vt 0.466223 0.187280
vt 0.849747 0.210463
vt 0.849749 0.212543
vt 0.860372 0.212543
vt 0.438564 0.228845
vt 0.438564 0.237500
vt 0.444947 0.237500
vt 0.444947 0.228845
vt 0.597984 0.212543
vt 0.599371 0.212543
vt 0.427857 0.146859
vt 0.420410 0.146859
vt 0.420410 0.151018
vt 0.427856 0.151018
vt 0.954309 0.946429
vt 0.954309 0.946844
vt 0.954734 0.946844
vt 0.954734 0.946429
vt 0.861436 0.158164
vt 0.862500 0.158164
vt 0.109308 0.838583
vt 0.109308 0.862500
vt 0.110372 0.862500
vt 0.110372 0.837543
vt 0.771011 0.193648
vt 0.458675 0.182786
vt 0.463213 0.183314
vt 0.811436 0.237500
vt 0.805053 0.237500
vt 0.947925 0.946429
vt 0.947925 0.946844
vt 0.952606 0.946844
vt 0.952606 0.946429
vt 0.956436 0.946429
vt 0.956436 0.946844
vt 0.961117 0.946844
vt 0.961117 0.946429
vt 0.850798 0.187280
vt 0.850798 0.162323
vt 0.841223 0.162323
vt 0.841223 0.187280
vt 0.962819 0.946429
vt 0.962819 0.946844
vt 0.963245 0.946844
vt 0.963245 0.946429
vt 0.850798 0.160243
vt 0.964947 0.946429
vt 0.964947 0.946844
vt 0.969628 0.946844
vt 0.969628 0.946429
vt 0.819947 0.237500
vt 0.845479 0.237500
vt 0.845479 0.228845
vt 0.819947 0.228845
vt 0.447074 0.211702
vt 0.468351 0.211702
vt 0.468351 0.199234
vt 0.447074 0.199234
vt 0.027893 0.772438
vt 0.019522 0.771464
vt 0.017686 0.786644
vt 0.024538 0.799980
vt 0.485106 0.192609
vt 0.485106 0.197804
vt 0.489362 0.197804
vt 0.489362 0.193648
vt 0.484043 0.190531
vt 0.489362 0.190531
vt 0.028396 0.768308
vt 0.020006 0.767332
vt 0.928777 0.948635
vt 0.928777 0.950869
vt 0.929202 0.950869
vt 0.929202 0.948635
vt 0.928777 0.979697
vt 0.928777 0.982514
vt 0.929202 0.982514
vt 0.929202 0.979697
vt 0.045410 0.778098
vt 0.044346 0.777058
vt 0.044346 0.804095
vt 0.045410 0.803575
vt 0.861436 0.185200
vt 0.862500 0.185200
vt 0.485106 0.228974
vt 0.489362 0.228974
vt 0.805053 0.188453
vt 0.805053 0.189492
vt 0.811436 0.189492
vt 0.811436 0.188453
vt 0.928777 0.940323
vt 0.928777 0.942817
vt 0.929202 0.942817
vt 0.929202 0.940323
vt 0.932431 0.902370
vt 0.932431 0.928783
vt 0.932857 0.928783
vt 0.932856 0.902370
vt 0.928777 0.944479
vt 0.928777 0.946973
vt 0.929202 0.946973
vt 0.929202 0.944479
vt 0.451656 0.144528
vt 0.411196 0.145635
vt 0.052857 0.804095
vt 0.048956 0.806175
vt 0.052856 0.806175
vt 0.413495 0.181695
vt 0.404452 0.181695
vt 0.404452 0.182735
vt 0.485372 0.193519
vt 0.485372 0.187280
vt 0.929202 0.987500
vt 0.928777 0.987500
vt 0.796543 0.235368
vt 0.796543 0.237500
vt 0.796543 0.237094
vt 0.798670 0.237500
vt 0.569947 0.195231
vt 0.572075 0.195231
vt 0.572074 0.193886
vt 0.569947 0.193886
vt 0.599370 0.210463
vt 0.599370 0.204744
vt 0.597984 0.204744
vt 0.597984 0.210463
vt 0.100813 0.838583
vt 0.100859 0.862500
vt 0.514273 0.177270
vt 0.518086 0.146297
vt 0.516653 0.146130
vt 0.512945 0.177115
vt 0.527995 0.185520
vt 0.520255 0.184667
vt 0.520022 0.185898
vt 0.528686 0.186955
vt 0.595906 0.229073
vt 0.595904 0.237298
vt 0.597182 0.236690
vt 0.597179 0.229753
vt 0.595848 0.197675
vt 0.597237 0.197675
vt 0.438564 0.195597
vt 0.444947 0.195597
vt 0.403686 0.186955
vt 0.395022 0.185898
vt 0.394945 0.186308
vt 0.404452 0.187414
vt 0.470904 0.237298
vt 0.470906 0.229073
vt 0.470479 0.228845
vt 0.470479 0.237500
vt 0.470848 0.197675
vt 0.470723 0.195234
vt 0.470479 0.195597
vt 0.470479 0.197675
vt 0.529452 0.187414
vt 0.528383 0.185195
vt 0.447075 0.195231
vt 0.444947 0.195231
vt 0.447074 0.195597
vt 0.572074 0.193519
vt 0.569947 0.193519
vt 0.599747 0.210463
vt 0.599747 0.204224
vt 0.597606 0.204224
vt 0.472984 0.210463
vt 0.472984 0.204744
vt 0.472606 0.204224
vt 0.472606 0.210463
vt 0.520332 0.184258
vt 0.597606 0.236488
vt 0.597606 0.229982
vt 0.597606 0.197675
vt 0.597606 0.193519
vt 0.593634 0.139799
vt 0.586403 0.149414
vt 0.563564 0.237500
vt 0.600798 0.143605
vt 0.561436 0.189492
vt 0.561436 0.228974
vt 0.563564 0.228378
vt 0.563564 0.189492
vt 0.561436 0.237500
vt 0.563564 0.235228
vt 0.563564 0.229492
vt 0.540091 0.183255
vt 0.529452 0.183255
vt 0.529452 0.185334
vt 0.537963 0.185334
vt 0.562050 0.188014
vt 0.561436 0.188453
vt 0.583399 0.144343
vt 0.572025 0.172663
vt 0.600798 0.145685
vt 0.610372 0.145685
vt 0.611436 0.151924
vt 0.611436 0.149845
vt 0.610372 0.149845
vt 0.610372 0.151924
vt 0.518883 0.188453
vt 0.521011 0.188453
vt 0.521011 0.187414
vt 0.518883 0.187414
vt 0.553920 0.143739
vt 0.553920 0.137500
vt 0.552857 0.137500
vt 0.552857 0.143739
vt 0.558176 0.137500
vt 0.558176 0.143739
vt 0.559240 0.143739
vt 0.559240 0.137500
vt 0.611436 0.158164
vt 0.610372 0.158164
vt 0.611436 0.185200
vt 0.610372 0.185200
vt 0.610372 0.191440
vt 0.558176 0.179095
vt 0.559240 0.179095
vt 0.555053 0.188453
vt 0.561436 0.187414
vt 0.555053 0.187414
vt 0.808176 0.137500
vt 0.803920 0.137500
vt 0.099749 0.837543
vt 0.099795 0.862500
vt 0.028949 0.772561
vt 0.029452 0.768431
vt 0.025176 0.803539
vt 0.772074 0.192609
vt 0.796543 0.193648
vt 0.797606 0.192609
vt 0.018466 0.771341
vt 0.016593 0.786832
vt 0.018950 0.767209
vt 0.052857 0.778098
vt 0.052857 0.777058
vt 0.930729 0.902370
vt 0.930303 0.902370
vt 0.930303 0.928783
vt 0.930729 0.928783
vt 0.048601 0.807215
vt 0.052857 0.807215
vt 0.419346 0.145819
vt 0.419346 0.152058
vt 0.427857 0.145819
vt 0.427857 0.152058
vt 0.931793 0.928783
vt 0.931793 0.902370
vt 0.931367 0.902370
vt 0.931367 0.928783
vt 0.929665 0.928783
vt 0.929665 0.902370
vt 0.929240 0.902370
vt 0.929240 0.928783
vt 0.804240 0.152370
vt 0.803920 0.152058
vt 0.803920 0.179095
vt 0.804240 0.178783
vt 0.806367 0.178783
vt 0.806367 0.152370
vt 0.806048 0.152058
vt 0.806048 0.179095
vt 0.806793 0.152370
vt 0.806793 0.178783
vt 0.807112 0.179095
vt 0.807112 0.152058
vt 0.804665 0.178783
vt 0.804984 0.179095
vt 0.804665 0.152370
vt 0.804984 0.152058
vt 0.807856 0.152370
vt 0.807857 0.178783
vt 0.808176 0.179095
vt 0.808176 0.152058
vt 0.805729 0.152370
vt 0.805729 0.178783
vt 0.807431 0.152370
vt 0.807431 0.178783
vt 0.805303 0.178783
vt 0.805303 0.152370
vt 0.412963 0.181175
vt 0.404452 0.181175
vt 0.404452 0.145819
vt 0.412963 0.145819
vt 0.417218 0.185334
vt 0.417218 0.146416
vt 0.416686 0.146617
vt 0.404452 0.183255
vt 0.415091 0.183255
vt 0.415091 0.185334
vt 0.417218 0.185334
vt 0.415091 0.183255
vt 0.447025 0.172663
vt 0.458399 0.144343
vt 0.411110 0.146031
vt 0.447567 0.172664
vt 0.466952 0.152838
vt 0.474399 0.152838
vt 0.474399 0.146599
vt 0.466952 0.146599
vt 0.411899 0.177015
vt 0.404452 0.177015
vt 0.404452 0.177015
vt 0.404452 0.161417
vt 0.411899 0.161417
vt 0.404452 0.161417
vt 0.404452 0.155178
vt 0.404452 0.160637
vt 0.411899 0.160637
vt 0.411899 0.155178
vt 0.404452 0.153618
vt 0.411899 0.153618
vt 0.411899 0.153618
vt 0.404452 0.153618
vt 0.471207 0.179095
vt 0.471207 0.179095
vt 0.471207 0.179095
vt 0.471207 0.179095
vt 0.787963 0.177015
vt 0.779452 0.177015
vt 0.779452 0.161417
vt 0.779452 0.162977
vt 0.787963 0.162977
vt 0.779452 0.154398
vt 0.787963 0.154398
vt 0.779452 0.153618
vt 0.404452 0.164537
vt 0.404452 0.175455
vt 0.411899 0.175455
vt 0.411899 0.164537
vt 0.779452 0.146599
vt 0.786899 0.146599
vt 0.787963 0.145819
vt 0.779452 0.145819
vt 0.786899 0.152838
vt 0.779452 0.152838
vt 0.772074 0.190531
vt 0.797606 0.197804
vt 0.796543 0.197804
vt 0.797606 0.228974
vt 0.796543 0.228974
vt 0.801862 0.193648
vt 0.801862 0.197804
vt 0.802926 0.197804
vt 0.802926 0.193648
vt 0.801862 0.190531
vt 0.802926 0.189492
vt 0.799163 0.236596
vt 0.797606 0.235037
vt 0.801862 0.236596
vt 0.802926 0.237500
vt 0.776603 0.183941
vt 0.770894 0.183276
vt 0.770332 0.184258
vt 0.778383 0.185195
vt 0.765827 0.177015
vt 0.764719 0.177322
vt 0.774220 0.178994
vt 0.775176 0.178539
vt 0.767233 0.165395
vt 0.766593 0.161832
vt 0.458394 0.183276
vt 0.464103 0.183941
vt 0.453327 0.177015
vt 0.461720 0.178994
vt 0.454733 0.165395
vt 0.786899 0.175455
vt 0.779452 0.175455
vt 0.846207 0.179095
vt 0.846207 0.179095
vt 0.786899 0.160637
vt 0.779452 0.160637
vt 0.846207 0.179095
vt 0.846207 0.179095
vt 0.779452 0.164537
vt 0.786899 0.164537
vt 0.779452 0.155178
vt 0.786899 0.155178
vt 0.850463 0.177535
vt 0.850463 0.179615
vt 0.850463 0.181175
vt 0.787963 0.163367
vt 0.787963 0.171166
vt 0.787963 0.154593
vt 0.787963 0.158492
vt 0.787963 0.162771
vt 0.787963 0.154295
vt 0.850463 0.177376
vt 0.444947 0.216377
vt 0.440691 0.216377
vt 0.466223 0.219494
vt 0.446011 0.219494
vt 0.446011 0.222611
vt 0.466223 0.222611
vt 0.447075 0.216377
vt 0.468351 0.216377
vt 0.447074 0.216377
vt 0.819947 0.197675
vt 0.819947 0.213260
vt 0.822074 0.197675
vt 0.844415 0.198455
vt 0.844415 0.212481
vt 0.845479 0.213260
vt 0.845479 0.197675
vt 0.822074 0.213260
vt 0.843351 0.199234
vt 0.843351 0.211702
vt 0.822074 0.211702
vt 0.822074 0.216377
vt 0.843351 0.216377
vt 0.794878 0.182215
vt 0.794878 0.180135
vt 0.794346 0.179095
vt 0.794346 0.182215
vt 0.802856 0.184814
vt 0.794878 0.184814
vt 0.794346 0.185334
vt 0.802857 0.185334
vt 0.798424 0.182735
vt 0.798601 0.182215
vt 0.802857 0.182735
vt 0.802857 0.182215
vt 0.929202 0.983960
vt 0.928777 0.983960
vt 0.928777 0.986777
vt 0.929202 0.986777
vt 0.929202 0.952531
vt 0.928777 0.952531
vt 0.928777 0.954765
vt 0.929202 0.954765
vt 0.929202 0.956428
vt 0.928777 0.956428
vt 0.928777 0.958662
vt 0.929202 0.958661
vt 0.929202 0.960324
vt 0.928777 0.960324
vt 0.928777 0.962558
vt 0.929202 0.962558
vt 0.929202 0.964220
vt 0.928777 0.964220
vt 0.928777 0.966454
vt 0.929202 0.966454
vt 0.929202 0.968116
vt 0.928777 0.968116
vt 0.928777 0.970350
vt 0.929202 0.970350
vt 0.929202 0.972012
vt 0.928777 0.972012
vt 0.928777 0.974246
vt 0.929202 0.974246
vt 0.929202 0.975909
vt 0.928777 0.975909
vt 0.928777 0.978143
vt 0.929202 0.978143
vt 0.802926 0.201700
vt 0.803777 0.200869
vt 0.803777 0.198635
vt 0.805053 0.201700
vt 0.804202 0.200869
vt 0.805053 0.197804
vt 0.804202 0.198635
vt 0.802926 0.228974
vt 0.802926 0.233237
vt 0.803777 0.232514
vt 0.803777 0.229697
vt 0.805053 0.233237
vt 0.804202 0.232514
vt 0.805053 0.228974
vt 0.804202 0.229697
vt 0.803777 0.192817
vt 0.803777 0.190323
vt 0.805053 0.193648
vt 0.804202 0.192817
vt 0.804202 0.190323
vt 0.803777 0.196973
vt 0.803777 0.194479
vt 0.804202 0.196973
vt 0.804202 0.194479
vt 0.803777 0.237500
vt 0.804202 0.237500
vt 0.803777 0.233960
vt 0.804202 0.233960
vt 0.803777 0.236777
vt 0.804202 0.236777
vt 0.803777 0.202531
vt 0.804202 0.202531
vt 0.802926 0.205596
vt 0.803777 0.204765
vt 0.805053 0.205596
vt 0.804202 0.204765
vt 0.803777 0.206428
vt 0.804202 0.206428
vt 0.802926 0.209493
vt 0.803777 0.208662
vt 0.805053 0.209493
vt 0.804202 0.208661
vt 0.803777 0.210324
vt 0.804202 0.210324
vt 0.802926 0.213389
vt 0.803777 0.212558
vt 0.805053 0.213389
vt 0.804202 0.212558
vt 0.803777 0.214220
vt 0.804202 0.214220
vt 0.802926 0.217285
vt 0.803777 0.216454
vt 0.805053 0.217285
vt 0.804202 0.216454
vt 0.803777 0.218116
vt 0.804202 0.218116
vt 0.802925 0.221181
vt 0.803777 0.220350
vt 0.805053 0.221181
vt 0.804202 0.220350
vt 0.803777 0.222012
vt 0.804202 0.222012
vt 0.802925 0.225078
vt 0.803777 0.224246
vt 0.805053 0.225078
vt 0.804202 0.224246
vt 0.803777 0.225909
vt 0.804202 0.225909
vt 0.803777 0.228143
vt 0.804202 0.228143
vt 0.819947 0.195597
vt 0.820798 0.196844
vt 0.820798 0.196429
vt 0.821223 0.196844
vt 0.822074 0.195597
vt 0.821223 0.196429
vt 0.828457 0.195597
vt 0.828457 0.197675
vt 0.829309 0.196844
vt 0.829309 0.196429
vt 0.830585 0.197675
vt 0.829734 0.196844
vt 0.830585 0.195597
vt 0.829734 0.196429
vt 0.822925 0.196844
vt 0.822925 0.196429
vt 0.827606 0.196844
vt 0.827606 0.196429
vt 0.831436 0.196844
vt 0.831436 0.196429
vt 0.836968 0.197675
vt 0.836117 0.196844
vt 0.836968 0.195597
vt 0.836117 0.196429
vt 0.837819 0.196844
vt 0.837819 0.196429
vt 0.839096 0.197675
vt 0.838245 0.196844
vt 0.839096 0.195597
vt 0.838245 0.196429
vt 0.839947 0.196844
vt 0.839947 0.196429
vt 0.844628 0.196844
vt 0.845479 0.195597
vt 0.844628 0.196429
vt 0.448367 0.179875
vt 0.448367 0.133000
vt 0.439133 0.133000
vt 0.439133 0.179875
vt 0.410867 0.179875
vt 0.410867 0.133000
vt 0.401633 0.133000
vt 0.401633 0.179875
vt 0.459990 0.169250
vt 0.459990 0.133000
vt 0.457410 0.133000
vt 0.457410 0.169250
vt 0.466186 0.169250
vt 0.466186 0.133000
vt 0.465064 0.133000
vt 0.465064 0.169250
vt 0.471314 0.133000
vt 0.471314 0.169250
vt 0.472436 0.169250
vt 0.472436 0.133000
vt 0.587500 0.133000
vt 0.600000 0.133000
vt 0.480090 0.169250
vt 0.480090 0.133000
vt 0.477510 0.133000
vt 0.477510 0.169250
vt 0.775000 0.133000
vt 0.762500 0.133000
vt 0.762500 0.183000
vt 0.775000 0.183000
vt 0.812500 0.183000
vt 0.812500 0.133000
vt 0.800000 0.133000
vt 0.800000 0.183000
vt 0.562500 0.133000
vt 0.575000 0.133000
vt 0.537500 0.133000
vt 0.550000 0.133000
vt 0.512500 0.133000
vt 0.525000 0.133000
vt 0.612500 0.133000
vt 0.524637 0.133000
vt 0.512863 0.133000
vt 0.526089 0.133000
vt 0.513589 0.133000
vt 0.412500 0.189196
vt 0.399203 0.194703
vt 0.402877 0.198377
vt 0.412500 0.194391
vt 0.537137 0.133000
vt 0.525362 0.133000
vt 0.538589 0.133000
vt 0.393695 0.208000
vt 0.398891 0.208000
vt 0.549637 0.133000
vt 0.537863 0.133000
vt 0.551089 0.133000
vt 0.399203 0.221297
vt 0.402877 0.217623
vt 0.562137 0.133000
vt 0.550363 0.133000
vt 0.563589 0.133000
vt 0.412500 0.226804
vt 0.412500 0.221609
vt 0.574637 0.133000
vt 0.562863 0.133000
vt 0.576089 0.133000
vt 0.425797 0.221297
vt 0.422123 0.217623
vt 0.587137 0.133000
vt 0.575362 0.133000
vt 0.588589 0.133000
vt 0.431305 0.208000
vt 0.426109 0.208000
vt 0.599638 0.133000
vt 0.587862 0.133000
vt 0.601089 0.133000
vt 0.425797 0.194703
vt 0.422123 0.198377
vt 0.612137 0.133000
vt 0.600363 0.133000
vt 0.611411 0.133000
vt 0.901307 0.883000
vt 0.911193 0.883000
vt 0.911194 0.883000
vt 0.901307 0.883000
vt 0.951307 0.883000
vt 0.961193 0.883000
vt 0.951306 0.883000
vt 0.976307 0.883000
vt 0.986193 0.883000
vt 0.986193 0.883000
vt 0.976307 0.883000
vt 0.888806 0.883000
vt 0.898693 0.883000
vt 0.898694 0.883000
vt 0.888807 0.883000
vt 0.787500 0.133000
vt 0.938806 0.883000
vt 0.948693 0.883000
vt 0.948693 0.883000
vt 0.938807 0.883000
vt 0.963807 0.883000
vt 0.973693 0.883000
vt 0.973693 0.883000
vt 0.963807 0.883000
vt 0.388589 0.133000
vt 0.401089 0.133000
vt 0.398647 0.133000
vt 0.388853 0.133000
vt 0.413589 0.133000
vt 0.411147 0.133000
vt 0.401353 0.133000
vt 0.426089 0.133000
vt 0.423647 0.133000
vt 0.413853 0.133000
vt 0.438589 0.133000
vt 0.436147 0.133000
vt 0.426353 0.133000
vt 0.451089 0.133000
vt 0.448647 0.133000
vt 0.438853 0.133000
vt 0.463589 0.133000
vt 0.461147 0.133000
vt 0.451353 0.133000
vt 0.476089 0.133000
vt 0.473647 0.133000
vt 0.463853 0.133000
vt 0.486411 0.133000
vt 0.486147 0.133000
vt 0.476353 0.133000
vt 0.837500 0.133000
vt 0.825000 0.133000
vt 0.862500 0.133000
vt 0.850000 0.133000
vt 0.823367 0.133000
vt 0.823367 0.179875
vt 0.825000 0.183000
vt 0.785867 0.133000
vt 0.785867 0.179875
vt 0.787500 0.183000
vt 0.814133 0.179875
vt 0.814133 0.133000
vt 0.776633 0.179875
vt 0.776633 0.133000
vt 0.786193 0.133000
vt 0.776307 0.133000
vt 0.786194 0.133000
vt 0.776307 0.133000
vt 0.836193 0.133000
vt 0.826307 0.133000
vt 0.826306 0.133000
vt 0.861193 0.133000
vt 0.851307 0.133000
vt 0.861193 0.133000
vt 0.851307 0.133000
vt 0.773693 0.133000
vt 0.763806 0.133000
vt 0.773694 0.133000
vt 0.763807 0.133000
vt 0.823693 0.133000
vt 0.813806 0.133000
vt 0.823693 0.133000
vt 0.813807 0.133000
vt 0.848693 0.133000
vt 0.838807 0.133000
vt 0.848693 0.133000
vt 0.838807 0.133000
vt 0.444947 0.225728
vt 0.440692 0.225728
vt 0.819947 0.225728
vt 0.843351 0.225728
vt 0.819947 0.216377
vt 0.444947 0.217936
vt 0.440691 0.217936
vt 0.440692 0.224170
vt 0.444947 0.224170
vt 0.440691 0.224170
vt 0.468351 0.225728
vt 0.437500 0.187500
vt 0.946436 0.974831
vt 0.945585 0.974831
vt 0.945585 0.975067
vt 0.946436 0.975067
vt 0.952819 0.974831
vt 0.947713 0.974831
vt 0.947713 0.975067
vt 0.952819 0.975067
vt 0.954947 0.974831
vt 0.954096 0.974831
vt 0.954096 0.975067
vt 0.954947 0.975067
vt 0.961330 0.974831
vt 0.956223 0.974831
vt 0.956223 0.975067
vt 0.961330 0.975067
vt 0.963457 0.974831
vt 0.962606 0.974831
vt 0.962606 0.975067
vt 0.963457 0.975067
vt 0.966957 0.974831
vt 0.964734 0.974831
vt 0.964734 0.975067
vt 0.967118 0.975067
vt 0.842287 0.217936
vt 0.842287 0.224170
vt 0.946436 0.967038
vt 0.945585 0.967038
vt 0.945585 0.967275
vt 0.946436 0.967275
vt 0.967118 0.967039
vt 0.964734 0.967039
vt 0.964734 0.967275
vt 0.966957 0.967275
vt 0.961330 0.967039
vt 0.956223 0.967039
vt 0.956223 0.967275
vt 0.961330 0.967275
vt 0.954947 0.967038
vt 0.954096 0.967038
vt 0.954096 0.967275
vt 0.954947 0.967275
vt 0.952819 0.967039
vt 0.947713 0.967039
vt 0.947713 0.967275
vt 0.952819 0.967275
vt 0.963457 0.967038
vt 0.962606 0.967038
vt 0.962606 0.967275
vt 0.963457 0.967275
vt 0.822074 0.224170
vt 0.819947 0.224170
vt 0.820585 0.224831
vt 0.821436 0.224831
vt 0.820585 0.225067
vt 0.822075 0.225728
vt 0.821436 0.225067
vt 0.828457 0.224170
vt 0.822713 0.224831
vt 0.827819 0.224831
vt 0.822713 0.225067
vt 0.828457 0.225728
vt 0.827819 0.225067
vt 0.830585 0.224170
vt 0.829096 0.224831
vt 0.829947 0.224831
vt 0.829096 0.225067
vt 0.830585 0.225728
vt 0.829947 0.225067
vt 0.836968 0.224170
vt 0.831223 0.224831
vt 0.836330 0.224831
vt 0.831223 0.225067
vt 0.836968 0.225728
vt 0.836330 0.225067
vt 0.839096 0.224170
vt 0.837606 0.224831
vt 0.838457 0.224831
vt 0.837606 0.225067
vt 0.839096 0.225728
vt 0.838457 0.225067
vt 0.839734 0.224831
vt 0.841957 0.224831
vt 0.839734 0.225067
vt 0.842118 0.225067
vt 0.822075 0.216377
vt 0.820585 0.217038
vt 0.821436 0.217038
vt 0.819947 0.217936
vt 0.820585 0.217275
vt 0.822074 0.217936
vt 0.821436 0.217275
vt 0.839096 0.216377
vt 0.839734 0.217039
vt 0.842118 0.217039
vt 0.839096 0.217936
vt 0.839734 0.217275
vt 0.841957 0.217275
vt 0.836968 0.216377
vt 0.830585 0.216377
vt 0.831223 0.217039
vt 0.836330 0.217039
vt 0.830585 0.217936
vt 0.831223 0.217275
vt 0.836968 0.217936
vt 0.836330 0.217275
vt 0.828457 0.216377
vt 0.829096 0.217038
vt 0.829947 0.217038
vt 0.828457 0.217936
vt 0.829096 0.217275
vt 0.830585 0.217936
vt 0.829947 0.217275
vt 0.822713 0.217039
vt 0.827819 0.217039
vt 0.822713 0.217275
vt 0.827819 0.217275
vt 0.837606 0.217038
vt 0.838457 0.217038
vt 0.837606 0.217275
vt 0.838457 0.217275
vt 0.841223 0.219494
vt 0.841223 0.222611
vt 0.821011 0.222611
vt 0.821011 0.219494
vt 0.820479 0.225728
vt 0.820479 0.216377
vt 0.820479 0.216377
vt 0.820479 0.225728
vt 0.820479 0.225728
vt 0.779452 0.177015
vt 0.786899 0.177015
vt 0.779452 0.161417
vt 0.786899 0.161417
vt 0.779452 0.153618
vt 0.786899 0.153618
vt 0.786899 0.153618
vt 0.828266 0.176750
vt 0.828266 0.133000
vt 0.859234 0.176750
vt 0.850000 0.176750
vt 0.850000 0.183000
vt 0.862500 0.183000
vt 0.859234 0.133000
vt 0.837500 0.176750
vt 0.837500 0.183000
vt 0.829900 0.173625
vt 0.829900 0.133000
vt 0.857600 0.173625
vt 0.850000 0.173625
vt 0.857600 0.133000
vt 0.837500 0.173625
vt 0.839331 0.170500
vt 0.839331 0.133000
vt 0.851793 0.170500
vt 0.851793 0.133000
vt 0.855808 0.170500
vt 0.855808 0.133000
vt 0.841919 0.170500
vt 0.843750 0.173625
vt 0.841919 0.133000
vt 0.843750 0.133000
vt 0.835707 0.133000
vt 0.835707 0.170500
vt 0.848169 0.170500
vt 0.848168 0.133000
vt 0.831692 0.170500
vt 0.831692 0.133000
vt 0.845581 0.133000
vt 0.845581 0.170500
vt 0.464331 0.133000
vt 0.464331 0.170500
vt 0.476793 0.133000
vt 0.476793 0.170500
vt 0.480808 0.170500
vt 0.480808 0.133000
vt 0.466919 0.170500
vt 0.466919 0.133000
vt 0.460707 0.170500
vt 0.460707 0.133000
vt 0.473169 0.170500
vt 0.473168 0.133000
vt 0.456692 0.133000
vt 0.456692 0.170500
vt 0.470581 0.133000
vt 0.470581 0.170500
vt 0.459574 0.192609
vt 0.459574 0.190531
vt 0.808176 0.145819
vt 0.803920 0.145819
vt 0.599749 0.212543
vt 0.472984 0.212543
vt 0.472606 0.212543
vt 0.485106 0.235037
vt 0.489362 0.236596
vt 0.486663 0.236596
vt 0.798670 0.237500
vt 0.803920 0.185334
vt 0.808176 0.185334
vt 0.862500 0.191440
vt 0.861436 0.191440
vt 0.811436 0.228974
vt 0.612500 0.193519
vt 0.612500 0.191440
vt 0.860372 0.145685
vt 0.860372 0.187280
vt 0.850798 0.154004
vt 0.850798 0.151924
vt 0.850798 0.145685
vt 0.389386 0.161575
vt 0.391653 0.146130
vt 0.391273 0.146086
vt 0.387945 0.177115
vt 0.387500 0.177064
vt 0.527394 0.187414
vt 0.553920 0.179095
vt 0.552857 0.179095
vt 0.516593 0.161832
vt 0.514719 0.177322
vt 0.518466 0.146341
vt 0.539027 0.187414
vt 0.538577 0.186814
vt 0.542218 0.185334
vt 0.540091 0.185334
vt 0.419878 0.184814
vt 0.427857 0.182735
vt 0.427856 0.184814
vt 0.412963 0.177015
vt 0.412963 0.161417
vt 0.412963 0.153618
vt 0.801862 0.228974
vt 0.820529 0.191029
vt 0.820529 0.224971
vt 0.813500 0.208000
vt 0.837500 0.184000
vt 0.837500 0.232000
vt 0.854471 0.191029
vt 0.854471 0.224971
vt 0.861500 0.208000
vt 0.445479 0.216377
vt 0.445479 0.216377
vt 0.445479 0.225728
vt 0.445479 0.225728
vt 0.445479 0.225728
s 0
usemtl Placeable
f 251/89/43 252/90/43 253/91/43
f 254/92/43 255/93/43 256/94/43
f 257/95/44 258/96/44 259/97/44
f 260/98/43 261/99/43 262/100/43
f 263/101/45 264/102/45 265/103/45
f 266/104/46 267/105/46 268/106/46
f 269/107/43 270/108/43 271/109/43
f 272/110/47 273/111/47 274/112/47
f 275/113/48 276/114/48 277/115/48
f 278/116/48 279/117/48 280/118/48
f 281/119/48 282/120/48 283/121/48
f 284/122/48 285/123/48 286/124/48
f 287/125/48 288/126/48 289/127/48
f 290/128/48 291/129/48 292/130/48
f 293/131/48 294/132/48 295/133/48
f 296/134/48 297/135/48 298/136/48
f 299/89/43 300/91/43 301/90/43
f 302/92/43 303/94/43 304/93/43
f 305/95/49 306/97/49 307/96/49
f 308/98/43 309/100/43 310/99/43
f 311/101/46 312/103/46 313/102/46
f 314/104/45 315/106/45 316/105/45
f 317/107/43 318/109/43 319/108/43
f 320/110/47 321/112/47 322/111/47
f 323/113/50 324/115/50 325/114/50
f 326/116/50 327/118/50 328/117/50
f 329/119/50 330/121/50 331/120/50
f 332/122/50 333/124/50 334/123/50
f 335/125/50 336/127/50 337/126/50
f 338/128/50 339/130/50 340/129/50
f 341/131/50 342/133/50 343/132/50
f 344/134/50 345/136/50 346/135/50
f 347/137/47 348/138/47 349/139/47
f 347/137/47 349/139/47 350/140/47
f 351/141/48 352/142/48 353/143/48
f 351/141/48 353/143/48 354/144/48
f 355/145/47 356/146/47 357/147/47
f 355/145/47 357/147/47 358/148/47
f 359/149/50 360/150/50 361/151/50
f 359/149/50 361/151/50 362/152/50
f 354/144/48 353/143/48 363/153/48
f 354/144/48 363/153/48 364/154/48
f 365/155/48 366/156/48 367/157/48
f 365/155/48 367/157/48 368/158/48
f 369/159/50 370/160/50 360/150/50
f 369/159/50 360/150/50 359/149/50
f 371/161/47 372/162/47 373/163/47
f 371/161/47 373/163/47 374/164/47
f 375/165/48 376/166/48 377/167/48
f 375/165/48 377/167/48 378/168/48
f 379/169/47 380/170/47 356/146/47
f 379/169/47 356/146/47 355/145/47
f 352/142/48 381/171/48 382/172/48
f 352/142/48 382/172/48 353/143/48
f 383/173/51 384/174/51 385/175/51
f 383/173/51 385/175/51 386/176/51
f 350/140/47 387/177/47 388/178/47
f 350/140/47 388/178/47 389/179/47
f 390/180/52 391/181/52 392/182/52
f 390/180/52 392/182/52 393/183/52
s 1
f 394/184/53 395/95/54 396/97/53
f 394/184/53 396/97/53 397/185/53
s 0
f 398/186/47 399/187/47 400/188/47
f 398/186/47 400/188/47 401/189/47
f 402/190/48 403/191/48 404/192/48
f 402/190/48 404/192/48 405/193/48
f 362/152/50 361/151/50 406/194/50
f 362/152/50 406/194/50 407/195/50
f 408/196/55 409/197/55 410/198/55
f 408/196/55 410/198/55 411/199/55
f 353/143/48 382/172/48 412/200/48
f 353/143/48 412/200/48 363/153/48
f 269/107/43 271/109/43 413/201/43
f 269/107/43 413/201/43 414/202/43
f 415/203/56 416/204/56 417/204/56
f 415/203/56 417/204/56 418/203/56
f 419/205/48 420/206/48 421/207/48
f 419/205/48 421/207/48 422/208/48
f 423/209/48 424/210/48 425/211/48
f 423/209/48 425/211/48 426/212/48
f 427/213/51 428/214/51 429/215/51
f 427/213/51 429/215/51 430/216/51
f 431/217/48 432/218/48 433/219/48
f 431/217/48 433/219/48 434/220/48
f 435/221/56 436/214/56 437/214/56
f 435/221/56 437/214/56 438/221/56
f 439/222/48 440/223/48 441/224/48
f 439/222/48 441/224/48 442/225/48
f 443/175/56 444/174/56 445/174/56
f 443/175/56 445/174/56 446/175/56
f 447/226/52 448/227/52 449/228/52
f 447/226/52 449/228/52 450/229/52
f 451/230/48 452/231/48 453/232/48
f 451/230/48 453/232/48 454/233/48
f 455/234/43 456/235/43 457/236/43
f 455/234/43 457/236/43 458/237/43
f 459/238/48 460/239/48 461/240/48
f 459/238/48 461/240/48 462/241/48
f 463/242/48 459/238/48 462/241/48
f 463/242/48 462/241/48 464/243/48
f 465/235/43 466/234/43 467/244/43
f 465/235/43 467/244/43 468/245/43
f 469/246/48 470/247/48 471/248/48
f 469/246/48 471/248/48 472/249/48
f 473/250/57 474/251/57 475/252/57
f 473/250/57 475/252/57 476/253/57
f 477/254/58 478/255/58 479/256/58
f 477/254/58 479/256/58 480/257/58
f 406/194/50 481/258/50 482/259/50
f 406/194/50 482/259/50 407/195/50
f 460/239/48 483/260/48 484/261/48
f 460/239/48 484/261/48 461/240/48
f 485/262/48 486/263/48 487/264/48
f 485/262/48 487/264/48 488/265/48
f 489/266/48 490/267/48 491/268/48
f 489/266/48 491/268/48 492/269/48
f 493/270/47 494/271/47 495/272/47
f 493/270/47 495/272/47 496/273/47
f 497/274/48 498/275/48 499/276/48
f 497/274/48 499/276/48 500/277/48
f 253/91/43 501/278/43 502/279/43
f 253/91/43 502/279/43 251/89/43
f 503/280/47 504/257/47 505/281/47
f 503/280/47 505/281/47 506/282/47
f 255/93/43 507/283/43 508/284/43
f 255/93/43 508/284/43 509/285/43
f 510/213/56 511/213/56 512/214/56
f 510/213/56 512/214/56 513/214/56
f 514/174/51 515/286/51 516/287/51
f 514/174/51 516/287/51 517/175/51
f 518/288/56 519/289/56 520/289/56
f 518/288/56 520/289/56 521/288/56
s 1
f 522/290/59 523/291/60 524/292/59
f 522/290/59 524/292/59 525/293/60
s 0
f 526/294/61 527/295/61 528/296/61
f 526/294/62 528/296/62 529/297/62
f 530/298/63 531/299/63 532/300/63
f 530/298/64 532/300/64 533/301/64
f 534/196/47 535/302/47 536/303/47
f 534/196/47 536/303/47 537/197/47
s 1
f 538/304/65 539/305/66 540/306/66
f 538/304/65 540/306/66 541/307/66
s 0
f 542/308/67 543/309/67 544/310/67
f 542/308/67 544/310/67 545/311/67
s 1
f 546/312/68 547/313/68 548/314/68
f 546/312/68 548/314/68 549/315/69
f 550/95/70 551/316/71 552/317/72
f 550/95/70 552/317/72 553/96/70
s 0
f 554/318/48 375/165/48 378/168/48
f 554/318/48 378/168/48 555/319/48
s 1
f 556/320/73 557/321/74 558/322/73
f 556/320/73 558/322/73 559/323/73
s 0
f 560/324/75 561/325/75 562/326/75
s 1
f 560/324/76 562/326/76 563/327/76
f 564/328/77 565/329/77 566/330/77
f 564/328/77 566/330/77 567/331/77
s 0
f 568/308/78 569/311/78 570/332/78
f 568/308/78 570/332/78 571/333/78
f 572/334/79 573/335/79 574/319/79
f 572/334/80 574/319/80 575/336/80
f 576/297/81 577/296/81 578/337/81
f 576/297/82 578/337/82 579/338/82
f 580/299/82 581/298/82 582/339/82
f 580/299/82 582/339/82 583/340/82
f 584/300/83 585/299/83 586/340/83
f 584/300/83 586/340/83 587/341/83
f 588/342/84 589/343/84 590/344/84
f 588/342/85 590/344/85 591/345/85
s 1
f 592/309/86 593/308/86 594/333/86
f 592/309/86 594/333/86 595/346/86
f 596/315/87 597/314/87 598/347/88
f 596/315/87 598/347/88 599/348/87
s 0
f 600/96/89 601/317/89 602/349/89
f 600/96/90 602/349/90 603/350/90
f 604/351/91 605/352/91 606/353/91
f 604/351/91 606/353/91 607/354/91
f 608/355/92 609/356/92 610/357/92
f 608/355/92 610/357/92 611/358/92
f 612/356/93 613/359/93 614/360/93
f 612/356/93 614/360/93 615/361/93
f 616/362/94 617/363/94 618/364/94
f 616/362/94 618/364/94 619/365/94
f 620/366/92 621/367/92 622/355/92
f 620/366/92 622/355/92 623/358/92
f 624/368/67 625/369/67 626/370/67
f 624/368/67 626/370/67 627/371/67
f 628/372/55 629/373/55 630/374/55
f 628/372/55 630/374/55 631/375/55
f 632/376/58 633/377/58 634/378/58
f 632/376/58 634/378/58 635/379/58
f 636/380/58 637/381/58 638/382/58
f 636/380/58 638/382/58 639/383/58
f 640/384/55 641/385/55 642/386/55
f 640/384/55 642/386/55 643/387/55
f 644/388/55 628/372/55 631/375/55
f 644/388/55 631/375/55 645/389/55
f 646/101/55 647/390/55 648/391/55
f 646/101/55 648/391/55 649/392/55
s 1
f 650/388/55 651/389/55 652/393/55
f 650/388/55 652/393/55 653/394/55
s 0
f 654/395/58 655/367/58 656/396/58
f 654/395/58 656/396/58 657/397/58
f 658/398/47 659/399/47 372/162/47
f 658/398/47 372/162/47 371/161/47
f 660/400/95 661/401/95 662/303/95
f 660/400/96 662/303/96 663/302/96
f 664/244/97 665/234/97 666/402/97
f 664/244/97 666/402/97 667/403/97
f 668/234/97 669/237/97 670/404/97
f 668/234/97 670/404/97 671/402/97
f 672/405/58 673/200/58 674/406/58
f 672/405/58 674/406/58 675/407/58
f 676/236/98 677/235/98 678/408/98
f 676/236/98 678/408/98 679/409/98
s 1
f 680/235/99 681/245/99 682/410/100
f 680/235/99 682/410/100 683/408/99
s 0
f 684/302/101 685/196/101 686/199/101
f 684/302/101 686/199/101 687/400/101
f 688/237/102 689/236/102 690/409/102
f 688/237/102 690/409/102 691/404/102
f 692/254/101 693/411/101 694/412/101
f 692/254/101 694/412/101 695/255/101
f 696/413/47 697/414/47 698/415/47
f 696/413/47 698/415/47 699/416/47
f 700/281/103 701/257/103 702/256/103
f 700/281/103 702/256/103 703/417/103
f 704/282/94 705/281/94 706/417/94
f 704/282/94 706/417/94 707/418/94
f 708/188/104 709/187/104 710/419/104
f 708/188/104 710/419/104 711/420/104
f 712/187/105 713/186/105 714/421/105
f 712/187/105 714/421/105 715/419/105
f 716/189/106 717/188/106 718/420/106
f 716/189/106 718/420/106 719/422/106
f 720/423/47 721/424/47 722/425/47
f 720/423/47 722/425/47 723/426/47
f 724/427/47 725/428/47 726/429/47
f 724/427/47 726/429/47 727/430/47
f 728/431/58 729/432/58 730/433/58
f 728/431/58 730/433/58 731/434/58
f 732/435/58 733/436/58 734/437/58
f 732/435/58 734/437/58 735/438/58
f 736/439/55 737/440/55 738/441/55
f 736/439/55 738/441/55 739/442/55
f 740/436/101 741/439/101 742/442/101
f 740/436/101 742/442/101 743/437/101
f 744/443/94 745/434/94 746/433/94
f 744/443/94 746/433/94 747/444/94
f 748/431/101 749/445/101 750/446/101
f 748/431/101 750/446/101 751/432/101
f 752/440/94 753/435/94 754/438/94
f 752/440/94 754/438/94 755/441/94
f 756/445/55 757/443/55 758/444/55
f 756/445/55 758/444/55 759/446/55
f 760/447/55 761/448/55 762/449/55
f 760/447/55 762/449/55 763/450/55
f 764/451/55 765/452/55 766/438/55
f 764/451/55 766/438/55 767/437/55
f 768/453/101 769/447/101 770/450/101
f 768/453/101 770/450/101 742/442/101
f 771/448/94 772/454/94 755/441/94
f 771/448/94 755/441/94 773/449/94
f 774/452/94 775/455/94 747/444/94
f 774/452/94 747/444/94 754/438/94
f 776/456/101 777/451/101 743/437/101
f 776/456/101 743/437/101 750/446/101
f 778/453/58 779/442/58 780/441/58
f 778/453/58 780/441/58 781/454/58
f 782/455/58 783/456/58 784/446/58
f 782/455/58 784/446/58 785/444/58
s 1
f 786/284/67 787/283/67 788/457/67
s 0
f 786/284/67 788/457/67 789/458/67
f 790/89/94 791/279/94 792/459/94
f 790/89/94 792/459/94 793/460/94
f 794/92/92 795/461/92 796/462/92
f 794/92/92 796/462/92 797/463/92
f 798/93/94 799/285/94 800/464/94
f 798/93/94 800/464/94 801/465/94
f 802/92/94 803/94/94 804/466/94
f 802/92/94 804/466/94 805/467/94
f 806/94/97 807/93/97 808/468/97
f 806/94/97 808/468/97 809/466/97
f 810/278/67 811/91/67 812/469/67
f 810/278/67 812/469/67 813/470/67
f 814/91/107 815/90/107 816/471/107
f 814/91/107 816/471/107 817/472/107
f 818/473/43 819/474/43 820/475/43
f 818/473/43 820/475/43 821/476/43
f 822/477/51 823/478/51 824/479/51
f 822/477/51 824/479/51 825/477/51
f 826/480/51 827/481/51 828/481/51
f 826/480/51 828/481/51 829/482/51
f 830/483/108 831/484/108 832/485/108
f 830/483/108 832/485/108 833/486/108
f 834/487/51 835/488/51 836/489/51
f 834/487/51 836/489/51 837/490/51
f 838/491/108 839/492/108 840/493/108
f 838/491/108 840/493/108 841/494/108
f 842/495/109 843/496/109 844/496/109
f 842/495/109 844/496/109 845/495/109
f 846/126/109 847/497/109 848/498/109
f 846/126/109 848/498/109 849/499/109
f 850/500/109 851/501/109 852/129/109
f 850/500/109 852/129/109 853/502/109
f 854/503/108 855/504/108 856/505/108
f 854/503/108 856/505/108 857/506/108
f 858/507/43 859/508/43 860/509/43
f 858/507/43 860/509/43 861/510/43
f 859/508/43 862/511/43 863/129/43
f 859/508/43 863/129/43 860/509/43
f 862/511/43 864/512/43 865/502/43
f 862/511/43 865/502/43 863/129/43
f 866/405/92 867/513/92 868/153/92
f 866/405/92 868/153/92 869/200/92
f 870/254/47 504/257/47 503/280/47
f 870/254/47 503/280/47 871/411/47
f 872/514/92 873/407/92 874/406/92
f 872/514/92 874/406/92 875/515/92
f 876/516/92 877/514/92 878/515/92
f 876/516/92 878/515/92 879/517/92
f 880/518/110 881/519/110 882/520/110
f 880/518/110 882/520/110 883/521/110
f 884/522/110 880/518/110 883/521/110
f 884/522/110 883/521/110 885/523/110
f 886/524/111 887/525/111 888/290/111
f 886/524/111 888/290/111 889/293/111
f 890/525/93 891/516/93 892/517/93
f 890/525/93 892/517/93 893/290/93
f 894/526/112 895/524/112 896/293/112
f 894/526/112 896/293/112 897/527/112
f 898/528/43 899/529/43 900/530/43
f 898/528/43 900/530/43 901/531/43
f 899/529/43 902/532/43 903/533/43
f 899/529/43 903/533/43 900/530/43
f 904/534/43 898/528/43 901/531/43
f 904/534/43 901/531/43 905/535/43
f 906/532/43 907/536/43 908/537/43
f 906/532/43 908/537/43 909/533/43
f 910/536/43 911/534/43 912/535/43
f 910/536/43 912/535/43 913/537/43
f 914/202/67 915/201/67 916/538/67
f 914/202/67 916/538/67 917/539/67
f 918/201/113 919/109/113 920/540/113
f 918/201/113 920/540/113 921/538/113
f 922/107/114 923/202/114 924/539/114
f 922/107/114 924/539/114 925/541/114
f 926/109/98 927/108/98 928/542/98
f 926/109/98 928/542/98 929/540/98
f 930/108/115 931/107/115 932/541/115
f 930/108/115 932/541/115 933/542/115
f 934/543/108 935/544/108 936/496/108
f 934/543/108 936/496/108 937/495/108
f 938/545/108 939/546/108 940/546/108
f 938/545/108 940/546/108 941/546/108
f 942/547/108 943/548/108 944/497/108
f 942/547/108 944/497/108 945/126/108
f 946/549/108 947/550/108 948/546/108
f 946/549/108 948/546/108 949/546/108
f 950/551/108 951/552/108 952/499/108
f 950/551/108 952/499/108 953/498/108
f 954/553/108 955/554/108 956/501/108
f 954/553/108 956/501/108 957/500/108
f 958/552/108 959/543/108 960/495/108
f 958/552/108 960/495/108 961/499/108
f 962/554/108 963/547/108 964/126/108
f 962/554/108 964/126/108 965/501/108
f 966/550/108 967/545/108 968/546/108
f 966/550/108 968/546/108 969/546/108
f 970/555/48 971/556/48 972/557/48
f 970/555/48 972/557/48 973/123/48
f 974/558/48 975/559/48 976/495/48
f 974/558/48 976/495/48 977/126/48
f 978/560/48 979/561/48 977/126/48
f 978/560/48 977/126/48 980/129/48
f 975/559/48 981/562/48 982/127/48
f 975/559/48 982/127/48 976/495/48
f 983/125/48 974/558/48 977/126/48
f 983/125/48 977/126/48 984/126/48
f 979/561/48 985/563/48 986/130/48
f 979/561/48 986/130/48 977/126/48
f 987/128/48 978/560/48 980/129/48
f 987/128/48 980/129/48 988/129/48
f 971/556/48 989/564/48 990/124/48
f 971/556/48 990/124/48 972/557/48
f 991/122/48 970/555/48 973/123/48
f 991/122/48 973/123/48 992/123/48
f 993/565/47 994/566/47 995/566/47
f 993/565/47 995/566/47 996/565/47
f 997/567/48 998/568/48 999/569/48
f 997/567/48 999/569/48 1000/570/48
f 1001/571/47 1002/572/47 1003/572/47
f 1001/571/47 1003/572/47 1004/573/47
f 1005/135/110 1006/133/110 1007/574/110
f 1005/135/110 1007/574/110 1008/575/110
f 1009/133/58 1010/132/58 1011/576/58
f 1009/133/58 1011/576/58 1012/574/58
f 1013/577/92 1014/578/92 1015/579/92
f 1013/577/92 1015/579/92 1016/580/92
f 1017/136/52 1018/135/52 1019/575/52
f 1017/136/52 1019/575/52 1020/581/52
f 1021/578/52 1017/136/52 1020/581/52
f 1021/578/52 1020/581/52 1022/579/52
f 296/134/48 293/131/48 295/133/48
f 296/134/48 295/133/48 297/135/48
f 1023/582/48 1024/577/48 294/132/48
f 1023/582/48 294/132/48 293/131/48
f 1023/582/48 1025/583/48 1026/578/48
f 1023/582/48 1026/578/48 1024/577/48
f 1025/583/48 1027/584/48 298/136/48
f 1025/583/48 298/136/48 1026/578/48
f 1028/585/48 1029/586/48 1030/579/48
f 1028/585/48 1030/579/48 1031/581/48
f 1032/587/47 1033/588/47 1034/589/47
f 1032/587/47 1034/589/47 1035/590/47
f 1036/591/47 1037/592/47 1038/593/47
f 1036/591/47 1038/593/47 1039/594/47
f 1037/592/47 1032/587/47 1035/590/47
f 1037/592/47 1035/590/47 1038/593/47
f 1033/588/47 1040/595/47 1041/596/47
f 1033/588/47 1041/596/47 1034/589/47
f 1040/595/47 1042/597/47 1043/598/47
f 1040/595/47 1043/598/47 1041/596/47
f 1044/599/57 1045/600/57 1046/601/57
f 1044/599/57 1046/601/57 1047/602/57
f 1048/603/48 1049/604/48 1050/605/48
f 1048/603/48 1050/605/48 1051/606/48
f 1052/607/48 1053/608/48 1054/609/48
f 1052/607/48 1054/609/48 1055/610/48
f 1056/611/48 1057/612/48 1058/613/48
f 1056/611/48 1058/613/48 1059/614/48
f 1060/615/48 1061/616/48 1062/617/48
f 1060/615/48 1062/617/48 1063/618/48
f 1064/619/48 1065/620/48 1066/621/48
f 1064/619/48 1066/621/48 1067/622/48
f 1068/623/48 1069/624/48 1070/625/48
f 1068/623/48 1070/625/48 1071/626/48
f 1072/627/48 1073/628/48 1074/629/48
f 1072/627/48 1074/629/48 1075/630/48
f 1076/520/116 1077/631/116 1078/632/116
f 1076/520/116 1078/632/116 1079/633/116
f 1080/631/117 1081/634/117 1082/635/117
f 1080/631/117 1082/635/117 1083/632/117
f 1084/634/118 1085/636/118 1086/637/118
f 1084/634/118 1086/637/118 1087/635/118
f 1088/636/119 1089/520/119 1090/633/119
f 1088/636/119 1090/633/119 1091/637/119
f 1092/638/120 1093/639/120 1094/640/120
f 1092/638/120 1094/640/120 1095/641/120
f 1096/639/121 1097/642/121 1098/643/121
f 1096/639/121 1098/643/121 1099/640/121
f 1100/642/122 1101/644/122 1102/645/122
f 1100/642/122 1102/645/122 1103/643/122
f 1104/644/123 1105/638/123 1106/641/123
f 1104/644/124 1106/641/124 1107/645/124
f 1108/523/116 1109/521/116 1110/646/116
f 1108/523/116 1110/646/116 1111/647/116
f 1112/521/117 1113/648/117 1114/649/117
f 1112/521/117 1114/649/117 1115/646/117
f 1116/648/118 1117/263/118 1118/650/118
f 1116/648/118 1118/650/118 1119/649/118
f 1120/263/119 1121/523/119 1122/647/119
f 1120/263/119 1122/647/119 1123/650/119
f 1124/521/116 1125/520/116 1126/651/116
f 1124/521/116 1126/651/116 1127/652/116
f 1128/520/117 1129/636/117 1130/653/117
f 1128/520/117 1130/653/117 1131/651/117
f 1132/636/118 1133/648/118 1134/654/118
f 1132/636/118 1134/654/118 1135/653/118
f 1136/648/119 1137/521/119 1138/652/119
f 1136/648/119 1138/652/119 1139/654/119
f 1140/204/125 1141/527/125 1142/655/125
f 1140/204/125 1142/655/125 1143/656/125
f 1144/527/126 1145/527/126 1146/655/126
f 1144/527/126 1146/655/126 1147/655/126
f 1148/527/127 1149/204/127 1150/656/127
f 1148/527/127 1150/656/127 1151/655/127
f 1152/204/128 1153/204/128 1154/656/128
f 1152/204/128 1154/656/128 1155/656/128
f 1156/642/123 1157/639/123 1158/657/123
f 1156/642/123 1158/657/123 1159/658/123
f 1160/639/120 1161/527/120 1162/659/120
f 1160/639/120 1162/659/120 1163/657/120
s 1
f 1164/527/121 1165/204/121 1166/660/121
s 0
f 1164/527/121 1166/660/121 1167/659/121
f 1168/204/122 1169/642/122 1170/658/122
f 1168/204/122 1170/658/122 1171/660/122
f 1172/634/119 1173/631/119 1174/661/119
f 1172/634/119 1174/661/119 1175/662/119
f 1176/631/116 1177/663/116 1178/664/116
f 1176/631/116 1178/664/116 1179/661/116
f 1180/663/117 1181/665/117 1182/666/117
f 1180/663/117 1182/666/117 1183/664/117
f 1184/665/118 1185/634/118 1186/662/118
f 1184/665/118 1186/662/118 1187/666/118
f 1188/665/119 1189/663/119 1190/667/119
f 1188/665/119 1190/667/119 1191/668/119
f 1192/663/116 1193/669/116 1194/670/116
f 1192/663/116 1194/670/116 1195/667/116
f 1196/669/117 1197/671/117 1198/672/117
f 1196/669/117 1198/672/117 1199/670/117
f 1200/671/118 1201/665/118 1202/668/118
f 1200/671/118 1202/668/118 1203/672/118
f 1204/671/119 1205/669/119 1206/673/119
f 1204/671/119 1206/673/119 1207/674/119
f 1208/669/116 1209/675/116 1210/676/116
f 1208/669/116 1210/676/116 1211/673/116
f 1212/675/117 1213/677/117 1214/678/117
f 1212/675/117 1214/678/117 1215/676/117
f 1216/677/118 1200/671/118 1217/674/118
f 1216/677/118 1217/674/118 1218/678/118
f 1219/677/119 1220/675/119 1221/679/119
f 1219/677/119 1221/679/119 1222/680/119
f 1209/675/116 1223/681/116 1224/682/116
f 1209/675/116 1224/682/116 1225/679/116
f 1226/681/117 1227/683/117 1228/684/117
f 1226/681/117 1228/684/117 1229/682/117
f 1230/683/118 1216/677/118 1231/680/118
f 1230/683/118 1231/680/118 1232/684/118
f 1233/683/119 1234/681/119 1235/685/119
f 1233/683/119 1235/685/119 1236/686/119
f 1223/681/116 1237/687/116 1238/688/116
f 1223/681/116 1238/688/116 1239/685/116
f 1240/687/117 1241/689/117 1242/690/117
f 1240/687/117 1242/690/117 1243/688/117
f 1244/689/118 1230/683/118 1245/686/118
f 1244/689/118 1245/686/118 1246/690/118
f 1247/689/119 1248/687/119 1249/691/119
f 1247/689/119 1249/691/119 1250/692/119
f 1251/687/116 1252/693/116 1253/694/116
f 1251/687/116 1253/694/116 1254/691/116
f 1255/693/117 1256/695/117 1257/696/117
f 1255/693/117 1257/696/117 1258/694/117
f 1259/695/118 1260/689/118 1261/692/118
f 1259/695/118 1261/692/118 1262/696/118
f 1263/695/119 1264/693/119 1265/697/119
f 1263/695/119 1265/697/119 1266/698/119
f 1252/693/116 1267/638/116 1268/699/116
f 1252/693/116 1268/699/116 1269/697/116
f 1270/638/117 1271/644/117 1272/700/117
f 1270/638/117 1272/700/117 1273/699/117
f 1274/644/118 1259/695/118 1275/698/118
f 1274/644/118 1275/698/118 1276/700/118
f 1277/701/48 1278/574/48 1279/702/48
f 1277/701/48 1279/702/48 1280/703/48
f 1278/574/48 1281/576/48 1282/704/48
f 1278/574/48 1282/704/48 1279/702/48
f 1281/576/48 1283/705/48 1284/706/48
f 1281/576/48 1284/706/48 1282/704/48
f 1283/705/48 1277/701/48 1280/703/48
f 1283/705/48 1280/703/48 1284/706/48
f 1285/707/48 1286/708/48 1287/709/48
f 1285/707/48 1287/709/48 1288/710/48
f 1286/708/48 1289/711/48 1290/712/48
f 1286/708/48 1290/712/48 1287/709/48
f 1289/711/48 1291/713/48 1292/714/48
f 1289/711/48 1292/714/48 1290/712/48
f 1291/713/48 1285/707/48 1288/710/48
f 1291/713/48 1288/710/48 1292/714/48
f 1283/705/48 1281/576/48 1293/715/48
f 1283/705/48 1293/715/48 1294/716/48
f 1281/576/48 1286/708/48 1295/717/48
f 1281/576/48 1295/717/48 1293/715/48
f 1286/708/48 1285/707/48 1296/718/48
f 1286/708/48 1296/718/48 1295/717/48
f 1285/707/48 1283/705/48 1294/716/48
f 1285/707/48 1294/716/48 1296/718/48
f 1291/713/48 1289/711/48 1297/719/48
f 1291/713/48 1297/719/48 1298/720/48
f 1299/711/48 1300/721/48 1301/722/48
f 1299/711/48 1301/722/48 1302/719/48
f 1303/721/48 1304/723/48 1305/724/48
f 1303/721/48 1305/724/48 1306/722/48
f 1307/723/48 1308/713/48 1309/720/48
f 1307/723/48 1309/720/48 1310/724/48
f 1304/723/48 1303/721/48 1311/725/48
f 1304/723/48 1311/725/48 1312/726/48
f 1303/721/48 1313/727/48 1314/728/48
f 1303/721/48 1314/728/48 1311/725/48
f 1313/727/48 1315/729/48 1316/730/48
f 1313/727/48 1316/730/48 1314/728/48
f 1315/729/48 1304/723/48 1312/726/48
f 1315/729/48 1312/726/48 1316/730/48
f 1315/729/48 1313/727/48 1317/731/48
f 1315/729/48 1317/731/48 1318/732/48
f 1319/727/48 1320/580/48 1321/733/48
f 1319/727/48 1321/733/48 1322/731/48
f 1323/580/48 1324/734/48 1325/735/48
f 1323/580/48 1325/735/48 1326/733/48
f 1327/734/48 1328/729/48 1329/732/48
f 1327/734/48 1329/732/48 1330/735/48
f 1331/736/129 1332/737/129 1333/738/129
f 1331/736/129 1333/738/129 1334/739/129
f 1335/740/130 1336/741/130 1337/742/130
f 1335/740/130 1337/742/130 1338/743/130
f 1339/744/131 1340/745/131 1341/746/131
f 1339/744/131 1341/746/131 1342/747/131
f 1343/748/132 1344/749/132 1345/750/132
f 1343/748/132 1345/750/132 1346/751/132
f 1347/752/132 1348/753/132 1349/754/132
f 1347/752/132 1349/754/132 1350/755/132
f 1351/756/133 1352/757/133 1353/757/133
s 1
f 1351/756/133 1353/757/133 1354/756/133
s 0
f 1355/758/134 1356/759/134 1357/760/134
f 1355/758/134 1357/760/134 1358/761/134
f 1359/762/135 1360/763/135 1361/764/135
f 1359/762/135 1361/764/135 1362/765/135
f 1363/766/136 1364/767/136 1365/768/136
f 1363/766/136 1365/768/136 1366/769/136
f 1367/770/137 1368/771/137 1369/771/137
f 1367/770/137 1369/771/137 1370/770/137
f 1371/772/138 1372/773/138 1373/773/138
f 1371/772/138 1373/773/138 1374/772/138
f 1375/774/139 1376/775/139 1377/775/139
f 1375/774/139 1377/775/139 1378/774/139
f 1379/757/140 1380/776/140 1381/776/140
f 1379/757/140 1381/776/140 1382/757/140
f 1383/771/141 1384/756/141 1385/756/141
f 1383/771/141 1385/756/141 1386/771/141
f 1387/773/142 1388/770/142 1389/770/142
f 1387/773/142 1389/770/142 1390/773/142
f 1391/775/143 1392/772/143 1393/772/143
f 1391/775/143 1393/772/143 1394/775/143
f 1395/774/144 1396/775/144 1397/777/144
f 1395/774/144 1397/777/144 1398/778/144
f 1399/778/145 1400/777/145 1401/779/145
f 1399/778/145 1401/779/145 1402/780/145
f 1403/781/146 1404/782/146 1405/783/146
f 1403/781/146 1405/783/146 1406/784/146
f 1407/775/147 1408/772/147 1409/785/147
f 1407/775/147 1409/785/147 1410/786/147
f 1411/786/148 1412/785/148 1413/787/148
f 1411/786/148 1413/787/148 1414/779/148
f 1415/782/149 1416/788/149 1417/789/149
f 1415/782/149 1417/789/149 1418/783/149
f 1419/772/150 1420/773/150 1421/790/150
f 1419/772/150 1421/790/150 1422/791/150
f 1423/791/151 1424/790/151 1425/792/151
f 1423/791/151 1425/792/151 1426/787/151
f 1427/788/152 1428/793/152 1429/794/152
f 1427/788/152 1429/794/152 1430/789/152
f 1431/773/153 1432/770/153 1433/795/153
f 1431/773/153 1433/795/153 1434/796/153
f 1435/796/154 1436/795/154 1437/797/154
f 1435/796/154 1437/797/154 1438/792/154
f 1439/793/155 1440/798/155 1441/799/155
f 1439/793/155 1441/799/155 1442/794/155
f 1443/770/156 1444/771/156 1445/800/156
f 1443/770/156 1445/800/156 1446/801/156
f 1447/801/157 1448/800/157 1449/802/157
f 1447/801/157 1449/802/157 1450/797/157
f 1451/798/158 1452/803/158 1453/804/158
f 1451/798/158 1453/804/158 1454/799/158
f 1455/771/159 1456/756/159 1457/805/159
f 1455/771/159 1457/805/159 1458/806/159
f 1459/806/160 1460/805/160 1461/807/160
f 1459/806/160 1461/807/160 1462/802/160
f 1463/803/161 1464/808/161 1465/809/161
f 1463/803/161 1465/809/161 1466/804/161
f 1467/756/162 1468/757/162 1469/810/162
f 1467/756/162 1469/810/162 1470/811/162
f 1471/811/163 1472/810/163 1473/812/163
f 1471/811/163 1473/812/163 1474/807/163
f 1475/808/164 1476/813/164 1477/814/164
f 1475/808/164 1477/814/164 1478/809/164
f 1479/757/165 1480/776/165 1481/815/165
f 1479/757/165 1481/815/165 1482/816/165
f 1483/816/166 1484/815/166 1485/817/166
f 1483/816/166 1485/817/166 1486/812/166
f 1487/813/167 1488/781/167 1489/784/167
f 1487/813/167 1489/784/167 1490/814/167
f 1491/818/130 1492/819/130 1493/820/130
f 1491/818/130 1493/820/130 1494/821/130
f 1495/768/136 1496/767/136 1497/767/136
f 1495/768/136 1497/767/136 1498/768/136
f 1499/822/131 1500/823/131 1501/823/131
f 1499/822/131 1501/823/131 1502/824/131
f 1503/825/134 1504/826/134 1505/827/134
f 1503/825/134 1505/827/134 1506/828/134
f 1507/829/135 1508/830/135 1509/831/135
f 1507/829/135 1509/831/135 1510/832/135
f 1511/833/168 1512/768/168 1513/768/168
f 1511/833/168 1513/768/168 1514/833/168
f 1515/834/129 1516/835/129 1517/836/129
f 1515/834/129 1517/836/129 1518/837/129
f 1519/838/132 1520/839/132 1521/840/132
f 1519/838/132 1521/840/132 1522/841/132
f 1523/842/135 1524/843/135 1525/844/135
f 1523/842/135 1525/844/135 1526/845/135
f 1527/843/130 1528/846/130 1529/847/130
f 1527/843/130 1529/847/130 1530/848/130
f 1531/846/168 1532/849/168 1533/850/168
f 1531/846/168 1533/850/168 1534/851/168
f 1535/849/136 1536/852/136 1537/853/136
f 1535/849/136 1537/853/136 1538/854/136
f 1539/852/129 1540/855/129 1541/856/129
f 1539/852/129 1541/856/129 1542/857/129
f 1543/855/131 1544/858/131 1545/859/131
f 1543/855/131 1545/859/131 1546/860/131
f 1547/858/132 1548/861/132 1549/862/132
f 1547/858/132 1549/862/132 1550/863/132
f 1551/861/134 1552/864/134 1553/865/134
f 1551/861/134 1553/865/134 1554/866/134
f 1555/833/169 1556/762/169 1557/762/169
f 1555/833/169 1557/762/169 1558/833/169
f 1559/767/170 1560/768/170 1561/768/170
f 1559/767/170 1561/768/170 1562/767/170
f 1563/867/171 1564/868/171 1565/868/171
f 1563/867/171 1565/868/171 1566/867/171
f 1567/869/172 1568/870/172 1569/870/172
f 1567/869/172 1569/870/172 1570/869/172
f 1571/762/173 1572/763/173 1573/763/173
f 1571/762/173 1573/763/173 1574/762/173
f 1575/768/174 1576/833/174 1577/833/174
f 1575/768/174 1577/833/174 1578/768/174
f 1579/868/175 1580/767/175 1581/767/175
f 1579/868/175 1581/767/175 1582/868/175
f 1583/870/176 1584/867/176 1585/867/176
f 1583/870/176 1585/867/176 1586/870/176
f 1587/871/129 1588/872/129 1589/873/129
f 1587/871/129 1589/873/129 1590/868/129
f 1591/874/130 1592/875/130 1593/876/130
f 1591/874/130 1593/876/130 1594/833/130
f 1595/872/129 1596/877/129 1597/766/129
f 1595/872/129 1597/766/129 1598/873/129
f 1599/877/129 1600/878/129 1601/767/129
f 1599/877/129 1601/767/129 1602/766/129
f 1603/879/130 1604/880/130 1605/762/130
f 1603/879/130 1605/762/130 1606/765/130
f 1607/875/130 1608/879/130 1609/765/130
f 1607/875/130 1609/765/130 1610/876/130
f 1611/880/130 1612/874/130 1613/833/130
f 1611/880/130 1613/833/130 1614/762/130
f 1615/878/129 1616/871/129 1617/868/129
f 1615/878/129 1617/868/129 1618/767/129
f 1619/737/132 1620/736/132 1621/736/132
f 1619/737/132 1621/736/132 1622/737/132
f 1623/741/136 1624/740/136 1625/740/136
f 1623/741/136 1625/740/136 1626/741/136
f 1627/736/177 1628/739/177 1629/739/177
f 1627/736/177 1629/739/177 1630/736/177
f 1631/739/168 1632/738/168 1633/738/168
f 1631/739/168 1633/738/168 1634/739/168
f 1635/743/134 1636/742/134 1637/742/134
f 1635/743/134 1637/742/134 1638/743/134
f 1639/740/177 1640/743/177 1641/743/177
f 1639/740/177 1641/743/177 1642/740/177
f 1643/742/43 1644/741/43 1645/741/43
f 1643/742/43 1645/741/43 1646/742/43
f 1647/738/43 1648/737/43 1649/737/43
f 1647/738/43 1649/737/43 1650/738/43
f 1651/762/130 1652/833/130 1653/881/130
f 1651/762/130 1653/881/130 1654/882/130
f 1655/833/130 1656/833/130 1657/883/130
f 1655/833/130 1657/883/130 1658/881/130
f 1659/833/130 1660/762/130 1661/884/130
f 1659/833/130 1661/884/130 1662/883/130
f 1663/762/130 1664/762/130 1665/882/130
f 1663/762/130 1665/882/130 1666/884/130
f 1667/868/131 1668/867/131 1669/885/131
f 1667/868/131 1669/885/131 1670/886/131
f 1671/867/131 1672/867/131 1673/885/131
f 1671/867/131 1673/885/131 1674/885/131
f 1675/867/131 1676/868/131 1677/887/131
f 1675/867/131 1677/887/131 1678/885/131
f 1679/868/131 1680/868/131 1681/886/131
f 1679/868/131 1681/886/131 1682/887/131
f 1683/870/134 1684/869/134 1685/888/134
f 1683/870/134 1685/888/134 1686/889/134
f 1687/869/134 1688/869/134 1689/890/134
f 1687/869/134 1689/890/134 1690/888/134
f 1691/869/134 1692/870/134 1693/891/134
f 1691/869/134 1693/891/134 1694/890/134
f 1695/870/134 1696/870/134 1697/889/134
f 1695/870/134 1697/889/134 1698/891/134
f 1699/763/135 1700/762/135 1701/892/135
f 1699/763/135 1701/892/135 1702/893/135
f 1703/762/135 1704/762/135 1705/894/135
f 1703/762/135 1705/894/135 1706/892/135
f 1707/762/135 1708/763/135 1709/895/135
f 1707/762/135 1709/895/135 1710/894/135
f 1711/763/135 1712/763/135 1713/893/135
f 1711/763/135 1713/893/135 1714/895/135
f 1715/767/129 1716/868/129 1717/896/129
f 1715/767/129 1717/896/129 1718/897/129
f 1719/868/129 1720/868/129 1721/898/129
f 1719/868/129 1721/898/129 1722/896/129
f 1723/868/129 1724/767/129 1725/899/129
f 1723/868/129 1725/899/129 1726/898/129
f 1727/767/129 1728/767/129 1729/897/129
f 1727/767/129 1729/897/129 1730/899/129
f 1731/867/132 1732/870/132 1733/900/132
f 1731/867/132 1733/900/132 1734/901/132
f 1735/870/132 1736/870/132 1737/902/132
f 1735/870/132 1737/902/132 1738/900/132
f 1739/870/132 1740/867/132 1741/903/132
f 1739/870/132 1741/903/132 1742/902/132
f 1743/867/132 1744/867/132 1745/901/132
f 1743/867/132 1745/901/132 1746/903/132
f 1747/904/48 1748/905/48 1749/180/48
f 1747/904/48 1749/180/48 1750/183/48
f 1751/906/48 1752/229/48 1753/228/48
f 1751/906/48 1753/228/48 1754/907/48
f 1029/586/48 1754/907/48 1753/228/48
f 1029/586/48 1753/228/48 1030/579/48
f 1755/908/48 1028/585/48 1031/581/48
f 1755/908/48 1031/581/48 1756/575/48
f 1757/566/48 1758/565/48 377/167/48
f 1757/566/48 377/167/48 376/166/48
f 1759/585/58 1760/586/58 1761/586/58
f 1759/585/58 1761/586/58 1762/585/58
f 1763/905/51 1764/904/51 1765/904/51
f 1763/905/51 1765/904/51 1766/905/51
f 1767/909/48 1768/910/48 1769/911/48
f 1767/909/48 1769/911/48 1770/912/48
f 996/565/47 995/566/47 1771/566/47
f 996/565/47 1771/566/47 1772/565/47
f 1766/905/51 1765/904/51 1773/904/51
f 1766/905/51 1773/904/51 1774/905/51
f 1775/913/48 1768/910/48 1776/910/48
f 1775/913/48 1776/910/48 1777/911/48
f 1778/572/43 1779/572/43 1780/914/43
f 1778/572/43 1780/914/43 1781/914/43
f 1782/915/177 1783/915/177 1784/915/177
f 1782/915/177 1784/915/177 1785/915/177
f 1786/916/52 1787/917/52 1788/918/52
f 1786/916/52 1788/918/52 1789/919/52
f 1790/905/52 1791/904/52 1792/912/52
f 1790/905/52 1792/912/52 1793/911/52
f 1794/920/52 1795/921/52 1796/922/52
s 1
f 1794/920/52 1796/922/52 1797/923/52
s 0
f 1798/924/52 1799/925/52 1800/926/52
f 1798/924/52 1800/926/52 1801/927/52
f 1802/928/52 1803/929/52 1804/930/52
s 1
f 1802/928/52 1804/930/52 1805/931/52
s 0
f 1806/932/52 1807/933/52 1808/934/52
f 1806/932/52 1808/934/52 1809/935/52
f 1810/936/52 1811/937/52 1812/938/52
s 1
f 1810/936/52 1812/938/52 1813/939/52
s 0
f 1814/907/92 1815/586/92 1816/940/92
f 1814/907/92 1816/940/92 1817/941/92
f 1818/942/58 1819/943/58 1820/944/58
f 1818/942/58 1820/944/58 1821/945/58
s 1
f 1822/946/58 1823/947/58 1824/948/58
s 0
f 1822/946/58 1824/948/58 1825/949/58
s 1
f 1826/950/58 1827/951/58 1828/952/58
s 0
f 1826/950/58 1828/952/58 1829/953/58
f 1830/954/58 1831/955/58 1832/956/58
f 1830/954/58 1832/956/58 1833/957/58
f 1834/958/58 1835/959/58 1836/960/58
f 1834/958/58 1836/960/58 1837/961/58
f 1838/565/58 1839/566/58 1840/910/58
f 1838/565/58 1840/910/58 1841/909/58
f 1842/962/58 1843/963/58 1844/964/58
f 1842/962/58 1844/964/58 1845/965/58
f 1846/913/52 1847/911/52 1848/905/52
f 1846/913/52 1848/905/52 1790/905/52
f 1839/566/58 1849/566/58 1850/910/58
f 1839/566/58 1850/910/58 1840/910/58
f 1851/966/52 1852/967/52 1853/968/52
f 1851/966/52 1853/968/52 1854/969/52
s 1
f 1855/967/52 1856/906/52 1857/970/52
s 0
f 1855/967/52 1857/970/52 1858/968/52
f 1859/906/52 1860/971/52 1861/972/52
f 1859/906/52 1861/972/52 1862/970/52
f 1863/971/52 1864/966/52 1865/969/52
f 1863/971/52 1865/969/52 1866/972/52
f 1867/973/52 1868/966/52 1869/974/52
f 1867/973/52 1869/974/52 1870/975/52
f 1864/966/52 1863/971/52 1871/976/52
f 1864/966/52 1871/976/52 1872/974/52
f 1873/971/52 1874/977/52 1875/978/52
f 1873/971/52 1875/978/52 1876/976/52
f 1877/977/52 1878/973/52 1879/975/52
f 1877/977/52 1879/975/52 1880/978/52
f 1881/979/52 1882/973/52 1883/980/52
f 1881/979/52 1883/980/52 1884/981/52
f 1885/973/52 1886/977/52 1887/982/52
f 1885/973/52 1887/982/52 1888/980/52
f 1889/977/52 1890/983/52 1891/984/52
f 1889/977/52 1891/984/52 1892/982/52
f 1893/983/52 1894/979/52 1895/981/52
f 1893/983/52 1895/981/52 1896/984/52
f 1897/985/52 1898/979/52 1899/986/52
f 1897/985/52 1899/986/52 1900/987/52
f 1894/979/52 1893/983/52 1901/988/52
f 1894/979/52 1901/988/52 1902/986/52
f 1903/983/52 1904/989/52 1905/990/52
f 1903/983/52 1905/990/52 1906/988/52
f 1907/989/52 1908/985/52 1909/987/52
f 1907/989/52 1909/987/52 1910/990/52
f 1911/991/52 1912/985/52 1913/992/52
f 1911/991/52 1913/992/52 1914/993/52
f 1908/985/52 1907/989/52 1915/994/52
f 1908/985/52 1915/994/52 1916/992/52
f 1917/989/52 1918/995/52 1919/996/52
f 1917/989/52 1919/996/52 1920/994/52
f 1921/995/52 1922/991/52 1923/993/52
f 1921/995/52 1923/993/52 1924/996/52
f 1925/941/52 1926/991/52 1927/997/52
f 1925/941/52 1927/997/52 1928/998/52
f 1929/991/52 1930/995/52 1931/999/52
f 1929/991/52 1931/999/52 1932/997/52
f 1933/995/52 1934/907/52 1935/1000/52
f 1933/995/52 1935/1000/52 1936/999/52
f 1937/907/52 1938/941/52 1939/998/52
f 1937/907/52 1939/998/52 1940/1000/52
f 1941/1001/58 1942/908/58 1943/1002/58
f 1941/1001/58 1943/1002/58 1944/1003/58
s 1
f 1945/908/58 1946/1004/58 1947/1005/58
s 0
f 1945/908/58 1947/1005/58 1948/1002/58
f 1949/1004/58 1950/1006/58 1951/1007/58
f 1949/1004/58 1951/1007/58 1952/1005/58
f 1953/1006/58 1954/1001/58 1955/1003/58
f 1953/1006/58 1955/1003/58 1956/1007/58
f 1957/586/58 1958/1008/58 1959/1009/58
f 1957/586/58 1959/1009/58 1960/1010/58
f 1961/1008/58 1962/1011/58 1963/1012/58
f 1961/1008/58 1963/1012/58 1964/1009/58
f 1965/1011/58 1966/940/58 1967/1013/58
f 1965/1011/58 1967/1013/58 1968/1012/58
f 1969/940/58 1970/586/58 1971/1010/58
f 1969/940/58 1971/1010/58 1972/1013/58
f 1973/1014/58 1974/1015/58 1975/1016/58
f 1973/1014/58 1975/1016/58 1976/1017/58
f 1977/1015/58 1978/1018/58 1979/1019/58
f 1977/1015/58 1979/1019/58 1980/1016/58
f 1981/1018/58 1982/1020/58 1983/1021/58
f 1981/1018/58 1983/1021/58 1984/1019/58
f 1985/1020/58 1986/1014/58 1987/1017/58
f 1985/1020/58 1987/1017/58 1988/1021/58
f 1989/1015/58 1990/1022/58 1991/1023/58
f 1989/1015/58 1991/1023/58 1992/1024/58
f 1993/1022/58 1994/1025/58 1995/1026/58
f 1993/1022/58 1995/1026/58 1996/1023/58
f 1997/1025/58 1998/1027/58 1999/1028/58
f 1997/1025/58 1999/1028/58 2000/1026/58
f 2001/1027/58 1977/1015/58 2002/1024/58
f 2001/1027/58 2002/1024/58 2003/1028/58
f 2004/1022/58 2005/1001/58 2006/1029/58
f 2004/1022/58 2006/1029/58 2007/1030/58
f 1954/1001/58 1953/1006/58 2008/1031/58
f 1954/1001/58 2008/1031/58 2009/1029/58
f 2010/1006/58 2011/1025/58 2012/1032/58
f 2010/1006/58 2012/1032/58 2013/1031/58
f 2014/1025/58 2015/1022/58 2016/1030/58
f 2014/1025/58 2016/1030/58 2017/1032/58
f 2018/1008/58 2019/1014/58 2020/1033/58
f 2018/1008/58 2020/1033/58 2021/1034/58
f 1986/1014/58 1985/1020/58 2022/1035/58
f 1986/1014/58 2022/1035/58 2023/1033/58
f 2024/1020/58 2025/1011/58 2026/1036/58
f 2024/1020/58 2026/1036/58 2027/1035/58
f 2028/1011/58 2029/1008/58 2030/1034/58
f 2028/1011/58 2030/1034/58 2031/1036/58
f 2032/1037/48 2033/1038/48 2034/941/48
f 2032/1037/48 2034/941/48 2035/940/48
f 2036/1039/48 2037/1040/48 2038/1004/48
f 2036/1039/48 2038/1004/48 2039/967/48
f 2040/1041/52 2041/906/52 2042/907/52
f 2040/1041/52 2042/907/52 2043/907/52
f 2044/586/92 2045/907/92 2046/907/92
f 2044/586/92 2046/907/92 2047/586/92
f 2048/1042/58 1759/585/58 1762/585/58
f 2048/1042/58 1762/585/58 2049/908/58
f 2050/1043/94 2051/1042/94 2052/908/94
f 2050/1043/94 2052/908/94 2053/908/94
f 2054/1041/67 2055/1044/67 2056/906/67
f 2054/1041/67 2056/906/67 2057/906/67
f 2058/1044/67 2059/1045/67 2060/906/67
f 2058/1044/67 2060/906/67 2061/906/67
f 2062/907/97 2063/586/97 2064/586/97
f 2062/907/97 2064/586/97 2065/907/97
f 2066/1001/55 2067/1043/55 2068/908/55
f 2066/1001/55 2068/908/55 2069/1001/55
f 2070/1043/94 2050/1043/94 2053/908/94
f 2070/1043/94 2053/908/94 2071/908/94
f 2072/1046/51 2073/1047/51 2074/495/51
f 2072/1046/51 2074/495/51 2075/496/51
f 2076/1048/51 2077/1049/51 2078/126/51
f 2076/1048/51 2078/126/51 2079/497/51
f 2080/1050/51 2081/1051/51 2082/129/51
f 2080/1050/51 2082/129/51 2083/502/51
f 2084/1047/51 2085/496/51 2086/496/51
f 2084/1047/51 2086/496/51 2087/495/51
f 2088/1049/51 2089/497/51 2090/497/51
f 2088/1049/51 2090/497/51 2091/126/51
f 2092/1052/51 2093/502/51 2094/502/51
f 2092/1052/51 2094/502/51 2095/129/51
f 2077/1049/51 2088/1049/51 2091/126/51
f 2077/1049/51 2091/126/51 2078/126/51
f 2081/1051/51 2092/1052/51 2095/129/51
f 2081/1051/51 2095/129/51 2082/129/51
f 2073/1047/51 2084/1047/51 2087/495/51
f 2073/1047/51 2087/495/51 2074/495/51
f 2096/565/48 2097/566/48 2098/566/48
f 2096/565/48 2098/566/48 2099/565/48
f 2100/567/51 2101/568/51 2102/569/51
f 2100/567/51 2102/569/51 2103/570/51
f 2104/905/50 2105/904/50 2106/904/50
f 2104/905/50 2106/904/50 2107/905/50
f 2108/909/51 2109/910/51 2110/911/51
f 2108/909/51 2110/911/51 2111/912/51
f 2099/565/48 2098/566/48 2112/566/48
f 2099/565/48 2112/566/48 2113/565/48
f 2107/905/50 2106/904/50 2114/904/50
f 2107/905/50 2114/904/50 2115/905/50
f 2116/913/51 2109/910/51 2117/910/51
f 2116/913/51 2117/910/51 2118/911/51
f 2119/572/43 2120/572/43 2121/914/43
f 2119/572/43 2121/914/43 2122/914/43
f 2123/915/177 2124/915/177 2125/915/177
f 2123/915/177 2125/915/177 2126/915/177
f 2127/916/56 2128/917/56 2129/918/56
f 2127/916/56 2129/918/56 2130/919/56
f 2131/905/56 2132/904/56 2133/912/56
f 2131/905/56 2133/912/56 2134/911/56
f 2135/920/56 2136/921/56 2137/922/56
f 2135/920/56 2137/922/56 2138/923/56
f 2139/924/56 2140/925/56 2141/926/56
f 2139/924/56 2141/926/56 2142/927/56
f 2143/928/56 2144/929/56 2145/930/56
f 2143/928/56 2145/930/56 2146/931/56
f 2147/932/56 2148/933/56 2149/934/56
f 2147/932/56 2149/934/56 2150/935/56
f 2151/936/56 2152/937/56 2153/938/56
f 2151/936/56 2153/938/56 2154/939/56
f 2155/907/67 2156/586/67 2157/940/67
f 2155/907/67 2157/940/67 2158/941/67
f 2159/942/52 2160/943/52 2161/944/52
f 2159/942/52 2161/944/52 2162/945/52
f 2163/946/52 2164/947/52 2165/948/52
f 2163/946/52 2165/948/52 2166/949/52
f 2167/950/52 2168/951/52 2169/952/52
f 2167/950/52 2169/952/52 2170/953/52
f 2171/954/52 2172/955/52 2173/956/52
f 2171/954/52 2173/956/52 2174/957/52
f 2175/958/52 2176/959/52 2177/960/52
f 2175/958/52 2177/960/52 2178/961/52
f 2179/565/52 2180/566/52 2181/910/52
f 2179/565/52 2181/910/52 2182/909/52
f 2183/962/52 2184/963/52 2185/964/52
f 2183/962/52 2185/964/52 2186/965/52
f 2187/913/56 2188/911/56 2189/905/56
f 2187/913/56 2189/905/56 2131/905/56
f 2180/566/52 2190/566/52 2191/910/52
f 2180/566/52 2191/910/52 2181/910/52
f 2192/966/56 2193/967/56 2194/968/56
f 2192/966/56 2194/968/56 2195/969/56
f 2196/967/56 2197/906/56 2198/970/56
f 2196/967/56 2198/970/56 2199/968/56
f 2200/906/56 2201/971/56 2202/972/56
f 2200/906/56 2202/972/56 2203/970/56
f 2204/971/56 2205/966/56 2206/969/56
f 2204/971/56 2206/969/56 2207/972/56
f 2208/973/56 2209/966/56 2210/974/56
f 2208/973/56 2210/974/56 2211/975/56
f 2212/966/56 2213/971/56 2214/976/56
f 2212/966/56 2214/976/56 2215/974/56
f 2216/971/56 2217/977/56 2218/978/56
f 2216/971/56 2218/978/56 2219/976/56
f 2220/977/56 2221/973/56 2222/975/56
f 2220/977/56 2222/975/56 2223/978/56
f 2224/979/56 2225/973/56 2226/980/56
f 2224/979/56 2226/980/56 2227/981/56
f 2228/973/56 2229/977/56 2230/982/56
f 2228/973/56 2230/982/56 2231/980/56
f 2232/977/56 2233/983/56 2234/984/56
f 2232/977/56 2234/984/56 2235/982/56
f 2236/983/56 2237/979/56 2238/981/56
f 2236/983/56 2238/981/56 2239/984/56
s 1
f 2240/985/56 2241/979/56 2242/986/56
s 0
f 2240/985/56 2242/986/56 2243/987/56
f 2244/979/56 2245/983/56 2246/988/56
f 2244/979/56 2246/988/56 2247/986/56
f 2248/983/56 2249/989/56 2250/990/56
f 2248/983/56 2250/990/56 2251/988/56
f 2252/989/56 2253/985/56 2254/987/56
f 2252/989/56 2254/987/56 2255/990/56
f 2256/991/56 2257/985/56 2258/992/56
f 2256/991/56 2258/992/56 2259/993/56
f 2260/985/56 2261/989/56 2262/994/56
f 2260/985/56 2262/994/56 2263/992/56
f 2264/989/56 2265/995/56 2266/996/56
f 2264/989/56 2266/996/56 2267/994/56
f 2268/995/56 2269/991/56 2270/993/56
f 2268/995/56 2270/993/56 2271/996/56
s 1
f 2272/941/56 2273/991/56 2274/997/56
s 0
f 2272/941/56 2274/997/56 2275/998/56
f 2276/991/56 2277/995/56 2278/999/56
f 2276/991/56 2278/999/56 2279/997/56
f 2280/995/56 2281/907/56 2282/1000/56
s 1
f 2280/995/56 2282/1000/56 2283/999/56
s 0
f 2284/907/56 2285/941/56 2286/998/56
f 2284/907/56 2286/998/56 2287/1000/56
f 2288/1001/52 2289/908/52 2290/1002/52
f 2288/1001/52 2290/1002/52 2291/1003/52
f 2292/908/52 2293/1004/52 2294/1005/52
f 2292/908/52 2294/1005/52 2295/1002/52
f 2296/1004/52 2297/1006/52 2298/1007/52
f 2296/1004/52 2298/1007/52 2299/1005/52
f 2300/1006/52 2301/1001/52 2302/1003/52
f 2300/1006/52 2302/1003/52 2303/1007/52
f 2304/586/52 2305/1008/52 2306/1009/52
f 2304/586/52 2306/1009/52 2307/1010/52
f 2308/1008/52 2309/1011/52 2310/1012/52
f 2308/1008/52 2310/1012/52 2311/1009/52
f 2312/1011/52 2313/940/52 2314/1013/52
f 2312/1011/52 2314/1013/52 2315/1012/52
f 2316/940/52 2317/586/52 2318/1010/52
f 2316/940/52 2318/1010/52 2319/1013/52
f 2320/1014/52 2321/1015/52 2322/1016/52
f 2320/1014/52 2322/1016/52 2323/1017/52
f 2324/1015/52 2325/1018/52 2326/1019/52
f 2324/1015/52 2326/1019/52 2327/1016/52
f 2328/1018/52 2329/1020/52 2330/1021/52
f 2328/1018/52 2330/1021/52 2331/1019/52
f 2332/1020/52 2333/1014/52 2334/1017/52
f 2332/1020/52 2334/1017/52 2335/1021/52
f 2336/1015/52 2337/1022/52 2338/1023/52
f 2336/1015/52 2338/1023/52 2339/1024/52
f 2340/1022/52 2341/1025/52 2342/1026/52
f 2340/1022/52 2342/1026/52 2343/1023/52
f 2344/1025/52 2345/1027/52 2346/1028/52
f 2344/1025/52 2346/1028/52 2347/1026/52
f 2348/1027/52 2349/1015/52 2350/1024/52
f 2348/1027/52 2350/1024/52 2351/1028/52
f 2352/1022/52 2353/1001/52 2354/1029/52
f 2352/1022/52 2354/1029/52 2355/1030/52
f 2356/1001/52 2357/1006/52 2358/1031/52
f 2356/1001/52 2358/1031/52 2359/1029/52
f 2360/1006/52 2361/1025/52 2362/1032/52
f 2360/1006/52 2362/1032/52 2363/1031/52
f 2364/1025/52 2365/1022/52 2366/1030/52
f 2364/1025/52 2366/1030/52 2367/1032/52
f 2368/1008/52 2369/1014/52 2370/1033/52
f 2368/1008/52 2370/1033/52 2371/1034/52
f 2372/1014/52 2373/1020/52 2374/1035/52
f 2372/1014/52 2374/1035/52 2375/1033/52
f 2376/1020/52 2377/1011/52 2378/1036/52
f 2376/1020/52 2378/1036/52 2379/1035/52
f 2380/1011/52 2381/1008/52 2382/1034/52
f 2380/1011/52 2382/1034/52 2383/1036/52
f 2384/1037/51 2385/1038/51 2386/941/51
f 2384/1037/51 2386/941/51 2387/940/51
f 2388/1039/51 2389/1040/51 2390/1004/51
f 2388/1039/51 2390/1004/51 2391/967/51
f 2392/1041/56 2393/906/56 2394/907/56
f 2392/1041/56 2394/907/56 2395/907/56
f 2396/586/67 2397/907/67 2398/907/67
f 2396/586/67 2398/907/67 2399/586/67
f 2400/1042/52 2401/586/52 2402/586/52
f 2400/1042/52 2402/586/52 2403/908/52
f 2404/1043/92 2405/1042/92 2406/908/92
f 2404/1043/92 2406/908/92 2407/908/92
f 2408/1041/97 2409/1044/97 2410/906/97
f 2408/1041/97 2410/906/97 2411/906/97
f 2409/1044/97 2412/1045/97 2413/906/97
f 2409/1044/97 2413/906/97 2410/906/97
f 2414/907/94 2415/586/94 2416/586/94
f 2414/907/94 2416/586/94 2417/907/94
f 2418/1043/92 2404/1043/92 2407/908/92
f 2418/1043/92 2407/908/92 2419/908/92
f 2420/1053/131 2421/1054/131 1667/868/131
f 2420/1053/131 1667/868/131 2422/873/131
f 2423/1055/134 2424/1056/134 2425/1057/134
f 2423/1055/134 2425/1057/134 2426/1058/134
f 2427/1055/134 2428/1058/134 2429/869/134
f 2427/1055/134 2429/869/134 2430/1059/134
f 2431/1056/132 2432/1060/132 2433/1061/132
f 2431/1056/132 2433/1061/132 2434/1057/132
f 2435/1060/131 2436/1053/131 2437/873/131
f 2435/1060/131 2437/873/131 2438/1061/131
f 2439/1054/131 2440/867/131 2441/867/131
f 2439/1054/131 2441/867/131 2442/868/131
f 2443/867/132 2444/870/132 2445/870/132
f 2443/867/132 2445/870/132 2446/867/132
f 2447/870/134 2448/1059/134 2449/869/134
f 2447/870/134 2449/869/134 2450/870/134
f 2451/1062/132 2452/1063/132 2453/1054/132
f 2451/1062/132 2453/1054/132 2454/1053/132
f 2455/1064/172 2456/1065/172 2457/1056/172
f 2455/1064/172 2457/1056/172 2458/1055/172
f 2459/1064/132 2460/1055/132 2461/1059/132
f 2459/1064/132 2461/1059/132 2462/1066/132
f 2463/1067/171 2464/1062/171 2465/1053/171
f 2463/1067/171 2465/1053/171 2466/1060/171
s 1
f 2467/1063/178 2468/867/178 2469/867/178
s 0
f 2467/1063/178 2469/867/178 2470/1054/178
f 2471/870/179 2472/1066/179 2473/1059/179
f 2471/870/179 2473/1059/179 2474/870/179
f 2475/768/168 2476/833/168 2477/876/168
f 2475/768/168 2477/876/168 2478/769/168
f 2479/1068/132 2480/1069/132 2481/867/132
f 2479/1068/132 2481/867/132 2482/1067/132
f 2483/1070/134 2484/1071/134 2485/870/134
f 2483/1070/134 2485/870/134 2486/1065/134
f 2487/1072/134 2488/1070/134 2489/1065/134
f 2487/1072/134 2489/1065/134 2490/1064/134
f 2491/1072/134 2492/1064/134 2493/1066/134
f 2491/1072/134 2493/1066/134 2494/1073/134
f 2495/1074/132 2496/1068/132 2497/1067/132
f 2495/1074/132 2497/1067/132 2498/1075/132
f 2499/1071/134 2500/1073/134 2501/1066/134
f 2499/1071/134 2501/1066/134 2502/870/134
f 2503/1069/132 2504/1076/132 2505/1077/132
f 2503/1069/132 2505/1077/132 2506/867/132
f 2507/1076/132 2508/1074/132 2509/1075/132
f 2507/1076/132 2509/1075/132 2510/1077/132
f 2511/1078/131 2512/1079/131 2513/1067/131
f 2511/1078/131 2513/1067/131 2514/867/131
f 2515/1080/132 2516/1065/132 2517/870/132
f 2515/1080/132 2517/870/132 2518/1081/132
f 2519/1082/131 2520/1083/131 2521/1063/131
f 2519/1082/131 2521/1063/131 2522/1062/131
f 2523/1079/131 2524/1082/131 2525/1062/131
f 2523/1079/131 2525/1062/131 2526/1067/131
f 2527/1083/131 2528/1078/131 2529/867/131
f 2527/1083/131 2529/867/131 2530/1063/131
f 2531/1084/132 2532/1081/132 2533/870/132
f 2531/1084/132 2533/870/132 2534/1077/132
f 2535/1080/132 2536/1085/132 2537/1075/132
f 2535/1080/132 2537/1075/132 2538/1065/132
f 2539/1085/132 2540/1084/132 2541/1077/132
f 2539/1085/132 2541/1077/132 2542/1075/132
f 2543/751/131 2544/750/131 2545/1086/131
f 2543/751/131 2545/1086/131 2546/1087/131
f 2547/761/132 2548/760/132 2549/1088/132
f 2547/761/132 2549/1088/132 2550/1089/132
f 2551/758/179 2552/761/179 2553/1089/179
f 2551/758/179 2553/1089/179 2554/1090/179
f 2555/758/135 2556/1090/135 2557/1091/135
f 2555/758/135 2557/1091/135 2558/759/135
f 2559/748/180 2560/751/180 2561/1087/180
f 2559/748/180 2561/1087/180 2562/1092/180
f 2563/760/172 2564/759/172 2565/1091/172
f 2563/760/172 2565/1091/172 2566/1088/172
f 2567/750/176 2568/749/176 2569/1093/176
f 2567/750/176 2569/1093/176 2570/1086/176
f 2571/749/134 2572/748/134 2573/1092/134
f 2571/749/134 2573/1092/134 2574/1093/134
s 1
f 2575/745/132 2576/744/132 2577/1094/132
s 0
f 2575/745/132 2577/1094/132 2578/1095/132
f 2579/754/134 2580/1096/134 2581/1097/134
f 2579/754/134 2581/1097/134 2582/755/134
f 2583/747/129 2584/746/129 2585/1098/129
f 2583/747/129 2585/1098/129 2586/1099/129
f 2587/744/178 2588/747/178 2589/1099/178
f 2587/744/178 2589/1099/178 2590/1094/178
f 2591/746/171 2592/745/171 2593/1095/171
f 2591/746/171 2593/1095/171 2594/1098/171
f 2595/752/176 2596/755/176 2597/1097/176
f 2595/752/176 2597/1097/176 2598/1100/176
f 2599/754/180 2600/753/180 2601/1101/180
f 2599/754/180 2601/1101/180 2602/1096/180
f 2603/753/131 2604/752/131 2605/1100/131
f 2603/753/131 2605/1100/131 2606/1101/131
f 2607/1102/48 459/238/48 463/242/48
f 2607/1102/48 463/242/48 2608/1103/48
f 2609/137/47 2610/140/47 2611/139/47
f 2609/137/47 2611/139/47 2612/138/47
f 2613/141/50 2614/144/50 2615/143/50
f 2613/141/50 2615/143/50 2616/142/50
f 355/145/47 358/148/47 2617/147/47
f 355/145/47 2617/147/47 2618/146/47
f 2619/149/48 2620/152/48 2621/151/48
f 2619/149/48 2621/151/48 2622/150/48
f 2614/144/50 2623/154/50 2624/153/50
f 2614/144/50 2624/153/50 2615/143/50
f 2625/155/50 2626/158/50 2627/157/50
f 2625/155/50 2627/157/50 2628/156/50
f 2629/159/48 2619/149/48 2622/150/48
f 2629/159/48 2622/150/48 2630/160/48
f 2631/161/47 2632/164/47 2633/163/47
f 2631/161/47 2633/163/47 2634/162/47
f 2635/165/50 2636/168/50 2637/167/50
f 2635/165/50 2637/167/50 2638/166/50
f 379/169/47 355/145/47 2618/146/47
f 379/169/47 2618/146/47 2639/170/47
f 2616/142/50 2615/143/50 2640/172/50
f 2616/142/50 2640/172/50 2641/171/50
f 2642/173/51 2643/176/51 2644/175/51
f 2642/173/51 2644/175/51 2645/174/51
f 2610/140/47 2646/179/47 2647/178/47
f 2610/140/47 2647/178/47 2648/177/47
f 2649/180/56 2650/183/56 2651/182/56
f 2649/180/56 2651/182/56 2652/181/56
s 1
f 2653/184/181 2654/185/182 2655/97/182
f 2653/184/181 2655/97/182 2656/95/182
s 0
f 398/186/47 401/189/47 2657/188/47
f 398/186/47 2657/188/47 2658/187/47
f 2659/190/50 2660/193/50 2661/192/50
f 2659/190/50 2661/192/50 2662/191/50
f 2620/152/48 2663/195/48 2664/194/48
f 2620/152/48 2664/194/48 2621/151/48
f 2665/196/58 2666/199/58 2667/198/58
f 2665/196/58 2667/198/58 2668/197/58
f 2615/143/50 2624/153/50 2669/200/50
f 2615/143/50 2669/200/50 2640/172/50
f 317/107/43 2670/202/43 2671/201/43
f 317/107/43 2671/201/43 318/109/43
f 2672/203/52 2673/203/52 2674/204/52
f 2672/203/52 2674/204/52 2675/204/52
f 2676/205/50 2677/208/50 2678/207/50
f 2676/205/50 2678/207/50 2679/206/50
f 2680/209/50 2681/212/50 2682/211/50
f 2680/209/50 2682/211/50 2683/210/50
f 2684/213/51 2685/216/51 2686/215/51
f 2684/213/51 2686/215/51 2687/214/51
f 2688/217/50 2689/220/50 2690/219/50
f 2688/217/50 2690/219/50 2691/218/50
f 2692/221/52 2693/221/52 2694/214/52
f 2692/221/52 2694/214/52 2695/214/52
f 2696/222/50 2697/225/50 2698/224/50
f 2696/222/50 2698/224/50 2699/223/50
f 2700/175/52 2701/175/52 2702/174/52
f 2700/175/52 2702/174/52 2703/174/52
f 2704/226/56 2705/229/56 2706/228/56
f 2704/226/56 2706/228/56 2707/227/56
f 2708/230/50 2709/233/50 2710/232/50
f 2708/230/50 2710/232/50 2711/231/50
f 2712/234/43 2713/237/43 2714/236/43
f 2712/234/43 2714/236/43 2715/235/43
f 2716/238/50 2717/241/50 2718/240/50
f 2716/238/50 2718/240/50 2719/239/50
f 2720/242/50 2721/243/50 2717/241/50
f 2720/242/50 2717/241/50 2716/238/50
f 2722/235/43 2723/245/43 2724/244/43
f 2722/235/43 2724/244/43 2725/234/43
f 2726/246/50 2727/249/50 2728/248/50
f 2726/246/50 2728/248/50 2729/247/50
f 2730/250/183 2731/253/183 2732/252/183
f 2730/250/183 2732/252/183 2733/251/183
f 2734/254/55 2735/257/55 2736/256/55
f 2734/254/55 2736/256/55 2737/255/55
f 2664/194/48 2663/195/48 2738/259/48
f 2664/194/48 2738/259/48 2739/258/48
f 2719/239/50 2718/240/50 2740/261/50
f 2719/239/50 2740/261/50 2741/260/50
f 2742/262/50 2743/265/50 2744/264/50
f 2742/262/50 2744/264/50 2745/263/50
f 2746/266/50 2747/269/50 2748/268/50
f 2746/266/50 2748/268/50 2749/267/50
f 2750/270/47 2751/273/47 2752/272/47
f 2750/270/47 2752/272/47 2753/271/47
f 2754/274/50 2755/277/50 2756/276/50
f 2754/274/50 2756/276/50 2757/275/50
f 300/91/43 299/89/43 502/279/43
f 300/91/43 502/279/43 501/278/43
f 503/280/47 506/282/47 2758/281/47
f 503/280/47 2758/281/47 2759/257/47
f 304/93/43 509/285/43 508/284/43
f 304/93/43 508/284/43 2760/283/43
f 2761/213/52 2762/214/52 2763/214/52
f 2761/213/52 2763/214/52 2764/213/52
f 2765/174/51 2766/175/51 516/287/51
f 2765/174/51 516/287/51 515/286/51
f 2767/288/52 2768/288/52 2769/289/52
f 2767/288/52 2769/289/52 2770/289/52
s 1
f 2771/290/184 2772/293/185 2773/292/184
f 2771/290/184 2773/292/184 2774/291/185
s 0
f 2775/294/186 2776/297/186 2777/296/186
f 2775/294/187 2777/296/187 2778/295/187
f 2779/298/188 2780/301/188 2781/300/188
f 2779/298/189 2781/300/189 2782/299/189
f 2783/196/47 2784/197/47 2785/303/47
f 2783/196/47 2785/303/47 2786/302/47
s 1
f 2787/304/190 2788/307/191 2789/306/191
f 2787/304/190 2789/306/191 2790/305/191
s 0
f 2791/308/67 2792/311/67 2793/310/67
f 2791/308/67 2793/310/67 2794/309/67
s 1
f 2795/312/192 2796/315/192 2797/314/192
f 2795/312/192 2797/314/192 2798/313/192
f 2799/95/193 2800/96/193 2801/317/194
f 2799/95/193 2801/317/194 2802/316/193
s 0
f 2803/318/50 2804/319/50 2636/168/50
f 2803/318/50 2636/168/50 2635/165/50
s 1
f 2805/320/195 2806/323/195 2807/322/195
f 2805/320/195 2807/322/195 2808/321/196
s 0
f 2809/324/197 2810/327/197 2811/326/197
f 2809/324/198 2811/326/198 2812/325/198
s 1
f 2813/328/199 2814/331/199 2815/330/199
f 2813/328/199 2815/330/199 2816/329/199
s 0
f 2817/308/200 2818/333/200 2819/332/200
f 2817/308/200 2819/332/200 2820/311/200
f 2821/334/201 2822/336/201 2823/319/201
f 2821/334/202 2823/319/202 2824/335/202
f 2825/297/203 2826/338/203 2827/337/203
f 2825/297/204 2827/337/204 2828/296/204
f 2829/299/203 2830/340/203 2831/339/203
f 2829/299/203 2831/339/203 2832/298/203
f 2833/300/205 2834/341/205 2835/340/205
f 2833/300/205 2835/340/205 2836/299/205
f 2837/342/206 2838/345/206 2839/344/206
f 2837/342/207 2839/344/207 2840/343/207
s 1
f 2841/309/208 2842/346/208 2843/333/208
f 2841/309/208 2843/333/208 2844/308/208
f 2845/315/209 2846/348/209 2847/347/210
f 2845/315/209 2847/347/210 2848/314/209
s 0
f 2849/96/211 2850/350/211 2851/349/211
f 2849/96/212 2851/349/212 2852/317/212
f 2853/351/213 2854/354/213 2855/353/213
f 2853/351/213 2855/353/213 2856/352/213
f 2857/355/97 2858/358/97 2859/357/97
f 2857/355/97 2859/357/97 2860/356/97
f 2861/356/214 2862/361/214 2863/360/214
f 2861/356/214 2863/360/214 2864/359/214
f 2865/362/94 2866/365/94 618/364/94
f 2865/362/94 618/364/94 617/363/94
f 2867/366/97 2868/358/97 2869/355/97
f 2867/366/97 2869/355/97 2870/367/97
f 2871/368/67 2872/371/67 2873/370/67
f 2871/368/67 2873/370/67 2874/369/67
f 2875/372/58 2876/375/58 2877/374/58
f 2875/372/58 2877/374/58 2878/373/58
f 2879/376/55 2880/379/55 2881/378/55
f 2879/376/55 2881/378/55 2882/377/55
f 2883/380/55 2884/383/55 2885/382/55
f 2883/380/55 2885/382/55 2886/381/55
f 2887/384/58 2888/387/58 2889/386/58
f 2887/384/58 2889/386/58 2890/385/58
f 2891/388/58 2892/389/58 2876/375/58
f 2891/388/58 2876/375/58 2875/372/58
f 2893/101/58 2894/392/58 2895/391/58
f 2893/101/58 2895/391/58 2896/390/58
s 1
f 2897/388/58 2898/394/58 2899/393/58
f 2897/388/58 2899/393/58 2900/389/58
s 0
f 2901/395/55 2902/397/55 2903/396/55
f 2901/395/55 2903/396/55 2904/367/55
f 2905/398/47 2631/161/47 2634/162/47
f 2905/398/47 2634/162/47 2906/399/47
f 2907/400/215 2908/302/215 2909/303/215
f 2907/400/216 2909/303/216 2910/401/216
f 2911/244/92 2912/403/92 2913/402/92
f 2911/244/92 2913/402/92 2914/234/92
f 2915/234/92 2916/402/92 2917/404/92
f 2915/234/92 2917/404/92 2918/237/92
f 2919/405/55 2920/407/55 2921/406/55
f 2919/405/55 2921/406/55 2922/200/55
f 2923/236/217 2924/409/217 2925/408/217
f 2923/236/217 2925/408/217 2926/235/217
s 1
f 2927/235/218 2928/408/218 2929/410/219
f 2927/235/218 2929/410/219 2930/245/218
s 0
f 2931/302/101 2932/400/101 2933/199/101
f 2931/302/101 2933/199/101 2934/196/101
f 2935/237/220 2936/404/220 2937/409/220
f 2935/237/220 2937/409/220 2938/236/220
f 2939/254/101 2940/255/101 694/412/101
f 2939/254/101 694/412/101 693/411/101
f 2941/413/47 2942/416/47 2943/415/47
f 2941/413/47 2943/415/47 2944/414/47
f 2945/281/221 2946/417/221 2947/256/221
f 2945/281/221 2947/256/221 2948/257/221
f 2949/282/94 2950/418/94 2951/417/94
f 2949/282/94 2951/417/94 2952/281/94
f 2953/188/222 2954/420/222 2955/419/222
f 2953/188/222 2955/419/222 2956/187/222
f 2957/187/105 2958/419/105 714/421/105
f 2957/187/105 714/421/105 713/186/105
f 716/189/106 719/422/106 2959/420/106
f 716/189/106 2959/420/106 2960/188/106
f 2961/423/47 2962/426/47 2963/425/47
f 2961/423/47 2963/425/47 2964/424/47
f 2965/427/47 2966/430/47 2967/429/47
f 2965/427/47 2967/429/47 2968/428/47
f 2969/431/55 2970/434/55 2971/433/55
f 2969/431/55 2971/433/55 2972/432/55
f 2973/435/55 2974/438/55 2975/437/55
f 2973/435/55 2975/437/55 2976/436/55
f 2977/439/58 2978/442/58 2979/441/58
f 2977/439/58 2979/441/58 2980/440/58
f 2981/436/101 2982/437/101 2983/442/101
f 2981/436/101 2983/442/101 2984/439/101
f 2985/443/94 2986/444/94 2987/433/94
f 2985/443/94 2987/433/94 2988/434/94
f 2989/431/101 2990/432/101 2991/446/101
f 2989/431/101 2991/446/101 2992/445/101
f 2993/440/94 2994/441/94 2995/438/94
f 2993/440/94 2995/438/94 2996/435/94
f 2997/445/58 2998/446/58 2999/444/58
f 2997/445/58 2999/444/58 3000/443/58
f 3001/447/58 3002/450/58 3003/449/58
f 3001/447/58 3003/449/58 3004/448/58
f 3005/451/58 3006/437/58 3007/438/58
f 3005/451/58 3007/438/58 3008/452/58
f 3009/453/101 2983/442/101 3010/450/101
f 3009/453/101 3010/450/101 3011/447/101
f 3012/448/94 3013/449/94 2994/441/94
f 3012/448/94 2994/441/94 3014/454/94
f 3015/452/94 2995/438/94 2986/444/94
f 3015/452/94 2986/444/94 3016/455/94
f 3017/456/101 2991/446/101 2982/437/101
f 3017/456/101 2982/437/101 3018/451/101
f 3019/453/55 3020/454/55 3021/441/55
f 3019/453/55 3021/441/55 3022/442/55
f 3023/455/55 3024/444/55 3025/446/55
f 3023/455/55 3025/446/55 3026/456/55
f 786/284/67 789/458/67 3027/457/67
s 1
f 786/284/67 3027/457/67 3028/283/67
s 0
f 3029/89/94 3030/460/94 792/459/94
f 3029/89/94 792/459/94 791/279/94
f 3031/92/97 3032/463/97 3033/462/97
f 3031/92/97 3033/462/97 3034/461/97
f 3035/93/94 3036/465/94 800/464/94
f 3035/93/94 800/464/94 799/285/94
f 3037/92/94 3038/467/94 3039/466/94
f 3037/92/94 3039/466/94 3040/94/94
f 3041/94/92 3042/466/92 3043/468/92
f 3041/94/92 3043/468/92 3044/93/92
f 3045/278/67 3046/470/67 3047/469/67
f 3045/278/67 3047/469/67 3048/91/67
f 3049/91/223 3050/472/223 3051/471/223
f 3049/91/223 3051/471/223 3052/90/223
f 818/473/43 821/476/43 3053/475/43
f 818/473/43 3053/475/43 3054/474/43
f 3055/477/51 3056/477/51 824/479/51
f 3055/477/51 824/479/51 823/478/51
f 826/480/51 829/482/51 3057/481/51
f 826/480/51 3057/481/51 3058/481/51
f 830/483/108 3059/486/108 3060/485/108
f 830/483/108 3060/485/108 831/484/108
f 834/487/51 837/490/51 3061/489/51
f 834/487/51 3061/489/51 3062/488/51
f 3063/491/108 3064/494/108 3065/493/108
f 3063/491/108 3065/493/108 3066/492/108
f 3067/495/109 3068/495/109 3069/496/109
f 3067/495/109 3069/496/109 3070/496/109
f 3071/126/109 3072/499/109 3073/498/109
f 3071/126/109 3073/498/109 3074/497/109
f 850/500/109 853/502/109 3075/129/109
f 850/500/109 3075/129/109 3076/501/109
f 3077/503/108 3078/506/108 3079/505/108
f 3077/503/108 3079/505/108 3080/504/108
f 858/507/43 861/510/43 3081/509/43
f 858/507/43 3081/509/43 3082/508/43
f 3082/508/43 3081/509/43 3083/129/43
f 3082/508/43 3083/129/43 3084/511/43
f 3084/511/43 3083/129/43 865/502/43
f 3084/511/43 865/502/43 864/512/43
f 3085/405/97 3086/200/97 3087/153/97
f 3085/405/97 3087/153/97 3088/513/97
f 3089/254/47 871/411/47 503/280/47
f 3089/254/47 503/280/47 2759/257/47
f 3090/514/97 3091/515/97 3092/406/97
f 3090/514/97 3092/406/97 3093/407/97
f 3094/516/97 3095/517/97 3096/515/97
f 3094/516/97 3096/515/97 3097/514/97
f 3098/518/224 3099/521/224 3100/520/224
f 3098/518/224 3100/520/224 3101/519/224
f 3102/522/224 3103/523/224 3099/521/224
f 3102/522/224 3099/521/224 3098/518/224
f 3104/524/225 3105/293/225 3106/290/225
f 3104/524/225 3106/290/225 3107/525/225
f 3108/525/214 3109/290/214 3110/517/214
f 3108/525/214 3110/517/214 3111/516/214
f 3112/526/226 3113/527/226 3114/293/226
f 3112/526/226 3114/293/226 3115/524/226
f 3116/528/43 3117/531/43 3118/530/43
f 3116/528/43 3118/530/43 3119/529/43
f 3119/529/43 3118/530/43 3120/533/43
f 3119/529/43 3120/533/43 3121/532/43
f 3122/534/43 3123/535/43 3117/531/43
f 3122/534/43 3117/531/43 3116/528/43
f 3124/532/43 3125/533/43 3126/537/43
f 3124/532/43 3126/537/43 3127/536/43
f 3128/536/43 3129/537/43 3130/535/43
f 3128/536/43 3130/535/43 3131/534/43
f 3132/202/67 3133/539/67 3134/538/67
f 3132/202/67 3134/538/67 3135/201/67
f 3136/201/227 3137/538/227 3138/540/227
s 1
f 3136/201/227 3138/540/227 3139/109/227
s 0
f 3140/107/228 3141/541/228 3142/539/228
f 3140/107/228 3142/539/228 3143/202/228
f 3144/109/217 3145/540/217 3146/542/217
f 3144/109/217 3146/542/217 3147/108/217
f 3148/108/229 3149/542/229 3150/541/229
f 3148/108/229 3150/541/229 3151/107/229
f 3152/543/108 3153/495/108 936/496/108
f 3152/543/108 936/496/108 935/544/108
f 3154/545/108 3155/546/108 940/546/108
f 3154/545/108 940/546/108 939/546/108
f 3156/547/108 3157/126/108 944/497/108
f 3156/547/108 944/497/108 943/548/108
f 3158/549/108 3159/546/108 3160/546/108
f 3158/549/108 3160/546/108 3161/550/108
f 3162/551/108 3163/498/108 3164/499/108
f 3162/551/108 3164/499/108 3165/552/108
f 3166/553/108 3167/500/108 3168/501/108
f 3166/553/108 3168/501/108 3169/554/108
f 3170/552/108 3171/499/108 3172/495/108
f 3170/552/108 3172/495/108 3173/543/108
f 3174/554/108 3175/501/108 3176/126/108
f 3174/554/108 3176/126/108 3177/547/108
f 3178/550/108 3179/546/108 3180/546/108
f 3178/550/108 3180/546/108 3181/545/108
f 3182/555/50 3183/123/50 3184/557/50
f 3182/555/50 3184/557/50 3185/556/50
f 3186/558/50 3187/126/50 3188/495/50
f 3186/558/50 3188/495/50 3189/559/50
f 3190/560/50 3191/129/50 3187/126/50
f 3190/560/50 3187/126/50 3192/561/50
f 3189/559/50 3188/495/50 3193/127/50
f 3189/559/50 3193/127/50 3194/562/50
f 3195/125/50 3196/126/50 3187/126/50
f 3195/125/50 3187/126/50 3186/558/50
f 3192/561/50 3187/126/50 3197/130/50
f 3192/561/50 3197/130/50 3198/563/50
f 3199/128/50 3200/129/50 3191/129/50
f 3199/128/50 3191/129/50 3190/560/50
f 3185/556/50 3184/557/50 3201/124/50
f 3185/556/50 3201/124/50 3202/564/50
f 3203/122/50 3204/123/50 3183/123/50
f 3203/122/50 3183/123/50 3182/555/50
f 3205/565/47 3206/565/47 3207/566/47
f 3205/565/47 3207/566/47 3208/566/47
f 3209/567/50 3210/570/50 3211/569/50
f 3209/567/50 3211/569/50 3212/568/50
f 3213/571/47 3214/573/47 3215/572/47
f 3213/571/47 3215/572/47 3216/572/47
f 3217/135/224 3218/575/224 3219/574/224
f 3217/135/224 3219/574/224 3220/133/224
f 3221/133/55 3222/574/55 3223/576/55
f 3221/133/55 3223/576/55 3224/132/55
f 3225/577/97 3226/580/97 3227/579/97
f 3225/577/97 3227/579/97 3228/578/97
f 3229/136/56 3230/581/56 3231/575/56
f 3229/136/56 3231/575/56 3232/135/56
f 3233/578/56 3234/579/56 3230/581/56
f 3233/578/56 3230/581/56 3229/136/56
f 344/134/50 346/135/50 342/133/50
f 344/134/50 342/133/50 341/131/50
f 3235/582/50 341/131/50 343/132/50
f 3235/582/50 343/132/50 3236/577/50
f 3235/582/50 3236/577/50 3237/578/50
f 3235/582/50 3237/578/50 3238/583/50
f 3238/583/50 3237/578/50 345/136/50
f 3238/583/50 345/136/50 3239/584/50
f 3240/585/50 3241/581/50 3242/579/50
f 3240/585/50 3242/579/50 3243/586/50
f 3244/587/47 3245/590/47 3246/589/47
f 3244/587/47 3246/589/47 3247/588/47
f 1036/591/47 1039/594/47 3248/593/47
f 1036/591/47 3248/593/47 3249/592/47
f 3249/592/47 3248/593/47 3245/590/47
f 3249/592/47 3245/590/47 3244/587/47
f 3250/588/47 3251/589/47 3252/596/47
f 3250/588/47 3252/596/47 3253/595/47
f 3254/595/47 3255/596/47 1043/598/47
f 3254/595/47 1043/598/47 1042/597/47
f 3256/599/183 3257/602/183 3258/601/183
f 3256/599/183 3258/601/183 3259/600/183
f 3260/603/50 3261/606/50 3262/605/50
f 3260/603/50 3262/605/50 3263/604/50
f 3264/607/50 3265/610/50 3266/609/50
f 3264/607/50 3266/609/50 3267/608/50
f 3268/611/50 3269/614/50 3270/613/50
f 3268/611/50 3270/613/50 3271/612/50
f 3272/615/50 3273/618/50 3274/617/50
f 3272/615/50 3274/617/50 3275/616/50
f 3276/619/50 3277/622/50 3278/621/50
f 3276/619/50 3278/621/50 3279/620/50
f 3280/623/50 3281/626/50 3282/625/50
f 3280/623/50 3282/625/50 3283/624/50
f 3284/627/50 3285/630/50 3286/629/50
f 3284/627/50 3286/629/50 3287/628/50
f 3288/520/230 3289/633/230 3290/632/230
f 3288/520/230 3290/632/230 3291/631/230
f 3292/631/231 3293/632/231 3294/635/231
f 3292/631/231 3294/635/231 3295/634/231
f 3296/634/232 3297/635/232 3298/637/232
f 3296/634/232 3298/637/232 3299/636/232
f 3300/636/233 3301/637/233 3302/633/233
f 3300/636/233 3302/633/233 3303/520/233
f 3304/638/234 3305/641/234 3306/640/234
f 3304/638/234 3306/640/234 3307/639/234
f 3308/639/235 3309/640/235 3310/643/235
f 3308/639/235 3310/643/235 3311/642/235
f 3312/642/236 3313/643/236 3314/645/236
f 3312/642/236 3314/645/236 3315/644/236
f 3316/644/237 3317/645/237 3318/641/237
f 3316/644/238 3318/641/238 3319/638/238
f 3320/523/230 3321/647/230 3322/646/230
f 3320/523/230 3322/646/230 3323/521/230
f 3324/521/231 3325/646/231 3326/649/231
f 3324/521/231 3326/649/231 3327/648/231
f 3328/648/232 3329/649/232 3330/650/232
f 3328/648/232 3330/650/232 3331/263/232
f 3332/263/233 3333/650/233 3334/647/233
f 3332/263/233 3334/647/233 3335/523/233
f 3336/521/230 3337/652/230 3338/651/230
f 3336/521/230 3338/651/230 3339/520/230
f 3340/520/231 3341/651/231 3342/653/231
f 3340/520/231 3342/653/231 3343/636/231
f 3344/636/232 3345/653/232 3346/654/232
f 3344/636/232 3346/654/232 3347/648/232
f 3348/648/233 3349/654/233 3350/652/233
f 3348/648/233 3350/652/233 3351/521/233
f 3352/204/239 3353/656/239 3354/655/239
f 3352/204/239 3354/655/239 3355/527/239
f 3356/527/240 3357/655/240 3358/655/240
f 3356/527/240 3358/655/240 3359/527/240
f 3360/527/241 3361/655/241 3362/656/241
f 3360/527/241 3362/656/241 3363/204/241
f 3364/204/242 3365/656/242 3366/656/242
f 3364/204/242 3366/656/242 3367/204/242
f 3368/642/238 3369/658/238 3370/657/238
f 3368/642/238 3370/657/238 3371/639/238
f 3372/639/234 3373/657/234 3374/659/234
f 3372/639/234 3374/659/234 3375/527/234
f 3376/527/235 3377/659/235 3378/660/235
f 3376/527/235 3378/660/235 3379/204/235
f 3380/204/236 3381/660/236 3382/658/236
f 3380/204/236 3382/658/236 3383/642/236
f 3384/634/233 3385/662/233 3386/661/233
f 3384/634/233 3386/661/233 3387/631/233
f 3388/631/230 3389/661/230 3390/664/230
f 3388/631/230 3390/664/230 3391/663/230
f 3392/663/231 3393/664/231 3394/666/231
f 3392/663/231 3394/666/231 3395/665/231
f 3396/665/232 3397/666/232 3398/662/232
f 3396/665/232 3398/662/232 3399/634/232
f 3400/665/233 3401/668/233 3402/667/233
f 3400/665/233 3402/667/233 3403/663/233
f 3404/663/230 3405/667/230 3406/670/230
f 3404/663/230 3406/670/230 3407/669/230
f 3408/669/231 3409/670/231 3410/672/231
f 3408/669/231 3410/672/231 3411/671/231
f 3412/671/232 3413/672/232 3414/668/232
f 3412/671/232 3414/668/232 3415/665/232
f 3416/671/233 3417/674/233 3418/673/233
f 3416/671/233 3418/673/233 3419/669/233
f 3420/669/230 3421/673/230 3422/676/230
f 3420/669/230 3422/676/230 3423/675/230
f 3424/675/231 3425/676/231 3426/678/231
f 3424/675/231 3426/678/231 3427/677/231
f 3428/677/232 3429/678/232 3430/674/232
f 3428/677/232 3430/674/232 3431/671/232
f 3432/677/233 3433/680/233 3434/679/233
f 3432/677/233 3434/679/233 3435/675/233
f 3423/675/230 3436/679/230 3437/682/230
f 3423/675/230 3437/682/230 3438/681/230
f 3439/681/231 3440/682/231 3441/684/231
f 3439/681/231 3441/684/231 3442/683/231
f 3443/683/232 3444/684/232 3445/680/232
f 3443/683/232 3445/680/232 3428/677/232
f 3446/683/233 3447/686/233 3448/685/233
f 3446/683/233 3448/685/233 3449/681/233
f 3438/681/230 3450/685/230 3451/688/230
f 3438/681/230 3451/688/230 3452/687/230
f 3453/687/231 3454/688/231 3455/690/231
f 3453/687/231 3455/690/231 3456/689/231
f 3457/689/232 3458/690/232 3459/686/232
f 3457/689/232 3459/686/232 3443/683/232
f 3460/689/233 3461/692/233 3462/691/233
f 3460/689/233 3462/691/233 3463/687/233
f 3464/687/230 3465/691/230 3466/694/230
f 3464/687/230 3466/694/230 3467/693/230
f 3468/693/231 3469/694/231 3470/696/231
f 3468/693/231 3470/696/231 3471/695/231
f 3472/695/232 3473/696/232 3474/692/232
f 3472/695/232 3474/692/232 3475/689/232
f 3476/695/233 3477/698/233 3478/697/233
f 3476/695/233 3478/697/233 3479/693/233
f 3467/693/230 3480/697/230 3481/699/230
f 3467/693/230 3481/699/230 3482/638/230
f 3483/638/231 3484/699/231 3485/700/231
f 3483/638/231 3485/700/231 3486/644/231
f 3487/644/232 3488/700/232 3489/698/232
f 3487/644/232 3489/698/232 3472/695/232
f 3490/701/50 3491/703/50 3492/702/50
f 3490/701/50 3492/702/50 3493/574/50
f 3493/574/50 3492/702/50 3494/704/50
f 3493/574/50 3494/704/50 3495/576/50
f 3495/576/50 3494/704/50 3496/706/50
f 3495/576/50 3496/706/50 3497/705/50
f 3497/705/50 3496/706/50 3491/703/50
f 3497/705/50 3491/703/50 3490/701/50
f 3498/707/50 3499/710/50 3500/709/50
f 3498/707/50 3500/709/50 3501/708/50
f 3501/708/50 3500/709/50 3502/712/50
f 3501/708/50 3502/712/50 3503/711/50
f 3503/711/50 3502/712/50 3504/714/50
f 3503/711/50 3504/714/50 3505/713/50
f 3505/713/50 3504/714/50 3499/710/50
f 3505/713/50 3499/710/50 3498/707/50
f 3497/705/50 3506/716/50 3507/715/50
f 3497/705/50 3507/715/50 3495/576/50
f 3508/576/50 3509/715/50 3510/717/50
f 3508/576/50 3510/717/50 3511/708/50
f 3501/708/50 3512/717/50 3513/718/50
f 3501/708/50 3513/718/50 3498/707/50
f 3514/707/50 3515/718/50 3516/716/50
f 3514/707/50 3516/716/50 3517/705/50
f 3505/713/50 3518/720/50 3519/719/50
f 3505/713/50 3519/719/50 3503/711/50
f 3520/711/50 3521/719/50 3522/722/50
f 3520/711/50 3522/722/50 3523/721/50
f 3524/721/50 3525/722/50 3526/724/50
f 3524/721/50 3526/724/50 3527/723/50
f 3528/723/50 3529/724/50 3530/720/50
f 3528/723/50 3530/720/50 3531/713/50
f 3527/723/50 3532/726/50 3533/725/50
f 3527/723/50 3533/725/50 3524/721/50
f 3524/721/50 3533/725/50 3534/728/50
f 3524/721/50 3534/728/50 3535/727/50
f 3535/727/50 3534/728/50 3536/730/50
f 3535/727/50 3536/730/50 3537/729/50
f 3537/729/50 3536/730/50 3532/726/50
f 3537/729/50 3532/726/50 3527/723/50
f 3537/729/50 3538/732/50 3539/731/50
f 3537/729/50 3539/731/50 3535/727/50
f 3540/727/50 3541/731/50 3542/733/50
f 3540/727/50 3542/733/50 3543/580/50
f 3544/580/50 3545/733/50 3546/735/50
f 3544/580/50 3546/735/50 3547/734/50
f 3548/734/50 3549/735/50 3550/732/50
f 3548/734/50 3550/732/50 3551/729/50
f 3552/736/136 3553/739/136 3554/738/136
f 3552/736/136 3554/738/136 3555/737/136
f 3556/740/132 3557/743/132 3558/742/132
f 3556/740/132 3558/742/132 3559/741/132
f 3560/744/168 3561/747/168 3562/746/168
f 3560/744/168 3562/746/168 3563/745/168
f 3564/748/130 3565/751/130 3566/750/130
f 3564/748/130 3566/750/130 3567/749/130
f 3568/752/130 3569/755/130 3570/754/130
f 3568/752/130 3570/754/130 3571/753/130
f 3572/756/143 3573/756/143 3574/757/143
f 3572/756/143 3574/757/143 3575/757/143
f 3576/758/135 3577/761/135 3578/760/135
f 3576/758/135 3578/760/135 3579/759/135
f 3580/762/134 3581/765/134 3582/764/134
f 3580/762/134 3582/764/134 3583/763/134
f 3584/766/129 3585/769/129 3586/768/129
f 3584/766/129 3586/768/129 3587/767/129
f 3588/770/142 3589/770/142 3590/771/142
f 3588/770/142 3590/771/142 3591/771/142
s 1
f 3592/772/141 3593/772/141 3594/773/141
s 0
f 3592/772/141 3594/773/141 3595/773/141
f 3596/774/140 3597/774/140 3598/775/140
f 3596/774/140 3598/775/140 3599/775/140
f 3600/757/139 3601/757/139 3602/776/139
f 3600/757/139 3602/776/139 3603/776/139
f 3604/771/138 3605/771/138 3606/756/138
f 3604/771/138 3606/756/138 3607/756/138
f 3608/773/137 3609/773/137 3610/770/137
f 3608/773/137 3610/770/137 3611/770/137
f 3612/775/133 3613/775/133 3614/772/133
f 3612/775/133 3614/772/133 3615/772/133
f 3616/774/165 3617/778/165 3618/777/165
f 3616/774/165 3618/777/165 3619/775/165
f 3620/778/166 3621/780/166 3622/779/166
f 3620/778/166 3622/779/166 3623/777/166
f 3624/781/167 3625/784/167 3626/783/167
f 3624/781/167 3626/783/167 3627/782/167
f 3628/775/162 3629/786/162 3630/785/162
f 3628/775/162 3630/785/162 3631/772/162
f 3632/786/163 3633/779/163 3634/787/163
f 3632/786/163 3634/787/163 3635/785/163
f 3636/782/164 3637/783/164 3638/789/164
f 3636/782/164 3638/789/164 3639/788/164
f 3640/772/159 3641/791/159 3642/790/159
f 3640/772/159 3642/790/159 3643/773/159
f 3644/791/160 3645/787/160 3646/792/160
f 3644/791/160 3646/792/160 3647/790/160
f 3648/788/161 3649/789/161 3650/794/161
f 3648/788/161 3650/794/161 3651/793/161
f 3652/773/156 3653/796/156 3654/795/156
f 3652/773/156 3654/795/156 3655/770/156
f 3656/796/157 3657/792/157 3658/797/157
f 3656/796/157 3658/797/157 3659/795/157
f 3660/793/158 3661/794/158 3662/799/158
f 3660/793/158 3662/799/158 3663/798/158
f 3664/770/153 3665/801/153 3666/800/153
f 3664/770/153 3666/800/153 3667/771/153
f 3668/801/154 3669/797/154 3670/802/154
f 3668/801/154 3670/802/154 3671/800/154
f 3672/798/155 3673/799/155 3674/804/155
f 3672/798/155 3674/804/155 3675/803/155
f 3676/771/150 3677/806/150 3678/805/150
f 3676/771/150 3678/805/150 3679/756/150
f 3680/806/151 3681/802/151 3682/807/151
f 3680/806/151 3682/807/151 3683/805/151
f 3684/803/152 3685/804/152 3686/809/152
f 3684/803/152 3686/809/152 3687/808/152
f 3688/756/147 3689/811/147 3690/810/147
f 3688/756/147 3690/810/147 3691/757/147
f 3692/811/148 3693/807/148 3694/812/148
f 3692/811/148 3694/812/148 3695/810/148
f 3696/808/149 3697/809/149 3698/814/149
f 3696/808/149 3698/814/149 3699/813/149
f 3700/757/144 3701/816/144 3702/815/144
f 3700/757/144 3702/815/144 3703/776/144
f 3704/816/145 3705/812/145 3706/817/145
f 3704/816/145 3706/817/145 3707/815/145
f 3708/813/146 3709/814/146 3710/784/146
f 3708/813/146 3710/784/146 3711/781/146
f 3712/818/132 3713/821/132 3714/820/132
f 3712/818/132 3714/820/132 3715/819/132
f 3716/768/129 3717/768/129 3718/767/129
f 3716/768/129 3718/767/129 3719/767/129
f 3720/822/168 3721/824/168 3722/823/168
f 3720/822/168 3722/823/168 3723/823/168
f 3724/825/135 3725/828/135 3726/827/135
f 3724/825/135 3726/827/135 3727/826/135
f 3728/829/134 3729/832/134 3730/831/134
f 3728/829/134 3730/831/134 3731/830/134
f 3732/833/131 3733/833/131 3734/768/131
f 3732/833/131 3734/768/131 3735/768/131
f 3736/834/136 3737/837/136 3738/836/136
f 3736/834/136 3738/836/136 3739/835/136
f 3740/838/130 3741/841/130 3742/840/130
f 3740/838/130 3742/840/130 3743/839/130
f 3744/842/134 3745/845/134 3746/844/134
f 3744/842/134 3746/844/134 3747/843/134
f 3748/843/132 3749/848/132 3750/847/132
f 3748/843/132 3750/847/132 3751/846/132
f 3752/846/131 3753/851/131 3754/850/131
f 3752/846/131 3754/850/131 3755/849/131
f 3756/849/129 3757/854/129 3758/853/129
f 3756/849/129 3758/853/129 3759/852/129
f 3760/852/136 3761/857/136 3762/856/136
f 3760/852/136 3762/856/136 3763/855/136
f 3764/855/168 3765/860/168 3766/859/168
f 3764/855/168 3766/859/168 3767/858/168
f 3768/858/130 3769/863/130 3770/862/130
f 3768/858/130 3770/862/130 3771/861/130
f 3772/861/135 3773/866/135 3774/865/135
f 3772/861/135 3774/865/135 3775/864/135
f 3776/833/176 3777/833/176 3778/762/176
f 3776/833/176 3778/762/176 3779/762/176
f 3780/767/175 3781/767/175 3782/768/175
f 3780/767/175 3782/768/175 3783/768/175
f 3784/867/174 3785/867/174 3786/868/174
f 3784/867/174 3786/868/174 3787/868/174
f 3788/869/173 3789/869/173 3790/870/173
f 3788/869/173 3790/870/173 3791/870/173
f 3792/762/172 3793/762/172 3794/763/172
f 3792/762/172 3794/763/172 3795/763/172
f 3796/768/171 3797/768/171 3798/833/171
f 3796/768/171 3798/833/171 3799/833/171
f 3800/868/170 3801/868/170 3802/767/170
f 3800/868/170 3802/767/170 3803/767/170
f 3804/870/169 3805/870/169 3806/867/169
f 3804/870/169 3806/867/169 3807/867/169
f 3808/871/136 3809/868/136 3810/873/136
f 3808/871/136 3810/873/136 3811/872/136
f 3812/874/132 3813/833/132 3814/876/132
f 3812/874/132 3814/876/132 3815/875/132
f 3816/872/136 3817/873/136 3818/766/136
f 3816/872/136 3818/766/136 3819/877/136
f 3820/877/136 3821/766/136 3822/767/136
f 3820/877/136 3822/767/136 3823/878/136
f 3824/879/132 3825/765/132 3826/762/132
f 3824/879/132 3826/762/132 3827/880/132
f 3828/875/132 3829/876/132 3830/765/132
f 3828/875/132 3830/765/132 3831/879/132
f 3832/880/132 3833/762/132 3834/833/132
f 3832/880/132 3834/833/132 3835/874/132
f 3836/878/136 3837/767/136 3838/868/136
f 3836/878/136 3838/868/136 3839/871/136
f 3840/737/130 3841/737/130 3842/736/130
f 3840/737/130 3842/736/130 3843/736/130
f 3844/741/129 3845/741/129 3846/740/129
f 3844/741/129 3846/740/129 3847/740/129
f 3848/736/177 3849/736/177 3850/739/177
f 3848/736/177 3850/739/177 3851/739/177
f 3852/739/131 3853/739/131 3854/738/131
f 3852/739/131 3854/738/131 3855/738/131
f 3856/743/135 3857/743/135 3858/742/135
f 3856/743/135 3858/742/135 3859/742/135
f 3860/740/177 3861/740/177 3862/743/177
f 3860/740/177 3862/743/177 3863/743/177
f 3864/742/43 3865/742/43 3866/741/43
f 3864/742/43 3866/741/43 3867/741/43
f 3868/738/43 3869/738/43 3870/737/43
f 3868/738/43 3870/737/43 3871/737/43
f 3872/762/132 3873/882/132 3874/881/132
f 3872/762/132 3874/881/132 3875/833/132
f 3876/833/132 3877/881/132 3878/883/132
f 3876/833/132 3878/883/132 3879/833/132
f 3880/833/132 3881/883/132 3882/884/132
f 3880/833/132 3882/884/132 3883/762/132
f 3884/762/132 3885/884/132 3886/882/132
f 3884/762/132 3886/882/132 3887/762/132
f 3888/868/168 3889/886/168 3890/885/168
s 1
f 3888/868/168 3890/885/168 3891/867/168
s 0
f 3892/867/168 3893/885/168 3894/885/168
f 3892/867/168 3894/885/168 3895/867/168
f 3896/867/168 3897/885/168 3898/887/168
s 1
f 3896/867/168 3898/887/168 3899/868/168
s 0
f 3900/868/168 3901/887/168 3902/886/168
f 3900/868/168 3902/886/168 3903/868/168
f 3904/870/135 3905/889/135 3906/888/135
f 3904/870/135 3906/888/135 3907/869/135
f 3908/869/135 3909/888/135 3910/890/135
f 3908/869/135 3910/890/135 3911/869/135
f 3912/869/135 3913/890/135 3914/891/135
f 3912/869/135 3914/891/135 3915/870/135
f 3916/870/135 3917/891/135 3918/889/135
f 3916/870/135 3918/889/135 3919/870/135
f 3920/763/134 3921/893/134 3922/892/134
f 3920/763/134 3922/892/134 3923/762/134
f 3924/762/134 3925/892/134 3926/894/134
f 3924/762/134 3926/894/134 3927/762/134
f 3928/762/134 3929/894/134 3930/895/134
f 3928/762/134 3930/895/134 3931/763/134
f 3932/763/134 3933/895/134 3934/893/134
f 3932/763/134 3934/893/134 3935/763/134
f 3936/767/136 3937/897/136 3938/896/136
f 3936/767/136 3938/896/136 3939/868/136
f 3940/868/136 3941/896/136 3942/898/136
f 3940/868/136 3942/898/136 3943/868/136
f 3944/868/136 3945/898/136 3946/899/136
f 3944/868/136 3946/899/136 3947/767/136
f 3948/767/136 3949/899/136 3950/897/136
f 3948/767/136 3950/897/136 3951/767/136
f 3952/867/130 3953/901/130 3954/900/130
f 3952/867/130 3954/900/130 3955/870/130
f 3956/870/130 3957/900/130 3958/902/130
f 3956/870/130 3958/902/130 3959/870/130
f 3960/870/130 3961/902/130 3962/903/130
f 3960/870/130 3962/903/130 3963/867/130
f 3964/867/130 3965/903/130 3966/901/130
f 3964/867/130 3966/901/130 3967/867/130
f 3968/904/50 3969/183/50 3970/180/50
f 3968/904/50 3970/180/50 3971/905/50
f 3972/906/50 3973/907/50 3974/228/50
f 3972/906/50 3974/228/50 3975/229/50
f 3243/586/50 3242/579/50 3974/228/50
f 3243/586/50 3974/228/50 3973/907/50
f 3976/908/50 3977/575/50 3241/581/50
f 3976/908/50 3241/581/50 3240/585/50
f 3978/566/50 2638/166/50 2637/167/50
f 3978/566/50 2637/167/50 3979/565/50
f 3980/585/55 3981/585/55 3982/586/55
f 3980/585/55 3982/586/55 3983/586/55
f 3984/905/51 3985/905/51 3986/904/51
f 3984/905/51 3986/904/51 3987/904/51
f 3988/909/50 3989/912/50 3990/911/50
f 3988/909/50 3990/911/50 3991/910/50
f 3206/565/47 3992/565/47 3993/566/47
f 3206/565/47 3993/566/47 3207/566/47
f 3985/905/51 3994/905/51 3995/904/51
f 3985/905/51 3995/904/51 3986/904/51
f 3996/913/50 3997/911/50 3998/910/50
f 3996/913/50 3998/910/50 3991/910/50
f 3999/572/43 4000/914/43 4001/914/43
f 3999/572/43 4001/914/43 4002/572/43
f 4003/915/177 4004/915/177 4005/915/177
f 4003/915/177 4005/915/177 4006/915/177
f 4007/916/56 4008/919/56 4009/918/56
f 4007/916/56 4009/918/56 4010/917/56
f 4011/905/56 4012/911/56 4013/912/56
f 4011/905/56 4013/912/56 4014/904/56
s 1
f 4015/920/56 4016/923/56 4017/922/56
s 0
f 4015/920/56 4017/922/56 4018/921/56
f 4019/924/56 4020/927/56 4021/926/56
f 4019/924/56 4021/926/56 4022/925/56
s 1
f 4023/928/56 4024/931/56 4025/930/56
s 0
f 4023/928/56 4025/930/56 4026/929/56
f 4027/932/56 4028/935/56 4029/934/56
f 4027/932/56 4029/934/56 4030/933/56
s 1
f 4031/936/56 4032/939/56 4033/938/56
s 0
f 4031/936/56 4033/938/56 4034/937/56
f 4035/907/97 4036/941/97 4037/940/97
f 4035/907/97 4037/940/97 4038/586/97
f 4039/942/55 4040/945/55 4041/944/55
f 4039/942/55 4041/944/55 4042/943/55
f 4043/946/55 4044/949/55 4045/948/55
s 1
f 4043/946/55 4045/948/55 4046/947/55
s 0
f 4047/950/55 4048/953/55 4049/952/55
s 1
f 4047/950/55 4049/952/55 4050/951/55
s 0
f 4051/954/55 4052/957/55 4053/956/55
f 4051/954/55 4053/956/55 4054/955/55
f 4055/958/55 4056/961/55 4057/960/55
f 4055/958/55 4057/960/55 4058/959/55
f 4059/565/55 4060/909/55 4061/910/55
f 4059/565/55 4061/910/55 4062/566/55
f 4063/962/55 4064/965/55 4065/964/55
f 4063/962/55 4065/964/55 4066/963/55
f 4067/913/56 4011/905/56 4068/905/56
f 4067/913/56 4068/905/56 4069/911/56
f 4062/566/55 4061/910/55 4070/910/55
f 4062/566/55 4070/910/55 4071/566/55
f 4072/966/56 4073/969/56 4074/968/56
f 4072/966/56 4074/968/56 4075/967/56
f 4076/967/56 4077/968/56 4078/970/56
s 1
f 4076/967/56 4078/970/56 4079/906/56
s 0
f 4080/906/56 4081/970/56 4082/972/56
f 4080/906/56 4082/972/56 4083/971/56
f 4084/971/56 4085/972/56 4086/969/56
f 4084/971/56 4086/969/56 4087/966/56
f 4088/973/56 4089/975/56 4090/974/56
f 4088/973/56 4090/974/56 4091/966/56
f 4087/966/56 4092/974/56 4093/976/56
f 4087/966/56 4093/976/56 4084/971/56
f 4094/971/56 4095/976/56 4096/978/56
f 4094/971/56 4096/978/56 4097/977/56
f 4098/977/56 4099/978/56 4100/975/56
f 4098/977/56 4100/975/56 4101/973/56
f 4102/979/56 4103/981/56 4104/980/56
f 4102/979/56 4104/980/56 4105/973/56
f 4106/973/56 4107/980/56 4108/982/56
f 4106/973/56 4108/982/56 4109/977/56
f 4110/977/56 4111/982/56 4112/984/56
f 4110/977/56 4112/984/56 4113/983/56
f 4114/983/56 4115/984/56 4116/981/56
f 4114/983/56 4116/981/56 4117/979/56
f 4118/985/56 4119/987/56 4120/986/56
f 4118/985/56 4120/986/56 4121/979/56
f 4117/979/56 4122/986/56 4123/988/56
f 4117/979/56 4123/988/56 4114/983/56
f 4124/983/56 4125/988/56 4126/990/56
f 4124/983/56 4126/990/56 4127/989/56
f 4128/989/56 4129/990/56 4130/987/56
f 4128/989/56 4130/987/56 4131/985/56
f 4132/991/56 4133/993/56 4134/992/56
f 4132/991/56 4134/992/56 4135/985/56
f 4131/985/56 4136/992/56 4137/994/56
f 4131/985/56 4137/994/56 4128/989/56
f 4138/989/56 4139/994/56 4140/996/56
f 4138/989/56 4140/996/56 4141/995/56
f 4142/995/56 4143/996/56 4144/993/56
f 4142/995/56 4144/993/56 4145/991/56
f 4146/941/56 4147/998/56 4148/997/56
f 4146/941/56 4148/997/56 4149/991/56
f 4145/991/56 4150/997/56 4151/999/56
f 4145/991/56 4151/999/56 4142/995/56
f 4152/995/56 4153/999/56 4154/1000/56
f 4152/995/56 4154/1000/56 4155/907/56
f 4156/907/56 4157/1000/56 4158/998/56
f 4156/907/56 4158/998/56 4159/941/56
f 4160/1001/55 4161/1003/55 4162/1002/55
f 4160/1001/55 4162/1002/55 4163/908/55
f 4164/908/55 4165/1002/55 4166/1005/55
s 1
f 4164/908/55 4166/1005/55 4167/1004/55
s 0
f 4168/1004/55 4169/1005/55 4170/1007/55
f 4168/1004/55 4170/1007/55 4171/1006/55
f 4172/1006/55 4173/1007/55 4174/1003/55
f 4172/1006/55 4174/1003/55 4175/1001/55
f 4176/586/55 4177/1010/55 4178/1009/55
f 4176/586/55 4178/1009/55 4179/1008/55
f 4180/1008/55 4181/1009/55 4182/1012/55
f 4180/1008/55 4182/1012/55 4183/1011/55
f 4184/1011/55 4185/1012/55 4186/1013/55
f 4184/1011/55 4186/1013/55 4187/940/55
f 4188/940/55 4189/1013/55 4190/1010/55
f 4188/940/55 4190/1010/55 4191/586/55
f 4192/1014/55 4193/1017/55 4194/1016/55
f 4192/1014/55 4194/1016/55 4195/1015/55
f 4196/1015/55 4197/1016/55 4198/1019/55
f 4196/1015/55 4198/1019/55 4199/1018/55
f 4200/1018/55 4201/1019/55 4202/1021/55
f 4200/1018/55 4202/1021/55 4203/1020/55
f 4204/1020/55 4205/1021/55 4206/1017/55
f 4204/1020/55 4206/1017/55 4207/1014/55
f 4208/1015/55 4209/1024/55 4210/1023/55
f 4208/1015/55 4210/1023/55 4211/1022/55
f 4212/1022/55 4213/1023/55 4214/1026/55
f 4212/1022/55 4214/1026/55 4215/1025/55
f 4216/1025/55 4217/1026/55 4218/1028/55
f 4216/1025/55 4218/1028/55 4219/1027/55
f 4220/1027/55 4221/1028/55 4222/1024/55
f 4220/1027/55 4222/1024/55 4196/1015/55
f 4223/1022/55 4224/1030/55 4225/1029/55
f 4223/1022/55 4225/1029/55 4226/1001/55
f 4175/1001/55 4227/1029/55 4228/1031/55
f 4175/1001/55 4228/1031/55 4172/1006/55
f 4229/1006/55 4230/1031/55 4231/1032/55
f 4229/1006/55 4231/1032/55 4232/1025/55
f 4233/1025/55 4234/1032/55 4235/1030/55
f 4233/1025/55 4235/1030/55 4236/1022/55
f 4237/1008/55 4238/1034/55 4239/1033/55
f 4237/1008/55 4239/1033/55 4240/1014/55
f 4207/1014/55 4241/1033/55 4242/1035/55
f 4207/1014/55 4242/1035/55 4204/1020/55
f 4243/1020/55 4244/1035/55 4245/1036/55
f 4243/1020/55 4245/1036/55 4246/1011/55
f 4183/1011/55 4247/1036/55 4248/1034/55
f 4183/1011/55 4248/1034/55 4180/1008/55
f 4249/1037/50 4250/940/50 4251/941/50
f 4249/1037/50 4251/941/50 4252/1038/50
f 4253/1039/50 4254/967/50 4255/1004/50
f 4253/1039/50 4255/1004/50 4256/1040/50
f 4257/1041/56 4258/907/56 4259/907/56
f 4257/1041/56 4259/907/56 4260/906/56
f 4261/586/97 4262/586/97 4263/907/97
f 4261/586/97 4263/907/97 4264/907/97
f 4265/1042/55 4266/908/55 3981/585/55
f 4265/1042/55 3981/585/55 3980/585/55
f 4267/1043/94 4268/908/94 4269/908/94
f 4267/1043/94 4269/908/94 4270/1042/94
f 4271/1041/67 4272/906/67 4273/906/67
f 4271/1041/67 4273/906/67 4274/1044/67
f 4275/1044/67 4276/906/67 4277/906/67
f 4275/1044/67 4277/906/67 4278/1045/67
f 4279/907/92 4280/907/92 4281/586/92
f 4279/907/92 4281/586/92 4282/586/92
f 4283/1001/58 4284/1001/58 4285/908/58
f 4283/1001/58 4285/908/58 4286/1043/58
f 4287/1043/94 4288/908/94 4268/908/94
f 4287/1043/94 4268/908/94 4267/1043/94
f 2072/1046/51 2075/496/51 4289/495/51
f 2072/1046/51 4289/495/51 4290/1047/51
f 2076/1048/51 2079/497/51 4291/126/51
f 2076/1048/51 4291/126/51 4292/1049/51
f 2080/1050/51 2083/502/51 4293/129/51
f 2080/1050/51 4293/129/51 4294/1051/51
f 4295/1047/51 4296/495/51 2086/496/51
f 4295/1047/51 2086/496/51 2085/496/51
f 4297/1049/51 4298/126/51 2090/497/51
f 4297/1049/51 2090/497/51 2089/497/51
f 4299/1052/51 4300/129/51 2094/502/51
f 4299/1052/51 2094/502/51 2093/502/51
f 4292/1049/51 4291/126/51 4298/126/51
f 4292/1049/51 4298/126/51 4297/1049/51
f 4294/1051/51 4293/129/51 4300/129/51
f 4294/1051/51 4300/129/51 4299/1052/51
f 4290/1047/51 4289/495/51 4296/495/51
f 4290/1047/51 4296/495/51 4295/1047/51
f 4301/565/50 4302/565/50 4303/566/50
f 4301/565/50 4303/566/50 4304/566/50
f 4305/567/51 4306/570/51 4307/569/51
f 4305/567/51 4307/569/51 4308/568/51
f 4309/905/48 4310/905/48 4311/904/48
f 4309/905/48 4311/904/48 4312/904/48
f 4313/909/51 4314/912/51 4315/911/51
f 4313/909/51 4315/911/51 4316/910/51
f 4302/565/50 4317/565/50 4318/566/50
f 4302/565/50 4318/566/50 4303/566/50
f 4310/905/48 4319/905/48 4320/904/48
f 4310/905/48 4320/904/48 4311/904/48
f 4321/913/51 4322/911/51 4323/910/51
f 4321/913/51 4323/910/51 4316/910/51
f 4324/572/43 4325/914/43 4326/914/43
f 4324/572/43 4326/914/43 4327/572/43
f 4328/915/177 4329/915/177 4330/915/177
f 4328/915/177 4330/915/177 4331/915/177
f 4332/916/52 4333/919/52 4334/918/52
f 4332/916/52 4334/918/52 4335/917/52
f 4336/905/52 4337/911/52 4338/912/52
f 4336/905/52 4338/912/52 4339/904/52
f 4340/920/52 4341/923/52 4342/922/52
f 4340/920/52 4342/922/52 4343/921/52
f 4344/924/52 4345/927/52 4346/926/52
f 4344/924/52 4346/926/52 4347/925/52
f 4348/928/52 4349/931/52 4350/930/52
f 4348/928/52 4350/930/52 4351/929/52
f 4352/932/52 4353/935/52 4354/934/52
f 4352/932/52 4354/934/52 4355/933/52
f 4356/936/52 4357/939/52 4358/938/52
f 4356/936/52 4358/938/52 4359/937/52
f 4360/907/67 4361/941/67 4362/940/67
f 4360/907/67 4362/940/67 4363/586/67
f 4364/942/56 4365/945/56 4366/944/56
f 4364/942/56 4366/944/56 4367/943/56
f 4368/946/56 4369/949/56 4370/948/56
f 4368/946/56 4370/948/56 4371/947/56
f 4372/950/56 4373/953/56 4374/952/56
f 4372/950/56 4374/952/56 4375/951/56
f 4376/954/56 4377/957/56 4378/956/56
f 4376/954/56 4378/956/56 4379/955/56
f 4380/958/56 4381/961/56 4382/960/56
f 4380/958/56 4382/960/56 4383/959/56
f 4384/565/56 4385/909/56 4386/910/56
f 4384/565/56 4386/910/56 4387/566/56
f 4388/962/56 4389/965/56 4390/964/56
f 4388/962/56 4390/964/56 4391/963/56
f 4392/913/52 4336/905/52 4393/905/52
f 4392/913/52 4393/905/52 4394/911/52
f 4387/566/56 4386/910/56 4395/910/56
f 4387/566/56 4395/910/56 4396/566/56
f 4397/966/52 4398/969/52 4399/968/52
f 4397/966/52 4399/968/52 4400/967/52
f 4401/967/52 4402/968/52 4403/970/52
f 4401/967/52 4403/970/52 4404/906/52
f 4405/906/52 4406/970/52 4407/972/52
f 4405/906/52 4407/972/52 4408/971/52
f 4409/971/52 4410/972/52 4411/969/52
f 4409/971/52 4411/969/52 4412/966/52
f 4413/973/52 4414/975/52 4415/974/52
f 4413/973/52 4415/974/52 4416/966/52
f 4417/966/52 4418/974/52 4419/976/52
f 4417/966/52 4419/976/52 4420/971/52
f 4421/971/52 4422/976/52 4423/978/52
f 4421/971/52 4423/978/52 4424/977/52
f 4425/977/52 4426/978/52 4427/975/52
f 4425/977/52 4427/975/52 4428/973/52
f 4429/979/52 4430/981/52 4431/980/52
f 4429/979/52 4431/980/52 4432/973/52
f 4433/973/52 4434/980/52 4435/982/52
f 4433/973/52 4435/982/52 4436/977/52
f 4437/977/52 4438/982/52 4439/984/52
f 4437/977/52 4439/984/52 4440/983/52
s 1
f 4441/983/52 4442/984/52 4443/981/52
s 0
f 4441/983/52 4443/981/52 4444/979/52
f 4445/985/52 4446/987/52 4447/986/52
s 1
f 4445/985/52 4447/986/52 4448/979/52
s 0
f 4449/979/52 4450/986/52 4451/988/52
f 4449/979/52 4451/988/52 4452/983/52
f 4453/983/52 4454/988/52 4455/990/52
f 4453/983/52 4455/990/52 4456/989/52
f 4457/989/52 4458/990/52 4459/987/52
f 4457/989/52 4459/987/52 4460/985/52
f 4461/991/52 4462/993/52 4463/992/52
f 4461/991/52 4463/992/52 4464/985/52
f 4465/985/52 4466/992/52 4467/994/52
f 4465/985/52 4467/994/52 4468/989/52
f 4469/989/52 4470/994/52 4471/996/52
f 4469/989/52 4471/996/52 4472/995/52
f 4473/995/52 4474/996/52 4475/993/52
f 4473/995/52 4475/993/52 4476/991/52
f 4477/941/52 4478/998/52 4479/997/52
s 1
f 4477/941/52 4479/997/52 4480/991/52
s 0
f 4481/991/52 4482/997/52 4483/999/52
f 4481/991/52 4483/999/52 4484/995/52
s 1
f 4485/995/52 4486/999/52 4487/1000/52
s 0
f 4485/995/52 4487/1000/52 4488/907/52
f 4489/907/52 4490/1000/52 4491/998/52
f 4489/907/52 4491/998/52 4492/941/52
f 4493/1001/56 4494/1003/56 4495/1002/56
f 4493/1001/56 4495/1002/56 4496/908/56
f 4497/908/56 4498/1002/56 4499/1005/56
f 4497/908/56 4499/1005/56 4500/1004/56
f 4501/1004/56 4502/1005/56 4503/1007/56
f 4501/1004/56 4503/1007/56 4504/1006/56
f 4505/1006/56 4506/1007/56 4507/1003/56
f 4505/1006/56 4507/1003/56 4508/1001/56
f 4509/586/56 4510/1010/56 4511/1009/56
f 4509/586/56 4511/1009/56 4512/1008/56
f 4513/1008/56 4514/1009/56 4515/1012/56
f 4513/1008/56 4515/1012/56 4516/1011/56
f 4517/1011/56 4518/1012/56 4519/1013/56
f 4517/1011/56 4519/1013/56 4520/940/56
f 4521/940/56 4522/1013/56 4523/1010/56
f 4521/940/56 4523/1010/56 4524/586/56
f 4525/1014/56 4526/1017/56 4527/1016/56
f 4525/1014/56 4527/1016/56 4528/1015/56
s 1
f 4529/1015/56 4530/1016/56 4531/1019/56
s 0
f 4529/1015/56 4531/1019/56 4532/1018/56
f 4533/1018/56 4534/1019/56 4535/1021/56
f 4533/1018/56 4535/1021/56 4536/1020/56
f 4537/1020/56 4538/1021/56 4539/1017/56
f 4537/1020/56 4539/1017/56 4540/1014/56
f 4541/1015/56 4542/1024/56 4543/1023/56
f 4541/1015/56 4543/1023/56 4544/1022/56
s 1
f 4545/1022/56 4546/1023/56 4547/1026/56
s 0
f 4545/1022/56 4547/1026/56 4548/1025/56
f 4549/1025/56 4550/1026/56 4551/1028/56
f 4549/1025/56 4551/1028/56 4552/1027/56
f 4553/1027/56 4554/1028/56 4555/1024/56
f 4553/1027/56 4555/1024/56 4556/1015/56
f 4557/1022/56 4558/1030/56 4559/1029/56
f 4557/1022/56 4559/1029/56 4560/1001/56
f 4561/1001/56 4562/1029/56 4563/1031/56
f 4561/1001/56 4563/1031/56 4564/1006/56
s 1
f 4565/1006/56 4566/1031/56 4567/1032/56
s 0
f 4565/1006/56 4567/1032/56 4568/1025/56
f 4569/1025/56 4570/1032/56 4571/1030/56
f 4569/1025/56 4571/1030/56 4572/1022/56
f 4573/1008/56 4574/1034/56 4575/1033/56
f 4573/1008/56 4575/1033/56 4576/1014/56
f 4577/1014/56 4578/1033/56 4579/1035/56
f 4577/1014/56 4579/1035/56 4580/1020/56
f 4581/1020/56 4582/1035/56 4583/1036/56
f 4581/1020/56 4583/1036/56 4584/1011/56
f 4585/1011/56 4586/1036/56 4587/1034/56
f 4585/1011/56 4587/1034/56 4588/1008/56
f 4589/1037/51 4590/940/51 4591/941/51
f 4589/1037/51 4591/941/51 4592/1038/51
f 4593/1039/51 4594/967/51 4595/1004/51
f 4593/1039/51 4595/1004/51 4596/1040/51
f 4597/1041/52 4598/907/52 4599/907/52
f 4597/1041/52 4599/907/52 4600/906/52
f 4601/586/67 4602/586/67 4603/907/67
f 4601/586/67 4603/907/67 4604/907/67
f 4605/1042/56 4606/908/56 4607/586/56
f 4605/1042/56 4607/586/56 4608/586/56
f 4609/1043/97 4610/908/97 4611/908/97
f 4609/1043/97 4611/908/97 4612/1042/97
f 4613/1041/92 4614/906/92 4615/906/92
f 4613/1041/92 4615/906/92 4616/1044/92
f 4616/1044/92 4615/906/92 4617/906/92
f 4616/1044/92 4617/906/92 4618/1045/92
f 4619/907/94 4620/907/94 4621/586/94
f 4619/907/94 4621/586/94 4622/586/94
f 4623/1043/97 4624/908/97 4610/908/97
f 4623/1043/97 4610/908/97 4609/1043/97
f 4625/1053/168 4626/873/168 4627/868/168
f 4625/1053/168 4627/868/168 4628/1054/168
f 4629/1055/135 4630/1058/135 4631/1057/135
f 4629/1055/135 4631/1057/135 4632/1056/135
f 4633/1055/135 4634/1059/135 4635/869/135
f 4633/1055/135 4635/869/135 4636/1058/135
f 4637/1056/130 4638/1057/130 4639/1061/130
f 4637/1056/130 4639/1061/130 4640/1060/130
f 4641/1060/168 4642/1061/168 4643/873/168
f 4641/1060/168 4643/873/168 4644/1053/168
f 4645/1054/168 4646/868/168 4647/867/168
f 4645/1054/168 4647/867/168 4648/867/168
f 4649/867/130 4650/867/130 4651/870/130
f 4649/867/130 4651/870/130 4652/870/130
f 4653/870/135 4654/870/135 4655/869/135
f 4653/870/135 4655/869/135 4656/1059/135
f 4657/1062/130 4658/1053/130 4659/1054/130
f 4657/1062/130 4659/1054/130 4660/1063/130
f 4661/1064/173 4662/1055/173 4663/1056/173
f 4661/1064/173 4663/1056/173 4664/1065/173
f 4665/1064/130 4666/1066/130 4667/1059/130
f 4665/1064/130 4667/1059/130 4668/1055/130
f 4669/1067/174 4670/1060/174 4671/1053/174
s 1
f 4669/1067/174 4671/1053/174 4672/1062/174
s 0
f 4673/1063/243 4674/1054/243 4675/867/243
s 1
f 4673/1063/243 4675/867/243 4676/867/243
s 0
f 4677/870/244 4678/870/244 4679/1059/244
f 4677/870/244 4679/1059/244 4680/1066/244
f 4681/768/131 4682/769/131 4683/876/131
f 4681/768/131 4683/876/131 4684/833/131
f 4685/1068/130 4686/1067/130 4687/867/130
f 4685/1068/130 4687/867/130 4688/1069/130
f 4689/1070/135 4690/1065/135 4691/870/135
f 4689/1070/135 4691/870/135 4692/1071/135
f 4693/1072/135 4694/1064/135 4695/1065/135
f 4693/1072/135 4695/1065/135 4696/1070/135
f 4697/1072/135 4698/1073/135 4699/1066/135
f 4697/1072/135 4699/1066/135 4700/1064/135
f 4701/1074/130 4702/1075/130 4703/1067/130
f 4701/1074/130 4703/1067/130 4704/1068/130
f 4705/1071/135 4706/870/135 4707/1066/135
f 4705/1071/135 4707/1066/135 4708/1073/135
f 4709/1069/130 4710/867/130 4711/1077/130
f 4709/1069/130 4711/1077/130 4712/1076/130
f 4713/1076/130 4714/1077/130 4715/1075/130
f 4713/1076/130 4715/1075/130 4716/1074/130
f 4717/1078/168 4718/867/168 4719/1067/168
f 4717/1078/168 4719/1067/168 4720/1079/168
f 4721/1080/130 4722/1081/130 4723/870/130
f 4721/1080/130 4723/870/130 4724/1065/130
f 4725/1082/168 4726/1062/168 4727/1063/168
f 4725/1082/168 4727/1063/168 4728/1083/168
f 4729/1079/168 4730/1067/168 4731/1062/168
f 4729/1079/168 4731/1062/168 4732/1082/168
f 4733/1083/168 4734/1063/168 4735/867/168
f 4733/1083/168 4735/867/168 4736/1078/168
f 4737/1084/130 4738/1077/130 4739/870/130
f 4737/1084/130 4739/870/130 4740/1081/130
f 4741/1080/130 4742/1065/130 4743/1075/130
f 4741/1080/130 4743/1075/130 4744/1085/130
f 4745/1085/130 4746/1075/130 4747/1077/130
f 4745/1085/130 4747/1077/130 4748/1084/130
f 4749/751/168 4750/1087/168 4751/1086/168
f 4749/751/168 4751/1086/168 4752/750/168
f 4753/761/130 4754/1089/130 4755/1088/130
f 4753/761/130 4755/1088/130 4756/760/130
f 4757/758/244 4758/1090/244 4759/1089/244
f 4757/758/244 4759/1089/244 4760/761/244
f 4761/758/134 4762/759/134 4763/1091/134
f 4761/758/134 4763/1091/134 4764/1090/134
f 4765/748/245 4766/1092/245 4767/1087/245
s 1
f 4765/748/245 4767/1087/245 4768/751/245
s 0
f 4769/760/173 4770/1088/173 4771/1091/173
f 4769/760/173 4771/1091/173 4772/759/173
f 4773/750/169 4774/1086/169 4775/1093/169
f 4773/750/169 4775/1093/169 4776/749/169
f 4777/749/135 4778/1093/135 4779/1092/135
f 4777/749/135 4779/1092/135 4780/748/135
f 4781/745/130 4782/1095/130 4783/1094/130
s 1
f 4781/745/130 4783/1094/130 4784/744/130
s 0
f 4785/754/135 4786/755/135 4787/1097/135
f 4785/754/135 4787/1097/135 4788/1096/135
f 4789/747/136 4790/1099/136 4791/1098/136
f 4789/747/136 4791/1098/136 4792/746/136
f 4793/744/243 4794/1094/243 4795/1099/243
f 4793/744/243 4795/1099/243 4796/747/243
f 4797/746/174 4798/1098/174 4799/1095/174
f 4797/746/174 4799/1095/174 4800/745/174
f 4801/752/169 4802/1100/169 4803/1097/169
f 4801/752/169 4803/1097/169 4804/755/169
f 4805/754/245 4806/1096/245 4807/1101/245
f 4805/754/245 4807/1101/245 4808/753/245
f 4809/753/168 4810/1101/168 4811/1100/168
f 4809/753/168 4811/1100/168 4812/752/168
f 4813/1102/50 4814/1103/50 2720/242/50
f 4813/1102/50 2720/242/50 2716/238/50
f 4815/432/47 4816/1104/47 4817/1105/47
f 4816/1104/47 4815/432/47 4818/450/47
s 1
f 4819/185/246 4820/350/246 4821/1106/246
f 4820/350/246 4819/185/246 4822/97/246
f 4820/350/246 4822/97/246 4823/96/246
f 4824/1107/247 4825/330/248 4826/329/249
f 4825/330/248 4824/1107/247 4827/1108/249
s 0
f 4828/1109/57 4829/261/57 4830/260/57
f 4829/261/57 4828/1109/57 4831/1110/57
f 4831/1110/57 4828/1109/57 4832/1111/57
f 4833/527/56 4834/291/56 4835/527/56
f 4834/291/56 4833/527/56 4836/291/56
f 4836/291/56 4833/527/56 4837/1112/56
f 363/153/48 485/262/48 364/154/48
f 485/262/48 363/153/48 486/263/48
f 4838/1113/47 4839/444/47 4840/433/47
f 4839/444/47 4838/1113/47 4841/438/47
f 4841/438/47 4838/1113/47 4842/441/47
f 4842/441/47 4838/1113/47 4843/449/47
f 4843/449/47 4838/1113/47 4844/1114/47
f 4845/1115/50 481/258/50 4846/1116/50
f 481/258/50 4845/1115/50 482/259/50
f 4847/648/48 487/264/48 486/263/48
f 487/264/48 4847/648/48 4848/1117/48
f 4848/1117/48 4847/648/48 4849/636/48
f 4848/1117/48 4849/636/48 4850/634/48
f 4848/1117/48 4850/634/48 4851/665/48
f 4848/1117/48 4851/665/48 4852/671/48
f 4848/1117/48 4852/671/48 4853/677/48
f 4848/1117/48 4853/677/48 4854/683/48
f 4848/1117/48 4854/683/48 4855/689/48
f 4848/1117/48 4855/689/48 4856/695/48
f 4848/1117/48 4856/695/48 4857/644/48
f 255/93/43 251/89/43 507/283/43
f 251/89/43 255/93/43 4858/463/43
f 4858/463/43 255/93/43 254/92/43
f 4859/642/57 4860/1117/57 4861/644/57
f 4860/1117/57 4859/642/57 4862/203/57
f 4862/203/57 4859/642/57 4863/204/57
s 1
f 4864/1118/97 4865/101/97 4866/103/97
s 0
f 4865/101/97 4864/1118/97 4867/1119/97
f 4867/1119/97 4864/1118/97 4868/1118/97
f 4869/1120/51 4870/213/51 4871/1121/51
f 4870/213/51 4869/1120/51 4872/214/51
f 4872/214/51 4869/1120/51 4873/221/51
f 4873/221/51 4869/1120/51 4874/1122/51
f 4874/1122/51 4869/1120/51 4875/1123/51
f 4875/1123/51 4869/1120/51 4876/1124/51
s 1
f 4877/1125/250 4878/1126/250 4879/1127/250
f 4878/1126/250 4877/1125/250 4880/1128/250
f 4880/1128/250 4877/1125/250 4881/1129/250
s 0
f 633/377/58 4882/1130/58 634/378/58
f 4882/1130/58 633/377/58 4883/1131/58
f 4883/1131/58 633/377/58 4884/1132/58
s 1
f 4885/1133/251 4886/304/251 4887/1134/251
f 4886/304/251 4885/1133/251 4888/1135/252
f 4886/304/251 4888/1135/252 4889/305/251
s 0
f 4890/106/94 4891/1136/94 4892/104/94
s 1
f 4891/1136/94 4890/106/94 4893/1137/94
s 0
f 4893/1137/94 4890/106/94 4894/1138/94
f 4893/1137/94 4894/1138/94 4895/1139/94
f 4896/1140/47 273/111/47 272/110/47
f 273/111/47 4896/1140/47 4897/1141/47
f 4897/1141/47 4896/1140/47 4898/1142/47
f 4899/513/52 4900/523/52 4901/153/52
f 4900/523/52 4899/513/52 4902/522/52
f 4903/89/97 4904/457/97 4905/283/97
f 4904/457/97 4903/89/97 4906/1143/97
f 4906/1143/97 4903/89/97 4907/1144/97
f 4907/1144/97 4903/89/97 4908/1145/97
f 4908/1145/97 4903/89/97 4909/460/97
f 4910/527/253 4911/1146/253 4912/526/253
f 4911/1146/253 4910/527/253 4913/639/253
f 4911/1146/253 4913/639/253 4914/638/253
f 4915/1146/110 4916/520/110 4917/519/110
f 4916/520/110 4915/1146/110 4918/631/110
f 4918/631/110 4915/1146/110 4919/663/110
f 4919/663/110 4915/1146/110 4920/669/110
f 4920/669/110 4915/1146/110 4921/675/110
f 4921/675/110 4915/1146/110 4922/681/110
f 4922/681/110 4915/1146/110 4923/687/110
f 4923/687/110 4915/1146/110 4924/693/110
f 4924/693/110 4915/1146/110 4925/638/110
f 1010/132/58 4926/708/58 1011/576/58
f 4926/708/58 1010/132/58 4927/711/58
f 4927/711/58 1010/132/58 4928/721/58
f 4928/721/58 1010/132/58 4929/727/58
f 4929/727/58 1010/132/58 4930/580/58
f 4930/580/58 1010/132/58 4931/577/58
f 4932/1147/177 4933/1148/177 4934/1149/177
f 4933/1148/177 4932/1147/177 4935/1150/177
f 4933/1148/177 4935/1150/177 4936/1151/177
f 4936/1151/177 4935/1150/177 4937/1152/177
f 4936/1151/177 4937/1152/177 4938/1153/177
f 4938/1153/177 4937/1152/177 4939/1154/177
f 4940/794/43 4941/783/43 4942/789/43
f 4941/783/43 4940/794/43 4943/799/43
f 4941/783/43 4943/799/43 4944/784/43
f 4944/784/43 4943/799/43 4945/804/43
f 4944/784/43 4945/804/43 4946/814/43
f 4946/814/43 4945/804/43 4947/809/43
f 1001/571/47 4948/1155/47 4949/1155/47
f 4948/1155/47 1001/571/47 4950/1156/47
f 4950/1156/47 1001/571/47 1004/573/47
f 4951/914/51 4952/1157/51 4953/1158/51
f 4952/1157/51 4951/914/51 4954/1159/51
f 4954/1159/51 4951/914/51 4955/914/51
f 4956/967/48 4957/1038/48 4958/1039/48
f 4957/1038/48 4956/967/48 4959/941/48
f 4960/1040/48 4961/1006/48 4962/1004/48
f 4961/1006/48 4960/1040/48 4963/1025/48
f 4963/1025/48 4960/1040/48 4964/1027/48
f 4964/1027/48 4960/1040/48 4965/1020/48
f 4965/1020/48 4960/1040/48 4966/1011/48
f 4966/1011/48 4960/1040/48 4967/940/48
f 4967/940/48 4960/1040/48 4968/1037/48
f 4969/907/56 4970/1045/56 4971/907/56
f 4970/1045/56 4969/907/56 4972/906/56
f 4973/586/55 4974/1008/55 4975/586/55
f 4974/1008/55 4973/586/55 4976/1014/55
f 4976/1014/55 4973/586/55 4977/1015/55
f 4977/1015/55 4973/586/55 4978/1022/55
f 4978/1022/55 4973/586/55 4979/1001/55
f 4979/1001/55 4973/586/55 4980/1001/55
f 4981/1155/48 4982/572/48 4983/1156/48
f 4982/572/48 4981/1155/48 4984/572/48
f 4984/572/48 4981/1155/48 4985/1155/48
f 4986/914/50 4987/1158/50 4988/914/50
f 4987/1158/50 4986/914/50 4989/1157/50
f 4989/1157/50 4986/914/50 4990/1159/50
f 4991/966/51 2388/1039/51 2391/967/51
f 2388/1039/51 4991/966/51 2385/1038/51
f 2385/1038/51 4991/966/51 4992/973/51
f 2385/1038/51 4992/973/51 4993/979/51
f 2385/1038/51 4993/979/51 4994/985/51
f 2385/1038/51 4994/985/51 4995/991/51
f 2385/1038/51 4995/991/51 2386/941/51
f 2389/1040/51 4996/1006/51 2390/1004/51
f 4996/1006/51 2389/1040/51 2384/1037/51
f 4996/1006/51 2384/1037/51 4997/1025/51
f 4997/1025/51 2384/1037/51 4998/1027/51
f 4998/1027/51 2384/1037/51 4999/1020/51
f 4999/1020/51 2384/1037/51 5000/1011/51
f 5000/1011/51 2384/1037/51 2387/940/51
f 5001/907/55 5002/1045/55 5003/907/55
f 5002/1045/55 5001/907/55 5004/906/55
f 5005/908/58 5006/586/58 5007/1043/58
f 5006/586/58 5005/908/58 5008/586/58
f 5009/1075/176 5010/1056/176 5011/1065/176
f 5010/1056/176 5009/1075/176 5012/1060/176
f 5012/1060/176 5009/1075/176 5013/1067/176
f 5014/870/180 5015/1077/180 5016/870/180
f 5015/1077/180 5014/870/180 5017/867/180
f 5015/1077/180 5017/867/180 5018/867/180
f 5019/450/47 5020/1105/47 5021/1104/47
f 5020/1105/47 5019/450/47 5022/432/47
s 1
f 5023/350/254 5024/185/254 5025/1106/254
f 5024/185/254 5023/350/254 5026/97/254
f 5026/97/254 5023/350/254 5027/96/255
f 5028/330/256 5029/1107/257 5030/329/258
f 5029/1107/257 5028/330/256 5031/1108/256
s 0
f 5032/1110/183 5033/260/183 5034/261/183
f 5033/260/183 5032/1110/183 5035/1109/183
f 5035/1109/183 5032/1110/183 5036/1111/183
f 5037/291/52 5038/527/52 5039/291/52
f 5038/527/52 5037/291/52 5040/527/52
f 5040/527/52 5037/291/52 5041/1112/52
f 2745/263/50 2623/154/50 2742/262/50
f 2623/154/50 2745/263/50 2624/153/50
f 5042/1114/47 5043/441/47 5044/449/47
f 5043/441/47 5042/1114/47 5045/438/47
f 5045/438/47 5042/1114/47 5046/444/47
f 5046/444/47 5042/1114/47 5047/433/47
f 5047/433/47 5042/1114/47 5048/1113/47
f 2738/259/48 5049/1116/48 2739/258/48
f 5049/1116/48 2738/259/48 5050/1115/48
f 5051/1117/50 2745/263/50 2744/264/50
f 2745/263/50 5051/1117/50 5052/648/50
f 5052/648/50 5051/1117/50 5053/636/50
f 5053/636/50 5051/1117/50 5054/634/50
f 5054/634/50 5051/1117/50 5055/665/50
f 5055/665/50 5051/1117/50 5056/671/50
f 5056/671/50 5051/1117/50 5057/677/50
f 5057/677/50 5051/1117/50 5058/683/50
f 5058/683/50 5051/1117/50 5059/689/50
f 5059/689/50 5051/1117/50 5060/695/50
f 5060/695/50 5051/1117/50 5061/644/50
f 304/93/43 5062/463/43 302/92/43
f 5062/463/43 304/93/43 299/89/43
f 299/89/43 304/93/43 2760/283/43
f 5063/203/183 5064/644/183 5065/1117/183
f 5064/644/183 5063/203/183 5066/642/183
f 5066/642/183 5063/203/183 5067/204/183
f 5068/101/92 5069/1118/92 5070/103/92
f 5069/1118/92 5068/101/92 5071/1119/92
f 5069/1118/92 5071/1119/92 5072/1118/92
f 5073/214/51 4871/1121/51 5074/213/51
f 4871/1121/51 5073/214/51 4869/1120/51
f 4869/1120/51 5073/214/51 5075/221/51
f 4869/1120/51 5075/221/51 5076/1122/51
f 4869/1120/51 5076/1122/51 5077/1123/51
f 4869/1120/51 5077/1123/51 5078/1124/51
s 1
f 5079/1126/259 5080/1125/259 5081/1127/259
f 5080/1125/259 5079/1126/259 5082/1128/259
f 5080/1125/259 5082/1128/259 5083/1129/259
s 0
f 5084/1132/55 5085/1130/55 5086/1131/55
f 5085/1130/55 5084/1132/55 2881/378/55
f 2881/378/55 5084/1132/55 2882/377/55
s 1
f 5087/305/260 5088/1134/261 5089/304/261
f 5088/1134/261 5087/305/260 5090/1135/261
s 0
f 5091/1137/94 5092/104/94 5093/1136/94
f 5092/104/94 5091/1137/94 5094/106/94
f 5094/106/94 5091/1137/94 5095/1139/94
f 5094/106/94 5095/1139/94 5096/1138/94
f 4898/1142/47 322/111/47 4897/1141/47
f 322/111/47 5097/1140/47 320/110/47
f 5097/1140/47 322/111/47 4898/1142/47
f 5098/522/56 5099/153/56 5100/523/56
f 5099/153/56 5098/522/56 5101/513/56
f 5102/457/92 5103/89/92 5104/283/92
f 5103/89/92 5102/457/92 5105/1143/92
f 5103/89/92 5105/1143/92 5106/1144/92
f 5103/89/92 5106/1144/92 5107/1145/92
f 5103/89/92 5107/1145/92 5108/460/92
f 5109/639/262 5110/1146/262 5111/638/262
f 5110/1146/262 5109/639/262 5112/526/262
f 5112/526/262 5109/639/262 5113/527/262
f 5114/631/224 5115/519/224 5116/520/224
f 5115/519/224 5114/631/224 5117/1146/224
f 5117/1146/224 5114/631/224 5118/663/224
f 5117/1146/224 5118/663/224 5119/669/224
f 5117/1146/224 5119/669/224 5120/675/224
f 5117/1146/224 5120/675/224 5121/681/224
f 5117/1146/224 5121/681/224 5122/687/224
f 5117/1146/224 5122/687/224 5123/693/224
f 5117/1146/224 5123/693/224 5124/638/224
f 5125/577/55 5126/727/55 5127/580/55
f 5126/727/55 5125/577/55 5128/721/55
f 5128/721/55 5125/577/55 5129/711/55
f 5129/711/55 5125/577/55 5130/708/55
f 5130/708/55 5125/577/55 3223/576/55
f 3223/576/55 5125/577/55 3224/132/55
f 5131/1152/177 5132/1153/177 5133/1154/177
f 5132/1153/177 5131/1152/177 5134/1150/177
f 5132/1153/177 5134/1150/177 5135/1151/177
f 5135/1151/177 5134/1150/177 5136/1147/177
f 5135/1151/177 5136/1147/177 5137/1148/177
f 5137/1148/177 5136/1147/177 5138/1149/177
f 5139/804/43 5140/814/43 5141/809/43
f 5140/814/43 5139/804/43 5142/799/43
f 5140/814/43 5142/799/43 5143/784/43
f 5143/784/43 5142/799/43 5144/794/43
f 5143/784/43 5144/794/43 5145/783/43
f 5145/783/43 5144/794/43 5146/789/43
f 3214/573/47 5147/1155/47 5148/1156/47
f 5147/1155/47 3214/573/47 5149/1155/47
f 5149/1155/47 3214/573/47 3213/571/47
f 5150/914/51 5151/1157/51 5152/1159/51
f 5151/1157/51 5150/914/51 5153/1158/51
f 5153/1158/51 5150/914/51 5154/914/51
f 5155/941/50 5156/1039/50 5157/1038/50
f 5156/1039/50 5155/941/50 5158/967/50
f 5159/1037/50 5160/1011/50 5161/940/50
f 5160/1011/50 5159/1037/50 5162/1020/50
f 5162/1020/50 5159/1037/50 5163/1027/50
f 5163/1027/50 5159/1037/50 5164/1025/50
f 5164/1025/50 5159/1037/50 5165/1006/50
f 5165/1006/50 5159/1037/50 5166/1004/50
f 5166/1004/50 5159/1037/50 5167/1040/50
f 5168/906/52 5169/907/52 5170/1045/52
f 5169/907/52 5168/906/52 5171/907/52
f 5172/1001/58 5173/1022/58 5174/1001/58
f 5173/1022/58 5172/1001/58 5175/1015/58
f 5175/1015/58 5172/1001/58 5176/1014/58
f 5176/1014/58 5172/1001/58 5177/1008/58
f 5177/1008/58 5172/1001/58 5178/586/58
f 5178/586/58 5172/1001/58 5179/586/58
f 5180/572/50 5181/1156/50 5182/572/50
f 5181/1156/50 5180/572/50 5183/1155/50
f 5183/1155/50 5180/572/50 5184/1155/50
f 5185/1157/48 5186/914/48 5187/1158/48
f 5186/914/48 5185/1157/48 5188/914/48
f 5188/914/48 5185/1157/48 5189/1159/48
f 4593/1039/51 5190/966/51 4594/967/51
f 5190/966/51 4593/1039/51 4592/1038/51
f 5190/966/51 4592/1038/51 5191/973/51
f 5191/973/51 4592/1038/51 5192/979/51
f 5192/979/51 4592/1038/51 5193/985/51
f 5193/985/51 4592/1038/51 5194/991/51
f 5194/991/51 4592/1038/51 4591/941/51
f 5195/1006/51 4596/1040/51 4595/1004/51
f 4596/1040/51 5195/1006/51 4589/1037/51
f 4589/1037/51 5195/1006/51 5196/1025/51
f 4589/1037/51 5196/1025/51 5197/1027/51
f 4589/1037/51 5197/1027/51 5198/1020/51
f 4589/1037/51 5198/1020/51 5199/1011/51
f 4589/1037/51 5199/1011/51 4590/940/51
f 5200/906/58 5201/907/58 5202/1045/58
f 5201/907/58 5200/906/58 5203/907/58
f 5204/586/55 5205/1043/55 5206/586/55
f 5205/1043/55 5204/586/55 5207/908/55
f 5208/1067/169 5209/1056/169 5210/1060/169
f 5209/1056/169 5208/1067/169 5211/1075/169
f 5209/1056/169 5211/1075/169 5212/1065/169
f 5213/870/245 5214/867/245 5215/867/245
f 5214/867/245 5213/870/245 5216/1077/245
f 5216/1077/245 5213/870/245 5217/870/245
o GourmetFactory_Body_Placeable_0
v 6.284225 5.250003 10.882335
v 5.119826 5.250004 13.710761
v 6.257146 5.250004 13.710761
v 13.750000 5.250001 6.382208
v 13.750000 5.250002 7.264163
v 14.413777 5.250001 7.044535
v 7.750000 5.250001 6.999998
v 7.750000 5.250003 12.331406
v 12.037558 5.250001 6.999998
v 6.571428 6.000001 6.999998
v 7.071428 5.500001 6.999998
v 7.071428 6.000001 6.999998
v 13.000000 5.000001 4.574345
v 13.000000 4.500001 3.999998
v 13.000000 5.000001 3.999998
v 12.500000 5.000001 4.499998
v 13.000000 5.000001 4.574345
v 13.000000 5.000001 3.999998
v 8.566575 5.250004 13.709547
v 12.688533 5.250004 13.706353
v 13.750000 5.250002 7.264163
v -6.284225 5.250003 10.882335
v -6.257146 5.250004 13.710761
v -5.119826 5.250004 13.710761
v -13.750000 5.250001 6.382208
v -14.413777 5.250001 7.044535
v -13.750000 5.250002 7.264163
v -7.750000 5.250001 6.999998
v -12.037558 5.250001 6.999998
v -7.750000 5.250003 12.331406
v -6.571428 6.000001 6.999998
v -7.071428 6.000001 6.999998
v -7.071428 5.500001 6.999998
v -13.000000 5.000001 4.574345
v -13.000000 5.000001 3.999998
v -13.000000 4.500001 3.999998
v -12.500000 5.000001 4.499998
v -13.000000 5.000001 3.999998
v -13.000000 5.000001 4.574345
v -8.566575 5.250004 13.709547
v -13.750000 5.250002 7.264163
v -12.688533 5.250004 13.706353
v 7.000000 4.100004 15.099998
v 13.041421 4.100004 15.099998
v 13.041421 4.400004 15.099998
v 7.000000 4.400004 15.099998
v 13.000000 1.000001 4.000000
v 7.000000 1.000001 4.000000
v 7.000000 4.000001 3.999999
v 13.000000 4.000001 3.999999
v 16.100000 1.600003 11.399998
v 16.100000 1.600002 7.599999
v 16.100000 3.400002 7.599998
v 16.100000 3.400003 11.399998
v 4.750000 1.000005 15.499999
v 6.250000 1.000005 15.499999
v 6.250000 3.250005 15.499998
v 4.750000 3.250005 15.499998
v 2.600000 1.600004 15.099998
v 3.400000 1.600004 15.099998
v 3.400000 3.400004 15.099998
v 2.600000 3.400004 15.099998
v 13.494976 1.600004 14.646444
v 15.646446 1.600004 12.494974
v 15.646446 3.400004 12.494974
v 13.494976 3.400004 14.646444
v 16.100000 4.100003 12.041419
v 16.100000 4.100001 6.958577
v 16.100000 4.400002 6.958577
v 16.100000 4.400003 12.041419
v 4.000000 4.100004 15.099998
v 4.000000 4.400004 15.099998
v 12.235436 5.250001 4.749998
v 7.750000 5.250001 4.749998
v 13.750000 5.250002 7.264163
v 12.688533 5.250004 13.706353
v 14.678948 5.250003 11.710804
v 14.413777 5.250001 7.044535
v 15.646446 1.600002 6.505024
v 13.494976 1.600001 4.353552
v 13.494976 3.400001 4.353552
v 15.646446 3.400002 6.505024
v 7.600000 1.600004 15.099998
v 12.400000 1.600004 15.099998
v 12.400000 3.400004 15.099998
v 7.600000 3.400004 15.099998
v 4.000000 5.500004 14.999997
v 4.000000 5.000004 14.460761
v 7.071428 5.000001 6.999998
v 7.071428 5.500001 6.999998
v 13.041421 4.100004 15.099998
v 16.100000 4.100003 12.041419
v 16.100000 4.400003 12.041419
v 13.041421 4.400004 15.099998
v 16.100000 4.100001 6.958577
v 13.141422 4.100001 3.999999
v 13.141422 4.400001 3.999998
v 16.100000 4.400002 6.958577
v 2.000000 5.000004 14.999997
v 4.000000 5.000004 14.999997
v 4.000000 5.500004 14.999997
v 2.000000 5.500004 14.999997
v 2.000000 4.100004 15.099998
v 2.000000 4.400004 15.099998
v 4.000000 4.500004 14.999998
v 4.000000 5.000004 14.460761
v 4.000000 5.500004 14.999997
v 4.000000 4.500004 14.999998
v 7.000000 4.500004 14.999998
v 7.000000 5.000004 14.460761
v 4.000000 5.000004 14.460761
v 7.000000 4.500004 14.999998
v 13.000000 4.500004 14.999998
v 13.000000 5.000004 14.456113
v 7.000000 5.000004 14.460761
v 15.430964 5.000001 6.999998
v 15.433619 5.000003 12.016216
v 16.000000 4.500003 11.999998
v 16.000000 4.500001 6.999998
v 16.000000 4.500001 6.999998
v 13.000000 4.500001 3.999998
v 13.000000 5.000001 4.574345
v 15.430964 5.000001 6.999998
v 13.000000 4.500004 14.999998
v 16.000000 4.500003 11.999998
v 15.433619 5.000003 12.016216
v 13.000000 5.000004 14.456113
v 2.000000 5.500004 14.999997
v 4.000000 5.500004 14.999997
v 3.500000 6.000004 14.499997
v 1.750000 6.000004 14.499997
v 6.571428 6.000001 6.999998
v 3.500000 6.000004 14.499997
v 4.000000 5.500004 14.999997
v 7.071428 5.500001 6.999998
v 2.362755 6.250004 13.999997
v 3.164459 6.250004 13.999997
v 5.826364 6.250002 7.499998
v 3.693707 6.250002 7.499998
v 2.000000 4.500004 14.999998
v 4.000000 4.500004 14.999998
v 0.000000 4.500004 14.999998
v 0.000000 5.000004 14.999997
v 0.500000 6.250004 13.999997
v 1.342007 6.250004 13.999997
v 2.672959 6.250002 7.499998
v 0.500000 6.250002 7.499998
v 0.000000 5.500004 14.999997
v 0.000000 6.000004 14.499997
v 0.000000 4.100004 15.099998
v 0.000000 4.400004 15.099998
v 0.000000 5.500004 14.999997
v 0.000000 3.353558 14.494972
v 1.377124 3.377128 14.518543
v 1.528596 3.528600 14.670015
v 0.000000 3.505030 14.646444
v 1.377124 3.377128 14.518543
v 1.353554 1.000004 14.494973
v 1.505025 1.000004 14.646445
v 1.528596 3.528600 14.670015
v 0.000000 3.000004 13.499998
v 1.000000 3.000004 13.499998
v 1.000000 3.000004 13.999998
v 0.000000 3.000004 13.999998
v 1.000000 3.000004 13.499998
v 1.000000 1.000004 13.499999
v 1.000000 1.000004 13.999999
v 1.000000 3.000004 13.999998
v 0.000000 3.646451 14.646444
v 1.646447 3.646451 14.646444
v 2.000000 4.000004 14.999998
v 0.000000 4.000004 14.999998
v 1.646447 3.646451 14.646444
v 1.646447 1.000004 14.646445
v 2.000000 1.000005 14.999999
v 2.000000 4.000004 14.999998
v 1.353553 3.353557 14.353552
v 0.000000 3.353558 14.353551
v 0.000000 3.000004 13.999998
v 1.000000 3.000004 13.999998
v 1.353553 1.000004 14.353552
v 1.353553 3.353557 14.353552
v 1.000000 3.000004 13.999998
v 1.000000 1.000004 13.999999
v 0.000000 3.505030 14.646444
v 1.528596 3.528600 14.670015
v 1.646447 3.646451 14.646444
v 0.000000 3.646451 14.646444
v 1.528596 3.528600 14.670015
v 1.505025 1.000004 14.646445
v 1.646447 1.000004 14.646445
v 1.646447 3.646451 14.646444
v 1.377124 3.377128 14.518543
v 0.000000 3.353558 14.494972
v 0.000000 3.353558 14.353551
v 1.353553 3.353557 14.353552
v 1.353554 1.000004 14.494973
v 1.377124 3.377128 14.518543
v 1.353553 3.353557 14.353552
v 1.353553 1.000004 14.353552
v 16.000000 1.000004 11.999999
v 16.000000 1.000002 6.999999
v 16.000000 1.500002 7.499999
v 16.000000 1.500003 11.499999
v 16.000000 4.000002 6.999998
v 16.000000 3.500002 7.499999
v 16.000000 3.800002 7.482841
v 16.000000 3.800003 11.517156
v 16.000000 3.700003 11.417155
v 16.000000 3.700002 7.582841
v 16.000000 4.000003 11.999998
v 16.000000 3.500003 11.499998
v 13.000000 1.000005 14.999999
v 16.000000 1.000004 11.999999
v 15.646446 1.500004 12.353553
v 13.353554 1.500004 14.646445
v 16.000000 1.000004 11.999999
v 16.000000 4.000003 11.999998
v 15.646446 3.500004 12.353552
v 15.646446 1.500004 12.353553
v 15.658579 3.800004 12.341419
v 13.341421 3.800004 14.658577
v 13.412132 3.700004 14.587866
v 15.587868 3.700004 12.412130
v 13.000000 4.000004 14.999998
v 13.000000 1.000005 14.999999
v 13.353554 1.500004 14.646445
v 13.353554 3.500004 14.646444
v 16.000000 1.000002 6.999999
v 13.000000 1.000001 4.000000
v 13.353554 1.500001 4.353552
v 15.646446 1.500002 6.646446
v 13.000000 1.000001 4.000000
v 13.000000 4.000001 3.999999
v 13.353554 3.500001 4.353552
v 13.353554 1.500001 4.353552
v 13.341421 3.800001 4.341420
v 15.658579 3.800002 6.658577
v 15.587868 3.700002 6.587867
v 13.412132 3.700001 4.412130
v 16.000000 4.000002 6.999998
v 16.000000 1.000002 6.999999
v 15.646446 1.500002 6.646446
v 15.646446 3.500002 6.646445
v 7.000000 1.000005 14.999999
v 13.000000 1.000005 14.999999
v 12.500000 1.500004 14.999999
v 7.500000 1.500004 14.999999
v 13.000000 4.000004 14.999998
v 12.500000 3.500004 14.999998
v 12.517158 3.800004 14.999998
v 7.482842 3.800004 14.999998
v 7.582843 3.700004 14.999998
v 12.417157 3.700004 14.999998
v 7.000000 4.000004 14.999998
v 7.500000 3.500004 14.999998
v 16.000000 1.500003 11.499999
v 16.000000 1.500002 7.499999
v 16.100000 1.600002 7.599999
v 16.100000 1.600003 11.399998
v 16.000000 1.500002 7.499999
v 16.000000 3.500002 7.499999
v 16.100000 3.400002 7.599998
v 16.100000 1.600002 7.599999
v 16.000000 3.500002 7.499999
v 16.000000 3.500003 11.499998
v 16.100000 3.400003 11.399998
v 16.100000 3.400002 7.599998
v 16.000000 3.500003 11.499998
v 16.000000 1.500003 11.499999
v 16.100000 1.600003 11.399998
v 16.100000 3.400003 11.399998
v 13.353554 1.500004 14.646445
v 15.646446 1.500004 12.353553
v 15.646446 1.600004 12.494974
v 13.494976 1.600004 14.646444
v 15.646446 1.500004 12.353553
v 15.646446 3.500004 12.353552
v 15.646446 3.400004 12.494974
v 15.646446 1.600004 12.494974
v 15.646446 3.500004 12.353552
v 13.353554 3.500004 14.646444
v 13.494976 3.400004 14.646444
v 15.646446 3.400004 12.494974
v 13.353554 3.500004 14.646444
v 13.353554 1.500004 14.646445
v 13.494976 1.600004 14.646444
v 13.494976 3.400004 14.646444
v 15.646446 1.500002 6.646446
v 13.353554 1.500001 4.353552
v 13.494976 1.600001 4.353552
v 15.646446 1.600002 6.505024
v 13.353554 1.500001 4.353552
v 13.353554 3.500001 4.353552
v 13.494976 3.400001 4.353552
v 13.494976 1.600001 4.353552
v 13.353554 3.500001 4.353552
v 15.646446 3.500002 6.646445
v 15.646446 3.400002 6.505024
v 13.494976 3.400001 4.353552
v 15.646446 3.500002 6.646445
v 15.646446 1.500002 6.646446
v 15.646446 1.600002 6.505024
v 15.646446 3.400002 6.505024
v 7.500000 1.500004 14.999999
v 12.500000 1.500004 14.999999
v 12.400000 1.600004 15.099998
v 7.600000 1.600004 15.099998
v 12.500000 1.500004 14.999999
v 12.500000 3.500004 14.999998
v 12.400000 3.400004 15.099998
v 12.400000 1.600004 15.099998
v 12.500000 3.500004 14.999998
v 7.500000 3.500004 14.999998
v 7.600000 3.400004 15.099998
v 12.400000 3.400004 15.099998
v 7.500000 3.500004 14.999998
v 7.500000 1.500004 14.999999
v 7.600000 1.600004 15.099998
v 7.600000 3.400004 15.099998
v 4.000000 4.100004 15.099998
v 2.000000 4.100004 15.099998
v 2.000000 4.000004 14.999998
v 4.000000 4.000004 14.999998
v 7.000000 4.100004 15.099998
v 4.000000 4.100004 15.099998
v 4.000000 4.000004 14.999998
v 7.000000 4.000004 14.999998
v 13.041421 4.100004 15.099998
v 7.000000 4.100004 15.099998
v 7.000000 4.000004 14.999998
v 13.000000 4.000004 14.999998
v 16.100000 4.100001 6.958577
v 16.100000 4.100003 12.041419
v 16.000000 4.000003 11.999998
v 16.000000 4.000002 6.999998
v 13.141422 4.100001 3.999999
v 16.100000 4.100001 6.958577
v 16.000000 4.000002 6.999998
v 13.000000 4.000001 3.999999
v 16.100000 4.100003 12.041419
v 13.041421 4.100004 15.099998
v 13.000000 4.000004 14.999998
v 16.000000 4.000003 11.999998
v 4.000000 4.400004 15.099998
v 7.000000 4.400004 15.099998
v 7.000000 4.500004 14.999998
v 4.000000 4.500004 14.999998
v 7.000000 4.400004 15.099998
v 13.041421 4.400004 15.099998
v 13.000000 4.500004 14.999998
v 7.000000 4.500004 14.999998
v 16.100000 4.400003 12.041419
v 16.100000 4.400002 6.958577
v 16.000000 4.500001 6.999998
v 16.000000 4.500003 11.999998
v 16.100000 4.400002 6.958577
v 13.141422 4.400001 3.999998
v 13.000000 4.500001 3.999998
v 16.000000 4.500001 6.999998
v 13.041421 4.400004 15.099998
v 16.100000 4.400003 12.041419
v 16.000000 4.500003 11.999998
v 13.000000 4.500004 14.999998
v 13.141422 4.400001 3.999998
v 13.141422 4.100001 3.999999
v 13.000000 4.000001 3.999999
v 13.000000 4.500001 3.999998
v 2.000000 4.400004 15.099998
v 4.000000 4.400004 15.099998
v 4.000000 4.500004 14.999998
v 2.000000 4.500004 14.999998
v 0.000000 4.100004 15.099998
v 0.000000 4.000004 14.999998
v 0.000000 4.400004 15.099998
v 0.000000 4.500004 14.999998
v 6.500000 3.500004 14.999998
v 6.500000 1.000005 14.999999
v 4.500000 1.000005 14.999999
v 4.500000 3.500004 14.999998
v 4.000000 4.000004 14.999998
v 4.000000 1.000005 14.999999
v 6.500000 3.500004 15.249998
v 6.500000 1.000005 15.249999
v 6.500000 1.000005 14.999999
v 6.500000 3.500004 14.999998
v 4.500000 1.000005 15.249999
v 4.500000 3.500004 15.249998
v 4.500000 3.500004 14.999998
v 4.500000 1.000005 14.999999
v 4.500000 3.500004 15.249998
v 6.500000 3.500004 15.249998
v 6.500000 3.500004 14.999998
v 4.500000 3.500004 14.999998
v 6.250000 3.250005 15.499998
v 6.250000 1.000005 15.499999
v 6.500000 1.000005 15.249999
v 6.500000 3.500004 15.249998
v 4.750000 1.000005 15.499999
v 4.750000 3.250005 15.499998
v 4.500000 3.500004 15.249998
v 4.500000 1.000005 15.249999
v 4.750000 3.250005 15.499998
v 6.250000 3.250005 15.499998
v 6.500000 3.500004 15.249998
v 4.500000 3.500004 15.249998
v 2.000000 1.000005 14.999999
v 3.500000 1.500004 14.999999
v 2.500000 1.500004 14.999999
v 3.500000 3.500004 14.999998
v 3.517157 3.800004 14.999998
v 2.482843 3.800004 14.999998
v 2.582843 3.700004 14.999998
v 3.417157 3.700004 14.999998
v 2.000000 4.000004 14.999998
v 2.500000 3.500004 14.999998
v 2.500000 1.500004 14.999999
v 3.500000 1.500004 14.999999
v 3.400000 1.600004 15.099998
v 2.600000 1.600004 15.099998
v 3.500000 1.500004 14.999999
v 3.500000 3.500004 14.999998
v 3.400000 3.400004 15.099998
v 3.400000 1.600004 15.099998
v 3.500000 3.500004 14.999998
v 2.500000 3.500004 14.999998
v 2.600000 3.400004 15.099998
v 3.400000 3.400004 15.099998
v 2.500000 3.500004 14.999998
v 2.500000 1.500004 14.999999
v 2.600000 1.600004 15.099998
v 2.600000 3.400004 15.099998
v 1.750000 6.000004 14.499997
v 3.500000 6.000004 14.499997
v 3.332229 6.000004 14.249997
v 2.056378 6.000004 14.249997
v 6.571428 6.000001 6.999998
v 6.198896 6.000002 7.249998
v 3.285714 6.000001 6.999998
v 3.489711 6.000002 7.249998
v 0.000000 6.000004 14.499997
v 1.546003 6.000004 14.249997
v 0.250000 6.000004 14.249997
v 2.979337 6.000002 7.249998
v 0.000000 6.000001 6.999998
v 0.250000 6.000002 7.249998
v 2.056378 6.000004 14.249997
v 3.332229 6.000004 14.249997
v 3.164459 6.250004 13.999997
v 2.362755 6.250004 13.999997
v 3.332229 6.000004 14.249997
v 6.198896 6.000002 7.249998
v 5.826364 6.250002 7.499998
v 3.164459 6.250004 13.999997
v 6.198896 6.000002 7.249998
v 3.489711 6.000002 7.249998
v 3.693707 6.250002 7.499998
v 5.826364 6.250002 7.499998
v 3.489711 6.000002 7.249998
v 2.056378 6.000004 14.249997
v 2.362755 6.250004 13.999997
v 3.693707 6.250002 7.499998
v 0.250000 6.000004 14.249997
v 1.546003 6.000004 14.249997
v 1.342007 6.250004 13.999997
v 0.500000 6.250004 13.999997
v 1.546003 6.000004 14.249997
v 2.979337 6.000002 7.249998
v 2.672959 6.250002 7.499998
v 1.342007 6.250004 13.999997
v 2.979337 6.000002 7.249998
v 0.250000 6.000002 7.249998
v 0.500000 6.250002 7.499998
v 2.672959 6.250002 7.499998
v 0.250000 6.000002 7.249998
v 0.250000 6.000004 14.249997
v 0.500000 6.250004 13.999997
v 0.500000 6.250002 7.499998
v 12.358372 5.000001 6.999998
v 7.500000 5.000003 13.041190
v 7.000000 5.000004 14.460761
v 13.000000 5.000001 6.999998
v 7.500000 5.000001 6.999998
v 7.500000 5.000001 4.499998
v 7.000000 5.000001 3.999998
v 7.071428 5.000001 6.999998
v 12.500000 5.000001 4.499998
v 8.044383 5.000004 13.959951
v 13.500000 5.000002 7.176108
v 13.000000 5.000001 6.999998
v 7.000000 5.000004 14.460761
v 12.792356 5.000004 13.956273
v 8.044383 5.000004 13.959951
v 13.000000 5.000004 14.456113
v 14.723083 5.000001 6.999998
v 14.933510 5.000003 11.809596
v 15.433619 5.000003 12.016216
v 15.430964 5.000001 6.999998
v 13.500000 5.000001 5.779587
v 15.430964 5.000001 6.999998
v 13.000000 5.000001 4.574345
v 13.500000 5.000002 7.176108
v 12.037558 5.250001 6.999998
v 7.750000 5.250003 12.331406
v 7.500000 5.000003 13.041190
v 12.358372 5.000001 6.999998
v 6.504764 5.000004 13.960761
v 4.746551 5.000004 13.960761
v 4.000000 5.000004 14.460761
v 6.546626 5.000002 9.588223
v 7.071428 5.000001 6.999998
v 7.750000 5.250001 6.999998
v 7.750000 5.250001 4.749998
v 7.500000 5.000001 4.499998
v 7.500000 5.000001 6.999998
v 7.750000 5.250003 12.331406
v 7.750000 5.250001 6.999998
v 7.500000 5.000001 6.999998
v 7.500000 5.000003 13.041190
v 12.235436 5.250001 4.749998
v 12.037558 5.250001 6.999998
v 12.358372 5.000001 6.999998
v 12.500000 5.000001 4.499998
v 8.566575 5.250004 13.709547
v 13.750000 5.250002 7.264163
v 13.500000 5.000002 7.176108
v 8.044383 5.000004 13.959951
v 12.688533 5.250004 13.706353
v 8.566575 5.250004 13.709547
v 8.044383 5.000004 13.959951
v 12.792356 5.000004 13.956273
v 14.413777 5.250001 7.044535
v 14.678948 5.250003 11.710804
v 14.933510 5.000003 11.809596
v 14.723083 5.000001 6.999998
v 13.750000 5.250001 6.382208
v 14.413777 5.250001 7.044535
v 14.723083 5.000001 6.999998
v 13.500000 5.000001 5.779587
v 14.678948 5.250003 11.710804
v 12.688533 5.250004 13.706353
v 12.792356 5.000004 13.956273
v 14.933510 5.000003 11.809596
v 13.750000 5.250002 7.264163
v 13.750000 5.250001 6.382208
v 13.500000 5.000001 5.779587
v 13.500000 5.000002 7.176108
v 6.257146 5.250004 13.710761
v 5.119826 5.250004 13.710761
v 4.746551 5.000004 13.960761
v 6.504764 5.000004 13.960761
v 6.284225 5.250003 10.882335
v 6.257146 5.250004 13.710761
v 6.504764 5.000004 13.960761
v 6.546626 5.000002 9.588223
v 5.119826 5.250004 13.710761
v 6.284225 5.250003 10.882335
v 6.546626 5.000002 9.588223
v 4.746551 5.000004 13.960761
v 7.750000 5.250001 4.749998
v 12.235436 5.250001 4.749998
v 12.500000 5.000001 4.499998
v 7.500000 5.000001 4.499998
v 2.482843 3.800004 14.999998
v 3.517157 3.800004 14.999998
v 7.482842 3.800004 14.999998
v 12.517158 3.800004 14.999998
v 16.000000 3.800003 11.517156
v 16.000000 3.800002 7.482841
v 15.658579 3.800002 6.658577
v 13.341421 3.800001 4.341420
v 13.000000 4.000001 3.999999
v 16.000000 4.000002 6.999998
v 13.341421 3.800004 14.658577
v 15.658579 3.800004 12.341419
v 16.000000 4.000003 11.999998
v 13.000000 4.000004 14.999998
v 16.000000 3.700002 7.582841
v 16.000000 3.700003 11.417155
v 15.587868 3.700004 12.412130
v 13.412132 3.700004 14.587866
v 13.353554 3.500004 14.646444
v 15.646446 3.500004 12.353552
v 15.658579 3.800004 12.341419
v 15.587868 3.700004 12.412130
v 15.646446 3.500004 12.353552
v 16.000000 4.000003 11.999998
v 13.412132 3.700004 14.587866
v 13.341421 3.800004 14.658577
v 13.000000 4.000004 14.999998
v 13.353554 3.500004 14.646444
v 13.412132 3.700001 4.412130
v 15.587868 3.700002 6.587867
v 15.646446 3.500002 6.646445
v 13.353554 3.500001 4.353552
v 13.341421 3.800001 4.341420
v 13.412132 3.700001 4.412130
v 13.353554 3.500001 4.353552
v 13.000000 4.000001 3.999999
v 15.587868 3.700002 6.587867
v 15.658579 3.800002 6.658577
v 16.000000 4.000002 6.999998
v 15.646446 3.500002 6.646445
v 12.417157 3.700004 14.999998
v 7.582843 3.700004 14.999998
v 7.500000 3.500004 14.999998
v 12.500000 3.500004 14.999998
v 12.417157 3.700004 14.999998
v 7.582843 3.700004 14.999998
v 3.417157 3.700004 14.999998
v 2.582843 3.700004 14.999998
v -7.000000 4.100004 15.099998
v -7.000000 4.400004 15.099998
v -13.041421 4.400004 15.099998
v -13.041421 4.100004 15.099998
v -13.000000 1.000001 4.000000
v -13.000000 4.000001 3.999999
v -7.000000 4.000001 3.999999
v -7.000000 1.000001 4.000000
v -16.100000 1.600003 11.399998
v -16.100000 3.400003 11.399998
v -16.100000 3.400002 7.599998
v -16.100000 1.600002 7.599999
v -4.750000 1.000005 15.499999
v -4.750000 3.250005 15.499998
v -6.250000 3.250005 15.499998
v -6.250000 1.000005 15.499999
v -2.600000 1.600004 15.099998
v -2.600000 3.400004 15.099998
v -3.400000 3.400004 15.099998
v -3.400000 1.600004 15.099998
v -13.494976 1.600004 14.646444
v -13.494976 3.400004 14.646444
v -15.646446 3.400004 12.494974
v -15.646446 1.600004 12.494974
v -16.100000 4.100003 12.041419
v -16.100000 4.400003 12.041419
v -16.100000 4.400002 6.958577
v -16.100000 4.100001 6.958577
v -4.000000 4.100004 15.099998
v -4.000000 4.400004 15.099998
v -7.750000 5.250001 4.749998
v -12.235436 5.250001 4.749998
v -13.750000 5.250002 7.264163
v -14.413777 5.250001 7.044535
v -14.678948 5.250003 11.710804
v -12.688533 5.250004 13.706353
v -15.646446 1.600002 6.505024
v -15.646446 3.400002 6.505024
v -13.494976 3.400001 4.353552
v -13.494976 1.600001 4.353552
v -7.600000 1.600004 15.099998
v -7.600000 3.400004 15.099998
v -12.400000 3.400004 15.099998
v -12.400000 1.600004 15.099998
v -4.000000 5.500004 14.999997
v -7.071428 5.500001 6.999998
v -7.071428 5.000001 6.999998
v -4.000000 5.000004 14.460761
v -13.041421 4.100004 15.099998
v -13.041421 4.400004 15.099998
v -16.100000 4.400003 12.041419
v -16.100000 4.100003 12.041419
v -16.100000 4.100001 6.958577
v -16.100000 4.400002 6.958577
v -13.141422 4.400001 3.999998
v -13.141422 4.100001 3.999999
v -2.000000 5.000004 14.999997
v -2.000000 5.500004 14.999997
v -4.000000 5.500004 14.999997
v -4.000000 5.000004 14.999997
v -2.000000 4.100004 15.099998
v -2.000000 4.400004 15.099998
v -4.000000 4.500004 14.999998
v -4.000000 5.500004 14.999997
v -4.000000 5.000004 14.460761
v -4.000000 4.500004 14.999998
v -4.000000 5.000004 14.460761
v -7.000000 5.000004 14.460761
v -7.000000 4.500004 14.999998
v -7.000000 4.500004 14.999998
v -7.000000 5.000004 14.460761
v -13.000000 5.000004 14.456113
v -13.000000 4.500004 14.999998
v -15.430964 5.000001 6.999998
v -16.000000 4.500001 6.999998
v -16.000000 4.500003 11.999998
v -15.433619 5.000003 12.016216
v -16.000000 4.500001 6.999998
v -15.430964 5.000001 6.999998
v -13.000000 5.000001 4.574345
v -13.000000 4.500001 3.999998
v -13.000000 4.500004 14.999998
v -13.000000 5.000004 14.456113
v -15.433619 5.000003 12.016216
v -16.000000 4.500003 11.999998
v -2.000000 5.500004 14.999997
v -1.750000 6.000004 14.499997
v -3.500000 6.000004 14.499997
v -4.000000 5.500004 14.999997
v -6.571428 6.000001 6.999998
v -7.071428 5.500001 6.999998
v -4.000000 5.500004 14.999997
v -3.500000 6.000004 14.499997
v -2.362755 6.250004 13.999997
v -3.693707 6.250002 7.499998
v -5.826364 6.250002 7.499998
v -3.164459 6.250004 13.999997
v -2.000000 4.500004 14.999998
v -4.000000 4.500004 14.999998
v -0.500000 6.250004 13.999997
v -0.500000 6.250002 7.499998
v -2.672959 6.250002 7.499998
v -1.342007 6.250004 13.999997
v 0.000000 3.353558 14.494972
v 0.000000 3.505030 14.646444
v -1.528596 3.528600 14.670015
v -1.377124 3.377128 14.518543
v -1.377124 3.377128 14.518543
v -1.528596 3.528600 14.670015
v -1.505025 1.000004 14.646445
v -1.353554 1.000004 14.494973
v -1.000000 3.000004 13.999998
v -1.000000 3.000004 13.499998
v -1.000000 3.000004 13.499998
v -1.000000 3.000004 13.999998
v -1.000000 1.000004 13.999999
v -1.000000 1.000004 13.499999
v 0.000000 3.646451 14.646444
v 0.000000 4.000004 14.999998
v -2.000000 4.000004 14.999998
v -1.646447 3.646451 14.646444
v -1.646447 3.646451 14.646444
v -2.000000 4.000004 14.999998
v -2.000000 1.000005 14.999999
v -1.646447 1.000004 14.646445
v -1.353553 3.353557 14.353552
v -1.000000 3.000004 13.999998
v 0.000000 3.000004 13.999998
v 0.000000 3.353558 14.353551
v -1.353553 1.000004 14.353552
v -1.000000 1.000004 13.999999
v -1.000000 3.000004 13.999998
v -1.353553 3.353557 14.353552
v 0.000000 3.505030 14.646444
v 0.000000 3.646451 14.646444
v -1.646447 3.646451 14.646444
v -1.528596 3.528600 14.670015
v -1.528596 3.528600 14.670015
v -1.646447 3.646451 14.646444
v -1.646447 1.000004 14.646445
v -1.505025 1.000004 14.646445
v -1.377124 3.377128 14.518543
v -1.353553 3.353557 14.353552
v 0.000000 3.353558 14.353551
v 0.000000 3.353558 14.494972
v -1.353554 1.000004 14.494973
v -1.353553 1.000004 14.353552
v -1.353553 3.353557 14.353552
v -1.377124 3.377128 14.518543
v -16.000000 1.000004 11.999999
v -16.000000 1.500003 11.499999
v -16.000000 1.500002 7.499999
v -16.000000 1.000002 6.999999
v -16.000000 3.500002 7.499999
v -16.000000 4.000002 6.999998
v -16.000000 3.800002 7.482841
v -16.000000 3.700002 7.582841
v -16.000000 3.700003 11.417155
v -16.000000 3.800003 11.517156
v -16.000000 4.000003 11.999998
v -16.000000 3.500003 11.499998
v -13.000000 1.000005 14.999999
v -13.353554 1.500004 14.646445
v -15.646446 1.500004 12.353553
v -16.000000 1.000004 11.999999
v -16.000000 1.000004 11.999999
v -15.646446 1.500004 12.353553
v -15.646446 3.500004 12.353552
v -16.000000 4.000003 11.999998
v -15.658579 3.800004 12.341419
v -15.587868 3.700004 12.412130
v -13.412132 3.700004 14.587866
v -13.341421 3.800004 14.658577
v -13.000000 4.000004 14.999998
v -13.353554 3.500004 14.646444
v -13.353554 1.500004 14.646445
v -13.000000 1.000005 14.999999
v -16.000000 1.000002 6.999999
v -15.646446 1.500002 6.646446
v -13.353554 1.500001 4.353552
v -13.000000 1.000001 4.000000
v -13.000000 1.000001 4.000000
v -13.353554 1.500001 4.353552
v -13.353554 3.500001 4.353552
v -13.000000 4.000001 3.999999
v -13.341421 3.800001 4.341420
v -13.412132 3.700001 4.412130
v -15.587868 3.700002 6.587867
v -15.658579 3.800002 6.658577
v -16.000000 4.000002 6.999998
v -15.646446 3.500002 6.646445
v -15.646446 1.500002 6.646446
v -16.000000 1.000002 6.999999
v -7.000000 1.000005 14.999999
v -7.500000 1.500004 14.999999
v -12.500000 1.500004 14.999999
v -13.000000 1.000005 14.999999
v -12.500000 3.500004 14.999998
v -13.000000 4.000004 14.999998
v -12.517158 3.800004 14.999998
v -12.417157 3.700004 14.999998
v -7.582843 3.700004 14.999998
v -7.482842 3.800004 14.999998
v -7.000000 4.000004 14.999998
v -7.500000 3.500004 14.999998
v -16.000000 1.500003 11.499999
v -16.100000 1.600003 11.399998
v -16.100000 1.600002 7.599999
v -16.000000 1.500002 7.499999
v -16.000000 1.500002 7.499999
v -16.100000 1.600002 7.599999
v -16.100000 3.400002 7.599998
v -16.000000 3.500002 7.499999
v -16.000000 3.500002 7.499999
v -16.100000 3.400002 7.599998
v -16.100000 3.400003 11.399998
v -16.000000 3.500003 11.499998
v -16.000000 3.500003 11.499998
v -16.100000 3.400003 11.399998
v -16.100000 1.600003 11.399998
v -16.000000 1.500003 11.499999
v -13.353554 1.500004 14.646445
v -13.494976 1.600004 14.646444
v -15.646446 1.600004 12.494974
v -15.646446 1.500004 12.353553
v -15.646446 1.500004 12.353553
v -15.646446 1.600004 12.494974
v -15.646446 3.400004 12.494974
v -15.646446 3.500004 12.353552
v -15.646446 3.500004 12.353552
v -15.646446 3.400004 12.494974
v -13.494976 3.400004 14.646444
v -13.353554 3.500004 14.646444
v -13.353554 3.500004 14.646444
v -13.494976 3.400004 14.646444
v -13.494976 1.600004 14.646444
v -13.353554 1.500004 14.646445
v -15.646446 1.500002 6.646446
v -15.646446 1.600002 6.505024
v -13.494976 1.600001 4.353552
v -13.353554 1.500001 4.353552
v -13.353554 1.500001 4.353552
v -13.494976 1.600001 4.353552
v -13.494976 3.400001 4.353552
v -13.353554 3.500001 4.353552
v -13.353554 3.500001 4.353552
v -13.494976 3.400001 4.353552
v -15.646446 3.400002 6.505024
v -15.646446 3.500002 6.646445
v -15.646446 3.500002 6.646445
v -15.646446 3.400002 6.505024
v -15.646446 1.600002 6.505024
v -15.646446 1.500002 6.646446
v -7.500000 1.500004 14.999999
v -7.600000 1.600004 15.099998
v -12.400000 1.600004 15.099998
v -12.500000 1.500004 14.999999
v -12.500000 1.500004 14.999999
v -12.400000 1.600004 15.099998
v -12.400000 3.400004 15.099998
v -12.500000 3.500004 14.999998
v -12.500000 3.500004 14.999998
v -12.400000 3.400004 15.099998
v -7.600000 3.400004 15.099998
v -7.500000 3.500004 14.999998
v -7.500000 3.500004 14.999998
v -7.600000 3.400004 15.099998
v -7.600000 1.600004 15.099998
v -7.500000 1.500004 14.999999
v -4.000000 4.100004 15.099998
v -4.000000 4.000004 14.999998
v -2.000000 4.000004 14.999998
v -2.000000 4.100004 15.099998
v -7.000000 4.100004 15.099998
v -7.000000 4.000004 14.999998
v -4.000000 4.000004 14.999998
v -4.000000 4.100004 15.099998
v -13.041421 4.100004 15.099998
v -13.000000 4.000004 14.999998
v -7.000000 4.000004 14.999998
v -7.000000 4.100004 15.099998
v -16.100000 4.100001 6.958577
v -16.000000 4.000002 6.999998
v -16.000000 4.000003 11.999998
v -16.100000 4.100003 12.041419
v -13.141422 4.100001 3.999999
v -13.000000 4.000001 3.999999
v -16.000000 4.000002 6.999998
v -16.100000 4.100001 6.958577
v -16.100000 4.100003 12.041419
v -16.000000 4.000003 11.999998
v -13.000000 4.000004 14.999998
v -13.041421 4.100004 15.099998
v -4.000000 4.400004 15.099998
v -4.000000 4.500004 14.999998
v -7.000000 4.500004 14.999998
v -7.000000 4.400004 15.099998
v -7.000000 4.400004 15.099998
v -7.000000 4.500004 14.999998
v -13.000000 4.500004 14.999998
v -13.041421 4.400004 15.099998
v -16.100000 4.400003 12.041419
v -16.000000 4.500003 11.999998
v -16.000000 4.500001 6.999998
v -16.100000 4.400002 6.958577
v -16.100000 4.400002 6.958577
v -16.000000 4.500001 6.999998
v -13.000000 4.500001 3.999998
v -13.141422 4.400001 3.999998
v -13.041421 4.400004 15.099998
v -13.000000 4.500004 14.999998
v -16.000000 4.500003 11.999998
v -16.100000 4.400003 12.041419
v -13.141422 4.400001 3.999998
v -13.000000 4.500001 3.999998
v -13.000000 4.000001 3.999999
v -13.141422 4.100001 3.999999
v -2.000000 4.400004 15.099998
v -2.000000 4.500004 14.999998
v -4.000000 4.500004 14.999998
v -4.000000 4.400004 15.099998
v -6.500000 3.500004 14.999998
v -6.500000 1.000005 14.999999
v -4.500000 1.000005 14.999999
v -4.000000 1.000005 14.999999
v -4.000000 4.000004 14.999998
v -4.500000 3.500004 14.999998
v -6.500000 3.500004 15.249998
v -6.500000 3.500004 14.999998
v -6.500000 1.000005 14.999999
v -6.500000 1.000005 15.249999
v -4.500000 1.000005 15.249999
v -4.500000 1.000005 14.999999
v -4.500000 3.500004 14.999998
v -4.500000 3.500004 15.249998
v -4.500000 3.500004 15.249998
v -4.500000 3.500004 14.999998
v -6.500000 3.500004 14.999998
v -6.500000 3.500004 15.249998
v -6.250000 3.250005 15.499998
v -6.500000 3.500004 15.249998
v -6.500000 1.000005 15.249999
v -6.250000 1.000005 15.499999
v -4.750000 1.000005 15.499999
v -4.500000 1.000005 15.249999
v -4.500000 3.500004 15.249998
v -4.750000 3.250005 15.499998
v -4.750000 3.250005 15.499998
v -4.500000 3.500004 15.249998
v -6.500000 3.500004 15.249998
v -6.250000 3.250005 15.499998
v -2.000000 1.000005 14.999999
v -2.500000 1.500004 14.999999
v -3.500000 1.500004 14.999999
v -3.500000 3.500004 14.999998
v -3.517157 3.800004 14.999998
v -3.417157 3.700004 14.999998
v -2.582843 3.700004 14.999998
v -2.482843 3.800004 14.999998
v -2.000000 4.000004 14.999998
v -2.500000 3.500004 14.999998
v -2.500000 1.500004 14.999999
v -2.600000 1.600004 15.099998
v -3.400000 1.600004 15.099998
v -3.500000 1.500004 14.999999
v -3.500000 1.500004 14.999999
v -3.400000 1.600004 15.099998
v -3.400000 3.400004 15.099998
v -3.500000 3.500004 14.999998
v -3.500000 3.500004 14.999998
v -3.400000 3.400004 15.099998
v -2.600000 3.400004 15.099998
v -2.500000 3.500004 14.999998
v -2.500000 3.500004 14.999998
v -2.600000 3.400004 15.099998
v -2.600000 1.600004 15.099998
v -2.500000 1.500004 14.999999
v -1.750000 6.000004 14.499997
v -2.056378 6.000004 14.249997
v -3.332229 6.000004 14.249997
v -3.500000 6.000004 14.499997
v -6.198896 6.000002 7.249998
v -6.571428 6.000001 6.999998
v -3.489711 6.000002 7.249998
v -3.285714 6.000001 6.999998
v -0.250000 6.000004 14.249997
v -1.546003 6.000004 14.249997
v -2.979337 6.000002 7.249998
v -0.250000 6.000002 7.249998
v -2.056378 6.000004 14.249997
v -2.362755 6.250004 13.999997
v -3.164459 6.250004 13.999997
v -3.332229 6.000004 14.249997
v -3.332229 6.000004 14.249997
v -3.164459 6.250004 13.999997
v -5.826364 6.250002 7.499998
v -6.198896 6.000002 7.249998
v -6.198896 6.000002 7.249998
v -5.826364 6.250002 7.499998
v -3.693707 6.250002 7.499998
v -3.489711 6.000002 7.249998
v -3.489711 6.000002 7.249998
v -3.693707 6.250002 7.499998
v -2.362755 6.250004 13.999997
v -2.056378 6.000004 14.249997
v -0.250000 6.000004 14.249997
v -0.500000 6.250004 13.999997
v -1.342007 6.250004 13.999997
v -1.546003 6.000004 14.249997
v -1.546003 6.000004 14.249997
v -1.342007 6.250004 13.999997
v -2.672959 6.250002 7.499998
v -2.979337 6.000002 7.249998
v -2.979337 6.000002 7.249998
v -2.672959 6.250002 7.499998
v -0.500000 6.250002 7.499998
v -0.250000 6.000002 7.249998
v -0.250000 6.000002 7.249998
v -0.500000 6.250002 7.499998
v -0.500000 6.250004 13.999997
v -0.250000 6.000004 14.249997
v -12.358372 5.000001 6.999998
v -13.000000 5.000001 6.999998
v -7.000000 5.000004 14.460761
v -7.500000 5.000003 13.041190
v -7.500000 5.000001 6.999998
v -7.071428 5.000001 6.999998
v -7.000000 5.000001 3.999998
v -7.500000 5.000001 4.499998
v -7.500000 5.000003 13.041190
v -7.000000 5.000004 14.460761
v -12.500000 5.000001 4.499998
v -13.000000 5.000001 6.999998
v -12.358372 5.000001 6.999998
v -8.044383 5.000004 13.959951
v -7.000000 5.000004 14.460761
v -13.000000 5.000001 6.999998
v -13.500000 5.000002 7.176108
v -12.792356 5.000004 13.956273
v -13.000000 5.000004 14.456113
v -8.044383 5.000004 13.959951
v -14.723083 5.000001 6.999998
v -15.430964 5.000001 6.999998
v -15.433619 5.000003 12.016216
v -14.933510 5.000003 11.809596
v -13.500000 5.000001 5.779587
v -13.000000 5.000001 4.574345
v -15.430964 5.000001 6.999998
v -14.723083 5.000001 6.999998
v -14.933510 5.000003 11.809596
v -15.433619 5.000003 12.016216
v -13.500000 5.000002 7.176108
v -12.037558 5.250001 6.999998
v -12.358372 5.000001 6.999998
v -7.500000 5.000003 13.041190
v -7.750000 5.250003 12.331406
v -6.504764 5.000004 13.960761
v -4.000000 5.000004 14.460761
v -4.746551 5.000004 13.960761
v -6.546626 5.000002 9.588223
v -7.071428 5.000001 6.999998
v -4.746551 5.000004 13.960761
v -4.000000 5.000004 14.460761
v -7.071428 5.000001 6.999998
v -6.546626 5.000002 9.588223
v -7.750000 5.250001 6.999998
v -7.500000 5.000001 6.999998
v -7.500000 5.000001 4.499998
v -7.750000 5.250001 4.749998
v -7.750000 5.250003 12.331406
v -7.500000 5.000003 13.041190
v -7.500000 5.000001 6.999998
v -7.750000 5.250001 6.999998
v -12.235436 5.250001 4.749998
v -12.500000 5.000001 4.499998
v -12.358372 5.000001 6.999998
v -12.037558 5.250001 6.999998
v -8.566575 5.250004 13.709547
v -8.044383 5.000004 13.959951
v -13.500000 5.000002 7.176108
v -13.750000 5.250002 7.264163
v -12.688533 5.250004 13.706353
v -12.792356 5.000004 13.956273
v -8.044383 5.000004 13.959951
v -8.566575 5.250004 13.709547
v -14.413777 5.250001 7.044535
v -14.723083 5.000001 6.999998
v -14.933510 5.000003 11.809596
v -14.678948 5.250003 11.710804
v -13.750000 5.250001 6.382208
v -13.500000 5.000001 5.779587
v -14.723083 5.000001 6.999998
v -14.413777 5.250001 7.044535
v -14.678948 5.250003 11.710804
v -14.933510 5.000003 11.809596
v -12.792356 5.000004 13.956273
v -12.688533 5.250004 13.706353
v -13.750000 5.250002 7.264163
v -13.500000 5.000002 7.176108
v -13.500000 5.000001 5.779587
v -13.750000 5.250001 6.382208
v -6.257146 5.250004 13.710761
v -6.504764 5.000004 13.960761
v -4.746551 5.000004 13.960761
v -5.119826 5.250004 13.710761
v -6.284225 5.250003 10.882335
v -6.546626 5.000002 9.588223
v -6.504764 5.000004 13.960761
v -6.257146 5.250004 13.710761
v -5.119826 5.250004 13.710761
v -4.746551 5.000004 13.960761
v -6.546626 5.000002 9.588223
v -6.284225 5.250003 10.882335
v -7.750000 5.250001 4.749998
v -7.500000 5.000001 4.499998
v -12.500000 5.000001 4.499998
v -12.235436 5.250001 4.749998
v -2.482843 3.800004 14.999998
v -2.000000 4.000004 14.999998
v -4.000000 4.000004 14.999998
v -3.517157 3.800004 14.999998
v -7.482842 3.800004 14.999998
v -7.000000 4.000004 14.999998
v -13.000000 4.000004 14.999998
v -12.517158 3.800004 14.999998
v -16.000000 3.800003 11.517156
v -16.000000 3.800002 7.482841
v -15.658579 3.800002 6.658577
v -16.000000 4.000002 6.999998
v -13.000000 4.000001 3.999999
v -13.341421 3.800001 4.341420
v -13.341421 3.800004 14.658577
v -13.000000 4.000004 14.999998
v -16.000000 4.000003 11.999998
v -15.658579 3.800004 12.341419
v -16.000000 3.700002 7.582841
v -16.000000 3.700003 11.417155
v -15.587868 3.700004 12.412130
v -15.646446 3.500004 12.353552
v -13.353554 3.500004 14.646444
v -13.412132 3.700004 14.587866
v -15.658579 3.800004 12.341419
v -16.000000 4.000003 11.999998
v -15.646446 3.500004 12.353552
v -15.587868 3.700004 12.412130
v -13.412132 3.700004 14.587866
v -13.353554 3.500004 14.646444
v -13.000000 4.000004 14.999998
v -13.341421 3.800004 14.658577
v -13.412132 3.700001 4.412130
v -13.353554 3.500001 4.353552
v -15.646446 3.500002 6.646445
v -15.587868 3.700002 6.587867
v -13.341421 3.800001 4.341420
v -13.000000 4.000001 3.999999
v -13.353554 3.500001 4.353552
v -13.412132 3.700001 4.412130
v -15.587868 3.700002 6.587867
v -15.646446 3.500002 6.646445
v -16.000000 4.000002 6.999998
v -15.658579 3.800002 6.658577
v -12.417157 3.700004 14.999998
v -12.500000 3.500004 14.999998
v -7.500000 3.500004 14.999998
v -7.582843 3.700004 14.999998
v -12.517158 3.800004 14.999998
v -12.417157 3.700004 14.999998
v -7.582843 3.700004 14.999998
v -7.482842 3.800004 14.999998
v -3.417157 3.700004 14.999998
v -2.582843 3.700004 14.999998
v -3.517157 3.800004 14.999998
v -2.482843 3.800004 14.999998
v 7.071428 5.000001 5.999998
v 7.071428 5.500001 6.999998
v 7.071428 5.000001 6.999998
v 7.071428 6.000001 6.999998
v 7.071428 6.000001 5.999998
v 7.000000 5.000001 3.999998
v 13.000000 4.500001 3.999998
v 13.000000 5.000001 3.999998
v 3.285714 6.000001 6.999998
v 0.000000 6.000001 5.999998
v 0.000000 6.000001 6.999998
v 7.071428 6.000001 5.999998
v 6.571428 6.000001 6.999998
v 7.071428 6.000001 6.999998
v -7.071428 6.000001 5.999998
v -7.071428 5.500001 6.999998
v -7.071428 6.000001 6.999998
v -7.071428 5.000001 6.999998
v -7.071428 5.000001 5.999998
v -13.000000 4.500001 3.999998
v -7.000000 5.000001 3.999998
v -13.000000 5.000001 3.999998
v -6.571428 6.000001 6.999998
v -7.071428 6.000001 5.999998
v -7.071428 6.000001 6.999998
v -3.285714 6.000001 6.999998
vn -0.0000 1.0000 -0.0000
vn -0.0000 -0.0000 1.0000
vn 1.0000 -0.0000 -0.0000
vn -1.0000 -0.0000 -0.0000
vn -0.0000 -0.0000 -1.0000
vn 0.7071 -0.0000 0.7071
vn 0.7071 -0.0000 -0.7071
vn 0.9114 -0.1953 0.3621
vn 0.9115 -0.1952 0.3621
vn -0.0000 0.7333 0.6799
vn 0.0003 0.7347 0.6784
vn 0.0003 0.7348 0.6783
vn 0.6609 0.7505 -0.0002
vn 0.6609 0.7504 -0.0002
vn 0.6610 0.7504 -0.0002
vn 0.5496 0.6287 -0.5501
vn 0.5496 0.6287 -0.5502
vn 0.5596 0.6119 0.5590
vn -0.0000 0.7071 0.7071
vn 0.6211 0.7441 0.2461
vn 0.6210 0.7441 0.2461
vn -0.0000 -0.7071 0.7071
vn -0.7071 -0.0000 0.7071
vn -0.0000 -1.0000 -0.0000
vn -0.0081 0.0942 0.9955
vn -0.0081 0.0941 0.9955
vn 0.0928 -0.0050 0.9957
vn 0.0927 -0.0050 0.9957
vn 0.0928 -0.0049 0.9957
vn 0.0079 -0.9971 0.0761
vn 0.0080 -0.9971 0.0761
vn -0.9971 0.0046 0.0763
vn -0.9971 0.0046 0.0764
vn 0.7071 -0.7071 -0.0000
vn 0.7071 0.7071 -0.0000
vn 0.5000 -0.7071 0.5000
vn 0.5000 0.7071 0.5000
vn 0.5000 -0.7071 -0.5000
vn 0.5000 0.7071 -0.5000
vn 0.6544 0.7071 0.2680
vn -0.0000 0.7071 -0.7071
vn -0.6927 0.7071 -0.1418
vn 0.6927 0.7071 0.1418
vn -0.7071 0.7071 -0.0000
vn 0.5510 0.7071 0.4431
vn 0.6603 0.7495 0.0472
vn -0.5510 0.7071 -0.4431
vn 0.0005 0.7071 0.7071
vn 0.6649 0.7462 -0.0334
vn 0.4995 0.7071 -0.5005
vn 0.5006 0.7071 0.4994
vn 0.7071 0.7071 0.0068
vn -0.6539 0.7071 -0.2692
vn -0.7071 -0.0000 -0.7071
vn -0.9114 -0.1953 0.3621
vn -0.9115 -0.1952 0.3621
vn -0.0003 0.7347 0.6784
vn -0.0003 0.7348 0.6783
vn -0.6609 0.7505 -0.0002
vn -0.6611 0.7503 -0.0002
vn -0.6610 0.7504 -0.0002
vn -0.5496 0.6287 -0.5501
vn -0.5496 0.6287 -0.5502
vn -0.5596 0.6119 0.5589
vn -0.5596 0.6119 0.5590
vn -0.6211 0.7441 0.2461
vn -0.6210 0.7441 0.2461
vn 0.0081 0.0942 0.9955
vn 0.0081 0.0941 0.9955
vn -0.0928 -0.0049 0.9957
vn -0.0928 -0.0050 0.9957
vn -0.0927 -0.0050 0.9957
vn -0.0079 -0.9971 0.0761
vn -0.0080 -0.9971 0.0761
vn 0.9971 0.0046 0.0763
vn 0.9971 0.0046 0.0764
vn -0.7071 -0.7071 -0.0000
vn -0.5000 -0.7071 0.5000
vn -0.5000 0.7071 0.5000
vn -0.5000 -0.7071 -0.5000
vn -0.5000 0.7071 -0.5000
vn -0.6544 0.7071 0.2680
vn 0.6927 0.7071 -0.1418
vn -0.6927 0.7071 0.1418
vn -0.5510 0.7071 0.4431
vn -0.6603 0.7495 0.0472
vn 0.5510 0.7071 -0.4431
vn -0.0005 0.7071 0.7071
vn -0.6649 0.7462 -0.0331
vn -0.6649 0.7462 -0.0334
vn -0.4995 0.7071 -0.5005
vn -0.5006 0.7071 0.4994
vn -0.7071 0.7071 0.0068
vn 0.6539 0.7071 -0.2692
vt 0.421914 0.213445
vt 0.436059 0.213445
vt 0.436056 0.207758
vt 0.399411 0.168750
vt 0.403821 0.168750
vt 0.402723 0.165431
vt 0.402500 0.198750
vt 0.429157 0.198750
vt 0.402500 0.177312
vt 0.862500 0.220000
vt 0.862500 0.217500
vt 0.860000 0.217500
vt 0.765372 0.172500
vt 0.762500 0.172500
vt 0.762500 0.175000
vt 0.765372 0.176133
vt 0.436048 0.194667
vt 0.436032 0.174057
vt 0.458000 0.207500
vt 0.458000 0.237500
vt 0.459500 0.237500
vt 0.459500 0.207500
vt 0.817500 0.142500
vt 0.817500 0.172500
vt 0.832500 0.172500
vt 0.832500 0.142500
vt 0.104500 0.844500
vt 0.104500 0.825500
vt 0.095500 0.825500
vt 0.095500 0.844500
vt 0.442500 0.196250
vt 0.442500 0.203750
vt 0.453750 0.203750
vt 0.453750 0.196250
vt 0.445500 0.185500
vt 0.445500 0.189500
vt 0.454500 0.189500
vt 0.454500 0.185500
vt 0.104500 0.860379
vt 0.104500 0.849621
vt 0.095500 0.849621
vt 0.095500 0.860379
vt 0.467000 0.222500
vt 0.467000 0.197500
vt 0.465500 0.197500
vt 0.465500 0.222500
vt 0.458000 0.192500
vt 0.459500 0.192500
vt 0.391250 0.177427
vt 0.391250 0.198914
vt 0.426054 0.164105
vt 0.104500 0.820379
vt 0.104500 0.809621
vt 0.095500 0.809621
vt 0.095500 0.820379
vt 0.070500 0.835500
vt 0.070500 0.859500
vt 0.079500 0.859500
vt 0.079500 0.835500
vt 0.567500 0.217500
vt 0.564811 0.217500
vt 0.527500 0.217500
vt 0.467000 0.237500
vt 0.465500 0.237500
vt 0.467000 0.182854
vt 0.465500 0.182854
vt 0.587500 0.181250
vt 0.587500 0.190000
vt 0.587500 0.192500
vt 0.587500 0.182500
vt 0.458000 0.182500
vt 0.459500 0.182500
vt 0.585000 0.192500
vt 0.585000 0.207500
vt 0.587500 0.207500
vt 0.585000 0.237500
vt 0.587500 0.237500
vt 0.527500 0.160345
vt 0.552581 0.160332
vt 0.552500 0.157500
vt 0.527500 0.157500
vt 0.590000 0.197500
vt 0.590000 0.182500
vt 0.587500 0.183936
vt 0.587500 0.196077
vt 0.590000 0.237500
vt 0.590000 0.222500
vt 0.587500 0.223957
vt 0.587500 0.236140
vt 0.527500 0.220000
vt 0.565000 0.220000
vt 0.437500 0.226337
vt 0.437500 0.222456
vt 0.405000 0.221504
vt 0.405000 0.227278
vt 0.585000 0.182500
vt 0.585000 0.172500
vt 0.587500 0.172500
vt 0.437500 0.235169
vt 0.437500 0.231097
vt 0.405000 0.230187
vt 0.405000 0.236075
vt 0.458000 0.172500
vt 0.459500 0.172500
vt 0.954621 0.922500
vt 0.954621 0.929621
vt 0.955379 0.930379
vt 0.955379 0.922500
vt 0.942500 0.929621
vt 0.942500 0.930379
vt 0.452500 0.172500
vt 0.452500 0.177500
vt 0.442500 0.177500
vt 0.830732 0.172500
vt 0.830732 0.180732
vt 0.832500 0.182500
vt 0.817500 0.180732
vt 0.817500 0.182500
vt 0.454268 0.179268
vt 0.454268 0.172500
vt 0.442500 0.179268
vt 0.955732 0.930732
vt 0.955732 0.922500
vt 0.942500 0.930732
vt 0.954268 0.922500
vt 0.954268 0.929268
vt 0.942500 0.929268
vt 0.857500 0.222500
vt 0.857500 0.197500
vt 0.855000 0.200000
vt 0.855000 0.220000
vt 0.842500 0.197500
vt 0.845000 0.200000
vt 0.968500 0.949914
vt 0.968500 0.970086
vt 0.969000 0.969586
vt 0.969000 0.950414
vt 0.842500 0.222500
vt 0.845000 0.220000
vt 0.857500 0.237500
vt 0.855000 0.224268
vt 0.855000 0.235732
vt 0.845000 0.224268
vt 0.968500 0.974207
vt 0.968500 0.985793
vt 0.969000 0.985439
vt 0.969000 0.974561
vt 0.842500 0.237500
vt 0.845000 0.235732
vt 0.857500 0.182500
vt 0.855000 0.184268
vt 0.855000 0.195732
vt 0.842500 0.182500
vt 0.845000 0.184268
vt 0.968500 0.934207
vt 0.968500 0.945793
vt 0.969000 0.945439
vt 0.969000 0.934561
vt 0.845000 0.195732
vt 0.817500 0.207500
vt 0.817500 0.237500
vt 0.820000 0.235000
vt 0.820000 0.210000
vt 0.832500 0.237500
vt 0.830000 0.235000
vt 0.956500 0.985086
vt 0.956500 0.959914
vt 0.956000 0.960414
vt 0.956000 0.984586
vt 0.832500 0.207500
vt 0.830000 0.210000
vt 0.105000 0.845000
vt 0.105000 0.825000
vt 0.095000 0.825000
vt 0.095000 0.845000
vt 0.105000 0.860732
vt 0.105000 0.849268
vt 0.095000 0.849268
vt 0.095000 0.860732
vt 0.105000 0.820732
vt 0.105000 0.809268
vt 0.095000 0.809268
vt 0.095000 0.820732
vt 0.070000 0.835000
vt 0.070000 0.860000
vt 0.080000 0.860000
vt 0.080000 0.835000
vt 0.457500 0.182500
vt 0.457500 0.192500
vt 0.457500 0.207500
vt 0.457500 0.237500
vt 0.467500 0.222500
vt 0.467500 0.197500
vt 0.467500 0.182500
vt 0.467500 0.237500
vt 0.460000 0.207500
vt 0.460000 0.192500
vt 0.460000 0.237500
vt 0.465000 0.197500
vt 0.465000 0.222500
vt 0.465000 0.182500
vt 0.465000 0.237500
vt 0.460000 0.182500
vt 0.457500 0.172500
vt 0.460000 0.172500
vt 0.830000 0.205000
vt 0.817500 0.205000
vt 0.817500 0.195000
vt 0.830000 0.195000
vt 0.832500 0.192500
vt 0.817500 0.192500
vt 0.455000 0.205000
vt 0.442500 0.205000
vt 0.442500 0.195000
vt 0.455000 0.195000
vt 0.820000 0.190000
vt 0.820000 0.185000
vt 0.830000 0.190000
vt 0.956500 0.940086
vt 0.956500 0.934914
vt 0.956000 0.935414
vt 0.956000 0.939586
vt 0.830000 0.185000
vt 0.445000 0.185000
vt 0.445000 0.190000
vt 0.455000 0.190000
vt 0.455000 0.185000
vt 0.815000 0.228750
vt 0.815000 0.220000
vt 0.813750 0.221241
vt 0.813750 0.227527
vt 0.777500 0.220000
vt 0.778750 0.220742
vt 0.777500 0.228750
vt 0.778750 0.228020
vt 0.815000 0.237500
vt 0.813750 0.229937
vt 0.813750 0.236319
vt 0.778750 0.229460
vt 0.777500 0.237500
vt 0.778750 0.236795
vt 0.438750 0.227527
vt 0.438750 0.221241
vt 0.403750 0.220742
vt 0.403750 0.228020
vt 0.438750 0.236319
vt 0.438750 0.229937
vt 0.403750 0.229460
vt 0.403750 0.236795
vt 0.777500 0.175708
vt 0.807706 0.200000
vt 0.814804 0.202500
vt 0.777500 0.172500
vt 0.777500 0.200000
vt 0.765000 0.200135
vt 0.762500 0.202500
vt 0.777500 0.202500
vt 0.765000 0.176275
vt 0.812300 0.197278
vt 0.778381 0.170000
vt 0.812281 0.173538
vt 0.814781 0.172500
vt 0.777500 0.163885
vt 0.801548 0.162832
vt 0.802581 0.160332
vt 0.777500 0.160345
vt 0.771398 0.170000
vt 0.777500 0.160345
vt 0.765372 0.172500
vt 0.432706 0.200000
vt 0.402500 0.175708
vt 0.812305 0.206005
vt 0.812310 0.214796
vt 0.814811 0.217500
vt 0.790442 0.214796
vt 0.777500 0.217500
vt 0.390000 0.200135
vt 0.402500 0.200000
vt 0.390000 0.176275
vt 0.403381 0.170000
vt 0.437300 0.197278
vt 0.437281 0.173538
vt 0.426548 0.162832
vt 0.402500 0.163885
vt 0.396398 0.170000
vt 0.437310 0.214796
vt 0.437305 0.206005
vt 0.415442 0.214796
vt 0.831500 0.184914
vt 0.831500 0.190086
vt 0.831500 0.209914
vt 0.831500 0.235086
vt 0.843500 0.220086
vt 0.843500 0.199914
vt 0.843500 0.195793
vt 0.843500 0.184207
vt 0.843500 0.235793
vt 0.843500 0.224207
vt 0.844000 0.200414
vt 0.844000 0.219586
vt 0.844000 0.224561
vt 0.844000 0.235439
vt 0.844000 0.184561
vt 0.844000 0.195439
vt 0.831000 0.234586
vt 0.831000 0.210414
vt 0.831000 0.189586
vt 0.831000 0.185414
vt 0.812500 0.187500
vt 0.837500 0.172500
vt 0.835000 0.142500
vt 0.837500 0.145000
vt 0.862500 0.228750
vt 0.857500 0.237500
vt 0.862500 0.237500
vt 0.857500 0.217500
s 0
usemtl Placeable
f 5218/1160/263 5219/1161/263 5220/1162/263
f 5221/1163/263 5222/1164/263 5223/1165/263
f 5224/1166/263 5225/1167/263 5226/1168/263
f 5227/1169/264 5228/1170/264 5229/1171/264
f 5230/1172/265 5231/1173/265 5232/1174/265
f 5233/1175/263 5234/1172/263 5235/1174/263
f 5236/1176/263 5237/1177/263 5238/1164/263
f 5239/1160/263 5240/1162/263 5241/1161/263
f 5242/1163/263 5243/1165/263 5244/1164/263
f 5245/1166/263 5246/1168/263 5247/1167/263
f 5248/1169/264 5249/1171/264 5250/1170/264
f 5251/1172/266 5252/1174/266 5253/1173/266
f 5254/1175/263 5255/1174/263 5256/1172/263
f 5257/1176/263 5258/1164/263 5259/1177/263
f 5260/1178/264 5261/1179/264 5262/1180/264
f 5260/1178/264 5262/1180/264 5263/1181/264
f 5264/1182/267 5265/1183/267 5266/1184/267
f 5264/1182/267 5266/1184/267 5267/1185/267
f 5268/1186/265 5269/1187/265 5270/1188/265
f 5268/1186/265 5270/1188/265 5271/1189/265
f 5272/1190/264 5273/1191/264 5274/1192/264
f 5272/1190/264 5274/1192/264 5275/1193/264
f 5276/1194/264 5277/1195/264 5278/1196/264
f 5276/1194/264 5278/1196/264 5279/1197/264
f 5280/1198/268 5281/1199/268 5282/1200/268
f 5280/1198/268 5282/1200/268 5283/1201/268
f 5284/1202/265 5285/1203/265 5286/1204/265
f 5284/1202/265 5286/1204/265 5287/1205/265
f 5288/1206/264 5260/1178/264 5263/1181/264
f 5288/1206/264 5263/1181/264 5289/1207/264
f 5224/1166/263 5226/1168/263 5290/1208/263
f 5224/1166/263 5290/1208/263 5291/1209/263
f 5292/1164/263 5293/1177/263 5294/1210/263
f 5292/1164/263 5294/1210/263 5295/1165/263
f 5296/1211/269 5297/1212/269 5298/1213/269
f 5296/1211/269 5298/1213/269 5299/1214/269
f 5300/1215/264 5301/1216/264 5302/1217/264
f 5300/1215/264 5302/1217/264 5303/1218/264
s 1
f 5304/1219/270 5305/1220/270 5306/1221/271
f 5304/1219/270 5306/1221/271 5307/1221/271
s 0
f 5308/1222/268 5309/1202/268 5310/1205/268
f 5308/1222/268 5310/1205/268 5311/1223/268
f 5312/1203/269 5313/1224/269 5314/1225/269
f 5312/1203/269 5314/1225/269 5315/1204/269
f 5316/1226/264 5317/1227/264 5318/1228/264
f 5316/1226/264 5318/1228/264 5319/1229/264
f 5320/1230/264 5288/1206/264 5289/1207/264
f 5320/1230/264 5289/1207/264 5321/1231/264
f 5322/1232/265 5323/1228/265 5324/1228/265
f 5325/1232/272 5326/1233/272 5327/1234/272
f 5325/1232/272 5327/1234/272 5328/1228/272
s 1
f 5329/1233/273 5330/1235/273 5331/1236/274
f 5329/1233/273 5331/1236/274 5332/1234/274
f 5333/1237/275 5334/1238/276 5335/1239/277
f 5333/1237/275 5335/1239/277 5336/1240/275
f 5337/1241/278 5338/1242/278 5339/1243/278
f 5337/1241/278 5339/1243/278 5340/1244/279
f 5341/1245/280 5342/1246/280 5343/1247/280
f 5341/1245/280 5343/1247/280 5344/1248/280
s 0
f 5345/1229/281 5346/1228/281 5347/1227/281
f 5345/1229/281 5347/1227/281 5348/1226/281
s 1
f 5349/1249/282 5350/1250/282 5351/1219/283
f 5349/1249/282 5351/1219/283 5352/1221/282
s 0
f 5353/1251/263 5354/1252/263 5355/1253/263
f 5353/1251/263 5355/1253/263 5356/1254/263
f 5357/1255/264 5358/1232/264 5317/1227/264
f 5357/1255/264 5317/1227/264 5316/1226/264
f 5359/1256/264 5357/1255/264 5316/1226/264
f 5359/1256/264 5316/1226/264 5360/1257/264
f 5361/1258/263 5362/1259/263 5363/1260/263
f 5361/1258/263 5363/1260/263 5364/1261/263
f 5365/1257/281 5345/1229/281 5348/1226/281
f 5365/1257/281 5348/1226/281 5366/1257/281
f 5367/1262/264 5320/1230/264 5321/1231/264
f 5367/1262/264 5321/1231/264 5368/1263/264
f 5360/1257/264 5316/1226/264 5319/1229/264
f 5360/1257/264 5319/1229/264 5369/1257/264
f 5370/1264/284 5371/1265/284 5372/1266/284
f 5370/1264/284 5372/1266/284 5373/1267/284
f 5374/1265/285 5375/1268/285 5376/1269/285
f 5374/1265/285 5376/1269/285 5377/1266/285
f 5378/1270/286 5379/1271/286 5380/1271/286
f 5378/1270/286 5380/1271/286 5381/1270/286
f 5382/1271/266 5383/1272/266 5384/1272/266
f 5382/1271/266 5384/1272/266 5385/1271/266
s 1
f 5386/1273/284 5387/1274/284 5388/1275/284
s 0
f 5386/1273/284 5388/1275/284 5389/1184/284
f 5390/1274/285 5391/1276/285 5392/1277/285
f 5390/1274/285 5392/1277/285 5393/1275/285
f 5394/1278/284 5395/1279/284 5396/1270/284
f 5394/1278/284 5396/1270/284 5397/1271/284
f 5398/1280/285 5399/1278/285 5400/1271/285
f 5398/1280/285 5400/1271/285 5401/1272/285
s 1
f 5402/1267/287 5403/1266/287 5404/1281/287
f 5402/1267/287 5404/1281/287 5405/1282/288
f 5406/1266/289 5407/1269/289 5408/1283/290
f 5406/1266/289 5408/1283/290 5409/1281/291
f 5410/1265/292 5411/1264/292 5412/1284/293
f 5410/1265/292 5412/1284/293 5413/1285/292
f 5414/1268/294 5415/1265/295 5416/1285/295
f 5414/1268/294 5416/1285/295 5417/1286/294
s 0
f 5418/1287/265 5419/1288/265 5420/1289/265
f 5418/1287/265 5420/1289/265 5421/1290/265
f 5419/1288/265 5422/1291/265 5423/1292/265
f 5419/1288/265 5423/1292/265 5420/1289/265
f 5424/1293/265 5425/1294/265 5426/1295/265
f 5424/1293/265 5426/1295/265 5427/1296/265
f 5428/1297/265 5418/1287/265 5421/1290/265
f 5428/1297/265 5421/1290/265 5429/1298/265
f 5430/1299/268 5431/1287/268 5432/1300/268
f 5430/1299/268 5432/1300/268 5433/1301/268
f 5434/1287/268 5435/1297/268 5436/1302/268
f 5434/1287/268 5436/1302/268 5437/1300/268
f 5438/1303/268 5439/1304/268 5440/1305/268
f 5438/1303/268 5440/1305/268 5441/1306/268
f 5442/1307/268 5443/1299/268 5444/1301/268
f 5442/1307/268 5444/1301/268 5445/1308/268
f 5446/1288/269 5447/1309/269 5448/1310/269
f 5446/1288/269 5448/1310/269 5449/1311/269
f 5450/1309/269 5451/1312/269 5452/1313/269
f 5450/1309/269 5452/1313/269 5453/1310/269
f 5454/1314/269 5455/1315/269 5456/1316/269
f 5454/1314/269 5456/1316/269 5457/1317/269
f 5458/1291/269 5459/1288/269 5460/1311/269
f 5458/1291/269 5460/1311/269 5461/1318/269
f 5462/1319/264 5463/1320/264 5464/1321/264
f 5462/1319/264 5464/1321/264 5465/1322/264
f 5463/1320/264 5466/1323/264 5467/1324/264
f 5463/1320/264 5467/1324/264 5464/1321/264
f 5468/1325/264 5469/1326/264 5470/1327/264
f 5468/1325/264 5470/1327/264 5471/1328/264
f 5472/1329/264 5462/1319/264 5465/1322/264
f 5472/1329/264 5465/1322/264 5473/1330/264
f 5474/1331/296 5475/1332/296 5476/1187/296
f 5474/1331/296 5476/1187/296 5477/1186/296
f 5478/1332/269 5479/1333/269 5480/1188/269
f 5478/1332/269 5480/1188/269 5481/1187/269
f 5482/1333/297 5483/1334/297 5484/1189/297
f 5482/1333/297 5484/1189/297 5485/1188/297
f 5486/1334/268 5487/1331/268 5488/1186/268
f 5486/1334/268 5488/1186/268 5489/1189/268
f 5490/1335/298 5491/1336/298 5492/1199/298
f 5490/1335/298 5492/1199/298 5493/1198/298
f 5494/1336/265 5495/1337/265 5496/1200/265
f 5494/1336/265 5496/1200/265 5497/1199/265
f 5498/1337/299 5499/1338/299 5500/1201/299
f 5498/1337/299 5500/1201/299 5501/1200/299
f 5502/1338/264 5503/1335/264 5504/1198/264
f 5502/1338/264 5504/1198/264 5505/1201/264
f 5506/1339/300 5507/1340/300 5508/1212/300
f 5506/1339/300 5508/1212/300 5509/1211/300
f 5510/1340/267 5511/1341/267 5512/1213/267
f 5510/1340/267 5512/1213/267 5513/1212/267
f 5514/1341/301 5515/1342/301 5516/1214/301
f 5514/1341/301 5516/1214/301 5517/1213/301
f 5518/1342/265 5519/1339/265 5520/1211/265
f 5518/1342/265 5520/1211/265 5521/1214/265
f 5522/1343/284 5523/1344/284 5524/1216/284
f 5522/1343/284 5524/1216/284 5525/1215/284
f 5526/1344/268 5527/1345/268 5528/1217/268
f 5526/1344/268 5528/1217/268 5529/1216/268
s 1
f 5530/1345/281 5531/1346/281 5532/1218/281
s 0
f 5530/1345/281 5532/1218/281 5533/1217/281
f 5534/1346/285 5535/1343/285 5536/1215/285
f 5534/1346/285 5536/1215/285 5537/1218/285
f 5538/1206/284 5539/1230/284 5540/1347/284
f 5538/1206/284 5540/1347/284 5541/1348/284
s 1
f 5542/1178/284 5543/1206/284 5544/1348/284
s 0
f 5542/1178/284 5544/1348/284 5545/1349/284
f 5546/1179/284 5547/1178/284 5548/1349/284
f 5546/1179/284 5548/1349/284 5549/1350/284
f 5550/1203/296 5551/1202/296 5552/1351/296
f 5550/1203/296 5552/1351/296 5553/1352/296
f 5554/1224/300 5555/1203/300 5556/1352/300
f 5554/1224/300 5556/1352/300 5557/1353/300
f 5558/1202/298 5559/1222/298 5560/1354/298
f 5558/1202/298 5560/1354/298 5561/1351/298
s 1
f 5562/1207/281 5563/1181/281 5564/1355/281
s 0
f 5562/1207/281 5564/1355/281 5565/1356/281
f 5566/1181/281 5567/1180/281 5568/1357/281
f 5566/1181/281 5568/1357/281 5569/1355/281
f 5570/1205/297 5571/1204/297 5572/1358/297
f 5570/1205/297 5572/1358/297 5573/1359/297
f 5574/1204/301 5575/1225/301 5576/1360/301
f 5574/1204/301 5576/1360/301 5577/1358/301
f 5578/1223/299 5579/1205/299 5580/1359/299
f 5578/1223/299 5580/1359/299 5581/1361/299
f 5582/1225/267 5583/1224/267 5584/1353/267
f 5582/1225/267 5584/1353/267 5585/1360/267
f 5586/1231/281 5587/1207/281 5588/1356/281
f 5586/1231/281 5588/1356/281 5589/1362/281
f 5539/1230/284 5590/1262/284 5591/1363/284
f 5539/1230/284 5591/1363/284 5540/1347/284
f 5592/1263/281 5586/1231/281 5589/1362/281
f 5592/1263/281 5589/1362/281 5593/1364/281
f 5594/1365/264 5595/1366/264 5462/1319/264
f 5594/1365/264 5462/1319/264 5472/1329/264
f 5596/1367/264 5597/1368/264 5598/1369/264
f 5596/1367/264 5598/1369/264 5599/1370/264
f 5597/1368/264 5594/1365/264 5472/1329/264
f 5597/1368/264 5472/1329/264 5598/1369/264
f 5600/1371/265 5601/1372/265 5602/1372/265
f 5600/1371/265 5602/1372/265 5603/1371/265
f 5604/1373/266 5605/1374/266 5606/1374/266
f 5604/1373/266 5606/1374/266 5607/1373/266
f 5608/1374/263 5609/1371/263 5610/1371/263
f 5608/1374/263 5610/1371/263 5611/1374/263
f 5612/1192/268 5613/1191/268 5614/1372/268
f 5612/1192/268 5614/1372/268 5615/1371/268
f 5616/1190/285 5617/1193/285 5618/1374/285
f 5616/1190/285 5618/1374/285 5619/1373/285
f 5620/1193/281 5621/1192/281 5622/1371/281
f 5620/1193/281 5622/1371/281 5623/1374/281
f 5624/1277/264 5599/1370/264 5625/1375/264
f 5624/1277/264 5625/1375/264 5626/1376/264
f 5599/1370/264 5598/1369/264 5627/1377/264
f 5599/1370/264 5627/1377/264 5625/1375/264
f 5628/1378/264 5629/1379/264 5630/1380/264
f 5628/1378/264 5630/1380/264 5631/1381/264
f 5632/1275/264 5624/1277/264 5626/1376/264
f 5632/1275/264 5626/1376/264 5633/1382/264
f 5634/1383/284 5635/1384/284 5636/1195/284
f 5634/1383/284 5636/1195/284 5637/1194/284
f 5638/1384/268 5639/1385/268 5640/1196/268
f 5638/1384/268 5640/1196/268 5641/1195/268
f 5642/1385/281 5643/1386/281 5644/1197/281
f 5642/1385/281 5644/1197/281 5645/1196/281
f 5646/1386/285 5647/1383/285 5648/1194/285
f 5646/1386/285 5648/1194/285 5649/1197/285
f 5650/1387/263 5651/1388/263 5652/1389/263
f 5650/1387/263 5652/1389/263 5653/1390/263
f 5651/1388/263 5654/1391/263 5655/1392/263
f 5651/1388/263 5655/1392/263 5652/1389/263
f 5654/1391/263 5656/1393/263 5657/1394/263
f 5654/1391/263 5657/1394/263 5655/1392/263
f 5656/1393/263 5650/1387/263 5653/1390/263
f 5656/1393/263 5653/1390/263 5657/1394/263
f 5658/1395/263 5650/1387/263 5659/1396/263
f 5658/1395/263 5659/1396/263 5660/1397/263
f 5650/1387/263 5656/1393/263 5661/1398/263
f 5650/1387/263 5661/1398/263 5659/1396/263
f 5656/1393/263 5662/1399/263 5663/1400/263
f 5656/1393/263 5663/1400/263 5661/1398/263
f 5662/1399/263 5658/1395/263 5660/1397/263
f 5662/1399/263 5660/1397/263 5663/1400/263
f 5664/1401/281 5665/1402/281 5666/1252/281
f 5664/1401/281 5666/1252/281 5667/1251/281
f 5668/1402/302 5669/1403/302 5670/1253/302
f 5668/1402/302 5670/1253/302 5671/1252/302
f 5672/1403/303 5673/1404/303 5674/1254/303
f 5672/1403/303 5674/1254/303 5675/1253/303
f 5676/1404/304 5677/1401/304 5678/1251/304
f 5676/1404/304 5678/1251/304 5679/1254/304
f 5680/1405/281 5681/1406/281 5682/1259/281
f 5680/1405/281 5682/1259/281 5683/1258/281
f 5684/1406/305 5685/1407/305 5686/1260/305
f 5684/1406/305 5686/1260/305 5687/1259/305
f 5688/1407/303 5689/1408/303 5690/1261/303
f 5688/1407/303 5690/1261/303 5691/1260/303
f 5692/1408/306 5693/1405/306 5694/1258/306
s 1
f 5692/1408/306 5694/1258/306 5695/1261/306
s 0
f 5696/1409/263 5697/1410/263 5698/1411/263
f 5696/1409/263 5698/1411/263 5699/1412/263
f 5700/1413/263 5701/1414/263 5702/1415/263
f 5700/1413/263 5702/1415/263 5703/1416/263
f 5697/1410/263 5700/1413/263 5703/1416/263
f 5697/1410/263 5703/1416/263 5698/1411/263
f 5701/1414/263 5704/1417/263 5235/1174/263
f 5701/1414/263 5235/1174/263 5702/1415/263
f 5233/1175/263 5696/1409/263 5699/1412/263
f 5233/1175/263 5699/1412/263 5234/1172/263
f 5705/1418/263 5706/1419/263 5707/1412/263
f 5705/1418/263 5707/1412/263 5708/1411/263
f 5709/1420/263 5710/1418/263 5698/1411/263
f 5709/1420/263 5698/1411/263 5711/1421/263
f 5712/1422/263 5713/1423/263 5714/1424/263
f 5712/1422/263 5714/1424/263 5715/1425/263
f 5716/1426/263 5712/1422/263 5717/1427/263
f 5716/1426/263 5717/1427/263 5718/1428/263
f 5713/1423/263 5709/1420/263 5711/1421/263
f 5713/1423/263 5711/1421/263 5714/1424/263
f 5719/1419/263 5716/1426/263 5718/1428/263
f 5719/1419/263 5718/1428/263 5699/1412/263
f 5720/1168/307 5721/1167/307 5722/1429/307
f 5720/1168/307 5722/1429/307 5723/1430/307
f 5724/1431/263 5725/1432/263 5726/1433/263
f 5724/1431/263 5726/1433/263 5698/1411/263
f 5727/1434/263 5724/1431/263 5698/1411/263
f 5727/1434/263 5698/1411/263 5728/1435/263
f 5725/1432/263 5727/1434/263 5728/1435/263
f 5725/1432/263 5728/1435/263 5726/1433/263
f 5729/1166/306 5730/1209/306 5731/1436/306
f 5729/1166/306 5731/1436/306 5732/1437/306
f 5733/1167/306 5734/1166/306 5735/1437/306
f 5733/1167/306 5735/1437/306 5736/1429/306
s 1
f 5737/1208/308 5738/1168/308 5739/1430/308
f 5737/1208/308 5739/1430/308 5740/1438/308
s 0
f 5741/1176/309 5742/1164/309 5743/1439/309
f 5741/1176/309 5743/1439/309 5744/1440/309
f 5745/1177/310 5746/1176/310 5747/1440/310
f 5745/1177/310 5747/1440/310 5748/1441/310
s 1
f 5749/1165/311 5750/1210/311 5751/1442/311
f 5749/1165/311 5751/1442/311 5752/1443/311
s 0
f 5753/1163/312 5754/1165/312 5755/1443/312
f 5753/1163/312 5755/1443/312 5756/1444/312
f 5757/1210/313 5758/1177/313 5759/1441/313
f 5757/1210/313 5759/1441/313 5760/1442/313
f 5761/1164/306 5762/1163/306 5763/1444/306
f 5761/1164/306 5763/1444/306 5764/1439/306
f 5765/1162/281 5766/1161/281 5767/1445/281
f 5765/1162/281 5767/1445/281 5768/1446/281
f 5769/1160/314 5770/1162/314 5771/1446/314
f 5769/1160/314 5771/1446/314 5772/1447/314
f 5773/1161/315 5774/1160/315 5775/1447/315
f 5773/1161/315 5775/1447/315 5776/1445/315
f 5777/1209/303 5778/1208/303 5779/1438/303
f 5777/1209/303 5779/1438/303 5780/1436/303
f 5781/1448/264 5782/1449/264 5598/1369/264
f 5781/1448/264 5598/1369/264 5632/1275/264
f 5783/1450/264 5784/1451/264 5466/1323/264
f 5783/1450/264 5466/1323/264 5472/1329/264
f 5785/1452/265 5786/1453/265 5422/1291/265
f 5785/1452/265 5422/1291/265 5428/1297/265
f 5787/1454/269 5788/1455/269 5789/1312/269
f 5787/1454/269 5789/1312/269 5790/1291/269
f 5791/1456/268 5792/1457/268 5793/1297/268
f 5791/1456/268 5793/1297/268 5794/1307/268
f 5795/1458/265 5796/1459/265 5429/1298/265
f 5795/1458/265 5429/1298/265 5423/1292/265
f 5786/1453/265 5795/1458/265 5423/1292/265
f 5786/1453/265 5423/1292/265 5422/1291/265
f 5796/1459/265 5785/1452/265 5428/1297/265
f 5796/1459/265 5428/1297/265 5429/1298/265
f 5797/1460/268 5798/1461/268 5799/1308/268
f 5797/1460/268 5799/1308/268 5800/1302/268
f 5801/1457/268 5802/1460/268 5803/1302/268
f 5801/1457/268 5803/1302/268 5804/1297/268
f 5805/1461/268 5806/1456/268 5807/1307/268
f 5805/1461/268 5807/1307/268 5808/1308/268
f 5809/1462/269 5810/1463/269 5811/1318/269
f 5809/1462/269 5811/1318/269 5812/1313/269
f 5813/1455/269 5814/1462/269 5815/1313/269
f 5813/1455/269 5815/1313/269 5816/1312/269
f 5817/1463/269 5818/1454/269 5819/1291/269
f 5817/1463/269 5819/1291/269 5820/1318/269
f 5821/1464/264 5822/1465/264 5823/1330/264
f 5821/1464/264 5823/1330/264 5824/1324/264
f 5784/1451/264 5825/1464/264 5467/1324/264
f 5784/1451/264 5467/1324/264 5466/1323/264
f 5826/1465/264 5783/1450/264 5472/1329/264
f 5826/1465/264 5472/1329/264 5473/1330/264
f 5827/1466/264 5828/1467/264 5633/1382/264
f 5827/1466/264 5633/1382/264 5627/1377/264
f 5782/1449/264 5827/1466/264 5627/1377/264
f 5782/1449/264 5627/1377/264 5598/1369/264
f 5828/1467/264 5781/1448/264 5632/1275/264
f 5828/1467/264 5632/1275/264 5633/1382/264
f 5829/1178/264 5830/1181/264 5831/1180/264
f 5829/1178/264 5831/1180/264 5832/1179/264
f 5833/1182/267 5834/1185/267 5835/1184/267
f 5833/1182/267 5835/1184/267 5836/1183/267
f 5837/1186/266 5838/1189/266 5839/1188/266
f 5837/1186/266 5839/1188/266 5840/1187/266
f 5841/1190/264 5842/1193/264 5843/1192/264
f 5841/1190/264 5843/1192/264 5844/1191/264
f 5845/1194/264 5846/1197/264 5847/1196/264
f 5845/1194/264 5847/1196/264 5848/1195/264
f 5849/1198/285 5850/1201/285 5851/1200/285
f 5849/1198/285 5851/1200/285 5852/1199/285
f 5853/1202/266 5854/1205/266 5855/1204/266
f 5853/1202/266 5855/1204/266 5856/1203/266
f 5857/1206/264 5858/1207/264 5830/1181/264
f 5857/1206/264 5830/1181/264 5829/1178/264
f 5245/1166/263 5859/1209/263 5860/1208/263
f 5245/1166/263 5860/1208/263 5246/1168/263
f 5861/1164/263 5862/1165/263 5863/1210/263
f 5861/1164/263 5863/1210/263 5864/1177/263
f 5865/1211/316 5866/1214/316 5867/1213/316
f 5865/1211/316 5867/1213/316 5868/1212/316
f 5869/1215/264 5870/1218/264 5871/1217/264
f 5869/1215/264 5871/1217/264 5872/1216/264
s 1
f 5873/1219/317 5874/1221/318 5875/1221/318
f 5873/1219/317 5875/1221/318 5876/1220/317
s 0
f 5877/1222/285 5878/1223/285 5879/1205/285
f 5877/1222/285 5879/1205/285 5880/1202/285
f 5881/1203/316 5882/1204/316 5883/1225/316
f 5881/1203/316 5883/1225/316 5884/1224/316
f 5885/1226/264 5886/1229/264 5887/1228/264
f 5885/1226/264 5887/1228/264 5888/1227/264
f 5889/1230/264 5890/1231/264 5858/1207/264
f 5889/1230/264 5858/1207/264 5857/1206/264
f 5891/1232/266 5892/1228/266 5893/1228/266
f 5894/1232/272 5895/1228/272 5896/1234/272
f 5894/1232/272 5896/1234/272 5897/1233/272
s 1
f 5898/1233/319 5899/1234/320 5900/1236/320
f 5898/1233/319 5900/1236/320 5901/1235/319
f 5902/1237/321 5903/1240/321 5904/1239/322
f 5902/1237/321 5904/1239/322 5905/1238/323
f 5906/1241/324 5907/1244/325 5908/1243/324
f 5906/1241/324 5908/1243/324 5909/1242/324
f 5910/1245/326 5911/1248/327 5912/1247/327
f 5910/1245/326 5912/1247/327 5913/1246/327
s 0
f 5914/1229/281 5915/1226/281 5916/1227/281
f 5914/1229/281 5916/1227/281 5917/1228/281
s 1
f 5918/1249/328 5919/1221/328 5920/1219/329
f 5918/1249/328 5920/1219/329 5921/1250/328
s 0
f 5922/1251/263 5923/1254/263 5924/1253/263
f 5922/1251/263 5924/1253/263 5925/1252/263
f 5926/1255/264 5885/1226/264 5888/1227/264
f 5926/1255/264 5888/1227/264 5927/1232/264
f 5359/1256/264 5360/1257/264 5885/1226/264
f 5359/1256/264 5885/1226/264 5926/1255/264
f 5928/1258/263 5929/1261/263 5930/1260/263
f 5928/1258/263 5930/1260/263 5931/1259/263
f 5365/1257/281 5366/1257/281 5915/1226/281
f 5365/1257/281 5915/1226/281 5914/1229/281
f 5367/1262/264 5368/1263/264 5890/1231/264
f 5367/1262/264 5890/1231/264 5889/1230/264
f 5360/1257/264 5369/1257/264 5886/1229/264
f 5360/1257/264 5886/1229/264 5885/1226/264
f 5932/1264/284 5933/1267/284 5934/1266/284
f 5932/1264/284 5934/1266/284 5935/1265/284
f 5936/1265/268 5937/1266/268 5938/1269/268
f 5936/1265/268 5938/1269/268 5939/1268/268
f 5378/1270/286 5381/1270/286 5940/1271/286
f 5378/1270/286 5940/1271/286 5941/1271/286
f 5942/1271/265 5943/1271/265 5944/1272/265
f 5942/1271/265 5944/1272/265 5945/1272/265
f 5946/1273/284 5947/1184/284 5948/1275/284
f 5946/1273/284 5948/1275/284 5949/1274/284
f 5950/1274/268 5951/1275/268 5952/1277/268
f 5950/1274/268 5952/1277/268 5953/1276/268
f 5954/1278/284 5955/1271/284 5956/1270/284
f 5954/1278/284 5956/1270/284 5957/1279/284
f 5958/1280/268 5959/1272/268 5960/1271/268
f 5958/1280/268 5960/1271/268 5961/1278/268
s 1
f 5962/1267/330 5963/1282/331 5964/1281/330
f 5962/1267/330 5964/1281/330 5965/1266/330
f 5966/1266/332 5967/1281/333 5968/1283/334
f 5966/1266/332 5968/1283/334 5969/1269/333
f 5970/1265/335 5971/1285/335 5972/1284/336
f 5970/1265/335 5972/1284/336 5973/1264/336
f 5974/1268/337 5975/1286/337 5976/1285/338
f 5974/1268/337 5976/1285/338 5977/1265/338
s 0
f 5978/1287/266 5979/1290/266 5980/1289/266
f 5978/1287/266 5980/1289/266 5981/1288/266
f 5981/1288/266 5980/1289/266 5982/1292/266
f 5981/1288/266 5982/1292/266 5983/1291/266
f 5984/1293/266 5985/1296/266 5986/1295/266
f 5984/1293/266 5986/1295/266 5987/1294/266
f 5988/1297/266 5989/1298/266 5979/1290/266
f 5988/1297/266 5979/1290/266 5978/1287/266
f 5990/1299/285 5991/1301/285 5992/1300/285
f 5990/1299/285 5992/1300/285 5993/1287/285
f 5994/1287/285 5995/1300/285 5996/1302/285
f 5994/1287/285 5996/1302/285 5997/1297/285
f 5998/1303/285 5999/1306/285 6000/1305/285
f 5998/1303/285 6000/1305/285 6001/1304/285
f 6002/1307/285 6003/1308/285 6004/1301/285
f 6002/1307/285 6004/1301/285 6005/1299/285
f 6006/1288/316 6007/1311/316 6008/1310/316
f 6006/1288/316 6008/1310/316 6009/1309/316
f 6010/1309/316 6011/1310/316 6012/1313/316
f 6010/1309/316 6012/1313/316 6013/1312/316
f 6014/1314/316 6015/1317/316 6016/1316/316
f 6014/1314/316 6016/1316/316 6017/1315/316
f 6018/1291/316 6019/1318/316 6020/1311/316
f 6018/1291/316 6020/1311/316 6021/1288/316
f 6022/1319/264 6023/1322/264 6024/1321/264
f 6022/1319/264 6024/1321/264 6025/1320/264
f 6025/1320/264 6024/1321/264 6026/1324/264
f 6025/1320/264 6026/1324/264 6027/1323/264
f 6028/1325/264 6029/1328/264 6030/1327/264
f 6028/1325/264 6030/1327/264 6031/1326/264
f 6032/1329/264 6033/1330/264 6023/1322/264
f 6032/1329/264 6023/1322/264 6022/1319/264
f 6034/1331/339 6035/1186/339 6036/1187/339
f 6034/1331/339 6036/1187/339 6037/1332/339
f 6038/1332/316 6039/1187/316 6040/1188/316
f 6038/1332/316 6040/1188/316 6041/1333/316
f 6042/1333/306 6043/1188/306 6044/1189/306
f 6042/1333/306 6044/1189/306 6045/1334/306
f 6046/1334/285 6047/1189/285 6048/1186/285
s 1
f 6046/1334/285 6048/1186/285 6049/1331/285
s 0
f 6050/1335/340 6051/1198/340 6052/1199/340
f 6050/1335/340 6052/1199/340 6053/1336/340
f 6054/1336/266 6055/1199/266 6056/1200/266
f 6054/1336/266 6056/1200/266 6057/1337/266
f 6058/1337/341 6059/1200/341 6060/1201/341
f 6058/1337/341 6060/1201/341 6061/1338/341
f 6062/1338/264 6063/1201/264 6064/1198/264
f 6062/1338/264 6064/1198/264 6065/1335/264
f 6066/1339/342 6067/1211/342 6068/1212/342
f 6066/1339/342 6068/1212/342 6069/1340/342
f 6070/1340/267 6071/1212/267 6072/1213/267
f 6070/1340/267 6072/1213/267 6073/1341/267
f 6074/1341/343 6075/1213/343 6076/1214/343
f 6074/1341/343 6076/1214/343 6077/1342/343
f 6078/1342/266 6079/1214/266 6080/1211/266
f 6078/1342/266 6080/1211/266 6081/1339/266
s 1
f 6082/1343/284 6083/1215/284 6084/1216/284
s 0
f 6082/1343/284 6084/1216/284 6085/1344/284
f 6086/1344/285 6087/1216/285 6088/1217/285
s 1
f 6086/1344/285 6088/1217/285 6089/1345/285
s 0
f 6090/1345/281 6091/1217/281 6092/1218/281
f 6090/1345/281 6092/1218/281 6093/1346/281
s 1
f 6094/1346/268 6095/1218/268 6096/1215/268
s 0
f 6094/1346/268 6096/1215/268 6097/1343/268
f 6098/1206/284 6099/1348/284 6100/1347/284
f 6098/1206/284 6100/1347/284 6101/1230/284
f 6102/1178/284 6103/1349/284 6104/1348/284
s 1
f 6102/1178/284 6104/1348/284 6105/1206/284
s 0
f 6106/1179/284 6107/1350/284 6108/1349/284
f 6106/1179/284 6108/1349/284 6109/1178/284
f 6110/1203/339 6111/1352/339 6112/1351/339
f 6110/1203/339 6112/1351/339 6113/1202/339
f 6114/1224/342 6115/1353/342 6116/1352/342
f 6114/1224/342 6116/1352/342 6117/1203/342
f 6118/1202/340 6119/1351/340 6120/1354/340
f 6118/1202/340 6120/1354/340 6121/1222/340
f 6122/1207/281 6123/1356/281 6124/1355/281
s 1
f 6122/1207/281 6124/1355/281 6125/1181/281
s 0
f 6126/1181/281 6127/1355/281 6128/1357/281
f 6126/1181/281 6128/1357/281 6129/1180/281
f 6130/1205/306 6131/1359/306 6132/1358/306
f 6130/1205/306 6132/1358/306 6133/1204/306
f 6134/1204/343 6135/1358/343 6136/1360/343
f 6134/1204/343 6136/1360/343 6137/1225/343
f 6138/1223/341 6139/1361/341 6140/1359/341
f 6138/1223/341 6140/1359/341 6141/1205/341
f 6142/1225/267 6143/1360/267 6144/1353/267
f 6142/1225/267 6144/1353/267 6145/1224/267
f 6146/1231/281 6147/1362/281 6148/1356/281
f 6146/1231/281 6148/1356/281 6149/1207/281
f 6101/1230/284 6100/1347/284 5591/1363/284
f 6101/1230/284 5591/1363/284 5590/1262/284
f 5592/1263/281 5593/1364/281 6147/1362/281
f 5592/1263/281 6147/1362/281 6146/1231/281
f 6150/1365/264 6032/1329/264 6022/1319/264
f 6150/1365/264 6022/1319/264 6151/1366/264
f 6152/1367/264 6153/1370/264 6154/1369/264
f 6152/1367/264 6154/1369/264 6155/1368/264
f 6155/1368/264 6154/1369/264 6032/1329/264
f 6155/1368/264 6032/1329/264 6150/1365/264
f 6156/1371/266 6157/1371/266 6158/1372/266
f 6156/1371/266 6158/1372/266 6159/1372/266
f 6160/1373/265 6161/1373/265 6162/1374/265
f 6160/1373/265 6162/1374/265 6163/1374/265
f 6164/1374/263 6165/1374/263 6166/1371/263
f 6164/1374/263 6166/1371/263 6167/1371/263
f 6168/1192/285 6169/1371/285 6170/1372/285
f 6168/1192/285 6170/1372/285 6171/1191/285
f 6172/1190/268 6173/1373/268 6174/1374/268
f 6172/1190/268 6174/1374/268 6175/1193/268
f 6176/1193/281 6177/1374/281 6178/1371/281
f 6176/1193/281 6178/1371/281 6179/1192/281
f 6180/1277/264 6181/1376/264 6182/1375/264
f 6180/1277/264 6182/1375/264 6153/1370/264
f 6153/1370/264 6182/1375/264 6183/1377/264
f 6153/1370/264 6183/1377/264 6154/1369/264
f 6184/1378/264 6185/1381/264 6186/1380/264
f 6184/1378/264 6186/1380/264 6187/1379/264
f 6188/1275/264 6189/1382/264 6181/1376/264
f 6188/1275/264 6181/1376/264 6180/1277/264
f 6190/1383/284 6191/1194/284 6192/1195/284
f 6190/1383/284 6192/1195/284 6193/1384/284
f 6194/1384/285 6195/1195/285 6196/1196/285
f 6194/1384/285 6196/1196/285 6197/1385/285
f 6198/1385/281 6199/1196/281 6200/1197/281
f 6198/1385/281 6200/1197/281 6201/1386/281
f 6202/1386/268 6203/1197/268 6204/1194/268
f 6202/1386/268 6204/1194/268 6205/1383/268
f 6206/1387/263 6207/1390/263 6208/1389/263
f 6206/1387/263 6208/1389/263 6209/1388/263
f 6209/1388/263 6208/1389/263 6210/1392/263
f 6209/1388/263 6210/1392/263 6211/1391/263
f 6211/1391/263 6210/1392/263 6212/1394/263
f 6211/1391/263 6212/1394/263 6213/1393/263
f 6213/1393/263 6212/1394/263 6207/1390/263
f 6213/1393/263 6207/1390/263 6206/1387/263
f 5658/1395/263 6214/1397/263 6215/1396/263
f 5658/1395/263 6215/1396/263 6206/1387/263
f 6206/1387/263 6215/1396/263 6216/1398/263
f 6206/1387/263 6216/1398/263 6213/1393/263
f 6213/1393/263 6216/1398/263 6217/1400/263
f 6213/1393/263 6217/1400/263 5662/1399/263
f 5662/1399/263 6217/1400/263 6214/1397/263
f 5662/1399/263 6214/1397/263 5658/1395/263
f 6218/1401/281 6219/1251/281 6220/1252/281
f 6218/1401/281 6220/1252/281 6221/1402/281
f 6222/1402/344 6223/1252/344 6224/1253/344
f 6222/1402/344 6224/1253/344 6225/1403/344
f 6226/1403/303 6227/1253/303 6228/1254/303
f 6226/1403/303 6228/1254/303 6229/1404/303
f 6230/1404/345 6231/1254/345 6232/1251/345
f 6230/1404/345 6232/1251/345 6233/1401/345
f 6234/1405/281 6235/1258/281 6236/1259/281
f 6234/1405/281 6236/1259/281 6237/1406/281
f 6238/1406/346 6239/1259/346 6240/1260/346
f 6238/1406/346 6240/1260/346 6241/1407/346
f 6242/1407/303 6243/1260/303 6244/1261/303
s 1
f 6242/1407/303 6244/1261/303 6245/1408/303
f 6246/1408/297 6247/1261/297 6248/1258/297
s 0
f 6246/1408/297 6248/1258/297 6249/1405/297
f 6250/1409/263 6251/1412/263 6252/1411/263
f 6250/1409/263 6252/1411/263 6253/1410/263
f 6254/1413/263 6255/1416/263 6256/1415/263
f 6254/1413/263 6256/1415/263 6257/1414/263
f 6258/1410/263 6259/1411/263 6255/1416/263
f 6258/1410/263 6255/1416/263 6254/1413/263
f 6257/1414/263 6256/1415/263 5255/1174/263
f 6257/1414/263 5255/1174/263 6260/1417/263
f 5254/1175/263 5256/1172/263 6261/1412/263
f 5254/1175/263 6261/1412/263 6262/1409/263
f 6263/1418/263 6264/1411/263 6265/1412/263
f 6263/1418/263 6265/1412/263 6266/1419/263
f 6267/1420/263 6268/1421/263 6259/1411/263
f 6267/1420/263 6259/1411/263 6269/1418/263
f 6270/1422/263 6271/1425/263 6272/1424/263
f 6270/1422/263 6272/1424/263 6273/1423/263
f 6274/1426/263 6275/1428/263 6276/1427/263
f 6274/1426/263 6276/1427/263 6277/1422/263
f 6278/1423/263 6279/1424/263 6268/1421/263
f 6278/1423/263 6268/1421/263 6267/1420/263
f 6280/1419/263 6261/1412/263 6275/1428/263
f 6280/1419/263 6275/1428/263 6274/1426/263
f 6281/1168/347 6282/1430/347 6283/1429/347
f 6281/1168/347 6283/1429/347 6284/1167/347
f 6285/1431/263 6259/1411/263 6286/1433/263
f 6285/1431/263 6286/1433/263 6287/1432/263
f 6288/1434/263 6289/1435/263 6259/1411/263
f 6288/1434/263 6259/1411/263 6285/1431/263
f 6290/1432/263 6291/1433/263 6292/1435/263
f 6290/1432/263 6292/1435/263 6293/1434/263
f 6294/1166/297 6295/1437/297 6296/1436/297
f 6294/1166/297 6296/1436/297 6297/1209/297
f 6298/1167/297 6299/1429/297 6300/1437/297
f 6298/1167/297 6300/1437/297 6301/1166/297
s 1
f 6302/1208/348 6303/1438/348 6304/1430/348
f 6302/1208/348 6304/1430/348 6305/1168/348
s 0
f 6306/1176/349 6307/1440/349 6308/1439/349
f 6306/1176/349 6308/1439/349 6309/1164/349
f 6310/1177/350 6311/1441/350 6312/1440/350
f 6310/1177/350 6312/1440/350 6313/1176/350
s 1
f 6314/1165/351 6315/1443/352 6316/1442/352
f 6314/1165/351 6316/1442/352 6317/1210/352
s 0
f 6318/1163/353 6319/1444/353 6320/1443/353
f 6318/1163/353 6320/1443/353 6321/1165/353
f 6322/1210/354 6323/1442/354 6324/1441/354
f 6322/1210/354 6324/1441/354 6325/1177/354
f 6326/1164/297 6327/1439/297 6328/1444/297
f 6326/1164/297 6328/1444/297 6329/1163/297
f 6330/1162/281 6331/1446/281 6332/1445/281
f 6330/1162/281 6332/1445/281 6333/1161/281
f 6334/1160/355 6335/1447/355 6336/1446/355
f 6334/1160/355 6336/1446/355 6337/1162/355
f 6338/1161/356 6339/1445/356 6340/1447/356
f 6338/1161/356 6340/1447/356 6341/1160/356
f 6342/1209/303 6343/1436/303 6344/1438/303
s 1
f 6342/1209/303 6344/1438/303 6345/1208/303
s 0
f 6346/1448/264 6347/1275/264 6348/1369/264
f 6346/1448/264 6348/1369/264 6349/1449/264
f 6350/1450/264 6351/1329/264 6352/1323/264
f 6350/1450/264 6352/1323/264 6353/1451/264
f 6354/1452/266 5988/1297/266 5983/1291/266
f 6354/1452/266 5983/1291/266 6355/1453/266
f 6356/1454/316 6357/1291/316 6358/1312/316
f 6356/1454/316 6358/1312/316 6359/1455/316
f 6360/1456/285 6361/1307/285 6362/1297/285
f 6360/1456/285 6362/1297/285 6363/1457/285
f 6364/1458/266 5982/1292/266 5989/1298/266
f 6364/1458/266 5989/1298/266 6365/1459/266
f 6355/1453/266 5983/1291/266 5982/1292/266
f 6355/1453/266 5982/1292/266 6364/1458/266
f 6365/1459/266 5989/1298/266 5988/1297/266
f 6365/1459/266 5988/1297/266 6354/1452/266
s 1
f 6366/1460/285 6367/1302/285 6368/1308/285
s 0
f 6366/1460/285 6368/1308/285 6369/1461/285
f 6370/1457/285 6371/1297/285 6372/1302/285
f 6370/1457/285 6372/1302/285 6373/1460/285
f 6374/1461/285 6375/1308/285 6376/1307/285
f 6374/1461/285 6376/1307/285 6377/1456/285
f 6378/1462/316 6379/1313/316 6380/1318/316
f 6378/1462/316 6380/1318/316 6381/1463/316
f 6382/1455/316 6383/1312/316 6384/1313/316
f 6382/1455/316 6384/1313/316 6385/1462/316
f 6386/1463/316 6387/1318/316 6388/1291/316
f 6386/1463/316 6388/1291/316 6389/1454/316
f 6390/1464/264 6391/1324/264 6392/1330/264
f 6390/1464/264 6392/1330/264 6393/1465/264
f 6394/1451/264 6027/1323/264 6026/1324/264
f 6394/1451/264 6026/1324/264 6395/1464/264
f 6396/1465/264 6033/1330/264 6032/1329/264
f 6396/1465/264 6032/1329/264 6397/1450/264
f 6398/1466/264 6183/1377/264 6189/1382/264
f 6398/1466/264 6189/1382/264 6399/1467/264
f 6400/1449/264 6154/1369/264 6183/1377/264
f 6400/1449/264 6183/1377/264 6398/1466/264
f 6399/1467/264 6189/1382/264 6188/1275/264
f 6399/1467/264 6188/1275/264 6401/1448/264
f 6402/1468/265 6403/1468/265 6404/1468/265
f 6403/1468/265 6402/1468/265 6405/1468/265
f 6405/1468/265 6402/1468/265 6406/1468/265
f 6407/1469/267 5267/1185/267 5266/1184/267
f 5267/1185/267 6407/1469/267 6408/1470/267
f 6408/1470/267 6407/1469/267 6409/1471/267
f 6410/1472/263 6411/1473/263 6412/1474/263
f 6411/1473/263 6410/1472/263 6413/1475/263
f 6413/1475/263 6410/1472/263 6414/1169/263
f 6413/1475/263 6414/1169/263 6415/1171/263
f 6416/1468/266 6417/1468/266 6418/1468/266
f 6417/1468/266 6416/1468/266 6419/1468/266
f 6419/1468/266 6416/1468/266 6420/1468/266
f 6421/1470/267 5835/1184/267 5834/1185/267
f 5835/1184/267 6421/1470/267 6422/1469/267
f 6422/1469/267 6421/1470/267 6423/1471/267
f 6424/1169/263 6425/1475/263 6426/1171/263
f 6425/1475/263 6424/1169/263 6411/1473/263
f 6411/1473/263 6424/1169/263 6427/1472/263
f 6411/1473/263 6427/1472/263 6412/1474/263
o GourmetFactory_Door_Placeable_0
v 0.500000 1.000004 13.499999
v 1.000000 1.000004 13.499999
v 1.000000 3.000004 13.499998
v 0.500000 3.000004 13.499998
v -0.400000 2.900004 13.499998
v -0.400000 1.100004 13.499999
v -0.100000 1.100004 13.499999
v -0.100000 2.900004 13.499998
v 0.100000 1.100004 13.499999
v 0.400000 1.100004 13.499999
v 0.400000 2.900004 13.499998
v 0.100000 2.900004 13.499998
v -1.000000 3.000004 13.499998
v -1.000000 1.000004 13.499999
v -0.500000 1.000004 13.499999
v -0.500000 3.000004 13.499998
v -0.400000 1.100004 13.499999
v -0.400000 2.900004 13.499998
v -0.000000 1.000004 13.499999
v -0.100000 1.100004 13.499999
v -0.040000 1.096573 13.499999
v -0.040000 2.903435 13.499998
v -0.060000 2.883435 13.499998
v -0.060000 1.116572 13.499999
v -0.000000 3.000004 13.499998
v -0.100000 2.900004 13.499998
v 0.400000 1.100004 13.499999
v 0.100000 1.100004 13.499999
v 0.400000 2.900004 13.499998
v 0.100000 2.900004 13.499998
v 0.040000 2.903435 13.499998
v 0.040000 1.096573 13.499999
v 0.060000 1.116572 13.499999
v 0.060000 2.883435 13.499998
v -0.000000 1.000004 13.499999
v -0.000000 3.000004 13.499998
v -0.040000 2.903435 13.499998
v -0.040000 1.096573 13.499999
v -0.000000 3.000004 13.499998
v -0.100000 2.900004 13.499998
v -0.060000 2.883435 13.499998
v -0.040000 2.903435 13.499998
v -0.060000 1.116572 13.499999
v -0.060000 2.883435 13.499998
v -0.040000 1.096573 13.499999
v -0.000000 3.000004 13.499998
v -0.000000 1.000004 13.499999
v 0.040000 1.096573 13.499999
v 0.040000 2.903435 13.499998
v 0.060000 1.116572 13.499999
v 0.040000 1.096573 13.499999
v 0.100000 1.100004 13.499999
v 0.100000 2.900004 13.499998
v 0.060000 2.883435 13.499998
v 0.060000 1.116572 13.499999
v 0.040000 2.903435 13.499998
v 0.060000 2.883435 13.499998
vn -0.0000 -0.0000 1.0000
vn 0.0001 -0.0000 1.0000
vn -0.0001 -0.0000 1.0000
vt 0.389382 0.213672
vt 0.389382 0.214844
vt 0.764382 0.211562
vt 0.764383 0.211563
vt 0.764382 0.212266
vt 0.764383 0.212734
vt 0.764383 0.213437
vt 0.764382 0.213438
vt 0.764382 0.212734
vt 0.389382 0.210156
vt 0.389382 0.211328
vt 0.389383 0.211563
vt 0.389382 0.211562
vt 0.389382 0.212500
vt 0.389382 0.212266
vt 0.889382 0.962406
vt 0.889382 0.962406
vt 0.889383 0.962359
vt 0.889382 0.962359
vt 0.389383 0.213437
vt 0.389383 0.212734
vt 0.389382 0.213438
vt 0.389382 0.212734
vt 0.889382 0.962594
vt 0.889383 0.962594
vt 0.889382 0.962641
vt 0.889382 0.962641
vt 0.389382 0.212406
vt 0.389382 0.212406
vt 0.389383 0.212359
vt 0.389382 0.212359
vt 0.389383 0.212594
vt 0.389382 0.212594
vt 0.389382 0.212641
vt 0.389382 0.212641
s 0
usemtl Placeable
f 6428/1476/357 6429/1477/357 6430/1477/357
f 6428/1476/357 6430/1477/357 6431/1476/357
f 6432/1478/357 6433/1479/357 6434/1480/357
f 6432/1478/357 6434/1480/357 6435/1480/357
f 6436/1481/357 6437/1482/357 6438/1483/357
f 6436/1481/357 6438/1483/357 6439/1484/357
f 6440/1485/357 6441/1485/357 6442/1486/357
f 6440/1485/357 6442/1486/357 6443/1486/357
f 6443/1486/357 6442/1486/357 6444/1487/357
f 6443/1486/357 6444/1487/357 6445/1488/357
f 6442/1486/357 6446/1489/357 6447/1490/357
f 6442/1486/357 6447/1490/357 6444/1487/357
f 6448/1491/357 6449/1492/357 6450/1493/357
f 6448/1491/358 6450/1493/358 6451/1494/358
f 6452/1489/357 6443/1486/357 6445/1488/357
f 6452/1489/357 6445/1488/357 6453/1490/357
f 6446/1489/357 6428/1476/357 6454/1495/357
f 6446/1489/357 6454/1495/357 6455/1496/357
f 6428/1476/357 6431/1476/357 6456/1497/357
f 6428/1476/357 6456/1497/357 6454/1495/357
f 6431/1476/357 6452/1489/357 6457/1498/357
f 6431/1476/357 6457/1498/357 6456/1497/357
f 6458/1499/357 6459/1500/357 6460/1501/357
f 6458/1499/359 6460/1501/359 6461/1502/359
f 6462/1489/357 6463/1489/357 6464/1503/357
f 6462/1489/357 6464/1503/357 6465/1504/357
f 6466/1489/357 6467/1490/357 6468/1505/357
f 6466/1489/357 6468/1505/357 6469/1503/357
f 6453/1490/357 6447/1490/357 6470/1506/357
f 6453/1490/357 6470/1506/357 6471/1505/357
f 6447/1490/357 6446/1489/357 6472/1504/357
f 6447/1490/357 6472/1504/357 6470/1506/357
f 6473/1489/357 6474/1489/357 6475/1507/357
f 6473/1489/359 6475/1507/359 6476/1508/359
f 6446/1489/357 6455/1496/357 6477/1509/357
f 6446/1489/357 6477/1509/357 6478/1507/357
f 6479/1496/357 6480/1498/357 6481/1510/357
f 6479/1496/357 6481/1510/357 6482/1509/357
f 6457/1498/357 6452/1489/357 6483/1508/357
f 6457/1498/357 6483/1508/357 6484/1510/357
o GourmetFactory_Parts_Placeable_0
v 12.116563 12.375639 4.175968
v 11.939788 12.250174 3.999191
v 12.116563 12.375639 4.000968
v 11.937882 12.750174 3.999191
v 12.114658 12.625639 4.175968
v 12.114658 12.625639 4.000968
v 6.869502 12.625303 4.175968
v 7.046279 12.750174 3.999191
v 6.869502 12.625303 4.000968
v 7.046279 12.250174 3.999191
v 6.869502 12.375303 4.175968
v 6.869502 12.375303 4.000968
v 12.116563 8.375641 4.175969
v 11.939788 8.250175 3.999192
v 12.116563 8.375641 4.000969
v 11.937882 8.750175 3.999192
v 12.114658 8.625641 4.175969
v 12.114658 8.625641 4.000969
v 6.869502 8.625304 4.175969
v 7.046279 8.750175 3.999192
v 6.869502 8.625304 4.000969
v 7.046279 8.250175 3.999192
v 6.869502 8.375304 4.175969
v 6.869502 8.375304 4.000969
v 12.116563 10.375641 4.175968
v 11.939788 10.250175 3.999192
v 12.116563 10.375641 4.000968
v 11.937882 10.750175 3.999191
v 12.114658 10.625641 4.175968
v 12.114658 10.625641 4.000968
v 6.869502 10.625304 4.175968
v 7.046279 10.750175 3.999191
v 6.869502 10.625304 4.000968
v 7.046279 10.250175 3.999192
v 6.869502 10.375304 4.175968
v 6.869502 10.375304 4.000968
v 12.116563 6.375642 4.175970
v 11.939788 6.250175 3.999193
v 12.116563 6.375642 4.000969
v 11.937882 6.750175 3.999192
v 12.114658 6.625642 4.175970
v 12.114658 6.625642 4.000969
v 6.869502 6.625305 4.175970
v 7.046279 6.750175 3.999192
v 6.869502 6.625305 4.000969
v 7.046279 6.250175 3.999193
v 6.869502 6.375305 4.175970
v 6.869502 6.375305 4.000969
v 12.116563 14.375639 4.175967
v 11.939788 14.250173 3.999190
v 12.116563 14.375639 4.000967
v 11.937882 14.750173 3.999190
v 12.114658 14.625639 4.175967
v 12.114658 14.625639 4.000967
v 6.869502 14.625302 4.175967
v 7.046279 14.750173 3.999190
v 6.869502 14.625302 4.000967
v 7.046279 14.250173 3.999190
v 6.869502 14.375302 4.175967
v 6.869502 14.375302 4.000967
v 12.116563 16.375641 4.175967
v 11.939788 16.250174 3.999190
v 12.116563 16.375641 4.000967
v 11.937882 16.750174 3.999190
v 12.114658 16.625641 4.175966
v 12.114658 16.625641 4.000966
v 6.869502 16.625303 4.175966
v 7.046279 16.750174 3.999190
v 6.869502 16.625303 4.000966
v 7.046279 16.250174 3.999190
v 6.869502 16.375303 4.175967
v 6.869502 16.375303 4.000967
v 12.116563 17.175972 3.624354
v 11.939788 16.999195 3.749820
v 12.116563 17.000973 3.624354
v 11.937882 16.999195 3.249820
v 12.114658 17.175972 3.374354
v 12.114658 17.000973 3.374354
v 7.069502 17.375973 3.374690
v 7.246279 17.199196 3.249820
v 7.069502 17.200974 3.374690
v 7.246279 17.199196 3.749820
v 7.069502 17.375973 3.624690
v 7.069502 17.200974 3.624690
v 12.116563 17.175970 1.624354
v 11.939788 16.999193 1.749820
v 12.116563 17.000971 1.624354
v 11.937882 16.999193 1.249820
v 12.114658 17.175970 1.374354
v 12.114658 17.000971 1.374354
v 7.069502 17.375971 1.374690
v 7.246279 17.199194 1.249820
v 7.069502 17.200972 1.374690
v 7.246279 17.199194 1.749820
v 7.069502 17.375971 1.624690
v 7.069502 17.200972 1.624690
v 12.116563 17.175970 -0.375646
v 11.939788 16.999193 -0.250180
v 12.116563 17.000971 -0.375646
v 11.937882 16.999193 -0.750180
v 12.114658 17.175970 -0.625646
v 12.114658 17.000971 -0.625646
v 7.069502 17.375971 -0.625310
v 7.246279 17.199194 -0.750180
v 7.069502 17.200972 -0.625310
v 7.246279 17.199194 -0.250180
v 7.069502 17.375971 -0.375310
v 7.069502 17.200972 -0.375310
v 12.116563 17.175970 -2.375646
v 11.939788 16.999193 -2.250180
v 12.116563 17.000971 -2.375646
v 11.937882 16.999193 -2.750180
v 12.114658 17.175970 -2.625646
v 12.114658 17.000971 -2.625646
v 7.069502 17.375971 -2.625309
v 7.246279 17.199194 -2.750180
v 7.069502 17.200972 -2.625309
v 7.246279 17.199194 -2.250180
v 7.069502 17.375971 -2.375309
v 7.069502 17.200972 -2.375309
v 12.116563 17.175968 -4.375646
v 11.939788 16.999191 -4.250179
v 12.116563 17.000969 -4.375646
v 11.937882 16.999191 -4.750179
v 12.114658 17.175968 -4.625646
v 12.114658 17.000969 -4.625646
v 7.069502 17.375969 -4.625309
v 7.246279 17.199192 -4.750179
v 7.069502 17.200970 -4.625309
v 7.246279 17.199192 -4.250179
v 7.069502 17.375969 -4.375309
v 7.069502 17.200970 -4.375309
v 11.616563 17.175968 -6.375646
v 11.439788 16.999191 -6.250179
v 11.616563 17.000969 -6.375646
v 11.437882 16.999191 -6.750179
v 11.614658 17.175968 -6.625646
v 11.614658 17.000969 -6.625646
v 7.069502 17.375969 -6.625309
v 7.246279 17.199192 -6.750179
v 7.069502 17.200970 -6.625309
v 7.246279 17.199192 -6.250179
v 7.069502 17.375969 -6.375309
v 7.069502 17.200970 -6.375309
v 10.316563 17.175968 -8.375645
v 10.139788 16.999191 -8.250178
v 10.316563 17.000969 -8.375645
v 10.137882 16.999191 -8.750178
v 10.314658 17.175968 -8.625645
v 10.314658 17.000969 -8.625645
v 7.069502 17.375969 -8.625309
v 7.246279 17.199192 -8.750178
v 7.069502 17.200970 -8.625308
v 7.246279 17.199192 -8.250178
v 7.069502 17.375969 -8.375309
v 7.069502 17.200970 -8.375308
v 9.016562 17.175966 -10.375645
v 8.839787 16.999189 -10.250178
v 9.016562 17.000967 -10.375645
v 8.837882 16.999189 -10.750178
v 9.014658 17.175966 -10.625645
v 9.014658 17.000967 -10.625645
v 7.069502 17.375967 -10.625309
v 7.246279 17.199190 -10.750178
v 7.069502 17.200968 -10.625308
v 7.246279 17.199190 -10.250178
v 7.069502 17.375967 -10.375309
v 7.069502 17.200968 -10.375308
v 4.178680 16.375641 6.176772
v 4.001905 16.250174 5.999995
v 4.178680 16.375641 6.001772
v 4.000000 16.750174 5.999994
v 4.176776 16.625641 6.176772
v 4.176776 16.625641 6.001771
v 4.178680 14.375642 6.176773
v 4.001905 14.250175 5.999995
v 4.178680 14.375642 6.001772
v 4.000000 14.750175 5.999995
v 4.176776 14.625642 6.176773
v 4.176776 14.625642 6.001772
v 4.178680 12.375642 6.176773
v 4.001905 12.250175 5.999996
v 4.178680 12.375642 6.001773
v 4.000000 12.750175 5.999996
v 4.176776 12.625642 6.176773
v 4.176776 12.625642 6.001773
v 4.178680 10.375642 6.176774
v 4.001905 10.250175 5.999996
v 4.178680 10.375642 6.001773
v 4.000000 10.750175 5.999996
v 4.176776 10.625642 6.176774
v 4.176776 10.625642 6.001773
v 4.178680 8.375642 6.176775
v 4.001905 8.250175 5.999997
v 4.178680 8.375642 6.001774
v 4.000000 8.750175 5.999997
v 4.176776 8.625642 6.176775
v 4.176776 8.625642 6.001774
v 4.178680 18.375641 6.176771
v 4.001905 18.250174 5.999994
v 4.178680 18.375641 6.001771
v 4.000000 18.750174 5.999994
v 4.176776 18.625641 6.176771
v 4.176776 18.625641 6.001771
v 4.178680 20.375641 6.176771
v 4.001905 20.250174 5.999993
v 4.178680 20.375641 6.001770
v 4.000000 20.750174 5.999993
v 4.176776 20.625641 6.176771
v 4.176776 20.625641 6.001770
v 2.512014 22.375641 6.176770
v 2.335239 22.250174 5.999993
v 2.512014 22.375641 6.001770
v 2.333333 22.750174 5.999993
v 2.510109 22.625641 6.176770
v 2.510109 22.625641 6.001770
v -12.116563 12.375639 4.175968
v -12.116563 12.375639 4.000968
v -11.939788 12.250174 3.999191
v -11.937882 12.750174 3.999191
v -12.114658 12.625639 4.000968
v -12.114658 12.625639 4.175968
v -6.869502 12.625303 4.175968
v -6.869502 12.625303 4.000968
v -7.046279 12.750174 3.999191
v -7.046279 12.250174 3.999191
v -6.869502 12.375303 4.000968
v -6.869502 12.375303 4.175968
v -12.116563 8.375641 4.175969
v -12.116563 8.375641 4.000969
v -11.939788 8.250175 3.999192
v -11.937882 8.750175 3.999192
v -12.114658 8.625641 4.000969
v -12.114658 8.625641 4.175969
v -6.869502 8.625304 4.175969
v -6.869502 8.625304 4.000969
v -7.046279 8.750175 3.999192
v -7.046279 8.250175 3.999192
v -6.869502 8.375304 4.000969
v -6.869502 8.375304 4.175969
v -12.116563 10.375641 4.175968
v -12.116563 10.375641 4.000968
v -11.939788 10.250175 3.999192
v -11.937882 10.750175 3.999191
v -12.114658 10.625641 4.000968
v -12.114658 10.625641 4.175968
v -6.869502 10.625304 4.175968
v -6.869502 10.625304 4.000968
v -7.046279 10.750175 3.999191
v -7.046279 10.250175 3.999192
v -6.869502 10.375304 4.000968
v -6.869502 10.375304 4.175968
v -12.116563 6.375642 4.175970
v -12.116563 6.375642 4.000969
v -11.939788 6.250175 3.999193
v -11.937882 6.750175 3.999192
v -12.114658 6.625642 4.000969
v -12.114658 6.625642 4.175970
v -6.869502 6.625305 4.175970
v -6.869502 6.625305 4.000969
v -7.046279 6.750175 3.999192
v -7.046279 6.250175 3.999193
v -6.869502 6.375305 4.000969
v -6.869502 6.375305 4.175970
v -12.116563 14.375639 4.175967
v -12.116563 14.375639 4.000967
v -11.939788 14.250173 3.999190
v -11.937882 14.750173 3.999190
v -12.114658 14.625639 4.000967
v -12.114658 14.625639 4.175967
v -6.869502 14.625302 4.175967
v -6.869502 14.625302 4.000967
v -7.046279 14.750173 3.999190
v -7.046279 14.250173 3.999190
v -6.869502 14.375302 4.000967
v -6.869502 14.375302 4.175967
v -12.116563 16.375641 4.175967
v -12.116563 16.375641 4.000967
v -11.939788 16.250174 3.999190
v -11.937882 16.750174 3.999190
v -12.114658 16.625641 4.000966
v -12.114658 16.625641 4.175966
v -6.869502 16.625303 4.175966
v -6.869502 16.625303 4.000966
v -7.046279 16.750174 3.999190
v -7.046279 16.250174 3.999190
v -6.869502 16.375303 4.000967
v -6.869502 16.375303 4.175967
v -12.116563 17.175972 3.624354
v -12.116563 17.000973 3.624354
v -11.939788 16.999195 3.749820
v -11.937882 16.999195 3.249820
v -12.114658 17.000973 3.374354
v -12.114658 17.175972 3.374354
v -7.069502 17.375973 3.374690
v -7.069502 17.200974 3.374690
v -7.246279 17.199196 3.249820
v -7.246279 17.199196 3.749820
v -7.069502 17.200974 3.624690
v -7.069502 17.375973 3.624690
v -12.116563 17.175970 1.624354
v -12.116563 17.000971 1.624354
v -11.939788 16.999193 1.749820
v -11.937882 16.999193 1.249820
v -12.114658 17.000971 1.374354
v -12.114658 17.175970 1.374354
v -7.069502 17.375971 1.374690
v -7.069502 17.200972 1.374690
v -7.246279 17.199194 1.249820
v -7.246279 17.199194 1.749820
v -7.069502 17.200972 1.624690
v -7.069502 17.375971 1.624690
v -12.116563 17.175970 -0.375646
v -12.116563 17.000971 -0.375646
v -11.939788 16.999193 -0.250180
v -11.937882 16.999193 -0.750180
v -12.114658 17.000971 -0.625646
v -12.114658 17.175970 -0.625646
v -7.069502 17.375971 -0.625310
v -7.069502 17.200972 -0.625310
v -7.246279 17.199194 -0.750180
v -7.246279 17.199194 -0.250180
v -7.069502 17.200972 -0.375310
v -7.069502 17.375971 -0.375310
v -12.116563 17.175970 -2.375646
v -12.116563 17.000971 -2.375646
v -11.939788 16.999193 -2.250180
v -11.937882 16.999193 -2.750180
v -12.114658 17.000971 -2.625646
v -12.114658 17.175970 -2.625646
v -7.069502 17.375971 -2.625309
v -7.069502 17.200972 -2.625309
v -7.246279 17.199194 -2.750180
v -7.246279 17.199194 -2.250180
v -7.069502 17.200972 -2.375309
v -7.069502 17.375971 -2.375309
v -12.116563 17.175968 -4.375646
v -12.116563 17.000969 -4.375646
v -11.939788 16.999191 -4.250179
v -11.937882 16.999191 -4.750179
v -12.114658 17.000969 -4.625646
v -12.114658 17.175968 -4.625646
v -7.069502 17.375969 -4.625309
v -7.069502 17.200970 -4.625309
v -7.246279 17.199192 -4.750179
v -7.246279 17.199192 -4.250179
v -7.069502 17.200970 -4.375309
v -7.069502 17.375969 -4.375309
v -11.616563 17.175968 -6.375646
v -11.616563 17.000969 -6.375646
v -11.439788 16.999191 -6.250179
v -11.437882 16.999191 -6.750179
v -11.614658 17.000969 -6.625646
v -11.614658 17.175968 -6.625646
v -7.069502 17.375969 -6.625309
v -7.069502 17.200970 -6.625309
v -7.246279 17.199192 -6.750179
v -7.246279 17.199192 -6.250179
v -7.069502 17.200970 -6.375309
v -7.069502 17.375969 -6.375309
v -10.316563 17.175968 -8.375645
v -10.316563 17.000969 -8.375645
v -10.139788 16.999191 -8.250178
v -10.137882 16.999191 -8.750178
v -10.314658 17.000969 -8.625645
v -10.314658 17.175968 -8.625645
v -7.069502 17.375969 -8.625309
v -7.069502 17.200970 -8.625308
v -7.246279 17.199192 -8.750178
v -7.246279 17.199192 -8.250178
v -7.069502 17.200970 -8.375308
v -7.069502 17.375969 -8.375309
v -9.016562 17.175966 -10.375645
v -9.016562 17.000967 -10.375645
v -8.839787 16.999189 -10.250178
v -8.837882 16.999189 -10.750178
v -9.014658 17.000967 -10.625645
v -9.014658 17.175966 -10.625645
v -7.069502 17.375967 -10.625309
v -7.069502 17.200968 -10.625308
v -7.246279 17.199190 -10.750178
v -7.246279 17.199190 -10.250178
v -7.069502 17.200968 -10.375308
v -7.069502 17.375967 -10.375309
v -4.178680 16.375641 6.176772
v -4.178680 16.375641 6.001772
v -4.001905 16.250174 5.999995
v -4.000000 16.750174 5.999994
v -4.176776 16.625641 6.001771
v -4.176776 16.625641 6.176772
v -4.178680 14.375642 6.176773
v -4.178680 14.375642 6.001772
v -4.001905 14.250175 5.999995
v -4.000000 14.750175 5.999995
v -4.176776 14.625642 6.001772
v -4.176776 14.625642 6.176773
v -4.178680 12.375642 6.176773
v -4.178680 12.375642 6.001773
v -4.001905 12.250175 5.999996
v -4.000000 12.750175 5.999996
v -4.176776 12.625642 6.001773
v -4.176776 12.625642 6.176773
v -4.178680 10.375642 6.176774
v -4.178680 10.375642 6.001773
v -4.001905 10.250175 5.999996
v -4.000000 10.750175 5.999996
v -4.176776 10.625642 6.001773
v -4.176776 10.625642 6.176774
v -4.178680 8.375642 6.176775
v -4.178680 8.375642 6.001774
v -4.001905 8.250175 5.999997
v -4.000000 8.750175 5.999997
v -4.176776 8.625642 6.001774
v -4.176776 8.625642 6.176775
v -4.178680 18.375641 6.176771
v -4.178680 18.375641 6.001771
v -4.001905 18.250174 5.999994
v -4.000000 18.750174 5.999994
v -4.176776 18.625641 6.001771
v -4.176776 18.625641 6.176771
v -4.178680 20.375641 6.176771
v -4.178680 20.375641 6.001770
v -4.001905 20.250174 5.999993
v -4.000000 20.750174 5.999993
v -4.176776 20.625641 6.001770
v -4.176776 20.625641 6.176771
v -2.512014 22.375641 6.176770
v -2.512014 22.375641 6.001770
v -2.335239 22.250174 5.999993
v -2.333333 22.750174 5.999993
v -2.510109 22.625641 6.001770
v -2.510109 22.625641 6.176770
v 4.545441 23.171421 -17.399000
v 4.545441 22.571423 -17.399000
v 3.396447 22.571423 -16.250006
v 3.396447 23.171421 -16.250006
v 7.250000 22.571430 3.999993
v 7.250000 22.571428 1.999993
v 7.250000 23.171427 1.999993
v 7.250000 23.171429 3.999993
v 7.250000 22.571430 6.603546
v 7.250000 22.571430 5.999993
v 7.250000 23.171429 5.999992
v 7.250000 23.171429 6.603546
v 7.250000 22.571424 -13.071705
v 4.545441 22.571423 -17.399000
v 4.545441 23.171421 -17.399000
v 7.250000 23.171423 -13.071705
v 7.250000 22.571424 -13.071705
v 7.250000 23.171423 -13.071705
v 3.396447 22.571423 -16.250006
v 0.000000 22.571423 -16.250006
v 0.000000 23.171421 -16.250006
v 3.396447 23.171421 -16.250006
v 3.750000 23.171429 6.603546
v 3.750000 22.571430 6.603546
v 4.396447 22.571430 7.249993
v 4.396447 23.171429 7.249992
v 7.250000 22.571430 6.603546
v 7.250000 23.171429 6.603546
v 6.603553 23.171429 7.249992
v 6.603553 22.571430 7.249993
v 3.500000 22.571423 -16.000006
v 0.000000 22.571423 -16.000006
v 0.000000 22.571423 -16.250006
v 3.396447 22.571423 -16.250006
v 7.000000 22.571430 3.999993
v 7.000000 22.571428 1.999993
v 7.250000 22.571428 1.999993
v 7.250000 22.571430 3.999993
v 4.000000 22.571430 5.999993
v 4.000000 22.571430 6.499993
v 3.750000 22.571430 6.603546
v 3.750000 22.571430 5.999993
v 7.000000 22.571424 -13.000006
v 4.500000 22.571423 -17.000006
v 4.545441 22.571423 -17.399000
v 7.250000 22.571424 -13.071705
v 6.500000 23.171429 6.999992
v 4.500000 23.171429 6.999992
v 4.396447 23.171429 7.249992
v 6.603553 23.171429 7.249992
v 3.500000 23.171421 -16.000006
v 4.500000 23.171421 -17.000006
v 4.545441 23.171421 -17.399000
v 3.396447 23.171421 -16.250006
v 7.000000 22.571428 1.999993
v 7.000000 22.571424 -13.000006
v 7.250000 22.571424 -13.071705
v 7.250000 22.571428 1.999993
v 7.000000 23.171429 5.999992
v 7.000000 23.171429 6.499992
v 7.250000 23.171429 6.603546
v 7.250000 23.171429 5.999992
v 0.000000 23.171421 -16.000006
v 3.500000 23.171421 -16.000006
v 3.396447 23.171421 -16.250006
v 0.000000 23.171421 -16.250006
v 7.000000 22.571430 5.999993
v 7.250000 22.571430 5.999993
v 4.000000 23.171429 6.499992
v 4.000000 23.171429 5.999992
v 3.750000 23.171429 5.999992
v 3.750000 23.171429 6.603546
v 4.500000 23.171429 6.999992
v 4.000000 23.171429 6.499992
v 3.750000 23.171429 6.603546
v 4.396447 23.171429 7.249992
v 6.500000 23.171429 6.999992
v 6.603553 23.171429 7.249992
v 5.500000 22.571430 6.999993
v 6.000000 22.571430 6.999993
v 6.000000 22.571430 7.249993
v 5.500000 22.571430 7.249993
v 7.000000 23.171423 -13.000006
v 7.000000 23.171427 1.999993
v 7.250000 23.171427 1.999993
v 7.250000 23.171423 -13.071705
v 6.500000 22.571430 6.999993
v 6.603553 22.571430 7.249993
v 4.500000 22.571430 6.999993
v 4.396447 22.571430 7.249993
v 7.000000 23.171423 -13.000006
v 7.250000 23.171423 -13.071705
v 5.000000 22.571430 6.999993
v 5.000000 22.571430 7.249993
v 7.000000 23.171429 3.999993
v 7.250000 23.171429 3.999993
v 6.500000 22.571430 6.999993
v 7.000000 22.571430 6.499993
v 7.250000 22.571430 6.603546
v 6.603553 22.571430 7.249993
v 7.000000 23.171427 1.999993
v 7.250000 23.171427 1.999993
v 3.500000 22.571423 -16.000006
v 3.396447 22.571423 -16.250006
v 4.500000 22.571430 6.999993
v 4.396447 22.571430 7.249993
v 7.000000 22.571430 6.499993
v 7.250000 22.571430 6.603546
v 4.545441 22.171421 -17.399000
v 4.545441 21.571423 -17.398998
v 3.396447 21.571423 -16.250004
v 3.396447 22.171421 -16.250006
v 7.250000 21.571430 3.999993
v 7.250000 21.571428 1.999993
v 7.250000 22.171427 1.999993
v 7.250000 22.171429 3.999993
v 7.250000 21.571430 6.603546
v 7.250000 21.571430 5.999993
v 7.250000 22.171429 5.999993
v 7.250000 22.171429 6.603546
v 7.250000 21.571424 -13.071705
v 4.545441 21.571423 -17.398998
v 4.545441 22.171421 -17.399000
v 7.250000 22.171423 -13.071705
v 7.250000 21.571424 -13.071705
v 7.250000 22.171423 -13.071705
v 3.396447 21.571423 -16.250004
v 0.000000 21.571423 -16.250004
v 0.000000 22.171421 -16.250006
v 3.396447 22.171421 -16.250006
v 3.750000 22.171429 6.603546
v 3.750000 21.571430 6.603546
v 4.396447 21.571430 7.249993
v 4.396447 22.171429 7.249993
v 7.250000 21.571430 6.603546
v 7.250000 22.171429 6.603546
v 6.603553 22.171429 7.249993
v 6.603553 21.571430 7.249993
v 3.500000 21.571423 -16.000006
v 0.000000 21.571423 -16.000006
v 0.000000 21.571423 -16.250004
v 3.396447 21.571423 -16.250004
v 7.000000 21.571430 3.999993
v 7.000000 21.571428 1.999993
v 7.250000 21.571428 1.999993
v 7.250000 21.571430 3.999993
v 4.000000 21.571430 5.999993
v 4.000000 21.571430 6.499993
v 3.750000 21.571430 6.603546
v 3.750000 21.571430 5.999993
v 7.000000 21.571424 -13.000006
v 4.500000 21.571423 -17.000004
v 4.545441 21.571423 -17.398998
v 7.250000 21.571424 -13.071705
v 6.500000 22.171429 6.999993
v 4.500000 22.171429 6.999993
v 4.396447 22.171429 7.249993
v 6.603553 22.171429 7.249993
v 3.500000 22.171421 -16.000006
v 4.500000 22.171421 -17.000006
v 4.545441 22.171421 -17.399000
v 3.396447 22.171421 -16.250006
v 7.000000 22.171429 5.999993
v 7.000000 22.171429 6.499993
v 7.250000 22.171429 6.603546
v 7.250000 22.171429 5.999993
v 0.000000 22.171421 -16.000006
v 3.500000 22.171421 -16.000006
v 3.396447 22.171421 -16.250006
v 0.000000 22.171421 -16.250006
v 7.000000 21.571430 5.999993
v 7.250000 21.571430 5.999993
v 4.000000 22.171429 6.499993
v 4.000000 22.171429 5.999993
v 3.750000 22.171429 5.999993
v 3.750000 22.171429 6.603546
v 4.500000 22.171429 6.999993
v 4.000000 22.171429 6.499993
v 3.750000 22.171429 6.603546
v 4.396447 22.171429 7.249993
v 6.500000 22.171429 6.999993
v 6.603553 22.171429 7.249993
v 5.500000 21.571430 6.999993
v 6.000000 21.571430 6.999993
v 6.000000 21.571430 7.249993
v 5.500000 21.571430 7.249993
v 7.000000 22.171423 -13.000006
v 7.000000 22.171427 1.999993
v 7.250000 22.171427 1.999993
v 7.250000 22.171423 -13.071705
v 6.500000 21.571430 6.999993
v 6.603553 21.571430 7.249993
v 4.000000 21.571430 6.499993
v 4.500000 21.571430 6.999993
v 4.396447 21.571430 7.249993
v 3.750000 21.571430 6.603546
v 4.500000 22.171421 -17.000006
v 7.000000 22.171423 -13.000006
v 7.250000 22.171423 -13.071705
v 4.545441 22.171421 -17.399000
v 5.000000 21.571430 6.999993
v 5.000000 21.571430 7.249993
v 7.000000 22.171429 3.999993
v 7.250000 22.171429 3.999993
v 6.500000 21.571430 6.999993
v 7.000000 21.571430 6.499993
v 7.250000 21.571430 6.603546
v 6.603553 21.571430 7.249993
v 3.500000 21.571423 -16.000006
v 3.396447 21.571423 -16.250004
v 4.500000 21.571430 6.999993
v 4.396447 21.571430 7.249993
v 7.000000 21.571430 6.499993
v 7.000000 21.571430 5.999993
v 7.250000 21.571430 5.999993
v 7.250000 21.571430 6.603546
v 14.707107 0.009998 -5.292893
v 14.707107 2.999998 -5.292894
v 14.000000 2.999998 -5.000000
v 14.000000 0.009998 -5.000000
v 14.000000 0.010000 -1.000000
v 14.000000 3.000000 -1.000001
v 14.707107 3.000000 -0.707108
v 14.707107 0.010000 -0.707107
v 13.292893 0.009999 -2.292893
v 13.292893 2.999999 -2.292894
v 13.000000 2.999999 -3.000001
v 13.000000 0.009999 -3.000000
v 14.707107 0.010000 -0.707107
v 14.707107 3.000000 -0.707108
v 15.000000 3.000000 -0.000001
v 15.000000 0.010000 0.000000
v 13.292893 0.009998 -5.292893
v 13.292893 2.999998 -5.292894
v 13.000000 2.999998 -6.000000
v 13.000000 0.009998 -6.000000
v 14.000000 0.009999 -2.000000
v 14.000000 2.999999 -2.000001
v 13.292893 2.999999 -2.292894
v 13.292893 0.009999 -2.292893
v 15.000000 0.010000 0.000000
v 15.000000 3.000000 -0.000001
v 14.707107 3.000000 0.707106
v 14.707107 0.010000 0.707107
v 14.707107 0.009999 -2.292893
v 14.707107 2.999999 -2.292894
v 14.000000 2.999999 -2.000001
v 14.000000 0.009999 -2.000000
v 14.707107 0.010000 0.707107
v 14.707107 3.000000 0.707106
v 14.000000 3.000000 0.999999
v 14.000000 0.010000 1.000000
v 15.000000 0.009999 -3.000000
v 15.000000 2.999999 -3.000001
v 14.707107 2.999999 -2.292894
v 14.707107 0.009999 -2.292893
v 14.000000 0.010000 1.000000
v 14.000000 3.000000 0.999999
v 13.292893 3.000000 0.707106
v 13.292893 0.010000 0.707107
v 13.292893 0.009999 -3.707106
v 13.292893 2.999999 -3.707107
v 14.000000 2.999999 -4.000000
v 14.000000 0.009999 -4.000000
v 14.707107 0.009999 -3.707107
v 14.707107 2.999999 -3.707108
v 15.000000 2.999999 -3.000001
v 15.000000 0.009999 -3.000000
v 13.292893 0.010000 0.707107
v 13.292893 3.000000 0.707106
v 13.000000 3.000000 -0.000001
v 13.000000 0.010000 -0.000000
v 14.000000 0.009999 -4.000000
v 14.000000 2.999999 -4.000000
v 14.707107 2.999999 -3.707108
v 14.707107 0.009999 -3.707107
v 13.000000 0.010000 -0.000000
v 13.000000 3.000000 -0.000001
v 13.292893 3.000000 -0.707108
v 13.292893 0.010000 -0.707107
v 14.000000 0.009998 -5.000000
v 14.000000 2.999998 -5.000000
v 13.292893 2.999998 -5.292894
v 13.292893 0.009998 -5.292893
v 13.000000 0.009999 -3.000000
v 13.000000 2.999999 -3.000001
v 13.292893 2.999999 -3.707107
v 13.292893 0.009999 -3.707106
v 13.292893 0.010000 -0.707107
v 13.292893 3.000000 -0.707108
v 14.000000 3.000000 -1.000001
v 14.000000 0.010000 -1.000000
v 15.000000 0.009998 -6.000000
v 15.000000 2.999998 -6.000000
v 14.707107 2.999998 -5.292894
v 14.707107 0.009998 -5.292893
v 13.292893 0.009998 -6.707106
v 13.292893 2.999998 -6.707107
v 14.000000 2.999998 -7.000000
v 14.000000 0.009998 -7.000000
v 14.707107 0.009998 -6.707106
v 14.707107 2.999998 -6.707107
v 15.000000 2.999998 -6.000000
v 15.000000 0.009998 -6.000000
v 14.000000 0.009998 -7.000000
v 14.000000 2.999998 -7.000000
v 14.707107 2.999998 -6.707107
v 14.707107 0.009998 -6.707106
v 13.000000 0.009998 -6.000000
v 13.000000 2.999998 -6.000000
v 13.292893 2.999998 -6.707107
v 13.292893 0.009998 -6.707106
v 14.000000 3.249999 -2.270599
v 13.484235 3.249999 -2.484236
v 13.292893 2.999999 -2.292894
v 14.000000 2.999999 -2.000001
v 14.000000 3.250000 -0.729403
v 14.515765 3.250000 -0.515766
v 14.707107 3.000000 -0.707108
v 14.000000 3.000000 -1.000001
v 14.515765 3.249999 -3.515766
v 14.729402 3.249999 -3.000001
v 15.000000 2.999999 -3.000001
v 14.707107 2.999999 -3.707108
v 14.515765 3.250000 -0.515766
v 14.729402 3.250000 -0.000001
v 15.000000 3.000000 -0.000001
v 14.707107 3.000000 -0.707108
v 14.729402 3.250000 -0.000001
v 14.515765 3.250000 0.515764
v 14.707107 3.000000 0.707106
v 15.000000 3.000000 -0.000001
v 14.515765 3.249999 -2.484236
v 14.000000 3.249999 -2.270599
v 14.000000 2.999999 -2.000001
v 14.707107 2.999999 -2.292894
v 14.515765 3.250000 0.515764
v 14.000000 3.250000 0.729401
v 14.000000 3.000000 0.999999
v 14.707107 3.000000 0.707106
v 14.000000 3.250000 0.729401
v 13.484235 3.250000 0.515764
v 13.292893 3.000000 0.707106
v 14.000000 3.000000 0.999999
v 14.000000 3.249999 -3.729403
v 14.515765 3.249999 -3.515766
v 14.707107 2.999999 -3.707108
v 14.000000 2.999999 -4.000000
v 13.484235 3.250000 0.515764
v 13.270598 3.250000 -0.000001
v 13.000000 3.000000 -0.000001
v 13.292893 3.000000 0.707106
v 14.729402 3.249999 -3.000001
v 14.515765 3.249999 -2.484236
v 14.707107 2.999999 -2.292894
v 15.000000 2.999999 -3.000001
v 13.270598 3.250000 -0.000001
v 13.484235 3.250000 -0.515766
v 13.292893 3.000000 -0.707108
v 13.000000 3.000000 -0.000001
v 13.484235 3.250000 -0.515766
v 14.000000 3.250000 -0.729403
v 14.000000 3.000000 -1.000001
v 13.292893 3.000000 -0.707108
v 13.484235 3.249999 -2.484236
v 13.270598 3.249999 -3.000001
v 13.000000 2.999999 -3.000001
v 13.292893 2.999999 -2.292894
v 13.270598 3.249999 -3.000001
v 13.484235 3.249999 -3.515766
v 13.292893 2.999999 -3.707107
v 13.000000 2.999999 -3.000001
v 13.484235 3.249999 -3.515766
v 14.000000 3.249999 -3.729403
v 14.000000 2.999999 -4.000000
v 13.292893 2.999999 -3.707107
v 14.000000 3.249998 -5.270598
v 13.484235 3.249998 -5.484236
v 13.292893 2.999998 -5.292894
v 14.000000 2.999998 -5.000000
v 14.515765 3.249998 -6.515765
v 14.729402 3.249998 -6.000000
v 15.000000 2.999998 -6.000000
v 14.707107 2.999998 -6.707107
v 14.515765 3.249998 -5.484236
v 14.000000 3.249998 -5.270598
v 14.000000 2.999998 -5.000000
v 14.707107 2.999998 -5.292894
v 14.000000 3.249998 -6.729403
v 14.515765 3.249998 -6.515765
v 14.707107 2.999998 -6.707107
v 14.000000 2.999998 -7.000000
v 14.729402 3.249998 -6.000000
v 14.515765 3.249998 -5.484236
v 14.707107 2.999998 -5.292894
v 15.000000 2.999998 -6.000000
v 13.484235 3.249998 -5.484236
v 13.270598 3.249998 -6.000000
v 13.000000 2.999998 -6.000000
v 13.292893 2.999998 -5.292894
v 13.270598 3.249998 -6.000000
v 13.484235 3.249998 -6.515765
v 13.292893 2.999998 -6.707107
v 13.000000 2.999998 -6.000000
v 13.484235 3.249998 -6.515765
v 14.000000 3.249998 -6.729403
v 14.000000 2.999998 -7.000000
v 13.292893 2.999998 -6.707107
v 14.000000 6.249999 -2.270600
v 13.484235 6.249999 -2.484237
v 13.484235 3.249999 -2.484236
v 14.000000 3.249999 -2.270599
v 14.000000 6.250000 -0.729404
v 14.515765 6.250000 -0.515767
v 14.515765 3.250000 -0.515766
v 14.000000 3.250000 -0.729403
v 14.515765 6.249999 -3.515767
v 14.729402 6.249999 -3.000002
v 14.729402 3.249999 -3.000001
v 14.515765 3.249999 -3.515766
v 14.515765 6.250000 -0.515767
v 14.729402 6.250000 -0.000002
v 14.729402 3.250000 -0.000001
v 14.515765 3.250000 -0.515766
v 14.729402 6.250000 -0.000002
v 14.515765 6.250000 0.515763
v 14.515765 3.250000 0.515764
v 14.729402 3.250000 -0.000001
v 14.515765 6.249999 -2.484236
v 14.000000 6.249999 -2.270600
v 14.000000 3.249999 -2.270599
v 14.515765 3.249999 -2.484236
v 14.515765 6.250000 0.515763
v 14.000000 6.250000 0.729400
v 14.000000 3.250000 0.729401
v 14.515765 3.250000 0.515764
v 14.000000 6.250000 0.729400
v 13.484235 6.250000 0.515763
v 13.484235 3.250000 0.515764
v 14.000000 3.250000 0.729401
v 14.000000 6.249999 -3.729403
v 14.515765 6.249999 -3.515767
v 14.515765 3.249999 -3.515766
v 14.000000 3.249999 -3.729403
v 13.484235 6.250000 0.515763
v 13.270598 6.250000 -0.000002
v 13.270598 3.250000 -0.000001
v 13.484235 3.250000 0.515764
v 14.729402 6.249999 -3.000002
v 14.515765 6.249999 -2.484236
v 14.515765 3.249999 -2.484236
v 14.729402 3.249999 -3.000001
v 13.270598 6.250000 -0.000002
v 13.484235 6.250000 -0.515767
v 13.484235 3.250000 -0.515766
v 13.270598 3.250000 -0.000001
v 13.484235 6.250000 -0.515767
v 14.000000 6.250000 -0.729404
v 14.000000 3.250000 -0.729403
v 13.484235 3.250000 -0.515766
v 13.484235 6.249999 -2.484237
v 13.270598 6.249999 -3.000002
v 13.270598 3.249999 -3.000001
v 13.484235 3.249999 -2.484236
v 13.270598 6.249999 -3.000002
v 13.484235 6.249999 -3.515767
v 13.484235 3.249999 -3.515766
v 13.270598 3.249999 -3.000001
v 13.484235 6.249999 -3.515767
v 14.000000 6.249999 -3.729403
v 14.000000 3.249999 -3.729403
v 13.484235 3.249999 -3.515766
v 14.000000 6.249998 -5.270599
v 13.484235 6.249998 -5.484237
v 13.484235 3.249998 -5.484236
v 14.000000 3.249998 -5.270598
v 14.515765 6.249998 -6.515766
v 14.729402 6.249998 -6.000001
v 14.729402 3.249998 -6.000000
v 14.515765 3.249998 -6.515765
v 14.515765 6.249998 -5.484237
v 14.000000 6.249998 -5.270599
v 14.000000 3.249998 -5.270598
v 14.515765 3.249998 -5.484236
v 14.000000 6.249998 -6.729403
v 14.515765 6.249998 -6.515766
v 14.515765 3.249998 -6.515765
v 14.000000 3.249998 -6.729403
v 14.729402 6.249998 -6.000001
v 14.515765 6.249998 -5.484237
v 14.515765 3.249998 -5.484236
v 14.729402 3.249998 -6.000000
v 13.484235 6.249998 -5.484237
v 13.270598 6.249998 -6.000001
v 13.270598 3.249998 -6.000000
v 13.484235 3.249998 -5.484236
v 13.270598 6.249998 -6.000001
v 13.484235 6.249998 -6.515766
v 13.484235 3.249998 -6.515765
v 13.270598 3.249998 -6.000000
v 13.484235 6.249998 -6.515766
v 14.000000 6.249998 -6.729403
v 14.000000 3.249998 -6.729403
v 13.484235 3.249998 -6.515765
v 14.000000 7.249999 -2.270600
v 13.484235 7.249999 -2.484237
v 13.484235 6.249999 -2.484237
v 14.000000 6.249999 -2.270600
v 14.000000 7.250000 -0.729404
v 14.515765 7.250000 -0.515767
v 14.515765 6.250000 -0.515767
v 14.000000 6.250000 -0.729404
v 14.515765 7.249999 -3.515767
v 14.729402 7.249999 -3.000002
v 14.729402 6.249999 -3.000002
v 14.515765 6.249999 -3.515767
v 14.515765 7.250000 -0.515767
v 14.729402 7.250000 -0.000002
v 14.729402 6.250000 -0.000002
v 14.515765 6.250000 -0.515767
v 14.729402 7.250000 -0.000002
v 14.515765 7.250000 0.515763
v 14.515765 6.250000 0.515763
v 14.729402 6.250000 -0.000002
v 14.515765 7.249999 -2.484237
v 14.000000 7.249999 -2.270600
v 14.000000 6.249999 -2.270600
v 14.515765 6.249999 -2.484236
v 14.515765 7.250000 0.515763
v 14.000000 7.250000 0.729400
v 14.000000 6.250000 0.729400
v 14.515765 6.250000 0.515763
v 14.000000 7.250000 0.729400
v 13.484235 7.250000 0.515763
v 13.484235 6.250000 0.515763
v 14.000000 6.250000 0.729400
v 14.000000 7.249999 -3.729404
v 14.515765 7.249999 -3.515767
v 14.515765 6.249999 -3.515767
v 14.000000 6.249999 -3.729403
v 13.484235 7.250000 0.515763
v 13.270598 7.250000 -0.000002
v 13.270598 6.250000 -0.000002
v 13.484235 6.250000 0.515763
v 14.729402 7.249999 -3.000002
v 14.515765 7.249999 -2.484237
v 14.515765 6.249999 -2.484236
v 14.729402 6.249999 -3.000002
v 13.270598 7.250000 -0.000002
v 13.484235 7.250000 -0.515767
v 13.484235 6.250000 -0.515767
v 13.270598 6.250000 -0.000002
v 13.484235 7.250000 -0.515767
v 14.000000 7.250000 -0.729404
v 14.000000 6.250000 -0.729404
v 13.484235 6.250000 -0.515767
v 13.484235 7.249999 -2.484237
v 13.270598 7.249999 -3.000002
v 13.270598 6.249999 -3.000002
v 13.484235 6.249999 -2.484237
v 13.270598 7.249999 -3.000002
v 13.484235 7.249999 -3.515767
v 13.484235 6.249999 -3.515767
v 13.270598 6.249999 -3.000002
v 13.484235 7.249999 -3.515767
v 14.000000 7.249999 -3.729404
v 14.000000 6.249999 -3.729403
v 13.484235 6.249999 -3.515767
v 14.000000 7.249998 -5.270600
v 13.484235 7.249998 -5.484237
v 13.484235 6.249998 -5.484237
v 14.000000 6.249998 -5.270599
v 14.515765 7.249998 -6.515767
v 14.729402 7.249998 -6.000002
v 14.729402 6.249998 -6.000001
v 14.515765 6.249998 -6.515766
v 14.515765 7.249998 -5.484237
v 14.000000 7.249998 -5.270600
v 14.000000 6.249998 -5.270599
v 14.515765 6.249998 -5.484237
v 14.000000 7.249998 -6.729404
v 14.515765 7.249998 -6.515767
v 14.515765 6.249998 -6.515766
v 14.000000 6.249998 -6.729403
v 14.729402 7.249998 -6.000002
v 14.515765 7.249998 -5.484237
v 14.515765 6.249998 -5.484237
v 14.729402 6.249998 -6.000001
v 13.484235 7.249998 -5.484237
v 13.270598 7.249998 -6.000002
v 13.270598 6.249998 -6.000001
v 13.484235 6.249998 -5.484237
v 13.270598 7.249998 -6.000002
v 13.484235 7.249998 -6.515767
v 13.484235 6.249998 -6.515766
v 13.270598 6.249998 -6.000001
v 13.484235 7.249998 -6.515767
v 14.000000 7.249998 -6.729404
v 14.000000 6.249998 -6.729403
v 13.484235 6.249998 -6.515766
v 14.000000 10.249998 -2.270601
v 13.484235 10.249998 -2.484238
v 13.484235 7.249999 -2.484237
v 14.000000 7.249999 -2.270600
v 14.000000 10.249999 -0.729405
v 14.515765 10.249999 -0.515768
v 14.515765 7.250000 -0.515767
v 14.000000 7.250000 -0.729404
v 14.515765 10.249998 -3.515768
v 14.729402 10.249998 -3.000003
v 14.729402 7.249999 -3.000002
v 14.515765 7.249999 -3.515767
v 14.515765 10.249999 -0.515768
v 14.729402 10.249999 -0.000003
v 14.729402 7.250000 -0.000002
v 14.515765 7.250000 -0.515767
v 14.729402 10.249999 -0.000003
v 14.515765 10.249999 0.515762
v 14.515765 7.250000 0.515763
v 14.729402 7.250000 -0.000002
v 14.515765 10.249998 -2.484238
v 14.000000 10.249998 -2.270601
v 14.000000 7.249999 -2.270600
v 14.515765 7.249999 -2.484237
v 14.515765 10.249999 0.515762
v 14.000000 10.249999 0.729399
v 14.000000 7.250000 0.729400
v 14.515765 7.250000 0.515763
v 14.000000 10.249999 0.729399
v 13.484235 10.249999 0.515762
v 13.484235 7.250000 0.515763
v 14.000000 7.250000 0.729400
v 14.000000 10.249998 -3.729405
v 14.515765 10.249998 -3.515768
v 14.515765 7.249999 -3.515767
v 14.000000 7.249999 -3.729404
v 13.484235 10.249999 0.515762
v 13.270598 10.249999 -0.000003
v 13.270598 7.250000 -0.000002
v 13.484235 7.250000 0.515763
v 14.729402 10.249998 -3.000003
v 14.515765 10.249998 -2.484238
v 14.515765 7.249999 -2.484237
v 14.729402 7.249999 -3.000002
v 13.270598 10.249999 -0.000003
v 13.484235 10.249999 -0.515768
v 13.484235 7.250000 -0.515767
v 13.270598 7.250000 -0.000002
v 13.484235 10.249999 -0.515768
v 14.000000 10.249999 -0.729405
v 14.000000 7.250000 -0.729404
v 13.484235 7.250000 -0.515767
v 13.484235 10.249998 -2.484238
v 13.270598 10.249998 -3.000003
v 13.270598 7.249999 -3.000002
v 13.484235 7.249999 -2.484237
v 13.270598 10.249998 -3.000003
v 13.484235 10.249998 -3.515768
v 13.484235 7.249999 -3.515767
v 13.270598 7.249999 -3.000002
v 13.484235 10.249998 -3.515768
v 14.000000 10.249998 -3.729405
v 14.000000 7.249999 -3.729404
v 13.484235 7.249999 -3.515767
v 14.000000 10.249997 -5.270601
v 13.484235 10.249997 -5.484238
v 13.484235 7.249998 -5.484237
v 14.000000 7.249998 -5.270600
v 14.515765 10.249997 -6.515768
v 14.729402 10.249997 -6.000003
v 14.729402 7.249998 -6.000002
v 14.515765 7.249998 -6.515767
v 14.515765 10.249997 -5.484238
v 14.000000 10.249997 -5.270601
v 14.000000 7.249998 -5.270600
v 14.515765 7.249998 -5.484237
v 14.000000 10.249997 -6.729405
v 14.515765 10.249997 -6.515768
v 14.515765 7.249998 -6.515767
v 14.000000 7.249998 -6.729404
v 14.729402 10.249997 -6.000003
v 14.515765 10.249997 -5.484238
v 14.515765 7.249998 -5.484237
v 14.729402 7.249998 -6.000002
v 13.484235 10.249997 -5.484238
v 13.270598 10.249997 -6.000003
v 13.270598 7.249998 -6.000002
v 13.484235 7.249998 -5.484237
v 13.270598 10.249997 -6.000003
v 13.484235 10.249997 -6.515768
v 13.484235 7.249998 -6.515767
v 13.270598 7.249998 -6.000002
v 13.484235 10.249997 -6.515768
v 14.000000 10.249997 -6.729405
v 14.000000 7.249998 -6.729404
v 13.484235 7.249998 -6.515767
v 13.999999 11.249998 -2.270601
v 13.484234 11.249998 -2.484238
v 13.484235 10.249998 -2.484238
v 14.000000 10.249998 -2.270601
v 14.000000 11.249999 -0.729405
v 14.515765 11.249999 -0.515768
v 14.515765 10.249999 -0.515768
v 14.000000 10.249999 -0.729405
v 14.515764 11.249998 -3.515768
v 14.729401 11.249998 -3.000003
v 14.729402 10.249998 -3.000003
v 14.515765 10.249998 -3.515768
v 14.515765 11.249999 -0.515768
v 14.729402 11.249999 -0.000003
v 14.729402 10.249999 -0.000003
v 14.515765 10.249999 -0.515768
v 14.729402 11.249999 -0.000003
v 14.515765 11.249999 0.515762
v 14.515765 10.249999 0.515762
v 14.729402 10.249999 -0.000003
v 14.515764 11.249998 -2.484238
v 13.999999 11.249998 -2.270601
v 14.000000 10.249998 -2.270601
v 14.515765 10.249998 -2.484238
v 14.515765 11.249999 0.515762
v 14.000000 11.249999 0.729398
v 14.000000 10.249999 0.729399
v 14.515765 10.249999 0.515762
v 14.000000 11.249999 0.729398
v 13.484235 11.249999 0.515761
v 13.484235 10.249999 0.515762
v 14.000000 10.249999 0.729399
v 13.999999 11.249998 -3.729405
v 14.515764 11.249998 -3.515768
v 14.515765 10.249998 -3.515768
v 14.000000 10.249998 -3.729405
v 13.484235 11.249999 0.515761
v 13.270598 11.249999 -0.000003
v 13.270598 10.249999 -0.000003
v 13.484235 10.249999 0.515762
v 14.729401 11.249998 -3.000003
v 14.515764 11.249998 -2.484238
v 14.515765 10.249998 -2.484238
v 14.729402 10.249998 -3.000003
v 13.270598 11.249999 -0.000003
v 13.484235 11.249999 -0.515768
v 13.484235 10.249999 -0.515768
v 13.270598 10.249999 -0.000003
v 13.484235 11.249999 -0.515768
v 14.000000 11.249999 -0.729405
v 14.000000 10.249999 -0.729405
v 13.484235 10.249999 -0.515768
v 13.484234 11.249998 -2.484238
v 13.270597 11.249998 -3.000003
v 13.270598 10.249998 -3.000003
v 13.484235 10.249998 -2.484238
v 13.270597 11.249998 -3.000003
v 13.484234 11.249998 -3.515768
v 13.484235 10.249998 -3.515768
v 13.270598 10.249998 -3.000003
v 13.484234 11.249998 -3.515768
v 13.999999 11.249998 -3.729405
v 14.000000 10.249998 -3.729405
v 13.484235 10.249998 -3.515768
v 14.000000 11.249997 -5.270601
v 13.484235 11.249997 -5.484238
v 13.484235 10.249997 -5.484238
v 14.000000 10.249997 -5.270601
v 14.515765 11.249997 -6.515768
v 14.729402 11.249997 -6.000003
v 14.729402 10.249997 -6.000003
v 14.515765 10.249997 -6.515768
v 14.515765 11.249997 -5.484238
v 14.000000 11.249997 -5.270601
v 14.000000 10.249997 -5.270601
v 14.515765 10.249997 -5.484238
v 14.000000 11.249997 -6.729405
v 14.515765 11.249997 -6.515768
v 14.515765 10.249997 -6.515768
v 14.000000 10.249997 -6.729405
v 14.729402 11.249997 -6.000003
v 14.515765 11.249997 -5.484238
v 14.515765 10.249997 -5.484238
v 14.729402 10.249997 -6.000003
v 13.484235 11.249997 -5.484238
v 13.270598 11.249997 -6.000003
v 13.270598 10.249997 -6.000003
v 13.484235 10.249997 -5.484238
v 13.270598 11.249997 -6.000003
v 13.484235 11.249997 -6.515768
v 13.484235 10.249997 -6.515768
v 13.270598 10.249997 -6.000003
v 13.484235 11.249997 -6.515768
v 14.000000 11.249997 -6.729405
v 14.000000 10.249997 -6.729405
v 13.484235 10.249997 -6.515768
v 13.999999 13.249998 -2.270602
v 13.484234 13.249998 -2.484239
v 13.484234 11.249998 -2.484238
v 13.999999 11.249998 -2.270601
v 14.000001 13.249999 -0.729406
v 14.515766 13.249999 -0.515769
v 14.515765 11.249999 -0.515768
v 14.000000 11.249999 -0.729405
v 14.515764 13.249998 -3.515769
v 14.729401 13.249998 -3.000004
v 14.729401 11.249998 -3.000003
v 14.515764 11.249998 -3.515768
v 14.515766 13.249999 -0.515769
v 14.729403 13.249999 -0.000004
v 14.729402 11.249999 -0.000003
v 14.515765 11.249999 -0.515768
v 14.729403 13.249999 -0.000004
v 14.515766 13.249999 0.515761
v 14.515765 11.249999 0.515762
v 14.729402 11.249999 -0.000003
v 14.515764 13.249998 -2.484239
v 13.999999 13.249998 -2.270602
v 13.999999 11.249998 -2.270601
v 14.515764 11.249998 -2.484238
v 14.515766 13.249999 0.515761
v 14.000001 13.249999 0.729398
v 14.000000 11.249999 0.729398
v 14.515765 11.249999 0.515762
v 14.000001 13.249999 0.729398
v 13.484236 13.249999 0.515761
v 13.484235 11.249999 0.515761
v 14.000000 11.249999 0.729398
v 13.999999 13.249998 -3.729406
v 14.515764 13.249998 -3.515769
v 14.515764 11.249998 -3.515768
v 13.999999 11.249998 -3.729405
v 13.484236 13.249999 0.515761
v 13.270599 13.249999 -0.000004
v 13.270598 11.249999 -0.000003
v 13.484235 11.249999 0.515761
v 14.729401 13.249998 -3.000004
v 14.515764 13.249998 -2.484239
v 14.515764 11.249998 -2.484238
v 14.729401 11.249998 -3.000003
v 13.270599 13.249999 -0.000004
v 13.484236 13.249999 -0.515769
v 13.484235 11.249999 -0.515768
v 13.270598 11.249999 -0.000003
v 13.484236 13.249999 -0.515769
v 14.000001 13.249999 -0.729406
v 14.000000 11.249999 -0.729405
v 13.484235 11.249999 -0.515768
v 13.484234 13.249998 -2.484239
v 13.270597 13.249998 -3.000004
v 13.270597 11.249998 -3.000003
v 13.484234 11.249998 -2.484238
v 13.270597 13.249998 -3.000004
v 13.484234 13.249998 -3.515769
v 13.484234 11.249998 -3.515768
v 13.270597 11.249998 -3.000003
v 13.484234 13.249998 -3.515769
v 13.999999 13.249998 -3.729406
v 13.999999 11.249998 -3.729405
v 13.484234 11.249998 -3.515768
v 14.000000 13.249997 -5.270601
v 13.484235 13.249997 -5.484239
v 13.484235 11.249997 -5.484238
v 14.000000 11.249997 -5.270601
v 14.515765 13.249997 -6.515768
v 14.729402 13.249997 -6.000003
v 14.729402 11.249997 -6.000003
v 14.515765 11.249997 -6.515768
v 14.515765 13.249997 -5.484239
v 14.000000 13.249997 -5.270601
v 14.000000 11.249997 -5.270601
v 14.515765 11.249997 -5.484238
v 14.000000 13.249997 -6.729405
v 14.515765 13.249997 -6.515768
v 14.515765 11.249997 -6.515768
v 14.000000 11.249997 -6.729405
v 14.729402 13.249997 -6.000003
v 14.515765 13.249997 -5.484239
v 14.515765 11.249997 -5.484238
v 14.729402 11.249997 -6.000003
v 13.484235 13.249997 -5.484239
v 13.270598 13.249997 -6.000003
v 13.270598 11.249997 -6.000003
v 13.484235 11.249997 -5.484238
v 13.270598 13.249997 -6.000003
v 13.484235 13.249997 -6.515768
v 13.484235 11.249997 -6.515768
v 13.270598 11.249997 -6.000003
v 13.484235 13.249997 -6.515768
v 14.000000 13.249997 -6.729405
v 14.000000 11.249997 -6.729405
v 13.484235 11.249997 -6.515768
v 13.999999 13.499998 -2.541200
v 13.675575 13.499998 -2.675581
v 13.484234 13.249998 -2.484239
v 13.999999 13.249998 -2.270602
v 14.000001 13.499999 -0.458808
v 14.324425 13.499999 -0.324427
v 14.515766 13.249999 -0.515769
v 14.000001 13.249999 -0.729406
v 14.324423 13.499998 -3.324427
v 14.458802 13.499998 -3.000004
v 14.729401 13.249998 -3.000004
v 14.515764 13.249998 -3.515769
v 14.324425 13.499999 -0.324427
v 14.458804 13.499999 -0.000004
v 14.729403 13.249999 -0.000004
v 14.515766 13.249999 -0.515769
v 14.458804 13.499999 -0.000004
v 14.324425 13.499999 0.324419
v 14.515766 13.249999 0.515761
v 14.729403 13.249999 -0.000004
v 14.324423 13.499998 -2.675581
v 13.999999 13.499998 -2.541200
v 13.999999 13.249998 -2.270602
v 14.515764 13.249998 -2.484239
v 14.324425 13.499999 0.324419
v 14.000001 13.499999 0.458800
v 14.000001 13.249999 0.729398
v 14.515766 13.249999 0.515761
v 14.000001 13.499999 0.458800
v 13.675577 13.499999 0.324419
v 13.484236 13.249999 0.515761
v 14.000001 13.249999 0.729398
v 13.999999 13.499998 -3.458807
v 14.324423 13.499998 -3.324427
v 14.515764 13.249998 -3.515769
v 13.999999 13.249998 -3.729406
v 13.675577 13.499999 0.324419
v 13.541198 13.499999 -0.000004
v 13.270599 13.249999 -0.000004
v 13.484236 13.249999 0.515761
v 14.458802 13.499998 -3.000004
v 14.324423 13.499998 -2.675581
v 14.515764 13.249998 -2.484239
v 14.729401 13.249998 -3.000004
v 13.541198 13.499999 -0.000004
v 13.675577 13.499999 -0.324427
v 13.484236 13.249999 -0.515769
v 13.270599 13.249999 -0.000004
v 13.675577 13.499999 -0.324427
v 14.000001 13.499999 -0.458808
v 14.000001 13.249999 -0.729406
v 13.484236 13.249999 -0.515769
v 13.675575 13.499998 -2.675581
v 13.541196 13.499998 -3.000004
v 13.270597 13.249998 -3.000004
v 13.484234 13.249998 -2.484239
v 13.541196 13.499998 -3.000004
v 13.675575 13.499998 -3.324427
v 13.484234 13.249998 -3.515769
v 13.270597 13.249998 -3.000004
v 13.675575 13.499998 -3.324427
v 13.999999 13.499998 -3.458807
v 13.999999 13.249998 -3.729406
v 13.484234 13.249998 -3.515769
v 14.000000 13.499997 -5.541200
v 13.675576 13.499997 -5.675581
v 13.484235 13.249997 -5.484239
v 14.000000 13.249997 -5.270601
v 14.324424 13.499997 -6.324427
v 14.458803 13.499997 -6.000004
v 14.729402 13.249997 -6.000003
v 14.515765 13.249997 -6.515768
v 14.324424 13.499997 -5.675581
v 14.000000 13.499997 -5.541200
v 14.000000 13.249997 -5.270601
v 14.515765 13.249997 -5.484239
v 14.000000 13.499997 -6.458808
v 14.324424 13.499997 -6.324427
v 14.515765 13.249997 -6.515768
v 14.000000 13.249997 -6.729405
v 14.458803 13.499997 -6.000004
v 14.324424 13.499997 -5.675581
v 14.515765 13.249997 -5.484239
v 14.729402 13.249997 -6.000003
v 13.675576 13.499997 -5.675581
v 13.541197 13.499997 -6.000004
v 13.270598 13.249997 -6.000003
v 13.484235 13.249997 -5.484239
v 13.541197 13.499997 -6.000004
v 13.675576 13.499997 -6.324427
v 13.484235 13.249997 -6.515768
v 13.270598 13.249997 -6.000003
v 13.675576 13.499997 -6.324427
v 14.000000 13.499997 -6.458808
v 14.000000 13.249997 -6.729405
v 13.484235 13.249997 -6.515768
v 2.348225 0.999995 -16.749998
v 2.348225 3.999995 -16.750000
v 3.048222 3.999995 -16.750000
v 3.048222 0.999995 -16.749998
v 2.098225 0.999995 -15.999999
v 2.098225 3.999995 -16.000000
v 2.098225 3.999995 -16.500000
v 2.098225 0.999995 -16.499998
v 3.298222 3.999995 -16.000000
v 3.298222 0.999995 -15.999999
v 3.298222 0.999995 -16.499998
v 3.298222 3.999995 -16.500000
v 3.298222 3.999995 -16.000000
v 3.298222 3.999995 -16.500000
v 3.298222 23.999992 -16.500006
v 3.298222 23.999992 -16.000006
v 2.098225 3.999995 -16.500000
v 2.098225 3.999995 -16.000000
v 2.098225 23.999992 -16.000006
v 2.098225 23.999992 -16.500006
v 3.048222 3.999995 -16.750000
v 2.348225 3.999995 -16.750000
v 2.348225 23.999992 -16.750006
v 3.048222 23.999992 -16.750006
v 0.848225 0.999995 -16.749998
v 0.848225 3.999995 -16.750000
v 1.548222 3.999995 -16.750000
v 1.548222 0.999995 -16.749998
v 0.598225 0.999995 -15.999999
v 0.598225 3.999995 -16.000000
v 0.598225 3.999995 -16.500000
v 0.598225 0.999995 -16.499998
v 1.798222 3.999995 -16.000000
v 1.798222 0.999995 -15.999999
v 1.798222 0.999995 -16.499998
v 1.798222 3.999995 -16.500000
v 1.798222 3.999995 -16.000000
v 1.798222 3.999995 -16.500000
v 1.798222 23.999992 -16.500006
v 1.798222 23.999992 -16.000006
v 0.598225 3.999995 -16.500000
v 0.598225 3.999995 -16.000000
v 0.598225 23.999992 -16.000006
v 0.598225 23.999992 -16.500006
v 1.548222 3.999995 -16.750000
v 0.848225 3.999995 -16.750000
v 0.848225 23.999992 -16.750006
v 1.548222 23.999992 -16.750006
v 2.348225 3.999995 -16.750000
v 2.348225 0.999995 -16.749998
v 2.098225 0.999995 -16.499998
v 2.098225 3.999995 -16.500000
v 3.048222 0.999995 -16.749998
v 3.048222 3.999995 -16.750000
v 3.298222 3.999995 -16.500000
v 3.298222 0.999995 -16.499998
v 3.048222 3.999995 -16.750000
v 3.048222 23.999992 -16.750006
v 3.298222 23.999992 -16.500006
v 3.298222 3.999995 -16.500000
v 2.348225 23.999992 -16.750006
v 2.348225 3.999995 -16.750000
v 2.098225 3.999995 -16.500000
v 2.098225 23.999992 -16.500006
v 0.848225 3.999995 -16.750000
v 0.848225 0.999995 -16.749998
v 0.598225 0.999995 -16.499998
v 0.598225 3.999995 -16.500000
v 1.548222 0.999995 -16.749998
v 1.548222 3.999995 -16.750000
v 1.798222 3.999995 -16.500000
v 1.798222 0.999995 -16.499998
v 1.548222 3.999995 -16.750000
v 1.548222 23.999992 -16.750006
v 1.798222 23.999992 -16.500006
v 1.798222 3.999995 -16.500000
v 0.848225 23.999992 -16.750006
v 0.848225 3.999995 -16.750000
v 0.598225 3.999995 -16.500000
v 0.598225 23.999992 -16.500006
v 1.648222 24.149992 -16.150005
v 1.648222 24.149992 -16.437874
v 1.648222 24.999992 -16.437874
v 1.648222 24.999992 -16.150005
v 1.648222 24.149992 -16.437874
v 1.486090 24.149992 -16.600006
v 1.486090 24.999992 -16.600006
v 1.648222 24.999992 -16.437874
v 2.248225 24.149992 -16.437874
v 2.248225 24.149992 -16.150005
v 2.248225 24.999992 -16.150005
v 2.248225 24.999992 -16.437874
v 0.748225 24.149992 -16.437874
v 0.748225 24.149992 -16.150005
v 0.748225 24.999992 -16.150005
v 0.748225 24.999992 -16.437874
v 2.410357 24.149992 -16.600006
v 2.986089 24.149992 -16.600006
v 3.048222 23.999992 -16.750006
v 2.348225 23.999992 -16.750006
v 2.248225 24.149992 -16.150005
v 2.248225 24.149992 -16.437874
v 2.098225 23.999992 -16.500006
v 2.098225 23.999992 -16.000006
v 3.148221 24.149992 -16.437874
v 3.148221 24.149992 -16.150005
v 3.298222 23.999992 -16.000006
v 3.298222 23.999992 -16.500006
v 0.910357 24.149992 -16.600006
v 1.486090 24.149992 -16.600006
v 1.548222 23.999992 -16.750006
v 0.848225 23.999992 -16.750006
v 0.748225 24.149992 -16.150005
v 0.748225 24.149992 -16.437874
v 0.598225 23.999992 -16.500006
v 0.598225 23.999992 -16.000006
v 1.648222 24.149992 -16.437874
v 1.648222 24.149992 -16.150005
v 1.798222 23.999992 -16.000006
v 1.798222 23.999992 -16.500006
v 2.986089 24.149992 -16.600006
v 3.148221 24.149992 -16.437874
v 3.298222 23.999992 -16.500006
v 3.048222 23.999992 -16.750006
v 2.248225 24.149992 -16.437874
v 2.410357 24.149992 -16.600006
v 2.348225 23.999992 -16.750006
v 2.098225 23.999992 -16.500006
v 1.486090 24.149992 -16.600006
v 1.648222 24.149992 -16.437874
v 1.798222 23.999992 -16.500006
v 1.548222 23.999992 -16.750006
v 0.748225 24.149992 -16.437874
v 0.910357 24.149992 -16.600006
v 0.848225 23.999992 -16.750006
v 0.598225 23.999992 -16.500006
v 3.148221 24.149992 -16.150005
v 2.248225 24.149992 -16.150005
v 2.098225 23.999992 -16.000006
v 3.298222 23.999992 -16.000006
v 1.648222 24.149992 -16.150005
v 0.748225 24.149992 -16.150005
v 0.598225 23.999992 -16.000006
v 1.798222 23.999992 -16.000006
v 0.748225 26.263731 -15.739392
v 0.748225 26.432938 -15.972282
v 2.248225 24.999992 -16.150005
v 3.148221 24.999992 -16.150005
v 3.148221 26.263731 -15.739392
v 2.248225 26.263731 -15.739392
v 2.410357 24.999992 -16.600006
v 2.248225 24.999992 -16.437874
v 2.248225 26.432938 -15.972282
v 2.410357 26.528236 -16.103449
v 2.986089 24.999992 -16.600006
v 2.410357 24.999992 -16.600006
v 2.410357 26.528236 -16.103449
v 2.986089 26.528236 -16.103449
v 3.148221 24.149992 -16.150005
v 3.148221 24.149992 -16.437874
v 3.148221 24.999992 -16.437874
v 3.148221 24.999992 -16.150005
v 0.910357 24.149992 -16.600006
v 0.748225 24.149992 -16.437874
v 0.748225 24.999992 -16.437874
v 0.910357 24.999992 -16.600006
v 0.748225 24.149992 -16.150005
v 1.648222 24.149992 -16.150005
v 1.648222 24.999992 -16.150005
v 0.748225 24.999992 -16.150005
v 3.148221 24.149992 -16.437874
v 2.986089 24.149992 -16.600006
v 2.986089 24.999992 -16.600006
v 3.148221 24.999992 -16.437874
v 1.486090 24.149992 -16.600006
v 0.910357 24.149992 -16.600006
v 0.910357 24.999992 -16.600006
v 1.486090 24.999992 -16.600006
v 2.986089 24.149992 -16.600006
v 2.410357 24.149992 -16.600006
v 2.410357 24.999992 -16.600006
v 2.986089 24.999992 -16.600006
v 2.410357 24.149992 -16.600006
v 2.248225 24.149992 -16.437874
v 2.248225 24.999992 -16.437874
v 2.410357 24.999992 -16.600006
v 2.248225 24.149992 -16.150005
v 3.148221 24.149992 -16.150005
v 3.148221 24.999992 -16.150005
v 2.248225 24.999992 -16.150005
v 2.248225 26.263731 -15.739392
v 3.148221 26.263731 -15.739392
v 3.148221 27.044764 -14.664394
v 2.248225 27.044764 -14.664394
v 2.410357 26.528236 -16.103449
v 2.248225 26.432938 -15.972282
v 2.248225 27.318544 -14.753348
v 2.410357 27.472742 -14.803449
v 2.986089 26.528236 -16.103449
v 2.410357 26.528236 -16.103449
v 2.410357 27.472742 -14.803449
v 2.986089 27.472742 -14.803449
v 1.486090 26.528236 -16.103449
v 0.910357 26.528236 -16.103449
v 0.910357 27.472742 -14.803449
v 1.486090 27.472742 -14.803449
v 2.248225 24.999992 -16.437874
v 2.248225 24.999992 -16.150005
v 2.248225 26.263731 -15.739392
v 2.248225 26.432938 -15.972282
v 1.648222 24.999992 -16.437874
v 1.486090 24.999992 -16.600006
v 1.486090 26.528236 -16.103449
v 1.648222 26.432938 -15.972282
v 1.648222 24.999992 -16.150005
v 1.648222 24.999992 -16.437874
v 1.648222 26.432938 -15.972282
v 1.648222 26.263731 -15.739392
v 3.148221 24.999992 -16.150005
v 3.148221 24.999992 -16.437874
v 3.148221 26.432938 -15.972282
v 3.148221 26.263731 -15.739392
v 0.910357 24.999992 -16.600006
v 0.748225 24.999992 -16.437874
v 0.748225 26.432938 -15.972282
v 0.910357 26.528236 -16.103449
v 0.748225 24.999992 -16.150005
v 1.648222 24.999992 -16.150005
v 1.648222 26.263731 -15.739392
v 0.748225 26.263731 -15.739392
v 3.148221 24.999992 -16.437874
v 2.986089 24.999992 -16.600006
v 2.986089 26.528236 -16.103449
v 3.148221 26.432938 -15.972282
v 1.486090 24.999992 -16.600006
v 0.910357 24.999992 -16.600006
v 0.910357 26.528236 -16.103449
v 1.486090 26.528236 -16.103449
v 2.248225 27.044764 -14.664394
v 3.148221 27.044764 -14.664394
v 3.148221 27.044764 -13.335623
v 2.248225 27.044764 -13.335623
v 2.410357 27.472742 -14.803449
v 2.248225 27.318544 -14.753348
v 2.248225 27.318544 -13.246664
v 2.410357 27.472738 -13.196561
v 2.986089 27.472742 -14.803449
v 2.410357 27.472742 -14.803449
v 2.410357 27.472738 -13.196561
v 2.986089 27.472738 -13.196561
v 1.486090 27.472742 -14.803449
v 0.910357 27.472742 -14.803449
v 0.910357 27.472738 -13.196561
v 1.486090 27.472738 -13.196561
v 0.748225 26.432938 -15.972282
v 0.748225 26.263731 -15.739392
v 0.748225 27.044764 -14.664394
v 0.748225 27.318544 -14.753348
v 2.248225 26.432938 -15.972282
v 2.248225 26.263731 -15.739392
v 2.248225 27.044764 -14.664394
v 2.248225 27.318544 -14.753348
v 1.648222 26.432938 -15.972282
v 1.486090 26.528236 -16.103449
v 1.486090 27.472742 -14.803449
v 1.648222 27.318544 -14.753348
v 1.648222 26.263731 -15.739392
v 1.648222 26.432938 -15.972282
v 1.648222 27.318544 -14.753348
v 1.648222 27.044764 -14.664394
v 3.148221 26.263731 -15.739392
v 3.148221 26.432938 -15.972282
v 3.148221 27.318544 -14.753348
v 3.148221 27.044764 -14.664394
v 0.910357 26.528236 -16.103449
v 0.748225 26.432938 -15.972282
v 0.748225 27.318544 -14.753348
v 0.910357 27.472742 -14.803449
v 0.748225 26.263731 -15.739392
v 1.648222 26.263731 -15.739392
v 1.648222 27.044764 -14.664394
v 0.748225 27.044764 -14.664394
v 3.148221 26.432938 -15.972282
v 2.986089 26.528236 -16.103449
v 2.986089 27.472742 -14.803449
v 3.148221 27.318544 -14.753348
v 2.410357 27.472738 -13.196561
v 2.248225 27.318544 -13.246664
v 2.248225 26.432936 -12.027730
v 2.410357 26.528231 -11.896563
v 2.986089 27.472738 -13.196561
v 2.410357 27.472738 -13.196561
v 2.410357 26.528231 -11.896563
v 2.986089 26.528231 -11.896563
v 1.486090 27.472738 -13.196561
v 0.910357 27.472738 -13.196561
v 0.910357 26.528231 -11.896563
v 1.486090 26.528231 -11.896563
v 3.148221 27.318544 -13.246664
v 2.986089 27.472738 -13.196561
v 2.986089 26.528231 -11.896563
v 3.148221 26.432936 -12.027730
v 0.748225 27.318544 -14.753348
v 0.748225 27.044764 -14.664394
v 0.748225 27.044764 -13.335623
v 0.748225 27.318544 -13.246664
v 2.248225 27.044764 -13.335623
v 2.248225 27.318544 -13.246664
v 1.648222 27.318544 -14.753348
v 1.486090 27.472742 -14.803449
v 1.486090 27.472738 -13.196561
v 1.648222 27.318544 -13.246664
v 1.648222 27.044764 -14.664394
v 1.648222 27.318544 -14.753348
v 1.648222 27.318544 -13.246664
v 1.648222 27.044764 -13.335623
v 3.148221 27.044764 -14.664394
v 3.148221 27.318544 -14.753348
v 3.148221 27.318544 -13.246664
v 3.148221 27.044764 -13.335623
v 0.910357 27.472742 -14.803449
v 0.748225 27.318544 -14.753348
v 0.748225 27.318544 -13.246664
v 0.910357 27.472738 -13.196561
v 0.748225 27.044764 -14.664394
v 1.648222 27.044764 -14.664394
v 1.648222 27.044764 -13.335623
v 0.748225 27.044764 -13.335623
v 3.148221 27.318544 -14.753348
v 2.986089 27.472742 -14.803449
v 2.986089 27.472738 -13.196561
v 3.148221 27.318544 -13.246664
v 2.986089 26.528231 -11.896563
v 2.410357 26.528231 -11.896563
v 2.410357 24.999990 -11.400009
v 2.986089 24.999990 -11.400009
v 1.486090 26.528231 -11.896563
v 0.910357 26.528231 -11.896563
v 0.910357 24.999990 -11.400009
v 1.486090 24.999990 -11.400009
v 3.148221 26.432936 -12.027730
v 2.986089 26.528231 -11.896563
v 2.986089 24.999990 -11.400009
v 3.148221 24.999994 -11.562140
v 0.748225 26.263731 -12.260623
v 1.648222 26.263731 -12.260623
v 1.648222 24.999994 -11.850010
v 0.748225 24.999994 -11.850010
v 2.248225 27.044764 -13.335623
v 3.148221 27.044764 -13.335623
v 3.148221 26.263731 -12.260623
v 2.248225 26.263731 -12.260623
v 0.748225 26.263731 -12.260623
v 0.748225 26.432936 -12.027730
v 2.248225 27.318544 -13.246664
v 2.248225 27.044764 -13.335623
v 2.248225 26.263731 -12.260623
v 2.248225 26.432936 -12.027730
v 1.648222 27.318544 -13.246664
v 1.486090 27.472738 -13.196561
v 1.486090 26.528231 -11.896563
v 1.648222 26.432936 -12.027730
v 1.648222 27.044764 -13.335623
v 1.648222 27.318544 -13.246664
v 1.648222 26.432936 -12.027730
v 1.648222 26.263731 -12.260623
v 3.148221 27.044764 -13.335623
v 3.148221 27.318544 -13.246664
v 3.148221 26.432936 -12.027730
v 3.148221 26.263731 -12.260623
v 0.910357 27.472738 -13.196561
v 0.748225 27.318544 -13.246664
v 0.748225 26.432936 -12.027730
v 0.910357 26.528231 -11.896563
v 0.748225 27.044764 -13.335623
v 1.648222 27.044764 -13.335623
v 1.648222 26.263731 -12.260623
v 0.748225 26.263731 -12.260623
v 2.410357 26.528231 -11.896563
v 2.248225 26.432936 -12.027730
v 2.248225 24.999994 -11.562140
v 2.410357 24.999990 -11.400009
v 2.248225 26.263731 -12.260623
v 3.148221 26.263731 -12.260623
v 3.148221 24.999994 -11.850010
v 2.248225 24.999994 -11.850010
v 0.748225 24.999994 -11.850010
v 0.748225 24.999994 -11.562140
v 2.248225 26.432936 -12.027730
v 2.248225 26.263731 -12.260623
v 2.248225 24.999994 -11.850010
v 2.248225 24.999994 -11.562140
v 1.648222 26.432936 -12.027730
v 1.486090 26.528231 -11.896563
v 1.486090 24.999990 -11.400009
v 1.648222 24.999994 -11.562140
v 1.648222 26.263731 -12.260623
v 1.648222 26.432936 -12.027730
v 1.648222 24.999994 -11.562140
v 1.648222 24.999994 -11.850010
v 3.148221 26.263731 -12.260623
v 3.148221 26.432936 -12.027730
v 3.148221 24.999994 -11.562140
v 3.148221 24.999994 -11.850010
v 0.910357 26.528231 -11.896563
v 0.748225 26.432936 -12.027730
v 0.748225 24.999994 -11.562140
v 0.910357 24.999990 -11.400009
v 7.400607 8.375304 4.680162
v 11.585654 8.375486 4.680079
v 11.583353 8.625486 4.680244
v 7.400607 8.625304 4.680162
v 7.400607 8.375304 4.680162
v 7.400607 8.625304 4.680162
v 6.869502 8.625304 4.175969
v 6.869502 8.375304 4.175969
v 7.400607 12.375303 4.680161
v 11.585654 12.375485 4.680078
v 11.583353 12.625484 4.680243
v 7.400607 12.625303 4.680161
v 7.400607 12.375303 4.680161
v 7.400607 12.625303 4.680161
v 6.869502 12.625303 4.175968
v 6.869502 12.375303 4.175968
v 11.583353 12.625484 4.680243
v 11.585654 12.375485 4.680078
v 12.116563 12.375639 4.175968
v 12.114658 12.625639 4.175968
v 7.046279 12.250174 3.999191
v 7.496279 12.250174 4.449191
v 7.400607 12.375303 4.680161
v 6.869502 12.375303 4.175968
v 7.496279 12.250174 4.449191
v 11.489786 12.250174 4.449191
v 11.585654 12.375485 4.680078
v 7.400607 12.375303 4.680161
v 12.114658 12.625639 4.175968
v 12.116563 12.375639 4.175968
v 12.116563 12.375639 4.000968
v 12.114658 12.625639 4.000968
v 11.937882 12.750174 3.999191
v 11.487881 12.750174 4.449191
v 11.583353 12.625484 4.680243
v 12.114658 12.625639 4.175968
v 7.496279 12.750174 4.449191
v 7.046279 12.750174 3.999191
v 6.869502 12.625303 4.175968
v 7.400607 12.625303 4.680161
v 11.487881 12.750174 4.449191
v 7.496279 12.750174 4.449191
v 7.400607 12.625303 4.680161
v 11.583353 12.625484 4.680243
v 11.583353 8.625486 4.680244
v 11.585654 8.375486 4.680079
v 12.116563 8.375641 4.175969
v 12.114658 8.625641 4.175969
v 11.489786 12.250174 4.449191
v 11.939788 12.250174 3.999191
v 12.116563 12.375639 4.175968
v 11.585654 12.375485 4.680078
v 7.046279 8.250175 3.999192
v 7.496279 8.250175 4.449192
v 7.400607 8.375304 4.680162
v 6.869502 8.375304 4.175969
v 6.869502 12.375303 4.175968
v 6.869502 12.625303 4.175968
v 6.869502 12.625303 4.000968
v 6.869502 12.375303 4.000968
v 7.496279 8.250175 4.449192
v 11.489786 8.250175 4.449192
v 11.585654 8.375486 4.680079
v 7.400607 8.375304 4.680162
v 12.114658 8.625641 4.175969
v 12.116563 8.375641 4.175969
v 12.116563 8.375641 4.000969
v 12.114658 8.625641 4.000969
v 11.937882 8.750175 3.999192
v 11.487881 8.750175 4.449192
v 11.583353 8.625486 4.680244
v 12.114658 8.625641 4.175969
v 7.496279 8.750175 4.449192
v 7.046279 8.750175 3.999192
v 6.869502 8.625304 4.175969
v 7.400607 8.625304 4.680162
v 11.487881 8.750175 4.449192
v 7.496279 8.750175 4.449192
v 7.400607 8.625304 4.680162
v 11.583353 8.625486 4.680244
v 11.489786 8.250175 4.449192
v 11.939788 8.250175 3.999192
v 12.116563 8.375641 4.175969
v 11.585654 8.375486 4.680079
v 6.869502 8.375304 4.175969
v 6.869502 8.625304 4.175969
v 6.869502 8.625304 4.000969
v 6.869502 8.375304 4.000969
v 7.400607 10.375304 4.680161
v 11.585654 10.375486 4.680079
v 11.583353 10.625486 4.680243
v 7.400607 10.625304 4.680161
v 7.400607 10.375304 4.680161
v 7.400607 10.625304 4.680161
v 6.869502 10.625304 4.175968
v 6.869502 10.375304 4.175968
v 11.583353 10.625486 4.680243
v 11.585654 10.375486 4.680079
v 12.116563 10.375641 4.175968
v 12.114658 10.625641 4.175968
v 7.046279 10.250175 3.999192
v 7.496279 10.250175 4.449191
v 7.400607 10.375304 4.680161
v 6.869502 10.375304 4.175968
v 7.496279 10.250175 4.449191
v 11.489786 10.250175 4.449191
v 11.585654 10.375486 4.680079
v 7.400607 10.375304 4.680161
v 12.114658 10.625641 4.175968
v 12.116563 10.375641 4.175968
v 12.116563 10.375641 4.000968
v 12.114658 10.625641 4.000968
v 11.937882 10.750175 3.999191
v 11.487881 10.750175 4.449191
v 11.583353 10.625486 4.680243
v 12.114658 10.625641 4.175968
v 7.496279 10.750175 4.449191
v 7.046279 10.750175 3.999191
v 6.869502 10.625304 4.175968
v 7.400607 10.625304 4.680161
v 11.487881 10.750175 4.449191
v 7.496279 10.750175 4.449191
v 7.400607 10.625304 4.680161
v 11.583353 10.625486 4.680243
v 11.489786 10.250175 4.449191
v 11.939788 10.250175 3.999192
v 12.116563 10.375641 4.175968
v 11.585654 10.375486 4.680079
v 6.869502 10.375304 4.175968
v 6.869502 10.625304 4.175968
v 6.869502 10.625304 4.000968
v 6.869502 10.375304 4.000968
v 7.400607 6.375305 4.680162
v 11.585654 6.375488 4.680080
v 11.583353 6.625487 4.680244
v 7.400607 6.625305 4.680162
v 7.400607 6.375305 4.680162
v 7.400607 6.625305 4.680162
v 6.869502 6.625305 4.175970
v 6.869502 6.375305 4.175970
v 11.583353 6.625487 4.680244
v 11.585654 6.375488 4.680080
v 12.116563 6.375642 4.175970
v 12.114658 6.625642 4.175970
v 7.046279 6.250175 3.999193
v 7.496279 6.250175 4.449193
v 7.400607 6.375305 4.680162
v 6.869502 6.375305 4.175970
v 7.496279 6.250175 4.449193
v 11.489786 6.250175 4.449193
v 11.585654 6.375488 4.680080
v 7.400607 6.375305 4.680162
v 12.114658 6.625642 4.175970
v 12.116563 6.375642 4.175970
v 12.116563 6.375642 4.000969
v 12.114658 6.625642 4.000969
v 11.937882 6.750175 3.999192
v 11.487881 6.750175 4.449193
v 11.583353 6.625487 4.680244
v 12.114658 6.625642 4.175970
v 7.496279 6.750175 4.449193
v 7.046279 6.750175 3.999192
v 6.869502 6.625305 4.175970
v 7.400607 6.625305 4.680162
v 11.487881 6.750175 4.449193
v 7.496279 6.750175 4.449193
v 7.400607 6.625305 4.680162
v 11.583353 6.625487 4.680244
v 11.489786 6.250175 4.449193
v 11.939788 6.250175 3.999193
v 12.116563 6.375642 4.175970
v 11.585654 6.375488 4.680080
v 6.869502 6.375305 4.175970
v 6.869502 6.625305 4.175970
v 6.869502 6.625305 4.000969
v 6.869502 6.375305 4.000969
v 7.400607 14.375302 4.680160
v 11.585654 14.375484 4.680078
v 11.583353 14.625484 4.680242
v 7.400607 14.625302 4.680160
v 7.400607 14.375302 4.680160
v 7.400607 14.625302 4.680160
v 6.869502 14.625302 4.175967
v 6.869502 14.375302 4.175967
v 11.583353 14.625484 4.680242
v 11.585654 14.375484 4.680078
v 12.116563 14.375639 4.175967
v 12.114658 14.625639 4.175967
v 7.046279 14.250173 3.999190
v 7.496279 14.250173 4.449190
v 7.400607 14.375302 4.680160
v 6.869502 14.375302 4.175967
v 7.496279 14.250173 4.449190
v 11.489786 14.250173 4.449190
v 11.585654 14.375484 4.680078
v 7.400607 14.375302 4.680160
v 12.114658 14.625639 4.175967
v 12.116563 14.375639 4.175967
v 12.116563 14.375639 4.000967
v 12.114658 14.625639 4.000967
v 11.937882 14.750173 3.999190
v 11.487881 14.750173 4.449190
v 11.583353 14.625484 4.680242
v 12.114658 14.625639 4.175967
v 7.496279 14.750173 4.449190
v 7.046279 14.750173 3.999190
v 6.869502 14.625302 4.175967
v 7.400607 14.625302 4.680160
v 11.487881 14.750173 4.449190
v 7.496279 14.750173 4.449190
v 7.400607 14.625302 4.680160
v 11.583353 14.625484 4.680242
v 11.489786 14.250173 4.449190
v 11.939788 14.250173 3.999190
v 12.116563 14.375639 4.175967
v 11.585654 14.375484 4.680078
v 6.869502 14.375302 4.175967
v 6.869502 14.625302 4.175967
v 6.869502 14.625302 4.000967
v 6.869502 14.375302 4.000967
v 7.400607 16.375303 4.680160
v 11.585654 16.375486 4.680077
v 11.583353 16.625484 4.680241
v 7.400607 16.625303 4.680159
v 7.400607 16.375303 4.680160
v 7.400607 16.625303 4.680159
v 6.869502 16.625303 4.175966
v 6.869502 16.375303 4.175967
v 11.583353 16.625484 4.680241
v 11.585654 16.375486 4.680077
v 12.116563 16.375641 4.175967
v 12.114658 16.625641 4.175966
v 7.046279 16.250174 3.999190
v 7.496279 16.250174 4.449190
v 7.400607 16.375303 4.680160
v 6.869502 16.375303 4.175967
v 7.496279 16.250174 4.449190
v 11.489786 16.250174 4.449190
v 11.585654 16.375486 4.680077
v 7.400607 16.375303 4.680160
v 12.114658 16.625641 4.175966
v 12.116563 16.375641 4.175967
v 12.116563 16.375641 4.000967
v 12.114658 16.625641 4.000966
v 11.937882 16.750174 3.999190
v 11.487881 16.750174 4.449189
v 11.583353 16.625484 4.680241
v 12.114658 16.625641 4.175966
v 7.496279 16.750174 4.449189
v 7.046279 16.750174 3.999190
v 6.869502 16.625303 4.175966
v 7.400607 16.625303 4.680159
v 11.487881 16.750174 4.449189
v 7.496279 16.750174 4.449189
v 7.400607 16.625303 4.680159
v 11.583353 16.625484 4.680241
v 11.489786 16.250174 4.449190
v 11.939788 16.250174 3.999190
v 12.116563 16.375641 4.175967
v 11.585654 16.375486 4.680077
v 6.869502 16.375303 4.175967
v 6.869502 16.625303 4.175966
v 6.869502 16.625303 4.000966
v 6.869502 16.375303 4.000967
v 7.400607 17.680164 3.624690
v 11.585654 17.680084 3.624507
v 11.583353 17.680248 3.374508
v 7.400607 17.680166 3.374690
v 7.400607 17.680164 3.624690
v 7.400607 17.680166 3.374690
v 7.069502 17.375973 3.374690
v 7.069502 17.375973 3.624690
v 11.583353 17.680248 3.374508
v 11.585654 17.680084 3.624507
v 12.116563 17.175972 3.624354
v 12.114658 17.175972 3.374354
v 7.246279 17.199196 3.749820
v 7.496279 17.449196 3.749820
v 7.400607 17.680164 3.624690
v 7.069502 17.375973 3.624690
v 7.496279 17.449196 3.749820
v 11.489786 17.449196 3.749820
v 11.585654 17.680084 3.624507
v 7.400607 17.680164 3.624690
v 12.114658 17.175972 3.374354
v 12.116563 17.175972 3.624354
v 12.116563 17.000973 3.624354
v 12.114658 17.000973 3.374354
v 11.937882 16.999195 3.249820
v 11.487881 17.449196 3.249820
v 11.583353 17.680248 3.374508
v 12.114658 17.175972 3.374354
v 7.496279 17.449196 3.249820
v 7.246279 17.199196 3.249820
v 7.069502 17.375973 3.374690
v 7.400607 17.680166 3.374690
v 11.487881 17.449196 3.249820
v 7.496279 17.449196 3.249820
v 7.400607 17.680166 3.374690
v 11.583353 17.680248 3.374508
v 11.489786 17.449196 3.749820
v 11.939788 16.999195 3.749820
v 12.116563 17.175972 3.624354
v 11.585654 17.680084 3.624507
v 7.069502 17.375973 3.624690
v 7.069502 17.375973 3.374690
v 7.069502 17.200974 3.374690
v 7.069502 17.200974 3.624690
v 7.400607 17.680162 1.624690
v 11.585654 17.680082 1.624507
v 11.583353 17.680246 1.374508
v 7.400607 17.680164 1.374690
v 7.400607 17.680162 1.624690
v 7.400607 17.680164 1.374690
v 7.069502 17.375971 1.374690
v 7.069502 17.375971 1.624690
v 11.583353 17.680246 1.374508
v 11.585654 17.680082 1.624507
v 12.116563 17.175970 1.624354
v 12.114658 17.175970 1.374354
v 7.246279 17.199194 1.749820
v 7.496279 17.449194 1.749820
v 7.400607 17.680162 1.624690
v 7.069502 17.375971 1.624690
v 7.496279 17.449194 1.749820
v 11.489786 17.449194 1.749820
v 11.585654 17.680082 1.624507
v 7.400607 17.680162 1.624690
v 12.114658 17.175970 1.374354
v 12.116563 17.175970 1.624354
v 12.116563 17.000971 1.624354
v 12.114658 17.000971 1.374354
v 11.937882 16.999193 1.249820
v 11.487881 17.449194 1.249820
v 11.583353 17.680246 1.374508
v 12.114658 17.175970 1.374354
v 7.496279 17.449194 1.249820
v 7.246279 17.199194 1.249820
v 7.069502 17.375971 1.374690
v 7.400607 17.680164 1.374690
v 11.487881 17.449194 1.249820
v 7.496279 17.449194 1.249820
v 7.400607 17.680164 1.374690
v 11.583353 17.680246 1.374508
v 11.489786 17.449194 1.749820
v 11.939788 16.999193 1.749820
v 12.116563 17.175970 1.624354
v 11.585654 17.680082 1.624507
v 7.069502 17.375971 1.624690
v 7.069502 17.375971 1.374690
v 7.069502 17.200972 1.374690
v 7.069502 17.200972 1.624690
v 7.400607 17.680162 -0.375310
v 11.585654 17.680082 -0.375493
v 11.583353 17.680246 -0.625492
v 7.400607 17.680164 -0.625310
v 7.400607 17.680162 -0.375310
v 7.400607 17.680164 -0.625310
v 7.069502 17.375971 -0.625310
v 7.069502 17.375971 -0.375310
v 11.583353 17.680246 -0.625492
v 11.585654 17.680082 -0.375493
v 12.116563 17.175970 -0.375646
v 12.114658 17.175970 -0.625646
v 7.246279 17.199194 -0.250180
v 7.496279 17.449194 -0.250180
v 7.400607 17.680162 -0.375310
v 7.069502 17.375971 -0.375310
v 7.496279 17.449194 -0.250180
v 11.489786 17.449194 -0.250180
v 11.585654 17.680082 -0.375493
v 7.400607 17.680162 -0.375310
v 12.114658 17.175970 -0.625646
v 12.116563 17.175970 -0.375646
v 12.116563 17.000971 -0.375646
v 12.114658 17.000971 -0.625646
v 11.937882 16.999193 -0.750180
v 11.487881 17.449194 -0.750180
v 11.583353 17.680246 -0.625492
v 12.114658 17.175970 -0.625646
v 7.496279 17.449194 -0.750180
v 7.246279 17.199194 -0.750180
v 7.069502 17.375971 -0.625310
v 7.400607 17.680164 -0.625310
v 11.487881 17.449194 -0.750180
v 7.496279 17.449194 -0.750180
v 7.400607 17.680164 -0.625310
v 11.583353 17.680246 -0.625492
v 11.489786 17.449194 -0.250180
v 11.939788 16.999193 -0.250180
v 12.116563 17.175970 -0.375646
v 11.585654 17.680082 -0.375493
v 7.069502 17.375971 -0.375310
v 7.069502 17.375971 -0.625310
v 7.069502 17.200972 -0.625310
v 7.069502 17.200972 -0.375310
v 7.400607 17.680162 -2.375309
v 11.585654 17.680082 -2.375492
v 11.583353 17.680246 -2.625491
v 7.400607 17.680164 -2.625309
v 7.400607 17.680162 -2.375309
v 7.400607 17.680164 -2.625309
v 7.069502 17.375971 -2.625309
v 7.069502 17.375971 -2.375309
v 11.583353 17.680246 -2.625491
v 11.585654 17.680082 -2.375492
v 12.116563 17.175970 -2.375646
v 12.114658 17.175970 -2.625646
v 7.246279 17.199194 -2.250180
v 7.496279 17.449194 -2.250180
v 7.400607 17.680162 -2.375309
v 7.069502 17.375971 -2.375309
v 7.496279 17.449194 -2.250180
v 11.489786 17.449194 -2.250180
v 11.585654 17.680082 -2.375492
v 7.400607 17.680162 -2.375309
v 12.114658 17.175970 -2.625646
v 12.116563 17.175970 -2.375646
v 12.116563 17.000971 -2.375646
v 12.114658 17.000971 -2.625646
v 11.937882 16.999193 -2.750180
v 11.487881 17.449194 -2.750180
v 11.583353 17.680246 -2.625491
v 12.114658 17.175970 -2.625646
v 7.496279 17.449194 -2.750180
v 7.246279 17.199194 -2.750180
v 7.069502 17.375971 -2.625309
v 7.400607 17.680164 -2.625309
v 11.487881 17.449194 -2.750180
v 7.496279 17.449194 -2.750180
v 7.400607 17.680164 -2.625309
v 11.583353 17.680246 -2.625491
v 11.489786 17.449194 -2.250180
v 11.939788 16.999193 -2.250180
v 12.116563 17.175970 -2.375646
v 11.585654 17.680082 -2.375492
v 7.069502 17.375971 -2.375309
v 7.069502 17.375971 -2.625309
v 7.069502 17.200972 -2.625309
v 7.069502 17.200972 -2.375309
v 7.400607 17.680161 -4.375309
v 11.585654 17.680080 -4.375492
v 11.583353 17.680244 -4.625491
v 7.400607 17.680162 -4.625309
v 7.400607 17.680161 -4.375309
v 7.400607 17.680162 -4.625309
v 7.069502 17.375969 -4.625309
v 7.069502 17.375969 -4.375309
v 11.583353 17.680244 -4.625491
v 11.585654 17.680080 -4.375492
v 12.116563 17.175968 -4.375646
v 12.114658 17.175968 -4.625646
v 7.246279 17.199192 -4.250179
v 7.496279 17.449192 -4.250179
v 7.400607 17.680161 -4.375309
v 7.069502 17.375969 -4.375309
v 7.496279 17.449192 -4.250179
v 11.489786 17.449192 -4.250179
v 11.585654 17.680080 -4.375492
v 7.400607 17.680161 -4.375309
v 12.114658 17.175968 -4.625646
v 12.116563 17.175968 -4.375646
v 12.116563 17.000969 -4.375646
v 12.114658 17.000969 -4.625646
v 11.937882 16.999191 -4.750179
v 11.487881 17.449192 -4.750179
v 11.583353 17.680244 -4.625491
v 12.114658 17.175968 -4.625646
v 7.496279 17.449192 -4.750179
v 7.246279 17.199192 -4.750179
v 7.069502 17.375969 -4.625309
v 7.400607 17.680162 -4.625309
v 11.487881 17.449192 -4.750179
v 7.496279 17.449192 -4.750179
v 7.400607 17.680162 -4.625309
v 11.583353 17.680244 -4.625491
v 11.489786 17.449192 -4.250179
v 11.939788 16.999191 -4.250179
v 12.116563 17.175968 -4.375646
v 11.585654 17.680080 -4.375492
v 7.069502 17.375969 -4.375309
v 7.069502 17.375969 -4.625309
v 7.069502 17.200970 -4.625309
v 7.069502 17.200970 -4.375309
v 7.400607 17.680161 -6.375309
v 11.085654 17.680080 -6.375492
v 11.083353 17.680244 -6.625491
v 7.400607 17.680162 -6.625309
v 7.400607 17.680161 -6.375309
v 7.400607 17.680162 -6.625309
v 7.069502 17.375969 -6.625309
v 7.069502 17.375969 -6.375309
v 11.083353 17.680244 -6.625491
v 11.085654 17.680080 -6.375492
v 11.616563 17.175968 -6.375646
v 11.614658 17.175968 -6.625646
v 7.246279 17.199192 -6.250179
v 7.496279 17.449192 -6.250179
v 7.400607 17.680161 -6.375309
v 7.069502 17.375969 -6.375309
v 7.496279 17.449192 -6.250179
v 10.989786 17.449192 -6.250179
v 11.085654 17.680080 -6.375492
v 7.400607 17.680161 -6.375309
v 11.614658 17.175968 -6.625646
v 11.616563 17.175968 -6.375646
v 11.616563 17.000969 -6.375646
v 11.614658 17.000969 -6.625646
v 11.437882 16.999191 -6.750179
v 10.987881 17.449192 -6.750179
v 11.083353 17.680244 -6.625491
v 11.614658 17.175968 -6.625646
v 7.496279 17.449192 -6.750179
v 7.246279 17.199192 -6.750179
v 7.069502 17.375969 -6.625309
v 7.400607 17.680162 -6.625309
v 10.987881 17.449192 -6.750179
v 7.496279 17.449192 -6.750179
v 7.400607 17.680162 -6.625309
v 11.083353 17.680244 -6.625491
v 10.989786 17.449192 -6.250179
v 11.439788 16.999191 -6.250179
v 11.616563 17.175968 -6.375646
v 11.085654 17.680080 -6.375492
v 7.069502 17.375969 -6.375309
v 7.069502 17.375969 -6.625309
v 7.069502 17.200970 -6.625309
v 7.069502 17.200970 -6.375309
v 7.400607 17.680161 -8.375309
v 9.785654 17.680080 -8.375492
v 9.783353 17.680244 -8.625491
v 7.400607 17.680162 -8.625309
v 7.400607 17.680161 -8.375309
v 7.400607 17.680162 -8.625309
v 7.069502 17.375969 -8.625309
v 7.069502 17.375969 -8.375309
v 9.783353 17.680244 -8.625491
v 9.785654 17.680080 -8.375492
v 10.316563 17.175968 -8.375645
v 10.314658 17.175968 -8.625645
v 7.246279 17.199192 -8.250178
v 7.496279 17.449192 -8.250179
v 7.400607 17.680161 -8.375309
v 7.069502 17.375969 -8.375309
v 7.496279 17.449192 -8.250179
v 9.689786 17.449192 -8.250179
v 9.785654 17.680080 -8.375492
v 7.400607 17.680161 -8.375309
v 10.314658 17.175968 -8.625645
v 10.316563 17.175968 -8.375645
v 10.316563 17.000969 -8.375645
v 10.314658 17.000969 -8.625645
v 10.137882 16.999191 -8.750178
v 9.687881 17.449192 -8.750179
v 9.783353 17.680244 -8.625491
v 10.314658 17.175968 -8.625645
v 7.496279 17.449192 -8.750179
v 7.246279 17.199192 -8.750178
v 7.069502 17.375969 -8.625309
v 7.400607 17.680162 -8.625309
v 9.687881 17.449192 -8.750179
v 7.496279 17.449192 -8.750179
v 7.400607 17.680162 -8.625309
v 9.783353 17.680244 -8.625491
v 9.689786 17.449192 -8.250179
v 10.139788 16.999191 -8.250178
v 10.316563 17.175968 -8.375645
v 9.785654 17.680080 -8.375492
v 7.069502 17.375969 -8.375309
v 7.069502 17.375969 -8.625309
v 7.069502 17.200970 -8.625308
v 7.069502 17.200970 -8.375308
v 7.400607 17.680159 -10.375309
v 8.485654 17.680079 -10.375492
v 8.483353 17.680243 -10.625491
v 7.400607 17.680161 -10.625309
v 7.400607 17.680159 -10.375309
v 7.400607 17.680161 -10.625309
v 7.069502 17.375967 -10.625309
v 7.069502 17.375967 -10.375309
v 8.483353 17.680243 -10.625491
v 8.485654 17.680079 -10.375492
v 9.016562 17.175966 -10.375645
v 9.014658 17.175966 -10.625645
v 7.246279 17.199190 -10.250178
v 7.496279 17.449190 -10.250179
v 7.400607 17.680159 -10.375309
v 7.069502 17.375967 -10.375309
v 7.496279 17.449190 -10.250179
v 8.389786 17.449190 -10.250179
v 8.485654 17.680079 -10.375492
v 7.400607 17.680159 -10.375309
v 9.014658 17.175966 -10.625645
v 9.016562 17.175966 -10.375645
v 9.016562 17.000967 -10.375645
v 9.014658 17.000967 -10.625645
v 8.837882 16.999189 -10.750178
v 8.387880 17.449190 -10.750179
v 8.483353 17.680243 -10.625491
v 9.014658 17.175966 -10.625645
v 7.496279 17.449190 -10.750179
v 7.246279 17.199190 -10.750178
v 7.069502 17.375967 -10.625309
v 7.400607 17.680161 -10.625309
v 8.387880 17.449190 -10.750179
v 7.496279 17.449190 -10.750179
v 7.400607 17.680161 -10.625309
v 8.483353 17.680243 -10.625491
v 8.389786 17.449190 -10.250179
v 8.839787 16.999189 -10.250178
v 9.016562 17.175966 -10.375645
v 8.485654 17.680079 -10.375492
v 7.069502 17.375967 -10.375309
v 7.069502 17.375967 -10.625309
v 7.069502 17.200968 -10.625308
v 7.069502 17.200968 -10.375308
v 7.496279 17.449192 -8.750179
v 9.687881 17.449192 -8.750179
v 10.137882 16.999191 -8.750178
v 7.246279 17.199192 -8.750178
v 7.496279 17.449190 -10.750179
v 8.387880 17.449190 -10.750179
v 8.837882 16.999189 -10.750178
v 7.246279 17.199190 -10.750178
v 7.496279 17.449192 -8.250179
v 7.246279 17.199192 -8.250178
v 10.139788 16.999191 -8.250178
v 9.689786 17.449192 -8.250179
v 7.496279 17.449192 -6.750179
v 10.987881 17.449192 -6.750179
v 11.437882 16.999191 -6.750179
v 7.246279 17.199192 -6.750179
v 7.496279 17.449192 -6.250179
v 7.246279 17.199192 -6.250179
v 11.439788 16.999191 -6.250179
v 10.989786 17.449192 -6.250179
v 3.595472 16.625484 6.731046
v 3.500000 16.750174 6.499994
v 0.000000 16.750174 6.499994
v 0.000000 16.625484 6.731046
v 3.501905 16.250174 6.499995
v 3.597774 16.375486 6.730882
v 0.000000 16.375486 6.730882
v 0.000000 16.250174 6.499995
v 3.595472 16.625484 6.731046
v 3.597774 16.375486 6.730882
v 4.178680 16.375641 6.176772
v 4.176776 16.625641 6.176772
v 4.176776 16.625641 6.176772
v 4.178680 16.375641 6.176772
v 4.178680 16.375641 6.001772
v 4.176776 16.625641 6.001771
v 4.000000 16.750174 5.999994
v 3.500000 16.750174 6.499994
v 3.595472 16.625484 6.731046
v 4.176776 16.625641 6.176772
v 3.501905 16.250174 6.499995
v 4.001905 16.250174 5.999995
v 4.178680 16.375641 6.176772
v 3.597774 16.375486 6.730882
v 3.597774 16.375486 6.730882
v 3.595472 16.625484 6.731046
v 0.000000 16.625484 6.731046
v 0.000000 16.375486 6.730882
v 3.595472 14.625485 6.731047
v 3.500000 14.750175 6.499995
v 0.000000 14.750175 6.499995
v 0.000000 14.625485 6.731047
v 3.501905 14.250175 6.499995
v 3.597774 14.375487 6.730883
v 0.000000 14.375487 6.730883
v 0.000000 14.250175 6.499995
v 3.595472 14.625485 6.731047
v 3.597774 14.375487 6.730883
v 4.178680 14.375642 6.176773
v 4.176776 14.625642 6.176773
v 4.176776 14.625642 6.176773
v 4.178680 14.375642 6.176773
v 4.178680 14.375642 6.001772
v 4.176776 14.625642 6.001772
v 4.000000 14.750175 5.999995
v 3.500000 14.750175 6.499995
v 3.595472 14.625485 6.731047
v 4.176776 14.625642 6.176773
v 3.501905 14.250175 6.499995
v 4.001905 14.250175 5.999995
v 4.178680 14.375642 6.176773
v 3.597774 14.375487 6.730883
v 3.597774 14.375487 6.730883
v 3.595472 14.625485 6.731047
v 0.000000 14.625485 6.731047
v 0.000000 14.375487 6.730883
v 3.595472 12.625485 6.731047
v 3.500000 12.750175 6.499996
v 0.000000 12.750175 6.499996
v 0.000000 12.625485 6.731047
v 3.501905 12.250175 6.499996
v 3.597774 12.375487 6.730883
v 0.000000 12.375487 6.730883
v 0.000000 12.250175 6.499996
v 3.595472 12.625485 6.731047
v 3.597774 12.375487 6.730883
v 4.178680 12.375642 6.176773
v 4.176776 12.625642 6.176773
v 4.176776 12.625642 6.176773
v 4.178680 12.375642 6.176773
v 4.178680 12.375642 6.001773
v 4.176776 12.625642 6.001773
v 4.000000 12.750175 5.999996
v 3.500000 12.750175 6.499996
v 3.595472 12.625485 6.731047
v 4.176776 12.625642 6.176773
v 3.501905 12.250175 6.499996
v 4.001905 12.250175 5.999996
v 4.178680 12.375642 6.176773
v 3.597774 12.375487 6.730883
v 3.597774 12.375487 6.730883
v 3.595472 12.625485 6.731047
v 0.000000 12.625485 6.731047
v 0.000000 12.375487 6.730883
v 3.595472 10.625485 6.731048
v 3.500000 10.750175 6.499996
v 0.000000 10.750175 6.499996
v 0.000000 10.625485 6.731048
v 3.501905 10.250175 6.499996
v 3.597774 10.375487 6.730884
v 0.000000 10.375487 6.730884
v 0.000000 10.250175 6.499996
v 3.595472 10.625485 6.731048
v 3.597774 10.375487 6.730884
v 4.178680 10.375642 6.176774
v 4.176776 10.625642 6.176774
v 4.176776 10.625642 6.176774
v 4.178680 10.375642 6.176774
v 4.178680 10.375642 6.001773
v 4.176776 10.625642 6.001773
v 4.000000 10.750175 5.999996
v 3.500000 10.750175 6.499996
v 3.595472 10.625485 6.731048
v 4.176776 10.625642 6.176774
v 3.501905 10.250175 6.499996
v 4.001905 10.250175 5.999996
v 4.178680 10.375642 6.176774
v 3.597774 10.375487 6.730884
v 3.597774 10.375487 6.730884
v 3.595472 10.625485 6.731048
v 0.000000 10.625485 6.731048
v 0.000000 10.375487 6.730884
v 3.595472 8.625485 6.731049
v 3.500000 8.750175 6.499997
v 0.000000 8.750175 6.499997
v 0.000000 8.625485 6.731049
v 3.501905 8.250175 6.499997
v 3.597774 8.375487 6.730885
v 0.000000 8.375487 6.730885
v 0.000000 8.250175 6.499997
v 3.595472 8.625485 6.731049
v 3.597774 8.375487 6.730885
v 4.178680 8.375642 6.176775
v 4.176776 8.625642 6.176775
v 4.176776 8.625642 6.176775
v 4.178680 8.375642 6.176775
v 4.178680 8.375642 6.001774
v 4.176776 8.625642 6.001774
v 4.000000 8.750175 5.999997
v 3.500000 8.750175 6.499997
v 3.595472 8.625485 6.731049
v 4.176776 8.625642 6.176775
v 3.501905 8.250175 6.499997
v 4.001905 8.250175 5.999997
v 4.178680 8.375642 6.176775
v 3.597774 8.375487 6.730885
v 3.597774 8.375487 6.730885
v 3.595472 8.625485 6.731049
v 0.000000 8.625485 6.731049
v 0.000000 8.375487 6.730885
v 3.595472 18.625484 6.731045
v 3.500000 18.750174 6.499994
v 0.000000 18.750174 6.499994
v 0.000000 18.625484 6.731045
v 3.501905 18.250174 6.499994
v 3.597774 18.375486 6.730881
v 0.000000 18.375486 6.730881
v 0.000000 18.250174 6.499994
v 3.595472 18.625484 6.731045
v 3.597774 18.375486 6.730881
v 4.178680 18.375641 6.176771
v 4.176776 18.625641 6.176771
v 4.176776 18.625641 6.176771
v 4.178680 18.375641 6.176771
v 4.178680 18.375641 6.001771
v 4.176776 18.625641 6.001771
v 4.000000 18.750174 5.999994
v 3.500000 18.750174 6.499994
v 3.595472 18.625484 6.731045
v 4.176776 18.625641 6.176771
v 3.501905 18.250174 6.499994
v 4.001905 18.250174 5.999994
v 4.178680 18.375641 6.176771
v 3.597774 18.375486 6.730881
v 3.597774 18.375486 6.730881
v 3.595472 18.625484 6.731045
v 0.000000 18.625484 6.731045
v 0.000000 18.375486 6.730881
v 3.595472 20.625484 6.731045
v 3.500000 20.750174 6.499993
v 0.000000 20.750174 6.499993
v 0.000000 20.625484 6.731045
v 3.501905 20.250174 6.499993
v 3.597774 20.375486 6.730881
v 0.000000 20.375486 6.730881
v 0.000000 20.250174 6.499993
v 3.595472 20.625484 6.731045
v 3.597774 20.375486 6.730881
v 4.178680 20.375641 6.176771
v 4.176776 20.625641 6.176771
v 4.176776 20.625641 6.176771
v 4.178680 20.375641 6.176771
v 4.178680 20.375641 6.001770
v 4.176776 20.625641 6.001770
v 4.000000 20.750174 5.999993
v 3.500000 20.750174 6.499993
v 3.595472 20.625484 6.731045
v 4.176776 20.625641 6.176771
v 3.501905 20.250174 6.499993
v 4.001905 20.250174 5.999993
v 4.178680 20.375641 6.176771
v 3.597774 20.375486 6.730881
v 3.597774 20.375486 6.730881
v 3.595472 20.625484 6.731045
v 0.000000 20.625484 6.731045
v 0.000000 20.375486 6.730881
v 1.928806 22.625484 6.731044
v 1.833333 22.750174 6.499993
v 0.000000 22.750174 6.499993
v 0.000000 22.625484 6.731044
v 1.835239 22.250174 6.499993
v 1.931107 22.375486 6.730880
v 0.000000 22.375486 6.730880
v 0.000000 22.250174 6.499993
v 1.928806 22.625484 6.731044
v 1.931107 22.375486 6.730880
v 2.512014 22.375641 6.176770
v 2.510109 22.625641 6.176770
v 2.510109 22.625641 6.176770
v 2.512014 22.375641 6.176770
v 2.512014 22.375641 6.001770
v 2.510109 22.625641 6.001770
v 2.333333 22.750174 5.999993
v 1.833333 22.750174 6.499993
v 1.928806 22.625484 6.731044
v 2.510109 22.625641 6.176770
v 1.835239 22.250174 6.499993
v 2.335239 22.250174 5.999993
v 2.512014 22.375641 6.176770
v 1.931107 22.375486 6.730880
v 1.931107 22.375486 6.730880
v 1.928806 22.625484 6.731044
v 0.000000 22.625484 6.731044
v 0.000000 22.375486 6.730880
v 2.335239 22.250174 5.999993
v 1.835239 22.250174 6.499993
v 0.000000 22.250174 6.499993
v 0.000000 22.250174 5.999993
v 1.833333 22.750174 6.499993
v 2.333333 22.750174 5.999993
v 0.000000 22.750174 5.999993
v 0.000000 22.750174 6.499993
v -4.545441 23.171421 -17.399000
v -3.396447 23.171421 -16.250006
v -3.396447 22.571423 -16.250006
v -4.545441 22.571423 -17.399000
v -7.250000 22.571430 3.999993
v -7.250000 23.171429 3.999993
v -7.250000 23.171427 1.999993
v -7.250000 22.571428 1.999993
v -7.250000 22.571430 6.603546
v -7.250000 23.171429 6.603546
v -7.250000 23.171429 5.999992
v -7.250000 22.571430 5.999993
v -7.250000 22.571424 -13.071705
v -7.250000 23.171423 -13.071705
v -4.545441 23.171421 -17.399000
v -4.545441 22.571423 -17.399000
v -7.250000 23.171423 -13.071705
v -7.250000 22.571424 -13.071705
v -3.396447 22.571423 -16.250006
v -3.396447 23.171421 -16.250006
v -3.750000 23.171429 6.603546
v -4.396447 23.171429 7.249992
v -4.396447 22.571430 7.249993
v -3.750000 22.571430 6.603546
v -7.250000 22.571430 6.603546
v -6.603553 22.571430 7.249993
v -6.603553 23.171429 7.249992
v -7.250000 23.171429 6.603546
v -3.500000 22.571423 -16.000006
v -3.396447 22.571423 -16.250006
v -7.000000 22.571430 3.999993
v -7.250000 22.571430 3.999993
v -7.250000 22.571428 1.999993
v -7.000000 22.571428 1.999993
v -4.000000 22.571430 5.999993
v -3.750000 22.571430 5.999993
v -3.750000 22.571430 6.603546
v -4.000000 22.571430 6.499993
v -7.000000 22.571424 -13.000006
v -7.250000 22.571424 -13.071705
v -4.545441 22.571423 -17.399000
v -4.500000 22.571423 -17.000006
v -6.500000 23.171429 6.999992
v -6.603553 23.171429 7.249992
v -4.396447 23.171429 7.249992
v -4.500000 23.171429 6.999992
v -3.500000 23.171421 -16.000006
v -3.396447 23.171421 -16.250006
v -4.545441 23.171421 -17.399000
v -4.500000 23.171421 -17.000006
v -7.000000 22.571428 1.999993
v -7.250000 22.571428 1.999993
v -7.250000 22.571424 -13.071705
v -7.000000 22.571424 -13.000006
v -7.000000 23.171429 5.999992
v -7.250000 23.171429 5.999992
v -7.250000 23.171429 6.603546
v -7.000000 23.171429 6.499992
v -3.396447 23.171421 -16.250006
v -3.500000 23.171421 -16.000006
v -7.000000 22.571430 5.999993
v -7.250000 22.571430 5.999993
v -4.000000 23.171429 6.499992
v -3.750000 23.171429 6.603546
v -3.750000 23.171429 5.999992
v -4.000000 23.171429 5.999992
v -4.500000 23.171429 6.999992
v -4.396447 23.171429 7.249992
v -3.750000 23.171429 6.603546
v -4.000000 23.171429 6.499992
v -7.000000 23.171429 6.499992
v -7.250000 23.171429 6.603546
v -6.603553 23.171429 7.249992
v -6.500000 23.171429 6.999992
v -5.500000 22.571430 6.999993
v -5.500000 22.571430 7.249993
v -6.000000 22.571430 7.249993
v -6.000000 22.571430 6.999993
v -7.000000 23.171423 -13.000006
v -7.250000 23.171423 -13.071705
v -7.250000 23.171427 1.999993
v -7.000000 23.171427 1.999993
v -6.603553 22.571430 7.249993
v -6.500000 22.571430 6.999993
v -4.396447 22.571430 7.249993
v -4.500000 22.571430 6.999993
v -4.500000 23.171421 -17.000006
v -4.545441 23.171421 -17.399000
v -7.250000 23.171423 -13.071705
v -7.000000 23.171423 -13.000006
v -5.000000 22.571430 6.999993
v -5.000000 22.571430 7.249993
v -7.000000 23.171429 3.999993
v -7.250000 23.171429 3.999993
v -7.250000 23.171429 5.999992
v -7.000000 23.171429 5.999992
v -6.500000 22.571430 6.999993
v -6.603553 22.571430 7.249993
v -7.250000 22.571430 6.603546
v -7.000000 22.571430 6.499993
v -7.000000 23.171427 1.999993
v -7.250000 23.171427 1.999993
v -4.500000 22.571423 -17.000006
v -4.545441 22.571423 -17.399000
v -3.396447 22.571423 -16.250006
v -3.500000 22.571423 -16.000006
v -4.500000 22.571430 6.999993
v -4.396447 22.571430 7.249993
v -7.000000 22.571430 6.499993
v -7.250000 22.571430 6.603546
v -4.545441 22.171421 -17.399000
v -3.396447 22.171421 -16.250006
v -3.396447 21.571423 -16.250004
v -4.545441 21.571423 -17.398998
v -7.250000 21.571430 3.999993
v -7.250000 22.171429 3.999993
v -7.250000 22.171427 1.999993
v -7.250000 21.571428 1.999993
v -7.250000 21.571430 6.603546
v -7.250000 22.171429 6.603546
v -7.250000 22.171429 5.999993
v -7.250000 21.571430 5.999993
v -7.250000 21.571424 -13.071705
v -7.250000 22.171423 -13.071705
v -4.545441 22.171421 -17.399000
v -4.545441 21.571423 -17.398998
v -7.250000 22.171423 -13.071705
v -7.250000 21.571424 -13.071705
v -3.396447 21.571423 -16.250004
v -3.396447 22.171421 -16.250006
v -3.750000 22.171429 6.603546
v -4.396447 22.171429 7.249993
v -4.396447 21.571430 7.249993
v -3.750000 21.571430 6.603546
v -7.250000 21.571430 6.603546
v -6.603553 21.571430 7.249993
v -6.603553 22.171429 7.249993
v -7.250000 22.171429 6.603546
v -3.500000 21.571423 -16.000006
v -3.396447 21.571423 -16.250004
v -7.000000 21.571430 3.999993
v -7.250000 21.571430 3.999993
v -7.250000 21.571428 1.999993
v -7.000000 21.571428 1.999993
v -4.000000 21.571430 5.999993
v -3.750000 21.571430 5.999993
v -3.750000 21.571430 6.603546
v -4.000000 21.571430 6.499993
v -7.000000 21.571424 -13.000006
v -7.250000 21.571424 -13.071705
v -4.545441 21.571423 -17.398998
v -4.500000 21.571423 -17.000004
v -6.500000 22.171429 6.999993
v -6.603553 22.171429 7.249993
v -4.396447 22.171429 7.249993
v -4.500000 22.171429 6.999993
v -3.500000 22.171421 -16.000006
v -3.396447 22.171421 -16.250006
v -4.545441 22.171421 -17.399000
v -4.500000 22.171421 -17.000006
v -7.000000 21.571428 1.999993
v -7.250000 21.571428 1.999993
v -7.250000 21.571424 -13.071705
v -7.000000 21.571424 -13.000006
v -7.000000 22.171429 5.999993
v -7.250000 22.171429 5.999993
v -7.250000 22.171429 6.603546
v -7.000000 22.171429 6.499993
v -3.396447 22.171421 -16.250006
v -3.500000 22.171421 -16.000006
v -7.000000 21.571430 5.999993
v -7.250000 21.571430 5.999993
v -4.000000 22.171429 6.499993
v -3.750000 22.171429 6.603546
v -3.750000 22.171429 5.999993
v -4.000000 22.171429 5.999993
v -4.500000 22.171429 6.999993
v -4.396447 22.171429 7.249993
v -3.750000 22.171429 6.603546
v -4.000000 22.171429 6.499993
v -7.000000 22.171429 6.499993
v -7.250000 22.171429 6.603546
v -6.603553 22.171429 7.249993
v -6.500000 22.171429 6.999993
v -5.500000 21.571430 6.999993
v -5.500000 21.571430 7.249993
v -6.000000 21.571430 7.249993
v -6.000000 21.571430 6.999993
v -7.000000 22.171423 -13.000006
v -7.250000 22.171423 -13.071705
v -7.250000 22.171427 1.999993
v -7.000000 22.171427 1.999993
v -6.603553 21.571430 7.249993
v -6.500000 21.571430 6.999993
v -4.000000 21.571430 6.499993
v -3.750000 21.571430 6.603546
v -4.396447 21.571430 7.249993
v -4.500000 21.571430 6.999993
v -4.500000 22.171421 -17.000006
v -4.545441 22.171421 -17.399000
v -7.250000 22.171423 -13.071705
v -7.000000 22.171423 -13.000006
v -5.000000 21.571430 6.999993
v -5.000000 21.571430 7.249993
v -7.000000 22.171429 3.999993
v -7.250000 22.171429 3.999993
v -7.250000 22.171429 5.999993
v -7.000000 22.171429 5.999993
v -6.500000 21.571430 6.999993
v -6.603553 21.571430 7.249993
v -7.250000 21.571430 6.603546
v -7.000000 21.571430 6.499993
v -4.500000 21.571423 -17.000004
v -4.545441 21.571423 -17.398998
v -3.396447 21.571423 -16.250004
v -3.500000 21.571423 -16.000006
v -4.500000 21.571430 6.999993
v -4.396447 21.571430 7.249993
v -7.000000 21.571430 6.499993
v -7.250000 21.571430 6.603546
v -7.250000 21.571430 5.999993
v -7.000000 21.571430 5.999993
v -14.707107 0.009998 -5.292893
v -14.000000 0.009998 -5.000000
v -14.000000 2.999998 -5.000000
v -14.707107 2.999998 -5.292894
v -14.000000 0.010000 -1.000000
v -14.707107 0.010000 -0.707107
v -14.707107 3.000000 -0.707108
v -14.000000 3.000000 -1.000001
v -13.292893 0.009999 -2.292893
v -13.000000 0.009999 -3.000000
v -13.000000 2.999999 -3.000001
v -13.292893 2.999999 -2.292894
v -14.707107 0.010000 -0.707107
v -15.000000 0.010000 0.000000
v -15.000000 3.000000 -0.000001
v -14.707107 3.000000 -0.707108
v -13.292893 0.009998 -5.292893
v -13.000000 0.009998 -6.000000
v -13.000000 2.999998 -6.000000
v -13.292893 2.999998 -5.292894
v -14.000000 0.009999 -2.000000
v -13.292893 0.009999 -2.292893
v -13.292893 2.999999 -2.292894
v -14.000000 2.999999 -2.000001
v -15.000000 0.010000 0.000000
v -14.707107 0.010000 0.707107
v -14.707107 3.000000 0.707106
v -15.000000 3.000000 -0.000001
v -14.707107 0.009999 -2.292893
v -14.000000 0.009999 -2.000000
v -14.000000 2.999999 -2.000001
v -14.707107 2.999999 -2.292894
v -14.707107 0.010000 0.707107
v -14.000000 0.010000 1.000000
v -14.000000 3.000000 0.999999
v -14.707107 3.000000 0.707106
v -15.000000 0.009999 -3.000000
v -14.707107 0.009999 -2.292893
v -14.707107 2.999999 -2.292894
v -15.000000 2.999999 -3.000001
v -14.000000 0.010000 1.000000
v -13.292893 0.010000 0.707107
v -13.292893 3.000000 0.707106
v -14.000000 3.000000 0.999999
v -13.292893 0.009999 -3.707106
v -14.000000 0.009999 -4.000000
v -14.000000 2.999999 -4.000000
v -13.292893 2.999999 -3.707107
v -14.707107 0.009999 -3.707107
v -15.000000 0.009999 -3.000000
v -15.000000 2.999999 -3.000001
v -14.707107 2.999999 -3.707108
v -13.292893 0.010000 0.707107
v -13.000000 0.010000 -0.000000
v -13.000000 3.000000 -0.000001
v -13.292893 3.000000 0.707106
v -14.000000 0.009999 -4.000000
v -14.707107 0.009999 -3.707107
v -14.707107 2.999999 -3.707108
v -14.000000 2.999999 -4.000000
v -13.000000 0.010000 -0.000000
v -13.292893 0.010000 -0.707107
v -13.292893 3.000000 -0.707108
v -13.000000 3.000000 -0.000001
v -14.000000 0.009998 -5.000000
v -13.292893 0.009998 -5.292893
v -13.292893 2.999998 -5.292894
v -14.000000 2.999998 -5.000000
v -13.000000 0.009999 -3.000000
v -13.292893 0.009999 -3.707106
v -13.292893 2.999999 -3.707107
v -13.000000 2.999999 -3.000001
v -13.292893 0.010000 -0.707107
v -14.000000 0.010000 -1.000000
v -14.000000 3.000000 -1.000001
v -13.292893 3.000000 -0.707108
v -15.000000 0.009998 -6.000000
v -14.707107 0.009998 -5.292893
v -14.707107 2.999998 -5.292894
v -15.000000 2.999998 -6.000000
v -13.292893 0.009998 -6.707106
v -14.000000 0.009998 -7.000000
v -14.000000 2.999998 -7.000000
v -13.292893 2.999998 -6.707107
v -14.707107 0.009998 -6.707106
v -15.000000 0.009998 -6.000000
v -15.000000 2.999998 -6.000000
v -14.707107 2.999998 -6.707107
v -14.000000 0.009998 -7.000000
v -14.707107 0.009998 -6.707106
v -14.707107 2.999998 -6.707107
v -14.000000 2.999998 -7.000000
v -13.000000 0.009998 -6.000000
v -13.292893 0.009998 -6.707106
v -13.292893 2.999998 -6.707107
v -13.000000 2.999998 -6.000000
v -14.000000 3.249999 -2.270599
v -14.000000 2.999999 -2.000001
v -13.292893 2.999999 -2.292894
v -13.484235 3.249999 -2.484236
v -14.000000 3.250000 -0.729403
v -14.000000 3.000000 -1.000001
v -14.707107 3.000000 -0.707108
v -14.515765 3.250000 -0.515766
v -14.515765 3.249999 -3.515766
v -14.707107 2.999999 -3.707108
v -15.000000 2.999999 -3.000001
v -14.729402 3.249999 -3.000001
v -14.515765 3.250000 -0.515766
v -14.707107 3.000000 -0.707108
v -15.000000 3.000000 -0.000001
v -14.729402 3.250000 -0.000001
v -14.729402 3.250000 -0.000001
v -15.000000 3.000000 -0.000001
v -14.707107 3.000000 0.707106
v -14.515765 3.250000 0.515764
v -14.515765 3.249999 -2.484236
v -14.707107 2.999999 -2.292894
v -14.000000 2.999999 -2.000001
v -14.000000 3.249999 -2.270599
v -14.515765 3.250000 0.515764
v -14.707107 3.000000 0.707106
v -14.000000 3.000000 0.999999
v -14.000000 3.250000 0.729401
v -14.000000 3.250000 0.729401
v -14.000000 3.000000 0.999999
v -13.292893 3.000000 0.707106
v -13.484235 3.250000 0.515764
v -14.000000 3.249999 -3.729403
v -14.000000 2.999999 -4.000000
v -14.707107 2.999999 -3.707108
v -14.515765 3.249999 -3.515766
v -13.484235 3.250000 0.515764
v -13.292893 3.000000 0.707106
v -13.000000 3.000000 -0.000001
v -13.270598 3.250000 -0.000001
v -14.729402 3.249999 -3.000001
v -15.000000 2.999999 -3.000001
v -14.707107 2.999999 -2.292894
v -14.515765 3.249999 -2.484236
v -13.270598 3.250000 -0.000001
v -13.000000 3.000000 -0.000001
v -13.292893 3.000000 -0.707108
v -13.484235 3.250000 -0.515766
v -13.484235 3.250000 -0.515766
v -13.292893 3.000000 -0.707108
v -14.000000 3.000000 -1.000001
v -14.000000 3.250000 -0.729403
v -13.484235 3.249999 -2.484236
v -13.292893 2.999999 -2.292894
v -13.000000 2.999999 -3.000001
v -13.270598 3.249999 -3.000001
v -13.270598 3.249999 -3.000001
v -13.000000 2.999999 -3.000001
v -13.292893 2.999999 -3.707107
v -13.484235 3.249999 -3.515766
v -13.484235 3.249999 -3.515766
v -13.292893 2.999999 -3.707107
v -14.000000 2.999999 -4.000000
v -14.000000 3.249999 -3.729403
v -14.000000 3.249998 -5.270598
v -14.000000 2.999998 -5.000000
v -13.292893 2.999998 -5.292894
v -13.484235 3.249998 -5.484236
v -14.515765 3.249998 -6.515765
v -14.707107 2.999998 -6.707107
v -15.000000 2.999998 -6.000000
v -14.729402 3.249998 -6.000000
v -14.515765 3.249998 -5.484236
v -14.707107 2.999998 -5.292894
v -14.000000 2.999998 -5.000000
v -14.000000 3.249998 -5.270598
v -14.000000 3.249998 -6.729403
v -14.000000 2.999998 -7.000000
v -14.707107 2.999998 -6.707107
v -14.515765 3.249998 -6.515765
v -14.729402 3.249998 -6.000000
v -15.000000 2.999998 -6.000000
v -14.707107 2.999998 -5.292894
v -14.515765 3.249998 -5.484236
v -13.484235 3.249998 -5.484236
v -13.292893 2.999998 -5.292894
v -13.000000 2.999998 -6.000000
v -13.270598 3.249998 -6.000000
v -13.270598 3.249998 -6.000000
v -13.000000 2.999998 -6.000000
v -13.292893 2.999998 -6.707107
v -13.484235 3.249998 -6.515765
v -13.484235 3.249998 -6.515765
v -13.292893 2.999998 -6.707107
v -14.000000 2.999998 -7.000000
v -14.000000 3.249998 -6.729403
v -14.000000 6.249999 -2.270600
v -14.000000 3.249999 -2.270599
v -13.484235 3.249999 -2.484236
v -13.484235 6.249999 -2.484237
v -14.000000 6.250000 -0.729404
v -14.000000 3.250000 -0.729403
v -14.515765 3.250000 -0.515766
v -14.515765 6.250000 -0.515767
v -14.515765 6.249999 -3.515767
v -14.515765 3.249999 -3.515766
v -14.729402 3.249999 -3.000001
v -14.729402 6.249999 -3.000002
v -14.515765 6.250000 -0.515767
v -14.515765 3.250000 -0.515766
v -14.729402 3.250000 -0.000001
v -14.729402 6.250000 -0.000002
v -14.729402 6.250000 -0.000002
v -14.729402 3.250000 -0.000001
v -14.515765 3.250000 0.515764
v -14.515765 6.250000 0.515763
v -14.515765 6.249999 -2.484236
v -14.515765 3.249999 -2.484236
v -14.000000 3.249999 -2.270599
v -14.000000 6.249999 -2.270600
v -14.515765 6.250000 0.515763
v -14.515765 3.250000 0.515764
v -14.000000 3.250000 0.729401
v -14.000000 6.250000 0.729400
v -14.000000 6.250000 0.729400
v -14.000000 3.250000 0.729401
v -13.484235 3.250000 0.515764
v -13.484235 6.250000 0.515763
v -14.000000 6.249999 -3.729403
v -14.000000 3.249999 -3.729403
v -14.515765 3.249999 -3.515766
v -14.515765 6.249999 -3.515767
v -13.484235 6.250000 0.515763
v -13.484235 3.250000 0.515764
v -13.270598 3.250000 -0.000001
v -13.270598 6.250000 -0.000002
v -14.729402 6.249999 -3.000002
v -14.729402 3.249999 -3.000001
v -14.515765 3.249999 -2.484236
v -14.515765 6.249999 -2.484236
v -13.270598 6.250000 -0.000002
v -13.270598 3.250000 -0.000001
v -13.484235 3.250000 -0.515766
v -13.484235 6.250000 -0.515767
v -13.484235 6.250000 -0.515767
v -13.484235 3.250000 -0.515766
v -14.000000 3.250000 -0.729403
v -14.000000 6.250000 -0.729404
v -13.484235 6.249999 -2.484237
v -13.484235 3.249999 -2.484236
v -13.270598 3.249999 -3.000001
v -13.270598 6.249999 -3.000002
v -13.270598 6.249999 -3.000002
v -13.270598 3.249999 -3.000001
v -13.484235 3.249999 -3.515766
v -13.484235 6.249999 -3.515767
v -13.484235 6.249999 -3.515767
v -13.484235 3.249999 -3.515766
v -14.000000 3.249999 -3.729403
v -14.000000 6.249999 -3.729403
v -14.000000 6.249998 -5.270599
v -14.000000 3.249998 -5.270598
v -13.484235 3.249998 -5.484236
v -13.484235 6.249998 -5.484237
v -14.515765 6.249998 -6.515766
v -14.515765 3.249998 -6.515765
v -14.729402 3.249998 -6.000000
v -14.729402 6.249998 -6.000001
v -14.515765 6.249998 -5.484237
v -14.515765 3.249998 -5.484236
v -14.000000 3.249998 -5.270598
v -14.000000 6.249998 -5.270599
v -14.000000 6.249998 -6.729403
v -14.000000 3.249998 -6.729403
v -14.515765 3.249998 -6.515765
v -14.515765 6.249998 -6.515766
v -14.729402 6.249998 -6.000001
v -14.729402 3.249998 -6.000000
v -14.515765 3.249998 -5.484236
v -14.515765 6.249998 -5.484237
v -13.484235 6.249998 -5.484237
v -13.484235 3.249998 -5.484236
v -13.270598 3.249998 -6.000000
v -13.270598 6.249998 -6.000001
v -13.270598 6.249998 -6.000001
v -13.270598 3.249998 -6.000000
v -13.484235 3.249998 -6.515765
v -13.484235 6.249998 -6.515766
v -13.484235 6.249998 -6.515766
v -13.484235 3.249998 -6.515765
v -14.000000 3.249998 -6.729403
v -14.000000 6.249998 -6.729403
v -14.000000 7.249999 -2.270600
v -14.000000 6.249999 -2.270600
v -13.484235 6.249999 -2.484237
v -13.484235 7.249999 -2.484237
v -14.000000 7.250000 -0.729404
v -14.000000 6.250000 -0.729404
v -14.515765 6.250000 -0.515767
v -14.515765 7.250000 -0.515767
v -14.515765 7.249999 -3.515767
v -14.515765 6.249999 -3.515767
v -14.729402 6.249999 -3.000002
v -14.729402 7.249999 -3.000002
v -14.515765 7.250000 -0.515767
v -14.515765 6.250000 -0.515767
v -14.729402 6.250000 -0.000002
v -14.729402 7.250000 -0.000002
v -14.729402 7.250000 -0.000002
v -14.729402 6.250000 -0.000002
v -14.515765 6.250000 0.515763
v -14.515765 7.250000 0.515763
v -14.515765 7.249999 -2.484237
v -14.515765 6.249999 -2.484236
v -14.000000 6.249999 -2.270600
v -14.000000 7.249999 -2.270600
v -14.515765 7.250000 0.515763
v -14.515765 6.250000 0.515763
v -14.000000 6.250000 0.729400
v -14.000000 7.250000 0.729400
v -14.000000 7.250000 0.729400
v -14.000000 6.250000 0.729400
v -13.484235 6.250000 0.515763
v -13.484235 7.250000 0.515763
v -14.000000 7.249999 -3.729404
v -14.000000 6.249999 -3.729403
v -14.515765 6.249999 -3.515767
v -14.515765 7.249999 -3.515767
v -13.484235 7.250000 0.515763
v -13.484235 6.250000 0.515763
v -13.270598 6.250000 -0.000002
v -13.270598 7.250000 -0.000002
v -14.729402 7.249999 -3.000002
v -14.729402 6.249999 -3.000002
v -14.515765 6.249999 -2.484236
v -14.515765 7.249999 -2.484237
v -13.270598 7.250000 -0.000002
v -13.270598 6.250000 -0.000002
v -13.484235 6.250000 -0.515767
v -13.484235 7.250000 -0.515767
v -13.484235 7.250000 -0.515767
v -13.484235 6.250000 -0.515767
v -14.000000 6.250000 -0.729404
v -14.000000 7.250000 -0.729404
v -13.484235 7.249999 -2.484237
v -13.484235 6.249999 -2.484237
v -13.270598 6.249999 -3.000002
v -13.270598 7.249999 -3.000002
v -13.270598 7.249999 -3.000002
v -13.270598 6.249999 -3.000002
v -13.484235 6.249999 -3.515767
v -13.484235 7.249999 -3.515767
v -13.484235 7.249999 -3.515767
v -13.484235 6.249999 -3.515767
v -14.000000 6.249999 -3.729403
v -14.000000 7.249999 -3.729404
v -14.000000 7.249998 -5.270600
v -14.000000 6.249998 -5.270599
v -13.484235 6.249998 -5.484237
v -13.484235 7.249998 -5.484237
v -14.515765 7.249998 -6.515767
v -14.515765 6.249998 -6.515766
v -14.729402 6.249998 -6.000001
v -14.729402 7.249998 -6.000002
v -14.515765 7.249998 -5.484237
v -14.515765 6.249998 -5.484237
v -14.000000 6.249998 -5.270599
v -14.000000 7.249998 -5.270600
v -14.000000 7.249998 -6.729404
v -14.000000 6.249998 -6.729403
v -14.515765 6.249998 -6.515766
v -14.515765 7.249998 -6.515767
v -14.729402 7.249998 -6.000002
v -14.729402 6.249998 -6.000001
v -14.515765 6.249998 -5.484237
v -14.515765 7.249998 -5.484237
v -13.484235 7.249998 -5.484237
v -13.484235 6.249998 -5.484237
v -13.270598 6.249998 -6.000001
v -13.270598 7.249998 -6.000002
v -13.270598 7.249998 -6.000002
v -13.270598 6.249998 -6.000001
v -13.484235 6.249998 -6.515766
v -13.484235 7.249998 -6.515767
v -13.484235 7.249998 -6.515767
v -13.484235 6.249998 -6.515766
v -14.000000 6.249998 -6.729403
v -14.000000 7.249998 -6.729404
v -14.000000 10.249998 -2.270601
v -14.000000 7.249999 -2.270600
v -13.484235 7.249999 -2.484237
v -13.484235 10.249998 -2.484238
v -14.000000 10.249999 -0.729405
v -14.000000 7.250000 -0.729404
v -14.515765 7.250000 -0.515767
v -14.515765 10.249999 -0.515768
v -14.515765 10.249998 -3.515768
v -14.515765 7.249999 -3.515767
v -14.729402 7.249999 -3.000002
v -14.729402 10.249998 -3.000003
v -14.515765 10.249999 -0.515768
v -14.515765 7.250000 -0.515767
v -14.729402 7.250000 -0.000002
v -14.729402 10.249999 -0.000003
v -14.729402 10.249999 -0.000003
v -14.729402 7.250000 -0.000002
v -14.515765 7.250000 0.515763
v -14.515765 10.249999 0.515762
v -14.515765 10.249998 -2.484238
v -14.515765 7.249999 -2.484237
v -14.000000 7.249999 -2.270600
v -14.000000 10.249998 -2.270601
v -14.515765 10.249999 0.515762
v -14.515765 7.250000 0.515763
v -14.000000 7.250000 0.729400
v -14.000000 10.249999 0.729399
v -14.000000 10.249999 0.729399
v -14.000000 7.250000 0.729400
v -13.484235 7.250000 0.515763
v -13.484235 10.249999 0.515762
v -14.000000 10.249998 -3.729405
v -14.000000 7.249999 -3.729404
v -14.515765 7.249999 -3.515767
v -14.515765 10.249998 -3.515768
v -13.484235 10.249999 0.515762
v -13.484235 7.250000 0.515763
v -13.270598 7.250000 -0.000002
v -13.270598 10.249999 -0.000003
v -14.729402 10.249998 -3.000003
v -14.729402 7.249999 -3.000002
v -14.515765 7.249999 -2.484237
v -14.515765 10.249998 -2.484238
v -13.270598 10.249999 -0.000003
v -13.270598 7.250000 -0.000002
v -13.484235 7.250000 -0.515767
v -13.484235 10.249999 -0.515768
v -13.484235 10.249999 -0.515768
v -13.484235 7.250000 -0.515767
v -14.000000 7.250000 -0.729404
v -14.000000 10.249999 -0.729405
v -13.484235 10.249998 -2.484238
v -13.484235 7.249999 -2.484237
v -13.270598 7.249999 -3.000002
v -13.270598 10.249998 -3.000003
v -13.270598 10.249998 -3.000003
v -13.270598 7.249999 -3.000002
v -13.484235 7.249999 -3.515767
v -13.484235 10.249998 -3.515768
v -13.484235 10.249998 -3.515768
v -13.484235 7.249999 -3.515767
v -14.000000 7.249999 -3.729404
v -14.000000 10.249998 -3.729405
v -14.000000 10.249997 -5.270601
v -14.000000 7.249998 -5.270600
v -13.484235 7.249998 -5.484237
v -13.484235 10.249997 -5.484238
v -14.515765 10.249997 -6.515768
v -14.515765 7.249998 -6.515767
v -14.729402 7.249998 -6.000002
v -14.729402 10.249997 -6.000003
v -14.515765 10.249997 -5.484238
v -14.515765 7.249998 -5.484237
v -14.000000 7.249998 -5.270600
v -14.000000 10.249997 -5.270601
v -14.000000 10.249997 -6.729405
v -14.000000 7.249998 -6.729404
v -14.515765 7.249998 -6.515767
v -14.515765 10.249997 -6.515768
v -14.729402 10.249997 -6.000003
v -14.729402 7.249998 -6.000002
v -14.515765 7.249998 -5.484237
v -14.515765 10.249997 -5.484238
v -13.484235 10.249997 -5.484238
v -13.484235 7.249998 -5.484237
v -13.270598 7.249998 -6.000002
v -13.270598 10.249997 -6.000003
v -13.270598 10.249997 -6.000003
v -13.270598 7.249998 -6.000002
v -13.484235 7.249998 -6.515767
v -13.484235 10.249997 -6.515768
v -13.484235 10.249997 -6.515768
v -13.484235 7.249998 -6.515767
v -14.000000 7.249998 -6.729404
v -14.000000 10.249997 -6.729405
v -13.999999 11.249998 -2.270601
v -14.000000 10.249998 -2.270601
v -13.484235 10.249998 -2.484238
v -13.484234 11.249998 -2.484238
v -14.000000 11.249999 -0.729405
v -14.000000 10.249999 -0.729405
v -14.515765 10.249999 -0.515768
v -14.515765 11.249999 -0.515768
v -14.515764 11.249998 -3.515768
v -14.515765 10.249998 -3.515768
v -14.729402 10.249998 -3.000003
v -14.729401 11.249998 -3.000003
v -14.515765 11.249999 -0.515768
v -14.515765 10.249999 -0.515768
v -14.729402 10.249999 -0.000003
v -14.729402 11.249999 -0.000003
v -14.729402 11.249999 -0.000003
v -14.729402 10.249999 -0.000003
v -14.515765 10.249999 0.515762
v -14.515765 11.249999 0.515762
v -14.515764 11.249998 -2.484238
v -14.515765 10.249998 -2.484238
v -14.000000 10.249998 -2.270601
v -13.999999 11.249998 -2.270601
v -14.515765 11.249999 0.515762
v -14.515765 10.249999 0.515762
v -14.000000 10.249999 0.729399
v -14.000000 11.249999 0.729398
v -14.000000 11.249999 0.729398
v -14.000000 10.249999 0.729399
v -13.484235 10.249999 0.515762
v -13.484235 11.249999 0.515761
v -13.999999 11.249998 -3.729405
v -14.000000 10.249998 -3.729405
v -14.515765 10.249998 -3.515768
v -14.515764 11.249998 -3.515768
v -13.484235 11.249999 0.515761
v -13.484235 10.249999 0.515762
v -13.270598 10.249999 -0.000003
v -13.270598 11.249999 -0.000003
v -14.729401 11.249998 -3.000003
v -14.729402 10.249998 -3.000003
v -14.515765 10.249998 -2.484238
v -14.515764 11.249998 -2.484238
v -13.270598 11.249999 -0.000003
v -13.270598 10.249999 -0.000003
v -13.484235 10.249999 -0.515768
v -13.484235 11.249999 -0.515768
v -13.484235 11.249999 -0.515768
v -13.484235 10.249999 -0.515768
v -14.000000 10.249999 -0.729405
v -14.000000 11.249999 -0.729405
v -13.484234 11.249998 -2.484238
v -13.484235 10.249998 -2.484238
v -13.270598 10.249998 -3.000003
v -13.270597 11.249998 -3.000003
v -13.270597 11.249998 -3.000003
v -13.270598 10.249998 -3.000003
v -13.484235 10.249998 -3.515768
v -13.484234 11.249998 -3.515768
v -13.484234 11.249998 -3.515768
v -13.484235 10.249998 -3.515768
v -14.000000 10.249998 -3.729405
v -13.999999 11.249998 -3.729405
v -14.000000 11.249997 -5.270601
v -14.000000 10.249997 -5.270601
v -13.484235 10.249997 -5.484238
v -13.484235 11.249997 -5.484238
v -14.515765 11.249997 -6.515768
v -14.515765 10.249997 -6.515768
v -14.729402 10.249997 -6.000003
v -14.729402 11.249997 -6.000003
v -14.515765 11.249997 -5.484238
v -14.515765 10.249997 -5.484238
v -14.000000 10.249997 -5.270601
v -14.000000 11.249997 -5.270601
v -14.000000 11.249997 -6.729405
v -14.000000 10.249997 -6.729405
v -14.515765 10.249997 -6.515768
v -14.515765 11.249997 -6.515768
v -14.729402 11.249997 -6.000003
v -14.729402 10.249997 -6.000003
v -14.515765 10.249997 -5.484238
v -14.515765 11.249997 -5.484238
v -13.484235 11.249997 -5.484238
v -13.484235 10.249997 -5.484238
v -13.270598 10.249997 -6.000003
v -13.270598 11.249997 -6.000003
v -13.270598 11.249997 -6.000003
v -13.270598 10.249997 -6.000003
v -13.484235 10.249997 -6.515768
v -13.484235 11.249997 -6.515768
v -13.484235 11.249997 -6.515768
v -13.484235 10.249997 -6.515768
v -14.000000 10.249997 -6.729405
v -14.000000 11.249997 -6.729405
v -13.999999 13.249998 -2.270602
v -13.999999 11.249998 -2.270601
v -13.484234 11.249998 -2.484238
v -13.484234 13.249998 -2.484239
v -14.000001 13.249999 -0.729406
v -14.000000 11.249999 -0.729405
v -14.515765 11.249999 -0.515768
v -14.515766 13.249999 -0.515769
v -14.515764 13.249998 -3.515769
v -14.515764 11.249998 -3.515768
v -14.729401 11.249998 -3.000003
v -14.729401 13.249998 -3.000004
v -14.515766 13.249999 -0.515769
v -14.515765 11.249999 -0.515768
v -14.729402 11.249999 -0.000003
v -14.729403 13.249999 -0.000004
v -14.729403 13.249999 -0.000004
v -14.729402 11.249999 -0.000003
v -14.515765 11.249999 0.515762
v -14.515766 13.249999 0.515761
v -14.515764 13.249998 -2.484239
v -14.515764 11.249998 -2.484238
v -13.999999 11.249998 -2.270601
v -13.999999 13.249998 -2.270602
v -14.515766 13.249999 0.515761
v -14.515765 11.249999 0.515762
v -14.000000 11.249999 0.729398
v -14.000001 13.249999 0.729398
v -14.000001 13.249999 0.729398
v -14.000000 11.249999 0.729398
v -13.484235 11.249999 0.515761
v -13.484236 13.249999 0.515761
v -13.999999 13.249998 -3.729406
v -13.999999 11.249998 -3.729405
v -14.515764 11.249998 -3.515768
v -14.515764 13.249998 -3.515769
v -13.484236 13.249999 0.515761
v -13.484235 11.249999 0.515761
v -13.270598 11.249999 -0.000003
v -13.270599 13.249999 -0.000004
v -14.729401 13.249998 -3.000004
v -14.729401 11.249998 -3.000003
v -14.515764 11.249998 -2.484238
v -14.515764 13.249998 -2.484239
v -13.270599 13.249999 -0.000004
v -13.270598 11.249999 -0.000003
v -13.484235 11.249999 -0.515768
v -13.484236 13.249999 -0.515769
v -13.484236 13.249999 -0.515769
v -13.484235 11.249999 -0.515768
v -14.000000 11.249999 -0.729405
v -14.000001 13.249999 -0.729406
v -13.484234 13.249998 -2.484239
v -13.484234 11.249998 -2.484238
v -13.270597 11.249998 -3.000003
v -13.270597 13.249998 -3.000004
v -13.270597 13.249998 -3.000004
v -13.270597 11.249998 -3.000003
v -13.484234 11.249998 -3.515768
v -13.484234 13.249998 -3.515769
v -13.484234 13.249998 -3.515769
v -13.484234 11.249998 -3.515768
v -13.999999 11.249998 -3.729405
v -13.999999 13.249998 -3.729406
v -14.000000 13.249997 -5.270601
v -14.000000 11.249997 -5.270601
v -13.484235 11.249997 -5.484238
v -13.484235 13.249997 -5.484239
v -14.515765 13.249997 -6.515768
v -14.515765 11.249997 -6.515768
v -14.729402 11.249997 -6.000003
v -14.729402 13.249997 -6.000003
v -14.515765 13.249997 -5.484239
v -14.515765 11.249997 -5.484238
v -14.000000 11.249997 -5.270601
v -14.000000 13.249997 -5.270601
v -14.000000 13.249997 -6.729405
v -14.000000 11.249997 -6.729405
v -14.515765 11.249997 -6.515768
v -14.515765 13.249997 -6.515768
v -14.729402 13.249997 -6.000003
v -14.729402 11.249997 -6.000003
v -14.515765 11.249997 -5.484238
v -14.515765 13.249997 -5.484239
v -13.484235 13.249997 -5.484239
v -13.484235 11.249997 -5.484238
v -13.270598 11.249997 -6.000003
v -13.270598 13.249997 -6.000003
v -13.270598 13.249997 -6.000003
v -13.270598 11.249997 -6.000003
v -13.484235 11.249997 -6.515768
v -13.484235 13.249997 -6.515768
v -13.484235 13.249997 -6.515768
v -13.484235 11.249997 -6.515768
v -14.000000 11.249997 -6.729405
v -14.000000 13.249997 -6.729405
v -13.999999 13.499998 -2.541200
v -13.999999 13.249998 -2.270602
v -13.484234 13.249998 -2.484239
v -13.675575 13.499998 -2.675581
v -14.000001 13.499999 -0.458808
v -14.000001 13.249999 -0.729406
v -14.515766 13.249999 -0.515769
v -14.324425 13.499999 -0.324427
v -14.324423 13.499998 -3.324427
v -14.515764 13.249998 -3.515769
v -14.729401 13.249998 -3.000004
v -14.458802 13.499998 -3.000004
v -14.324425 13.499999 -0.324427
v -14.515766 13.249999 -0.515769
v -14.729403 13.249999 -0.000004
v -14.458804 13.499999 -0.000004
v -14.458804 13.499999 -0.000004
v -14.729403 13.249999 -0.000004
v -14.515766 13.249999 0.515761
v -14.324425 13.499999 0.324419
v -14.324423 13.499998 -2.675581
v -14.515764 13.249998 -2.484239
v -13.999999 13.249998 -2.270602
v -13.999999 13.499998 -2.541200
v -14.324425 13.499999 0.324419
v -14.515766 13.249999 0.515761
v -14.000001 13.249999 0.729398
v -14.000001 13.499999 0.458800
v -14.000001 13.499999 0.458800
v -14.000001 13.249999 0.729398
v -13.484236 13.249999 0.515761
v -13.675577 13.499999 0.324419
v -13.999999 13.499998 -3.458807
v -13.999999 13.249998 -3.729406
v -14.515764 13.249998 -3.515769
v -14.324423 13.499998 -3.324427
v -13.675577 13.499999 0.324419
v -13.484236 13.249999 0.515761
v -13.270599 13.249999 -0.000004
v -13.541198 13.499999 -0.000004
v -14.458802 13.499998 -3.000004
v -14.729401 13.249998 -3.000004
v -14.515764 13.249998 -2.484239
v -14.324423 13.499998 -2.675581
v -13.541198 13.499999 -0.000004
v -13.270599 13.249999 -0.000004
v -13.484236 13.249999 -0.515769
v -13.675577 13.499999 -0.324427
v -13.675577 13.499999 -0.324427
v -13.484236 13.249999 -0.515769
v -14.000001 13.249999 -0.729406
v -14.000001 13.499999 -0.458808
v -13.675575 13.499998 -2.675581
v -13.484234 13.249998 -2.484239
v -13.270597 13.249998 -3.000004
v -13.541196 13.499998 -3.000004
v -13.541196 13.499998 -3.000004
v -13.270597 13.249998 -3.000004
v -13.484234 13.249998 -3.515769
v -13.675575 13.499998 -3.324427
v -13.675575 13.499998 -3.324427
v -13.484234 13.249998 -3.515769
v -13.999999 13.249998 -3.729406
v -13.999999 13.499998 -3.458807
v -14.000000 13.499997 -5.541200
v -14.000000 13.249997 -5.270601
v -13.484235 13.249997 -5.484239
v -13.675576 13.499997 -5.675581
v -14.324424 13.499997 -6.324427
v -14.515765 13.249997 -6.515768
v -14.729402 13.249997 -6.000003
v -14.458803 13.499997 -6.000004
v -14.324424 13.499997 -5.675581
v -14.515765 13.249997 -5.484239
v -14.000000 13.249997 -5.270601
v -14.000000 13.499997 -5.541200
v -14.000000 13.499997 -6.458808
v -14.000000 13.249997 -6.729405
v -14.515765 13.249997 -6.515768
v -14.324424 13.499997 -6.324427
v -14.458803 13.499997 -6.000004
v -14.729402 13.249997 -6.000003
v -14.515765 13.249997 -5.484239
v -14.324424 13.499997 -5.675581
v -13.675576 13.499997 -5.675581
v -13.484235 13.249997 -5.484239
v -13.270598 13.249997 -6.000003
v -13.541197 13.499997 -6.000004
v -13.541197 13.499997 -6.000004
v -13.270598 13.249997 -6.000003
v -13.484235 13.249997 -6.515768
v -13.675576 13.499997 -6.324427
v -13.675576 13.499997 -6.324427
v -13.484235 13.249997 -6.515768
v -14.000000 13.249997 -6.729405
v -14.000000 13.499997 -6.458808
v -2.348225 0.999995 -16.749998
v -3.048222 0.999995 -16.749998
v -3.048222 3.999995 -16.750000
v -2.348225 3.999995 -16.750000
v -2.098225 0.999995 -15.999999
v -2.098225 0.999995 -16.499998
v -2.098225 3.999995 -16.500000
v -2.098225 3.999995 -16.000000
v -3.298222 3.999995 -16.000000
v -3.298222 3.999995 -16.500000
v -3.298222 0.999995 -16.499998
v -3.298222 0.999995 -15.999999
v -3.298222 3.999995 -16.000000
v -3.298222 23.999992 -16.000006
v -3.298222 23.999992 -16.500006
v -3.298222 3.999995 -16.500000
v -2.098225 3.999995 -16.500000
v -2.098225 23.999992 -16.500006
v -2.098225 23.999992 -16.000006
v -2.098225 3.999995 -16.000000
v -3.048222 23.999992 -16.750006
v -2.348225 23.999992 -16.750006
v -0.848225 0.999995 -16.749998
v -1.548222 0.999995 -16.749998
v -1.548222 3.999995 -16.750000
v -0.848225 3.999995 -16.750000
v -0.598225 0.999995 -15.999999
v -0.598225 0.999995 -16.499998
v -0.598225 3.999995 -16.500000
v -0.598225 3.999995 -16.000000
v -1.798222 3.999995 -16.000000
v -1.798222 3.999995 -16.500000
v -1.798222 0.999995 -16.499998
v -1.798222 0.999995 -15.999999
v -1.798222 3.999995 -16.000000
v -1.798222 23.999992 -16.000006
v -1.798222 23.999992 -16.500006
v -1.798222 3.999995 -16.500000
v -0.598225 3.999995 -16.500000
v -0.598225 23.999992 -16.500006
v -0.598225 23.999992 -16.000006
v -0.598225 3.999995 -16.000000
v -1.548222 23.999992 -16.750006
v -0.848225 23.999992 -16.750006
v -2.348225 3.999995 -16.750000
v -2.098225 3.999995 -16.500000
v -2.098225 0.999995 -16.499998
v -2.348225 0.999995 -16.749998
v -3.048222 0.999995 -16.749998
v -3.298222 0.999995 -16.499998
v -3.298222 3.999995 -16.500000
v -3.048222 3.999995 -16.750000
v -3.298222 23.999992 -16.500006
v -3.048222 23.999992 -16.750006
v -2.348225 23.999992 -16.750006
v -2.098225 23.999992 -16.500006
v -0.848225 3.999995 -16.750000
v -0.598225 3.999995 -16.500000
v -0.598225 0.999995 -16.499998
v -0.848225 0.999995 -16.749998
v -1.548222 0.999995 -16.749998
v -1.798222 0.999995 -16.499998
v -1.798222 3.999995 -16.500000
v -1.548222 3.999995 -16.750000
v -1.798222 23.999992 -16.500006
v -1.548222 23.999992 -16.750006
v -0.848225 23.999992 -16.750006
v -0.598225 23.999992 -16.500006
v -1.648222 24.149992 -16.150005
v -1.648222 24.999992 -16.150005
v -1.648222 24.999992 -16.437874
v -1.648222 24.149992 -16.437874
v -1.648222 24.149992 -16.437874
v -1.648222 24.999992 -16.437874
v -1.486090 24.999992 -16.600006
v -1.486090 24.149992 -16.600006
v -2.248225 24.149992 -16.437874
v -2.248225 24.999992 -16.437874
v -2.248225 24.999992 -16.150005
v -2.248225 24.149992 -16.150005
v -0.748225 24.149992 -16.437874
v -0.748225 24.999992 -16.437874
v -0.748225 24.999992 -16.150005
v -0.748225 24.149992 -16.150005
v -2.410357 24.149992 -16.600006
v -2.348225 23.999992 -16.750006
v -3.048222 23.999992 -16.750006
v -2.986089 24.149992 -16.600006
v -2.248225 24.149992 -16.150005
v -2.098225 23.999992 -16.000006
v -2.098225 23.999992 -16.500006
v -2.248225 24.149992 -16.437874
v -3.148221 24.149992 -16.437874
v -3.298222 23.999992 -16.500006
v -3.298222 23.999992 -16.000006
v -3.148221 24.149992 -16.150005
v -0.910357 24.149992 -16.600006
v -0.848225 23.999992 -16.750006
v -1.548222 23.999992 -16.750006
v -1.486090 24.149992 -16.600006
v -0.748225 24.149992 -16.150005
v -0.598225 23.999992 -16.000006
v -0.598225 23.999992 -16.500006
v -0.748225 24.149992 -16.437874
v -1.648222 24.149992 -16.437874
v -1.798222 23.999992 -16.500006
v -1.798222 23.999992 -16.000006
v -1.648222 24.149992 -16.150005
v -2.986089 24.149992 -16.600006
v -3.048222 23.999992 -16.750006
v -3.298222 23.999992 -16.500006
v -3.148221 24.149992 -16.437874
v -2.248225 24.149992 -16.437874
v -2.098225 23.999992 -16.500006
v -2.348225 23.999992 -16.750006
v -2.410357 24.149992 -16.600006
v -1.486090 24.149992 -16.600006
v -1.548222 23.999992 -16.750006
v -1.798222 23.999992 -16.500006
v -1.648222 24.149992 -16.437874
v -0.748225 24.149992 -16.437874
v -0.598225 23.999992 -16.500006
v -0.848225 23.999992 -16.750006
v -0.910357 24.149992 -16.600006
v -3.148221 24.149992 -16.150005
v -3.298222 23.999992 -16.000006
v -2.098225 23.999992 -16.000006
v -2.248225 24.149992 -16.150005
v -1.648222 24.149992 -16.150005
v -1.798222 23.999992 -16.000006
v -0.598225 23.999992 -16.000006
v -0.748225 24.149992 -16.150005
v -0.748225 26.432938 -15.972282
v -0.748225 26.263731 -15.739392
v -2.248225 24.999992 -16.150005
v -2.248225 26.263731 -15.739392
v -3.148221 26.263731 -15.739392
v -3.148221 24.999992 -16.150005
v -2.410357 24.999992 -16.600006
v -2.410357 26.528236 -16.103449
v -2.248225 26.432938 -15.972282
v -2.248225 24.999992 -16.437874
v -2.986089 24.999992 -16.600006
v -2.986089 26.528236 -16.103449
v -2.410357 26.528236 -16.103449
v -2.410357 24.999992 -16.600006
v -3.148221 24.149992 -16.150005
v -3.148221 24.999992 -16.150005
v -3.148221 24.999992 -16.437874
v -3.148221 24.149992 -16.437874
v -0.910357 24.149992 -16.600006
v -0.910357 24.999992 -16.600006
v -0.748225 24.999992 -16.437874
v -0.748225 24.149992 -16.437874
v -0.748225 24.149992 -16.150005
v -0.748225 24.999992 -16.150005
v -1.648222 24.999992 -16.150005
v -1.648222 24.149992 -16.150005
v -3.148221 24.149992 -16.437874
v -3.148221 24.999992 -16.437874
v -2.986089 24.999992 -16.600006
v -2.986089 24.149992 -16.600006
v -1.486090 24.149992 -16.600006
v -1.486090 24.999992 -16.600006
v -0.910357 24.999992 -16.600006
v -0.910357 24.149992 -16.600006
v -2.986089 24.149992 -16.600006
v -2.986089 24.999992 -16.600006
v -2.410357 24.999992 -16.600006
v -2.410357 24.149992 -16.600006
v -2.410357 24.149992 -16.600006
v -2.410357 24.999992 -16.600006
v -2.248225 24.999992 -16.437874
v -2.248225 24.149992 -16.437874
v -2.248225 24.149992 -16.150005
v -2.248225 24.999992 -16.150005
v -3.148221 24.999992 -16.150005
v -3.148221 24.149992 -16.150005
v -2.248225 26.263731 -15.739392
v -2.248225 27.044764 -14.664394
v -3.148221 27.044764 -14.664394
v -3.148221 26.263731 -15.739392
v -2.410357 26.528236 -16.103449
v -2.410357 27.472742 -14.803449
v -2.248225 27.318544 -14.753348
v -2.248225 26.432938 -15.972282
v -2.986089 26.528236 -16.103449
v -2.986089 27.472742 -14.803449
v -2.410357 27.472742 -14.803449
v -2.410357 26.528236 -16.103449
v -1.486090 26.528236 -16.103449
v -1.486090 27.472742 -14.803449
v -0.910357 27.472742 -14.803449
v -0.910357 26.528236 -16.103449
v -2.248225 26.432938 -15.972282
v -2.248225 26.263731 -15.739392
v -1.648222 24.999992 -16.437874
v -1.648222 26.432938 -15.972282
v -1.486090 26.528236 -16.103449
v -1.486090 24.999992 -16.600006
v -1.648222 26.263731 -15.739392
v -1.648222 26.432938 -15.972282
v -3.148221 26.263731 -15.739392
v -3.148221 26.432938 -15.972282
v -0.910357 24.999992 -16.600006
v -0.910357 26.528236 -16.103449
v -0.748225 26.432938 -15.972282
v -0.748225 24.999992 -16.437874
v -0.748225 24.999992 -16.150005
v -0.748225 26.263731 -15.739392
v -1.648222 26.263731 -15.739392
v -1.648222 24.999992 -16.150005
v -3.148221 24.999992 -16.437874
v -3.148221 26.432938 -15.972282
v -2.986089 26.528236 -16.103449
v -2.986089 24.999992 -16.600006
v -1.486090 24.999992 -16.600006
v -1.486090 26.528236 -16.103449
v -0.910357 26.528236 -16.103449
v -0.910357 24.999992 -16.600006
v -2.248225 27.044764 -14.664394
v -2.248225 27.044764 -13.335623
v -3.148221 27.044764 -13.335623
v -3.148221 27.044764 -14.664394
v -2.410357 27.472742 -14.803449
v -2.410357 27.472738 -13.196561
v -2.248225 27.318544 -13.246664
v -2.248225 27.318544 -14.753348
v -2.986089 27.472742 -14.803449
v -2.986089 27.472738 -13.196561
v -2.410357 27.472738 -13.196561
v -2.410357 27.472742 -14.803449
v -1.486090 27.472742 -14.803449
v -1.486090 27.472738 -13.196561
v -0.910357 27.472738 -13.196561
v -0.910357 27.472742 -14.803449
v -0.748225 27.318544 -14.753348
v -0.748225 27.044764 -14.664394
v -2.248225 27.318544 -14.753348
v -2.248225 27.044764 -14.664394
v -1.648222 26.432938 -15.972282
v -1.648222 27.318544 -14.753348
v -1.486090 27.472742 -14.803449
v -1.486090 26.528236 -16.103449
v -1.648222 26.263731 -15.739392
v -1.648222 27.044764 -14.664394
v -1.648222 27.318544 -14.753348
v -1.648222 26.432938 -15.972282
v -3.148221 27.044764 -14.664394
v -3.148221 27.318544 -14.753348
v -0.910357 26.528236 -16.103449
v -0.910357 27.472742 -14.803449
v -0.748225 27.318544 -14.753348
v -0.748225 26.432938 -15.972282
v -0.748225 26.263731 -15.739392
v -0.748225 27.044764 -14.664394
v -1.648222 27.044764 -14.664394
v -1.648222 26.263731 -15.739392
v -3.148221 26.432938 -15.972282
v -3.148221 27.318544 -14.753348
v -2.986089 27.472742 -14.803449
v -2.986089 26.528236 -16.103449
v -2.410357 27.472738 -13.196561
v -2.410357 26.528231 -11.896563
v -2.248225 26.432936 -12.027730
v -2.248225 27.318544 -13.246664
v -2.986089 27.472738 -13.196561
v -2.986089 26.528231 -11.896563
v -2.410357 26.528231 -11.896563
v -2.410357 27.472738 -13.196561
v -1.486090 27.472738 -13.196561
v -1.486090 26.528231 -11.896563
v -0.910357 26.528231 -11.896563
v -0.910357 27.472738 -13.196561
v -3.148221 27.318544 -13.246664
v -3.148221 26.432936 -12.027730
v -2.986089 26.528231 -11.896563
v -2.986089 27.472738 -13.196561
v -0.748225 27.318544 -13.246664
v -0.748225 27.044764 -13.335623
v -2.248225 27.318544 -13.246664
v -2.248225 27.044764 -13.335623
v -1.648222 27.318544 -14.753348
v -1.648222 27.318544 -13.246664
v -1.486090 27.472738 -13.196561
v -1.486090 27.472742 -14.803449
v -1.648222 27.044764 -14.664394
v -1.648222 27.044764 -13.335623
v -1.648222 27.318544 -13.246664
v -1.648222 27.318544 -14.753348
v -3.148221 27.044764 -13.335623
v -3.148221 27.318544 -13.246664
v -0.910357 27.472742 -14.803449
v -0.910357 27.472738 -13.196561
v -0.748225 27.318544 -13.246664
v -0.748225 27.318544 -14.753348
v -0.748225 27.044764 -14.664394
v -0.748225 27.044764 -13.335623
v -1.648222 27.044764 -13.335623
v -1.648222 27.044764 -14.664394
v -3.148221 27.318544 -14.753348
v -3.148221 27.318544 -13.246664
v -2.986089 27.472738 -13.196561
v -2.986089 27.472742 -14.803449
v -2.986089 26.528231 -11.896563
v -2.986089 24.999990 -11.400009
v -2.410357 24.999990 -11.400009
v -2.410357 26.528231 -11.896563
v -1.486090 26.528231 -11.896563
v -1.486090 24.999990 -11.400009
v -0.910357 24.999990 -11.400009
v -0.910357 26.528231 -11.896563
v -3.148221 26.432936 -12.027730
v -3.148221 24.999994 -11.562140
v -2.986089 24.999990 -11.400009
v -2.986089 26.528231 -11.896563
v -0.748225 26.263731 -12.260623
v -0.748225 24.999994 -11.850010
v -1.648222 24.999994 -11.850010
v -1.648222 26.263731 -12.260623
v -2.248225 27.044764 -13.335623
v -2.248225 26.263731 -12.260623
v -3.148221 26.263731 -12.260623
v -3.148221 27.044764 -13.335623
v -0.748225 26.432936 -12.027730
v -0.748225 26.263731 -12.260623
v -2.248225 26.432936 -12.027730
v -2.248225 26.263731 -12.260623
v -1.648222 27.318544 -13.246664
v -1.648222 26.432936 -12.027730
v -1.486090 26.528231 -11.896563
v -1.486090 27.472738 -13.196561
v -1.648222 26.263731 -12.260623
v -1.648222 26.432936 -12.027730
v -3.148221 26.263731 -12.260623
v -3.148221 26.432936 -12.027730
v -0.910357 27.472738 -13.196561
v -0.910357 26.528231 -11.896563
v -0.748225 26.432936 -12.027730
v -0.748225 27.318544 -13.246664
v -0.748225 27.044764 -13.335623
v -0.748225 26.263731 -12.260623
v -1.648222 26.263731 -12.260623
v -1.648222 27.044764 -13.335623
v -2.410357 26.528231 -11.896563
v -2.410357 24.999990 -11.400009
v -2.248225 24.999994 -11.562140
v -2.248225 26.432936 -12.027730
v -2.248225 26.263731 -12.260623
v -2.248225 24.999994 -11.850010
v -3.148221 24.999994 -11.850010
v -3.148221 26.263731 -12.260623
v -0.748225 24.999994 -11.562140
v -0.748225 24.999994 -11.850010
v -2.248225 24.999994 -11.562140
v -2.248225 24.999994 -11.850010
v -1.648222 26.432936 -12.027730
v -1.648222 24.999994 -11.562140
v -1.486090 24.999990 -11.400009
v -1.486090 26.528231 -11.896563
v -1.648222 24.999994 -11.850010
v -1.648222 24.999994 -11.562140
v -3.148221 24.999994 -11.850010
v -3.148221 24.999994 -11.562140
v -0.910357 26.528231 -11.896563
v -0.910357 24.999990 -11.400009
v -0.748225 24.999994 -11.562140
v -0.748225 26.432936 -12.027730
v -7.400607 8.375304 4.680162
v -7.400607 8.625304 4.680162
v -11.583353 8.625486 4.680244
v -11.585654 8.375486 4.680079
v -7.400607 8.375304 4.680162
v -6.869502 8.375304 4.175969
v -6.869502 8.625304 4.175969
v -7.400607 8.625304 4.680162
v -7.400607 12.375303 4.680161
v -7.400607 12.625303 4.680161
v -11.583353 12.625484 4.680243
v -11.585654 12.375485 4.680078
v -7.400607 12.375303 4.680161
v -6.869502 12.375303 4.175968
v -6.869502 12.625303 4.175968
v -7.400607 12.625303 4.680161
v -11.583353 12.625484 4.680243
v -12.114658 12.625639 4.175968
v -12.116563 12.375639 4.175968
v -11.585654 12.375485 4.680078
v -7.046279 12.250174 3.999191
v -6.869502 12.375303 4.175968
v -7.400607 12.375303 4.680161
v -7.496279 12.250174 4.449191
v -7.496279 12.250174 4.449191
v -7.400607 12.375303 4.680161
v -11.585654 12.375485 4.680078
v -11.489786 12.250174 4.449191
v -12.114658 12.625639 4.175968
v -12.114658 12.625639 4.000968
v -12.116563 12.375639 4.000968
v -12.116563 12.375639 4.175968
v -11.937882 12.750174 3.999191
v -12.114658 12.625639 4.175968
v -11.583353 12.625484 4.680243
v -11.487881 12.750174 4.449191
v -7.496279 12.750174 4.449191
v -7.400607 12.625303 4.680161
v -6.869502 12.625303 4.175968
v -7.046279 12.750174 3.999191
v -11.487881 12.750174 4.449191
v -11.583353 12.625484 4.680243
v -7.400607 12.625303 4.680161
v -7.496279 12.750174 4.449191
v -11.583353 8.625486 4.680244
v -12.114658 8.625641 4.175969
v -12.116563 8.375641 4.175969
v -11.585654 8.375486 4.680079
v -11.489786 12.250174 4.449191
v -11.585654 12.375485 4.680078
v -12.116563 12.375639 4.175968
v -11.939788 12.250174 3.999191
v -7.046279 8.250175 3.999192
v -6.869502 8.375304 4.175969
v -7.400607 8.375304 4.680162
v -7.496279 8.250175 4.449192
v -6.869502 12.375303 4.175968
v -6.869502 12.375303 4.000968
v -6.869502 12.625303 4.000968
v -6.869502 12.625303 4.175968
v -7.496279 8.250175 4.449192
v -7.400607 8.375304 4.680162
v -11.585654 8.375486 4.680079
v -11.489786 8.250175 4.449192
v -12.114658 8.625641 4.175969
v -12.114658 8.625641 4.000969
v -12.116563 8.375641 4.000969
v -12.116563 8.375641 4.175969
v -11.937882 8.750175 3.999192
v -12.114658 8.625641 4.175969
v -11.583353 8.625486 4.680244
v -11.487881 8.750175 4.449192
v -7.496279 8.750175 4.449192
v -7.400607 8.625304 4.680162
v -6.869502 8.625304 4.175969
v -7.046279 8.750175 3.999192
v -11.487881 8.750175 4.449192
v -11.583353 8.625486 4.680244
v -7.400607 8.625304 4.680162
v -7.496279 8.750175 4.449192
v -11.489786 8.250175 4.449192
v -11.585654 8.375486 4.680079
v -12.116563 8.375641 4.175969
v -11.939788 8.250175 3.999192
v -6.869502 8.375304 4.175969
v -6.869502 8.375304 4.000969
v -6.869502 8.625304 4.000969
v -6.869502 8.625304 4.175969
v -7.400607 10.375304 4.680161
v -7.400607 10.625304 4.680161
v -11.583353 10.625486 4.680243
v -11.585654 10.375486 4.680079
v -7.400607 10.375304 4.680161
v -6.869502 10.375304 4.175968
v -6.869502 10.625304 4.175968
v -7.400607 10.625304 4.680161
v -11.583353 10.625486 4.680243
v -12.114658 10.625641 4.175968
v -12.116563 10.375641 4.175968
v -11.585654 10.375486 4.680079
v -7.046279 10.250175 3.999192
v -6.869502 10.375304 4.175968
v -7.400607 10.375304 4.680161
v -7.496279 10.250175 4.449191
v -7.496279 10.250175 4.449191
v -7.400607 10.375304 4.680161
v -11.585654 10.375486 4.680079
v -11.489786 10.250175 4.449191
v -12.114658 10.625641 4.175968
v -12.114658 10.625641 4.000968
v -12.116563 10.375641 4.000968
v -12.116563 10.375641 4.175968
v -11.937882 10.750175 3.999191
v -12.114658 10.625641 4.175968
v -11.583353 10.625486 4.680243
v -11.487881 10.750175 4.449191
v -7.496279 10.750175 4.449191
v -7.400607 10.625304 4.680161
v -6.869502 10.625304 4.175968
v -7.046279 10.750175 3.999191
v -11.487881 10.750175 4.449191
v -11.583353 10.625486 4.680243
v -7.400607 10.625304 4.680161
v -7.496279 10.750175 4.449191
v -11.489786 10.250175 4.449191
v -11.585654 10.375486 4.680079
v -12.116563 10.375641 4.175968
v -11.939788 10.250175 3.999192
v -6.869502 10.375304 4.175968
v -6.869502 10.375304 4.000968
v -6.869502 10.625304 4.000968
v -6.869502 10.625304 4.175968
v -7.400607 6.375305 4.680162
v -7.400607 6.625305 4.680162
v -11.583353 6.625487 4.680244
v -11.585654 6.375488 4.680080
v -7.400607 6.375305 4.680162
v -6.869502 6.375305 4.175970
v -6.869502 6.625305 4.175970
v -7.400607 6.625305 4.680162
v -11.583353 6.625487 4.680244
v -12.114658 6.625642 4.175970
v -12.116563 6.375642 4.175970
v -11.585654 6.375488 4.680080
v -7.046279 6.250175 3.999193
v -6.869502 6.375305 4.175970
v -7.400607 6.375305 4.680162
v -7.496279 6.250175 4.449193
v -7.496279 6.250175 4.449193
v -7.400607 6.375305 4.680162
v -11.585654 6.375488 4.680080
v -11.489786 6.250175 4.449193
v -12.114658 6.625642 4.175970
v -12.114658 6.625642 4.000969
v -12.116563 6.375642 4.000969
v -12.116563 6.375642 4.175970
v -11.937882 6.750175 3.999192
v -12.114658 6.625642 4.175970
v -11.583353 6.625487 4.680244
v -11.487881 6.750175 4.449193
v -7.496279 6.750175 4.449193
v -7.400607 6.625305 4.680162
v -6.869502 6.625305 4.175970
v -7.046279 6.750175 3.999192
v -11.487881 6.750175 4.449193
v -11.583353 6.625487 4.680244
v -7.400607 6.625305 4.680162
v -7.496279 6.750175 4.449193
v -11.489786 6.250175 4.449193
v -11.585654 6.375488 4.680080
v -12.116563 6.375642 4.175970
v -11.939788 6.250175 3.999193
v -6.869502 6.375305 4.175970
v -6.869502 6.375305 4.000969
v -6.869502 6.625305 4.000969
v -6.869502 6.625305 4.175970
v -7.400607 14.375302 4.680160
v -7.400607 14.625302 4.680160
v -11.583353 14.625484 4.680242
v -11.585654 14.375484 4.680078
v -7.400607 14.375302 4.680160
v -6.869502 14.375302 4.175967
v -6.869502 14.625302 4.175967
v -7.400607 14.625302 4.680160
v -11.583353 14.625484 4.680242
v -12.114658 14.625639 4.175967
v -12.116563 14.375639 4.175967
v -11.585654 14.375484 4.680078
v -7.046279 14.250173 3.999190
v -6.869502 14.375302 4.175967
v -7.400607 14.375302 4.680160
v -7.496279 14.250173 4.449190
v -7.496279 14.250173 4.449190
v -7.400607 14.375302 4.680160
v -11.585654 14.375484 4.680078
v -11.489786 14.250173 4.449190
v -12.114658 14.625639 4.175967
v -12.114658 14.625639 4.000967
v -12.116563 14.375639 4.000967
v -12.116563 14.375639 4.175967
v -11.937882 14.750173 3.999190
v -12.114658 14.625639 4.175967
v -11.583353 14.625484 4.680242
v -11.487881 14.750173 4.449190
v -7.496279 14.750173 4.449190
v -7.400607 14.625302 4.680160
v -6.869502 14.625302 4.175967
v -7.046279 14.750173 3.999190
v -11.487881 14.750173 4.449190
v -11.583353 14.625484 4.680242
v -7.400607 14.625302 4.680160
v -7.496279 14.750173 4.449190
v -11.489786 14.250173 4.449190
v -11.585654 14.375484 4.680078
v -12.116563 14.375639 4.175967
v -11.939788 14.250173 3.999190
v -6.869502 14.375302 4.175967
v -6.869502 14.375302 4.000967
v -6.869502 14.625302 4.000967
v -6.869502 14.625302 4.175967
v -7.400607 16.375303 4.680160
v -7.400607 16.625303 4.680159
v -11.583353 16.625484 4.680241
v -11.585654 16.375486 4.680077
v -7.400607 16.375303 4.680160
v -6.869502 16.375303 4.175967
v -6.869502 16.625303 4.175966
v -7.400607 16.625303 4.680159
v -11.583353 16.625484 4.680241
v -12.114658 16.625641 4.175966
v -12.116563 16.375641 4.175967
v -11.585654 16.375486 4.680077
v -7.046279 16.250174 3.999190
v -6.869502 16.375303 4.175967
v -7.400607 16.375303 4.680160
v -7.496279 16.250174 4.449190
v -7.496279 16.250174 4.449190
v -7.400607 16.375303 4.680160
v -11.585654 16.375486 4.680077
v -11.489786 16.250174 4.449190
v -12.114658 16.625641 4.175966
v -12.114658 16.625641 4.000966
v -12.116563 16.375641 4.000967
v -12.116563 16.375641 4.175967
v -11.937882 16.750174 3.999190
v -12.114658 16.625641 4.175966
v -11.583353 16.625484 4.680241
v -11.487881 16.750174 4.449189
v -7.496279 16.750174 4.449189
v -7.400607 16.625303 4.680159
v -6.869502 16.625303 4.175966
v -7.046279 16.750174 3.999190
v -11.487881 16.750174 4.449189
v -11.583353 16.625484 4.680241
v -7.400607 16.625303 4.680159
v -7.496279 16.750174 4.449189
v -11.489786 16.250174 4.449190
v -11.585654 16.375486 4.680077
v -12.116563 16.375641 4.175967
v -11.939788 16.250174 3.999190
v -6.869502 16.375303 4.175967
v -6.869502 16.375303 4.000967
v -6.869502 16.625303 4.000966
v -6.869502 16.625303 4.175966
v -7.400607 17.680164 3.624690
v -7.400607 17.680166 3.374690
v -11.583353 17.680248 3.374508
v -11.585654 17.680084 3.624507
v -7.400607 17.680164 3.624690
v -7.069502 17.375973 3.624690
v -7.069502 17.375973 3.374690
v -7.400607 17.680166 3.374690
v -11.583353 17.680248 3.374508
v -12.114658 17.175972 3.374354
v -12.116563 17.175972 3.624354
v -11.585654 17.680084 3.624507
v -7.246279 17.199196 3.749820
v -7.069502 17.375973 3.624690
v -7.400607 17.680164 3.624690
v -7.496279 17.449196 3.749820
v -7.496279 17.449196 3.749820
v -7.400607 17.680164 3.624690
v -11.585654 17.680084 3.624507
v -11.489786 17.449196 3.749820
v -12.114658 17.175972 3.374354
v -12.114658 17.000973 3.374354
v -12.116563 17.000973 3.624354
v -12.116563 17.175972 3.624354
v -11.937882 16.999195 3.249820
v -12.114658 17.175972 3.374354
v -11.583353 17.680248 3.374508
v -11.487881 17.449196 3.249820
v -7.496279 17.449196 3.249820
v -7.400607 17.680166 3.374690
v -7.069502 17.375973 3.374690
v -7.246279 17.199196 3.249820
v -11.487881 17.449196 3.249820
v -11.583353 17.680248 3.374508
v -7.400607 17.680166 3.374690
v -7.496279 17.449196 3.249820
v -11.489786 17.449196 3.749820
v -11.585654 17.680084 3.624507
v -12.116563 17.175972 3.624354
v -11.939788 16.999195 3.749820
v -7.069502 17.375973 3.624690
v -7.069502 17.200974 3.624690
v -7.069502 17.200974 3.374690
v -7.069502 17.375973 3.374690
v -7.400607 17.680162 1.624690
v -7.400607 17.680164 1.374690
v -11.583353 17.680246 1.374508
v -11.585654 17.680082 1.624507
v -7.400607 17.680162 1.624690
v -7.069502 17.375971 1.624690
v -7.069502 17.375971 1.374690
v -7.400607 17.680164 1.374690
v -11.583353 17.680246 1.374508
v -12.114658 17.175970 1.374354
v -12.116563 17.175970 1.624354
v -11.585654 17.680082 1.624507
v -7.246279 17.199194 1.749820
v -7.069502 17.375971 1.624690
v -7.400607 17.680162 1.624690
v -7.496279 17.449194 1.749820
v -7.496279 17.449194 1.749820
v -7.400607 17.680162 1.624690
v -11.585654 17.680082 1.624507
v -11.489786 17.449194 1.749820
v -12.114658 17.175970 1.374354
v -12.114658 17.000971 1.374354
v -12.116563 17.000971 1.624354
v -12.116563 17.175970 1.624354
v -11.937882 16.999193 1.249820
v -12.114658 17.175970 1.374354
v -11.583353 17.680246 1.374508
v -11.487881 17.449194 1.249820
v -7.496279 17.449194 1.249820
v -7.400607 17.680164 1.374690
v -7.069502 17.375971 1.374690
v -7.246279 17.199194 1.249820
v -11.487881 17.449194 1.249820
v -11.583353 17.680246 1.374508
v -7.400607 17.680164 1.374690
v -7.496279 17.449194 1.249820
v -11.489786 17.449194 1.749820
v -11.585654 17.680082 1.624507
v -12.116563 17.175970 1.624354
v -11.939788 16.999193 1.749820
v -7.069502 17.375971 1.624690
v -7.069502 17.200972 1.624690
v -7.069502 17.200972 1.374690
v -7.069502 17.375971 1.374690
v -7.400607 17.680162 -0.375310
v -7.400607 17.680164 -0.625310
v -11.583353 17.680246 -0.625492
v -11.585654 17.680082 -0.375493
v -7.400607 17.680162 -0.375310
v -7.069502 17.375971 -0.375310
v -7.069502 17.375971 -0.625310
v -7.400607 17.680164 -0.625310
v -11.583353 17.680246 -0.625492
v -12.114658 17.175970 -0.625646
v -12.116563 17.175970 -0.375646
v -11.585654 17.680082 -0.375493
v -7.246279 17.199194 -0.250180
v -7.069502 17.375971 -0.375310
v -7.400607 17.680162 -0.375310
v -7.496279 17.449194 -0.250180
v -7.496279 17.449194 -0.250180
v -7.400607 17.680162 -0.375310
v -11.585654 17.680082 -0.375493
v -11.489786 17.449194 -0.250180
v -12.114658 17.175970 -0.625646
v -12.114658 17.000971 -0.625646
v -12.116563 17.000971 -0.375646
v -12.116563 17.175970 -0.375646
v -11.937882 16.999193 -0.750180
v -12.114658 17.175970 -0.625646
v -11.583353 17.680246 -0.625492
v -11.487881 17.449194 -0.750180
v -7.496279 17.449194 -0.750180
v -7.400607 17.680164 -0.625310
v -7.069502 17.375971 -0.625310
v -7.246279 17.199194 -0.750180
v -11.487881 17.449194 -0.750180
v -11.583353 17.680246 -0.625492
v -7.400607 17.680164 -0.625310
v -7.496279 17.449194 -0.750180
v -11.489786 17.449194 -0.250180
v -11.585654 17.680082 -0.375493
v -12.116563 17.175970 -0.375646
v -11.939788 16.999193 -0.250180
v -7.069502 17.375971 -0.375310
v -7.069502 17.200972 -0.375310
v -7.069502 17.200972 -0.625310
v -7.069502 17.375971 -0.625310
v -7.400607 17.680162 -2.375309
v -7.400607 17.680164 -2.625309
v -11.583353 17.680246 -2.625491
v -11.585654 17.680082 -2.375492
v -7.400607 17.680162 -2.375309
v -7.069502 17.375971 -2.375309
v -7.069502 17.375971 -2.625309
v -7.400607 17.680164 -2.625309
v -11.583353 17.680246 -2.625491
v -12.114658 17.175970 -2.625646
v -12.116563 17.175970 -2.375646
v -11.585654 17.680082 -2.375492
v -7.246279 17.199194 -2.250180
v -7.069502 17.375971 -2.375309
v -7.400607 17.680162 -2.375309
v -7.496279 17.449194 -2.250180
v -7.496279 17.449194 -2.250180
v -7.400607 17.680162 -2.375309
v -11.585654 17.680082 -2.375492
v -11.489786 17.449194 -2.250180
v -12.114658 17.175970 -2.625646
v -12.114658 17.000971 -2.625646
v -12.116563 17.000971 -2.375646
v -12.116563 17.175970 -2.375646
v -11.937882 16.999193 -2.750180
v -12.114658 17.175970 -2.625646
v -11.583353 17.680246 -2.625491
v -11.487881 17.449194 -2.750180
v -7.496279 17.449194 -2.750180
v -7.400607 17.680164 -2.625309
v -7.069502 17.375971 -2.625309
v -7.246279 17.199194 -2.750180
v -11.487881 17.449194 -2.750180
v -11.583353 17.680246 -2.625491
v -7.400607 17.680164 -2.625309
v -7.496279 17.449194 -2.750180
v -11.489786 17.449194 -2.250180
v -11.585654 17.680082 -2.375492
v -12.116563 17.175970 -2.375646
v -11.939788 16.999193 -2.250180
v -7.069502 17.375971 -2.375309
v -7.069502 17.200972 -2.375309
v -7.069502 17.200972 -2.625309
v -7.069502 17.375971 -2.625309
v -7.400607 17.680161 -4.375309
v -7.400607 17.680162 -4.625309
v -11.583353 17.680244 -4.625491
v -11.585654 17.680080 -4.375492
v -7.400607 17.680161 -4.375309
v -7.069502 17.375969 -4.375309
v -7.069502 17.375969 -4.625309
v -7.400607 17.680162 -4.625309
v -11.583353 17.680244 -4.625491
v -12.114658 17.175968 -4.625646
v -12.116563 17.175968 -4.375646
v -11.585654 17.680080 -4.375492
v -7.246279 17.199192 -4.250179
v -7.069502 17.375969 -4.375309
v -7.400607 17.680161 -4.375309
v -7.496279 17.449192 -4.250179
v -7.496279 17.449192 -4.250179
v -7.400607 17.680161 -4.375309
v -11.585654 17.680080 -4.375492
v -11.489786 17.449192 -4.250179
v -12.114658 17.175968 -4.625646
v -12.114658 17.000969 -4.625646
v -12.116563 17.000969 -4.375646
v -12.116563 17.175968 -4.375646
v -11.937882 16.999191 -4.750179
v -12.114658 17.175968 -4.625646
v -11.583353 17.680244 -4.625491
v -11.487881 17.449192 -4.750179
v -7.496279 17.449192 -4.750179
v -7.400607 17.680162 -4.625309
v -7.069502 17.375969 -4.625309
v -7.246279 17.199192 -4.750179
v -11.487881 17.449192 -4.750179
v -11.583353 17.680244 -4.625491
v -7.400607 17.680162 -4.625309
v -7.496279 17.449192 -4.750179
v -11.489786 17.449192 -4.250179
v -11.585654 17.680080 -4.375492
v -12.116563 17.175968 -4.375646
v -11.939788 16.999191 -4.250179
v -7.069502 17.375969 -4.375309
v -7.069502 17.200970 -4.375309
v -7.069502 17.200970 -4.625309
v -7.069502 17.375969 -4.625309
v -7.400607 17.680161 -6.375309
v -7.400607 17.680162 -6.625309
v -11.083353 17.680244 -6.625491
v -11.085654 17.680080 -6.375492
v -7.400607 17.680161 -6.375309
v -7.069502 17.375969 -6.375309
v -7.069502 17.375969 -6.625309
v -7.400607 17.680162 -6.625309
v -11.083353 17.680244 -6.625491
v -11.614658 17.175968 -6.625646
v -11.616563 17.175968 -6.375646
v -11.085654 17.680080 -6.375492
v -7.246279 17.199192 -6.250179
v -7.069502 17.375969 -6.375309
v -7.400607 17.680161 -6.375309
v -7.496279 17.449192 -6.250179
v -7.496279 17.449192 -6.250179
v -7.400607 17.680161 -6.375309
v -11.085654 17.680080 -6.375492
v -10.989786 17.449192 -6.250179
v -11.614658 17.175968 -6.625646
v -11.614658 17.000969 -6.625646
v -11.616563 17.000969 -6.375646
v -11.616563 17.175968 -6.375646
v -11.437882 16.999191 -6.750179
v -11.614658 17.175968 -6.625646
v -11.083353 17.680244 -6.625491
v -10.987881 17.449192 -6.750179
v -7.496279 17.449192 -6.750179
v -7.400607 17.680162 -6.625309
v -7.069502 17.375969 -6.625309
v -7.246279 17.199192 -6.750179
v -10.987881 17.449192 -6.750179
v -11.083353 17.680244 -6.625491
v -7.400607 17.680162 -6.625309
v -7.496279 17.449192 -6.750179
v -10.989786 17.449192 -6.250179
v -11.085654 17.680080 -6.375492
v -11.616563 17.175968 -6.375646
v -11.439788 16.999191 -6.250179
v -7.069502 17.375969 -6.375309
v -7.069502 17.200970 -6.375309
v -7.069502 17.200970 -6.625309
v -7.069502 17.375969 -6.625309
v -7.400607 17.680161 -8.375309
v -7.400607 17.680162 -8.625309
v -9.783353 17.680244 -8.625491
v -9.785654 17.680080 -8.375492
v -7.400607 17.680161 -8.375309
v -7.069502 17.375969 -8.375309
v -7.069502 17.375969 -8.625309
v -7.400607 17.680162 -8.625309
v -9.783353 17.680244 -8.625491
v -10.314658 17.175968 -8.625645
v -10.316563 17.175968 -8.375645
v -9.785654 17.680080 -8.375492
v -7.246279 17.199192 -8.250178
v -7.069502 17.375969 -8.375309
v -7.400607 17.680161 -8.375309
v -7.496279 17.449192 -8.250179
v -7.496279 17.449192 -8.250179
v -7.400607 17.680161 -8.375309
v -9.785654 17.680080 -8.375492
v -9.689786 17.449192 -8.250179
v -10.314658 17.175968 -8.625645
v -10.314658 17.000969 -8.625645
v -10.316563 17.000969 -8.375645
v -10.316563 17.175968 -8.375645
v -10.137882 16.999191 -8.750178
v -10.314658 17.175968 -8.625645
v -9.783353 17.680244 -8.625491
v -9.687881 17.449192 -8.750179
v -7.496279 17.449192 -8.750179
v -7.400607 17.680162 -8.625309
v -7.069502 17.375969 -8.625309
v -7.246279 17.199192 -8.750178
v -9.687881 17.449192 -8.750179
v -9.783353 17.680244 -8.625491
v -7.400607 17.680162 -8.625309
v -7.496279 17.449192 -8.750179
v -9.689786 17.449192 -8.250179
v -9.785654 17.680080 -8.375492
v -10.316563 17.175968 -8.375645
v -10.139788 16.999191 -8.250178
v -7.069502 17.375969 -8.375309
v -7.069502 17.200970 -8.375308
v -7.069502 17.200970 -8.625308
v -7.069502 17.375969 -8.625309
v -7.400607 17.680159 -10.375309
v -7.400607 17.680161 -10.625309
v -8.483353 17.680243 -10.625491
v -8.485654 17.680079 -10.375492
v -7.400607 17.680159 -10.375309
v -7.069502 17.375967 -10.375309
v -7.069502 17.375967 -10.625309
v -7.400607 17.680161 -10.625309
v -8.483353 17.680243 -10.625491
v -9.014658 17.175966 -10.625645
v -9.016562 17.175966 -10.375645
v -8.485654 17.680079 -10.375492
v -7.246279 17.199190 -10.250178
v -7.069502 17.375967 -10.375309
v -7.400607 17.680159 -10.375309
v -7.496279 17.449190 -10.250179
v -7.496279 17.449190 -10.250179
v -7.400607 17.680159 -10.375309
v -8.485654 17.680079 -10.375492
v -8.389786 17.449190 -10.250179
v -9.014658 17.175966 -10.625645
v -9.014658 17.000967 -10.625645
v -9.016562 17.000967 -10.375645
v -9.016562 17.175966 -10.375645
v -8.837882 16.999189 -10.750178
v -9.014658 17.175966 -10.625645
v -8.483353 17.680243 -10.625491
v -8.387880 17.449190 -10.750179
v -7.496279 17.449190 -10.750179
v -7.400607 17.680161 -10.625309
v -7.069502 17.375967 -10.625309
v -7.246279 17.199190 -10.750178
v -8.387880 17.449190 -10.750179
v -8.483353 17.680243 -10.625491
v -7.400607 17.680161 -10.625309
v -7.496279 17.449190 -10.750179
v -8.389786 17.449190 -10.250179
v -8.485654 17.680079 -10.375492
v -9.016562 17.175966 -10.375645
v -8.839787 16.999189 -10.250178
v -7.069502 17.375967 -10.375309
v -7.069502 17.200968 -10.375308
v -7.069502 17.200968 -10.625308
v -7.069502 17.375967 -10.625309
v -7.496279 17.449192 -8.750179
v -7.246279 17.199192 -8.750178
v -10.137882 16.999191 -8.750178
v -9.687881 17.449192 -8.750179
v -7.496279 17.449190 -10.750179
v -7.246279 17.199190 -10.750178
v -8.837882 16.999189 -10.750178
v -8.387880 17.449190 -10.750179
v -7.496279 17.449192 -8.250179
v -9.689786 17.449192 -8.250179
v -10.139788 16.999191 -8.250178
v -7.246279 17.199192 -8.250178
v -7.496279 17.449192 -6.750179
v -7.246279 17.199192 -6.750179
v -11.437882 16.999191 -6.750179
v -10.987881 17.449192 -6.750179
v -7.496279 17.449192 -6.250179
v -10.989786 17.449192 -6.250179
v -11.439788 16.999191 -6.250179
v -7.246279 17.199192 -6.250179
v -3.595472 16.625484 6.731046
v -3.500000 16.750174 6.499994
v -3.501905 16.250174 6.499995
v -3.597774 16.375486 6.730882
v -3.595472 16.625484 6.731046
v -4.176776 16.625641 6.176772
v -4.178680 16.375641 6.176772
v -3.597774 16.375486 6.730882
v -4.176776 16.625641 6.176772
v -4.176776 16.625641 6.001771
v -4.178680 16.375641 6.001772
v -4.178680 16.375641 6.176772
v -4.000000 16.750174 5.999994
v -4.176776 16.625641 6.176772
v -3.595472 16.625484 6.731046
v -3.500000 16.750174 6.499994
v -3.501905 16.250174 6.499995
v -3.597774 16.375486 6.730882
v -4.178680 16.375641 6.176772
v -4.001905 16.250174 5.999995
v -3.597774 16.375486 6.730882
v -3.595472 16.625484 6.731046
v -3.595472 14.625485 6.731047
v -3.500000 14.750175 6.499995
v -3.501905 14.250175 6.499995
v -3.597774 14.375487 6.730883
v -3.595472 14.625485 6.731047
v -4.176776 14.625642 6.176773
v -4.178680 14.375642 6.176773
v -3.597774 14.375487 6.730883
v -4.176776 14.625642 6.176773
v -4.176776 14.625642 6.001772
v -4.178680 14.375642 6.001772
v -4.178680 14.375642 6.176773
v -4.000000 14.750175 5.999995
v -4.176776 14.625642 6.176773
v -3.595472 14.625485 6.731047
v -3.500000 14.750175 6.499995
v -3.501905 14.250175 6.499995
v -3.597774 14.375487 6.730883
v -4.178680 14.375642 6.176773
v -4.001905 14.250175 5.999995
v -3.597774 14.375487 6.730883
v -3.595472 14.625485 6.731047
v -3.595472 12.625485 6.731047
v -3.500000 12.750175 6.499996
v -3.501905 12.250175 6.499996
v -3.597774 12.375487 6.730883
v -3.595472 12.625485 6.731047
v -4.176776 12.625642 6.176773
v -4.178680 12.375642 6.176773
v -3.597774 12.375487 6.730883
v -4.176776 12.625642 6.176773
v -4.176776 12.625642 6.001773
v -4.178680 12.375642 6.001773
v -4.178680 12.375642 6.176773
v -4.000000 12.750175 5.999996
v -4.176776 12.625642 6.176773
v -3.595472 12.625485 6.731047
v -3.500000 12.750175 6.499996
v -3.501905 12.250175 6.499996
v -3.597774 12.375487 6.730883
v -4.178680 12.375642 6.176773
v -4.001905 12.250175 5.999996
v -3.597774 12.375487 6.730883
v -3.595472 12.625485 6.731047
v -3.595472 10.625485 6.731048
v -3.500000 10.750175 6.499996
v -3.501905 10.250175 6.499996
v -3.597774 10.375487 6.730884
v -3.595472 10.625485 6.731048
v -4.176776 10.625642 6.176774
v -4.178680 10.375642 6.176774
v -3.597774 10.375487 6.730884
v -4.176776 10.625642 6.176774
v -4.176776 10.625642 6.001773
v -4.178680 10.375642 6.001773
v -4.178680 10.375642 6.176774
v -4.000000 10.750175 5.999996
v -4.176776 10.625642 6.176774
v -3.595472 10.625485 6.731048
v -3.500000 10.750175 6.499996
v -3.501905 10.250175 6.499996
v -3.597774 10.375487 6.730884
v -4.178680 10.375642 6.176774
v -4.001905 10.250175 5.999996
v -3.597774 10.375487 6.730884
v -3.595472 10.625485 6.731048
v -3.595472 8.625485 6.731049
v -3.500000 8.750175 6.499997
v -3.501905 8.250175 6.499997
v -3.597774 8.375487 6.730885
v -3.595472 8.625485 6.731049
v -4.176776 8.625642 6.176775
v -4.178680 8.375642 6.176775
v -3.597774 8.375487 6.730885
v -4.176776 8.625642 6.176775
v -4.176776 8.625642 6.001774
v -4.178680 8.375642 6.001774
v -4.178680 8.375642 6.176775
v -4.000000 8.750175 5.999997
v -4.176776 8.625642 6.176775
v -3.595472 8.625485 6.731049
v -3.500000 8.750175 6.499997
v -3.501905 8.250175 6.499997
v -3.597774 8.375487 6.730885
v -4.178680 8.375642 6.176775
v -4.001905 8.250175 5.999997
v -3.597774 8.375487 6.730885
v -3.595472 8.625485 6.731049
v -3.595472 18.625484 6.731045
v -3.500000 18.750174 6.499994
v -3.501905 18.250174 6.499994
v -3.597774 18.375486 6.730881
v -3.595472 18.625484 6.731045
v -4.176776 18.625641 6.176771
v -4.178680 18.375641 6.176771
v -3.597774 18.375486 6.730881
v -4.176776 18.625641 6.176771
v -4.176776 18.625641 6.001771
v -4.178680 18.375641 6.001771
v -4.178680 18.375641 6.176771
v -4.000000 18.750174 5.999994
v -4.176776 18.625641 6.176771
v -3.595472 18.625484 6.731045
v -3.500000 18.750174 6.499994
v -3.501905 18.250174 6.499994
v -3.597774 18.375486 6.730881
v -4.178680 18.375641 6.176771
v -4.001905 18.250174 5.999994
v -3.597774 18.375486 6.730881
v -3.595472 18.625484 6.731045
v -3.595472 20.625484 6.731045
v -3.500000 20.750174 6.499993
v -3.501905 20.250174 6.499993
v -3.597774 20.375486 6.730881
v -3.595472 20.625484 6.731045
v -4.176776 20.625641 6.176771
v -4.178680 20.375641 6.176771
v -3.597774 20.375486 6.730881
v -4.176776 20.625641 6.176771
v -4.176776 20.625641 6.001770
v -4.178680 20.375641 6.001770
v -4.178680 20.375641 6.176771
v -4.000000 20.750174 5.999993
v -4.176776 20.625641 6.176771
v -3.595472 20.625484 6.731045
v -3.500000 20.750174 6.499993
v -3.501905 20.250174 6.499993
v -3.597774 20.375486 6.730881
v -4.178680 20.375641 6.176771
v -4.001905 20.250174 5.999993
v -3.597774 20.375486 6.730881
v -3.595472 20.625484 6.731045
v -1.928806 22.625484 6.731044
v -1.833333 22.750174 6.499993
v -1.835239 22.250174 6.499993
v -1.931107 22.375486 6.730880
v -1.928806 22.625484 6.731044
v -2.510109 22.625641 6.176770
v -2.512014 22.375641 6.176770
v -1.931107 22.375486 6.730880
v -2.510109 22.625641 6.176770
v -2.510109 22.625641 6.001770
v -2.512014 22.375641 6.001770
v -2.512014 22.375641 6.176770
v -2.333333 22.750174 5.999993
v -2.510109 22.625641 6.176770
v -1.928806 22.625484 6.731044
v -1.833333 22.750174 6.499993
v -1.835239 22.250174 6.499993
v -1.931107 22.375486 6.730880
v -2.512014 22.375641 6.176770
v -2.335239 22.250174 5.999993
v -1.931107 22.375486 6.730880
v -1.928806 22.625484 6.731044
v -2.335239 22.250174 5.999993
v -1.835239 22.250174 6.499993
v -1.833333 22.750174 6.499993
v -2.333333 22.750174 5.999993
v 6.603553 23.171429 7.249992
v 6.000000 22.571430 7.249993
v 6.603553 22.571430 7.249993
v 5.500000 22.571430 7.249993
v 5.000000 22.571430 7.249993
v 4.396447 22.571430 7.249993
v 4.396447 23.171429 7.249992
v 3.750000 23.171429 5.999992
v 3.750000 22.571430 6.603546
v 3.750000 23.171429 6.603546
v 3.750000 22.571430 5.999993
v 6.603553 22.171429 7.249993
v 6.000000 21.571430 7.249993
v 6.603553 21.571430 7.249993
v 5.500000 21.571430 7.249993
v 5.000000 21.571430 7.249993
v 4.396447 21.571430 7.249993
v 4.396447 22.171429 7.249993
v 3.750000 22.171429 5.999993
v 3.750000 21.571430 6.603546
v 3.750000 22.171429 6.603546
v 3.750000 21.571430 5.999993
v 13.675575 13.499998 -2.675581
v 13.675575 13.499998 -3.324427
v 13.541196 13.499998 -3.000004
v 13.999999 13.499998 -2.541200
v 13.999999 13.499998 -3.458807
v 14.324423 13.499998 -2.675581
v 14.324423 13.499998 -3.324427
v 14.458802 13.499998 -3.000004
v 13.292893 0.009998 -6.707106
v 13.292893 0.009998 -5.292893
v 13.000000 0.009998 -6.000000
v 14.000000 0.009998 -7.000000
v 14.000000 0.009998 -5.000000
v 14.707107 0.009998 -6.707106
v 14.707107 0.009998 -5.292893
v 15.000000 0.009998 -6.000000
v 13.675576 13.499997 -5.675581
v 13.675576 13.499997 -6.324427
v 13.541197 13.499997 -6.000004
v 14.000000 13.499997 -5.541200
v 14.000000 13.499997 -6.458808
v 14.324424 13.499997 -5.675581
v 14.324424 13.499997 -6.324427
v 14.458803 13.499997 -6.000004
v 13.292893 0.009999 -3.707106
v 13.292893 0.009999 -2.292893
v 13.000000 0.009999 -3.000000
v 14.000000 0.009999 -4.000000
v 14.000000 0.009999 -2.000000
v 14.707107 0.009999 -3.707107
v 14.707107 0.009999 -2.292893
v 15.000000 0.009999 -3.000000
v 13.675577 13.499999 0.324419
v 13.675577 13.499999 -0.324427
v 13.541198 13.499999 -0.000004
v 14.000001 13.499999 0.458800
v 14.000001 13.499999 -0.458808
v 14.324425 13.499999 0.324419
v 14.324425 13.499999 -0.324427
v 14.458804 13.499999 -0.000004
v 13.292893 0.010000 -0.707107
v 13.292893 0.010000 0.707107
v 13.000000 0.010000 -0.000000
v 14.000000 0.010000 -1.000000
v 14.000000 0.010000 1.000000
v 14.707107 0.010000 -0.707107
v 14.707107 0.010000 0.707107
v 15.000000 0.010000 0.000000
v -4.396447 23.171429 7.249992
v -5.000000 22.571430 7.249993
v -4.396447 22.571430 7.249993
v -5.500000 22.571430 7.249993
v -6.000000 22.571430 7.249993
v -6.603553 22.571430 7.249993
v -6.603553 23.171429 7.249992
v -3.750000 22.571430 5.999993
v -3.750000 23.171429 6.603546
v -3.750000 22.571430 6.603546
v -3.750000 23.171429 5.999992
v -4.396447 22.171429 7.249993
v -5.000000 21.571430 7.249993
v -4.396447 21.571430 7.249993
v -5.500000 21.571430 7.249993
v -6.000000 21.571430 7.249993
v -6.603553 21.571430 7.249993
v -6.603553 22.171429 7.249993
v -3.750000 21.571430 5.999993
v -3.750000 22.171429 6.603546
v -3.750000 21.571430 6.603546
v -3.750000 22.171429 5.999993
v -14.324423 13.499998 -2.675581
v -14.324423 13.499998 -3.324427
v -14.458802 13.499998 -3.000004
v -13.999999 13.499998 -2.541200
v -13.999999 13.499998 -3.458807
v -13.675575 13.499998 -2.675581
v -13.675575 13.499998 -3.324427
v -13.541196 13.499998 -3.000004
v -14.707107 0.009998 -6.707106
v -14.707107 0.009998 -5.292893
v -15.000000 0.009998 -6.000000
v -14.000000 0.009998 -7.000000
v -14.000000 0.009998 -5.000000
v -13.292893 0.009998 -6.707106
v -13.292893 0.009998 -5.292893
v -13.000000 0.009998 -6.000000
v -14.324424 13.499997 -5.675581
v -14.324424 13.499997 -6.324427
v -14.458803 13.499997 -6.000004
v -14.000000 13.499997 -5.541200
v -14.000000 13.499997 -6.458808
v -13.675576 13.499997 -5.675581
v -13.675576 13.499997 -6.324427
v -13.541197 13.499997 -6.000004
v -14.707107 0.009999 -3.707107
v -14.707107 0.009999 -2.292893
v -15.000000 0.009999 -3.000000
v -14.000000 0.009999 -4.000000
v -14.000000 0.009999 -2.000000
v -13.292893 0.009999 -3.707106
v -13.292893 0.009999 -2.292893
v -13.000000 0.009999 -3.000000
v -14.324425 13.499999 0.324419
v -14.324425 13.499999 -0.324427
v -14.458804 13.499999 -0.000004
v -14.000001 13.499999 0.458800
v -14.000001 13.499999 -0.458808
v -13.675577 13.499999 0.324419
v -13.675577 13.499999 -0.324427
v -13.541198 13.499999 -0.000004
v -14.707107 0.010000 -0.707107
v -14.707107 0.010000 0.707107
v -15.000000 0.010000 0.000000
v -14.000000 0.010000 -1.000000
v -14.000000 0.010000 1.000000
v -13.292893 0.010000 -0.707107
v -13.292893 0.010000 0.707107
v -13.000000 0.010000 -0.000000
vn 0.5788 -0.8155 -0.0000
vn 0.5759 0.8175 -0.0000
vn -0.5769 0.8168 -0.0000
vn -0.5778 -0.8162 -0.0000
vn 0.5788 -0.0000 0.8155
vn 0.5759 -0.0000 -0.8175
vn -0.5770 -0.0000 -0.8168
vn -0.5777 -0.0000 0.8162
vn -0.5769 -0.0000 -0.8168
vn -0.5778 -0.0000 0.8162
vn -0.5788 -0.8155 -0.0000
vn -0.5759 0.8175 -0.0000
vn 0.5769 0.8168 -0.0000
vn 0.5778 -0.8162 -0.0000
vn -0.5788 -0.0000 0.8155
vn -0.5759 -0.0000 -0.8175
vn 0.5770 -0.0000 -0.8168
vn 0.5777 -0.0000 0.8162
vn 0.5769 -0.0000 -0.8168
vn 0.5778 -0.0000 0.8162
vn -0.7071 -0.0000 -0.7071
vn 1.0000 -0.0000 -0.0000
vn 0.8480 -0.0000 -0.5300
vn -0.0000 -0.0000 -1.0000
vn -0.7071 -0.0000 0.7071
vn 0.7071 -0.0000 0.7071
vn -0.0000 -1.0000 -0.0000
vn -0.0000 1.0000 -0.0000
vn 0.3827 -0.0000 0.9239
vn 0.3827 -0.0000 -0.9239
vn -0.9239 -0.0000 0.3827
vn 0.9239 -0.0000 -0.3827
vn -0.3827 -0.0000 0.9239
vn 0.9239 -0.0000 0.3827
vn -0.3827 -0.0000 -0.9239
vn -0.9239 -0.0000 -0.3827
vn -0.2706 0.7071 0.6533
vn 0.2706 0.7071 -0.6533
vn 0.6533 0.7071 -0.2706
vn 0.6533 0.7071 0.2706
vn 0.2706 0.7071 0.6533
vn -0.6533 0.7071 0.2706
vn -0.6533 0.7071 -0.2706
vn -0.2706 0.7071 -0.6533
vn -1.0000 -0.0000 -0.0000
vn 0.7071 -0.0000 -0.7071
vn -0.0000 0.7071 -0.7071
vn -0.7071 0.7071 -0.0000
vn 0.7071 0.7071 -0.0000
vn 0.5000 0.7071 -0.5000
vn -0.5000 0.7071 -0.5000
vn -0.0000 0.7071 0.7071
vn -0.0000 -0.3090 0.9511
vn -0.6892 0.2239 -0.6892
vn -0.0000 0.3090 -0.9511
vn -0.0000 -0.0000 1.0000
vn -0.0000 -0.8090 0.5878
vn -0.6892 0.5862 -0.4259
vn -0.6891 0.5862 -0.4259
vn -0.0000 0.8090 -0.5878
vn 0.6892 0.2239 -0.6892
vn 0.6892 0.2239 -0.6891
vn -0.6892 0.7246 -0.0000
vn -0.6891 0.7246 -0.0000
vn 0.6892 0.5862 -0.4259
vn -0.6891 0.5862 0.4259
vn -0.0000 0.8090 0.5878
vn 0.6891 0.5862 0.4259
vn 0.6892 0.7246 -0.0000
vn 0.6891 0.7246 -0.0000
vn -0.0000 0.3090 0.9511
vn 0.6891 0.2239 0.6892
vn -0.0000 -0.3090 -0.9511
vn -0.0000 -0.8090 -0.5878
vn -0.6891 0.2239 0.6892
vn -0.0000 -0.0007 1.0000
vn -0.6885 -0.0000 0.7252
vn -0.0000 -0.0003 1.0000
vn 0.6886 0.0059 0.7252
vn 0.6884 0.0052 0.7253
vn -0.3211 -0.8876 0.3302
vn -0.0000 -0.8791 0.4767
vn -0.0000 -0.8791 0.4766
vn -0.0000 -0.8790 0.4768
vn 1.0000 0.0076 -0.0000
vn 0.3200 0.8884 0.3292
vn 0.3201 0.8883 0.3292
vn -0.3206 0.8880 0.3296
vn -0.3206 0.8880 0.3297
vn -0.0000 0.8797 0.4756
vn -0.0000 0.8799 0.4752
vn 0.6885 0.0056 0.7252
vn 0.3217 -0.8872 0.3306
vn -0.0000 -0.8789 0.4770
vn -0.0000 0.8799 0.4751
vn -0.0000 0.8798 0.4754
vn -0.3212 -0.8876 0.3302
vn -0.0000 0.8797 0.4755
vn 0.6885 0.0057 0.7252
vn 0.6884 0.0054 0.7253
vn -0.0000 0.8798 0.4753
vn -0.0000 0.8800 0.4749
vn 0.3217 -0.8872 0.3307
vn -0.0000 1.0000 0.0007
vn -0.6765 0.7364 -0.0000
vn 0.6886 0.7252 -0.0059
vn 0.6884 0.7253 -0.0052
vn -0.3175 0.3329 0.8879
vn -0.3174 0.3329 0.8879
vn -0.0000 0.4766 0.8791
vn -0.0000 0.4764 0.8793
vn 1.0000 -0.0000 -0.0076
vn 0.3200 0.3292 -0.8884
vn -0.3169 0.3323 -0.8883
vn -0.0000 0.4753 -0.8798
vn -0.0000 0.4752 -0.8799
vn 0.3217 0.3306 0.8872
vn 0.6885 0.7252 -0.0056
vn -0.0000 0.4764 0.8792
vn -0.0000 0.4768 0.8790
vn -0.0000 0.4756 -0.8797
vn -0.0000 0.4749 -0.8800
vn -0.0000 1.0000 0.0003
vn -0.0000 1.0000 0.0005
vn -0.0000 0.4770 0.8789
vn 0.0001 0.4764 0.8792
vn -0.0000 0.4754 -0.8798
vn 0.0001 0.4766 0.8791
vn -0.0000 0.4767 0.8791
vn 0.0001 1.0000 0.0007
vn -0.0001 1.0000 -0.0000
vn 0.6884 0.7253 -0.0054
vn 0.0001 0.4767 0.8791
vn 0.0001 0.4767 0.8790
vn 0.0001 0.4768 0.8790
vn 0.3201 0.3293 -0.8883
vn -0.0001 0.4752 -0.8799
vn -0.0002 0.4750 -0.8800
vn 0.6902 0.0059 0.7236
vn 0.6902 0.0057 0.7236
vn 0.3205 0.8883 0.3289
vn 0.3222 -0.8872 0.3303
vn 0.6901 0.0056 0.7237
vn 0.3206 0.8883 0.3289
vn -0.8480 -0.0000 -0.5300
vn 0.6891 0.5862 -0.4259
vn -0.6892 0.2239 -0.6891
vn 0.6885 -0.0000 0.7252
vn -0.6884 0.0052 0.7253
vn -0.6886 0.0059 0.7252
vn 0.3211 -0.8876 0.3302
vn -0.0000 -0.8792 0.4764
vn -1.0000 0.0076 -0.0000
vn -0.3200 0.8884 0.3292
vn -0.3201 0.8883 0.3292
vn 0.3206 0.8880 0.3296
vn 0.3206 0.8880 0.3297
vn -0.3217 -0.8872 0.3306
vn -0.0000 0.8800 0.4750
vn -0.0000 0.8799 0.4753
vn 0.3212 -0.8876 0.3302
vn -0.0000 -0.8793 0.4764
vn -0.6885 0.0056 0.7252
vn -0.6884 0.0054 0.7253
vn 0.6765 0.7364 -0.0000
vn -0.6885 0.7252 -0.0056
vn -0.6886 0.7252 -0.0059
vn 0.3175 0.3329 0.8879
vn 0.3174 0.3329 0.8879
vn -0.0000 0.4765 0.8792
vn -1.0000 -0.0000 -0.0076
vn -0.3200 0.3292 -0.8884
vn 0.3169 0.3323 -0.8883
vn -0.3217 0.3306 0.8872
vn -0.6884 0.7253 -0.0052
vn -0.0001 0.4764 0.8792
vn 0.0001 1.0000 -0.0000
vn -0.0001 1.0000 0.0007
vn -0.6884 0.7253 -0.0054
vn -0.0001 0.4768 0.8790
vn 0.0002 0.4750 -0.8800
vn 0.0001 0.4752 -0.8799
vn -0.6902 0.0057 0.7236
vn -0.6901 0.0056 0.7237
vn -0.3205 0.8883 0.3289
vn -0.3206 0.8883 0.3289
vn -0.3222 -0.8872 0.3303
vn -0.6902 0.0058 0.7236
vn -0.6901 0.0054 0.7237
vt 0.474762 0.227101
vt 0.474770 0.229181
vt 0.485372 0.229181
vt 0.485372 0.227101
vt 0.474762 0.227101
vt 0.474762 0.227101
vt 0.436436 0.237500
vt 0.430053 0.237500
vt 0.430053 0.193648
vt 0.430053 0.197804
vt 0.436436 0.197804
vt 0.436436 0.193648
vt 0.430053 0.188453
vt 0.430053 0.189492
vt 0.436436 0.189492
vt 0.436436 0.188453
vt 0.430053 0.228974
vt 0.436436 0.228974
vt 0.475798 0.151924
vt 0.485372 0.151924
vt 0.485372 0.145685
vt 0.475798 0.145685
vt 0.486436 0.191440
vt 0.486436 0.185200
vt 0.485372 0.185200
vt 0.485372 0.191440
vt 0.436436 0.187414
vt 0.430053 0.187414
vt 0.487500 0.185200
vt 0.428920 0.185334
vt 0.433176 0.185334
vt 0.487500 0.191440
vt 0.431048 0.179095
vt 0.429984 0.179095
vt 0.428920 0.179095
vt 0.432112 0.179095
vt 0.433176 0.179095
vt 0.575000 0.183000
vt 0.575000 0.133000
vt 0.562500 0.133000
vt 0.562500 0.183000
vt 0.612500 0.183000
vt 0.612500 0.133000
vt 0.600000 0.133000
vt 0.600000 0.183000
vt 0.550000 0.183000
vt 0.550000 0.133000
vt 0.537500 0.133000
vt 0.537500 0.183000
vt 0.587500 0.133000
vt 0.587500 0.183000
vt 0.525000 0.183000
vt 0.525000 0.133000
vt 0.512500 0.133000
vt 0.512500 0.183000
vt 0.537500 0.225506
vt 0.525122 0.220378
vt 0.520529 0.224971
vt 0.537500 0.232000
vt 0.537500 0.190494
vt 0.549878 0.195622
vt 0.554471 0.191029
vt 0.537500 0.184000
vt 0.549878 0.195622
vt 0.555006 0.208000
vt 0.561500 0.208000
vt 0.555006 0.208000
vt 0.549878 0.220378
vt 0.554471 0.224971
vt 0.549878 0.220378
vt 0.537500 0.225506
vt 0.525122 0.220378
vt 0.519994 0.208000
vt 0.513500 0.208000
vt 0.525122 0.195622
vt 0.520529 0.191029
vt 0.519994 0.208000
vt 0.525122 0.195622
vt 0.537500 0.225506
vt 0.525122 0.220378
vt 0.549878 0.220378
vt 0.537500 0.190494
vt 0.787500 0.100506
vt 0.775122 0.095378
vt 0.787500 0.065494
vt 0.799878 0.070622
vt 0.799878 0.070622
vt 0.805006 0.083000
vt 0.805006 0.083000
vt 0.799878 0.095378
vt 0.799878 0.095378
vt 0.787500 0.100506
vt 0.775122 0.095378
vt 0.769994 0.083000
vt 0.775122 0.070622
vt 0.769994 0.083000
vt 0.775122 0.070622
vt 0.787500 0.100506
vt 0.775122 0.095378
vt 0.799878 0.095378
vt 0.787500 0.065494
vt 0.662500 0.100506
vt 0.650122 0.095378
vt 0.662500 0.065494
vt 0.674878 0.070622
vt 0.674878 0.070622
vt 0.680006 0.083000
vt 0.680006 0.083000
vt 0.674878 0.095378
vt 0.674878 0.095378
vt 0.662500 0.100506
vt 0.650122 0.095378
vt 0.644994 0.083000
vt 0.650122 0.070622
vt 0.644994 0.083000
vt 0.650122 0.070622
vt 0.662500 0.100506
vt 0.650122 0.095378
vt 0.674878 0.095378
vt 0.662500 0.065494
vt 0.787500 0.094011
vt 0.779714 0.090786
vt 0.787500 0.071989
vt 0.795286 0.075214
vt 0.795286 0.075214
vt 0.798511 0.083000
vt 0.798511 0.083000
vt 0.795286 0.090786
vt 0.779714 0.090786
vt 0.787500 0.071989
vt 0.776489 0.083000
vt 0.779714 0.075214
vt 0.776489 0.083000
vt 0.779714 0.075214
vt 0.787500 0.094011
vt 0.779714 0.090786
vt 0.798511 0.083000
vt 0.787500 0.071989
vt 0.776489 0.083000
vt 0.779714 0.075214
vt 0.475798 0.150625
vt 0.485372 0.150625
vt 0.485372 0.146985
vt 0.475798 0.146985
vt 0.485372 0.150625
vt 0.360372 0.646465
vt 0.360372 0.646465
vt 0.360372 0.647308
vt 0.360372 0.651145
vt 0.360372 0.651145
vt 0.360372 0.651144
vt 0.485372 0.150301
vt 0.485372 0.147308
vt 0.485372 0.151145
vt 0.485372 0.151145
vt 0.485372 0.146465
vt 0.485372 0.146465
vt 0.485372 0.147308
vt 0.485372 0.151144
vt 0.485372 0.146465
vt 0.485372 0.146465
vt 0.360372 0.646465
vt 0.360372 0.650301
vt 0.360372 0.647308
vt 0.360372 0.646465
vt 0.484308 0.227101
vt 0.475825 0.227101
vt 0.475834 0.229181
vt 0.484309 0.229181
vt 0.475826 0.227101
vt 0.475825 0.227101
vt 0.570529 0.191029
vt 0.570529 0.224971
vt 0.563500 0.208000
vt 0.587500 0.184000
vt 0.587500 0.232000
vt 0.604471 0.191029
vt 0.604471 0.224971
vt 0.611500 0.208000
s 0
usemtl Placeable
f 6485/1511/360 6486/1511/360 6487/1511/360
f 6488/1512/361 6489/1512/361 6490/1512/361
f 6491/1513/362 6492/1513/362 6493/1513/362
f 6494/1514/363 6495/1514/363 6496/1514/363
f 6497/1511/360 6498/1511/360 6499/1511/360
f 6500/1512/361 6501/1512/361 6502/1512/361
f 6503/1513/362 6504/1513/362 6505/1513/362
f 6506/1514/363 6507/1514/363 6508/1514/363
f 6509/1511/360 6510/1511/360 6511/1511/360
f 6512/1512/361 6513/1512/361 6514/1512/361
f 6515/1513/362 6516/1513/362 6517/1513/362
f 6518/1514/363 6519/1514/363 6520/1514/363
f 6521/1511/360 6522/1511/360 6523/1511/360
f 6524/1512/361 6525/1512/361 6526/1512/361
f 6527/1513/362 6528/1513/362 6529/1513/362
f 6530/1514/363 6531/1514/363 6532/1514/363
f 6533/1511/360 6534/1511/360 6535/1511/360
f 6536/1512/361 6537/1512/361 6538/1512/361
f 6539/1513/362 6540/1513/362 6541/1513/362
f 6542/1514/363 6543/1514/363 6544/1514/363
f 6545/1511/360 6546/1511/360 6547/1511/360
f 6548/1512/361 6549/1512/361 6550/1512/361
f 6551/1513/362 6552/1513/362 6553/1513/362
f 6554/1514/363 6555/1514/363 6556/1514/363
f 6557/1511/364 6558/1511/364 6559/1511/364
f 6560/1512/365 6561/1512/365 6562/1512/365
f 6563/1513/366 6564/1513/366 6565/1513/366
f 6566/1514/367 6567/1514/367 6568/1514/367
f 6569/1511/364 6570/1511/364 6571/1511/364
f 6572/1512/365 6573/1512/365 6574/1512/365
f 6575/1513/366 6576/1513/366 6577/1513/366
f 6578/1514/367 6579/1514/367 6580/1514/367
f 6581/1511/364 6582/1511/364 6583/1511/364
f 6584/1512/365 6585/1512/365 6586/1512/365
f 6587/1513/366 6588/1513/366 6589/1513/366
f 6590/1514/367 6591/1514/367 6592/1514/367
f 6593/1511/364 6594/1511/364 6595/1511/364
f 6596/1512/365 6597/1512/365 6598/1512/365
f 6599/1513/366 6600/1513/366 6601/1513/366
f 6602/1514/367 6603/1514/367 6604/1514/367
f 6605/1511/364 6606/1511/364 6607/1511/364
f 6608/1512/365 6609/1512/365 6610/1512/365
f 6611/1513/366 6612/1513/366 6613/1513/366
f 6614/1514/367 6615/1514/367 6616/1514/367
f 6617/1511/364 6618/1511/364 6619/1511/364
f 6620/1512/365 6621/1512/365 6622/1512/365
f 6623/1513/368 6624/1513/368 6625/1513/368
f 6626/1514/369 6627/1514/369 6628/1514/369
f 6629/1511/364 6630/1511/364 6631/1511/364
f 6632/1512/365 6633/1512/365 6634/1512/365
f 6635/1513/368 6636/1513/368 6637/1513/368
f 6638/1514/369 6639/1514/369 6640/1514/369
f 6641/1511/364 6642/1511/364 6643/1511/364
f 6644/1512/365 6645/1512/365 6646/1512/365
f 6647/1513/368 6648/1513/368 6649/1513/368
f 6650/1514/369 6651/1514/369 6652/1514/369
f 6653/1511/360 6654/1511/360 6655/1511/360
f 6656/1512/361 6657/1512/361 6658/1512/361
f 6659/1511/360 6660/1511/360 6661/1511/360
f 6662/1512/361 6663/1512/361 6664/1512/361
f 6665/1515/360 6666/1511/360 6667/1516/360
f 6668/1512/361 6669/1512/361 6670/1512/361
f 6671/1515/360 6672/1511/360 6673/1516/360
f 6674/1512/361 6675/1512/361 6676/1512/361
f 6677/1515/360 6678/1511/360 6679/1516/360
f 6680/1512/361 6681/1512/361 6682/1512/361
f 6683/1515/360 6684/1511/360 6685/1516/360
f 6686/1512/361 6687/1512/361 6688/1512/361
f 6689/1515/360 6690/1511/360 6691/1516/360
f 6692/1512/361 6693/1512/361 6694/1512/361
f 6695/1515/360 6696/1511/360 6697/1516/360
f 6698/1512/361 6699/1512/361 6700/1512/361
f 6701/1511/370 6702/1511/370 6703/1511/370
f 6704/1512/371 6705/1512/371 6706/1512/371
f 6707/1513/372 6708/1513/372 6709/1513/372
f 6710/1514/373 6711/1514/373 6712/1514/373
f 6713/1511/370 6714/1511/370 6715/1511/370
f 6716/1512/371 6717/1512/371 6718/1512/371
f 6719/1513/372 6720/1513/372 6721/1513/372
f 6722/1514/373 6723/1514/373 6724/1514/373
f 6725/1511/370 6726/1511/370 6727/1511/370
f 6728/1512/371 6729/1512/371 6730/1512/371
f 6731/1513/372 6732/1513/372 6733/1513/372
f 6734/1514/373 6735/1514/373 6736/1514/373
f 6737/1511/370 6738/1511/370 6739/1511/370
f 6740/1512/371 6741/1512/371 6742/1512/371
f 6743/1513/372 6744/1513/372 6745/1513/372
f 6746/1514/373 6747/1514/373 6748/1514/373
f 6749/1511/370 6750/1511/370 6751/1511/370
f 6752/1512/371 6753/1512/371 6754/1512/371
f 6755/1513/372 6756/1513/372 6757/1513/372
f 6758/1514/373 6759/1514/373 6760/1514/373
f 6761/1511/370 6762/1511/370 6763/1511/370
f 6764/1512/371 6765/1512/371 6766/1512/371
f 6767/1513/372 6768/1513/372 6769/1513/372
f 6770/1514/373 6771/1514/373 6772/1514/373
f 6773/1511/374 6774/1511/374 6775/1511/374
f 6776/1512/375 6777/1512/375 6778/1512/375
f 6779/1513/376 6780/1513/376 6781/1513/376
f 6782/1514/377 6783/1514/377 6784/1514/377
f 6785/1511/374 6786/1511/374 6787/1511/374
f 6788/1512/375 6789/1512/375 6790/1512/375
f 6791/1513/376 6792/1513/376 6793/1513/376
f 6794/1514/377 6795/1514/377 6796/1514/377
f 6797/1511/374 6798/1511/374 6799/1511/374
f 6800/1512/375 6801/1512/375 6802/1512/375
f 6803/1513/376 6804/1513/376 6805/1513/376
f 6806/1514/377 6807/1514/377 6808/1514/377
f 6809/1511/374 6810/1511/374 6811/1511/374
f 6812/1512/375 6813/1512/375 6814/1512/375
f 6815/1513/376 6816/1513/376 6817/1513/376
f 6818/1514/377 6819/1514/377 6820/1514/377
f 6821/1511/374 6822/1511/374 6823/1511/374
f 6824/1512/375 6825/1512/375 6826/1512/375
f 6827/1513/376 6828/1513/376 6829/1513/376
f 6830/1514/377 6831/1514/377 6832/1514/377
f 6833/1511/374 6834/1511/374 6835/1511/374
f 6836/1512/375 6837/1512/375 6838/1512/375
f 6839/1513/378 6840/1513/378 6841/1513/378
f 6842/1514/379 6843/1514/379 6844/1514/379
f 6845/1511/374 6846/1511/374 6847/1511/374
f 6848/1512/375 6849/1512/375 6850/1512/375
f 6851/1513/378 6852/1513/378 6853/1513/378
f 6854/1514/379 6855/1514/379 6856/1514/379
f 6857/1511/374 6858/1511/374 6859/1511/374
f 6860/1512/375 6861/1512/375 6862/1512/375
f 6863/1513/378 6864/1513/378 6865/1513/378
f 6866/1514/379 6867/1514/379 6868/1514/379
f 6869/1511/370 6870/1511/370 6871/1511/370
f 6872/1512/371 6873/1512/371 6874/1512/371
f 6875/1511/370 6876/1511/370 6877/1511/370
f 6878/1512/371 6879/1512/371 6880/1512/371
f 6881/1515/370 6882/1516/370 6883/1511/370
f 6884/1512/371 6885/1512/371 6886/1512/371
f 6887/1515/370 6888/1516/370 6889/1511/370
f 6890/1512/371 6891/1512/371 6892/1512/371
f 6893/1515/370 6894/1516/370 6895/1511/370
f 6896/1512/371 6897/1512/371 6898/1512/371
f 6899/1515/370 6900/1516/370 6901/1511/370
f 6902/1512/371 6903/1512/371 6904/1512/371
f 6905/1515/370 6906/1516/370 6907/1511/370
f 6908/1512/371 6909/1512/371 6910/1512/371
f 6911/1515/370 6912/1516/370 6913/1511/370
f 6914/1512/371 6915/1512/371 6916/1512/371
f 6917/1517/380 6918/1518/380 6919/1518/380
f 6917/1517/380 6919/1518/380 6920/1517/380
f 6921/1519/381 6922/1520/381 6923/1521/381
f 6921/1519/381 6923/1521/381 6924/1522/381
f 6925/1523/381 6926/1524/381 6927/1525/381
f 6925/1523/381 6927/1525/381 6928/1526/381
f 6926/1524/381 6921/1519/381 6924/1522/381
f 6926/1524/381 6924/1522/381 6927/1525/381
f 6929/1527/382 6930/1518/382 6931/1517/382
s 1
f 6929/1527/382 6931/1517/382 6932/1528/382
s 0
f 6922/1520/381 6933/1527/381 6934/1528/381
f 6922/1520/381 6934/1528/381 6923/1521/381
f 6935/1529/383 6936/1530/383 6937/1531/383
f 6935/1529/383 6937/1531/383 6938/1532/383
f 6939/1533/384 6940/1534/384 6941/1535/384
f 6939/1533/384 6941/1535/384 6942/1536/384
f 6943/1523/385 6944/1526/385 6945/1537/385
f 6943/1523/385 6945/1537/385 6946/1538/385
f 6947/1529/386 6948/1530/386 6949/1530/386
f 6947/1529/386 6949/1530/386 6950/1529/386
f 6951/1519/386 6952/1520/386 6953/1520/386
f 6951/1519/386 6953/1520/386 6954/1519/386
f 6955/1539/386 6956/1534/386 6957/1534/386
f 6955/1539/386 6957/1534/386 6958/1539/386
f 6959/1527/386 6960/1518/386 6961/1518/386
f 6959/1527/386 6961/1518/386 6962/1527/386
f 6963/1540/387 6964/1541/387 6965/1541/387
f 6963/1540/387 6965/1541/387 6966/1540/387
f 6967/1517/387 6968/1517/387 6969/1517/387
f 6967/1517/387 6969/1517/387 6970/1517/387
f 6971/1520/386 6972/1527/386 6973/1527/386
f 6971/1520/386 6973/1527/386 6974/1520/386
f 6975/1525/387 6976/1526/387 6977/1526/387
f 6975/1525/387 6977/1526/387 6978/1525/387
f 6979/1531/387 6980/1532/387 6981/1532/387
f 6979/1531/387 6981/1532/387 6982/1531/387
f 6983/1524/386 6951/1519/386 6954/1519/386
f 6983/1524/386 6954/1519/386 6984/1524/386
f 6985/1533/387 6986/1542/387 6987/1542/387
f 6985/1533/387 6987/1542/387 6988/1533/387
f 6989/1536/387 6990/1533/387 6991/1533/387
f 6989/1536/387 6991/1533/387 6992/1536/387
f 6976/1526/387 6993/1537/387 6994/1537/387
f 6976/1526/387 6994/1537/387 6977/1526/387
f 6995/1543/386 6996/1544/386 6997/1544/386
f 6995/1543/386 6997/1544/386 6998/1543/386
f 6999/1528/387 7000/1521/387 7001/1521/387
f 6999/1528/387 7001/1521/387 7002/1528/387
f 6996/1544/386 7003/1545/386 7004/1545/386
f 6996/1544/386 7004/1545/386 6997/1544/386
f 6956/1534/386 7005/1535/386 7006/1535/386
f 6956/1534/386 7006/1535/386 6957/1534/386
f 6968/1517/387 7007/1528/387 7008/1528/387
f 6968/1517/387 7008/1528/387 6969/1517/387
f 7009/1546/386 6995/1543/386 6998/1543/386
f 7009/1546/386 6998/1543/386 7010/1546/386
f 7011/1522/387 6975/1525/387 6978/1525/387
f 7011/1522/387 6978/1525/387 7012/1522/387
f 7013/1538/386 7014/1523/386 7015/1523/386
f 7013/1538/386 7015/1523/386 7016/1538/386
f 7017/1521/387 7011/1522/387 7012/1522/387
f 7017/1521/387 7012/1522/387 7018/1521/387
f 6960/1518/386 7019/1518/386 7020/1518/386
f 6960/1518/386 7020/1518/386 6961/1518/386
f 7021/1547/386 7009/1546/386 7010/1546/386
f 7021/1547/386 7010/1546/386 7022/1547/386
f 7023/1523/386 6983/1524/386 6984/1524/386
f 7023/1523/386 6984/1524/386 7024/1523/386
f 7025/1517/380 7026/1518/380 7027/1518/380
f 7025/1517/380 7027/1518/380 7028/1517/380
f 7029/1519/381 7030/1520/381 7031/1521/381
f 7029/1519/381 7031/1521/381 7032/1522/381
f 7033/1523/381 7034/1524/381 7035/1525/381
f 7033/1523/381 7035/1525/381 7036/1526/381
f 7034/1524/381 7029/1519/381 7032/1522/381
f 7034/1524/381 7032/1522/381 7035/1525/381
f 7037/1527/382 7038/1518/382 7039/1517/382
s 1
f 7037/1527/382 7039/1517/382 7040/1528/382
s 0
f 7030/1520/381 7041/1527/381 7042/1528/381
f 7030/1520/381 7042/1528/381 7031/1521/381
f 7043/1529/383 7044/1530/383 7045/1531/383
f 7043/1529/383 7045/1531/383 7046/1532/383
f 7047/1533/384 7048/1534/384 7049/1535/384
f 7047/1533/384 7049/1535/384 7050/1536/384
f 7051/1523/385 7052/1526/385 7053/1537/385
f 7051/1523/385 7053/1537/385 7054/1538/385
f 7055/1529/386 7056/1530/386 7057/1530/386
f 7055/1529/386 7057/1530/386 7058/1529/386
f 7059/1519/386 7060/1520/386 7061/1520/386
f 7059/1519/386 7061/1520/386 7062/1519/386
f 7063/1539/386 7064/1534/386 7065/1534/386
f 7063/1539/386 7065/1534/386 7066/1539/386
f 7067/1527/386 7068/1518/386 7069/1518/386
f 7067/1527/386 7069/1518/386 7070/1527/386
f 7071/1540/387 7072/1541/387 7073/1541/387
f 7071/1540/387 7073/1541/387 7074/1540/387
f 7075/1517/387 7076/1517/387 7077/1517/387
f 7075/1517/387 7077/1517/387 7078/1517/387
f 7060/1520/386 7067/1527/386 7070/1527/386
f 7060/1520/386 7070/1527/386 7061/1520/386
f 7079/1525/387 7080/1526/387 7081/1526/387
f 7079/1525/387 7081/1526/387 7082/1525/387
f 7083/1531/387 7084/1532/387 7085/1532/387
f 7083/1531/387 7085/1532/387 7086/1531/387
f 7087/1524/386 7059/1519/386 7062/1519/386
f 7087/1524/386 7062/1519/386 7088/1524/386
f 7089/1533/387 7090/1542/387 7091/1542/387
f 7089/1533/387 7091/1542/387 7092/1533/387
f 7093/1536/387 7094/1533/387 7095/1533/387
f 7093/1536/387 7095/1533/387 7096/1536/387
f 7080/1526/387 7097/1537/387 7098/1537/387
f 7080/1526/387 7098/1537/387 7081/1526/387
f 7099/1543/386 7100/1544/386 7101/1544/386
f 7099/1543/386 7101/1544/386 7102/1543/386
f 7103/1528/387 7104/1521/387 7105/1521/387
f 7103/1528/387 7105/1521/387 7106/1528/387
f 7100/1544/386 7107/1545/386 7108/1545/386
f 7100/1544/386 7108/1545/386 7101/1544/386
f 7109/1534/386 7110/1535/386 7111/1535/386
f 7109/1534/386 7111/1535/386 7112/1534/386
f 7113/1517/387 7114/1528/387 7115/1528/387
f 7113/1517/387 7115/1528/387 7116/1517/387
f 7117/1546/386 7099/1543/386 7102/1543/386
f 7117/1546/386 7102/1543/386 7118/1546/386
f 7119/1522/387 7079/1525/387 7082/1525/387
f 7119/1522/387 7082/1525/387 7120/1522/387
f 7121/1538/386 7122/1523/386 7123/1523/386
f 7121/1538/386 7123/1523/386 7124/1538/386
f 7104/1521/387 7119/1522/387 7120/1522/387
f 7104/1521/387 7120/1522/387 7105/1521/387
f 7068/1518/386 7125/1518/386 7126/1518/386
f 7068/1518/386 7126/1518/386 7069/1518/386
f 7127/1547/386 7117/1546/386 7118/1546/386
f 7127/1547/386 7118/1546/386 7128/1547/386
f 7129/1523/386 7130/1524/386 7131/1524/386
f 7129/1523/386 7131/1524/386 7132/1523/386
f 7133/1548/388 7134/1549/388 7135/1550/388
f 7133/1548/388 7135/1550/388 7136/1551/388
f 7137/1552/389 7138/1553/389 7139/1554/389
f 7137/1552/389 7139/1554/389 7140/1555/389
f 7141/1556/390 7142/1557/390 7143/1558/390
f 7141/1556/390 7143/1558/390 7144/1559/390
f 7145/1555/391 7146/1554/391 7147/1560/391
f 7145/1555/391 7147/1560/391 7148/1561/391
f 7149/1556/390 7150/1557/390 7151/1558/390
f 7149/1556/390 7151/1558/390 7152/1559/390
f 7153/1551/392 7154/1550/392 7155/1557/392
f 7153/1551/392 7155/1557/392 7156/1556/392
f 7157/1561/393 7158/1560/393 7159/1549/393
f 7157/1561/393 7159/1549/393 7160/1548/393
f 7161/1548/388 7162/1549/388 7163/1550/388
f 7161/1548/388 7163/1550/388 7164/1551/388
f 7165/1548/388 7166/1549/388 7167/1550/388
f 7165/1548/388 7167/1550/388 7168/1551/388
f 7169/1561/393 7170/1560/393 7171/1549/393
f 7169/1561/393 7171/1549/393 7172/1548/393
f 7173/1551/392 7174/1550/392 7175/1557/392
f 7173/1551/392 7175/1557/392 7176/1556/392
f 7177/1562/394 7178/1563/394 7179/1564/394
f 7177/1562/394 7179/1564/394 7180/1565/394
f 7181/1555/391 7182/1554/391 7183/1560/391
f 7181/1555/391 7183/1560/391 7184/1561/391
f 7185/1556/390 7186/1557/390 7187/1558/390
f 7185/1556/390 7187/1558/390 7188/1559/390
f 7189/1552/389 7190/1553/389 7191/1554/389
f 7189/1552/389 7191/1554/389 7192/1555/389
f 7193/1559/395 7194/1558/395 7195/1563/395
f 7193/1559/395 7195/1563/395 7196/1562/395
f 7197/1551/392 7198/1550/392 7199/1557/392
f 7197/1551/392 7199/1557/392 7200/1556/392
f 7201/1559/395 7202/1558/395 7203/1563/395
f 7201/1559/395 7203/1563/395 7204/1562/395
f 7205/1562/394 7206/1563/394 7207/1564/394
f 7205/1562/394 7207/1564/394 7208/1565/394
f 7209/1561/393 7210/1560/393 7211/1549/393
f 7209/1561/393 7211/1549/393 7212/1548/393
f 7213/1562/394 7214/1563/394 7215/1564/394
f 7213/1562/394 7215/1564/394 7216/1565/394
f 7217/1555/391 7218/1554/391 7219/1560/391
f 7217/1555/391 7219/1560/391 7220/1561/391
f 7221/1552/389 7222/1553/389 7223/1554/389
f 7221/1552/389 7223/1554/389 7224/1555/389
f 7225/1559/395 7226/1558/395 7227/1563/395
f 7225/1559/395 7227/1563/395 7228/1562/395
f 7229/1566/396 7230/1567/396 7231/1568/396
f 7229/1566/396 7231/1568/396 7232/1569/396
f 7233/1570/397 7234/1571/397 7235/1572/397
f 7233/1570/397 7235/1572/397 7236/1573/397
f 7237/1574/398 7238/1575/398 7239/1576/398
f 7237/1574/398 7239/1576/398 7240/1572/398
f 7241/1571/398 7242/1577/398 7243/1576/398
f 7241/1571/398 7243/1576/398 7244/1572/398
f 7245/1577/399 7246/1578/399 7247/1579/399
f 7245/1577/399 7247/1579/399 7248/1576/399
f 7249/1580/400 7250/1566/400 7251/1569/400
f 7249/1580/400 7251/1569/400 7252/1579/400
f 7253/1578/400 7254/1581/400 7255/1569/400
f 7253/1578/400 7255/1569/400 7256/1579/400
f 7257/1581/396 7258/1582/396 7259/1568/396
f 7257/1581/396 7259/1568/396 7260/1569/396
f 7261/1570/397 7262/1574/397 7263/1572/397
f 7261/1570/397 7263/1572/397 7264/1573/397
f 7265/1582/401 7266/1583/401 7267/1584/401
f 7265/1582/401 7267/1584/401 7268/1568/401
f 7269/1575/399 7270/1580/399 7271/1579/399
f 7269/1575/399 7271/1579/399 7272/1576/399
f 7273/1583/402 7274/1585/402 7275/1586/402
f 7273/1583/402 7275/1586/402 7276/1584/402
f 7277/1585/403 7278/1570/403 7279/1573/403
f 7277/1585/403 7279/1573/403 7280/1586/403
f 7281/1567/401 7282/1587/401 7283/1584/401
f 7281/1567/401 7283/1584/401 7284/1568/401
f 7285/1587/402 7286/1588/402 7287/1586/402
f 7285/1587/402 7287/1586/402 7288/1584/402
f 7289/1588/403 7290/1570/403 7291/1573/403
f 7289/1588/403 7291/1573/403 7292/1586/403
f 7293/1589/396 7294/1590/396 7295/1568/396
f 7293/1589/396 7295/1568/396 7296/1569/396
f 7297/1574/398 7298/1577/398 7299/1576/398
f 7297/1574/398 7299/1576/398 7300/1572/398
f 7301/1591/400 7302/1589/400 7303/1569/400
f 7301/1591/400 7303/1569/400 7304/1579/400
f 7305/1592/397 7306/1574/397 7307/1572/397
f 7305/1592/397 7307/1572/397 7308/1573/397
f 7309/1577/399 7310/1591/399 7311/1579/399
f 7309/1577/399 7311/1579/399 7312/1576/399
f 7313/1590/401 7314/1587/401 7315/1584/401
f 7313/1590/401 7315/1584/401 7316/1568/401
f 7317/1587/402 7318/1585/402 7319/1586/402
f 7317/1587/402 7319/1586/402 7320/1584/402
f 7321/1585/403 7322/1592/403 7323/1573/403
f 7321/1585/403 7323/1573/403 7324/1586/403
f 7325/1593/392 7326/1594/392 7327/1594/392
f 7325/1593/392 7327/1594/392 7328/1593/392
f 7329/1595/389 7330/1596/389 7331/1596/389
f 7329/1595/389 7331/1596/389 7332/1595/389
f 7333/1597/391 7334/1598/391 7335/1598/391
f 7333/1597/391 7335/1598/391 7336/1597/391
f 7337/1596/391 7338/1599/391 7339/1599/391
f 7337/1596/391 7339/1599/391 7340/1596/391
f 7341/1599/393 7342/1600/393 7343/1600/393
f 7341/1599/393 7343/1600/393 7344/1599/393
f 7345/1601/388 7346/1593/388 7347/1593/388
f 7345/1601/388 7347/1593/388 7348/1601/388
f 7349/1600/388 7350/1602/388 7351/1602/388
f 7349/1600/388 7351/1602/388 7352/1600/388
f 7353/1602/392 7354/1603/392 7355/1603/392
f 7353/1602/392 7355/1603/392 7356/1602/392
f 7357/1595/389 7358/1597/389 7359/1597/389
f 7357/1595/389 7359/1597/389 7360/1595/389
f 7361/1603/390 7362/1604/390 7363/1604/390
f 7361/1603/390 7363/1604/390 7364/1603/390
f 7365/1598/393 7366/1601/393 7367/1601/393
f 7365/1598/393 7367/1601/393 7368/1598/393
f 7369/1604/395 7370/1605/395 7371/1605/395
f 7369/1604/395 7371/1605/395 7372/1604/395
f 7373/1605/394 7374/1595/394 7375/1595/394
f 7373/1605/394 7375/1595/394 7376/1605/394
f 7377/1594/390 7378/1606/390 7379/1606/390
f 7377/1594/390 7379/1606/390 7380/1594/390
f 7381/1606/395 7382/1607/395 7383/1607/395
f 7381/1606/395 7383/1607/395 7384/1606/395
f 7385/1607/394 7386/1595/394 7387/1595/394
f 7385/1607/394 7387/1595/394 7388/1607/394
f 7389/1608/392 7390/1609/392 7391/1609/392
f 7389/1608/392 7391/1609/392 7392/1608/392
f 7393/1597/391 7394/1599/391 7395/1599/391
f 7393/1597/391 7395/1599/391 7396/1597/391
f 7397/1610/388 7398/1608/388 7399/1608/388
f 7397/1610/388 7399/1608/388 7400/1610/388
f 7401/1611/389 7402/1597/389 7403/1597/389
f 7401/1611/389 7403/1597/389 7404/1611/389
f 7405/1599/393 7406/1610/393 7407/1610/393
f 7405/1599/393 7407/1610/393 7408/1599/393
f 7409/1609/390 7410/1606/390 7411/1606/390
f 7409/1609/390 7411/1606/390 7412/1609/390
f 7413/1606/395 7414/1605/395 7415/1605/395
f 7413/1606/395 7415/1605/395 7416/1606/395
f 7417/1605/394 7418/1611/394 7419/1611/394
f 7417/1605/394 7419/1611/394 7420/1605/394
f 7421/1612/392 7422/1613/392 7423/1613/392
f 7421/1612/392 7423/1613/392 7424/1612/392
f 7425/1614/389 7426/1615/389 7427/1615/389
f 7425/1614/389 7427/1615/389 7428/1614/389
f 7429/1616/391 7430/1617/391 7431/1617/391
f 7429/1616/391 7431/1617/391 7432/1616/391
f 7433/1615/391 7434/1618/391 7435/1618/391
f 7433/1615/391 7435/1618/391 7436/1615/391
f 7437/1618/393 7438/1619/393 7439/1619/393
f 7437/1618/393 7439/1619/393 7440/1618/393
f 7441/1620/388 7442/1612/388 7443/1612/388
f 7441/1620/388 7443/1612/388 7444/1620/388
f 7445/1619/388 7446/1621/388 7447/1621/388
f 7445/1619/388 7447/1621/388 7448/1619/388
f 7449/1621/392 7450/1622/392 7451/1622/392
f 7449/1621/392 7451/1622/392 7452/1621/392
f 7453/1614/389 7454/1616/389 7455/1616/389
f 7453/1614/389 7455/1616/389 7456/1614/389
f 7457/1622/390 7458/1623/390 7459/1623/390
f 7457/1622/390 7459/1623/390 7460/1622/390
f 7461/1617/393 7462/1620/393 7463/1620/393
f 7461/1617/393 7463/1620/393 7464/1617/393
f 7465/1623/395 7466/1624/395 7467/1624/395
f 7465/1623/395 7467/1624/395 7468/1623/395
f 7469/1624/394 7470/1614/394 7471/1614/394
f 7469/1624/394 7471/1614/394 7472/1624/394
f 7473/1613/390 7474/1625/390 7475/1625/390
f 7473/1613/390 7475/1625/390 7476/1613/390
f 7477/1625/395 7478/1626/395 7479/1626/395
f 7477/1625/395 7479/1626/395 7480/1625/395
f 7481/1626/394 7482/1614/394 7483/1614/394
f 7481/1626/394 7483/1614/394 7484/1626/394
f 7485/1627/392 7486/1628/392 7487/1628/392
f 7485/1627/392 7487/1628/392 7488/1627/392
f 7489/1616/391 7490/1618/391 7491/1618/391
f 7489/1616/391 7491/1618/391 7492/1616/391
f 7493/1629/388 7494/1627/388 7495/1627/388
f 7493/1629/388 7495/1627/388 7496/1629/388
f 7497/1630/389 7498/1616/389 7499/1616/389
f 7497/1630/389 7499/1616/389 7500/1630/389
f 7501/1618/393 7502/1629/393 7503/1629/393
f 7501/1618/393 7503/1629/393 7504/1618/393
f 7505/1628/390 7506/1625/390 7507/1625/390
f 7505/1628/390 7507/1625/390 7508/1628/390
f 7509/1625/395 7510/1624/395 7511/1624/395
f 7509/1625/395 7511/1624/395 7512/1625/395
f 7513/1624/394 7514/1630/394 7515/1630/394
f 7513/1624/394 7515/1630/394 7516/1624/394
f 7517/1593/392 7518/1594/392 7519/1594/392
f 7517/1593/392 7519/1594/392 7520/1593/392
f 7521/1595/389 7522/1596/389 7523/1596/389
f 7521/1595/389 7523/1596/389 7524/1595/389
f 7525/1597/391 7526/1598/391 7527/1598/391
f 7525/1597/391 7527/1598/391 7528/1597/391
f 7529/1596/391 7530/1599/391 7531/1599/391
f 7529/1596/391 7531/1599/391 7532/1596/391
f 7533/1599/393 7534/1600/393 7535/1600/393
f 7533/1599/393 7535/1600/393 7536/1599/393
f 7537/1601/388 7538/1593/388 7539/1593/388
f 7537/1601/388 7539/1593/388 7540/1601/388
f 7541/1600/388 7542/1602/388 7543/1602/388
f 7541/1600/388 7543/1602/388 7544/1600/388
f 7545/1602/392 7546/1603/392 7547/1603/392
f 7545/1602/392 7547/1603/392 7548/1602/392
f 7549/1595/389 7550/1597/389 7551/1597/389
f 7549/1595/389 7551/1597/389 7552/1595/389
f 7553/1603/390 7554/1604/390 7555/1604/390
f 7553/1603/390 7555/1604/390 7556/1603/390
f 7557/1598/393 7558/1601/393 7559/1601/393
f 7557/1598/393 7559/1601/393 7560/1598/393
f 7561/1604/395 7562/1605/395 7563/1605/395
f 7561/1604/395 7563/1605/395 7564/1604/395
f 7565/1605/394 7566/1595/394 7567/1595/394
f 7565/1605/394 7567/1595/394 7568/1605/394
f 7569/1594/390 7570/1606/390 7571/1606/390
f 7569/1594/390 7571/1606/390 7572/1594/390
f 7573/1606/395 7574/1607/395 7575/1607/395
f 7573/1606/395 7575/1607/395 7576/1606/395
f 7577/1607/394 7578/1595/394 7579/1595/394
f 7577/1607/394 7579/1595/394 7580/1607/394
f 7581/1608/392 7582/1609/392 7583/1609/392
f 7581/1608/392 7583/1609/392 7584/1608/392
f 7585/1597/391 7586/1599/391 7587/1599/391
f 7585/1597/391 7587/1599/391 7588/1597/391
f 7589/1610/388 7590/1608/388 7591/1608/388
f 7589/1610/388 7591/1608/388 7592/1610/388
f 7593/1611/389 7594/1597/389 7595/1597/389
f 7593/1611/389 7595/1597/389 7596/1611/389
f 7597/1599/393 7598/1610/393 7599/1610/393
f 7597/1599/393 7599/1610/393 7600/1599/393
f 7601/1609/390 7602/1606/390 7603/1606/390
f 7601/1609/390 7603/1606/390 7604/1609/390
f 7605/1606/395 7606/1605/395 7607/1605/395
f 7605/1606/395 7607/1605/395 7608/1606/395
f 7609/1605/394 7610/1611/394 7611/1611/394
f 7609/1605/394 7611/1611/394 7612/1605/394
f 7613/1566/392 7614/1567/392 7615/1567/392
f 7613/1566/392 7615/1567/392 7616/1566/392
f 7617/1570/389 7618/1571/389 7619/1571/389
f 7617/1570/389 7619/1571/389 7620/1570/389
f 7621/1574/391 7622/1575/391 7623/1575/391
f 7621/1574/391 7623/1575/391 7624/1574/391
f 7625/1571/391 7626/1577/391 7627/1577/391
f 7625/1571/391 7627/1577/391 7628/1571/391
f 7629/1577/393 7630/1578/393 7631/1578/393
f 7629/1577/393 7631/1578/393 7632/1577/393
f 7633/1580/388 7634/1566/388 7635/1566/388
f 7633/1580/388 7635/1566/388 7636/1580/388
f 7637/1578/388 7638/1581/388 7639/1581/388
f 7637/1578/388 7639/1581/388 7640/1578/388
s 1
f 7641/1581/392 7642/1582/392 7643/1582/392
s 0
f 7641/1581/392 7643/1582/392 7644/1581/392
f 7645/1570/389 7646/1574/389 7647/1574/389
f 7645/1570/389 7647/1574/389 7648/1570/389
f 7649/1582/390 7650/1583/390 7651/1583/390
f 7649/1582/390 7651/1583/390 7652/1582/390
f 7653/1575/393 7654/1580/393 7655/1580/393
f 7653/1575/393 7655/1580/393 7656/1575/393
f 7657/1583/395 7658/1585/395 7659/1585/395
f 7657/1583/395 7659/1585/395 7660/1583/395
f 7661/1585/394 7662/1570/394 7663/1570/394
f 7661/1585/394 7663/1570/394 7664/1585/394
f 7665/1567/390 7666/1587/390 7667/1587/390
f 7665/1567/390 7667/1587/390 7668/1567/390
f 7669/1587/395 7670/1588/395 7671/1588/395
f 7669/1587/395 7671/1588/395 7672/1587/395
f 7673/1588/394 7674/1570/394 7675/1570/394
f 7673/1588/394 7675/1570/394 7676/1588/394
f 7677/1589/392 7678/1590/392 7679/1590/392
f 7677/1589/392 7679/1590/392 7680/1589/392
f 7681/1574/391 7682/1577/391 7683/1577/391
f 7681/1574/391 7683/1577/391 7684/1574/391
f 7685/1591/388 7686/1589/388 7687/1589/388
f 7685/1591/388 7687/1589/388 7688/1591/388
f 7689/1592/389 7690/1574/389 7691/1574/389
f 7689/1592/389 7691/1574/389 7692/1592/389
f 7693/1577/393 7694/1591/393 7695/1591/393
f 7693/1577/393 7695/1591/393 7696/1577/393
f 7697/1590/390 7698/1587/390 7699/1587/390
f 7697/1590/390 7699/1587/390 7700/1590/390
f 7701/1587/395 7702/1585/395 7703/1585/395
f 7701/1587/395 7703/1585/395 7704/1587/395
f 7705/1585/394 7706/1592/394 7707/1592/394
f 7705/1585/394 7707/1592/394 7708/1585/394
f 7709/1593/392 7710/1594/392 7711/1594/392
f 7709/1593/392 7711/1594/392 7712/1593/392
s 1
f 7713/1595/389 7714/1596/389 7715/1596/389
s 0
f 7713/1595/389 7715/1596/389 7716/1595/389
f 7717/1597/391 7718/1598/391 7719/1598/391
f 7717/1597/391 7719/1598/391 7720/1597/391
f 7721/1596/391 7722/1599/391 7723/1599/391
f 7721/1596/391 7723/1599/391 7724/1596/391
f 7725/1599/393 7726/1600/393 7727/1600/393
f 7725/1599/393 7727/1600/393 7728/1599/393
f 7729/1601/388 7730/1593/388 7731/1593/388
f 7729/1601/388 7731/1593/388 7732/1601/388
s 1
f 7733/1600/388 7734/1602/388 7735/1602/388
s 0
f 7733/1600/388 7735/1602/388 7736/1600/388
f 7737/1602/392 7738/1603/392 7739/1603/392
f 7737/1602/392 7739/1603/392 7740/1602/392
f 7741/1595/389 7742/1597/389 7743/1597/389
f 7741/1595/389 7743/1597/389 7744/1595/389
f 7745/1603/390 7746/1604/390 7747/1604/390
f 7745/1603/390 7747/1604/390 7748/1603/390
f 7749/1598/393 7750/1601/393 7751/1601/393
f 7749/1598/393 7751/1601/393 7752/1598/393
f 7753/1604/395 7754/1605/395 7755/1605/395
f 7753/1604/395 7755/1605/395 7756/1604/395
f 7757/1605/394 7758/1595/394 7759/1595/394
f 7757/1605/394 7759/1595/394 7760/1605/394
f 7761/1594/390 7762/1606/390 7763/1606/390
f 7761/1594/390 7763/1606/390 7764/1594/390
f 7765/1606/395 7766/1607/395 7767/1607/395
f 7765/1606/395 7767/1607/395 7768/1606/395
f 7769/1607/394 7770/1595/394 7771/1595/394
f 7769/1607/394 7771/1595/394 7772/1607/394
f 7773/1608/392 7774/1609/392 7775/1609/392
f 7773/1608/392 7775/1609/392 7776/1608/392
f 7777/1597/391 7778/1599/391 7779/1599/391
f 7777/1597/391 7779/1599/391 7780/1597/391
f 7781/1610/388 7782/1608/388 7783/1608/388
f 7781/1610/388 7783/1608/388 7784/1610/388
f 7785/1611/389 7786/1597/389 7787/1597/389
f 7785/1611/389 7787/1597/389 7788/1611/389
f 7789/1599/393 7790/1610/393 7791/1610/393
f 7789/1599/393 7791/1610/393 7792/1599/393
f 7793/1609/390 7794/1606/390 7795/1606/390
f 7793/1609/390 7795/1606/390 7796/1609/390
f 7797/1606/395 7798/1605/395 7799/1605/395
f 7797/1606/395 7799/1605/395 7800/1606/395
f 7801/1605/394 7802/1611/394 7803/1611/394
f 7801/1605/394 7803/1611/394 7804/1605/394
f 7805/1631/396 7806/1632/396 7807/1594/396
f 7805/1631/396 7807/1594/396 7808/1593/396
f 7809/1633/397 7810/1634/397 7811/1596/397
f 7809/1633/397 7811/1596/397 7812/1595/397
f 7813/1635/398 7814/1636/398 7815/1598/398
f 7813/1635/398 7815/1598/398 7816/1597/398
f 7817/1634/398 7818/1637/398 7819/1599/398
f 7817/1634/398 7819/1599/398 7820/1596/398
f 7821/1637/399 7822/1638/399 7823/1600/399
f 7821/1637/399 7823/1600/399 7824/1599/399
f 7825/1638/400 7826/1631/400 7827/1593/400
f 7825/1638/400 7827/1593/400 7828/1601/400
f 7829/1638/400 7830/1631/400 7831/1602/400
f 7829/1638/400 7831/1602/400 7832/1600/400
f 7833/1631/396 7834/1639/396 7835/1603/396
f 7833/1631/396 7835/1603/396 7836/1602/396
f 7837/1640/397 7838/1635/397 7839/1597/397
f 7837/1640/397 7839/1597/397 7840/1595/397
f 7841/1639/401 7842/1641/401 7843/1604/401
f 7841/1639/401 7843/1604/401 7844/1603/401
f 7845/1636/399 7846/1638/399 7847/1601/399
f 7845/1636/399 7847/1601/399 7848/1598/399
f 7849/1641/402 7850/1642/402 7851/1605/402
f 7849/1641/402 7851/1605/402 7852/1604/402
f 7853/1642/403 7854/1633/403 7855/1595/403
f 7853/1642/403 7855/1595/403 7856/1605/403
f 7857/1632/401 7858/1643/401 7859/1606/401
f 7857/1632/401 7859/1606/401 7860/1594/401
f 7861/1643/402 7862/1644/402 7863/1607/402
f 7861/1643/402 7863/1607/402 7864/1606/402
f 7865/1644/403 7866/1640/403 7867/1595/403
f 7865/1644/403 7867/1595/403 7868/1607/403
f 7869/1645/396 7870/1646/396 7871/1609/396
s 1
f 7869/1645/396 7871/1609/396 7872/1608/396
s 0
f 7873/1634/398 7874/1647/398 7875/1599/398
f 7873/1634/398 7875/1599/398 7876/1597/398
f 7877/1638/400 7878/1645/400 7879/1608/400
f 7877/1638/400 7879/1608/400 7880/1610/400
f 7881/1648/397 7882/1634/397 7883/1597/397
s 1
f 7881/1648/397 7883/1597/397 7884/1611/397
s 0
f 7885/1647/399 7886/1638/399 7887/1610/399
f 7885/1647/399 7887/1610/399 7888/1599/399
f 7889/1646/401 7890/1649/401 7891/1606/401
f 7889/1646/401 7891/1606/401 7892/1609/401
f 7893/1649/402 7894/1650/402 7895/1605/402
f 7893/1649/402 7895/1605/402 7896/1606/402
f 7897/1650/403 7898/1648/403 7899/1611/403
f 7897/1650/403 7899/1611/403 7900/1605/403
f 7901/1651/383 7902/1652/383 7903/1653/383
f 7901/1651/383 7903/1653/383 7904/1654/383
f 7905/1529/404 7906/1530/404 7907/1530/404
f 7905/1529/404 7907/1530/404 7908/1529/404
f 7909/1531/381 7910/1532/381 7911/1532/381
f 7909/1531/381 7911/1532/381 7912/1531/381
f 7913/1531/381 7914/1531/381 7915/1531/381
f 7913/1531/381 7915/1531/381 7916/1531/381
f 7917/1530/404 7918/1530/404 7919/1530/404
f 7917/1530/404 7919/1530/404 7920/1530/404
f 7921/1653/383 7922/1652/383 7923/1655/383
f 7921/1653/383 7923/1655/383 7924/1653/383
f 7925/1651/383 7926/1652/383 7927/1653/383
f 7925/1651/383 7927/1653/383 7928/1654/383
f 7929/1529/404 7930/1530/404 7931/1530/404
f 7929/1529/404 7931/1530/404 7932/1529/404
f 7933/1531/381 7934/1532/381 7935/1532/381
f 7933/1531/381 7935/1532/381 7936/1531/381
f 7937/1531/381 7938/1531/381 7939/1531/381
f 7937/1531/381 7939/1531/381 7940/1531/381
f 7941/1530/404 7942/1530/404 7943/1530/404
f 7941/1530/404 7943/1530/404 7944/1530/404
f 7945/1653/383 7946/1652/383 7947/1655/383
f 7945/1653/383 7947/1655/383 7948/1653/383
f 7949/1652/380 7950/1651/380 7951/1529/380
f 7949/1652/380 7951/1529/380 7952/1530/380
f 7953/1654/405 7954/1653/405 7955/1531/405
f 7953/1654/405 7955/1531/405 7956/1532/405
f 7957/1653/405 7958/1653/405 7959/1531/405
f 7957/1653/405 7959/1531/405 7960/1531/405
f 7961/1655/380 7962/1652/380 7963/1530/380
f 7961/1655/380 7963/1530/380 7964/1530/380
f 7965/1652/380 7966/1651/380 7967/1529/380
f 7965/1652/380 7967/1529/380 7968/1530/380
f 7969/1654/405 7970/1653/405 7971/1531/405
f 7969/1654/405 7971/1531/405 7972/1532/405
f 7973/1653/405 7974/1653/405 7975/1531/405
f 7973/1653/405 7975/1531/405 7976/1531/405
f 7977/1655/380 7978/1652/380 7979/1530/380
f 7977/1655/380 7979/1530/380 7980/1530/380
f 7981/1656/381 7982/1657/381 7983/1657/381
f 7981/1656/381 7983/1657/381 7984/1656/381
f 7985/1657/405 7986/1658/405 7987/1658/405
f 7985/1657/405 7987/1658/405 7988/1657/405
f 7989/1659/404 7990/1660/404 7991/1660/404
f 7989/1659/404 7991/1660/404 7992/1659/404
f 7993/1659/404 7994/1661/404 7995/1661/404
f 7993/1659/404 7995/1661/404 7996/1659/404
f 7997/1662/406 7998/1663/406 7999/1653/406
f 7997/1662/406 7999/1653/406 8000/1655/406
f 8001/1664/407 8002/1665/407 8003/1530/407
f 8001/1664/407 8003/1530/407 8004/1530/407
f 8005/1666/408 8006/1667/408 8007/1531/408
f 8005/1666/408 8007/1531/408 8008/1531/408
f 8009/1662/406 8010/1668/406 8011/1653/406
f 8009/1662/406 8011/1653/406 8012/1655/406
f 8013/1669/407 8014/1665/407 8015/1530/407
f 8013/1669/407 8015/1530/407 8016/1530/407
f 8017/1670/408 8018/1671/408 8019/1531/408
f 8017/1670/408 8019/1531/408 8020/1531/408
f 8021/1663/409 8022/1666/409 8023/1531/409
f 8021/1663/409 8023/1531/409 8024/1653/409
f 8025/1665/410 8026/1662/410 8027/1655/410
s 1
f 8025/1665/410 8027/1655/410 8028/1530/410
s 0
f 8029/1668/409 8030/1670/409 8031/1531/409
f 8029/1668/409 8031/1531/409 8032/1653/409
f 8033/1665/410 8034/1662/410 8035/1655/410
f 8033/1665/410 8035/1655/410 8036/1530/410
f 8037/1667/411 8038/1664/411 8039/1530/411
f 8037/1667/411 8039/1530/411 8040/1531/411
f 8041/1671/411 8042/1669/411 8043/1530/411
f 8041/1671/411 8043/1530/411 8044/1531/411
f 7996/1659/404 7995/1661/404 8045/1661/404
f 7996/1659/404 8045/1661/404 8046/1659/404
f 8047/1660/412 8048/1672/412 8049/1672/412
f 8047/1660/412 8049/1672/412 8050/1660/412
f 8051/1673/413 8052/1659/413 8053/1659/413
f 8051/1673/413 8053/1659/413 8054/1673/413
f 8055/1674/414 8056/1673/414 8057/1673/414
f 8055/1674/414 8057/1673/414 8058/1674/414
f 8059/1672/381 8060/1675/381 8061/1675/381
f 8059/1672/381 8061/1675/381 8062/1672/381
f 8063/1673/380 8064/1659/380 8065/1659/380
f 8063/1673/380 8065/1659/380 8066/1673/380
f 8067/1661/415 8068/1656/415 8069/1656/415
f 8067/1661/415 8069/1656/415 8070/1661/415
f 8071/1675/405 8072/1674/405 8073/1674/405
f 8071/1675/405 8073/1674/405 8074/1675/405
f 8075/1658/383 8076/1673/383 8077/1673/383
f 8075/1658/383 8077/1673/383 8078/1658/383
f 8079/1674/383 8080/1673/383 8081/1673/383
f 8079/1674/383 8081/1673/383 8082/1674/383
f 8083/1673/380 8084/1659/380 8085/1659/380
f 8083/1673/380 8085/1659/380 8086/1673/380
f 8087/1660/415 8088/1672/415 8089/1672/415
f 8087/1660/415 8089/1672/415 8090/1660/415
f 8091/1660/416 8092/1672/416 8093/1672/416
f 8091/1660/416 8093/1672/416 8094/1660/416
f 8095/1673/417 8096/1659/417 8097/1659/417
f 8095/1673/418 8097/1659/418 8098/1673/418
f 8099/1674/419 8100/1673/419 8101/1673/419
f 8099/1674/419 8101/1673/419 8102/1674/419
f 8103/1658/419 8104/1673/419 8105/1673/419
f 8103/1658/419 8105/1673/419 8106/1658/419
f 8107/1659/404 8108/1660/404 8109/1660/404
f 8107/1659/404 8109/1660/404 8110/1659/404
f 8111/1657/420 8112/1658/420 8113/1658/420
f 8111/1657/421 8113/1658/421 8114/1657/421
f 8115/1656/381 8116/1657/381 8117/1657/381
f 8115/1656/381 8117/1657/381 8118/1656/381
f 8119/1672/381 8120/1675/381 8121/1675/381
f 8119/1672/381 8121/1675/381 8122/1672/381
f 8123/1673/413 8124/1659/413 8125/1659/413
f 8123/1673/413 8125/1659/413 8126/1673/413
f 8127/1661/412 8128/1656/412 8129/1656/412
f 8127/1661/412 8129/1656/412 8130/1661/412
s 1
f 8131/1675/420 8132/1674/420 8133/1674/420
s 0
f 8131/1675/421 8133/1674/421 8134/1675/421
f 8135/1658/414 8136/1673/414 8137/1673/414
f 8135/1658/414 8137/1673/414 8138/1658/414
f 8139/1660/386 8140/1672/386 8141/1672/386
f 8139/1660/386 8141/1672/386 8142/1660/386
f 8143/1673/422 8144/1659/422 8145/1659/422
f 8143/1673/423 8145/1659/423 8146/1673/423
f 8147/1674/387 8148/1673/387 8149/1673/387
f 8147/1674/387 8149/1673/387 8150/1674/387
f 8151/1658/387 8152/1673/387 8153/1673/387
f 8151/1658/387 8153/1673/387 8154/1658/387
f 8155/1659/404 8156/1661/404 8157/1661/404
f 8155/1659/404 8157/1661/404 8158/1659/404
f 8159/1659/404 8160/1660/404 8161/1660/404
f 8159/1659/404 8161/1660/404 8162/1659/404
f 8163/1657/424 8164/1658/424 8165/1658/424
f 8163/1657/424 8165/1658/424 8166/1657/424
f 8167/1656/381 8168/1657/381 8169/1657/381
f 8167/1656/381 8169/1657/381 8170/1656/381
f 8171/1672/381 8172/1675/381 8173/1675/381
f 8171/1672/381 8173/1675/381 8174/1672/381
f 8175/1673/417 8176/1659/417 8177/1659/417
f 8175/1673/418 8177/1659/418 8178/1673/418
f 8179/1661/416 8180/1656/416 8181/1656/416
f 8179/1661/416 8181/1656/416 8182/1661/416
f 8183/1675/424 8184/1674/424 8185/1674/424
f 8183/1675/424 8185/1674/424 8186/1675/424
f 8187/1673/425 8188/1659/425 8189/1659/425
f 8187/1673/425 8189/1659/425 8190/1673/425
f 8191/1674/426 8192/1673/426 8193/1673/426
f 8191/1674/426 8193/1673/426 8194/1674/426
f 8195/1658/426 8196/1673/426 8197/1673/426
f 8195/1658/426 8197/1673/426 8198/1658/426
f 8199/1675/427 8200/1674/427 8201/1674/427
f 8199/1675/427 8201/1674/427 8202/1675/427
f 8203/1659/404 8204/1661/404 8205/1661/404
f 8203/1659/404 8205/1661/404 8206/1659/404
f 8162/1659/404 8161/1660/404 8207/1660/404
f 8162/1659/404 8207/1660/404 8208/1659/404
s 1
f 8209/1657/428 8210/1658/428 8211/1658/428
s 0
f 8209/1657/429 8211/1658/429 8212/1657/429
f 8213/1656/381 8214/1657/381 8215/1657/381
f 8213/1656/381 8215/1657/381 8216/1656/381
f 8217/1672/381 8218/1675/381 8219/1675/381
f 8217/1672/381 8219/1675/381 8220/1672/381
f 8221/1673/422 8222/1659/422 8223/1659/422
f 8221/1673/423 8223/1659/423 8224/1673/423
f 8225/1661/386 8226/1656/386 8227/1656/386
f 8225/1661/386 8227/1656/386 8228/1661/386
f 8229/1675/428 8230/1674/428 8231/1674/428
f 8229/1675/429 8231/1674/429 8232/1675/429
f 8233/1674/430 8234/1673/430 8235/1673/430
f 8233/1674/430 8235/1673/430 8236/1674/430
f 8237/1658/430 8238/1673/430 8239/1673/430
f 8237/1658/430 8239/1673/430 8240/1658/430
f 8241/1675/431 8242/1674/431 8243/1674/431
f 8241/1675/431 8243/1674/431 8244/1675/431
f 8245/1661/432 8246/1656/432 8247/1656/432
f 8245/1661/432 8247/1656/432 8248/1661/432
f 8249/1660/433 8250/1672/433 8251/1672/433
f 8249/1660/433 8251/1672/433 8252/1660/433
f 8206/1659/404 8205/1661/404 8253/1661/404
f 8206/1659/404 8253/1661/404 8254/1659/404
f 8255/1659/404 8256/1660/404 8257/1660/404
f 8255/1659/404 8257/1660/404 8258/1659/404
f 8259/1657/427 8260/1658/427 8261/1658/427
f 8259/1657/427 8261/1658/427 8262/1657/427
f 8263/1656/381 8264/1657/381 8265/1657/381
f 8263/1656/381 8265/1657/381 8266/1656/381
f 8267/1672/381 8268/1675/381 8269/1675/381
f 8267/1672/381 8269/1675/381 8270/1672/381
f 8271/1673/425 8272/1659/425 8273/1659/425
f 8271/1673/425 8273/1659/425 8274/1673/425
f 8275/1661/433 8276/1656/433 8277/1656/433
f 8275/1661/433 8277/1656/433 8278/1661/433
f 8279/1673/434 8280/1659/434 8281/1659/434
f 8279/1673/434 8281/1659/434 8282/1673/434
f 8283/1660/432 8284/1672/432 8285/1672/432
f 8283/1660/432 8285/1672/432 8286/1660/432
f 8254/1659/404 8253/1661/404 8287/1661/404
f 8254/1659/404 8287/1661/404 8288/1659/404
f 8289/1659/404 8290/1660/404 8291/1660/404
f 8289/1659/404 8291/1660/404 8292/1659/404
f 8293/1657/431 8294/1658/431 8295/1658/431
f 8293/1657/431 8295/1658/431 8296/1657/431
f 8297/1656/381 8298/1657/381 8299/1657/381
f 8297/1656/381 8299/1657/381 8300/1656/381
f 8301/1672/381 8302/1675/381 8303/1675/381
f 8301/1672/381 8303/1675/381 8304/1672/381
f 8305/1673/434 8306/1659/434 8307/1659/434
f 8305/1673/434 8307/1659/434 8308/1673/434
f 8309/1676/435 8310/1677/435 8311/1678/435
f 8309/1676/415 8311/1678/415 8312/1679/415
s 1
f 8313/1676/436 8314/1679/436 8315/1513/436
f 8313/1676/436 8315/1513/436 8316/1514/436
s 0
f 8317/1676/437 8318/1677/437 8319/1678/437
f 8317/1676/437 8319/1678/437 8320/1679/437
s 1
f 8321/1676/436 8322/1679/436 8323/1513/436
f 8321/1676/436 8323/1513/436 8324/1514/436
s 0
f 8325/1678/438 8326/1677/438 8327/1511/438
f 8325/1678/439 8327/1511/439 8328/1512/439
s 1
f 8329/1514/440 8330/1676/440 8331/1676/440
f 8329/1514/440 8331/1676/440 8332/1514/440
f 8333/1676/441 8334/1677/442 8335/1677/442
f 8333/1676/441 8335/1677/442 8336/1676/443
s 0
f 8337/1512/444 8338/1511/444 8339/1511/444
f 8337/1512/444 8339/1511/444 8340/1512/444
s 1
f 8341/1512/445 8342/1678/446 8343/1678/445
f 8341/1512/445 8343/1678/445 8344/1512/445
f 8345/1679/447 8346/1513/448 8347/1513/448
f 8345/1679/447 8347/1513/448 8348/1679/448
s 0
f 8349/1678/449 8350/1679/449 8351/1679/449
f 8349/1678/450 8351/1679/450 8352/1678/450
f 8353/1678/438 8354/1677/438 8355/1511/438
f 8353/1678/451 8355/1511/451 8356/1512/451
s 1
f 8357/1677/452 8358/1511/452 8359/1511/452
f 8357/1677/452 8359/1511/452 8360/1677/452
f 8361/1514/440 8362/1676/440 8363/1676/440
f 8361/1514/440 8363/1676/440 8364/1514/440
s 0
f 8365/1514/404 8366/1513/404 8367/1513/404
f 8365/1514/404 8367/1513/404 8368/1514/404
f 8369/1676/453 8370/1677/453 8371/1677/453
s 1
f 8369/1676/443 8371/1677/443 8372/1676/443
s 0
f 8373/1512/444 8374/1511/444 8375/1511/444
f 8373/1512/444 8375/1511/444 8376/1512/444
s 1
f 8377/1512/445 8378/1678/445 8379/1678/445
f 8377/1512/445 8379/1678/445 8380/1512/445
f 8381/1679/447 8382/1513/448 8383/1513/448
f 8381/1679/447 8383/1513/448 8384/1679/448
f 8385/1678/450 8386/1679/450 8387/1679/454
f 8385/1678/450 8387/1679/454 8388/1678/455
f 8389/1677/452 8390/1511/452 8391/1511/452
f 8389/1677/452 8391/1511/452 8392/1677/452
s 0
f 8393/1514/404 8394/1513/404 8395/1513/404
f 8393/1514/404 8395/1513/404 8396/1514/404
f 8397/1676/435 8398/1677/435 8399/1678/435
f 8397/1676/415 8399/1678/415 8400/1679/415
s 1
f 8401/1676/436 8402/1679/436 8403/1513/436
f 8401/1676/436 8403/1513/436 8404/1514/436
s 0
f 8405/1678/438 8406/1677/438 8407/1511/438
f 8405/1678/451 8407/1511/451 8408/1512/451
s 1
f 8409/1514/440 8410/1676/456 8411/1676/440
f 8409/1514/440 8411/1676/440 8412/1514/440
f 8413/1676/442 8414/1677/442 8415/1677/442
s 0
f 8413/1676/441 8415/1677/441 8416/1676/441
f 8417/1512/444 8418/1511/444 8419/1511/444
f 8417/1512/444 8419/1511/444 8420/1512/444
s 1
f 8421/1512/445 8422/1678/446 8423/1678/445
f 8421/1512/445 8423/1678/445 8424/1512/445
f 8425/1679/447 8426/1513/448 8427/1513/448
f 8425/1679/447 8427/1513/448 8428/1679/448
f 8429/1678/450 8430/1679/450 8431/1679/457
f 8429/1678/450 8431/1679/457 8432/1678/455
f 8433/1677/452 8434/1511/452 8435/1511/452
f 8433/1677/452 8435/1511/452 8436/1677/452
s 0
f 8437/1514/404 8438/1513/404 8439/1513/404
f 8437/1514/404 8439/1513/404 8440/1514/404
f 8441/1676/435 8442/1677/435 8443/1678/435
f 8441/1676/415 8443/1678/415 8444/1679/415
f 8445/1676/436 8446/1679/436 8447/1513/436
s 1
f 8445/1676/436 8447/1513/436 8448/1514/436
f 8449/1678/458 8450/1677/459 8451/1511/459
f 8449/1678/458 8451/1511/459 8452/1512/458
f 8453/1514/440 8454/1676/440 8455/1676/440
f 8453/1514/440 8455/1676/440 8456/1514/440
s 0
f 8457/1676/442 8458/1677/442 8459/1677/442
f 8457/1676/443 8459/1677/443 8460/1676/443
f 8461/1512/444 8462/1511/444 8463/1511/444
f 8461/1512/444 8463/1511/444 8464/1512/444
s 1
f 8465/1512/445 8466/1678/445 8467/1678/445
f 8465/1512/445 8467/1678/445 8468/1512/445
f 8469/1679/447 8470/1513/448 8471/1513/447
f 8469/1679/447 8471/1513/447 8472/1679/448
f 8473/1678/450 8474/1679/450 8475/1679/450
s 0
f 8473/1678/450 8475/1679/450 8476/1678/450
s 1
f 8477/1677/452 8478/1511/452 8479/1511/452
f 8477/1677/452 8479/1511/452 8480/1677/452
s 0
f 8481/1514/404 8482/1513/404 8483/1513/404
f 8481/1514/404 8483/1513/404 8484/1514/404
f 8485/1676/435 8486/1677/435 8487/1678/435
f 8485/1676/415 8487/1678/415 8488/1679/415
s 1
f 8489/1676/436 8490/1679/436 8491/1513/436
f 8489/1676/436 8491/1513/436 8492/1514/436
s 0
f 8493/1678/438 8494/1677/438 8495/1511/438
f 8493/1678/439 8495/1511/439 8496/1512/439
s 1
f 8497/1514/440 8498/1676/440 8499/1676/440
f 8497/1514/440 8499/1676/440 8500/1514/440
s 0
f 8501/1676/441 8502/1677/441 8503/1677/441
f 8501/1676/441 8503/1677/441 8504/1676/441
f 8505/1512/444 8506/1511/444 8507/1511/444
f 8505/1512/444 8507/1511/444 8508/1512/444
s 1
f 8509/1512/445 8510/1678/446 8511/1678/445
f 8509/1512/445 8511/1678/445 8512/1512/445
f 8513/1679/447 8514/1513/448 8515/1513/448
f 8513/1679/447 8515/1513/448 8516/1679/448
s 0
f 8517/1678/460 8518/1679/460 8519/1679/460
f 8517/1678/461 8519/1679/461 8520/1678/461
s 1
f 8521/1677/452 8522/1511/452 8523/1511/452
f 8521/1677/452 8523/1511/452 8524/1677/452
s 0
f 8525/1514/404 8526/1513/404 8527/1513/404
f 8525/1514/404 8527/1513/404 8528/1514/404
f 8529/1676/435 8530/1677/435 8531/1678/435
f 8529/1676/415 8531/1678/415 8532/1679/415
s 1
f 8533/1676/436 8534/1679/436 8535/1513/436
f 8533/1676/436 8535/1513/436 8536/1514/436
s 0
f 8537/1678/438 8538/1677/438 8539/1511/438
f 8537/1678/439 8539/1511/439 8540/1512/439
s 1
f 8541/1514/440 8542/1676/440 8543/1676/440
f 8541/1514/440 8543/1676/440 8544/1514/440
s 0
f 8545/1676/442 8546/1677/442 8547/1677/442
f 8545/1676/443 8547/1677/443 8548/1676/443
f 8549/1512/444 8550/1511/444 8551/1511/444
f 8549/1512/444 8551/1511/444 8552/1512/444
s 1
f 8553/1512/445 8554/1678/445 8555/1678/445
f 8553/1512/445 8555/1678/445 8556/1512/445
f 8557/1679/447 8558/1513/448 8559/1513/448
f 8557/1679/447 8559/1513/448 8560/1679/448
s 0
f 8561/1678/449 8562/1679/449 8563/1679/449
f 8561/1678/450 8563/1679/450 8564/1678/450
s 1
f 8565/1677/462 8566/1511/452 8567/1511/452
f 8565/1677/462 8567/1511/452 8568/1677/452
s 0
f 8569/1514/404 8570/1513/404 8571/1513/404
f 8569/1514/404 8571/1513/404 8572/1514/404
f 8573/1676/463 8574/1677/463 8575/1678/463
f 8573/1676/387 8575/1678/387 8576/1679/387
f 8577/1676/464 8578/1679/464 8579/1513/464
f 8577/1676/464 8579/1513/464 8580/1514/464
f 8581/1678/465 8582/1677/465 8583/1511/465
f 8581/1678/466 8583/1511/466 8584/1512/466
s 1
f 8585/1514/467 8586/1676/467 8587/1676/467
f 8585/1514/467 8587/1676/467 8588/1514/468
f 8589/1676/469 8590/1677/469 8591/1677/469
s 0
f 8589/1676/470 8591/1677/470 8592/1676/470
f 8593/1512/471 8594/1511/471 8595/1511/471
f 8593/1512/471 8595/1511/471 8596/1512/471
s 1
f 8597/1512/472 8598/1678/472 8599/1678/472
f 8597/1512/472 8599/1678/472 8600/1512/472
f 8601/1679/473 8602/1513/473 8603/1513/473
f 8601/1679/473 8603/1513/473 8604/1679/473
s 0
f 8605/1678/474 8606/1679/474 8607/1679/474
f 8605/1678/475 8607/1679/475 8608/1678/475
s 1
f 8609/1677/476 8610/1511/476 8611/1511/476
f 8609/1677/476 8611/1511/476 8612/1677/476
s 0
f 8613/1514/404 8614/1513/404 8615/1513/404
f 8613/1514/404 8615/1513/404 8616/1514/404
f 8617/1676/463 8618/1677/463 8619/1678/463
f 8617/1676/387 8619/1678/387 8620/1679/387
f 8621/1676/464 8622/1679/464 8623/1513/464
f 8621/1676/464 8623/1513/464 8624/1514/464
f 8625/1678/465 8626/1677/465 8627/1511/465
f 8625/1678/477 8627/1511/477 8628/1512/477
s 1
f 8629/1514/467 8630/1676/467 8631/1676/468
f 8629/1514/467 8631/1676/468 8632/1514/468
s 0
f 8633/1676/478 8634/1677/478 8635/1677/478
f 8633/1676/479 8635/1677/479 8636/1676/479
f 8637/1512/471 8638/1511/471 8639/1511/471
f 8637/1512/471 8639/1511/471 8640/1512/471
s 1
f 8641/1512/472 8642/1678/472 8643/1678/472
f 8641/1512/472 8643/1678/472 8644/1512/472
f 8645/1679/473 8646/1513/473 8647/1513/473
f 8645/1679/473 8647/1513/473 8648/1679/473
s 0
f 8649/1678/474 8650/1679/474 8651/1679/474
f 8649/1678/475 8651/1679/475 8652/1678/475
s 1
f 8653/1677/476 8654/1511/476 8655/1511/476
f 8653/1677/476 8655/1511/476 8656/1677/476
s 0
f 8657/1514/404 8658/1513/404 8659/1513/404
f 8657/1514/404 8659/1513/404 8660/1514/404
f 8661/1676/463 8662/1677/463 8663/1678/463
f 8661/1676/387 8663/1678/387 8664/1679/387
f 8665/1676/464 8666/1679/464 8667/1513/464
f 8665/1676/464 8667/1513/464 8668/1514/464
f 8669/1678/465 8670/1677/465 8671/1511/465
f 8669/1678/477 8671/1511/477 8672/1512/477
s 1
f 8673/1514/467 8674/1676/467 8675/1676/467
f 8673/1514/467 8675/1676/467 8676/1514/468
s 0
f 8677/1676/478 8678/1677/478 8679/1677/478
f 8677/1676/479 8679/1677/479 8680/1676/479
f 8681/1512/471 8682/1511/471 8683/1511/471
f 8681/1512/471 8683/1511/471 8684/1512/471
s 1
f 8685/1512/472 8686/1678/472 8687/1678/472
f 8685/1512/472 8687/1678/472 8688/1512/472
f 8689/1679/473 8690/1513/473 8691/1513/473
f 8689/1679/473 8691/1513/473 8692/1679/473
s 0
f 8693/1678/480 8694/1679/480 8695/1679/480
f 8693/1678/481 8695/1679/481 8696/1678/481
s 1
f 8697/1677/476 8698/1511/476 8699/1511/476
f 8697/1677/476 8699/1511/476 8700/1677/476
s 0
f 8701/1514/404 8702/1513/404 8703/1513/404
f 8701/1514/404 8703/1513/404 8704/1514/404
f 8705/1676/463 8706/1677/463 8707/1678/463
f 8705/1676/387 8707/1678/387 8708/1679/387
f 8709/1676/464 8710/1679/464 8711/1513/464
f 8709/1676/464 8711/1513/464 8712/1514/464
f 8713/1678/465 8714/1677/465 8715/1511/465
f 8713/1678/466 8715/1511/466 8716/1512/466
s 1
f 8717/1514/467 8718/1676/467 8719/1676/467
f 8717/1514/467 8719/1676/467 8720/1514/468
f 8721/1676/469 8722/1677/469 8723/1677/469
s 0
f 8721/1676/470 8723/1677/470 8724/1676/470
f 8725/1512/471 8726/1511/471 8727/1511/471
f 8725/1512/471 8727/1511/471 8728/1512/471
s 1
f 8729/1512/472 8730/1678/472 8731/1678/472
f 8729/1512/472 8731/1678/472 8732/1512/472
f 8733/1679/473 8734/1513/473 8735/1513/473
f 8733/1679/473 8735/1513/473 8736/1679/473
s 0
f 8737/1678/474 8738/1679/474 8739/1679/474
f 8737/1678/475 8739/1679/475 8740/1678/475
s 1
f 8741/1677/476 8742/1511/476 8743/1511/476
f 8741/1677/476 8743/1511/476 8744/1677/476
s 0
f 8745/1514/404 8746/1513/404 8747/1513/404
f 8745/1514/404 8747/1513/404 8748/1514/404
f 8749/1676/463 8750/1677/463 8751/1678/463
f 8749/1676/387 8751/1678/387 8752/1679/387
f 8753/1676/464 8754/1679/464 8755/1513/464
f 8753/1676/464 8755/1513/464 8756/1514/464
f 8757/1678/465 8758/1677/465 8759/1511/465
f 8757/1678/477 8759/1511/477 8760/1512/477
s 1
f 8761/1514/467 8762/1676/467 8763/1676/467
f 8761/1514/467 8763/1676/467 8764/1514/468
f 8765/1676/469 8766/1677/469 8767/1677/469
s 0
f 8765/1676/470 8767/1677/470 8768/1676/470
f 8769/1512/471 8770/1511/471 8771/1511/471
f 8769/1512/471 8771/1511/471 8772/1512/471
s 1
f 8773/1512/472 8774/1678/472 8775/1678/472
f 8773/1512/472 8775/1678/472 8776/1512/472
f 8777/1679/473 8778/1513/473 8779/1513/473
f 8777/1679/473 8779/1513/473 8780/1679/473
s 0
f 8781/1678/474 8782/1679/474 8783/1679/474
f 8781/1678/475 8783/1679/475 8784/1678/475
s 1
f 8785/1677/476 8786/1511/476 8787/1511/476
f 8785/1677/476 8787/1511/476 8788/1677/476
s 0
f 8789/1514/404 8790/1513/404 8791/1513/404
f 8789/1514/404 8791/1513/404 8792/1514/404
f 8793/1676/482 8794/1677/482 8795/1678/482
s 1
f 8793/1676/483 8795/1678/483 8796/1679/483
s 0
f 8797/1676/464 8798/1679/464 8799/1513/464
f 8797/1676/464 8799/1513/464 8800/1514/464
f 8801/1678/465 8802/1677/465 8803/1511/465
f 8801/1678/477 8803/1511/477 8804/1512/477
s 1
f 8805/1514/467 8806/1676/467 8807/1676/467
f 8805/1514/467 8807/1676/467 8808/1514/468
s 0
f 8809/1676/484 8810/1677/484 8811/1677/484
f 8809/1676/485 8811/1677/485 8812/1676/485
f 8813/1512/471 8814/1511/471 8815/1511/471
f 8813/1512/471 8815/1511/471 8816/1512/471
s 1
f 8817/1512/472 8818/1678/472 8819/1678/472
f 8817/1512/472 8819/1678/472 8820/1512/472
f 8821/1679/473 8822/1513/473 8823/1513/473
f 8821/1679/473 8823/1513/473 8824/1679/473
s 0
f 8825/1678/475 8826/1679/475 8827/1679/475
f 8825/1678/486 8827/1679/486 8828/1678/486
s 1
f 8829/1677/476 8830/1511/476 8831/1511/476
f 8829/1677/476 8831/1511/476 8832/1677/476
s 0
f 8833/1514/404 8834/1513/404 8835/1513/404
f 8833/1514/404 8835/1513/404 8836/1514/404
f 8837/1676/463 8838/1677/463 8839/1678/463
f 8837/1676/387 8839/1678/387 8840/1679/387
f 8841/1676/464 8842/1679/464 8843/1513/464
f 8841/1676/464 8843/1513/464 8844/1514/464
f 8845/1678/465 8846/1677/465 8847/1511/465
f 8845/1678/477 8847/1511/477 8848/1512/477
s 1
f 8849/1514/468 8850/1676/467 8851/1676/467
f 8849/1514/468 8851/1676/467 8852/1514/468
f 8853/1676/487 8854/1677/487 8855/1677/487
s 0
f 8853/1676/488 8855/1677/488 8856/1676/488
f 8857/1512/471 8858/1511/471 8859/1511/471
f 8857/1512/471 8859/1511/471 8860/1512/471
s 1
f 8861/1512/472 8862/1678/472 8863/1678/472
f 8861/1512/472 8863/1678/472 8864/1512/472
f 8865/1679/473 8866/1513/473 8867/1513/473
f 8865/1679/473 8867/1513/473 8868/1679/473
s 0
f 8869/1678/474 8870/1679/474 8871/1679/474
f 8869/1678/486 8871/1679/486 8872/1678/486
s 1
f 8873/1677/476 8874/1511/476 8875/1511/476
f 8873/1677/476 8875/1511/476 8876/1677/476
s 0
f 8877/1514/404 8878/1513/404 8879/1513/404
f 8877/1514/404 8879/1513/404 8880/1514/404
f 8881/1676/489 8882/1677/489 8883/1678/489
f 8881/1676/490 8883/1678/490 8884/1679/490
f 8885/1676/464 8886/1679/464 8887/1513/464
f 8885/1676/464 8887/1513/464 8888/1514/464
s 1
f 8889/1678/491 8890/1677/491 8891/1511/491
s 0
f 8889/1678/477 8891/1511/477 8892/1512/477
s 1
f 8893/1514/468 8894/1676/467 8895/1676/467
f 8893/1514/468 8895/1676/467 8896/1514/468
s 0
f 8897/1676/492 8898/1677/493 8899/1677/492
s 1
f 8897/1676/494 8899/1677/494 8900/1676/494
s 0
f 8901/1512/471 8902/1511/471 8903/1511/471
f 8901/1512/471 8903/1511/471 8904/1512/471
s 1
f 8905/1512/472 8906/1678/495 8907/1678/472
f 8905/1512/472 8907/1678/472 8908/1512/472
f 8909/1679/473 8910/1513/473 8911/1513/473
f 8909/1679/473 8911/1513/473 8912/1679/473
s 0
f 8913/1678/496 8914/1679/496 8915/1679/496
f 8913/1678/497 8915/1679/497 8916/1678/497
s 1
f 8917/1677/476 8918/1511/476 8919/1511/476
f 8917/1677/476 8919/1511/476 8920/1677/476
s 0
f 8921/1514/404 8922/1513/404 8923/1513/404
f 8921/1514/404 8923/1513/404 8924/1514/404
f 8925/1679/383 8926/1678/383 8927/1512/383
f 8925/1679/383 8927/1512/383 8928/1513/383
f 8929/1679/383 8930/1678/383 8931/1512/383
f 8929/1679/383 8931/1512/383 8932/1513/383
f 8933/1676/415 8934/1514/415 8935/1511/415
f 8933/1676/415 8935/1511/415 8936/1677/415
f 8937/1679/383 8938/1678/383 8939/1512/383
f 8937/1679/383 8939/1512/383 8940/1513/383
f 8941/1676/415 8942/1514/415 8943/1511/415
f 8941/1676/415 8943/1511/415 8944/1677/415
f 8945/1678/461 8946/1678/461 8947/1678/461
f 8945/1678/461 8947/1678/461 8948/1678/461
f 8949/1677/453 8950/1677/453 8951/1677/453
f 8949/1677/453 8951/1677/453 8952/1677/453
f 8953/1678/498 8954/1677/498 8955/1511/498
s 1
f 8953/1678/499 8955/1511/499 8956/1512/499
s 0
f 8957/1512/444 8958/1511/444 8959/1511/444
f 8957/1512/444 8959/1511/444 8960/1512/444
s 1
f 8961/1512/500 8962/1678/500 8963/1678/500
f 8961/1512/500 8963/1678/500 8964/1512/500
f 8965/1677/501 8966/1511/501 8967/1511/501
f 8965/1677/501 8967/1511/501 8968/1677/501
s 0
f 8969/1677/435 8970/1678/435 8971/1678/435
f 8969/1677/435 8971/1678/435 8972/1677/435
f 8973/1678/461 8974/1678/461 8975/1678/461
f 8973/1678/461 8975/1678/461 8976/1678/461
f 8977/1677/453 8978/1677/453 8979/1677/453
f 8977/1677/453 8979/1677/453 8980/1677/453
f 8981/1678/498 8982/1677/498 8983/1511/498
s 1
f 8981/1678/499 8983/1511/499 8984/1512/499
s 0
f 8985/1512/444 8986/1511/444 8987/1511/444
f 8985/1512/444 8987/1511/444 8988/1512/444
s 1
f 8989/1512/500 8990/1678/500 8991/1678/500
f 8989/1512/500 8991/1678/500 8992/1512/500
f 8993/1677/501 8994/1511/501 8995/1511/501
f 8993/1677/501 8995/1511/501 8996/1677/501
s 0
f 8997/1677/435 8998/1678/435 8999/1678/435
f 8997/1677/435 8999/1678/435 9000/1677/435
f 9001/1678/461 9002/1678/461 9003/1678/461
f 9001/1678/461 9003/1678/461 9004/1678/461
f 9005/1680/453 9006/1681/453 9007/1677/453
f 9005/1680/453 9007/1677/453 9008/1677/453
f 9009/1678/502 9010/1681/502 9011/1515/502
s 1
f 9009/1678/499 9011/1515/499 9012/1512/499
s 0
f 9013/1512/444 9014/1515/444 9015/1516/444
f 9013/1512/444 9015/1516/444 9016/1512/444
s 1
f 9017/1512/500 9018/1678/500 9019/1678/500
f 9017/1512/500 9019/1678/500 9020/1512/500
f 9021/1680/501 9022/1511/501 9023/1515/501
f 9021/1680/501 9023/1515/501 9024/1681/501
s 0
f 9025/1681/435 9026/1678/435 9027/1678/435
f 9025/1681/435 9027/1678/435 9028/1677/435
f 9029/1678/461 9030/1678/461 9031/1678/461
f 9029/1678/461 9031/1678/461 9032/1678/461
f 9033/1680/453 9034/1681/453 9035/1677/453
f 9033/1680/453 9035/1677/453 9036/1677/453
f 9037/1678/502 9038/1681/502 9039/1515/502
s 1
f 9037/1678/499 9039/1515/499 9040/1512/499
s 0
f 9041/1512/444 9042/1515/444 9043/1516/444
f 9041/1512/444 9043/1516/444 9044/1512/444
s 1
f 9045/1512/500 9046/1678/500 9047/1678/500
f 9045/1512/500 9047/1678/500 9048/1512/500
f 9049/1680/501 9050/1511/501 9051/1515/501
f 9049/1680/501 9051/1515/501 9052/1681/501
s 0
f 9053/1681/435 9054/1678/435 9055/1678/435
f 9053/1681/435 9055/1678/435 9056/1677/435
f 9057/1678/461 9058/1678/461 9059/1678/461
f 9057/1678/461 9059/1678/461 9060/1678/461
f 9061/1680/453 9062/1681/453 9063/1677/453
f 9061/1680/453 9063/1677/453 9064/1677/453
f 9065/1678/502 9066/1681/502 9067/1515/502
s 1
f 9065/1678/499 9067/1515/499 9068/1512/499
s 0
f 9069/1512/444 9070/1515/444 9071/1516/444
f 9069/1512/444 9071/1516/444 9072/1512/444
s 1
f 9073/1512/500 9074/1678/500 9075/1678/500
f 9073/1512/500 9075/1678/500 9076/1512/500
f 9077/1680/501 9078/1511/501 9079/1515/501
f 9077/1680/501 9079/1515/501 9080/1681/501
s 0
f 9081/1681/435 9082/1678/435 9083/1678/435
f 9081/1681/435 9083/1678/435 9084/1677/435
f 9085/1678/461 9086/1678/461 9087/1678/461
f 9085/1678/461 9087/1678/461 9088/1678/461
f 9089/1680/453 9090/1681/453 9091/1677/453
f 9089/1680/453 9091/1677/453 9092/1677/453
f 9093/1678/498 9094/1681/498 9095/1515/498
s 1
f 9093/1678/499 9095/1515/499 9096/1512/499
s 0
f 9097/1512/444 9098/1515/444 9099/1516/444
f 9097/1512/444 9099/1516/444 9100/1512/444
s 1
f 9101/1512/500 9102/1678/500 9103/1678/503
f 9101/1512/500 9103/1678/503 9104/1512/500
f 9105/1680/501 9106/1511/501 9107/1515/501
f 9105/1680/501 9107/1515/501 9108/1681/501
s 0
f 9109/1681/435 9110/1678/435 9111/1678/435
f 9109/1681/435 9111/1678/435 9112/1677/435
f 9113/1678/461 9114/1678/461 9115/1678/461
f 9113/1678/461 9115/1678/461 9116/1678/461
f 9117/1680/453 9118/1681/453 9119/1677/453
s 1
f 9117/1680/453 9119/1677/453 9120/1677/453
s 0
f 9121/1678/498 9122/1681/498 9123/1515/498
s 1
f 9121/1678/499 9123/1515/499 9124/1512/499
s 0
f 9125/1512/444 9126/1515/444 9127/1516/444
f 9125/1512/444 9127/1516/444 9128/1512/444
s 1
f 9129/1512/500 9130/1678/500 9131/1678/500
f 9129/1512/500 9131/1678/500 9132/1512/500
f 9133/1680/501 9134/1511/501 9135/1515/501
f 9133/1680/501 9135/1515/501 9136/1681/501
s 0
f 9137/1681/435 9138/1678/435 9139/1678/435
f 9137/1681/435 9139/1678/435 9140/1677/435
f 9141/1678/461 9142/1678/461 9143/1678/461
f 9141/1678/461 9143/1678/461 9144/1678/461
f 9145/1680/453 9146/1681/453 9147/1677/453
f 9145/1680/453 9147/1677/453 9148/1677/453
f 9149/1678/498 9150/1681/498 9151/1515/498
f 9149/1678/502 9151/1515/502 9152/1512/502
f 9153/1512/444 9154/1515/444 9155/1516/444
f 9153/1512/444 9155/1516/444 9156/1512/444
s 1
f 9157/1512/500 9158/1678/500 9159/1678/503
f 9157/1512/500 9159/1678/503 9160/1512/500
f 9161/1680/501 9162/1511/501 9163/1515/501
f 9161/1680/501 9163/1515/501 9164/1681/501
s 0
f 9165/1681/435 9166/1678/435 9167/1678/435
f 9165/1681/435 9167/1678/435 9168/1677/435
f 9169/1511/386 9170/1680/386 9171/1680/386
f 9169/1511/386 9171/1680/386 9172/1511/386
f 9173/1678/387 9174/1512/387 9175/1512/387
f 9173/1678/387 9175/1512/387 9176/1678/387
f 9177/1517/405 9178/1517/405 9179/1518/405
f 9177/1517/405 9179/1518/405 9180/1518/405
f 9181/1519/404 9182/1522/404 9183/1521/404
f 9181/1519/404 9183/1521/404 9184/1520/404
f 9185/1523/404 9186/1526/404 9187/1525/404
f 9185/1523/404 9187/1525/404 9188/1524/404
f 9188/1524/404 9187/1525/404 9182/1522/404
f 9188/1524/404 9182/1522/404 9181/1519/404
s 1
f 9189/1527/504 9190/1528/504 9191/1517/504
s 0
f 9189/1527/504 9191/1517/504 9192/1518/504
f 9184/1520/404 9183/1521/404 9193/1528/404
f 9184/1520/404 9193/1528/404 9194/1527/404
f 9195/1529/383 9196/1532/383 6937/1531/383
f 9195/1529/383 6937/1531/383 6936/1530/383
f 9197/1533/385 9198/1536/385 9199/1535/385
f 9197/1533/385 9199/1535/385 9200/1534/385
f 9201/1523/384 9202/1538/384 9203/1537/384
f 9201/1523/384 9203/1537/384 9204/1526/384
f 9205/1529/386 9206/1529/386 6949/1530/386
f 9205/1529/386 6949/1530/386 6948/1530/386
f 9207/1519/386 9208/1519/386 9209/1520/386
f 9207/1519/386 9209/1520/386 9210/1520/386
f 9211/1539/386 9212/1539/386 9213/1534/386
f 9211/1539/386 9213/1534/386 9214/1534/386
f 9215/1527/386 9216/1527/386 9217/1518/386
f 9215/1527/386 9217/1518/386 9218/1518/386
f 9219/1540/387 9220/1540/387 9221/1541/387
f 9219/1540/387 9221/1541/387 9222/1541/387
f 9223/1517/387 9224/1517/387 9225/1517/387
f 9223/1517/387 9225/1517/387 9226/1517/387
f 9227/1520/386 9228/1520/386 9229/1527/386
f 9227/1520/386 9229/1527/386 9230/1527/386
f 9231/1525/387 9232/1525/387 9233/1526/387
f 9231/1525/387 9233/1526/387 9234/1526/387
f 6979/1531/387 6982/1531/387 9235/1532/387
f 6979/1531/387 9235/1532/387 9236/1532/387
f 9237/1524/386 9238/1524/386 9208/1519/386
f 9237/1524/386 9208/1519/386 9207/1519/386
f 9239/1533/387 9240/1533/387 9241/1542/387
f 9239/1533/387 9241/1542/387 9242/1542/387
f 9243/1536/387 9244/1536/387 9245/1533/387
f 9243/1536/387 9245/1533/387 9246/1533/387
f 9247/1526/387 9248/1526/387 9249/1537/387
f 9247/1526/387 9249/1537/387 9250/1537/387
f 9251/1543/386 9252/1543/386 9253/1544/386
f 9251/1543/386 9253/1544/386 9254/1544/386
f 9255/1528/387 9256/1528/387 9257/1521/387
f 9255/1528/387 9257/1521/387 9258/1521/387
f 9254/1544/386 9253/1544/386 9259/1545/386
f 9254/1544/386 9259/1545/386 9260/1545/386
f 9214/1534/386 9213/1534/386 9261/1535/386
f 9214/1534/386 9261/1535/386 9262/1535/386
f 9263/1517/387 9264/1517/387 9265/1528/387
f 9263/1517/387 9265/1528/387 9266/1528/387
f 9267/1546/386 9268/1546/386 9252/1543/386
f 9267/1546/386 9252/1543/386 9251/1543/386
f 9269/1522/387 9270/1522/387 9271/1525/387
f 9269/1522/387 9271/1525/387 9272/1525/387
f 9273/1538/386 9274/1538/386 9275/1523/386
f 9273/1538/386 9275/1523/386 9276/1523/386
f 9277/1521/387 9278/1521/387 9270/1522/387
f 9277/1521/387 9270/1522/387 9269/1522/387
f 9279/1518/386 9280/1518/386 9281/1518/386
f 9279/1518/386 9281/1518/386 9282/1518/386
f 9283/1547/386 9284/1547/386 9268/1546/386
f 9283/1547/386 9268/1546/386 9267/1546/386
f 9285/1523/386 9286/1523/386 9238/1524/386
f 9285/1523/386 9238/1524/386 9237/1524/386
f 9287/1517/405 9288/1517/405 9289/1518/405
f 9287/1517/405 9289/1518/405 9290/1518/405
f 9291/1519/404 9292/1522/404 9293/1521/404
f 9291/1519/404 9293/1521/404 9294/1520/404
f 9295/1523/404 9296/1526/404 9297/1525/404
f 9295/1523/404 9297/1525/404 9298/1524/404
f 9298/1524/404 9297/1525/404 9292/1522/404
f 9298/1524/404 9292/1522/404 9291/1519/404
s 1
f 9299/1527/504 9300/1528/504 9301/1517/504
s 0
f 9299/1527/504 9301/1517/504 9302/1518/504
f 9294/1520/404 9293/1521/404 9303/1528/404
f 9294/1520/404 9303/1528/404 9304/1527/404
f 9305/1529/383 9306/1532/383 7045/1531/383
f 9305/1529/383 7045/1531/383 7044/1530/383
f 9307/1533/385 9308/1536/385 9309/1535/385
f 9307/1533/385 9309/1535/385 9310/1534/385
f 9311/1523/384 9312/1538/384 9313/1537/384
f 9311/1523/384 9313/1537/384 9314/1526/384
f 9315/1529/386 9316/1529/386 7057/1530/386
f 9315/1529/386 7057/1530/386 7056/1530/386
f 9317/1519/386 9318/1519/386 9319/1520/386
f 9317/1519/386 9319/1520/386 9320/1520/386
f 9321/1539/386 9322/1539/386 9323/1534/386
f 9321/1539/386 9323/1534/386 9324/1534/386
f 9325/1527/386 9326/1527/386 9327/1518/386
f 9325/1527/386 9327/1518/386 9328/1518/386
f 9329/1540/387 9330/1540/387 9331/1541/387
f 9329/1540/387 9331/1541/387 9332/1541/387
f 9333/1517/387 9334/1517/387 9335/1517/387
f 9333/1517/387 9335/1517/387 9336/1517/387
f 9337/1520/386 9338/1520/386 9339/1527/386
f 9337/1520/386 9339/1527/386 9340/1527/386
f 9341/1525/387 9342/1525/387 9343/1526/387
f 9341/1525/387 9343/1526/387 9344/1526/387
f 7083/1531/387 7086/1531/387 9345/1532/387
f 7083/1531/387 9345/1532/387 9346/1532/387
f 9347/1524/386 9348/1524/386 9318/1519/386
f 9347/1524/386 9318/1519/386 9317/1519/386
f 9349/1533/387 9350/1533/387 9351/1542/387
f 9349/1533/387 9351/1542/387 9352/1542/387
f 9353/1536/387 9354/1536/387 9355/1533/387
f 9353/1536/387 9355/1533/387 9356/1533/387
f 9357/1526/387 9358/1526/387 9359/1537/387
f 9357/1526/387 9359/1537/387 9360/1537/387
f 9361/1543/386 9362/1543/386 9363/1544/386
f 9361/1543/386 9363/1544/386 9364/1544/386
f 9365/1528/387 9366/1528/387 9367/1521/387
f 9365/1528/387 9367/1521/387 9368/1521/387
f 9364/1544/386 9363/1544/386 9369/1545/386
f 9364/1544/386 9369/1545/386 9370/1545/386
f 9371/1534/386 9372/1534/386 9373/1535/386
f 9371/1534/386 9373/1535/386 9374/1535/386
f 9375/1517/387 9376/1517/387 9377/1528/387
f 9375/1517/387 9377/1528/387 9378/1528/387
f 9379/1546/386 9380/1546/386 9362/1543/386
f 9379/1546/386 9362/1543/386 9361/1543/386
f 9381/1522/387 9382/1522/387 9383/1525/387
f 9381/1522/387 9383/1525/387 9384/1525/387
f 9385/1538/386 9386/1538/386 9387/1523/386
f 9385/1538/386 9387/1523/386 9388/1523/386
f 9368/1521/387 9367/1521/387 9382/1522/387
f 9368/1521/387 9382/1522/387 9381/1522/387
f 9389/1518/386 9390/1518/386 9391/1518/386
f 9389/1518/386 9391/1518/386 9392/1518/386
f 9393/1547/386 9394/1547/386 9380/1546/386
f 9393/1547/386 9380/1546/386 9379/1546/386
f 9395/1523/386 9396/1523/386 9397/1524/386
f 9395/1523/386 9397/1524/386 9398/1524/386
f 9399/1548/392 9400/1551/392 9401/1550/392
f 9399/1548/392 9401/1550/392 9402/1549/392
f 9403/1552/394 9404/1555/394 9405/1554/394
f 9403/1552/394 9405/1554/394 9406/1553/394
f 9407/1556/393 9408/1559/393 9409/1558/393
f 9407/1556/393 9409/1558/393 9410/1557/393
f 9411/1555/395 9412/1561/395 9413/1560/395
f 9411/1555/395 9413/1560/395 9414/1554/395
f 9415/1556/393 9416/1559/393 9417/1558/393
f 9415/1556/393 9417/1558/393 9418/1557/393
f 9419/1551/388 9420/1556/388 9421/1557/388
f 9419/1551/388 9421/1557/388 9422/1550/388
f 9423/1561/390 9424/1548/390 9425/1549/390
f 9423/1561/390 9425/1549/390 9426/1560/390
f 9427/1548/392 9428/1551/392 9429/1550/392
f 9427/1548/392 9429/1550/392 9430/1549/392
f 9431/1548/392 9432/1551/392 9433/1550/392
f 9431/1548/392 9433/1550/392 9434/1549/392
f 9435/1561/390 9436/1548/390 9437/1549/390
f 9435/1561/390 9437/1549/390 9438/1560/390
f 9439/1551/388 9440/1556/388 9441/1557/388
f 9439/1551/388 9441/1557/388 9442/1550/388
f 9443/1562/389 9444/1565/389 9445/1564/389
f 9443/1562/389 9445/1564/389 9446/1563/389
f 9447/1555/395 9448/1561/395 9449/1560/395
f 9447/1555/395 9449/1560/395 9450/1554/395
f 9451/1556/393 9452/1559/393 9453/1558/393
f 9451/1556/393 9453/1558/393 9454/1557/393
f 9455/1552/394 9456/1555/394 9457/1554/394
f 9455/1552/394 9457/1554/394 9458/1553/394
f 9459/1559/391 9460/1562/391 9461/1563/391
f 9459/1559/391 9461/1563/391 9462/1558/391
f 9463/1551/388 9464/1556/388 9465/1557/388
f 9463/1551/388 9465/1557/388 9466/1550/388
f 9467/1559/391 9468/1562/391 9469/1563/391
f 9467/1559/391 9469/1563/391 9470/1558/391
f 9471/1562/389 9472/1565/389 9473/1564/389
f 9471/1562/389 9473/1564/389 9474/1563/389
f 9475/1561/390 9476/1548/390 9477/1549/390
f 9475/1561/390 9477/1549/390 9478/1560/390
f 9479/1562/389 9480/1565/389 9481/1564/389
f 9479/1562/389 9481/1564/389 9482/1563/389
f 9483/1555/395 9484/1561/395 9485/1560/395
f 9483/1555/395 9485/1560/395 9486/1554/395
f 9487/1552/394 9488/1555/394 9489/1554/394
f 9487/1552/394 9489/1554/394 9490/1553/394
f 9491/1559/391 9492/1562/391 9493/1563/391
f 9491/1559/391 9493/1563/391 9494/1558/391
f 9495/1566/400 9496/1569/400 9497/1568/400
f 9495/1566/400 9497/1568/400 9498/1567/400
f 9499/1570/403 9500/1573/403 9501/1572/403
f 9499/1570/403 9501/1572/403 9502/1571/403
f 9503/1574/402 9504/1572/402 9505/1576/402
f 9503/1574/402 9505/1576/402 9506/1575/402
f 9507/1571/402 9508/1572/402 9509/1576/402
f 9507/1571/402 9509/1576/402 9510/1577/402
f 9511/1577/401 9512/1576/401 9513/1579/401
f 9511/1577/401 9513/1579/401 9514/1578/401
f 9515/1580/396 9516/1579/396 9517/1569/396
f 9515/1580/396 9517/1569/396 9518/1566/396
f 9519/1578/396 9520/1579/396 9521/1569/396
f 9519/1578/396 9521/1569/396 9522/1581/396
f 9523/1581/400 9524/1569/400 9525/1568/400
f 9523/1581/400 9525/1568/400 9526/1582/400
f 9527/1570/403 9528/1573/403 9529/1572/403
f 9527/1570/403 9529/1572/403 9530/1574/403
f 9531/1582/399 9532/1568/399 9533/1584/399
f 9531/1582/399 9533/1584/399 9534/1583/399
f 9535/1575/401 9536/1576/401 9537/1579/401
f 9535/1575/401 9537/1579/401 9538/1580/401
f 9539/1583/398 9540/1584/398 9541/1586/398
f 9539/1583/398 9541/1586/398 9542/1585/398
f 9543/1585/397 9544/1586/397 9545/1573/397
f 9543/1585/397 9545/1573/397 9546/1570/397
f 9547/1567/399 9548/1568/399 9549/1584/399
f 9547/1567/399 9549/1584/399 9550/1587/399
f 9551/1587/398 9552/1584/398 9553/1586/398
f 9551/1587/398 9553/1586/398 9554/1588/398
f 9555/1588/397 9556/1586/397 9557/1573/397
f 9555/1588/397 9557/1573/397 9558/1570/397
f 9559/1589/400 9560/1569/400 9561/1568/400
f 9559/1589/400 9561/1568/400 9562/1590/400
f 9563/1574/402 9564/1572/402 9565/1576/402
f 9563/1574/402 9565/1576/402 9566/1577/402
f 9567/1591/396 9568/1579/396 9569/1569/396
f 9567/1591/396 9569/1569/396 9570/1589/396
f 9571/1592/403 9572/1573/403 9573/1572/403
f 9571/1592/403 9573/1572/403 9574/1574/403
f 9575/1577/401 9576/1576/401 9577/1579/401
f 9575/1577/401 9577/1579/401 9578/1591/401
f 9579/1590/399 9580/1568/399 9581/1584/399
f 9579/1590/399 9581/1584/399 9582/1587/399
f 9583/1587/398 9584/1584/398 9585/1586/398
f 9583/1587/398 9585/1586/398 9586/1585/398
f 9587/1585/397 9588/1586/397 9589/1573/397
f 9587/1585/397 9589/1573/397 9590/1592/397
f 9591/1593/388 9592/1593/388 9593/1594/388
f 9591/1593/388 9593/1594/388 9594/1594/388
f 9595/1595/394 9596/1595/394 9597/1596/394
f 9595/1595/394 9597/1596/394 9598/1596/394
f 9599/1597/395 9600/1597/395 9601/1598/395
f 9599/1597/395 9601/1598/395 9602/1598/395
f 9603/1596/395 9604/1596/395 9605/1599/395
f 9603/1596/395 9605/1599/395 9606/1599/395
f 9607/1599/390 9608/1599/390 9609/1600/390
f 9607/1599/390 9609/1600/390 9610/1600/390
f 9611/1601/392 9612/1601/392 9613/1593/392
f 9611/1601/392 9613/1593/392 9614/1593/392
f 9615/1600/392 9616/1600/392 9617/1602/392
f 9615/1600/392 9617/1602/392 9618/1602/392
f 9619/1602/388 9620/1602/388 9621/1603/388
f 9619/1602/388 9621/1603/388 9622/1603/388
f 9623/1595/394 9624/1595/394 9625/1597/394
f 9623/1595/394 9625/1597/394 9626/1597/394
f 9627/1603/393 9628/1603/393 9629/1604/393
f 9627/1603/393 9629/1604/393 9630/1604/393
f 9631/1598/390 9632/1598/390 9633/1601/390
f 9631/1598/390 9633/1601/390 9634/1601/390
f 9635/1604/391 9636/1604/391 9637/1605/391
f 9635/1604/391 9637/1605/391 9638/1605/391
f 9639/1605/389 9640/1605/389 9641/1595/389
f 9639/1605/389 9641/1595/389 9642/1595/389
f 9643/1594/393 9644/1594/393 9645/1606/393
f 9643/1594/393 9645/1606/393 9646/1606/393
f 9647/1606/391 9648/1606/391 9649/1607/391
f 9647/1606/391 9649/1607/391 9650/1607/391
f 9651/1607/389 9652/1607/389 9653/1595/389
f 9651/1607/389 9653/1595/389 9654/1595/389
f 9655/1608/388 9656/1608/388 9657/1609/388
f 9655/1608/388 9657/1609/388 9658/1609/388
f 9659/1597/395 9660/1597/395 9661/1599/395
f 9659/1597/395 9661/1599/395 9662/1599/395
f 9663/1610/392 9664/1610/392 9665/1608/392
f 9663/1610/392 9665/1608/392 9666/1608/392
f 9667/1611/394 9668/1611/394 9669/1597/394
f 9667/1611/394 9669/1597/394 9670/1597/394
f 9671/1599/390 9672/1599/390 9673/1610/390
f 9671/1599/390 9673/1610/390 9674/1610/390
f 9675/1609/393 9676/1609/393 9677/1606/393
f 9675/1609/393 9677/1606/393 9678/1606/393
f 9679/1606/391 9680/1606/391 9681/1605/391
f 9679/1606/391 9681/1605/391 9682/1605/391
f 9683/1605/389 9684/1605/389 9685/1611/389
f 9683/1605/389 9685/1611/389 9686/1611/389
f 9687/1612/388 9688/1612/388 9689/1613/388
f 9687/1612/388 9689/1613/388 9690/1613/388
f 9691/1614/394 9692/1614/394 9693/1615/394
f 9691/1614/394 9693/1615/394 9694/1615/394
f 9695/1616/395 9696/1616/395 9697/1617/395
f 9695/1616/395 9697/1617/395 9698/1617/395
f 9699/1615/395 9700/1615/395 9701/1618/395
f 9699/1615/395 9701/1618/395 9702/1618/395
f 9703/1618/390 9704/1618/390 9705/1619/390
f 9703/1618/390 9705/1619/390 9706/1619/390
f 9707/1620/392 9708/1620/392 9709/1612/392
f 9707/1620/392 9709/1612/392 9710/1612/392
f 9711/1619/392 9712/1619/392 9713/1621/392
f 9711/1619/392 9713/1621/392 9714/1621/392
f 9715/1621/388 9716/1621/388 9717/1622/388
f 9715/1621/388 9717/1622/388 9718/1622/388
f 9719/1614/394 9720/1614/394 9721/1616/394
f 9719/1614/394 9721/1616/394 9722/1616/394
f 9723/1622/393 9724/1622/393 9725/1623/393
f 9723/1622/393 9725/1623/393 9726/1623/393
f 9727/1617/390 9728/1617/390 9729/1620/390
f 9727/1617/390 9729/1620/390 9730/1620/390
f 9731/1623/391 9732/1623/391 9733/1624/391
f 9731/1623/391 9733/1624/391 9734/1624/391
f 9735/1624/389 9736/1624/389 9737/1614/389
f 9735/1624/389 9737/1614/389 9738/1614/389
f 9739/1613/393 9740/1613/393 9741/1625/393
f 9739/1613/393 9741/1625/393 9742/1625/393
f 9743/1625/391 9744/1625/391 9745/1626/391
f 9743/1625/391 9745/1626/391 9746/1626/391
f 9747/1626/389 9748/1626/389 9749/1614/389
f 9747/1626/389 9749/1614/389 9750/1614/389
f 9751/1627/388 9752/1627/388 9753/1628/388
f 9751/1627/388 9753/1628/388 9754/1628/388
f 9755/1616/395 9756/1616/395 9757/1618/395
f 9755/1616/395 9757/1618/395 9758/1618/395
f 9759/1629/392 9760/1629/392 9761/1627/392
f 9759/1629/392 9761/1627/392 9762/1627/392
f 9763/1630/394 9764/1630/394 9765/1616/394
f 9763/1630/394 9765/1616/394 9766/1616/394
f 9767/1618/390 9768/1618/390 9769/1629/390
f 9767/1618/390 9769/1629/390 9770/1629/390
f 9771/1628/393 9772/1628/393 9773/1625/393
f 9771/1628/393 9773/1625/393 9774/1625/393
f 9775/1625/391 9776/1625/391 9777/1624/391
f 9775/1625/391 9777/1624/391 9778/1624/391
f 9779/1624/389 9780/1624/389 9781/1630/389
f 9779/1624/389 9781/1630/389 9782/1630/389
f 9783/1593/388 9784/1593/388 9785/1594/388
f 9783/1593/388 9785/1594/388 9786/1594/388
f 9787/1595/394 9788/1595/394 9789/1596/394
f 9787/1595/394 9789/1596/394 9790/1596/394
f 9791/1597/395 9792/1597/395 9793/1598/395
f 9791/1597/395 9793/1598/395 9794/1598/395
f 9795/1596/395 9796/1596/395 9797/1599/395
f 9795/1596/395 9797/1599/395 9798/1599/395
f 9799/1599/390 9800/1599/390 9801/1600/390
f 9799/1599/390 9801/1600/390 9802/1600/390
f 9803/1601/392 9804/1601/392 9805/1593/392
f 9803/1601/392 9805/1593/392 9806/1593/392
f 9807/1600/392 9808/1600/392 9809/1602/392
f 9807/1600/392 9809/1602/392 9810/1602/392
f 9811/1602/388 9812/1602/388 9813/1603/388
f 9811/1602/388 9813/1603/388 9814/1603/388
f 9815/1595/394 9816/1595/394 9817/1597/394
f 9815/1595/394 9817/1597/394 9818/1597/394
f 9819/1603/393 9820/1603/393 9821/1604/393
f 9819/1603/393 9821/1604/393 9822/1604/393
f 9823/1598/390 9824/1598/390 9825/1601/390
f 9823/1598/390 9825/1601/390 9826/1601/390
f 9827/1604/391 9828/1604/391 9829/1605/391
f 9827/1604/391 9829/1605/391 9830/1605/391
f 9831/1605/389 9832/1605/389 9833/1595/389
f 9831/1605/389 9833/1595/389 9834/1595/389
f 9835/1594/393 9836/1594/393 9837/1606/393
f 9835/1594/393 9837/1606/393 9838/1606/393
f 9839/1606/391 9840/1606/391 9841/1607/391
f 9839/1606/391 9841/1607/391 9842/1607/391
f 9843/1607/389 9844/1607/389 9845/1595/389
f 9843/1607/389 9845/1595/389 9846/1595/389
f 9847/1608/388 9848/1608/388 9849/1609/388
f 9847/1608/388 9849/1609/388 9850/1609/388
f 9851/1597/395 9852/1597/395 9853/1599/395
f 9851/1597/395 9853/1599/395 9854/1599/395
f 9855/1610/392 9856/1610/392 9857/1608/392
f 9855/1610/392 9857/1608/392 9858/1608/392
f 9859/1611/394 9860/1611/394 9861/1597/394
f 9859/1611/394 9861/1597/394 9862/1597/394
f 9863/1599/390 9864/1599/390 9865/1610/390
f 9863/1599/390 9865/1610/390 9866/1610/390
f 9867/1609/393 9868/1609/393 9869/1606/393
f 9867/1609/393 9869/1606/393 9870/1606/393
f 9871/1606/391 9872/1606/391 9873/1605/391
f 9871/1606/391 9873/1605/391 9874/1605/391
f 9875/1605/389 9876/1605/389 9877/1611/389
f 9875/1605/389 9877/1611/389 9878/1611/389
f 9879/1566/388 9880/1566/388 9881/1567/388
f 9879/1566/388 9881/1567/388 9882/1567/388
f 9883/1570/394 9884/1570/394 9885/1571/394
f 9883/1570/394 9885/1571/394 9886/1571/394
f 9887/1574/395 9888/1574/395 9889/1575/395
f 9887/1574/395 9889/1575/395 9890/1575/395
f 9891/1571/395 9892/1571/395 9893/1577/395
f 9891/1571/395 9893/1577/395 9894/1577/395
f 9895/1577/390 9896/1577/390 9897/1578/390
f 9895/1577/390 9897/1578/390 9898/1578/390
f 9899/1580/392 9900/1580/392 9901/1566/392
f 9899/1580/392 9901/1566/392 9902/1566/392
f 9903/1578/392 9904/1578/392 9905/1581/392
f 9903/1578/392 9905/1581/392 9906/1581/392
f 9907/1581/388 9908/1581/388 9909/1582/388
s 1
f 9907/1581/388 9909/1582/388 9910/1582/388
s 0
f 9911/1570/394 9912/1570/394 9913/1574/394
f 9911/1570/394 9913/1574/394 9914/1574/394
f 9915/1582/393 9916/1582/393 9917/1583/393
f 9915/1582/393 9917/1583/393 9918/1583/393
f 9919/1575/390 9920/1575/390 9921/1580/390
f 9919/1575/390 9921/1580/390 9922/1580/390
f 9923/1583/391 9924/1583/391 9925/1585/391
f 9923/1583/391 9925/1585/391 9926/1585/391
f 9927/1585/389 9928/1585/389 9929/1570/389
f 9927/1585/389 9929/1570/389 9930/1570/389
f 9931/1567/393 9932/1567/393 9933/1587/393
f 9931/1567/393 9933/1587/393 9934/1587/393
f 9935/1587/391 9936/1587/391 9937/1588/391
f 9935/1587/391 9937/1588/391 9938/1588/391
f 9939/1588/389 9940/1588/389 9941/1570/389
f 9939/1588/389 9941/1570/389 9942/1570/389
f 9943/1589/388 9944/1589/388 9945/1590/388
f 9943/1589/388 9945/1590/388 9946/1590/388
f 9947/1574/395 9948/1574/395 9949/1577/395
f 9947/1574/395 9949/1577/395 9950/1577/395
f 9951/1591/392 9952/1591/392 9953/1589/392
f 9951/1591/392 9953/1589/392 9954/1589/392
f 9955/1592/394 9956/1592/394 9957/1574/394
f 9955/1592/394 9957/1574/394 9958/1574/394
f 9959/1577/390 9960/1577/390 9961/1591/390
f 9959/1577/390 9961/1591/390 9962/1591/390
f 9963/1590/393 9964/1590/393 9965/1587/393
f 9963/1590/393 9965/1587/393 9966/1587/393
f 9967/1587/391 9968/1587/391 9969/1585/391
f 9967/1587/391 9969/1585/391 9970/1585/391
f 9971/1585/389 9972/1585/389 9973/1592/389
f 9971/1585/389 9973/1592/389 9974/1592/389
f 9975/1593/388 9976/1593/388 9977/1594/388
f 9975/1593/388 9977/1594/388 9978/1594/388
f 9979/1595/394 9980/1595/394 9981/1596/394
s 1
f 9979/1595/394 9981/1596/394 9982/1596/394
s 0
f 9983/1597/395 9984/1597/395 9985/1598/395
f 9983/1597/395 9985/1598/395 9986/1598/395
f 9987/1596/395 9988/1596/395 9989/1599/395
f 9987/1596/395 9989/1599/395 9990/1599/395
f 9991/1599/390 9992/1599/390 9993/1600/390
f 9991/1599/390 9993/1600/390 9994/1600/390
f 9995/1601/392 9996/1601/392 9997/1593/392
f 9995/1601/392 9997/1593/392 9998/1593/392
f 9999/1600/392 10000/1600/392 10001/1602/392
s 1
f 9999/1600/392 10001/1602/392 10002/1602/392
s 0
f 10003/1602/388 10004/1602/388 10005/1603/388
f 10003/1602/388 10005/1603/388 10006/1603/388
f 10007/1595/394 10008/1595/394 10009/1597/394
f 10007/1595/394 10009/1597/394 10010/1597/394
f 10011/1603/393 10012/1603/393 10013/1604/393
f 10011/1603/393 10013/1604/393 10014/1604/393
f 10015/1598/390 10016/1598/390 10017/1601/390
f 10015/1598/390 10017/1601/390 10018/1601/390
f 10019/1604/391 10020/1604/391 10021/1605/391
f 10019/1604/391 10021/1605/391 10022/1605/391
f 10023/1605/389 10024/1605/389 10025/1595/389
f 10023/1605/389 10025/1595/389 10026/1595/389
f 10027/1594/393 10028/1594/393 10029/1606/393
f 10027/1594/393 10029/1606/393 10030/1606/393
f 10031/1606/391 10032/1606/391 10033/1607/391
f 10031/1606/391 10033/1607/391 10034/1607/391
f 10035/1607/389 10036/1607/389 10037/1595/389
f 10035/1607/389 10037/1595/389 10038/1595/389
f 10039/1608/388 10040/1608/388 10041/1609/388
f 10039/1608/388 10041/1609/388 10042/1609/388
f 10043/1597/395 10044/1597/395 10045/1599/395
f 10043/1597/395 10045/1599/395 10046/1599/395
f 10047/1610/392 10048/1610/392 10049/1608/392
f 10047/1610/392 10049/1608/392 10050/1608/392
f 10051/1611/394 10052/1611/394 10053/1597/394
f 10051/1611/394 10053/1597/394 10054/1597/394
f 10055/1599/390 10056/1599/390 10057/1610/390
f 10055/1599/390 10057/1610/390 10058/1610/390
f 10059/1609/393 10060/1609/393 10061/1606/393
f 10059/1609/393 10061/1606/393 10062/1606/393
f 10063/1606/391 10064/1606/391 10065/1605/391
f 10063/1606/391 10065/1605/391 10066/1605/391
f 10067/1605/389 10068/1605/389 10069/1611/389
f 10067/1605/389 10069/1611/389 10070/1611/389
f 10071/1631/400 10072/1593/400 10073/1594/400
f 10071/1631/400 10073/1594/400 10074/1632/400
f 10075/1633/403 10076/1595/403 10077/1596/403
f 10075/1633/403 10077/1596/403 10078/1634/403
f 10079/1635/402 10080/1597/402 10081/1598/402
f 10079/1635/402 10081/1598/402 10082/1636/402
f 10083/1634/402 10084/1596/402 10085/1599/402
f 10083/1634/402 10085/1599/402 10086/1637/402
f 10087/1637/401 10088/1599/401 10089/1600/401
f 10087/1637/401 10089/1600/401 10090/1638/401
f 10091/1638/396 10092/1601/396 10093/1593/396
f 10091/1638/396 10093/1593/396 10094/1631/396
f 10095/1638/396 10096/1600/396 10097/1602/396
f 10095/1638/396 10097/1602/396 10098/1631/396
f 10099/1631/400 10100/1602/400 10101/1603/400
f 10099/1631/400 10101/1603/400 10102/1639/400
f 10103/1640/403 10104/1595/403 10105/1597/403
f 10103/1640/403 10105/1597/403 10106/1635/403
f 10107/1639/399 10108/1603/399 10109/1604/399
f 10107/1639/399 10109/1604/399 10110/1641/399
f 10111/1636/401 10112/1598/401 10113/1601/401
f 10111/1636/401 10113/1601/401 10114/1638/401
f 10115/1641/398 10116/1604/398 10117/1605/398
f 10115/1641/398 10117/1605/398 10118/1642/398
f 10119/1642/397 10120/1605/397 10121/1595/397
f 10119/1642/397 10121/1595/397 10122/1633/397
s 1
f 10123/1632/399 10124/1594/399 10125/1606/399
s 0
f 10123/1632/399 10125/1606/399 10126/1643/399
f 10127/1643/398 10128/1606/398 10129/1607/398
f 10127/1643/398 10129/1607/398 10130/1644/398
f 10131/1644/397 10132/1607/397 10133/1595/397
f 10131/1644/397 10133/1595/397 10134/1640/397
f 10135/1645/400 10136/1608/400 10137/1609/400
f 10135/1645/400 10137/1609/400 10138/1646/400
f 10139/1634/402 10140/1597/402 10141/1599/402
f 10139/1634/402 10141/1599/402 10142/1647/402
f 10143/1638/396 10144/1610/396 10145/1608/396
f 10143/1638/396 10145/1608/396 10146/1645/396
s 1
f 10147/1648/403 10148/1611/403 10149/1597/403
s 0
f 10147/1648/403 10149/1597/403 10150/1634/403
f 10151/1647/401 10152/1599/401 10153/1610/401
f 10151/1647/401 10153/1610/401 10154/1638/401
f 10155/1646/399 10156/1609/399 10157/1606/399
f 10155/1646/399 10157/1606/399 10158/1649/399
f 10159/1649/398 10160/1606/398 10161/1605/398
f 10159/1649/398 10161/1605/398 10162/1650/398
f 10163/1650/397 10164/1605/397 10165/1611/397
f 10163/1650/397 10165/1611/397 10166/1648/397
f 10167/1651/383 10168/1654/383 10169/1653/383
f 10167/1651/383 10169/1653/383 10170/1652/383
f 10171/1529/381 10172/1529/381 10173/1530/381
f 10171/1529/381 10173/1530/381 10174/1530/381
f 10175/1531/404 10176/1531/404 10177/1532/404
f 10175/1531/404 10177/1532/404 10178/1532/404
f 10179/1531/404 10180/1531/404 10181/1531/404
f 10179/1531/404 10181/1531/404 10182/1531/404
f 10183/1530/381 10184/1530/381 10185/1530/381
f 10183/1530/381 10185/1530/381 10186/1530/381
f 10169/1653/383 10187/1653/383 10188/1655/383
f 10169/1653/383 10188/1655/383 10170/1652/383
f 10189/1651/383 10190/1654/383 10191/1653/383
f 10189/1651/383 10191/1653/383 10192/1652/383
f 10193/1529/381 10194/1529/381 10195/1530/381
f 10193/1529/381 10195/1530/381 10196/1530/381
f 10197/1531/404 10198/1531/404 10199/1532/404
f 10197/1531/404 10199/1532/404 10200/1532/404
f 10201/1531/404 10202/1531/404 10203/1531/404
f 10201/1531/404 10203/1531/404 10204/1531/404
f 10205/1530/381 10206/1530/381 10207/1530/381
f 10205/1530/381 10207/1530/381 10208/1530/381
f 10191/1653/383 10209/1653/383 10210/1655/383
f 10191/1653/383 10210/1655/383 10192/1652/383
f 10211/1652/405 10212/1530/405 10213/1529/405
f 10211/1652/405 10213/1529/405 10214/1651/405
f 10215/1654/380 10216/1532/380 10217/1531/380
f 10215/1654/380 10217/1531/380 10218/1653/380
f 10218/1653/380 10217/1531/380 10219/1531/380
f 10218/1653/380 10219/1531/380 10220/1653/380
f 10221/1655/405 10222/1530/405 10212/1530/405
f 10221/1655/405 10212/1530/405 10211/1652/405
f 10223/1652/405 10224/1530/405 10225/1529/405
f 10223/1652/405 10225/1529/405 10226/1651/405
f 10227/1654/380 10228/1532/380 10229/1531/380
f 10227/1654/380 10229/1531/380 10230/1653/380
f 10230/1653/380 10229/1531/380 10231/1531/380
f 10230/1653/380 10231/1531/380 10232/1653/380
f 10233/1655/405 10234/1530/405 10224/1530/405
f 10233/1655/405 10224/1530/405 10223/1652/405
f 10235/1656/404 10236/1656/404 10237/1657/404
f 10235/1656/404 10237/1657/404 10238/1657/404
f 10239/1657/380 10240/1657/380 10241/1658/380
f 10239/1657/380 10241/1658/380 10242/1658/380
f 10243/1659/381 10244/1659/381 10245/1660/381
f 10243/1659/381 10245/1660/381 10246/1660/381
f 10247/1659/381 10248/1659/381 10249/1661/381
f 10247/1659/381 10249/1661/381 10250/1661/381
f 10251/1662/406 10252/1655/406 10253/1653/406
f 10251/1662/406 10253/1653/406 10254/1663/406
f 10255/1664/408 10256/1530/408 10257/1530/408
f 10255/1664/408 10257/1530/408 10258/1665/408
f 10259/1666/407 10260/1531/407 10261/1531/407
s 1
f 10259/1666/407 10261/1531/407 10262/1667/407
s 0
f 10263/1662/406 10264/1655/406 10265/1653/406
f 10263/1662/406 10265/1653/406 10266/1668/406
f 10267/1669/408 10268/1530/408 10269/1530/408
f 10267/1669/408 10269/1530/408 10270/1665/408
f 10271/1670/407 10272/1531/407 10273/1531/407
f 10271/1670/407 10273/1531/407 10274/1671/407
f 10275/1663/410 10276/1653/410 10277/1531/410
f 10275/1663/410 10277/1531/410 10278/1666/410
f 10279/1665/409 10280/1530/409 10281/1655/409
f 10279/1665/409 10281/1655/409 10282/1662/409
f 10283/1668/410 10284/1653/410 10285/1531/410
f 10283/1668/410 10285/1531/410 10286/1670/410
f 10287/1665/409 10288/1530/409 10289/1655/409
f 10287/1665/409 10289/1655/409 10290/1662/409
f 10291/1667/411 10292/1531/411 10293/1530/411
f 10291/1667/411 10293/1530/411 10294/1664/411
f 10295/1671/411 10296/1531/411 10297/1530/411
f 10295/1671/411 10297/1530/411 10298/1669/411
f 10248/1659/381 10299/1659/381 10300/1661/381
f 10248/1659/381 10300/1661/381 10249/1661/381
f 10301/1660/412 10302/1660/412 10303/1672/412
f 10301/1660/412 10303/1672/412 10304/1672/412
f 10305/1673/420 10306/1673/420 10307/1659/420
f 10305/1673/420 10307/1659/420 10308/1659/420
f 10309/1674/414 10310/1674/414 10311/1673/414
f 10309/1674/414 10311/1673/414 10312/1673/414
f 10313/1672/404 10314/1672/404 10315/1675/404
f 10313/1672/404 10315/1675/404 10316/1675/404
f 10317/1673/405 10318/1673/405 10319/1659/405
f 10317/1673/405 10319/1659/405 10320/1659/405
f 10321/1661/415 10322/1661/415 10323/1656/415
f 10321/1661/415 10323/1656/415 10324/1656/415
f 10325/1675/380 10326/1675/380 10327/1674/380
f 10325/1675/380 10327/1674/380 10328/1674/380
f 10329/1658/383 10330/1658/383 10331/1673/383
f 10329/1658/383 10331/1673/383 10332/1673/383
f 10333/1674/383 10334/1674/383 10335/1673/383
f 10333/1674/383 10335/1673/383 10336/1673/383
f 10337/1673/405 10338/1673/405 10339/1659/405
f 10337/1673/405 10339/1659/405 10340/1659/405
f 10341/1660/415 10342/1660/415 10343/1672/415
f 10341/1660/415 10343/1672/415 10344/1672/415
f 10345/1660/416 10346/1660/416 10347/1672/416
f 10345/1660/416 10347/1672/416 10348/1672/416
f 10349/1673/505 10350/1673/505 10351/1659/505
f 10349/1673/424 10351/1659/424 10352/1659/424
f 10353/1674/419 10354/1674/419 10355/1673/419
f 10353/1674/419 10355/1673/419 10356/1673/419
f 10357/1658/419 10358/1658/419 10359/1673/419
f 10357/1658/419 10359/1673/419 10360/1673/419
f 10244/1659/381 10361/1659/381 10362/1660/381
f 10244/1659/381 10362/1660/381 10245/1660/381
f 10363/1657/506 10364/1657/506 10365/1658/506
f 10363/1657/413 10365/1658/413 10366/1658/413
f 10236/1656/404 10367/1656/404 10368/1657/404
f 10236/1656/404 10368/1657/404 10237/1657/404
f 10314/1672/404 10369/1672/404 10370/1675/404
f 10314/1672/404 10370/1675/404 10315/1675/404
f 10371/1673/420 10372/1673/420 10373/1659/420
f 10371/1673/420 10373/1659/420 10374/1659/420
f 10375/1661/412 10376/1661/412 10377/1656/412
f 10375/1661/412 10377/1656/412 10378/1656/412
f 10379/1675/506 10380/1675/506 10381/1674/506
f 10379/1675/413 10381/1674/413 10382/1674/413
f 10383/1658/414 10384/1658/414 10385/1673/414
f 10383/1658/414 10385/1673/414 10386/1673/414
f 10387/1660/386 10388/1660/386 10389/1672/386
f 10387/1660/386 10389/1672/386 10390/1672/386
f 10391/1673/429 10392/1673/429 10393/1659/429
f 10391/1673/428 10393/1659/428 10394/1659/428
f 10395/1674/387 10396/1674/387 10397/1673/387
f 10395/1674/387 10397/1673/387 10398/1673/387
f 10399/1658/387 10400/1658/387 10401/1673/387
f 10399/1658/387 10401/1673/387 10402/1673/387
f 10299/1659/381 10403/1659/381 10404/1661/381
f 10299/1659/381 10404/1661/381 10300/1661/381
f 10361/1659/381 10405/1659/381 10406/1660/381
f 10361/1659/381 10406/1660/381 10362/1660/381
f 10407/1657/417 10408/1657/417 10409/1658/417
f 10407/1657/417 10409/1658/417 10410/1658/417
f 10411/1656/404 10412/1656/404 10413/1657/404
f 10411/1656/404 10413/1657/404 10414/1657/404
f 10369/1672/404 10415/1672/404 10416/1675/404
f 10369/1672/404 10416/1675/404 10370/1675/404
f 10417/1673/505 10418/1673/505 10419/1659/505
f 10417/1673/424 10419/1659/424 10420/1659/424
f 10421/1661/416 10422/1661/416 10423/1656/416
f 10421/1661/416 10423/1656/416 10424/1656/416
f 10425/1675/417 10426/1675/417 10427/1674/417
f 10425/1675/417 10427/1674/417 10428/1674/417
f 10429/1673/427 10430/1673/427 10431/1659/427
f 10429/1673/427 10431/1659/427 10432/1659/427
f 10433/1674/426 10434/1674/426 10435/1673/426
f 10433/1674/426 10435/1673/426 10436/1673/426
f 10437/1658/426 10438/1658/426 10439/1673/426
f 10437/1658/426 10439/1673/426 10440/1673/426
f 10441/1675/425 10442/1675/425 10443/1674/425
f 10441/1675/425 10443/1674/425 10444/1674/425
f 10403/1659/381 10445/1659/381 10446/1661/381
f 10403/1659/381 10446/1661/381 10404/1661/381
f 10405/1659/381 10447/1659/381 10448/1660/381
f 10405/1659/381 10448/1660/381 10406/1660/381
f 10449/1657/423 10450/1657/423 10451/1658/423
s 1
f 10449/1657/422 10451/1658/422 10452/1658/422
s 0
f 10453/1656/404 10454/1656/404 10455/1657/404
f 10453/1656/404 10455/1657/404 10456/1657/404
f 10415/1672/404 10457/1672/404 10458/1675/404
f 10415/1672/404 10458/1675/404 10416/1675/404
f 10459/1673/429 10460/1673/429 10461/1659/429
f 10459/1673/428 10461/1659/428 10462/1659/428
f 10463/1661/386 10464/1661/386 10465/1656/386
f 10463/1661/386 10465/1656/386 10466/1656/386
f 10467/1675/423 10468/1675/423 10469/1674/423
f 10467/1675/422 10469/1674/422 10470/1674/422
f 10471/1674/430 10472/1674/430 10473/1673/430
f 10471/1674/430 10473/1673/430 10474/1673/430
f 10475/1658/430 10476/1658/430 10477/1673/430
f 10475/1658/430 10477/1673/430 10478/1673/430
f 10479/1675/434 10480/1675/434 10481/1674/434
f 10479/1675/434 10481/1674/434 10482/1674/434
f 10483/1661/432 10484/1661/432 10485/1656/432
f 10483/1661/432 10485/1656/432 10486/1656/432
f 10487/1660/433 10488/1660/433 10489/1672/433
f 10487/1660/433 10489/1672/433 10490/1672/433
f 10445/1659/381 10491/1659/381 10492/1661/381
f 10445/1659/381 10492/1661/381 10446/1661/381
f 10447/1659/381 10493/1659/381 10494/1660/381
f 10447/1659/381 10494/1660/381 10448/1660/381
f 10495/1657/425 10496/1657/425 10497/1658/425
f 10495/1657/425 10497/1658/425 10498/1658/425
f 10454/1656/404 10499/1656/404 10500/1657/404
f 10454/1656/404 10500/1657/404 10455/1657/404
f 10457/1672/404 10501/1672/404 10502/1675/404
f 10457/1672/404 10502/1675/404 10458/1675/404
f 10503/1673/427 10504/1673/427 10505/1659/427
f 10503/1673/427 10505/1659/427 10506/1659/427
f 10507/1661/433 10508/1661/433 10509/1656/433
f 10507/1661/433 10509/1656/433 10510/1656/433
f 10511/1673/431 10512/1673/431 10513/1659/431
f 10511/1673/431 10513/1659/431 10514/1659/431
f 10515/1660/432 10516/1660/432 10517/1672/432
f 10515/1660/432 10517/1672/432 10518/1672/432
f 10491/1659/381 10519/1659/381 10520/1661/381
f 10491/1659/381 10520/1661/381 10492/1661/381
f 10493/1659/381 10521/1659/381 10522/1660/381
f 10493/1659/381 10522/1660/381 10494/1660/381
f 10523/1657/434 10524/1657/434 10525/1658/434
f 10523/1657/434 10525/1658/434 10526/1658/434
f 10499/1656/404 10527/1656/404 10528/1657/404
f 10499/1656/404 10528/1657/404 10500/1657/404
f 10501/1672/404 10529/1672/404 10530/1675/404
f 10501/1672/404 10530/1675/404 10502/1675/404
f 10531/1673/431 10532/1673/431 10533/1659/431
f 10531/1673/431 10533/1659/431 10534/1659/431
f 10535/1676/415 10536/1679/415 10537/1678/415
f 10535/1676/435 10537/1678/435 10538/1677/435
s 1
f 10539/1676/507 10540/1514/507 10541/1513/507
f 10539/1676/507 10541/1513/507 10542/1679/507
s 0
f 10543/1676/437 10544/1679/437 10545/1678/437
f 10543/1676/437 10545/1678/437 10546/1677/437
s 1
f 10547/1676/507 10548/1514/507 10549/1513/507
f 10547/1676/507 10549/1513/507 10550/1679/507
s 0
f 10551/1678/508 10552/1512/508 10553/1511/508
f 10551/1678/509 10553/1511/509 10554/1677/509
s 1
f 10555/1514/510 10556/1514/510 10557/1676/510
f 10555/1514/510 10557/1676/510 10558/1676/510
s 0
f 10559/1676/511 10560/1676/511 10561/1677/511
f 10559/1676/441 10561/1677/441 10562/1677/441
f 10563/1512/512 10564/1512/512 10565/1511/512
f 10563/1512/512 10565/1511/512 10566/1511/512
s 1
f 10567/1512/513 10568/1512/513 10569/1678/513
f 10567/1512/513 10569/1678/513 10570/1678/514
f 10571/1679/515 10572/1679/516 10573/1513/516
f 10571/1679/515 10573/1513/516 10574/1513/516
s 0
f 10575/1678/461 10576/1678/461 10577/1679/461
f 10575/1678/449 10577/1679/449 10578/1679/449
f 10579/1678/508 10580/1512/508 10581/1511/508
f 10579/1678/509 10581/1511/509 10582/1677/509
s 1
f 10583/1677/517 10584/1677/517 10585/1511/517
f 10583/1677/517 10585/1511/517 10586/1511/517
f 10587/1514/510 10588/1514/510 10589/1676/510
f 10587/1514/510 10589/1676/510 10590/1676/510
s 0
f 10591/1514/381 10592/1514/381 10593/1513/381
f 10591/1514/381 10593/1513/381 10594/1513/381
f 10595/1676/511 10596/1676/511 10597/1677/511
f 10595/1676/453 10597/1677/453 10598/1677/453
f 10599/1512/512 10600/1512/512 10601/1511/512
f 10599/1512/512 10601/1511/512 10602/1511/512
s 1
f 10603/1512/513 10604/1512/513 10605/1678/513
f 10603/1512/513 10605/1678/513 10606/1678/513
f 10607/1679/516 10608/1679/516 10609/1513/516
f 10607/1679/516 10609/1513/516 10610/1513/516
f 10611/1678/518 10612/1678/455 10613/1679/519
f 10611/1678/518 10613/1679/519 10614/1679/450
f 10615/1677/517 10616/1677/517 10617/1511/517
f 10615/1677/517 10617/1511/517 10618/1511/517
s 0
f 10619/1514/381 10620/1514/381 10621/1513/381
f 10619/1514/381 10621/1513/381 10622/1513/381
f 10623/1676/415 10624/1679/415 10625/1678/415
f 10623/1676/435 10625/1678/435 10626/1677/435
s 1
f 10627/1676/507 10628/1514/507 10629/1513/507
f 10627/1676/507 10629/1513/507 10630/1679/507
s 0
f 10631/1678/508 10632/1512/508 10633/1511/508
f 10631/1678/509 10633/1511/509 10634/1677/509
s 1
f 10635/1514/510 10636/1514/510 10637/1676/510
f 10635/1514/510 10637/1676/510 10638/1676/520
s 0
f 10639/1676/521 10640/1676/521 10641/1677/521
f 10639/1676/441 10641/1677/441 10642/1677/441
f 10643/1512/512 10644/1512/512 10645/1511/512
f 10643/1512/512 10645/1511/512 10646/1511/512
s 1
f 10647/1512/513 10648/1512/513 10649/1678/513
f 10647/1512/513 10649/1678/513 10650/1678/514
f 10651/1679/515 10652/1679/516 10653/1513/516
f 10651/1679/515 10653/1513/516 10654/1513/516
f 10655/1678/518 10656/1678/455 10657/1679/457
f 10655/1678/518 10657/1679/457 10658/1679/450
f 10659/1677/517 10660/1677/517 10661/1511/517
f 10659/1677/517 10661/1511/517 10662/1511/517
s 0
f 10663/1514/381 10664/1514/381 10665/1513/381
f 10663/1514/381 10665/1513/381 10666/1513/381
f 10667/1676/415 10668/1679/415 10669/1678/415
f 10667/1676/435 10669/1678/435 10670/1677/435
s 1
f 10671/1676/507 10672/1514/507 10673/1513/507
s 0
f 10671/1676/507 10673/1513/507 10674/1679/507
f 10675/1678/522 10676/1512/522 10677/1511/522
s 1
f 10675/1678/523 10677/1511/523 10678/1677/523
f 10679/1514/510 10680/1514/510 10681/1676/510
f 10679/1514/510 10681/1676/510 10682/1676/510
s 0
f 10683/1676/441 10684/1676/441 10685/1677/441
s 1
f 10683/1676/442 10685/1677/442 10686/1677/442
s 0
f 10687/1512/512 10688/1512/512 10689/1511/512
f 10687/1512/512 10689/1511/512 10690/1511/512
s 1
f 10691/1512/513 10692/1512/513 10693/1678/513
f 10691/1512/513 10693/1678/513 10694/1678/514
f 10695/1679/515 10696/1679/516 10697/1513/515
f 10695/1679/515 10697/1513/515 10698/1513/516
s 0
f 10699/1678/450 10700/1678/450 10701/1679/450
s 1
f 10699/1678/450 10701/1679/450 10702/1679/450
f 10703/1677/517 10704/1677/517 10705/1511/517
f 10703/1677/517 10705/1511/517 10706/1511/517
s 0
f 10707/1514/381 10708/1514/381 10709/1513/381
f 10707/1514/381 10709/1513/381 10710/1513/381
f 10711/1676/415 10712/1679/415 10713/1678/415
f 10711/1676/435 10713/1678/435 10714/1677/435
s 1
f 10715/1676/507 10716/1514/507 10717/1513/507
f 10715/1676/507 10717/1513/507 10718/1679/507
s 0
f 10719/1678/508 10720/1512/508 10721/1511/508
f 10719/1678/509 10721/1511/509 10722/1677/509
s 1
f 10723/1514/510 10724/1514/510 10725/1676/510
f 10723/1514/510 10725/1676/510 10726/1676/520
s 0
f 10727/1676/521 10728/1676/521 10729/1677/521
f 10727/1676/453 10729/1677/453 10730/1677/453
f 10731/1512/512 10732/1512/512 10733/1511/512
f 10731/1512/512 10733/1511/512 10734/1511/512
s 1
f 10735/1512/513 10736/1512/513 10737/1678/513
f 10735/1512/513 10737/1678/513 10738/1678/514
f 10739/1679/515 10740/1679/516 10741/1513/516
f 10739/1679/515 10741/1513/516 10742/1513/516
s 0
f 10743/1678/450 10744/1678/450 10745/1679/450
s 1
f 10743/1678/450 10745/1679/450 10746/1679/450
f 10747/1677/517 10748/1677/517 10749/1511/517
f 10747/1677/517 10749/1511/517 10750/1511/517
s 0
f 10751/1514/381 10752/1514/381 10753/1513/381
f 10751/1514/381 10753/1513/381 10754/1513/381
f 10755/1676/415 10756/1679/415 10757/1678/415
f 10755/1676/435 10757/1678/435 10758/1677/435
s 1
f 10759/1676/507 10760/1514/507 10761/1513/507
f 10759/1676/507 10761/1513/507 10762/1679/507
s 0
f 10763/1678/522 10764/1512/522 10765/1511/522
f 10763/1678/509 10765/1511/509 10766/1677/509
s 1
f 10767/1514/510 10768/1514/510 10769/1676/510
f 10767/1514/510 10769/1676/510 10770/1676/510
s 0
f 10771/1676/442 10772/1676/442 10773/1677/442
f 10771/1676/441 10773/1677/441 10774/1677/441
f 10775/1512/512 10776/1512/512 10777/1511/512
f 10775/1512/512 10777/1511/512 10778/1511/512
s 1
f 10779/1512/513 10780/1512/513 10781/1678/513
f 10779/1512/513 10781/1678/513 10782/1678/513
f 10783/1679/515 10784/1679/516 10785/1513/516
f 10783/1679/515 10785/1513/516 10786/1513/516
s 0
f 10787/1678/461 10788/1678/461 10789/1679/461
f 10787/1678/449 10789/1679/449 10790/1679/449
s 1
f 10791/1677/517 10792/1677/517 10793/1511/517
f 10791/1677/517 10793/1511/517 10794/1511/517
s 0
f 10795/1514/381 10796/1514/381 10797/1513/381
f 10795/1514/381 10797/1513/381 10798/1513/381
f 10799/1676/387 10800/1679/387 10801/1678/387
f 10799/1676/463 10801/1678/463 10802/1677/463
f 10803/1676/524 10804/1514/524 10805/1513/524
f 10803/1676/524 10805/1513/524 10806/1679/524
f 10807/1678/525 10808/1512/525 10809/1511/525
f 10807/1678/526 10809/1511/526 10810/1677/526
s 1
f 10811/1514/527 10812/1514/528 10813/1676/527
f 10811/1514/527 10813/1676/527 10814/1676/527
s 0
f 10815/1676/479 10816/1676/479 10817/1677/479
s 1
f 10815/1676/529 10817/1677/529 10818/1677/529
s 0
f 10819/1512/530 10820/1512/530 10821/1511/530
f 10819/1512/530 10821/1511/530 10822/1511/530
s 1
f 10823/1512/531 10824/1512/531 10825/1678/531
f 10823/1512/531 10825/1678/531 10826/1678/531
f 10827/1679/532 10828/1679/532 10829/1513/532
f 10827/1679/532 10829/1513/532 10830/1513/532
s 0
f 10831/1678/481 10832/1678/481 10833/1679/481
f 10831/1678/480 10833/1679/480 10834/1679/480
s 1
f 10835/1677/533 10836/1677/533 10837/1511/533
f 10835/1677/533 10837/1511/533 10838/1511/533
s 0
f 10839/1514/381 10840/1514/381 10841/1513/381
f 10839/1514/381 10841/1513/381 10842/1513/381
f 10843/1676/387 10844/1679/387 10845/1678/387
f 10843/1676/463 10845/1678/463 10846/1677/463
f 10847/1676/524 10848/1514/524 10849/1513/524
f 10847/1676/524 10849/1513/524 10850/1679/524
f 10851/1678/525 10852/1512/525 10853/1511/525
f 10851/1678/526 10853/1511/526 10854/1677/526
s 1
f 10855/1514/528 10856/1514/528 10857/1676/527
f 10855/1514/528 10857/1676/527 10858/1676/527
s 0
f 10859/1676/479 10860/1676/479 10861/1677/479
f 10859/1676/478 10861/1677/478 10862/1677/478
f 10863/1512/530 10864/1512/530 10865/1511/530
f 10863/1512/530 10865/1511/530 10866/1511/530
s 1
f 10867/1512/531 10868/1512/531 10869/1678/531
f 10867/1512/531 10869/1678/531 10870/1678/531
f 10871/1679/532 10872/1679/532 10873/1513/532
f 10871/1679/532 10873/1513/532 10874/1513/532
s 0
f 10875/1678/475 10876/1678/475 10877/1679/475
f 10875/1678/475 10877/1679/475 10878/1679/475
s 1
f 10879/1677/533 10880/1677/533 10881/1511/533
f 10879/1677/533 10881/1511/533 10882/1511/533
s 0
f 10883/1514/381 10884/1514/381 10885/1513/381
f 10883/1514/381 10885/1513/381 10886/1513/381
f 10887/1676/387 10888/1679/387 10889/1678/387
f 10887/1676/463 10889/1678/463 10890/1677/463
f 10891/1676/524 10892/1514/524 10893/1513/524
f 10891/1676/524 10893/1513/524 10894/1679/524
f 10895/1678/534 10896/1512/534 10897/1511/534
s 1
f 10895/1678/526 10897/1511/526 10898/1677/526
f 10899/1514/528 10900/1514/528 10901/1676/527
f 10899/1514/528 10901/1676/527 10902/1676/527
s 0
f 10903/1676/470 10904/1676/470 10905/1677/470
s 1
f 10903/1676/469 10905/1677/469 10906/1677/469
s 0
f 10907/1512/530 10908/1512/530 10909/1511/530
f 10907/1512/530 10909/1511/530 10910/1511/530
s 1
f 10911/1512/531 10912/1512/531 10913/1678/531
f 10911/1512/531 10913/1678/531 10914/1678/531
f 10915/1679/532 10916/1679/532 10917/1513/532
f 10915/1679/532 10917/1513/532 10918/1513/532
s 0
f 10919/1678/475 10920/1678/475 10921/1679/475
f 10919/1678/475 10921/1679/475 10922/1679/475
s 1
f 10923/1677/533 10924/1677/533 10925/1511/533
f 10923/1677/533 10925/1511/533 10926/1511/533
s 0
f 10927/1514/381 10928/1514/381 10929/1513/381
f 10927/1514/381 10929/1513/381 10930/1513/381
f 10931/1676/387 10932/1679/387 10933/1678/387
f 10931/1676/463 10933/1678/463 10934/1677/463
f 10935/1676/524 10936/1514/524 10937/1513/524
f 10935/1676/524 10937/1513/524 10938/1679/524
f 10939/1678/525 10940/1512/525 10941/1511/525
f 10939/1678/526 10941/1511/526 10942/1677/526
s 1
f 10943/1514/528 10944/1514/528 10945/1676/527
f 10943/1514/528 10945/1676/527 10946/1676/527
s 0
f 10947/1676/488 10948/1676/488 10949/1677/488
f 10947/1676/469 10949/1677/469 10950/1677/469
f 10951/1512/530 10952/1512/530 10953/1511/530
f 10951/1512/530 10953/1511/530 10954/1511/530
s 1
f 10955/1512/531 10956/1512/531 10957/1678/531
f 10955/1512/531 10957/1678/531 10958/1678/531
f 10959/1679/532 10960/1679/532 10961/1513/532
f 10959/1679/532 10961/1513/532 10962/1513/532
s 0
f 10963/1678/481 10964/1678/481 10965/1679/481
f 10963/1678/480 10965/1679/480 10966/1679/480
s 1
f 10967/1677/533 10968/1677/533 10969/1511/533
f 10967/1677/533 10969/1511/533 10970/1511/533
s 0
f 10971/1514/381 10972/1514/381 10973/1513/381
f 10971/1514/381 10973/1513/381 10974/1513/381
f 10975/1676/387 10976/1679/387 10977/1678/387
f 10975/1676/463 10977/1678/463 10978/1677/463
f 10979/1676/524 10980/1514/524 10981/1513/524
f 10979/1676/524 10981/1513/524 10982/1679/524
f 10983/1678/525 10984/1512/525 10985/1511/525
f 10983/1678/526 10985/1511/526 10986/1677/526
s 1
f 10987/1514/527 10988/1514/528 10989/1676/527
f 10987/1514/527 10989/1676/527 10990/1676/527
s 0
f 10991/1676/479 10992/1676/479 10993/1677/479
f 10991/1676/478 10993/1677/478 10994/1677/478
f 10995/1512/530 10996/1512/530 10997/1511/530
f 10995/1512/530 10997/1511/530 10998/1511/530
s 1
f 10999/1512/531 11000/1512/531 11001/1678/531
f 10999/1512/531 11001/1678/531 11002/1678/531
f 11003/1679/532 11004/1679/532 11005/1513/532
f 11003/1679/532 11005/1513/532 11006/1513/532
s 0
f 11007/1678/475 11008/1678/475 11009/1679/475
f 11007/1678/474 11009/1679/474 11010/1679/474
s 1
f 11011/1677/533 11012/1677/533 11013/1511/533
f 11011/1677/533 11013/1511/533 11014/1511/533
s 0
f 11015/1514/381 11016/1514/381 11017/1513/381
f 11015/1514/381 11017/1513/381 11018/1513/381
s 1
f 11019/1676/483 11020/1679/483 11021/1678/483
s 0
f 11019/1676/482 11021/1678/482 11022/1677/482
f 11023/1676/524 11024/1514/524 11025/1513/524
f 11023/1676/524 11025/1513/524 11026/1679/524
f 11027/1678/525 11028/1512/525 11029/1511/525
f 11027/1678/526 11029/1511/526 11030/1677/526
s 1
f 11031/1514/527 11032/1514/528 11033/1676/527
f 11031/1514/527 11033/1676/527 11034/1676/527
s 0
f 11035/1676/535 11036/1676/535 11037/1677/535
s 1
f 11035/1676/469 11037/1677/469 11038/1677/469
s 0
f 11039/1512/530 11040/1512/530 11041/1511/530
f 11039/1512/530 11041/1511/530 11042/1511/530
s 1
f 11043/1512/531 11044/1512/531 11045/1678/531
f 11043/1512/531 11045/1678/531 11046/1678/531
f 11047/1679/532 11048/1679/532 11049/1513/532
f 11047/1679/532 11049/1513/532 11050/1513/532
s 0
f 11051/1678/475 11052/1678/475 11053/1679/475
s 1
f 11051/1678/475 11053/1679/475 11054/1679/475
f 11055/1677/533 11056/1677/533 11057/1511/533
f 11055/1677/533 11057/1511/533 11058/1511/533
s 0
f 11059/1514/381 11060/1514/381 11061/1513/381
f 11059/1514/381 11061/1513/381 11062/1513/381
f 11063/1676/387 11064/1679/387 11065/1678/387
f 11063/1676/463 11065/1678/463 11066/1677/463
f 11067/1676/524 11068/1514/524 11069/1513/524
f 11067/1676/524 11069/1513/524 11070/1679/524
f 11071/1678/525 11072/1512/525 11073/1511/525
f 11071/1678/526 11073/1511/526 11074/1677/526
s 1
f 11075/1514/528 11076/1514/528 11077/1676/527
f 11075/1514/528 11077/1676/527 11078/1676/527
s 0
f 11079/1676/535 11080/1676/535 11081/1677/535
f 11079/1676/488 11081/1677/488 11082/1677/488
f 11083/1512/530 11084/1512/530 11085/1511/530
f 11083/1512/530 11085/1511/530 11086/1511/530
s 1
f 11087/1512/531 11088/1512/531 11089/1678/531
f 11087/1512/531 11089/1678/531 11090/1678/531
f 11091/1679/532 11092/1679/532 11093/1513/532
f 11091/1679/532 11093/1513/532 11094/1513/532
s 0
f 11095/1678/475 11096/1678/475 11097/1679/475
f 11095/1678/480 11097/1679/480 11098/1679/480
s 1
f 11099/1677/533 11100/1677/533 11101/1511/533
f 11099/1677/533 11101/1511/533 11102/1511/533
s 0
f 11103/1514/381 11104/1514/381 11105/1513/381
f 11103/1514/381 11105/1513/381 11106/1513/381
f 11107/1676/536 11108/1679/536 11109/1678/536
f 11107/1676/537 11109/1678/537 11110/1677/537
f 11111/1676/524 11112/1514/524 11113/1513/524
f 11111/1676/524 11113/1513/524 11114/1679/524
f 11115/1678/525 11116/1512/525 11117/1511/525
s 1
f 11115/1678/538 11117/1511/538 11118/1677/538
f 11119/1514/528 11120/1514/528 11121/1676/527
f 11119/1514/528 11121/1676/527 11122/1676/527
f 11123/1676/539 11124/1676/539 11125/1677/539
s 0
f 11123/1676/484 11125/1677/484 11126/1677/484
f 11127/1512/530 11128/1512/530 11129/1511/530
f 11127/1512/530 11129/1511/530 11130/1511/530
s 1
f 11131/1512/531 11132/1512/531 11133/1678/531
f 11131/1512/531 11133/1678/531 11134/1678/531
f 11135/1679/532 11136/1679/532 11137/1513/532
f 11135/1679/532 11137/1513/532 11138/1513/532
s 0
f 11139/1678/540 11140/1678/540 11141/1679/540
s 1
f 11139/1678/541 11141/1679/541 11142/1679/541
f 11143/1677/533 11144/1677/533 11145/1511/533
f 11143/1677/533 11145/1511/533 11146/1511/533
s 0
f 11147/1514/381 11148/1514/381 11149/1513/381
f 11147/1514/381 11149/1513/381 11150/1513/381
f 11151/1679/383 11152/1513/383 11153/1512/383
f 11151/1679/383 11153/1512/383 11154/1678/383
f 11155/1679/383 11156/1513/383 11157/1512/383
f 11155/1679/383 11157/1512/383 11158/1678/383
f 11159/1676/415 11160/1677/415 11161/1511/415
f 11159/1676/415 11161/1511/415 11162/1514/415
f 11163/1679/383 11164/1513/383 11165/1512/383
f 11163/1679/383 11165/1512/383 11166/1678/383
f 11167/1676/415 11168/1677/415 11169/1511/415
f 11167/1676/415 11169/1511/415 11170/1514/415
f 11171/1678/461 8948/1678/461 8947/1678/461
f 11171/1678/461 8947/1678/461 11172/1678/461
f 11173/1677/453 8952/1677/453 8951/1677/453
f 11173/1677/453 8951/1677/453 11174/1677/453
s 1
f 11175/1678/542 11176/1512/542 11177/1511/542
s 0
f 11175/1678/543 11177/1511/543 11178/1677/543
f 11179/1512/512 11180/1512/512 11181/1511/512
f 11179/1512/512 11181/1511/512 11182/1511/512
s 1
f 11183/1512/544 11184/1512/544 11185/1678/545
f 11183/1512/544 11185/1678/545 11186/1678/544
f 11187/1677/546 11188/1677/546 11189/1511/546
f 11187/1677/546 11189/1511/546 11190/1511/546
s 0
f 11191/1677/435 8972/1677/435 8971/1678/435
f 11191/1677/435 8971/1678/435 11192/1678/435
f 11193/1678/461 8976/1678/461 8975/1678/461
f 11193/1678/461 8975/1678/461 11194/1678/461
f 11195/1677/453 8980/1677/453 8979/1677/453
f 11195/1677/453 8979/1677/453 11196/1677/453
s 1
f 11197/1678/547 11198/1512/547 11199/1511/547
s 0
f 11197/1678/543 11199/1511/543 11200/1677/543
f 11201/1512/512 11202/1512/512 11203/1511/512
f 11201/1512/512 11203/1511/512 11204/1511/512
s 1
f 11205/1512/544 11206/1512/544 11207/1678/544
f 11205/1512/544 11207/1678/544 11208/1678/544
f 11209/1677/546 11210/1677/546 11211/1511/546
f 11209/1677/546 11211/1511/546 11212/1511/546
s 0
f 11213/1677/435 9000/1677/435 8999/1678/435
f 11213/1677/435 8999/1678/435 11214/1678/435
f 11215/1678/461 9004/1678/461 9003/1678/461
f 11215/1678/461 9003/1678/461 11216/1678/461
f 11217/1680/453 9008/1677/453 9007/1677/453
f 11217/1680/453 9007/1677/453 11218/1681/453
s 1
f 11219/1678/547 11220/1512/547 11221/1515/542
f 11219/1678/547 11221/1515/542 11222/1681/548
s 0
f 11223/1512/512 11224/1512/512 11225/1516/512
f 11223/1512/512 11225/1516/512 11226/1515/512
s 1
f 11227/1512/544 11228/1512/544 11229/1678/544
f 11227/1512/544 11229/1678/544 11230/1678/544
f 11231/1680/546 11232/1681/546 11233/1515/546
f 11231/1680/546 11233/1515/546 11234/1511/546
s 0
f 11235/1681/435 9028/1677/435 9027/1678/435
f 11235/1681/435 9027/1678/435 11236/1678/435
f 11237/1678/461 9032/1678/461 9031/1678/461
f 11237/1678/461 9031/1678/461 11238/1678/461
f 11239/1680/453 9036/1677/453 9035/1677/453
f 11239/1680/453 9035/1677/453 11240/1681/453
s 1
f 11241/1678/547 11242/1512/547 11243/1515/542
f 11241/1678/547 11243/1515/542 11244/1681/548
s 0
f 11245/1512/512 11246/1512/512 11247/1516/512
f 11245/1512/512 11247/1516/512 11248/1515/512
s 1
f 11249/1512/544 11250/1512/544 11251/1678/544
f 11249/1512/544 11251/1678/544 11252/1678/544
f 11253/1680/546 11254/1681/546 11255/1515/546
f 11253/1680/546 11255/1515/546 11256/1511/546
s 0
f 11257/1681/435 9056/1677/435 9055/1678/435
f 11257/1681/435 9055/1678/435 11258/1678/435
f 11259/1678/461 9060/1678/461 9059/1678/461
f 11259/1678/461 9059/1678/461 11260/1678/461
f 11261/1680/453 9064/1677/453 9063/1677/453
f 11261/1680/453 9063/1677/453 11262/1681/453
s 1
f 11263/1678/547 11264/1512/547 11265/1515/542
f 11263/1678/547 11265/1515/542 11266/1681/548
s 0
f 11267/1512/512 11268/1512/512 11269/1516/512
f 11267/1512/512 11269/1516/512 11270/1515/512
s 1
f 11271/1512/544 11272/1512/544 11273/1678/545
f 11271/1512/544 11273/1678/545 11274/1678/544
f 11275/1680/546 11276/1681/546 11277/1515/546
f 11275/1680/546 11277/1515/546 11278/1511/546
s 0
f 11279/1681/435 9084/1677/435 9083/1678/435
f 11279/1681/435 9083/1678/435 11280/1678/435
f 11281/1678/461 9088/1678/461 9087/1678/461
f 11281/1678/461 9087/1678/461 11282/1678/461
f 11283/1680/453 9092/1677/453 9091/1677/453
f 11283/1680/453 9091/1677/453 11284/1681/453
s 1
f 11285/1678/542 11286/1512/542 11287/1515/542
s 0
f 11285/1678/543 11287/1515/543 11288/1681/543
f 11289/1512/512 11290/1512/512 11291/1516/512
f 11289/1512/512 11291/1516/512 11292/1515/512
s 1
f 11293/1512/544 11294/1512/544 11295/1678/545
f 11293/1512/544 11295/1678/545 11296/1678/544
f 11297/1680/546 11298/1681/546 11299/1515/546
f 11297/1680/546 11299/1515/546 11300/1511/546
s 0
f 11301/1681/435 9112/1677/435 9111/1678/435
f 11301/1681/435 9111/1678/435 11302/1678/435
f 11303/1678/461 9116/1678/461 9115/1678/461
f 11303/1678/461 9115/1678/461 11304/1678/461
s 1
f 11305/1680/453 9120/1677/453 9119/1677/453
s 0
f 11305/1680/453 9119/1677/453 11306/1681/453
s 1
f 11307/1678/542 11308/1512/542 11309/1515/542
s 0
f 11307/1678/543 11309/1515/543 11310/1681/543
f 11311/1512/512 11312/1512/512 11313/1516/512
f 11311/1512/512 11313/1516/512 11314/1515/512
s 1
f 11315/1512/544 11316/1512/544 11317/1678/544
f 11315/1512/544 11317/1678/544 11318/1678/544
f 11319/1680/546 11320/1681/546 11321/1515/546
f 11319/1680/546 11321/1515/546 11322/1511/546
s 0
f 11323/1681/435 9140/1677/435 9139/1678/435
f 11323/1681/435 9139/1678/435 11324/1678/435
f 11325/1678/461 9144/1678/461 9143/1678/461
f 11325/1678/461 9143/1678/461 11326/1678/461
f 11327/1680/453 9148/1677/453 9147/1677/453
f 11327/1680/453 9147/1677/453 11328/1681/453
s 1
f 11329/1678/542 11330/1512/542 11331/1515/542
s 0
f 11329/1678/543 11331/1515/543 11332/1681/543
f 11333/1512/512 11334/1512/512 11335/1516/512
f 11333/1512/512 11335/1516/512 11336/1515/512
s 1
f 11337/1512/544 11338/1512/544 11339/1678/544
f 11337/1512/544 11339/1678/544 11340/1678/544
f 11341/1680/546 11342/1681/546 11343/1515/546
f 11341/1680/546 11343/1515/546 11344/1511/546
s 0
f 11345/1681/435 9168/1677/435 9167/1678/435
f 11345/1681/435 9167/1678/435 11346/1678/435
f 11347/1511/386 9172/1511/386 9171/1680/386
f 11347/1511/386 9171/1680/386 11348/1680/386
f 11349/1678/387 9176/1678/387 9175/1512/387
f 11349/1678/387 9175/1512/387 11350/1512/387
f 11351/1540/415 11352/1544/415 11353/1545/415
f 11352/1544/415 11351/1540/415 11354/1543/415
f 11354/1543/415 11351/1540/415 11355/1546/415
f 11355/1546/415 11351/1540/415 11356/1547/415
f 11356/1547/415 11351/1540/415 11357/1541/415
f 11358/1542/404 11359/1534/404 11360/1533/404
f 11359/1534/404 11358/1542/404 11361/1539/404
f 11362/1540/415 11363/1544/415 11364/1545/415
f 11363/1544/415 11362/1540/415 11365/1543/415
f 11365/1543/415 11362/1540/415 11366/1546/415
f 11366/1546/415 11362/1540/415 11367/1547/415
f 11367/1547/415 11362/1540/415 11368/1541/415
f 11369/1542/404 11370/1534/404 11371/1533/404
f 11370/1534/404 11369/1542/404 11372/1539/404
f 11373/1632/387 11374/1644/387 11375/1643/387
f 11374/1644/387 11373/1632/387 11376/1631/387
f 11374/1644/387 11376/1631/387 11377/1640/387
f 11377/1640/387 11376/1631/387 11378/1638/387
f 11377/1640/387 11378/1638/387 11379/1635/387
f 11379/1635/387 11378/1638/387 11380/1636/387
f 11381/1682/386 11382/1683/386 11383/1684/386
f 11382/1683/386 11381/1682/386 11384/1685/386
f 11382/1683/386 11384/1685/386 11385/1686/386
f 11385/1686/386 11384/1685/386 11386/1687/386
f 11385/1686/386 11386/1687/386 11387/1688/386
f 11387/1688/386 11386/1687/386 11388/1689/386
f 11389/1646/387 11390/1650/387 11391/1649/387
f 11390/1650/387 11389/1646/387 11392/1645/387
f 11390/1650/387 11392/1645/387 11393/1648/387
f 11393/1648/387 11392/1645/387 11394/1638/387
f 11393/1648/387 11394/1638/387 11395/1634/387
f 11395/1634/387 11394/1638/387 11396/1647/387
f 11397/1682/386 11398/1683/386 11399/1684/386
f 11398/1683/386 11397/1682/386 11400/1685/386
f 11398/1683/386 11400/1685/386 11401/1686/386
f 11401/1686/386 11400/1685/386 11402/1687/386
f 11401/1686/386 11402/1687/386 11403/1688/386
f 11403/1688/386 11402/1687/386 11404/1689/386
f 11405/1639/387 11406/1642/387 11407/1641/387
f 11406/1642/387 11405/1639/387 11408/1631/387
f 11406/1642/387 11408/1631/387 11409/1633/387
f 11409/1633/387 11408/1631/387 11410/1638/387
f 11409/1633/387 11410/1638/387 11411/1634/387
f 11411/1634/387 11410/1638/387 11412/1637/387
f 11413/1682/386 11414/1683/386 11415/1684/386
f 11414/1683/386 11413/1682/386 11416/1685/386
f 11414/1683/386 11416/1685/386 11417/1686/386
f 11417/1686/386 11416/1685/386 11418/1687/386
f 11417/1686/386 11418/1687/386 11419/1688/386
f 11419/1688/386 11418/1687/386 11420/1689/386
f 11421/1541/415 11422/1546/415 11423/1547/415
f 11422/1546/415 11421/1541/415 11424/1543/415
f 11424/1543/415 11421/1541/415 11425/1544/415
f 11425/1544/415 11421/1541/415 11426/1545/415
f 11426/1545/415 11421/1541/415 11427/1540/415
f 11428/1539/381 11429/1533/381 11430/1534/381
f 11429/1533/381 11428/1539/381 11431/1542/381
f 11432/1541/415 11433/1546/415 11434/1547/415
f 11433/1546/415 11432/1541/415 11435/1543/415
f 11435/1543/415 11432/1541/415 11436/1544/415
f 11436/1544/415 11432/1541/415 11437/1545/415
f 11437/1545/415 11432/1541/415 11438/1540/415
f 11439/1539/381 11440/1533/381 11441/1534/381
f 11440/1533/381 11439/1539/381 11442/1542/381
f 11443/1638/387 11444/1635/387 11445/1636/387
f 11444/1635/387 11443/1638/387 11446/1631/387
f 11444/1635/387 11446/1631/387 11447/1640/387
f 11447/1640/387 11446/1631/387 11448/1632/387
f 11447/1640/387 11448/1632/387 11449/1644/387
f 11449/1644/387 11448/1632/387 11450/1643/387
f 11451/1687/386 11452/1688/386 11453/1689/386
f 11452/1688/386 11451/1687/386 11454/1685/386
f 11452/1688/386 11454/1685/386 11455/1686/386
f 11455/1686/386 11454/1685/386 11456/1682/386
f 11455/1686/386 11456/1682/386 11457/1683/386
f 11457/1683/386 11456/1682/386 11458/1684/386
f 11459/1638/387 11460/1634/387 11461/1647/387
f 11460/1634/387 11459/1638/387 11462/1645/387
f 11460/1634/387 11462/1645/387 11463/1648/387
f 11463/1648/387 11462/1645/387 11464/1646/387
f 11463/1648/387 11464/1646/387 11465/1650/387
f 11465/1650/387 11464/1646/387 11466/1649/387
f 11467/1687/386 11468/1688/386 11469/1689/386
f 11468/1688/386 11467/1687/386 11470/1685/386
f 11468/1688/386 11470/1685/386 11471/1686/386
f 11471/1686/386 11470/1685/386 11472/1682/386
f 11471/1686/386 11472/1682/386 11473/1683/386
f 11473/1683/386 11472/1682/386 11474/1684/386
f 11475/1638/387 11476/1634/387 11477/1637/387
f 11476/1634/387 11475/1638/387 11478/1631/387
f 11476/1634/387 11478/1631/387 11479/1633/387
f 11479/1633/387 11478/1631/387 11480/1639/387
f 11479/1633/387 11480/1639/387 11481/1642/387
f 11481/1642/387 11480/1639/387 11482/1641/387
f 11483/1687/386 11484/1688/386 11485/1689/386
f 11484/1688/386 11483/1687/386 11486/1685/386
f 11484/1688/386 11486/1685/386 11487/1686/386
f 11487/1686/386 11486/1685/386 11488/1682/386
f 11487/1686/386 11488/1682/386 11489/1683/386
f 11489/1683/386 11488/1682/386 11490/1684/386
o GourmetFactory_Chimney_Placeable_0
v 11.459627 22.664093 -16.095991
v 10.681809 22.664093 -15.318173
v 11.459627 23.285709 -16.095991
v 11.318206 22.664093 -14.681777
v 12.096023 23.285709 -15.459595
v 11.318206 24.333326 -14.681778
v 12.096023 23.285709 -15.459595
v 11.318206 22.664093 -14.681777
v 12.096023 22.664093 -15.459595
v 11.459627 23.285709 -16.095991
v 10.681809 22.664093 -15.318173
v 10.681809 24.333326 -15.318174
v 10.459627 22.664093 -17.095991
v 9.681809 22.664093 -16.318172
v 10.459627 23.285709 -17.095991
v 10.318206 22.664093 -15.681777
v 11.096023 23.285709 -16.459595
v 10.318206 24.333326 -15.681778
v 11.096023 23.285709 -16.459595
v 10.318206 22.664093 -15.681777
v 11.096023 22.664093 -16.459595
v 10.459627 23.285709 -17.095991
v 9.681809 22.664093 -16.318172
v 9.681809 24.333326 -16.318174
v 12.459627 22.664093 -15.095990
v 11.681809 22.664093 -14.318173
v 12.459627 23.285709 -15.095991
v 12.318206 22.664093 -13.681777
v 13.096024 23.285709 -14.459595
v 12.318206 24.333326 -13.681778
v 13.096024 23.285709 -14.459595
v 12.318206 22.664093 -13.681777
v 13.096024 22.664093 -14.459595
v 12.459627 23.285709 -15.095991
v 11.681809 22.664093 -14.318173
v 11.681809 24.333326 -14.318174
v -11.459629 22.664093 -16.095991
v -11.459629 23.285707 -16.095991
v -10.681810 22.664093 -15.318173
v -11.318207 22.664093 -14.681778
v -11.318207 24.333328 -14.681779
v -12.096024 23.285709 -15.459596
v -12.096024 23.285709 -15.459596
v -12.096024 22.664093 -15.459596
v -11.318207 22.664093 -14.681778
v -10.681810 24.333326 -15.318174
v -10.459629 22.664093 -17.095993
v -10.459629 23.285707 -17.095993
v -9.681810 22.664093 -16.318174
v -10.318207 22.664093 -15.681778
v -10.318207 24.333326 -15.681779
v -11.096024 23.285707 -16.459595
v -11.096024 23.285707 -16.459595
v -11.096024 22.664093 -16.459595
v -10.318207 22.664093 -15.681778
v -9.681810 24.333326 -16.318176
v -12.459629 22.664093 -15.095992
v -12.459629 23.285709 -15.095992
v -11.681810 22.664093 -14.318174
v -12.318207 22.664093 -13.681779
v -12.318207 24.333328 -13.681780
v -13.096025 23.285709 -14.459595
v -13.096025 23.285709 -14.459595
v -13.096025 22.664093 -14.459595
v -12.318207 22.664093 -13.681779
v -12.459629 23.285709 -15.095992
v -11.681810 24.333328 -14.318175
v -11.681810 22.664093 -14.318174
v 11.671759 13.999994 -15.035328
v 12.449576 13.999994 -15.813145
v 12.449576 15.792887 -15.813146
v 11.671759 16.207100 -15.035329
v 11.035363 13.999994 -15.671724
v 11.035363 16.207100 -15.671724
v 11.813180 15.792887 -16.449541
v 11.813180 13.999993 -16.449541
v 10.858586 15.999994 -15.141395
v 11.141429 15.999994 -14.858552
v 10.787875 16.499994 -14.504999
v 10.505033 16.499994 -14.787842
v 12.626353 15.999993 -16.343475
v 12.626353 13.999994 -16.343475
v 12.343511 13.999993 -16.626318
v 12.343511 15.999993 -16.626318
v 12.626353 12.999994 -16.343475
v 12.343511 12.999993 -16.626318
v 11.141429 13.999994 -14.858551
v 11.141429 15.999994 -14.858552
v 10.858586 15.999994 -15.141395
v 10.858586 13.999994 -15.141394
v 11.141429 12.999994 -14.858551
v 10.858586 12.999994 -15.141394
v 10.858586 9.999994 -15.141393
v 11.141429 9.999994 -14.858550
v 11.813180 13.499993 -16.449541
v 11.035363 13.499994 -15.671724
v 11.671759 13.499994 -15.035328
v 12.449576 13.499994 -15.813145
v 10.858586 12.999994 -15.141394
v 11.141429 12.999994 -14.858551
v 11.318206 16.707100 -14.681775
v 12.096023 16.292887 -15.459593
v 10.681809 16.707100 -15.318172
v 11.459627 16.292887 -16.095989
v 11.671759 16.207100 -15.035329
v 12.449576 15.792887 -15.813146
v 12.096023 16.292887 -15.459593
v 11.318206 16.707100 -14.681775
v 12.626353 15.999993 -16.343475
v 12.343511 15.999993 -16.626318
v 11.989957 16.499994 -16.272766
v 12.272799 16.499994 -15.989923
v 10.505033 22.664093 -14.787844
v 10.787875 22.664093 -14.505001
v 10.787875 25.499992 -14.505001
v 10.505033 25.499992 -14.787845
v 10.505033 16.499994 -14.787842
v 10.787875 16.499994 -14.504999
v 12.272799 16.499994 -15.989923
v 11.989957 16.499994 -16.272766
v 11.989957 22.664093 -16.272766
v 12.272799 22.664093 -15.989924
v 12.414221 23.542850 -15.989924
v 12.414221 22.815746 -15.989924
v 12.597767 22.926991 -16.173470
v 12.597767 23.654840 -16.173470
v 10.929296 25.542850 -14.505001
v 12.414221 23.542850 -15.989924
v 12.597767 23.654840 -16.173470
v 10.929296 25.959496 -14.505002
v 10.767750 26.127079 -14.626298
v 10.892817 25.954327 -14.751364
v 10.751394 25.954327 -14.892785
v 10.626328 26.127079 -14.767719
v 12.597767 22.861053 -16.314892
v 12.314924 22.861053 -16.597734
v 12.314924 23.696953 -16.597734
v 12.597767 23.696953 -16.314892
v 12.272799 22.664093 -15.989924
v 11.989957 22.664093 -16.272766
v 12.314924 22.861053 -16.597734
v 12.597767 22.861053 -16.314892
v 10.787875 26.196953 -14.505002
v 10.505033 26.196953 -14.787845
v 11.989957 23.542850 -16.414188
v 10.505033 25.542850 -14.929266
v 10.505033 25.959496 -14.929266
v 12.173503 23.654840 -16.597734
v 11.989957 22.815746 -16.414188
v 11.989957 23.542850 -16.414188
v 12.173503 23.654840 -16.597734
v 12.173503 22.926991 -16.597734
v 11.494983 13.999994 -14.858551
v 11.494983 16.103548 -14.858552
v 11.141429 15.999994 -14.858552
v 11.141429 13.999994 -14.858551
v 12.626353 15.896441 -15.989923
v 12.626353 13.999994 -15.989922
v 12.626353 13.999994 -16.343475
v 12.626353 15.999993 -16.343475
v 10.858586 16.103548 -15.494948
v 10.858586 13.999994 -15.494947
v 10.858586 13.999994 -15.141394
v 10.858586 15.999994 -15.141395
v 11.989957 13.999993 -16.626318
v 11.989957 15.896441 -16.626318
v 12.343511 15.999993 -16.626318
v 12.343511 13.999993 -16.626318
v 10.858586 12.999994 -15.141394
v 10.858586 13.249994 -15.494947
v 10.858586 10.249994 -15.494946
v 10.858586 9.999994 -15.141393
v 10.858586 13.249994 -15.494947
v 11.989957 13.249993 -16.626318
v 11.989957 10.249994 -16.626316
v 10.858586 10.249994 -15.494946
v 12.626353 13.999994 -15.989922
v 12.626353 13.249994 -15.989922
v 12.626353 12.999994 -16.343475
v 12.626353 13.999994 -16.343475
v 11.989957 13.249993 -16.626318
v 11.989957 13.999993 -16.626318
v 12.343511 13.999993 -16.626318
v 12.343511 12.999993 -16.626318
v 10.858586 13.249994 -15.494947
v 10.858586 12.999994 -15.141394
v 11.494983 13.249994 -14.858551
v 11.141429 12.999994 -14.858551
v 11.494983 16.103548 -14.858552
v 11.141429 16.603548 -14.504999
v 10.787875 16.499994 -14.504999
v 11.141429 15.999994 -14.858552
v 10.505033 16.603548 -15.141395
v 10.858586 16.103548 -15.494948
v 10.858586 15.999994 -15.141395
v 10.505033 16.499994 -14.787842
v 11.989957 15.896441 -16.626318
v 11.636404 16.396441 -16.272766
v 11.989957 16.499994 -16.272766
v 12.343511 15.999993 -16.626318
v 12.272799 16.396441 -15.636369
v 12.626353 15.896441 -15.989923
v 12.626353 15.999993 -16.343475
v 12.272799 16.499994 -15.989923
v 12.272799 22.664093 -15.636371
v 12.272799 16.396441 -15.636369
v 12.272799 16.499994 -15.989923
v 12.272799 22.664093 -15.989924
v 11.141429 16.603548 -14.504999
v 11.141429 22.664093 -14.505001
v 10.787875 22.664093 -14.505001
v 10.787875 16.499994 -14.504999
v 10.505033 22.664093 -15.141397
v 10.505033 16.603548 -15.141395
v 10.505033 16.499994 -14.787842
v 10.505033 22.664093 -14.787844
v 11.636404 16.396441 -16.272766
v 11.636404 22.664093 -16.272768
v 11.989957 22.664093 -16.272766
v 11.989957 16.499994 -16.272766
v 11.141429 24.916660 -14.505001
v 12.272799 23.392851 -15.636372
v 12.272799 23.499992 -15.989924
v 10.787875 25.499992 -14.505001
v 11.636404 23.392851 -16.272768
v 10.505033 24.916660 -15.141397
v 10.505033 25.499992 -14.787845
v 11.989957 23.499992 -16.272768
v 11.141429 22.664093 -14.505001
v 11.141429 24.916660 -14.505001
v 10.787875 25.499992 -14.505001
v 10.787875 22.664093 -14.505001
v 10.505033 24.916660 -15.141397
v 10.505033 22.664093 -15.141397
v 10.505033 22.664093 -14.787844
v 10.505033 25.499992 -14.787845
v 11.636404 22.664093 -16.272768
v 11.636404 23.392851 -16.272768
v 11.989957 23.499992 -16.272768
v 11.989957 22.664093 -16.272766
v 12.272799 23.392851 -15.636372
v 12.272799 22.664093 -15.636371
v 12.272799 22.664093 -15.989924
v 12.272799 23.499992 -15.989924
v 12.414221 23.542850 -15.989924
v 10.929296 25.542850 -14.505001
v 10.787875 25.499992 -14.505001
v 12.272799 23.499992 -15.989924
v 10.505033 25.542850 -14.929266
v 11.989957 23.542850 -16.414188
v 11.989957 23.499992 -16.272768
v 10.505033 25.499992 -14.787845
v 11.989957 23.542850 -16.414188
v 11.989957 22.815746 -16.414188
v 11.989957 22.664093 -16.272766
v 11.989957 23.499992 -16.272768
v 12.414221 22.815746 -15.989924
v 12.414221 23.542850 -15.989924
v 12.272799 23.499992 -15.989924
v 12.272799 22.664093 -15.989924
v 12.173503 22.926991 -16.597734
v 12.173503 23.654840 -16.597734
v 12.314924 23.696953 -16.597734
v 12.314924 22.861053 -16.597734
v 12.597767 23.654840 -16.173470
v 12.597767 22.926991 -16.173470
v 12.597767 22.861053 -16.314892
v 12.597767 23.696953 -16.314892
v 10.929296 25.542850 -14.505001
v 10.929296 25.959496 -14.505002
v 10.787875 26.196953 -14.505002
v 10.787875 25.499992 -14.505001
v 12.597767 22.926991 -16.173470
v 12.414221 22.815746 -15.989924
v 12.272799 22.664093 -15.989924
v 12.597767 22.861053 -16.314892
v 11.989957 22.815746 -16.414188
v 12.173503 22.926991 -16.597734
v 12.314924 22.861053 -16.597734
v 11.989957 22.664093 -16.272766
v 10.505033 25.959496 -14.929266
v 10.505033 25.542850 -14.929266
v 10.505033 25.499992 -14.787845
v 10.505033 26.196953 -14.787845
v 11.078801 25.502079 -15.220191
v 11.220222 25.502079 -15.078770
v 11.345289 25.329327 -15.203836
v 11.203868 25.329327 -15.345258
v 11.531275 24.877079 -15.672664
v 11.672696 24.877079 -15.531242
v 11.797762 24.704327 -15.656308
v 11.656341 24.704327 -15.797729
v 11.983747 24.252079 -16.125137
v 12.125169 24.252079 -15.983715
v 12.250235 24.079327 -16.108782
v 12.108813 24.079327 -16.250202
v 11.305037 25.189579 -15.446427
v 11.446459 25.189579 -15.305006
v 11.571526 25.016827 -15.430072
v 11.430104 25.016827 -15.571493
v 11.757511 24.564579 -15.898900
v 11.898932 24.564579 -15.757479
v 12.023998 24.391827 -15.882545
v 11.882577 24.391827 -16.023966
v 12.209984 23.939579 -16.351372
v 12.351405 23.939579 -16.209951
v 12.476471 23.766827 -16.335018
v 12.335050 23.766827 -16.476439
v 10.852565 25.814579 -14.993956
v 10.993986 25.814579 -14.852533
v 11.119053 25.641827 -14.977600
v 10.977632 25.641827 -15.119021
v 10.787875 26.196953 -14.505002
v 11.014112 25.884453 -14.731238
v 10.892817 25.954327 -14.751364
v 10.767750 26.127079 -14.626298
v 10.934084 25.866152 -14.736566
v 10.736597 25.866152 -14.934052
v 10.746659 25.901089 -14.873405
v 10.873436 25.901089 -14.746628
v 10.731269 25.884453 -15.014081
v 10.505033 26.196953 -14.787845
v 10.626328 26.127079 -14.767719
v 10.751394 25.954327 -14.892785
v 10.535653 26.143715 -14.733109
v 10.733140 26.143715 -14.535622
v 10.723078 26.108780 -14.596270
v 10.596301 26.108780 -14.723046
v 10.988126 25.518715 -15.185581
v 11.185613 25.518715 -14.988094
v 11.175550 25.483780 -15.048742
v 11.048774 25.483780 -15.175519
v 11.240349 25.571953 -14.957474
v 11.466585 25.259453 -15.183710
v 11.345289 25.329327 -15.203836
v 11.220222 25.502079 -15.078770
v 11.386557 25.241152 -15.189038
v 11.189070 25.241152 -15.386525
v 11.199132 25.276089 -15.325877
v 11.325909 25.276089 -15.199100
v 11.183743 25.259453 -15.466553
v 10.957505 25.571953 -15.240317
v 11.078801 25.502079 -15.220191
v 11.203868 25.329327 -15.345258
v 11.440598 24.893715 -15.638054
v 11.638086 24.893715 -15.440567
v 11.628023 24.858780 -15.501215
v 11.501246 24.858780 -15.627992
v 11.692822 24.946953 -15.409946
v 11.919058 24.634453 -15.636183
v 11.797762 24.704327 -15.656308
v 11.672696 24.877079 -15.531242
v 11.839029 24.616152 -15.641510
v 11.641542 24.616152 -15.838998
v 11.651605 24.651089 -15.778350
v 11.778381 24.651089 -15.651573
v 11.636215 24.634453 -15.919025
v 11.409979 24.946953 -15.692789
v 11.531275 24.877079 -15.672664
v 11.656341 24.704327 -15.797729
v 11.893071 24.268715 -16.090527
v 12.090559 24.268715 -15.893040
v 12.080496 24.233780 -15.953688
v 11.953719 24.233780 -16.080463
v 12.145294 24.321953 -15.862419
v 12.371531 24.009453 -16.088655
v 12.250235 24.079327 -16.108782
v 12.125169 24.252079 -15.983715
v 12.291502 23.991152 -16.093983
v 12.094015 23.991152 -16.291470
v 12.104078 24.026089 -16.230822
v 12.230855 24.026089 -16.104046
v 12.088688 24.009453 -16.371498
v 11.862452 24.321953 -16.145262
v 11.214362 25.206215 -15.411818
v 11.411849 25.206215 -15.214331
v 11.401787 25.171280 -15.274979
v 11.275010 25.171280 -15.401755
v 11.466585 25.259453 -15.183710
v 11.692822 24.946953 -15.409946
v 11.571526 25.016827 -15.430072
v 11.446459 25.189579 -15.305006
v 11.612793 24.928652 -15.415275
v 11.415306 24.928652 -15.612761
v 11.425368 24.963589 -15.552114
v 11.552145 24.963589 -15.425337
v 11.409979 24.946953 -15.692789
v 11.183743 25.259453 -15.466553
v 11.305037 25.189579 -15.446427
v 11.430104 25.016827 -15.571493
v 11.666835 24.581215 -15.864290
v 11.864323 24.581215 -15.666803
v 11.854259 24.546280 -15.727451
v 11.727483 24.546280 -15.854228
v 11.919058 24.634453 -15.636183
v 12.145294 24.321953 -15.862419
v 12.023998 24.391827 -15.882545
v 11.898932 24.564579 -15.757479
v 12.065266 24.303652 -15.867746
v 11.867779 24.303652 -16.065233
v 11.877842 24.338589 -16.004585
v 12.004618 24.338589 -15.877810
v 11.862452 24.321953 -16.145262
v 11.636215 24.634453 -15.919025
v 11.757511 24.564579 -15.898900
v 11.882577 24.391827 -16.023966
v 12.119308 23.956215 -16.316763
v 12.316795 23.956215 -16.119276
v 12.306732 23.921280 -16.179924
v 12.179955 23.921280 -16.306700
v 12.371531 24.009453 -16.088655
v 12.597767 23.696953 -16.314892
v 12.476471 23.766827 -16.335018
v 12.351405 23.939579 -16.209951
v 12.517738 23.678652 -16.320219
v 12.320251 23.678652 -16.517706
v 12.330315 23.713589 -16.457058
v 12.457091 23.713589 -16.330282
v 12.314924 23.696953 -16.597734
v 12.088688 24.009453 -16.371498
v 12.209984 23.939579 -16.351372
v 12.335050 23.766827 -16.476439
v 10.761889 25.831215 -14.959346
v 10.959376 25.831215 -14.761858
v 10.949314 25.796280 -14.822506
v 10.822537 25.796280 -14.949283
v 11.014112 25.884453 -14.731238
v 11.240349 25.571953 -14.957474
v 11.119053 25.641827 -14.977600
v 10.993986 25.814579 -14.852533
v 11.160320 25.553652 -14.962802
v 10.962833 25.553652 -15.160289
v 10.972896 25.588589 -15.099641
v 11.099672 25.588589 -14.972864
v 10.957505 25.571953 -15.240317
v 10.731269 25.884453 -15.014081
v 10.852565 25.814579 -14.993956
v 10.977632 25.641827 -15.119021
v 11.014112 25.884453 -14.731238
v 10.731269 25.884453 -15.014081
v 10.736597 25.866152 -14.934052
v 10.934084 25.866152 -14.736566
v 10.731269 25.884453 -15.014081
v 10.751394 25.954327 -14.892785
v 10.746659 25.901089 -14.873405
v 10.736597 25.866152 -14.934052
v 10.751394 25.954327 -14.892785
v 10.892817 25.954327 -14.751364
v 10.873436 25.901089 -14.746628
v 10.746659 25.901089 -14.873405
v 10.892817 25.954327 -14.751364
v 11.014112 25.884453 -14.731238
v 10.934084 25.866152 -14.736566
v 10.873436 25.901089 -14.746628
v 10.505033 26.196953 -14.787845
v 10.787875 26.196953 -14.505002
v 10.733140 26.143715 -14.535622
v 10.535653 26.143715 -14.733109
v 10.787875 26.196953 -14.505002
v 10.767750 26.127079 -14.626298
v 10.723078 26.108780 -14.596270
v 10.733140 26.143715 -14.535622
v 10.767750 26.127079 -14.626298
v 10.626328 26.127079 -14.767719
v 10.596301 26.108780 -14.723046
v 10.723078 26.108780 -14.596270
v 10.626328 26.127079 -14.767719
v 10.505033 26.196953 -14.787845
v 10.535653 26.143715 -14.733109
v 10.596301 26.108780 -14.723046
v 10.957505 25.571953 -15.240317
v 11.240349 25.571953 -14.957474
v 11.185613 25.518715 -14.988094
v 10.988126 25.518715 -15.185581
v 11.240349 25.571953 -14.957474
v 11.220222 25.502079 -15.078770
v 11.175550 25.483780 -15.048742
v 11.185613 25.518715 -14.988094
v 11.220222 25.502079 -15.078770
v 11.078801 25.502079 -15.220191
v 11.048774 25.483780 -15.175519
v 11.175550 25.483780 -15.048742
v 11.078801 25.502079 -15.220191
v 10.957505 25.571953 -15.240317
v 10.988126 25.518715 -15.185581
v 11.048774 25.483780 -15.175519
v 11.466585 25.259453 -15.183710
v 11.183743 25.259453 -15.466553
v 11.189070 25.241152 -15.386525
v 11.386557 25.241152 -15.189038
v 11.183743 25.259453 -15.466553
v 11.203868 25.329327 -15.345258
v 11.199132 25.276089 -15.325877
v 11.189070 25.241152 -15.386525
v 11.203868 25.329327 -15.345258
v 11.345289 25.329327 -15.203836
v 11.325909 25.276089 -15.199100
v 11.199132 25.276089 -15.325877
v 11.345289 25.329327 -15.203836
v 11.466585 25.259453 -15.183710
v 11.386557 25.241152 -15.189038
v 11.325909 25.276089 -15.199100
v 11.409979 24.946953 -15.692789
v 11.692822 24.946953 -15.409946
v 11.638086 24.893715 -15.440567
v 11.440598 24.893715 -15.638054
v 11.692822 24.946953 -15.409946
v 11.672696 24.877079 -15.531242
v 11.628023 24.858780 -15.501215
v 11.638086 24.893715 -15.440567
v 11.672696 24.877079 -15.531242
v 11.531275 24.877079 -15.672664
v 11.501246 24.858780 -15.627992
v 11.628023 24.858780 -15.501215
v 11.531275 24.877079 -15.672664
v 11.409979 24.946953 -15.692789
v 11.440598 24.893715 -15.638054
v 11.501246 24.858780 -15.627992
v 11.919058 24.634453 -15.636183
v 11.636215 24.634453 -15.919025
v 11.641542 24.616152 -15.838998
v 11.839029 24.616152 -15.641510
v 11.636215 24.634453 -15.919025
v 11.656341 24.704327 -15.797729
v 11.651605 24.651089 -15.778350
v 11.641542 24.616152 -15.838998
v 11.656341 24.704327 -15.797729
v 11.797762 24.704327 -15.656308
v 11.778381 24.651089 -15.651573
v 11.651605 24.651089 -15.778350
v 11.797762 24.704327 -15.656308
v 11.919058 24.634453 -15.636183
v 11.839029 24.616152 -15.641510
v 11.778381 24.651089 -15.651573
v 11.862452 24.321953 -16.145262
v 12.145294 24.321953 -15.862419
v 12.090559 24.268715 -15.893040
v 11.893071 24.268715 -16.090527
v 12.145294 24.321953 -15.862419
v 12.125169 24.252079 -15.983715
v 12.080496 24.233780 -15.953688
v 12.090559 24.268715 -15.893040
v 12.125169 24.252079 -15.983715
v 11.983747 24.252079 -16.125137
v 11.953719 24.233780 -16.080463
v 12.080496 24.233780 -15.953688
v 11.983747 24.252079 -16.125137
v 11.862452 24.321953 -16.145262
v 11.893071 24.268715 -16.090527
v 11.953719 24.233780 -16.080463
v 12.371531 24.009453 -16.088655
v 12.088688 24.009453 -16.371498
v 12.094015 23.991152 -16.291470
v 12.291502 23.991152 -16.093983
v 12.088688 24.009453 -16.371498
v 12.108813 24.079327 -16.250202
v 12.104078 24.026089 -16.230822
v 12.094015 23.991152 -16.291470
v 12.108813 24.079327 -16.250202
v 12.250235 24.079327 -16.108782
v 12.230855 24.026089 -16.104046
v 12.104078 24.026089 -16.230822
v 12.250235 24.079327 -16.108782
v 12.371531 24.009453 -16.088655
v 12.291502 23.991152 -16.093983
v 12.230855 24.026089 -16.104046
v 11.183743 25.259453 -15.466553
v 11.466585 25.259453 -15.183710
v 11.411849 25.206215 -15.214331
v 11.214362 25.206215 -15.411818
v 11.466585 25.259453 -15.183710
v 11.446459 25.189579 -15.305006
v 11.401787 25.171280 -15.274979
v 11.411849 25.206215 -15.214331
v 11.446459 25.189579 -15.305006
v 11.305037 25.189579 -15.446427
v 11.275010 25.171280 -15.401755
v 11.401787 25.171280 -15.274979
v 11.305037 25.189579 -15.446427
v 11.183743 25.259453 -15.466553
v 11.214362 25.206215 -15.411818
v 11.275010 25.171280 -15.401755
v 11.692822 24.946953 -15.409946
v 11.409979 24.946953 -15.692789
v 11.415306 24.928652 -15.612761
v 11.612793 24.928652 -15.415275
v 11.409979 24.946953 -15.692789
v 11.430104 25.016827 -15.571493
v 11.425368 24.963589 -15.552114
v 11.415306 24.928652 -15.612761
v 11.430104 25.016827 -15.571493
v 11.571526 25.016827 -15.430072
v 11.552145 24.963589 -15.425337
v 11.425368 24.963589 -15.552114
v 11.571526 25.016827 -15.430072
v 11.692822 24.946953 -15.409946
v 11.612793 24.928652 -15.415275
v 11.552145 24.963589 -15.425337
v 11.636215 24.634453 -15.919025
v 11.919058 24.634453 -15.636183
v 11.864323 24.581215 -15.666803
v 11.666835 24.581215 -15.864290
v 11.919058 24.634453 -15.636183
v 11.898932 24.564579 -15.757479
v 11.854259 24.546280 -15.727451
v 11.864323 24.581215 -15.666803
v 11.898932 24.564579 -15.757479
v 11.757511 24.564579 -15.898900
v 11.727483 24.546280 -15.854228
v 11.854259 24.546280 -15.727451
v 11.757511 24.564579 -15.898900
v 11.636215 24.634453 -15.919025
v 11.666835 24.581215 -15.864290
v 11.727483 24.546280 -15.854228
v 12.145294 24.321953 -15.862419
v 11.862452 24.321953 -16.145262
v 11.867779 24.303652 -16.065233
v 12.065266 24.303652 -15.867746
v 11.862452 24.321953 -16.145262
v 11.882577 24.391827 -16.023966
v 11.877842 24.338589 -16.004585
v 11.867779 24.303652 -16.065233
v 11.882577 24.391827 -16.023966
v 12.023998 24.391827 -15.882545
v 12.004618 24.338589 -15.877810
v 11.877842 24.338589 -16.004585
v 12.023998 24.391827 -15.882545
v 12.145294 24.321953 -15.862419
v 12.065266 24.303652 -15.867746
v 12.004618 24.338589 -15.877810
v 12.088688 24.009453 -16.371498
v 12.371531 24.009453 -16.088655
v 12.316795 23.956215 -16.119276
v 12.119308 23.956215 -16.316763
v 12.371531 24.009453 -16.088655
v 12.351405 23.939579 -16.209951
v 12.306732 23.921280 -16.179924
v 12.316795 23.956215 -16.119276
v 12.351405 23.939579 -16.209951
v 12.209984 23.939579 -16.351372
v 12.179955 23.921280 -16.306700
v 12.306732 23.921280 -16.179924
v 12.209984 23.939579 -16.351372
v 12.088688 24.009453 -16.371498
v 12.119308 23.956215 -16.316763
v 12.179955 23.921280 -16.306700
v 12.597767 23.696953 -16.314892
v 12.314924 23.696953 -16.597734
v 12.320251 23.678652 -16.517706
v 12.517738 23.678652 -16.320219
v 12.314924 23.696953 -16.597734
v 12.335050 23.766827 -16.476439
v 12.330315 23.713589 -16.457058
v 12.320251 23.678652 -16.517706
v 12.335050 23.766827 -16.476439
v 12.476471 23.766827 -16.335018
v 12.457091 23.713589 -16.330282
v 12.330315 23.713589 -16.457058
v 12.476471 23.766827 -16.335018
v 12.597767 23.696953 -16.314892
v 12.517738 23.678652 -16.320219
v 12.457091 23.713589 -16.330282
v 10.731269 25.884453 -15.014081
v 11.014112 25.884453 -14.731238
v 10.959376 25.831215 -14.761858
v 10.761889 25.831215 -14.959346
v 11.014112 25.884453 -14.731238
v 10.993986 25.814579 -14.852533
v 10.949314 25.796280 -14.822506
v 10.959376 25.831215 -14.761858
v 10.993986 25.814579 -14.852533
v 10.852565 25.814579 -14.993956
v 10.822537 25.796280 -14.949283
v 10.949314 25.796280 -14.822506
v 10.852565 25.814579 -14.993956
v 10.731269 25.884453 -15.014081
v 10.761889 25.831215 -14.959346
v 10.822537 25.796280 -14.949283
v 11.240349 25.571953 -14.957474
v 10.957505 25.571953 -15.240317
v 10.962833 25.553652 -15.160289
v 11.160320 25.553652 -14.962802
v 10.957505 25.571953 -15.240317
v 10.977632 25.641827 -15.119021
v 10.972896 25.588589 -15.099641
v 10.962833 25.553652 -15.160289
v 10.977632 25.641827 -15.119021
v 11.119053 25.641827 -14.977600
v 11.099672 25.588589 -14.972864
v 10.972896 25.588589 -15.099641
v 11.119053 25.641827 -14.977600
v 11.240349 25.571953 -14.957474
v 11.160320 25.553652 -14.962802
v 11.099672 25.588589 -14.972864
v 11.671759 13.999994 -15.035328
v 11.671759 16.207100 -15.035329
v 11.494983 16.103548 -14.858552
v 11.494983 13.999994 -14.858551
v 12.449576 15.792887 -15.813146
v 12.449576 13.999994 -15.813145
v 12.626353 13.999994 -15.989922
v 12.626353 15.896441 -15.989923
v 11.035363 16.207100 -15.671724
v 11.035363 13.999994 -15.671724
v 10.858586 13.999994 -15.494947
v 10.858586 16.103548 -15.494948
v 11.813180 13.999993 -16.449541
v 11.813180 15.792887 -16.449541
v 11.989957 15.896441 -16.626318
v 11.989957 13.999993 -16.626318
v 12.449576 13.499994 -15.813145
v 11.671759 13.499994 -15.035328
v 11.494983 13.249994 -14.858551
v 12.626353 13.249994 -15.989922
v 11.035363 13.499994 -15.671724
v 11.813180 13.499993 -16.449541
v 11.989957 13.249993 -16.626318
v 10.858586 13.249994 -15.494947
v 12.449576 13.499994 -15.813145
v 12.626353 13.249994 -15.989922
v 11.035363 13.999994 -15.671724
v 11.035363 13.499994 -15.671724
v 10.858586 13.249994 -15.494947
v 10.858586 13.999994 -15.494947
v 11.671759 13.499994 -15.035328
v 11.671759 13.999994 -15.035328
v 11.494983 13.999994 -14.858551
v 11.494983 13.249994 -14.858551
v 11.318206 16.707100 -14.681775
v 11.141429 16.603548 -14.504999
v 10.681809 16.707100 -15.318172
v 10.505033 16.603548 -15.141395
v 11.459627 16.292887 -16.095989
v 11.636404 16.396441 -16.272766
v 12.096023 16.292887 -15.459593
v 12.272799 16.396441 -15.636369
v 12.096023 22.664093 -15.459595
v 12.272799 22.664093 -15.636371
v 11.318206 22.664093 -14.681777
v 11.141429 22.664093 -14.505001
v 10.681809 22.664093 -15.318173
v 10.505033 22.664093 -15.141397
v 11.459627 22.664093 -16.095991
v 11.636404 22.664093 -16.272768
v 11.318206 24.333326 -14.681778
v 12.096023 23.285709 -15.459595
v 12.272799 23.392851 -15.636372
v 11.141429 24.916660 -14.505001
v 11.459627 23.285709 -16.095991
v 10.681809 24.333326 -15.318174
v 10.505033 24.916660 -15.141397
v 11.636404 23.392851 -16.272768
v 11.318206 22.664093 -14.681777
v 11.318206 24.333326 -14.681778
v 11.141429 24.916660 -14.505001
v 11.141429 22.664093 -14.505001
v 10.681809 24.333326 -15.318174
v 10.681809 22.664093 -15.318173
v 10.505033 22.664093 -15.141397
v 10.505033 24.916660 -15.141397
v 11.459627 22.664093 -16.095991
v 11.459627 23.285709 -16.095991
v 11.636404 23.392851 -16.272768
v 11.636404 22.664093 -16.272768
v 12.096023 23.285709 -15.459595
v 12.096023 22.664093 -15.459595
v 12.272799 22.664093 -15.636371
v 12.272799 23.392851 -15.636372
v 12.626353 9.999994 -16.343473
v 11.141429 9.999994 -14.858550
v 10.858586 9.999994 -15.141393
v 12.343511 9.999994 -16.626316
v 12.626353 10.249994 -15.989921
v 11.494983 10.249994 -14.858550
v 11.141429 9.999994 -14.858550
v 12.626353 9.999994 -16.343473
v 10.858586 10.249994 -15.494946
v 11.989957 10.249994 -16.626316
v 12.343511 9.999994 -16.626316
v 10.858586 9.999994 -15.141393
v 12.626353 12.999994 -16.343475
v 12.626353 13.249994 -15.989922
v 12.626353 10.249994 -15.989921
v 12.626353 9.999994 -16.343473
v 12.626353 13.249994 -15.989922
v 11.494983 13.249994 -14.858551
v 11.494983 10.249994 -14.858550
v 12.626353 10.249994 -15.989921
v 11.989957 13.249993 -16.626318
v 12.343511 12.999993 -16.626318
v 12.343511 9.999994 -16.626316
v 11.989957 10.249994 -16.626316
v 11.494983 13.249994 -14.858551
v 11.141429 12.999994 -14.858551
v 11.141429 9.999994 -14.858550
v 11.494983 10.249994 -14.858550
v 12.343511 12.999993 -16.626318
v 12.626353 12.999994 -16.343475
v 12.626353 9.999994 -16.343473
v 12.343511 9.999994 -16.626316
v 10.671759 13.999994 -16.035328
v 11.449576 13.999993 -16.813145
v 11.449576 15.792887 -16.813145
v 10.671759 16.207100 -16.035328
v 10.035363 13.999993 -16.671724
v 10.035363 16.207100 -16.671724
v 10.813180 15.792887 -17.449541
v 10.813180 13.999993 -17.449541
v 9.858586 15.999994 -16.141396
v 10.141429 15.999994 -15.858552
v 9.787875 16.499994 -15.504999
v 9.505033 16.499994 -15.787842
v 11.626353 15.999993 -17.343475
v 11.626353 13.999993 -17.343475
v 11.343511 13.999993 -17.626318
v 11.343511 15.999993 -17.626318
v 11.626353 12.999993 -17.343475
v 11.343511 12.999993 -17.626318
v 10.141429 13.999994 -15.858551
v 10.141429 15.999994 -15.858552
v 9.858586 15.999994 -16.141396
v 9.858586 13.999994 -16.141394
v 10.141429 12.999994 -15.858551
v 9.858586 12.999994 -16.141394
v 9.858586 9.999994 -16.141394
v 10.141429 9.999994 -15.858550
v 10.813180 13.499993 -17.449541
v 10.035363 13.499993 -16.671724
v 10.671759 13.499994 -16.035328
v 11.449576 13.499993 -16.813145
v 9.858586 12.999994 -16.141394
v 10.141429 12.999994 -15.858551
v 10.318206 16.707100 -15.681775
v 11.096023 16.292887 -16.459593
v 11.096023 22.664093 -16.459595
v 10.318206 22.664093 -15.681777
v 9.681809 16.707100 -16.318172
v 10.459627 16.292887 -17.095989
v 11.626353 15.999993 -17.343475
v 11.343511 15.999993 -17.626318
v 10.989957 16.499994 -17.272766
v 11.272799 16.499994 -16.989922
v 9.505033 22.664093 -15.787844
v 9.787875 22.664093 -15.505001
v 9.787875 25.499992 -15.505001
v 9.505033 25.499992 -15.787844
v 9.505033 16.499994 -15.787842
v 9.787875 16.499994 -15.504999
v 11.272799 16.499994 -16.989922
v 10.989957 16.499994 -17.272766
v 10.989957 22.664093 -17.272766
v 11.272799 22.664093 -16.989925
v 11.414221 23.542850 -16.989925
v 11.414221 22.815746 -16.989925
v 11.597767 22.926991 -17.173470
v 11.597767 23.654840 -17.173470
v 9.929296 25.542850 -15.505001
v 11.414221 23.542850 -16.989925
v 11.597767 23.654840 -17.173470
v 9.929296 25.959496 -15.505001
v 9.767750 26.127079 -15.626297
v 9.892817 25.954327 -15.751364
v 9.751394 25.954327 -15.892785
v 9.626328 26.127079 -15.767719
v 11.597767 22.861053 -17.314892
v 11.314924 22.861053 -17.597734
v 11.314924 23.696953 -17.597734
v 11.597767 23.696953 -17.314892
v 11.272799 22.664093 -16.989925
v 10.989957 22.664093 -17.272766
v 11.314924 22.861053 -17.597734
v 11.597767 22.861053 -17.314892
v 9.787875 26.196953 -15.505002
v 9.505033 26.196953 -15.787845
v 10.989957 23.542850 -17.414188
v 9.505033 25.542850 -15.929266
v 9.505033 25.959496 -15.929266
v 11.173503 23.654840 -17.597734
v 10.989957 22.815746 -17.414188
v 11.173503 22.926991 -17.597734
v 10.494982 13.999994 -15.858551
v 10.494982 16.103546 -15.858552
v 10.141429 15.999994 -15.858552
v 10.141429 13.999994 -15.858551
v 11.626353 15.896441 -16.989922
v 11.626353 13.999993 -16.989922
v 11.626353 13.999993 -17.343475
v 11.626353 15.999993 -17.343475
v 9.858586 16.103546 -16.494947
v 9.858586 13.999993 -16.494947
v 9.858586 13.999994 -16.141394
v 9.858586 15.999994 -16.141396
v 10.989957 13.999993 -17.626318
v 10.989957 15.896440 -17.626318
v 11.343511 15.999993 -17.626318
v 11.343511 13.999993 -17.626318
v 9.858586 12.999994 -16.141394
v 9.858586 13.249993 -16.494947
v 9.858586 10.249994 -16.494946
v 9.858586 9.999994 -16.141394
v 9.858586 13.249993 -16.494947
v 10.989957 13.249993 -17.626318
v 10.989957 10.249993 -17.626316
v 9.858586 10.249994 -16.494946
v 11.626353 13.999993 -16.989922
v 11.626353 13.249993 -16.989922
v 11.626353 12.999993 -17.343475
v 11.626353 13.999993 -17.343475
v 10.989957 13.249993 -17.626318
v 10.989957 13.999993 -17.626318
v 11.343511 13.999993 -17.626318
v 11.343511 12.999993 -17.626318
v 9.858586 13.249993 -16.494947
v 9.858586 12.999994 -16.141394
v 10.494982 13.249994 -15.858551
v 10.494982 13.999994 -15.858551
v 10.141429 13.999994 -15.858551
v 10.141429 12.999994 -15.858551
v 10.494982 16.103546 -15.858552
v 10.141429 16.603546 -15.504999
v 9.787875 16.499994 -15.504999
v 10.141429 15.999994 -15.858552
v 9.505033 16.603546 -16.141396
v 9.858586 16.103546 -16.494947
v 9.858586 15.999994 -16.141396
v 9.505033 16.499994 -15.787842
v 10.989957 15.896440 -17.626318
v 10.636404 16.396441 -17.272766
v 10.989957 16.499994 -17.272766
v 11.343511 15.999993 -17.626318
v 11.272799 16.396441 -16.636370
v 11.626353 15.896441 -16.989922
v 11.626353 15.999993 -17.343475
v 11.272799 16.499994 -16.989922
v 11.272799 22.664093 -16.636372
v 11.272799 16.396441 -16.636370
v 11.272799 16.499994 -16.989922
v 11.272799 22.664093 -16.989925
v 10.141429 16.603546 -15.504999
v 10.141429 22.664093 -15.505001
v 9.787875 22.664093 -15.505001
v 9.787875 16.499994 -15.504999
v 9.505033 22.664093 -16.141397
v 9.505033 16.603546 -16.141396
v 9.505033 16.499994 -15.787842
v 9.505033 22.664093 -15.787844
v 10.636404 16.396441 -17.272766
v 10.636404 22.664093 -17.272766
v 10.989957 22.664093 -17.272766
v 10.989957 16.499994 -17.272766
v 10.141429 24.916660 -15.505001
v 11.272799 23.392851 -16.636372
v 11.272799 23.499992 -16.989925
v 9.787875 25.499992 -15.505001
v 10.636404 23.392851 -17.272768
v 9.505033 24.916660 -16.141397
v 9.505033 25.499992 -15.787844
v 10.989957 23.499992 -17.272768
v 10.141429 22.664093 -15.505001
v 10.141429 24.916660 -15.505001
v 9.787875 25.499992 -15.505001
v 9.787875 22.664093 -15.505001
v 9.505033 24.916660 -16.141397
v 9.505033 22.664093 -16.141397
v 9.505033 22.664093 -15.787844
v 9.505033 25.499992 -15.787844
v 10.636404 22.664093 -17.272766
v 10.636404 23.392851 -17.272768
v 10.989957 23.499992 -17.272768
v 10.989957 22.664093 -17.272766
v 11.272799 23.392851 -16.636372
v 11.272799 22.664093 -16.636372
v 11.272799 22.664093 -16.989925
v 11.272799 23.499992 -16.989925
v 11.414221 23.542850 -16.989925
v 9.929296 25.542850 -15.505001
v 9.787875 25.499992 -15.505001
v 11.272799 23.499992 -16.989925
v 9.505033 25.542850 -15.929266
v 10.989957 23.542850 -17.414188
v 10.989957 23.499992 -17.272768
v 9.505033 25.499992 -15.787844
v 10.989957 23.542850 -17.414188
v 10.989957 22.815746 -17.414188
v 10.989957 22.664093 -17.272766
v 10.989957 23.499992 -17.272768
v 11.414221 22.815746 -16.989925
v 11.414221 23.542850 -16.989925
v 11.272799 23.499992 -16.989925
v 11.272799 22.664093 -16.989925
v 11.173503 22.926991 -17.597734
v 11.173503 23.654840 -17.597734
v 11.314924 23.696953 -17.597734
v 11.314924 22.861053 -17.597734
v 11.597767 23.654840 -17.173470
v 11.597767 22.926991 -17.173470
v 11.597767 22.861053 -17.314892
v 11.597767 23.696953 -17.314892
v 9.929296 25.542850 -15.505001
v 9.929296 25.959496 -15.505001
v 9.787875 26.196953 -15.505002
v 9.787875 25.499992 -15.505001
v 11.597767 22.926991 -17.173470
v 11.414221 22.815746 -16.989925
v 11.272799 22.664093 -16.989925
v 11.597767 22.861053 -17.314892
v 10.989957 22.815746 -17.414188
v 11.173503 22.926991 -17.597734
v 11.314924 22.861053 -17.597734
v 10.989957 22.664093 -17.272766
v 9.505033 25.959496 -15.929266
v 9.505033 25.542850 -15.929266
v 9.505033 25.499992 -15.787844
v 9.505033 26.196953 -15.787845
v 10.078801 25.502079 -16.220192
v 10.220222 25.502079 -16.078770
v 10.345289 25.329327 -16.203836
v 10.203868 25.329327 -16.345257
v 10.531274 24.877079 -16.672665
v 10.672695 24.877079 -16.531242
v 10.797762 24.704327 -16.656309
v 10.656341 24.704327 -16.797729
v 10.983747 24.252079 -17.125137
v 11.125169 24.252079 -16.983715
v 11.250235 24.079327 -17.108780
v 11.108813 24.079327 -17.250202
v 10.305037 25.189579 -16.446428
v 10.446459 25.189579 -16.305006
v 10.571526 25.016827 -16.430073
v 10.430104 25.016827 -16.571493
v 10.757511 24.564579 -16.898901
v 10.898932 24.564579 -16.757479
v 11.023998 24.391827 -16.882545
v 10.882577 24.391827 -17.023966
v 11.209984 23.939579 -17.351372
v 11.351405 23.939579 -17.209951
v 11.476471 23.766827 -17.335018
v 11.335050 23.766827 -17.476439
v 9.852565 25.814579 -15.993956
v 9.993986 25.814579 -15.852533
v 10.119053 25.641827 -15.977600
v 9.977631 25.641827 -16.119020
v 9.787875 26.196953 -15.505002
v 10.014112 25.884453 -15.731238
v 9.892817 25.954327 -15.751364
v 9.767750 26.127079 -15.626297
v 9.934084 25.866152 -15.736566
v 9.736597 25.866152 -15.934052
v 9.746659 25.901089 -15.873405
v 9.873436 25.901089 -15.746628
v 9.731269 25.884453 -16.014080
v 9.505033 26.196953 -15.787845
v 9.626328 26.127079 -15.767719
v 9.751394 25.954327 -15.892785
v 9.535653 26.143715 -15.733109
v 9.733140 26.143715 -15.535622
v 9.723078 26.108780 -15.596270
v 9.596301 26.108780 -15.723046
v 9.988126 25.518715 -16.185581
v 10.185613 25.518715 -15.988094
v 10.175550 25.483780 -16.048742
v 10.048774 25.483780 -16.175518
v 10.240348 25.571953 -15.957474
v 10.466585 25.259453 -16.183710
v 10.345289 25.329327 -16.203836
v 10.220222 25.502079 -16.078770
v 10.386557 25.241152 -16.189037
v 10.189070 25.241152 -16.386524
v 10.199132 25.276089 -16.325878
v 10.325909 25.276089 -16.199100
v 10.183743 25.259453 -16.466553
v 9.957505 25.571953 -16.240316
v 10.078801 25.502079 -16.220192
v 10.203868 25.329327 -16.345257
v 10.440598 24.893715 -16.638054
v 10.638086 24.893715 -16.440567
v 10.628023 24.858780 -16.501215
v 10.501246 24.858780 -16.627991
v 10.692822 24.946953 -16.409946
v 10.919058 24.634453 -16.636183
v 10.797762 24.704327 -16.656309
v 10.672695 24.877079 -16.531242
v 10.839029 24.616152 -16.641510
v 10.641542 24.616152 -16.838997
v 10.651605 24.651089 -16.778349
v 10.778381 24.651089 -16.651573
v 10.636215 24.634453 -16.919025
v 10.409979 24.946953 -16.692789
v 10.531274 24.877079 -16.672665
v 10.656341 24.704327 -16.797729
v 10.893071 24.268715 -17.090527
v 11.090559 24.268715 -16.893040
v 11.080496 24.233780 -16.953688
v 10.953719 24.233780 -17.080463
v 11.145294 24.321953 -16.862419
v 11.371531 24.009453 -17.088655
v 11.250235 24.079327 -17.108780
v 11.125169 24.252079 -16.983715
v 11.291502 23.991152 -17.093983
v 11.094015 23.991152 -17.291470
v 11.104078 24.026089 -17.230824
v 11.230854 24.026089 -17.104046
v 11.088688 24.009453 -17.371498
v 10.862452 24.321953 -17.145262
v 10.983747 24.252079 -17.125137
v 11.108813 24.079327 -17.250202
v 10.214362 25.206215 -16.411818
v 10.411849 25.206215 -16.214331
v 10.401787 25.171280 -16.274979
v 10.275010 25.171280 -16.401754
v 10.466585 25.259453 -16.183710
v 10.692822 24.946953 -16.409946
v 10.571526 25.016827 -16.430073
v 10.446459 25.189579 -16.305006
v 10.612793 24.928652 -16.415274
v 10.415306 24.928652 -16.612762
v 10.425368 24.963589 -16.552114
v 10.552145 24.963589 -16.425337
v 10.409979 24.946953 -16.692789
v 10.183743 25.259453 -16.466553
v 10.305037 25.189579 -16.446428
v 10.430104 25.016827 -16.571493
v 10.666835 24.581215 -16.864290
v 10.864323 24.581215 -16.666803
v 10.854259 24.546280 -16.727451
v 10.727483 24.546280 -16.854227
v 10.919058 24.634453 -16.636183
v 11.145294 24.321953 -16.862419
v 11.023998 24.391827 -16.882545
v 10.898932 24.564579 -16.757479
v 11.065266 24.303652 -16.867746
v 10.867779 24.303652 -17.065233
v 10.877841 24.338589 -17.004585
v 11.004618 24.338589 -16.877810
v 10.862452 24.321953 -17.145262
v 10.636215 24.634453 -16.919025
v 10.757511 24.564579 -16.898901
v 10.882577 24.391827 -17.023966
v 11.119308 23.956215 -17.316763
v 11.316795 23.956215 -17.119276
v 11.306732 23.921280 -17.179924
v 11.179955 23.921280 -17.306700
v 11.371531 24.009453 -17.088655
v 11.597767 23.696953 -17.314892
v 11.476471 23.766827 -17.335018
v 11.351405 23.939579 -17.209951
v 11.517739 23.678652 -17.320219
v 11.320251 23.678652 -17.517706
v 11.330315 23.713589 -17.457058
v 11.457091 23.713589 -17.330282
v 11.314924 23.696953 -17.597734
v 11.088688 24.009453 -17.371498
v 11.209984 23.939579 -17.351372
v 11.335050 23.766827 -17.476439
v 9.761889 25.831215 -15.959345
v 9.959376 25.831215 -15.761858
v 9.949314 25.796280 -15.822506
v 9.822537 25.796280 -15.949283
v 10.014112 25.884453 -15.731238
v 10.240348 25.571953 -15.957474
v 10.119053 25.641827 -15.977600
v 9.993986 25.814579 -15.852533
v 10.160320 25.553652 -15.962802
v 9.962833 25.553652 -16.160290
v 9.972896 25.588589 -16.099642
v 10.099672 25.588589 -15.972864
v 9.957505 25.571953 -16.240316
v 9.731269 25.884453 -16.014080
v 9.852565 25.814579 -15.993956
v 9.977631 25.641827 -16.119020
v 10.014112 25.884453 -15.731238
v 9.731269 25.884453 -16.014080
v 9.736597 25.866152 -15.934052
v 9.934084 25.866152 -15.736566
v 9.731269 25.884453 -16.014080
v 9.751394 25.954327 -15.892785
v 9.746659 25.901089 -15.873405
v 9.736597 25.866152 -15.934052
v 9.751394 25.954327 -15.892785
v 9.892817 25.954327 -15.751364
v 9.873436 25.901089 -15.746628
v 9.746659 25.901089 -15.873405
v 9.892817 25.954327 -15.751364
v 10.014112 25.884453 -15.731238
v 9.934084 25.866152 -15.736566
v 9.873436 25.901089 -15.746628
v 9.505033 26.196953 -15.787845
v 9.787875 26.196953 -15.505002
v 9.733140 26.143715 -15.535622
v 9.535653 26.143715 -15.733109
v 9.787875 26.196953 -15.505002
v 9.767750 26.127079 -15.626297
v 9.723078 26.108780 -15.596270
v 9.733140 26.143715 -15.535622
v 9.767750 26.127079 -15.626297
v 9.626328 26.127079 -15.767719
v 9.596301 26.108780 -15.723046
v 9.723078 26.108780 -15.596270
v 9.626328 26.127079 -15.767719
v 9.505033 26.196953 -15.787845
v 9.535653 26.143715 -15.733109
v 9.596301 26.108780 -15.723046
v 9.957505 25.571953 -16.240316
v 10.240348 25.571953 -15.957474
v 10.185613 25.518715 -15.988094
v 9.988126 25.518715 -16.185581
v 10.240348 25.571953 -15.957474
v 10.220222 25.502079 -16.078770
v 10.175550 25.483780 -16.048742
v 10.185613 25.518715 -15.988094
v 10.220222 25.502079 -16.078770
v 10.078801 25.502079 -16.220192
v 10.048774 25.483780 -16.175518
v 10.175550 25.483780 -16.048742
v 10.078801 25.502079 -16.220192
v 9.957505 25.571953 -16.240316
v 9.988126 25.518715 -16.185581
v 10.048774 25.483780 -16.175518
v 10.466585 25.259453 -16.183710
v 10.183743 25.259453 -16.466553
v 10.189070 25.241152 -16.386524
v 10.386557 25.241152 -16.189037
v 10.183743 25.259453 -16.466553
v 10.203868 25.329327 -16.345257
v 10.199132 25.276089 -16.325878
v 10.189070 25.241152 -16.386524
v 10.203868 25.329327 -16.345257
v 10.345289 25.329327 -16.203836
v 10.325909 25.276089 -16.199100
v 10.199132 25.276089 -16.325878
v 10.345289 25.329327 -16.203836
v 10.466585 25.259453 -16.183710
v 10.386557 25.241152 -16.189037
v 10.325909 25.276089 -16.199100
v 10.409979 24.946953 -16.692789
v 10.692822 24.946953 -16.409946
v 10.638086 24.893715 -16.440567
v 10.440598 24.893715 -16.638054
v 10.692822 24.946953 -16.409946
v 10.672695 24.877079 -16.531242
v 10.628023 24.858780 -16.501215
v 10.638086 24.893715 -16.440567
v 10.672695 24.877079 -16.531242
v 10.531274 24.877079 -16.672665
v 10.501246 24.858780 -16.627991
v 10.628023 24.858780 -16.501215
v 10.531274 24.877079 -16.672665
v 10.409979 24.946953 -16.692789
v 10.440598 24.893715 -16.638054
v 10.501246 24.858780 -16.627991
v 10.919058 24.634453 -16.636183
v 10.636215 24.634453 -16.919025
v 10.641542 24.616152 -16.838997
v 10.839029 24.616152 -16.641510
v 10.636215 24.634453 -16.919025
v 10.656341 24.704327 -16.797729
v 10.651605 24.651089 -16.778349
v 10.641542 24.616152 -16.838997
v 10.656341 24.704327 -16.797729
v 10.797762 24.704327 -16.656309
v 10.778381 24.651089 -16.651573
v 10.651605 24.651089 -16.778349
v 10.797762 24.704327 -16.656309
v 10.919058 24.634453 -16.636183
v 10.839029 24.616152 -16.641510
v 10.778381 24.651089 -16.651573
v 10.862452 24.321953 -17.145262
v 11.145294 24.321953 -16.862419
v 11.090559 24.268715 -16.893040
v 10.893071 24.268715 -17.090527
v 11.145294 24.321953 -16.862419
v 11.125169 24.252079 -16.983715
v 11.080496 24.233780 -16.953688
v 11.090559 24.268715 -16.893040
v 11.125169 24.252079 -16.983715
v 10.983747 24.252079 -17.125137
v 10.953719 24.233780 -17.080463
v 11.080496 24.233780 -16.953688
v 10.983747 24.252079 -17.125137
v 10.862452 24.321953 -17.145262
v 10.893071 24.268715 -17.090527
v 10.953719 24.233780 -17.080463
v 11.371531 24.009453 -17.088655
v 11.088688 24.009453 -17.371498
v 11.094015 23.991152 -17.291470
v 11.291502 23.991152 -17.093983
v 11.088688 24.009453 -17.371498
v 11.108813 24.079327 -17.250202
v 11.104078 24.026089 -17.230824
v 11.094015 23.991152 -17.291470
v 11.108813 24.079327 -17.250202
v 11.250235 24.079327 -17.108780
v 11.230854 24.026089 -17.104046
v 11.104078 24.026089 -17.230824
v 11.250235 24.079327 -17.108780
v 11.371531 24.009453 -17.088655
v 11.291502 23.991152 -17.093983
v 11.230854 24.026089 -17.104046
v 10.183743 25.259453 -16.466553
v 10.466585 25.259453 -16.183710
v 10.411849 25.206215 -16.214331
v 10.214362 25.206215 -16.411818
v 10.466585 25.259453 -16.183710
v 10.446459 25.189579 -16.305006
v 10.401787 25.171280 -16.274979
v 10.411849 25.206215 -16.214331
v 10.446459 25.189579 -16.305006
v 10.305037 25.189579 -16.446428
v 10.275010 25.171280 -16.401754
v 10.401787 25.171280 -16.274979
v 10.305037 25.189579 -16.446428
v 10.183743 25.259453 -16.466553
v 10.214362 25.206215 -16.411818
v 10.275010 25.171280 -16.401754
v 10.692822 24.946953 -16.409946
v 10.409979 24.946953 -16.692789
v 10.415306 24.928652 -16.612762
v 10.612793 24.928652 -16.415274
v 10.409979 24.946953 -16.692789
v 10.430104 25.016827 -16.571493
v 10.425368 24.963589 -16.552114
v 10.415306 24.928652 -16.612762
v 10.430104 25.016827 -16.571493
v 10.571526 25.016827 -16.430073
v 10.552145 24.963589 -16.425337
v 10.425368 24.963589 -16.552114
v 10.571526 25.016827 -16.430073
v 10.692822 24.946953 -16.409946
v 10.612793 24.928652 -16.415274
v 10.552145 24.963589 -16.425337
v 10.636215 24.634453 -16.919025
v 10.919058 24.634453 -16.636183
v 10.864323 24.581215 -16.666803
v 10.666835 24.581215 -16.864290
v 10.919058 24.634453 -16.636183
v 10.898932 24.564579 -16.757479
v 10.854259 24.546280 -16.727451
v 10.864323 24.581215 -16.666803
v 10.898932 24.564579 -16.757479
v 10.757511 24.564579 -16.898901
v 10.727483 24.546280 -16.854227
v 10.854259 24.546280 -16.727451
v 10.757511 24.564579 -16.898901
v 10.636215 24.634453 -16.919025
v 10.666835 24.581215 -16.864290
v 10.727483 24.546280 -16.854227
v 11.145294 24.321953 -16.862419
v 10.862452 24.321953 -17.145262
v 10.867779 24.303652 -17.065233
v 11.065266 24.303652 -16.867746
v 10.862452 24.321953 -17.145262
v 10.882577 24.391827 -17.023966
v 10.877841 24.338589 -17.004585
v 10.867779 24.303652 -17.065233
v 10.882577 24.391827 -17.023966
v 11.023998 24.391827 -16.882545
v 11.004618 24.338589 -16.877810
v 10.877841 24.338589 -17.004585
v 11.023998 24.391827 -16.882545
v 11.145294 24.321953 -16.862419
v 11.065266 24.303652 -16.867746
v 11.004618 24.338589 -16.877810
v 11.088688 24.009453 -17.371498
v 11.371531 24.009453 -17.088655
v 11.316795 23.956215 -17.119276
v 11.119308 23.956215 -17.316763
v 11.371531 24.009453 -17.088655
v 11.351405 23.939579 -17.209951
v 11.306732 23.921280 -17.179924
v 11.316795 23.956215 -17.119276
v 11.351405 23.939579 -17.209951
v 11.209984 23.939579 -17.351372
v 11.179955 23.921280 -17.306700
v 11.306732 23.921280 -17.179924
v 11.209984 23.939579 -17.351372
v 11.088688 24.009453 -17.371498
v 11.119308 23.956215 -17.316763
v 11.179955 23.921280 -17.306700
v 11.597767 23.696953 -17.314892
v 11.314924 23.696953 -17.597734
v 11.320251 23.678652 -17.517706
v 11.517739 23.678652 -17.320219
v 11.314924 23.696953 -17.597734
v 11.335050 23.766827 -17.476439
v 11.330315 23.713589 -17.457058
v 11.320251 23.678652 -17.517706
v 11.335050 23.766827 -17.476439
v 11.476471 23.766827 -17.335018
v 11.457091 23.713589 -17.330282
v 11.330315 23.713589 -17.457058
v 11.476471 23.766827 -17.335018
v 11.597767 23.696953 -17.314892
v 11.517739 23.678652 -17.320219
v 11.457091 23.713589 -17.330282
v 9.731269 25.884453 -16.014080
v 10.014112 25.884453 -15.731238
v 9.959376 25.831215 -15.761858
v 9.761889 25.831215 -15.959345
v 10.014112 25.884453 -15.731238
v 9.993986 25.814579 -15.852533
v 9.949314 25.796280 -15.822506
v 9.959376 25.831215 -15.761858
v 9.993986 25.814579 -15.852533
v 9.852565 25.814579 -15.993956
v 9.822537 25.796280 -15.949283
v 9.949314 25.796280 -15.822506
v 9.852565 25.814579 -15.993956
v 9.731269 25.884453 -16.014080
v 9.761889 25.831215 -15.959345
v 9.822537 25.796280 -15.949283
v 10.240348 25.571953 -15.957474
v 9.957505 25.571953 -16.240316
v 9.962833 25.553652 -16.160290
v 10.160320 25.553652 -15.962802
v 9.957505 25.571953 -16.240316
v 9.977631 25.641827 -16.119020
v 9.972896 25.588589 -16.099642
v 9.962833 25.553652 -16.160290
v 9.977631 25.641827 -16.119020
v 10.119053 25.641827 -15.977600
v 10.099672 25.588589 -15.972864
v 9.972896 25.588589 -16.099642
v 10.119053 25.641827 -15.977600
v 10.240348 25.571953 -15.957474
v 10.160320 25.553652 -15.962802
v 10.099672 25.588589 -15.972864
v 10.671759 13.999994 -16.035328
v 10.671759 16.207100 -16.035328
v 10.494982 16.103546 -15.858552
v 10.494982 13.999994 -15.858551
v 11.449576 15.792887 -16.813145
v 11.449576 13.999993 -16.813145
v 11.626353 13.999993 -16.989922
v 11.626353 15.896441 -16.989922
v 10.035363 16.207100 -16.671724
v 10.035363 13.999993 -16.671724
v 9.858586 13.999993 -16.494947
v 9.858586 16.103546 -16.494947
v 10.813180 13.999993 -17.449541
v 10.813180 15.792887 -17.449541
v 10.989957 15.896440 -17.626318
v 10.989957 13.999993 -17.626318
v 11.449576 13.499993 -16.813145
v 10.671759 13.499994 -16.035328
v 10.494982 13.249994 -15.858551
v 11.626353 13.249993 -16.989922
v 10.035363 13.499993 -16.671724
v 10.813180 13.499993 -17.449541
v 10.989957 13.249993 -17.626318
v 9.858586 13.249993 -16.494947
v 10.813180 13.499993 -17.449541
v 10.989957 13.249993 -17.626318
v 10.035363 13.999993 -16.671724
v 10.035363 13.499993 -16.671724
v 9.858586 13.249993 -16.494947
v 9.858586 13.999993 -16.494947
v 10.671759 13.499994 -16.035328
v 10.671759 13.999994 -16.035328
v 10.494982 13.999994 -15.858551
v 10.494982 13.249994 -15.858551
v 10.318206 16.707100 -15.681775
v 10.141429 16.603546 -15.504999
v 9.681809 16.707100 -16.318172
v 10.035363 16.207100 -16.671724
v 9.858586 16.103546 -16.494947
v 9.505033 16.603546 -16.141396
v 10.813180 15.792887 -17.449541
v 10.459627 16.292887 -17.095989
v 10.636404 16.396441 -17.272766
v 10.989957 15.896440 -17.626318
v 11.096023 16.292887 -16.459593
v 11.272799 16.396441 -16.636370
v 11.096023 22.664093 -16.459595
v 11.272799 22.664093 -16.636372
v 10.318206 22.664093 -15.681777
v 10.141429 22.664093 -15.505001
v 9.681809 22.664093 -16.318172
v 9.681809 16.707100 -16.318172
v 9.505033 16.603546 -16.141396
v 9.505033 22.664093 -16.141397
v 10.459627 16.292887 -17.095989
v 10.459627 22.664093 -17.095991
v 10.636404 22.664093 -17.272766
v 10.636404 16.396441 -17.272766
v 10.318206 24.333326 -15.681778
v 11.096023 23.285709 -16.459595
v 11.272799 23.392851 -16.636372
v 10.141429 24.916660 -15.505001
v 10.459627 23.285709 -17.095991
v 9.681809 24.333326 -16.318174
v 9.505033 24.916660 -16.141397
v 10.636404 23.392851 -17.272768
v 10.318206 22.664093 -15.681777
v 10.318206 24.333326 -15.681778
v 10.141429 24.916660 -15.505001
v 10.141429 22.664093 -15.505001
v 9.681809 24.333326 -16.318174
v 9.681809 22.664093 -16.318172
v 9.505033 22.664093 -16.141397
v 9.505033 24.916660 -16.141397
v 11.096023 23.285709 -16.459595
v 11.096023 22.664093 -16.459595
v 11.272799 22.664093 -16.636372
v 11.272799 23.392851 -16.636372
v 11.626353 9.999994 -17.343473
v 10.141429 9.999994 -15.858550
v 9.858586 9.999994 -16.141394
v 11.343511 9.999994 -17.626316
v 11.626353 10.249994 -16.989922
v 10.494982 10.249994 -15.858550
v 10.141429 9.999994 -15.858550
v 11.626353 9.999994 -17.343473
v 9.858586 10.249994 -16.494946
v 10.989957 10.249993 -17.626316
v 11.343511 9.999994 -17.626316
v 9.858586 9.999994 -16.141394
v 11.626353 12.999993 -17.343475
v 11.626353 13.249993 -16.989922
v 11.626353 10.249994 -16.989922
v 11.626353 9.999994 -17.343473
v 11.626353 13.249993 -16.989922
v 10.494982 13.249994 -15.858551
v 10.494982 10.249994 -15.858550
v 11.626353 10.249994 -16.989922
v 10.989957 13.249993 -17.626318
v 11.343511 12.999993 -17.626318
v 11.343511 9.999994 -17.626316
v 10.989957 10.249993 -17.626316
v 10.494982 13.249994 -15.858551
v 10.141429 12.999994 -15.858551
v 10.141429 9.999994 -15.858550
v 10.494982 10.249994 -15.858550
v 11.343511 12.999993 -17.626318
v 11.626353 12.999993 -17.343475
v 11.626353 9.999994 -17.343473
v 11.343511 9.999994 -17.626316
v 12.671759 13.999994 -14.035328
v 13.449576 13.999994 -14.813146
v 13.449576 15.792888 -14.813146
v 12.671759 16.207102 -14.035329
v 12.035363 13.999994 -14.671724
v 12.035363 16.207100 -14.671724
v 12.813181 15.792888 -15.449542
v 12.813181 13.999994 -15.449541
v 11.858586 15.999994 -14.141395
v 12.141429 15.999994 -13.858552
v 11.787875 16.499994 -13.504999
v 11.505033 16.499994 -13.787842
v 13.626353 15.999994 -15.343476
v 13.626353 13.999994 -15.343475
v 13.343511 13.999994 -15.626318
v 13.343511 15.999994 -15.626319
v 13.626353 12.999994 -15.343475
v 13.343511 12.999994 -15.626318
v 12.141429 13.999994 -13.858551
v 12.141429 15.999994 -13.858552
v 11.858586 15.999994 -14.141395
v 11.858586 13.999994 -14.141394
v 12.141429 12.999994 -13.858551
v 11.858586 12.999994 -14.141394
v 11.858586 9.999994 -14.141393
v 12.141429 9.999994 -13.858550
v 12.813181 13.499994 -15.449541
v 12.035363 13.499994 -14.671724
v 12.671759 13.499994 -14.035328
v 13.449576 13.499994 -14.813145
v 11.858586 12.999994 -14.141394
v 12.141429 12.999994 -13.858551
v 12.318206 16.707102 -13.681776
v 13.096024 16.292889 -14.459593
v 11.681809 16.707100 -14.318172
v 12.459627 16.292887 -15.095988
v 13.626353 15.999994 -15.343476
v 13.343511 15.999994 -15.626319
v 12.989957 16.499994 -15.272765
v 13.272799 16.499994 -14.989923
v 11.505033 22.664093 -13.787844
v 11.787875 22.664093 -13.505001
v 11.787875 25.499992 -13.505001
v 11.505033 25.499992 -13.787844
v 11.505033 16.499994 -13.787842
v 11.787875 16.499994 -13.504999
v 13.272799 16.499994 -14.989923
v 12.989957 16.499994 -15.272765
v 12.989957 22.664093 -15.272767
v 13.272799 22.664093 -14.989924
v 13.414221 23.542850 -14.989924
v 13.414221 22.815746 -14.989924
v 13.597767 22.926991 -15.173470
v 13.597767 23.654840 -15.173470
v 11.929296 25.542850 -13.505001
v 13.414221 23.542850 -14.989924
v 13.597767 23.654840 -15.173470
v 11.929296 25.959496 -13.505002
v 11.767750 26.127079 -13.626297
v 11.892817 25.954327 -13.751364
v 11.751395 25.954327 -13.892785
v 11.626328 26.127079 -13.767719
v 13.597767 22.861053 -15.314892
v 13.314924 22.861053 -15.597734
v 13.314924 23.696953 -15.597734
v 13.597767 23.696953 -15.314892
v 13.272799 22.664093 -14.989924
v 12.989957 22.664093 -15.272767
v 13.314924 22.861053 -15.597734
v 13.597767 22.861053 -15.314892
v 11.787875 26.196953 -13.505002
v 11.505033 26.196953 -13.787845
v 12.989957 23.542850 -15.414188
v 11.505033 25.542850 -13.929266
v 11.505033 25.959496 -13.929266
v 13.173503 23.654840 -15.597734
v 12.989957 22.815746 -15.414188
v 12.989957 23.542850 -15.414188
v 13.173503 23.654840 -15.597734
v 13.173503 22.926991 -15.597734
v 12.494983 13.999994 -13.858551
v 12.494983 16.103548 -13.858552
v 12.141429 15.999994 -13.858552
v 12.141429 13.999994 -13.858551
v 13.626353 15.896441 -14.989923
v 13.626353 13.999994 -14.989922
v 13.626353 13.999994 -15.343475
v 13.626353 15.999994 -15.343476
v 11.858586 16.103548 -14.494948
v 11.858586 13.999994 -14.494947
v 11.858586 13.999994 -14.141394
v 11.858586 15.999994 -14.141395
v 12.989957 13.999994 -15.626318
v 12.989957 15.896441 -15.626318
v 13.343511 15.999994 -15.626319
v 13.343511 13.999994 -15.626318
v 11.858586 12.999994 -14.141394
v 11.858586 13.249994 -14.494947
v 11.858586 10.249994 -14.494946
v 11.858586 9.999994 -14.141393
v 11.858586 13.249994 -14.494947
v 12.989957 13.249994 -15.626318
v 12.989957 10.249994 -15.626317
v 11.858586 10.249994 -14.494946
v 13.626353 13.999994 -14.989922
v 13.626353 13.249994 -14.989922
v 13.626353 12.999994 -15.343475
v 13.626353 13.999994 -15.343475
v 12.989957 13.249994 -15.626318
v 12.989957 13.999994 -15.626318
v 13.343511 13.999994 -15.626318
v 13.343511 12.999994 -15.626318
v 11.858586 13.249994 -14.494947
v 11.858586 12.999994 -14.141394
v 12.494983 13.249994 -13.858551
v 12.141429 12.999994 -13.858551
v 12.494983 16.103548 -13.858552
v 12.141429 16.603548 -13.504999
v 11.787875 16.499994 -13.504999
v 12.141429 15.999994 -13.858552
v 11.505033 16.603548 -14.141395
v 11.858586 16.103548 -14.494948
v 11.858586 15.999994 -14.141395
v 11.505033 16.499994 -13.787842
v 12.989957 15.896441 -15.626318
v 12.636404 16.396441 -15.272765
v 12.989957 16.499994 -15.272765
v 13.343511 15.999994 -15.626319
v 13.272799 16.396441 -14.636370
v 13.626353 15.896441 -14.989923
v 13.626353 15.999994 -15.343476
v 13.272799 16.499994 -14.989923
v 13.272799 22.664093 -14.636372
v 13.272799 16.396441 -14.636370
v 13.272799 16.499994 -14.989923
v 13.272799 22.664093 -14.989924
v 12.141429 16.603548 -13.504999
v 12.141429 22.664093 -13.505001
v 11.787875 22.664093 -13.505001
v 11.787875 16.499994 -13.504999
v 11.505033 22.664093 -14.141397
v 11.505033 16.603548 -14.141395
v 11.505033 16.499994 -13.787842
v 11.505033 22.664093 -13.787844
v 12.636404 16.396441 -15.272765
v 12.636404 22.664093 -15.272767
v 12.989957 22.664093 -15.272767
v 12.989957 16.499994 -15.272765
v 12.141429 24.916660 -13.505001
v 13.272799 23.392851 -14.636372
v 13.272799 23.499992 -14.989924
v 11.787875 25.499992 -13.505001
v 12.636404 23.392851 -15.272767
v 11.505033 24.916660 -14.141397
v 11.505033 25.499992 -13.787844
v 12.989957 23.499992 -15.272767
v 12.141429 22.664093 -13.505001
v 12.141429 24.916660 -13.505001
v 11.787875 25.499992 -13.505001
v 11.787875 22.664093 -13.505001
v 11.505033 24.916660 -14.141397
v 11.505033 22.664093 -14.141397
v 11.505033 22.664093 -13.787844
v 11.505033 25.499992 -13.787844
v 12.636404 22.664093 -15.272767
v 12.636404 23.392851 -15.272767
v 12.989957 23.499992 -15.272767
v 12.989957 22.664093 -15.272767
v 13.272799 23.392851 -14.636372
v 13.272799 22.664093 -14.636372
v 13.272799 22.664093 -14.989924
v 13.272799 23.499992 -14.989924
v 13.414221 23.542850 -14.989924
v 11.929296 25.542850 -13.505001
v 11.787875 25.499992 -13.505001
v 13.272799 23.499992 -14.989924
v 11.505033 25.542850 -13.929266
v 12.989957 23.542850 -15.414188
v 12.989957 23.499992 -15.272767
v 11.505033 25.499992 -13.787844
v 12.989957 23.542850 -15.414188
v 12.989957 22.815746 -15.414188
v 12.989957 22.664093 -15.272767
v 12.989957 23.499992 -15.272767
v 13.414221 22.815746 -14.989924
v 13.414221 23.542850 -14.989924
v 13.272799 23.499992 -14.989924
v 13.272799 22.664093 -14.989924
v 13.173503 22.926991 -15.597734
v 13.173503 23.654840 -15.597734
v 13.314924 23.696953 -15.597734
v 13.314924 22.861053 -15.597734
v 13.597767 23.654840 -15.173470
v 13.597767 22.926991 -15.173470
v 13.597767 22.861053 -15.314892
v 13.597767 23.696953 -15.314892
v 11.929296 25.542850 -13.505001
v 11.929296 25.959496 -13.505002
v 11.787875 26.196953 -13.505002
v 11.787875 25.499992 -13.505001
v 13.597767 22.926991 -15.173470
v 13.414221 22.815746 -14.989924
v 13.272799 22.664093 -14.989924
v 13.597767 22.861053 -15.314892
v 12.989957 22.815746 -15.414188
v 13.173503 22.926991 -15.597734
v 13.314924 22.861053 -15.597734
v 12.989957 22.664093 -15.272767
v 11.505033 25.959496 -13.929266
v 11.505033 25.542850 -13.929266
v 11.505033 25.499992 -13.787844
v 11.505033 26.196953 -13.787845
v 12.078802 25.502079 -14.220192
v 12.220222 25.502079 -14.078770
v 12.345289 25.329327 -14.203835
v 12.203868 25.329327 -14.345258
v 12.531275 24.877079 -14.672664
v 12.672696 24.877079 -14.531242
v 12.797762 24.704327 -14.656308
v 12.656341 24.704327 -14.797729
v 12.983747 24.252079 -15.125136
v 13.125169 24.252079 -14.983715
v 13.250235 24.079327 -15.108781
v 13.108813 24.079327 -15.250202
v 12.305038 25.189579 -14.446427
v 12.446460 25.189579 -14.305006
v 12.571526 25.016827 -14.430072
v 12.430104 25.016827 -14.571493
v 12.757511 24.564579 -14.898900
v 12.898932 24.564579 -14.757479
v 13.023998 24.391827 -14.882545
v 12.882577 24.391827 -15.023966
v 13.209984 23.939579 -15.351373
v 13.351405 23.939579 -15.209951
v 13.476471 23.766827 -15.335017
v 13.335050 23.766827 -15.476439
v 11.852565 25.814579 -13.993956
v 11.993986 25.814579 -13.852533
v 12.119053 25.641827 -13.977600
v 11.977632 25.641827 -14.119021
v 11.787875 26.196953 -13.505002
v 12.014112 25.884453 -13.731238
v 11.892817 25.954327 -13.751364
v 11.767750 26.127079 -13.626297
v 11.934084 25.866152 -13.736566
v 11.736597 25.866152 -13.934052
v 11.746659 25.901089 -13.873405
v 11.873436 25.901089 -13.746628
v 11.731270 25.884453 -14.014081
v 11.505033 26.196953 -13.787845
v 11.626328 26.127079 -13.767719
v 11.751395 25.954327 -13.892785
v 11.535653 26.143715 -13.733109
v 11.733140 26.143715 -13.535622
v 11.723078 26.108780 -13.596270
v 11.596301 26.108780 -13.723046
v 11.988126 25.518715 -14.185581
v 12.185614 25.518715 -13.988094
v 12.175550 25.483780 -14.048742
v 12.048774 25.483780 -14.175519
v 12.240349 25.571953 -13.957475
v 12.466585 25.259453 -14.183710
v 12.345289 25.329327 -14.203835
v 12.220222 25.502079 -14.078770
v 12.386557 25.241152 -14.189038
v 12.189070 25.241152 -14.386525
v 12.199132 25.276089 -14.325877
v 12.325909 25.276089 -14.199100
v 12.183743 25.259453 -14.466553
v 11.957506 25.571953 -14.240317
v 12.078802 25.502079 -14.220192
v 12.203868 25.329327 -14.345258
v 12.440598 24.893715 -14.638054
v 12.638086 24.893715 -14.440567
v 12.628023 24.858780 -14.501215
v 12.501246 24.858780 -14.627992
v 12.692822 24.946953 -14.409946
v 12.919058 24.634453 -14.636183
v 12.797762 24.704327 -14.656308
v 12.672696 24.877079 -14.531242
v 12.839029 24.616152 -14.641511
v 12.641542 24.616152 -14.838998
v 12.651606 24.651089 -14.778350
v 12.778382 24.651089 -14.651573
v 12.636215 24.634453 -14.919025
v 12.409979 24.946953 -14.692789
v 12.531275 24.877079 -14.672664
v 12.656341 24.704327 -14.797729
v 12.893071 24.268715 -15.090527
v 13.090559 24.268715 -14.893040
v 13.080496 24.233780 -14.953688
v 12.953719 24.233780 -15.080464
v 13.145294 24.321953 -14.862419
v 13.371531 24.009453 -15.088655
v 13.250235 24.079327 -15.108781
v 13.125169 24.252079 -14.983715
v 13.291502 23.991152 -15.093983
v 13.094015 23.991152 -15.291471
v 13.104078 24.026089 -15.230823
v 13.230855 24.026089 -15.104046
v 13.088688 24.009453 -15.371498
v 12.862452 24.321953 -15.145262
v 12.983747 24.252079 -15.125136
v 13.108813 24.079327 -15.250202
v 12.214362 25.206215 -14.411818
v 12.411850 25.206215 -14.214331
v 12.401787 25.171280 -14.274979
v 12.275010 25.171280 -14.401755
v 12.466585 25.259453 -14.183710
v 12.692822 24.946953 -14.409946
v 12.571526 25.016827 -14.430072
v 12.446460 25.189579 -14.305006
v 12.612793 24.928652 -14.415275
v 12.415306 24.928652 -14.612761
v 12.425369 24.963589 -14.552114
v 12.552145 24.963589 -14.425337
v 12.409979 24.946953 -14.692789
v 12.183743 25.259453 -14.466553
v 12.305038 25.189579 -14.446427
v 12.430104 25.016827 -14.571493
v 12.666835 24.581215 -14.864290
v 12.864323 24.581215 -14.666803
v 12.854259 24.546280 -14.727451
v 12.727483 24.546280 -14.854228
v 13.023998 24.391827 -14.882545
v 12.898932 24.564579 -14.757479
v 13.065266 24.303652 -14.867746
v 12.867779 24.303652 -15.065234
v 12.877842 24.338589 -15.004586
v 13.004618 24.338589 -14.877810
v 12.636215 24.634453 -14.919025
v 12.757511 24.564579 -14.898900
v 12.882577 24.391827 -15.023966
v 13.119308 23.956215 -15.316763
v 13.316795 23.956215 -15.119276
v 13.306732 23.921280 -15.179924
v 13.179955 23.921280 -15.306700
v 13.371531 24.009453 -15.088655
v 13.597767 23.696953 -15.314892
v 13.476471 23.766827 -15.335017
v 13.351405 23.939579 -15.209951
v 13.517738 23.678652 -15.320219
v 13.320251 23.678652 -15.517707
v 13.330315 23.713589 -15.457059
v 13.457091 23.713589 -15.330282
v 13.314924 23.696953 -15.597734
v 13.088688 24.009453 -15.371498
v 13.209984 23.939579 -15.351373
v 13.335050 23.766827 -15.476439
v 11.761889 25.831215 -13.959346
v 11.959376 25.831215 -13.761858
v 11.949314 25.796280 -13.822506
v 11.822537 25.796280 -13.949283
v 12.014112 25.884453 -13.731238
v 12.240349 25.571953 -13.957475
v 12.119053 25.641827 -13.977600
v 11.993986 25.814579 -13.852533
v 12.160320 25.553652 -13.962802
v 11.962833 25.553652 -14.160289
v 11.972896 25.588589 -14.099642
v 12.099672 25.588589 -13.972864
v 11.957506 25.571953 -14.240317
v 11.731270 25.884453 -14.014081
v 11.852565 25.814579 -13.993956
v 11.977632 25.641827 -14.119021
v 12.014112 25.884453 -13.731238
v 11.731270 25.884453 -14.014081
v 11.736597 25.866152 -13.934052
v 11.934084 25.866152 -13.736566
v 11.731270 25.884453 -14.014081
v 11.751395 25.954327 -13.892785
v 11.746659 25.901089 -13.873405
v 11.736597 25.866152 -13.934052
v 11.751395 25.954327 -13.892785
v 11.892817 25.954327 -13.751364
v 11.873436 25.901089 -13.746628
v 11.746659 25.901089 -13.873405
v 11.892817 25.954327 -13.751364
v 12.014112 25.884453 -13.731238
v 11.934084 25.866152 -13.736566
v 11.873436 25.901089 -13.746628
v 11.505033 26.196953 -13.787845
v 11.787875 26.196953 -13.505002
v 11.733140 26.143715 -13.535622
v 11.535653 26.143715 -13.733109
v 11.787875 26.196953 -13.505002
v 11.767750 26.127079 -13.626297
v 11.723078 26.108780 -13.596270
v 11.733140 26.143715 -13.535622
v 11.767750 26.127079 -13.626297
v 11.626328 26.127079 -13.767719
v 11.596301 26.108780 -13.723046
v 11.723078 26.108780 -13.596270
v 11.626328 26.127079 -13.767719
v 11.505033 26.196953 -13.787845
v 11.535653 26.143715 -13.733109
v 11.596301 26.108780 -13.723046
v 11.957506 25.571953 -14.240317
v 12.240349 25.571953 -13.957475
v 12.185614 25.518715 -13.988094
v 11.988126 25.518715 -14.185581
v 12.240349 25.571953 -13.957475
v 12.220222 25.502079 -14.078770
v 12.175550 25.483780 -14.048742
v 12.185614 25.518715 -13.988094
v 12.220222 25.502079 -14.078770
v 12.078802 25.502079 -14.220192
v 12.048774 25.483780 -14.175519
v 12.175550 25.483780 -14.048742
v 12.078802 25.502079 -14.220192
v 11.957506 25.571953 -14.240317
v 11.988126 25.518715 -14.185581
v 12.048774 25.483780 -14.175519
v 12.466585 25.259453 -14.183710
v 12.183743 25.259453 -14.466553
v 12.189070 25.241152 -14.386525
v 12.386557 25.241152 -14.189038
v 12.183743 25.259453 -14.466553
v 12.203868 25.329327 -14.345258
v 12.199132 25.276089 -14.325877
v 12.189070 25.241152 -14.386525
v 12.203868 25.329327 -14.345258
v 12.345289 25.329327 -14.203835
v 12.325909 25.276089 -14.199100
v 12.199132 25.276089 -14.325877
v 12.345289 25.329327 -14.203835
v 12.466585 25.259453 -14.183710
v 12.386557 25.241152 -14.189038
v 12.325909 25.276089 -14.199100
v 12.409979 24.946953 -14.692789
v 12.692822 24.946953 -14.409946
v 12.638086 24.893715 -14.440567
v 12.440598 24.893715 -14.638054
v 12.692822 24.946953 -14.409946
v 12.672696 24.877079 -14.531242
v 12.628023 24.858780 -14.501215
v 12.638086 24.893715 -14.440567
v 12.672696 24.877079 -14.531242
v 12.531275 24.877079 -14.672664
v 12.501246 24.858780 -14.627992
v 12.628023 24.858780 -14.501215
v 12.531275 24.877079 -14.672664
v 12.409979 24.946953 -14.692789
v 12.440598 24.893715 -14.638054
v 12.501246 24.858780 -14.627992
v 12.919058 24.634453 -14.636183
v 12.636215 24.634453 -14.919025
v 12.641542 24.616152 -14.838998
v 12.839029 24.616152 -14.641511
v 12.636215 24.634453 -14.919025
v 12.656341 24.704327 -14.797729
v 12.651606 24.651089 -14.778350
v 12.641542 24.616152 -14.838998
v 12.656341 24.704327 -14.797729
v 12.797762 24.704327 -14.656308
v 12.778382 24.651089 -14.651573
v 12.651606 24.651089 -14.778350
v 12.797762 24.704327 -14.656308
v 12.919058 24.634453 -14.636183
v 12.839029 24.616152 -14.641511
v 12.778382 24.651089 -14.651573
v 12.862452 24.321953 -15.145262
v 13.145294 24.321953 -14.862419
v 13.090559 24.268715 -14.893040
v 12.893071 24.268715 -15.090527
v 13.145294 24.321953 -14.862419
v 13.125169 24.252079 -14.983715
v 13.080496 24.233780 -14.953688
v 13.090559 24.268715 -14.893040
v 13.125169 24.252079 -14.983715
v 12.983747 24.252079 -15.125136
v 12.953719 24.233780 -15.080464
v 13.080496 24.233780 -14.953688
v 12.983747 24.252079 -15.125136
v 12.862452 24.321953 -15.145262
v 12.893071 24.268715 -15.090527
v 12.953719 24.233780 -15.080464
v 13.371531 24.009453 -15.088655
v 13.088688 24.009453 -15.371498
v 13.094015 23.991152 -15.291471
v 13.291502 23.991152 -15.093983
v 13.088688 24.009453 -15.371498
v 13.108813 24.079327 -15.250202
v 13.104078 24.026089 -15.230823
v 13.094015 23.991152 -15.291471
v 13.108813 24.079327 -15.250202
v 13.250235 24.079327 -15.108781
v 13.230855 24.026089 -15.104046
v 13.104078 24.026089 -15.230823
v 13.250235 24.079327 -15.108781
v 13.371531 24.009453 -15.088655
v 13.291502 23.991152 -15.093983
v 13.230855 24.026089 -15.104046
v 12.183743 25.259453 -14.466553
v 12.466585 25.259453 -14.183710
v 12.411850 25.206215 -14.214331
v 12.214362 25.206215 -14.411818
v 12.466585 25.259453 -14.183710
v 12.446460 25.189579 -14.305006
v 12.401787 25.171280 -14.274979
v 12.411850 25.206215 -14.214331
v 12.446460 25.189579 -14.305006
v 12.305038 25.189579 -14.446427
v 12.275010 25.171280 -14.401755
v 12.401787 25.171280 -14.274979
v 12.305038 25.189579 -14.446427
v 12.183743 25.259453 -14.466553
v 12.214362 25.206215 -14.411818
v 12.275010 25.171280 -14.401755
v 12.692822 24.946953 -14.409946
v 12.409979 24.946953 -14.692789
v 12.415306 24.928652 -14.612761
v 12.612793 24.928652 -14.415275
v 12.409979 24.946953 -14.692789
v 12.430104 25.016827 -14.571493
v 12.425369 24.963589 -14.552114
v 12.415306 24.928652 -14.612761
v 12.430104 25.016827 -14.571493
v 12.571526 25.016827 -14.430072
v 12.552145 24.963589 -14.425337
v 12.425369 24.963589 -14.552114
v 12.571526 25.016827 -14.430072
v 12.692822 24.946953 -14.409946
v 12.612793 24.928652 -14.415275
v 12.552145 24.963589 -14.425337
v 12.636215 24.634453 -14.919025
v 12.919058 24.634453 -14.636183
v 12.864323 24.581215 -14.666803
v 12.666835 24.581215 -14.864290
v 12.919058 24.634453 -14.636183
v 12.898932 24.564579 -14.757479
v 12.854259 24.546280 -14.727451
v 12.864323 24.581215 -14.666803
v 12.898932 24.564579 -14.757479
v 12.757511 24.564579 -14.898900
v 12.727483 24.546280 -14.854228
v 12.854259 24.546280 -14.727451
v 12.757511 24.564579 -14.898900
v 12.636215 24.634453 -14.919025
v 12.666835 24.581215 -14.864290
v 12.727483 24.546280 -14.854228
v 13.145294 24.321953 -14.862419
v 12.862452 24.321953 -15.145262
v 12.867779 24.303652 -15.065234
v 13.065266 24.303652 -14.867746
v 12.862452 24.321953 -15.145262
v 12.882577 24.391827 -15.023966
v 12.877842 24.338589 -15.004586
v 12.867779 24.303652 -15.065234
v 12.882577 24.391827 -15.023966
v 13.023998 24.391827 -14.882545
v 13.004618 24.338589 -14.877810
v 12.877842 24.338589 -15.004586
v 13.023998 24.391827 -14.882545
v 13.145294 24.321953 -14.862419
v 13.065266 24.303652 -14.867746
v 13.004618 24.338589 -14.877810
v 13.088688 24.009453 -15.371498
v 13.371531 24.009453 -15.088655
v 13.316795 23.956215 -15.119276
v 13.119308 23.956215 -15.316763
v 13.371531 24.009453 -15.088655
v 13.351405 23.939579 -15.209951
v 13.306732 23.921280 -15.179924
v 13.316795 23.956215 -15.119276
v 13.351405 23.939579 -15.209951
v 13.209984 23.939579 -15.351373
v 13.179955 23.921280 -15.306700
v 13.306732 23.921280 -15.179924
v 13.209984 23.939579 -15.351373
v 13.088688 24.009453 -15.371498
v 13.119308 23.956215 -15.316763
v 13.179955 23.921280 -15.306700
v 13.597767 23.696953 -15.314892
v 13.314924 23.696953 -15.597734
v 13.320251 23.678652 -15.517707
v 13.517738 23.678652 -15.320219
v 13.314924 23.696953 -15.597734
v 13.335050 23.766827 -15.476439
v 13.330315 23.713589 -15.457059
v 13.320251 23.678652 -15.517707
v 13.335050 23.766827 -15.476439
v 13.476471 23.766827 -15.335017
v 13.457091 23.713589 -15.330282
v 13.330315 23.713589 -15.457059
v 13.476471 23.766827 -15.335017
v 13.597767 23.696953 -15.314892
v 13.517738 23.678652 -15.320219
v 13.457091 23.713589 -15.330282
v 11.731270 25.884453 -14.014081
v 12.014112 25.884453 -13.731238
v 11.959376 25.831215 -13.761858
v 11.761889 25.831215 -13.959346
v 12.014112 25.884453 -13.731238
v 11.993986 25.814579 -13.852533
v 11.949314 25.796280 -13.822506
v 11.959376 25.831215 -13.761858
v 11.993986 25.814579 -13.852533
v 11.852565 25.814579 -13.993956
v 11.822537 25.796280 -13.949283
v 11.949314 25.796280 -13.822506
v 11.852565 25.814579 -13.993956
v 11.731270 25.884453 -14.014081
v 11.761889 25.831215 -13.959346
v 11.822537 25.796280 -13.949283
v 12.240349 25.571953 -13.957475
v 11.957506 25.571953 -14.240317
v 11.962833 25.553652 -14.160289
v 12.160320 25.553652 -13.962802
v 11.957506 25.571953 -14.240317
v 11.977632 25.641827 -14.119021
v 11.972896 25.588589 -14.099642
v 11.962833 25.553652 -14.160289
v 11.977632 25.641827 -14.119021
v 12.119053 25.641827 -13.977600
v 12.099672 25.588589 -13.972864
v 11.972896 25.588589 -14.099642
v 12.119053 25.641827 -13.977600
v 12.240349 25.571953 -13.957475
v 12.160320 25.553652 -13.962802
v 12.099672 25.588589 -13.972864
v 12.671759 13.999994 -14.035328
v 12.671759 16.207102 -14.035329
v 12.494983 16.103548 -13.858552
v 12.494983 13.999994 -13.858551
v 13.449576 15.792888 -14.813146
v 13.449576 13.999994 -14.813146
v 13.626353 13.999994 -14.989922
v 13.626353 15.896441 -14.989923
v 12.035363 16.207100 -14.671724
v 12.035363 13.999994 -14.671724
v 11.858586 13.999994 -14.494947
v 11.858586 16.103548 -14.494948
v 12.813181 13.999994 -15.449541
v 12.813181 15.792888 -15.449542
v 12.989957 15.896441 -15.626318
v 12.989957 13.999994 -15.626318
v 13.449576 13.499994 -14.813145
v 12.671759 13.499994 -14.035328
v 12.494983 13.249994 -13.858551
v 13.626353 13.249994 -14.989922
v 12.035363 13.499994 -14.671724
v 12.813181 13.499994 -15.449541
v 12.989957 13.249994 -15.626318
v 11.858586 13.249994 -14.494947
v 12.318206 16.707102 -13.681776
v 12.141429 16.603548 -13.504999
v 11.681809 16.707100 -14.318172
v 12.035363 16.207100 -14.671724
v 11.858586 16.103548 -14.494948
v 11.505033 16.603548 -14.141395
v 12.813181 15.792888 -15.449542
v 12.459627 16.292887 -15.095988
v 12.636404 16.396441 -15.272765
v 12.989957 15.896441 -15.626318
v 13.096024 16.292889 -14.459593
v 13.272799 16.396441 -14.636370
v 13.096024 22.664093 -14.459595
v 13.272799 22.664093 -14.636372
v 12.318206 22.664093 -13.681777
v 12.141429 22.664093 -13.505001
v 11.681809 22.664093 -14.318173
v 11.681809 16.707100 -14.318172
v 11.505033 16.603548 -14.141395
v 11.505033 22.664093 -14.141397
v 12.459627 16.292887 -15.095988
v 12.459627 22.664093 -15.095990
v 12.636404 22.664093 -15.272767
v 12.636404 16.396441 -15.272765
v 12.318206 24.333326 -13.681778
v 13.096024 23.285709 -14.459595
v 13.272799 23.392851 -14.636372
v 12.141429 24.916660 -13.505001
v 12.459627 23.285709 -15.095991
v 11.681809 24.333326 -14.318174
v 11.505033 24.916660 -14.141397
v 12.636404 23.392851 -15.272767
v 12.318206 22.664093 -13.681777
v 12.318206 24.333326 -13.681778
v 12.141429 24.916660 -13.505001
v 12.141429 22.664093 -13.505001
v 11.681809 24.333326 -14.318174
v 11.681809 22.664093 -14.318173
v 11.505033 22.664093 -14.141397
v 11.505033 24.916660 -14.141397
v 12.459627 23.285709 -15.095991
v 12.636404 23.392851 -15.272767
v 13.096024 23.285709 -14.459595
v 13.096024 22.664093 -14.459595
v 13.272799 22.664093 -14.636372
v 13.272799 23.392851 -14.636372
v 13.626353 9.999994 -15.343474
v 12.141429 9.999994 -13.858550
v 11.858586 9.999994 -14.141393
v 13.343511 9.999994 -15.626317
v 13.626353 10.249994 -14.989921
v 12.494983 10.249995 -13.858550
v 12.141429 9.999994 -13.858550
v 13.626353 9.999994 -15.343474
v 11.858586 10.249994 -14.494946
v 12.989957 10.249994 -15.626317
v 13.343511 9.999994 -15.626317
v 11.858586 9.999994 -14.141393
v 13.626353 12.999994 -15.343475
v 13.626353 13.249994 -14.989922
v 13.626353 10.249994 -14.989921
v 13.626353 9.999994 -15.343474
v 13.626353 13.249994 -14.989922
v 12.494983 13.249994 -13.858551
v 12.494983 10.249995 -13.858550
v 13.626353 10.249994 -14.989921
v 12.989957 13.249994 -15.626318
v 13.343511 12.999994 -15.626318
v 13.343511 9.999994 -15.626317
v 12.989957 10.249994 -15.626317
v 12.494983 13.249994 -13.858551
v 12.141429 12.999994 -13.858551
v 12.141429 9.999994 -13.858550
v 12.494983 10.249995 -13.858550
v 13.343511 12.999994 -15.626318
v 13.626353 12.999994 -15.343475
v 13.626353 9.999994 -15.343474
v 13.343511 9.999994 -15.626317
v -11.671761 13.999994 -15.035329
v -11.671761 16.207100 -15.035330
v -12.449577 15.792887 -15.813148
v -12.449577 13.999994 -15.813147
v -11.035364 13.999994 -15.671724
v -11.813183 13.999994 -16.449543
v -11.813183 15.792887 -16.449543
v -11.035364 16.207100 -15.671725
v -10.858587 15.999994 -15.141396
v -10.505035 16.499994 -14.787843
v -10.787876 16.499994 -14.505000
v -11.141430 15.999994 -14.858553
v -12.626354 15.999993 -16.343475
v -12.343512 15.999993 -16.626320
v -12.343512 13.999993 -16.626320
v -12.626354 13.999994 -16.343475
v -12.343512 12.999993 -16.626320
v -12.626354 12.999994 -16.343475
v -11.141430 13.999994 -14.858552
v -10.858587 13.999994 -15.141395
v -10.858587 15.999994 -15.141396
v -11.141430 15.999994 -14.858553
v -11.141430 12.999994 -14.858552
v -11.141430 9.999994 -14.858551
v -10.858587 9.999994 -15.141394
v -10.858587 12.999994 -15.141395
v -11.035364 13.999994 -15.671724
v -11.035364 13.499994 -15.671724
v -11.813183 13.499993 -16.449543
v -11.813183 13.999994 -16.449543
v -12.449577 13.999994 -15.813147
v -12.449577 13.499994 -15.813147
v -11.671761 13.499994 -15.035329
v -11.671761 13.999994 -15.035329
v -11.141430 12.999994 -14.858552
v -10.858587 12.999994 -15.141395
v -11.318207 16.707100 -14.681776
v -11.318207 22.664093 -14.681778
v -12.096024 22.664093 -15.459596
v -12.096024 16.292887 -15.459594
v -11.813183 15.792887 -16.449543
v -11.459629 16.292887 -16.095989
v -10.681810 16.707100 -15.318172
v -11.035364 16.207100 -15.671725
v -11.671761 16.207100 -15.035330
v -11.318207 16.707100 -14.681776
v -12.096024 16.292887 -15.459594
v -12.449577 15.792887 -15.813148
v -12.626354 15.999993 -16.343475
v -12.272800 16.499994 -15.989924
v -11.989960 16.499994 -16.272766
v -12.343512 15.999993 -16.626320
v -10.505035 22.664093 -14.787845
v -10.505035 25.499992 -14.787846
v -10.787876 25.499994 -14.505003
v -10.787876 22.664093 -14.505002
v -10.505035 16.499994 -14.787843
v -10.787876 16.499994 -14.505000
v -12.272800 16.499994 -15.989924
v -12.272800 22.664093 -15.989926
v -11.989960 22.664093 -16.272770
v -11.989960 16.499994 -16.272766
v -12.414223 23.542850 -15.989926
v -12.597767 23.654840 -16.173470
v -12.597767 22.926991 -16.173470
v -12.414223 22.815746 -15.989926
v -10.929298 25.542850 -14.505003
v -10.929298 25.959496 -14.505003
v -12.597767 23.654840 -16.173470
v -12.414223 23.542850 -15.989926
v -10.767752 26.127081 -14.626298
v -10.626329 26.127079 -14.767720
v -10.751396 25.954327 -14.892787
v -10.892818 25.954327 -14.751365
v -12.597769 22.861053 -16.314892
v -12.597769 23.696953 -16.314892
v -12.314926 23.696953 -16.597736
v -12.314926 22.861052 -16.597736
v -12.272800 22.664093 -15.989926
v -12.597769 22.861053 -16.314892
v -12.314926 22.861052 -16.597736
v -11.989960 22.664093 -16.272770
v -10.505035 26.196953 -14.787846
v -10.787876 26.196953 -14.505003
v -11.989960 23.542850 -16.414190
v -12.173504 23.654839 -16.597734
v -10.505035 25.959496 -14.929267
v -10.505035 25.542850 -14.929267
v -11.989960 22.815746 -16.414190
v -12.173504 22.926991 -16.597734
v -12.173504 23.654839 -16.597734
v -11.989960 23.542850 -16.414190
v -11.494984 13.999994 -14.858552
v -11.141430 13.999994 -14.858552
v -11.141430 15.999994 -14.858553
v -11.494984 16.103548 -14.858553
v -12.626354 15.896441 -15.989924
v -12.626354 15.999993 -16.343475
v -12.626354 13.999994 -16.343475
v -12.626354 13.999994 -15.989923
v -10.858587 16.103548 -15.494948
v -10.858587 15.999994 -15.141396
v -10.858587 13.999994 -15.141395
v -10.858587 13.999994 -15.494947
v -11.989960 13.999993 -16.626320
v -12.343512 13.999993 -16.626320
v -12.343512 15.999993 -16.626320
v -11.989960 15.896441 -16.626320
v -10.858587 12.999994 -15.141395
v -10.858587 9.999994 -15.141394
v -10.858587 10.249994 -15.494946
v -10.858587 13.249994 -15.494947
v -10.858587 13.249994 -15.494947
v -10.858587 10.249994 -15.494946
v -11.989960 10.249994 -16.626318
v -11.989960 13.249993 -16.626320
v -12.626354 13.999994 -15.989923
v -12.626354 13.999994 -16.343475
v -12.626354 12.999994 -16.343475
v -12.626354 13.249994 -15.989923
v -11.989960 13.249993 -16.626320
v -12.343512 12.999993 -16.626320
v -12.343512 13.999993 -16.626320
v -11.989960 13.999993 -16.626320
v -10.858587 13.999994 -15.494947
v -10.858587 13.999994 -15.141395
v -10.858587 12.999994 -15.141395
v -10.858587 13.249994 -15.494947
v -11.494984 13.249994 -14.858552
v -11.141430 12.999994 -14.858552
v -11.141430 13.999994 -14.858552
v -11.494984 13.999994 -14.858552
v -11.494984 16.103548 -14.858553
v -11.141430 15.999994 -14.858553
v -10.787876 16.499994 -14.505000
v -11.141430 16.603548 -14.505000
v -10.505035 16.603548 -15.141396
v -10.505035 16.499994 -14.787843
v -10.858587 15.999994 -15.141396
v -10.858587 16.103548 -15.494948
v -11.989960 15.896441 -16.626320
v -12.343512 15.999993 -16.626320
v -11.989960 16.499994 -16.272766
v -11.636406 16.396441 -16.272766
v -12.272800 16.396441 -15.636371
v -12.272800 16.499994 -15.989924
v -12.626354 15.999993 -16.343475
v -12.626354 15.896441 -15.989924
v -12.272800 22.664093 -15.636373
v -12.272800 22.664093 -15.989926
v -12.272800 16.499994 -15.989924
v -12.272800 16.396441 -15.636371
v -11.141430 16.603548 -14.505000
v -10.787876 16.499994 -14.505000
v -10.787876 22.664093 -14.505002
v -11.141430 22.664093 -14.505002
v -10.505035 22.664093 -15.141397
v -10.505035 22.664093 -14.787845
v -10.505035 16.499994 -14.787843
v -10.505035 16.603548 -15.141396
v -11.636406 16.396441 -16.272766
v -11.989960 16.499994 -16.272766
v -11.989960 22.664093 -16.272770
v -11.636406 22.664093 -16.272768
v -11.141430 24.916660 -14.505003
v -10.787876 25.499994 -14.505003
v -12.272800 23.499992 -15.989926
v -12.272800 23.392851 -15.636373
v -11.636406 23.392849 -16.272768
v -11.989960 23.499992 -16.272770
v -10.505035 25.499992 -14.787846
v -10.505035 24.916660 -15.141398
v -11.141430 22.664093 -14.505002
v -10.787876 22.664093 -14.505002
v -10.787876 25.499994 -14.505003
v -11.141430 24.916660 -14.505003
v -10.505035 24.916660 -15.141398
v -10.505035 25.499992 -14.787846
v -10.505035 22.664093 -14.787845
v -10.505035 22.664093 -15.141397
v -11.636406 22.664093 -16.272768
v -11.989960 22.664093 -16.272770
v -11.989960 23.499992 -16.272770
v -11.636406 23.392849 -16.272768
v -12.272800 23.392851 -15.636373
v -12.272800 23.499992 -15.989926
v -12.272800 22.664093 -15.989926
v -12.272800 22.664093 -15.636373
v -12.414223 23.542850 -15.989926
v -12.272800 23.499992 -15.989926
v -10.787876 25.499994 -14.505003
v -10.929298 25.542850 -14.505003
v -10.505035 25.542850 -14.929267
v -10.505035 25.499992 -14.787846
v -11.989960 23.499992 -16.272770
v -11.989960 23.542850 -16.414190
v -11.989960 23.542850 -16.414190
v -11.989960 23.499992 -16.272770
v -11.989960 22.664093 -16.272770
v -11.989960 22.815746 -16.414190
v -12.414223 22.815746 -15.989926
v -12.272800 22.664093 -15.989926
v -12.272800 23.499992 -15.989926
v -12.414223 23.542850 -15.989926
v -12.173504 22.926991 -16.597734
v -12.314926 22.861052 -16.597736
v -12.314926 23.696953 -16.597736
v -12.173504 23.654839 -16.597734
v -12.597767 23.654840 -16.173470
v -12.597769 23.696953 -16.314892
v -12.597769 22.861053 -16.314892
v -12.597767 22.926991 -16.173470
v -10.929298 25.542850 -14.505003
v -10.787876 25.499994 -14.505003
v -10.787876 26.196953 -14.505003
v -10.929298 25.959496 -14.505003
v -12.597767 22.926991 -16.173470
v -12.597769 22.861053 -16.314892
v -12.272800 22.664093 -15.989926
v -12.414223 22.815746 -15.989926
v -11.989960 22.815746 -16.414190
v -11.989960 22.664093 -16.272770
v -12.314926 22.861052 -16.597736
v -12.173504 22.926991 -16.597734
v -10.505035 25.959496 -14.929267
v -10.505035 26.196953 -14.787846
v -10.505035 25.499992 -14.787846
v -10.505035 25.542850 -14.929267
v -11.078802 25.502079 -15.220193
v -11.203869 25.329325 -15.345260
v -11.345291 25.329327 -15.203837
v -11.220224 25.502079 -15.078771
v -11.531277 24.877079 -15.672665
v -11.656342 24.704325 -15.797730
v -11.797764 24.704327 -15.656309
v -11.672697 24.877079 -15.531243
v -11.983749 24.252079 -16.125137
v -12.108814 24.079325 -16.250202
v -12.250237 24.079327 -16.108782
v -12.125172 24.252079 -15.983717
v -11.305038 25.189579 -15.446429
v -11.430105 25.016825 -15.571496
v -11.571527 25.016827 -15.430074
v -11.446461 25.189579 -15.305007
v -11.757511 24.564579 -15.898901
v -11.882578 24.391825 -16.023968
v -12.023998 24.391827 -15.882545
v -11.898933 24.564579 -15.757480
v -12.209986 23.939579 -16.351374
v -12.335052 23.766825 -16.476440
v -12.476473 23.766827 -16.335018
v -12.351406 23.939579 -16.209953
v -10.852566 25.814579 -14.993958
v -10.977631 25.641825 -15.119022
v -11.119053 25.641827 -14.977600
v -10.993988 25.814581 -14.852535
v -10.787876 26.196953 -14.505003
v -10.767752 26.127081 -14.626298
v -10.892818 25.954327 -14.751365
v -11.014114 25.884453 -14.731239
v -10.934086 25.866154 -14.736567
v -10.873436 25.901089 -14.746629
v -10.746662 25.901089 -14.873405
v -10.736599 25.866152 -14.934053
v -10.731270 25.884453 -15.014082
v -10.751396 25.954327 -14.892787
v -10.626329 26.127079 -14.767720
v -10.505035 26.196953 -14.787846
v -10.535656 26.143715 -14.733110
v -10.596302 26.108780 -14.723047
v -10.723080 26.108780 -14.596271
v -10.733143 26.143715 -14.535624
v -10.988127 25.518715 -15.185582
v -11.048775 25.483778 -15.175520
v -11.175552 25.483780 -15.048743
v -11.185614 25.518715 -14.988095
v -11.240349 25.571953 -14.957476
v -11.220224 25.502079 -15.078771
v -11.345291 25.329327 -15.203837
v -11.466585 25.259453 -15.183711
v -11.386559 25.241152 -15.189040
v -11.325909 25.276089 -15.199101
v -11.199135 25.276087 -15.325878
v -11.189072 25.241150 -15.386527
v -11.183743 25.259453 -15.466554
v -11.203869 25.329325 -15.345260
v -11.078802 25.502079 -15.220193
v -10.957508 25.571953 -15.240318
v -11.440599 24.893715 -15.638055
v -11.501247 24.858778 -15.627993
v -11.628025 24.858780 -15.501216
v -11.638086 24.893715 -15.440568
v -11.692823 24.946953 -15.409949
v -11.672697 24.877079 -15.531243
v -11.797764 24.704327 -15.656309
v -11.919060 24.634453 -15.636185
v -11.839031 24.616152 -15.641512
v -11.778381 24.651089 -15.651574
v -11.651608 24.651087 -15.778351
v -11.641544 24.616150 -15.838999
v -11.636215 24.634453 -15.919027
v -11.656342 24.704325 -15.797730
v -11.531277 24.877079 -15.672665
v -11.409981 24.946953 -15.692792
v -11.893074 24.268715 -16.090528
v -11.953720 24.233778 -16.080465
v -12.080498 24.233780 -15.953689
v -12.090561 24.268715 -15.893042
v -12.145294 24.321953 -15.862421
v -12.125172 24.252079 -15.983717
v -12.250237 24.079327 -16.108782
v -12.371532 24.009453 -16.088655
v -12.291504 23.991152 -16.093985
v -12.230856 24.026089 -16.104046
v -12.104080 24.026087 -16.230824
v -12.094017 23.991150 -16.291471
v -12.088688 24.009453 -16.371498
v -12.108814 24.079325 -16.250202
v -11.983749 24.252079 -16.125137
v -11.862453 24.321953 -16.145264
v -11.214363 25.206215 -15.411819
v -11.275013 25.171278 -15.401756
v -11.401787 25.171280 -15.274980
v -11.411850 25.206215 -15.214333
v -11.466585 25.259453 -15.183711
v -11.446461 25.189579 -15.305007
v -11.571527 25.016827 -15.430074
v -11.692823 24.946953 -15.409949
v -11.612793 24.928652 -15.415276
v -11.552147 24.963589 -15.425339
v -11.425371 24.963587 -15.552115
v -11.415306 24.928650 -15.612762
v -11.409981 24.946953 -15.692792
v -11.430105 25.016825 -15.571496
v -11.305038 25.189579 -15.446429
v -11.183743 25.259453 -15.466554
v -11.666836 24.581215 -15.864292
v -11.727486 24.546278 -15.854229
v -11.854259 24.546280 -15.727452
v -11.864323 24.581215 -15.666805
v -11.919060 24.634453 -15.636185
v -11.898933 24.564579 -15.757480
v -12.023998 24.391827 -15.882545
v -12.145294 24.321953 -15.862421
v -12.065266 24.303652 -15.867748
v -12.004620 24.338589 -15.877810
v -11.877842 24.338587 -16.004587
v -11.867779 24.303650 -16.065235
v -11.862453 24.321953 -16.145264
v -11.882578 24.391825 -16.023968
v -11.757511 24.564579 -15.898901
v -11.636215 24.634453 -15.919027
v -12.119308 23.956215 -16.316765
v -12.179958 23.921278 -16.306702
v -12.306734 23.921280 -16.179924
v -12.316795 23.956215 -16.119278
v -12.371532 24.009453 -16.088655
v -12.351406 23.939579 -16.209953
v -12.476473 23.766827 -16.335018
v -12.597769 23.696953 -16.314892
v -12.517740 23.678652 -16.320221
v -12.457092 23.713589 -16.330284
v -12.330315 23.713587 -16.457058
v -12.320253 23.678650 -16.517708
v -12.314926 23.696953 -16.597736
v -12.335052 23.766825 -16.476440
v -12.209986 23.939579 -16.351374
v -12.088688 24.009453 -16.371498
v -10.761890 25.831215 -14.959347
v -10.822540 25.796280 -14.949284
v -10.949314 25.796280 -14.822507
v -10.959377 25.831215 -14.761860
v -11.014114 25.884453 -14.731239
v -10.993988 25.814581 -14.852535
v -11.119053 25.641827 -14.977600
v -11.240349 25.571953 -14.957476
v -11.160322 25.553652 -14.962804
v -11.099674 25.588589 -14.972865
v -10.972897 25.588587 -15.099642
v -10.962835 25.553650 -15.160291
v -10.957508 25.571953 -15.240318
v -10.977631 25.641825 -15.119022
v -10.852566 25.814579 -14.993958
v -10.731270 25.884453 -15.014082
v -11.014114 25.884453 -14.731239
v -10.934086 25.866154 -14.736567
v -10.736599 25.866152 -14.934053
v -10.731270 25.884453 -15.014082
v -10.731270 25.884453 -15.014082
v -10.736599 25.866152 -14.934053
v -10.746662 25.901089 -14.873405
v -10.751396 25.954327 -14.892787
v -10.751396 25.954327 -14.892787
v -10.746662 25.901089 -14.873405
v -10.873436 25.901089 -14.746629
v -10.892818 25.954327 -14.751365
v -10.892818 25.954327 -14.751365
v -10.873436 25.901089 -14.746629
v -10.934086 25.866154 -14.736567
v -11.014114 25.884453 -14.731239
v -10.505035 26.196953 -14.787846
v -10.535656 26.143715 -14.733110
v -10.733143 26.143715 -14.535624
v -10.787876 26.196953 -14.505003
v -10.787876 26.196953 -14.505003
v -10.733143 26.143715 -14.535624
v -10.723080 26.108780 -14.596271
v -10.767752 26.127081 -14.626298
v -10.767752 26.127081 -14.626298
v -10.723080 26.108780 -14.596271
v -10.596302 26.108780 -14.723047
v -10.626329 26.127079 -14.767720
v -10.626329 26.127079 -14.767720
v -10.596302 26.108780 -14.723047
v -10.535656 26.143715 -14.733110
v -10.505035 26.196953 -14.787846
v -10.957508 25.571953 -15.240318
v -10.988127 25.518715 -15.185582
v -11.185614 25.518715 -14.988095
v -11.240349 25.571953 -14.957476
v -11.240349 25.571953 -14.957476
v -11.185614 25.518715 -14.988095
v -11.175552 25.483780 -15.048743
v -11.220224 25.502079 -15.078771
v -11.220224 25.502079 -15.078771
v -11.175552 25.483780 -15.048743
v -11.048775 25.483778 -15.175520
v -11.078802 25.502079 -15.220193
v -11.078802 25.502079 -15.220193
v -11.048775 25.483778 -15.175520
v -10.988127 25.518715 -15.185582
v -10.957508 25.571953 -15.240318
v -11.466585 25.259453 -15.183711
v -11.386559 25.241152 -15.189040
v -11.189072 25.241150 -15.386527
v -11.183743 25.259453 -15.466554
v -11.183743 25.259453 -15.466554
v -11.189072 25.241150 -15.386527
v -11.199135 25.276087 -15.325878
v -11.203869 25.329325 -15.345260
v -11.203869 25.329325 -15.345260
v -11.199135 25.276087 -15.325878
v -11.325909 25.276089 -15.199101
v -11.345291 25.329327 -15.203837
v -11.345291 25.329327 -15.203837
v -11.325909 25.276089 -15.199101
v -11.386559 25.241152 -15.189040
v -11.466585 25.259453 -15.183711
v -11.409981 24.946953 -15.692792
v -11.440599 24.893715 -15.638055
v -11.638086 24.893715 -15.440568
v -11.692823 24.946953 -15.409949
v -11.692823 24.946953 -15.409949
v -11.638086 24.893715 -15.440568
v -11.628025 24.858780 -15.501216
v -11.672697 24.877079 -15.531243
v -11.672697 24.877079 -15.531243
v -11.628025 24.858780 -15.501216
v -11.501247 24.858778 -15.627993
v -11.531277 24.877079 -15.672665
v -11.531277 24.877079 -15.672665
v -11.501247 24.858778 -15.627993
v -11.440599 24.893715 -15.638055
v -11.409981 24.946953 -15.692792
v -11.919060 24.634453 -15.636185
v -11.839031 24.616152 -15.641512
v -11.641544 24.616150 -15.838999
v -11.636215 24.634453 -15.919027
v -11.636215 24.634453 -15.919027
v -11.641544 24.616150 -15.838999
v -11.651608 24.651087 -15.778351
v -11.656342 24.704325 -15.797730
v -11.656342 24.704325 -15.797730
v -11.651608 24.651087 -15.778351
v -11.778381 24.651089 -15.651574
v -11.797764 24.704327 -15.656309
v -11.797764 24.704327 -15.656309
v -11.778381 24.651089 -15.651574
v -11.839031 24.616152 -15.641512
v -11.919060 24.634453 -15.636185
v -11.862453 24.321953 -16.145264
v -11.893074 24.268715 -16.090528
v -12.090561 24.268715 -15.893042
v -12.145294 24.321953 -15.862421
v -12.145294 24.321953 -15.862421
v -12.090561 24.268715 -15.893042
v -12.080498 24.233780 -15.953689
v -12.125172 24.252079 -15.983717
v -12.125172 24.252079 -15.983717
v -12.080498 24.233780 -15.953689
v -11.953720 24.233778 -16.080465
v -11.983749 24.252079 -16.125137
v -11.983749 24.252079 -16.125137
v -11.953720 24.233778 -16.080465
v -11.893074 24.268715 -16.090528
v -11.862453 24.321953 -16.145264
v -12.371532 24.009453 -16.088655
v -12.291504 23.991152 -16.093985
v -12.094017 23.991150 -16.291471
v -12.088688 24.009453 -16.371498
v -12.088688 24.009453 -16.371498
v -12.094017 23.991150 -16.291471
v -12.104080 24.026087 -16.230824
v -12.108814 24.079325 -16.250202
v -12.108814 24.079325 -16.250202
v -12.104080 24.026087 -16.230824
v -12.230856 24.026089 -16.104046
v -12.250237 24.079327 -16.108782
v -12.250237 24.079327 -16.108782
v -12.230856 24.026089 -16.104046
v -12.291504 23.991152 -16.093985
v -12.371532 24.009453 -16.088655
v -11.183743 25.259453 -15.466554
v -11.214363 25.206215 -15.411819
v -11.411850 25.206215 -15.214333
v -11.466585 25.259453 -15.183711
v -11.466585 25.259453 -15.183711
v -11.411850 25.206215 -15.214333
v -11.401787 25.171280 -15.274980
v -11.446461 25.189579 -15.305007
v -11.446461 25.189579 -15.305007
v -11.401787 25.171280 -15.274980
v -11.275013 25.171278 -15.401756
v -11.305038 25.189579 -15.446429
v -11.305038 25.189579 -15.446429
v -11.275013 25.171278 -15.401756
v -11.214363 25.206215 -15.411819
v -11.183743 25.259453 -15.466554
v -11.692823 24.946953 -15.409949
v -11.612793 24.928652 -15.415276
v -11.415306 24.928650 -15.612762
v -11.409981 24.946953 -15.692792
v -11.409981 24.946953 -15.692792
v -11.415306 24.928650 -15.612762
v -11.425371 24.963587 -15.552115
v -11.430105 25.016825 -15.571496
v -11.430105 25.016825 -15.571496
v -11.425371 24.963587 -15.552115
v -11.552147 24.963589 -15.425339
v -11.571527 25.016827 -15.430074
v -11.571527 25.016827 -15.430074
v -11.552147 24.963589 -15.425339
v -11.612793 24.928652 -15.415276
v -11.692823 24.946953 -15.409949
v -11.636215 24.634453 -15.919027
v -11.666836 24.581215 -15.864292
v -11.864323 24.581215 -15.666805
v -11.919060 24.634453 -15.636185
v -11.919060 24.634453 -15.636185
v -11.864323 24.581215 -15.666805
v -11.854259 24.546280 -15.727452
v -11.898933 24.564579 -15.757480
v -11.898933 24.564579 -15.757480
v -11.854259 24.546280 -15.727452
v -11.727486 24.546278 -15.854229
v -11.757511 24.564579 -15.898901
v -11.757511 24.564579 -15.898901
v -11.727486 24.546278 -15.854229
v -11.666836 24.581215 -15.864292
v -11.636215 24.634453 -15.919027
v -12.145294 24.321953 -15.862421
v -12.065266 24.303652 -15.867748
v -11.867779 24.303650 -16.065235
v -11.862453 24.321953 -16.145264
v -11.862453 24.321953 -16.145264
v -11.867779 24.303650 -16.065235
v -11.877842 24.338587 -16.004587
v -11.882578 24.391825 -16.023968
v -11.882578 24.391825 -16.023968
v -11.877842 24.338587 -16.004587
v -12.004620 24.338589 -15.877810
v -12.023998 24.391827 -15.882545
v -12.023998 24.391827 -15.882545
v -12.004620 24.338589 -15.877810
v -12.065266 24.303652 -15.867748
v -12.145294 24.321953 -15.862421
v -12.088688 24.009453 -16.371498
v -12.119308 23.956215 -16.316765
v -12.316795 23.956215 -16.119278
v -12.371532 24.009453 -16.088655
v -12.371532 24.009453 -16.088655
v -12.316795 23.956215 -16.119278
v -12.306734 23.921280 -16.179924
v -12.351406 23.939579 -16.209953
v -12.351406 23.939579 -16.209953
v -12.306734 23.921280 -16.179924
v -12.179958 23.921278 -16.306702
v -12.209986 23.939579 -16.351374
v -12.209986 23.939579 -16.351374
v -12.179958 23.921278 -16.306702
v -12.119308 23.956215 -16.316765
v -12.088688 24.009453 -16.371498
v -12.597769 23.696953 -16.314892
v -12.517740 23.678652 -16.320221
v -12.320253 23.678650 -16.517708
v -12.314926 23.696953 -16.597736
v -12.314926 23.696953 -16.597736
v -12.320253 23.678650 -16.517708
v -12.330315 23.713587 -16.457058
v -12.335052 23.766825 -16.476440
v -12.335052 23.766825 -16.476440
v -12.330315 23.713587 -16.457058
v -12.457092 23.713589 -16.330284
v -12.476473 23.766827 -16.335018
v -12.476473 23.766827 -16.335018
v -12.457092 23.713589 -16.330284
v -12.517740 23.678652 -16.320221
v -12.597769 23.696953 -16.314892
v -10.731270 25.884453 -15.014082
v -10.761890 25.831215 -14.959347
v -10.959377 25.831215 -14.761860
v -11.014114 25.884453 -14.731239
v -11.014114 25.884453 -14.731239
v -10.959377 25.831215 -14.761860
v -10.949314 25.796280 -14.822507
v -10.993988 25.814581 -14.852535
v -10.993988 25.814581 -14.852535
v -10.949314 25.796280 -14.822507
v -10.822540 25.796280 -14.949284
v -10.852566 25.814579 -14.993958
v -10.852566 25.814579 -14.993958
v -10.822540 25.796280 -14.949284
v -10.761890 25.831215 -14.959347
v -10.731270 25.884453 -15.014082
v -11.240349 25.571953 -14.957476
v -11.160322 25.553652 -14.962804
v -10.962835 25.553650 -15.160291
v -10.957508 25.571953 -15.240318
v -10.957508 25.571953 -15.240318
v -10.962835 25.553650 -15.160291
v -10.972897 25.588587 -15.099642
v -10.977631 25.641825 -15.119022
v -10.977631 25.641825 -15.119022
v -10.972897 25.588587 -15.099642
v -11.099674 25.588589 -14.972865
v -11.119053 25.641827 -14.977600
v -11.119053 25.641827 -14.977600
v -11.099674 25.588589 -14.972865
v -11.160322 25.553652 -14.962804
v -11.240349 25.571953 -14.957476
v -11.671761 13.999994 -15.035329
v -11.494984 13.999994 -14.858552
v -11.494984 16.103548 -14.858553
v -11.671761 16.207100 -15.035330
v -12.449577 15.792887 -15.813148
v -12.626354 15.896441 -15.989924
v -12.626354 13.999994 -15.989923
v -12.449577 13.999994 -15.813147
v -11.035364 16.207100 -15.671725
v -10.858587 16.103548 -15.494948
v -10.858587 13.999994 -15.494947
v -11.035364 13.999994 -15.671724
v -11.813183 13.999994 -16.449543
v -11.989960 13.999993 -16.626320
v -11.989960 15.896441 -16.626320
v -11.813183 15.792887 -16.449543
v -12.449577 13.499994 -15.813147
v -12.626354 13.249994 -15.989923
v -11.494984 13.249994 -14.858552
v -11.671761 13.499994 -15.035329
v -11.035364 13.499994 -15.671724
v -10.858587 13.249994 -15.494947
v -11.989960 13.249993 -16.626320
v -11.813183 13.499993 -16.449543
v -12.449577 13.999994 -15.813147
v -12.626354 13.999994 -15.989923
v -12.626354 13.249994 -15.989923
v -12.449577 13.499994 -15.813147
v -11.813183 13.499993 -16.449543
v -11.989960 13.249993 -16.626320
v -11.989960 13.999993 -16.626320
v -11.813183 13.999994 -16.449543
v -11.035364 13.999994 -15.671724
v -10.858587 13.999994 -15.494947
v -10.858587 13.249994 -15.494947
v -11.035364 13.499994 -15.671724
v -11.494984 13.999994 -14.858552
v -11.671761 13.999994 -15.035329
v -11.671761 16.207100 -15.035330
v -11.494984 16.103548 -14.858553
v -11.141430 16.603548 -14.505000
v -11.318207 16.707100 -14.681776
v -10.681810 16.707100 -15.318172
v -10.505035 16.603548 -15.141396
v -10.858587 16.103548 -15.494948
v -11.035364 16.207100 -15.671725
v -11.813183 15.792887 -16.449543
v -11.989960 15.896441 -16.626320
v -11.636406 16.396441 -16.272766
v -11.459629 16.292887 -16.095989
v -12.096024 16.292887 -15.459594
v -12.272800 16.396441 -15.636371
v -12.626354 15.896441 -15.989924
v -12.449577 15.792887 -15.813148
v -12.096024 22.664093 -15.459596
v -12.272800 22.664093 -15.636373
v -12.272800 16.396441 -15.636371
v -12.096024 16.292887 -15.459594
v -11.318207 16.707100 -14.681776
v -11.141430 16.603548 -14.505000
v -11.141430 22.664093 -14.505002
v -11.318207 22.664093 -14.681778
v -10.681810 22.664093 -15.318173
v -10.505035 22.664093 -15.141397
v -10.505035 16.603548 -15.141396
v -10.681810 16.707100 -15.318172
v -11.459629 16.292887 -16.095989
v -11.636406 16.396441 -16.272766
v -11.636406 22.664093 -16.272768
v -11.459629 22.664093 -16.095991
v -11.318207 24.333328 -14.681779
v -11.141430 24.916660 -14.505003
v -12.272800 23.392851 -15.636373
v -12.096024 23.285709 -15.459596
v -11.459629 23.285707 -16.095991
v -11.636406 23.392849 -16.272768
v -10.505035 24.916660 -15.141398
v -10.681810 24.333326 -15.318174
v -11.318207 22.664093 -14.681778
v -11.141430 22.664093 -14.505002
v -11.141430 24.916660 -14.505003
v -11.318207 24.333328 -14.681779
v -10.681810 24.333326 -15.318174
v -10.505035 24.916660 -15.141398
v -10.505035 22.664093 -15.141397
v -10.681810 22.664093 -15.318173
v -11.459629 22.664093 -16.095991
v -11.636406 22.664093 -16.272768
v -11.636406 23.392849 -16.272768
v -11.459629 23.285707 -16.095991
v -12.096024 23.285709 -15.459596
v -12.272800 23.392851 -15.636373
v -12.272800 22.664093 -15.636373
v -12.096024 22.664093 -15.459596
v -12.626354 9.999994 -16.343475
v -12.343512 9.999994 -16.626318
v -10.858587 9.999994 -15.141394
v -11.141430 9.999994 -14.858551
v -12.626354 10.249994 -15.989923
v -12.626354 9.999994 -16.343475
v -11.141430 9.999994 -14.858551
v -11.494984 10.249994 -14.858551
v -10.858587 10.249994 -15.494946
v -10.858587 9.999994 -15.141394
v -12.343512 9.999994 -16.626318
v -11.989960 10.249994 -16.626318
v -12.626354 12.999994 -16.343475
v -12.626354 9.999994 -16.343475
v -12.626354 10.249994 -15.989923
v -12.626354 13.249994 -15.989923
v -12.626354 13.249994 -15.989923
v -12.626354 10.249994 -15.989923
v -11.494984 10.249994 -14.858551
v -11.494984 13.249994 -14.858552
v -11.989960 13.249993 -16.626320
v -11.989960 10.249994 -16.626318
v -12.343512 9.999994 -16.626318
v -12.343512 12.999993 -16.626320
v -11.494984 13.249994 -14.858552
v -11.494984 10.249994 -14.858551
v -11.141430 9.999994 -14.858551
v -11.141430 12.999994 -14.858552
v -12.343512 12.999993 -16.626320
v -12.343512 9.999994 -16.626318
v -12.626354 9.999994 -16.343475
v -12.626354 12.999994 -16.343475
v -10.671761 13.999994 -16.035328
v -10.671761 16.207100 -16.035330
v -11.449577 15.792887 -16.813148
v -11.449577 13.999993 -16.813147
v -10.035364 13.999993 -16.671726
v -10.813183 13.999993 -17.449543
v -10.813183 15.792887 -17.449543
v -10.035364 16.207100 -16.671726
v -9.858587 15.999994 -16.141396
v -9.505035 16.499994 -15.787843
v -9.787876 16.499994 -15.505000
v -10.141430 15.999994 -15.858552
v -11.626354 15.999993 -17.343475
v -11.343513 15.999993 -17.626320
v -11.343513 13.999993 -17.626318
v -11.626354 13.999993 -17.343475
v -11.343513 12.999993 -17.626318
v -11.626354 12.999993 -17.343475
v -10.141430 13.999994 -15.858551
v -9.858587 13.999994 -16.141396
v -9.858587 15.999994 -16.141396
v -10.141430 15.999994 -15.858552
v -10.141430 12.999994 -15.858551
v -10.141430 9.999994 -15.858550
v -9.858587 9.999994 -16.141394
v -9.858587 12.999994 -16.141396
v -10.035364 13.999993 -16.671726
v -10.035364 13.499993 -16.671726
v -10.813183 13.499993 -17.449543
v -10.813183 13.999993 -17.449543
v -11.449577 13.999993 -16.813147
v -11.449577 13.499993 -16.813147
v -10.671761 13.499994 -16.035328
v -10.671761 13.999994 -16.035328
v -10.141430 12.999994 -15.858551
v -9.858587 12.999994 -16.141396
v -10.318207 16.707100 -15.681776
v -11.096024 16.292887 -16.459595
v -10.813183 15.792887 -17.449543
v -10.459629 16.292887 -17.095989
v -9.681810 16.707100 -16.318172
v -10.035364 16.207100 -16.671726
v -10.671761 16.207100 -16.035330
v -11.449577 15.792887 -16.813148
v -11.626354 15.999993 -17.343475
v -11.272800 16.499994 -16.989923
v -10.989960 16.499994 -17.272766
v -11.343513 15.999993 -17.626320
v -9.505035 22.664093 -15.787845
v -9.505035 25.499992 -15.787846
v -9.787876 25.499992 -15.505003
v -9.787876 22.664093 -15.505002
v -9.505035 16.499994 -15.787843
v -9.787876 16.499994 -15.505000
v -10.459629 16.292887 -17.095989
v -10.459629 22.664093 -17.095993
v -9.681810 22.664093 -16.318174
v -9.681810 16.707100 -16.318172
v -11.272800 16.499994 -16.989923
v -11.272800 22.664093 -16.989925
v -10.989960 22.664093 -17.272770
v -10.989960 16.499994 -17.272766
v -11.414223 23.542850 -16.989925
v -11.597767 23.654839 -17.173470
v -11.597767 22.926991 -17.173470
v -11.414223 22.815746 -16.989925
v -9.929298 25.542850 -15.505003
v -9.929298 25.959496 -15.505003
v -11.597767 23.654839 -17.173470
v -11.414223 23.542850 -16.989925
v -9.767752 26.127079 -15.626298
v -9.626331 26.127079 -15.767719
v -9.751396 25.954327 -15.892786
v -9.892818 25.954327 -15.751365
v -11.597767 22.861052 -17.314892
v -11.597767 23.696953 -17.314892
v -11.314926 23.696953 -17.597734
v -11.314926 22.861052 -17.597734
v -11.272800 22.664093 -16.989925
v -11.597767 22.861052 -17.314892
v -11.314926 22.861052 -17.597734
v -10.989960 22.664093 -17.272770
v -9.505035 26.196953 -15.787846
v -9.787876 26.196953 -15.505003
v -10.989960 23.542850 -17.414190
v -11.173504 23.654839 -17.597736
v -9.505035 25.959496 -15.929268
v -9.505035 25.542850 -15.929268
v -10.989960 22.815746 -17.414190
v -11.173504 22.926991 -17.597736
v -11.173504 23.654839 -17.597736
v -10.989960 23.542850 -17.414190
v -10.494984 13.999994 -15.858552
v -10.141430 13.999994 -15.858551
v -10.141430 15.999994 -15.858552
v -10.494984 16.103546 -15.858553
v -11.626354 15.896441 -16.989925
v -11.626354 15.999993 -17.343475
v -11.626354 13.999993 -17.343475
v -11.626354 13.999993 -16.989923
v -9.858587 16.103546 -16.494949
v -9.858587 15.999994 -16.141396
v -9.858587 13.999994 -16.141396
v -9.858587 13.999993 -16.494949
v -10.989960 13.999993 -17.626320
v -11.343513 13.999993 -17.626318
v -11.343513 15.999993 -17.626320
v -10.989960 15.896440 -17.626320
v -9.858587 12.999994 -16.141396
v -9.858587 9.999994 -16.141394
v -9.858587 10.249994 -16.494947
v -9.858587 13.249993 -16.494949
v -9.858587 13.249993 -16.494949
v -9.858587 10.249994 -16.494947
v -10.989960 10.249993 -17.626318
v -10.989960 13.249993 -17.626320
v -11.626354 13.999993 -16.989923
v -11.626354 13.999993 -17.343475
v -11.626354 12.999993 -17.343475
v -11.626354 13.249993 -16.989923
v -10.989960 13.249993 -17.626320
v -11.343513 12.999993 -17.626318
v -11.343513 13.999993 -17.626318
v -10.989960 13.999993 -17.626320
v -9.858587 13.999993 -16.494949
v -9.858587 13.999994 -16.141396
v -9.858587 12.999994 -16.141396
v -9.858587 13.249993 -16.494949
v -10.494984 13.249994 -15.858552
v -10.141430 12.999994 -15.858551
v -10.141430 13.999994 -15.858551
v -10.494984 13.999994 -15.858552
v -10.494984 16.103546 -15.858553
v -10.141430 15.999994 -15.858552
v -9.787876 16.499994 -15.505000
v -10.141430 16.603546 -15.505000
v -9.505035 16.603546 -16.141396
v -9.505035 16.499994 -15.787843
v -9.858587 15.999994 -16.141396
v -9.858587 16.103546 -16.494949
v -10.989960 15.896440 -17.626320
v -11.343513 15.999993 -17.626320
v -10.989960 16.499994 -17.272766
v -10.636406 16.396441 -17.272766
v -11.272800 16.396441 -16.636372
v -11.272800 16.499994 -16.989923
v -11.626354 15.999993 -17.343475
v -11.626354 15.896441 -16.989925
v -11.272800 22.664093 -16.636372
v -11.272800 22.664093 -16.989925
v -11.272800 16.499994 -16.989923
v -11.272800 16.396441 -16.636372
v -10.141430 16.603546 -15.505000
v -9.787876 16.499994 -15.505000
v -9.787876 22.664093 -15.505002
v -10.141430 22.664093 -15.505002
v -9.505035 22.664093 -16.141399
v -9.505035 22.664093 -15.787845
v -9.505035 16.499994 -15.787843
v -9.505035 16.603546 -16.141396
v -10.636406 16.396441 -17.272766
v -10.989960 16.499994 -17.272766
v -10.989960 22.664093 -17.272770
v -10.636406 22.664093 -17.272770
v -10.141430 24.916660 -15.505003
v -9.787876 25.499992 -15.505003
v -11.272800 23.499992 -16.989925
v -11.272800 23.392849 -16.636372
v -10.636406 23.392849 -17.272770
v -10.989960 23.499992 -17.272770
v -9.505035 25.499992 -15.787846
v -9.505035 24.916660 -16.141399
v -10.141430 22.664093 -15.505002
v -9.787876 22.664093 -15.505002
v -9.787876 25.499992 -15.505003
v -10.141430 24.916660 -15.505003
v -9.505035 24.916660 -16.141399
v -9.505035 25.499992 -15.787846
v -9.505035 22.664093 -15.787845
v -9.505035 22.664093 -16.141399
v -10.636406 22.664093 -17.272770
v -10.989960 22.664093 -17.272770
v -10.989960 23.499992 -17.272770
v -10.636406 23.392849 -17.272770
v -11.272800 23.392849 -16.636372
v -11.272800 23.499992 -16.989925
v -11.272800 22.664093 -16.989925
v -11.272800 22.664093 -16.636372
v -11.414223 23.542850 -16.989925
v -11.272800 23.499992 -16.989925
v -9.787876 25.499992 -15.505003
v -9.929298 25.542850 -15.505003
v -9.505035 25.542850 -15.929268
v -9.505035 25.499992 -15.787846
v -10.989960 23.499992 -17.272770
v -10.989960 23.542850 -17.414190
v -10.989960 23.542850 -17.414190
v -10.989960 23.499992 -17.272770
v -10.989960 22.664093 -17.272770
v -10.989960 22.815746 -17.414190
v -11.414223 22.815746 -16.989925
v -11.272800 22.664093 -16.989925
v -11.272800 23.499992 -16.989925
v -11.414223 23.542850 -16.989925
v -11.173504 22.926991 -17.597736
v -11.314926 22.861052 -17.597734
v -11.314926 23.696953 -17.597734
v -11.173504 23.654839 -17.597736
v -11.597767 23.654839 -17.173470
v -11.597767 23.696953 -17.314892
v -11.597767 22.861052 -17.314892
v -11.597767 22.926991 -17.173470
v -9.929298 25.542850 -15.505003
v -9.787876 25.499992 -15.505003
v -9.787876 26.196953 -15.505003
v -9.929298 25.959496 -15.505003
v -11.597767 22.926991 -17.173470
v -11.597767 22.861052 -17.314892
v -11.272800 22.664093 -16.989925
v -11.414223 22.815746 -16.989925
v -10.989960 22.815746 -17.414190
v -10.989960 22.664093 -17.272770
v -11.314926 22.861052 -17.597734
v -11.173504 22.926991 -17.597736
v -9.505035 25.959496 -15.929268
v -9.505035 26.196953 -15.787846
v -9.505035 25.499992 -15.787846
v -9.505035 25.542850 -15.929268
v -10.078804 25.502079 -16.220192
v -10.203869 25.329325 -16.345259
v -10.345291 25.329325 -16.203838
v -10.220224 25.502079 -16.078770
v -10.531277 24.877079 -16.672665
v -10.656342 24.704325 -16.797729
v -10.797764 24.704325 -16.656309
v -10.672697 24.877079 -16.531242
v -10.983749 24.252079 -17.125137
v -11.108814 24.079325 -17.250202
v -11.250237 24.079325 -17.108782
v -11.125172 24.252079 -16.983717
v -10.305038 25.189579 -16.446428
v -10.430107 25.016825 -16.571495
v -10.571527 25.016825 -16.430073
v -10.446461 25.189579 -16.305008
v -10.757513 24.564579 -16.898903
v -10.882578 24.391825 -17.023968
v -11.023998 24.391825 -16.882545
v -10.898933 24.564579 -16.757481
v -11.209986 23.939579 -17.351374
v -11.335052 23.766825 -17.476440
v -11.476473 23.766825 -17.335018
v -11.351406 23.939579 -17.209953
v -9.852568 25.814579 -15.993957
v -9.977633 25.641825 -16.119022
v -10.119053 25.641825 -15.977600
v -9.993988 25.814579 -15.852535
v -9.787876 26.196953 -15.505003
v -9.767752 26.127079 -15.626298
v -9.892818 25.954327 -15.751365
v -10.014114 25.884453 -15.731238
v -9.934086 25.866152 -15.736567
v -9.873438 25.901089 -15.746629
v -9.746660 25.901089 -15.873405
v -9.736597 25.866152 -15.934053
v -9.731270 25.884453 -16.014082
v -9.751396 25.954327 -15.892786
v -9.626331 26.127079 -15.767719
v -9.505035 26.196953 -15.787846
v -9.535654 26.143715 -15.733110
v -9.596302 26.108780 -15.723047
v -9.723080 26.108780 -15.596271
v -9.733143 26.143715 -15.535624
v -9.988127 25.518715 -16.185583
v -10.048775 25.483778 -16.175520
v -10.175552 25.483778 -16.048744
v -10.185616 25.518715 -15.988096
v -10.240349 25.571953 -15.957475
v -10.220224 25.502079 -16.078770
v -10.345291 25.329325 -16.203838
v -10.466587 25.259453 -16.183712
v -10.386559 25.241150 -16.189041
v -10.325912 25.276087 -16.199102
v -10.199135 25.276087 -16.325878
v -10.189072 25.241150 -16.386528
v -10.183744 25.259453 -16.466557
v -10.203869 25.329325 -16.345259
v -10.078804 25.502079 -16.220192
v -9.957508 25.571953 -16.240318
v -10.440599 24.893715 -16.638056
v -10.501247 24.858778 -16.627993
v -10.628025 24.858778 -16.501217
v -10.638088 24.893715 -16.440569
v -10.692823 24.946953 -16.409948
v -10.672697 24.877079 -16.531242
v -10.797764 24.704325 -16.656309
v -10.919060 24.634453 -16.636185
v -10.839031 24.616150 -16.641512
v -10.778383 24.651087 -16.651573
v -10.651606 24.651087 -16.778351
v -10.641544 24.616150 -16.838997
v -10.636215 24.634453 -16.919027
v -10.656342 24.704325 -16.797729
v -10.531277 24.877079 -16.672665
v -10.409981 24.946953 -16.692791
v -10.893074 24.268715 -17.090527
v -10.953720 24.233778 -17.080465
v -11.080498 24.233778 -16.953690
v -11.090561 24.268715 -16.893042
v -11.145294 24.321953 -16.862419
v -11.125172 24.252079 -16.983717
v -11.250237 24.079325 -17.108782
v -11.371532 24.009453 -17.088655
v -11.291504 23.991150 -17.093983
v -11.230856 24.026087 -17.104046
v -11.104078 24.026087 -17.230824
v -11.094017 23.991150 -17.291470
v -11.088690 24.009453 -17.371498
v -11.108814 24.079325 -17.250202
v -10.983749 24.252079 -17.125137
v -10.862453 24.321953 -17.145264
v -10.214363 25.206215 -16.411819
v -10.275011 25.171278 -16.401756
v -10.401789 25.171278 -16.274979
v -10.411850 25.206215 -16.214333
v -10.466587 25.259453 -16.183712
v -10.446461 25.189579 -16.305008
v -10.571527 25.016825 -16.430073
v -10.692823 24.946953 -16.409948
v -10.612793 24.928650 -16.415276
v -10.552147 24.963587 -16.425339
v -10.425369 24.963587 -16.552116
v -10.415306 24.928650 -16.612762
v -10.409981 24.946953 -16.692791
v -10.430107 25.016825 -16.571495
v -10.305038 25.189579 -16.446428
v -10.183744 25.259453 -16.466557
v -10.666836 24.581215 -16.864292
v -10.727484 24.546278 -16.854229
v -10.854261 24.546278 -16.727451
v -10.864323 24.581215 -16.666805
v -10.919060 24.634453 -16.636185
v -10.898933 24.564579 -16.757481
v -11.023998 24.391825 -16.882545
v -11.145294 24.321953 -16.862419
v -11.065268 24.303650 -16.867748
v -11.004620 24.338587 -16.877811
v -10.877842 24.338587 -17.004587
v -10.867781 24.303650 -17.065235
v -10.862453 24.321953 -17.145264
v -10.882578 24.391825 -17.023968
v -10.757513 24.564579 -16.898903
v -10.636215 24.634453 -16.919027
v -11.119308 23.956215 -17.316763
v -11.179958 23.921278 -17.306702
v -11.306734 23.921278 -17.179924
v -11.316797 23.956215 -17.119276
v -11.371532 24.009453 -17.088655
v -11.351406 23.939579 -17.209953
v -11.476473 23.766825 -17.335018
v -11.597767 23.696953 -17.314892
v -11.517742 23.678650 -17.320221
v -11.457092 23.713587 -17.330284
v -11.330315 23.713587 -17.457058
v -11.320253 23.678650 -17.517708
v -11.314926 23.696953 -17.597734
v -11.335052 23.766825 -17.476440
v -11.209986 23.939579 -17.351374
v -11.088690 24.009453 -17.371498
v -9.761890 25.831215 -15.959347
v -9.822538 25.796280 -15.949284
v -9.949316 25.796280 -15.822507
v -9.959377 25.831215 -15.761860
v -10.014114 25.884453 -15.731238
v -9.993988 25.814579 -15.852535
v -10.119053 25.641825 -15.977600
v -10.240349 25.571953 -15.957475
v -10.160322 25.553650 -15.962804
v -10.099674 25.588587 -15.972865
v -9.972897 25.588587 -16.099642
v -9.962833 25.553650 -16.160290
v -9.957508 25.571953 -16.240318
v -9.977633 25.641825 -16.119022
v -9.852568 25.814579 -15.993957
v -9.731270 25.884453 -16.014082
v -10.014114 25.884453 -15.731238
v -9.934086 25.866152 -15.736567
v -9.736597 25.866152 -15.934053
v -9.731270 25.884453 -16.014082
v -9.731270 25.884453 -16.014082
v -9.736597 25.866152 -15.934053
v -9.746660 25.901089 -15.873405
v -9.751396 25.954327 -15.892786
v -9.751396 25.954327 -15.892786
v -9.746660 25.901089 -15.873405
v -9.873438 25.901089 -15.746629
v -9.892818 25.954327 -15.751365
v -9.892818 25.954327 -15.751365
v -9.873438 25.901089 -15.746629
v -9.934086 25.866152 -15.736567
v -10.014114 25.884453 -15.731238
v -9.505035 26.196953 -15.787846
v -9.535654 26.143715 -15.733110
v -9.733143 26.143715 -15.535624
v -9.787876 26.196953 -15.505003
v -9.787876 26.196953 -15.505003
v -9.733143 26.143715 -15.535624
v -9.723080 26.108780 -15.596271
v -9.767752 26.127079 -15.626298
v -9.767752 26.127079 -15.626298
v -9.723080 26.108780 -15.596271
v -9.596302 26.108780 -15.723047
v -9.626331 26.127079 -15.767719
v -9.626331 26.127079 -15.767719
v -9.596302 26.108780 -15.723047
v -9.535654 26.143715 -15.733110
v -9.505035 26.196953 -15.787846
v -9.957508 25.571953 -16.240318
v -9.988127 25.518715 -16.185583
v -10.185616 25.518715 -15.988096
v -10.240349 25.571953 -15.957475
v -10.240349 25.571953 -15.957475
v -10.185616 25.518715 -15.988096
v -10.175552 25.483778 -16.048744
v -10.220224 25.502079 -16.078770
v -10.220224 25.502079 -16.078770
v -10.175552 25.483778 -16.048744
v -10.048775 25.483778 -16.175520
v -10.078804 25.502079 -16.220192
v -10.078804 25.502079 -16.220192
v -10.048775 25.483778 -16.175520
v -9.988127 25.518715 -16.185583
v -9.957508 25.571953 -16.240318
v -10.466587 25.259453 -16.183712
v -10.386559 25.241150 -16.189041
v -10.189072 25.241150 -16.386528
v -10.183744 25.259453 -16.466557
v -10.183744 25.259453 -16.466557
v -10.189072 25.241150 -16.386528
v -10.199135 25.276087 -16.325878
v -10.203869 25.329325 -16.345259
v -10.203869 25.329325 -16.345259
v -10.199135 25.276087 -16.325878
v -10.325912 25.276087 -16.199102
v -10.345291 25.329325 -16.203838
v -10.345291 25.329325 -16.203838
v -10.325912 25.276087 -16.199102
v -10.386559 25.241150 -16.189041
v -10.466587 25.259453 -16.183712
v -10.409981 24.946953 -16.692791
v -10.440599 24.893715 -16.638056
v -10.638088 24.893715 -16.440569
v -10.692823 24.946953 -16.409948
v -10.692823 24.946953 -16.409948
v -10.638088 24.893715 -16.440569
v -10.628025 24.858778 -16.501217
v -10.672697 24.877079 -16.531242
v -10.672697 24.877079 -16.531242
v -10.628025 24.858778 -16.501217
v -10.501247 24.858778 -16.627993
v -10.531277 24.877079 -16.672665
v -10.531277 24.877079 -16.672665
v -10.501247 24.858778 -16.627993
v -10.440599 24.893715 -16.638056
v -10.409981 24.946953 -16.692791
v -10.919060 24.634453 -16.636185
v -10.839031 24.616150 -16.641512
v -10.641544 24.616150 -16.838997
v -10.636215 24.634453 -16.919027
v -10.636215 24.634453 -16.919027
v -10.641544 24.616150 -16.838997
v -10.651606 24.651087 -16.778351
v -10.656342 24.704325 -16.797729
v -10.656342 24.704325 -16.797729
v -10.651606 24.651087 -16.778351
v -10.778383 24.651087 -16.651573
v -10.797764 24.704325 -16.656309
v -10.797764 24.704325 -16.656309
v -10.778383 24.651087 -16.651573
v -10.839031 24.616150 -16.641512
v -10.919060 24.634453 -16.636185
v -10.862453 24.321953 -17.145264
v -10.893074 24.268715 -17.090527
v -11.090561 24.268715 -16.893042
v -11.145294 24.321953 -16.862419
v -11.145294 24.321953 -16.862419
v -11.090561 24.268715 -16.893042
v -11.080498 24.233778 -16.953690
v -11.125172 24.252079 -16.983717
v -11.125172 24.252079 -16.983717
v -11.080498 24.233778 -16.953690
v -10.953720 24.233778 -17.080465
v -10.983749 24.252079 -17.125137
v -10.983749 24.252079 -17.125137
v -10.953720 24.233778 -17.080465
v -10.893074 24.268715 -17.090527
v -10.862453 24.321953 -17.145264
v -11.371532 24.009453 -17.088655
v -11.291504 23.991150 -17.093983
v -11.094017 23.991150 -17.291470
v -11.088690 24.009453 -17.371498
v -11.088690 24.009453 -17.371498
v -11.094017 23.991150 -17.291470
v -11.104078 24.026087 -17.230824
v -11.108814 24.079325 -17.250202
v -11.108814 24.079325 -17.250202
v -11.104078 24.026087 -17.230824
v -11.230856 24.026087 -17.104046
v -11.250237 24.079325 -17.108782
v -11.250237 24.079325 -17.108782
v -11.230856 24.026087 -17.104046
v -11.291504 23.991150 -17.093983
v -11.371532 24.009453 -17.088655
v -10.183744 25.259453 -16.466557
v -10.214363 25.206215 -16.411819
v -10.411850 25.206215 -16.214333
v -10.466587 25.259453 -16.183712
v -10.466587 25.259453 -16.183712
v -10.411850 25.206215 -16.214333
v -10.401789 25.171278 -16.274979
v -10.446461 25.189579 -16.305008
v -10.446461 25.189579 -16.305008
v -10.401789 25.171278 -16.274979
v -10.275011 25.171278 -16.401756
v -10.305038 25.189579 -16.446428
v -10.305038 25.189579 -16.446428
v -10.275011 25.171278 -16.401756
v -10.214363 25.206215 -16.411819
v -10.183744 25.259453 -16.466557
v -10.692823 24.946953 -16.409948
v -10.612793 24.928650 -16.415276
v -10.415306 24.928650 -16.612762
v -10.409981 24.946953 -16.692791
v -10.409981 24.946953 -16.692791
v -10.415306 24.928650 -16.612762
v -10.425369 24.963587 -16.552116
v -10.430107 25.016825 -16.571495
v -10.430107 25.016825 -16.571495
v -10.425369 24.963587 -16.552116
v -10.552147 24.963587 -16.425339
v -10.571527 25.016825 -16.430073
v -10.571527 25.016825 -16.430073
v -10.552147 24.963587 -16.425339
v -10.612793 24.928650 -16.415276
v -10.692823 24.946953 -16.409948
v -10.636215 24.634453 -16.919027
v -10.666836 24.581215 -16.864292
v -10.864323 24.581215 -16.666805
v -10.919060 24.634453 -16.636185
v -10.919060 24.634453 -16.636185
v -10.864323 24.581215 -16.666805
v -10.854261 24.546278 -16.727451
v -10.898933 24.564579 -16.757481
v -10.898933 24.564579 -16.757481
v -10.854261 24.546278 -16.727451
v -10.727484 24.546278 -16.854229
v -10.757513 24.564579 -16.898903
v -10.757513 24.564579 -16.898903
v -10.727484 24.546278 -16.854229
v -10.666836 24.581215 -16.864292
v -10.636215 24.634453 -16.919027
v -11.145294 24.321953 -16.862419
v -11.065268 24.303650 -16.867748
v -10.867781 24.303650 -17.065235
v -10.862453 24.321953 -17.145264
v -10.862453 24.321953 -17.145264
v -10.867781 24.303650 -17.065235
v -10.877842 24.338587 -17.004587
v -10.882578 24.391825 -17.023968
v -10.882578 24.391825 -17.023968
v -10.877842 24.338587 -17.004587
v -11.004620 24.338587 -16.877811
v -11.023998 24.391825 -16.882545
v -11.023998 24.391825 -16.882545
v -11.004620 24.338587 -16.877811
v -11.065268 24.303650 -16.867748
v -11.145294 24.321953 -16.862419
v -11.088690 24.009453 -17.371498
v -11.119308 23.956215 -17.316763
v -11.316797 23.956215 -17.119276
v -11.371532 24.009453 -17.088655
v -11.371532 24.009453 -17.088655
v -11.316797 23.956215 -17.119276
v -11.306734 23.921278 -17.179924
v -11.351406 23.939579 -17.209953
v -11.351406 23.939579 -17.209953
v -11.306734 23.921278 -17.179924
v -11.179958 23.921278 -17.306702
v -11.209986 23.939579 -17.351374
v -11.209986 23.939579 -17.351374
v -11.179958 23.921278 -17.306702
v -11.119308 23.956215 -17.316763
v -11.088690 24.009453 -17.371498
v -11.597767 23.696953 -17.314892
v -11.517742 23.678650 -17.320221
v -11.320253 23.678650 -17.517708
v -11.314926 23.696953 -17.597734
v -11.314926 23.696953 -17.597734
v -11.320253 23.678650 -17.517708
v -11.330315 23.713587 -17.457058
v -11.335052 23.766825 -17.476440
v -11.335052 23.766825 -17.476440
v -11.330315 23.713587 -17.457058
v -11.457092 23.713587 -17.330284
v -11.476473 23.766825 -17.335018
v -11.476473 23.766825 -17.335018
v -11.457092 23.713587 -17.330284
v -11.517742 23.678650 -17.320221
v -11.597767 23.696953 -17.314892
v -9.731270 25.884453 -16.014082
v -9.761890 25.831215 -15.959347
v -9.959377 25.831215 -15.761860
v -10.014114 25.884453 -15.731238
v -10.014114 25.884453 -15.731238
v -9.959377 25.831215 -15.761860
v -9.949316 25.796280 -15.822507
v -9.993988 25.814579 -15.852535
v -9.993988 25.814579 -15.852535
v -9.949316 25.796280 -15.822507
v -9.822538 25.796280 -15.949284
v -9.852568 25.814579 -15.993957
v -9.852568 25.814579 -15.993957
v -9.822538 25.796280 -15.949284
v -9.761890 25.831215 -15.959347
v -9.731270 25.884453 -16.014082
v -10.240349 25.571953 -15.957475
v -10.160322 25.553650 -15.962804
v -9.962833 25.553650 -16.160290
v -9.957508 25.571953 -16.240318
v -9.957508 25.571953 -16.240318
v -9.962833 25.553650 -16.160290
v -9.972897 25.588587 -16.099642
v -9.977633 25.641825 -16.119022
v -9.977633 25.641825 -16.119022
v -9.972897 25.588587 -16.099642
v -10.099674 25.588587 -15.972865
v -10.119053 25.641825 -15.977600
v -10.119053 25.641825 -15.977600
v -10.099674 25.588587 -15.972865
v -10.160322 25.553650 -15.962804
v -10.240349 25.571953 -15.957475
v -10.671761 13.999994 -16.035328
v -10.494984 13.999994 -15.858552
v -10.494984 16.103546 -15.858553
v -10.671761 16.207100 -16.035330
v -11.449577 15.792887 -16.813148
v -11.626354 15.896441 -16.989925
v -11.626354 13.999993 -16.989923
v -11.449577 13.999993 -16.813147
v -10.035364 16.207100 -16.671726
v -9.858587 16.103546 -16.494949
v -9.858587 13.999993 -16.494949
v -10.035364 13.999993 -16.671726
v -10.813183 13.999993 -17.449543
v -10.989960 13.999993 -17.626320
v -10.989960 15.896440 -17.626320
v -10.813183 15.792887 -17.449543
v -11.449577 13.499993 -16.813147
v -11.626354 13.249993 -16.989923
v -10.494984 13.249994 -15.858552
v -10.671761 13.499994 -16.035328
v -10.035364 13.499993 -16.671726
v -9.858587 13.249993 -16.494949
v -10.989960 13.249993 -17.626320
v -10.813183 13.499993 -17.449543
v -11.449577 13.999993 -16.813147
v -11.626354 13.999993 -16.989923
v -11.626354 13.249993 -16.989923
v -11.449577 13.499993 -16.813147
v -10.813183 13.499993 -17.449543
v -10.989960 13.249993 -17.626320
v -10.989960 13.999993 -17.626320
v -10.813183 13.999993 -17.449543
v -10.035364 13.999993 -16.671726
v -9.858587 13.999993 -16.494949
v -9.858587 13.249993 -16.494949
v -10.035364 13.499993 -16.671726
v -10.671761 13.499994 -16.035328
v -10.494984 13.249994 -15.858552
v -10.494984 13.999994 -15.858552
v -10.671761 13.999994 -16.035328
v -10.671761 16.207100 -16.035330
v -10.494984 16.103546 -15.858553
v -10.141430 16.603546 -15.505000
v -10.318207 16.707100 -15.681776
v -9.681810 16.707100 -16.318172
v -9.505035 16.603546 -16.141396
v -9.858587 16.103546 -16.494949
v -10.035364 16.207100 -16.671726
v -10.813183 15.792887 -17.449543
v -10.989960 15.896440 -17.626320
v -10.636406 16.396441 -17.272766
v -10.459629 16.292887 -17.095989
v -11.096024 16.292887 -16.459595
v -11.272800 16.396441 -16.636372
v -11.626354 15.896441 -16.989925
v -11.449577 15.792887 -16.813148
v -11.096024 22.664093 -16.459595
v -11.272800 22.664093 -16.636372
v -11.272800 16.396441 -16.636372
v -11.096024 16.292887 -16.459595
v -10.318207 16.707100 -15.681776
v -10.141430 16.603546 -15.505000
v -10.141430 22.664093 -15.505002
v -10.318207 22.664093 -15.681778
v -9.681810 22.664093 -16.318174
v -9.505035 22.664093 -16.141399
v -9.505035 16.603546 -16.141396
v -9.681810 16.707100 -16.318172
v -10.459629 16.292887 -17.095989
v -10.636406 16.396441 -17.272766
v -10.636406 22.664093 -17.272770
v -10.459629 22.664093 -17.095993
v -10.318207 24.333326 -15.681779
v -10.141430 24.916660 -15.505003
v -11.272800 23.392849 -16.636372
v -11.096024 23.285707 -16.459595
v -10.459629 23.285707 -17.095993
v -10.636406 23.392849 -17.272770
v -9.505035 24.916660 -16.141399
v -9.681810 24.333326 -16.318176
v -10.141430 24.916660 -15.505003
v -10.318207 24.333326 -15.681779
v -9.681810 24.333326 -16.318176
v -9.505035 24.916660 -16.141399
v -9.505035 22.664093 -16.141399
v -9.681810 22.664093 -16.318174
v -10.459629 22.664093 -17.095993
v -10.636406 22.664093 -17.272770
v -10.636406 23.392849 -17.272770
v -10.459629 23.285707 -17.095993
v -11.096024 23.285707 -16.459595
v -11.272800 23.392849 -16.636372
v -11.272800 22.664093 -16.636372
v -11.096024 22.664093 -16.459595
v -11.626354 9.999994 -17.343475
v -11.343513 9.999994 -17.626316
v -9.858587 9.999994 -16.141394
v -10.141430 9.999994 -15.858550
v -11.626354 10.249994 -16.989922
v -11.626354 9.999994 -17.343475
v -10.141430 9.999994 -15.858550
v -10.494984 10.249994 -15.858551
v -9.858587 10.249994 -16.494947
v -9.858587 9.999994 -16.141394
v -11.343513 9.999994 -17.626316
v -10.989960 10.249993 -17.626318
v -11.626354 12.999993 -17.343475
v -11.626354 9.999994 -17.343475
v -11.626354 10.249994 -16.989922
v -11.626354 13.249993 -16.989923
v -11.626354 13.249993 -16.989923
v -11.626354 10.249994 -16.989922
v -10.494984 10.249994 -15.858551
v -10.494984 13.249994 -15.858552
v -10.989960 13.249993 -17.626320
v -10.989960 10.249993 -17.626318
v -11.343513 9.999994 -17.626316
v -11.343513 12.999993 -17.626318
v -10.494984 13.249994 -15.858552
v -10.494984 10.249994 -15.858551
v -10.141430 9.999994 -15.858550
v -10.141430 12.999994 -15.858551
v -11.343513 12.999993 -17.626318
v -11.343513 9.999994 -17.626316
v -11.626354 9.999994 -17.343475
v -11.626354 12.999993 -17.343475
v -12.671761 13.999994 -14.035330
v -12.671761 16.207102 -14.035331
v -13.449579 15.792888 -14.813147
v -13.449579 13.999994 -14.813146
v -12.035364 13.999994 -14.671725
v -12.813183 13.999994 -15.449543
v -12.813183 15.792888 -15.449544
v -12.035364 16.207100 -14.671726
v -11.858587 15.999994 -14.141396
v -11.505035 16.499994 -13.787843
v -11.787876 16.499994 -13.505001
v -12.141430 15.999994 -13.858554
v -13.626354 15.999994 -15.343476
v -13.343512 15.999994 -15.626320
v -13.343512 13.999994 -15.626319
v -13.626354 13.999994 -15.343475
v -13.343512 12.999994 -15.626319
v -13.626354 12.999994 -15.343475
v -12.141430 13.999994 -13.858553
v -11.858587 13.999994 -14.141395
v -11.858587 15.999994 -14.141396
v -12.141430 15.999994 -13.858554
v -12.141430 12.999994 -13.858553
v -12.141430 9.999994 -13.858552
v -11.858587 9.999994 -14.141394
v -11.858587 12.999994 -14.141395
v -12.035364 13.499994 -14.671725
v -12.813183 13.499994 -15.449543
v -13.449579 13.999994 -14.813146
v -13.449579 13.499994 -14.813146
v -12.671761 13.499994 -14.035330
v -12.671761 13.999994 -14.035330
v -12.141430 12.999994 -13.858553
v -11.858587 12.999994 -14.141395
v -12.318207 16.707102 -13.681777
v -12.318207 22.664093 -13.681779
v -13.096025 22.664093 -14.459595
v -13.096025 16.292889 -14.459593
v -12.459629 16.292887 -15.095990
v -11.681810 16.707100 -14.318172
v -12.671761 16.207102 -14.035331
v -12.318207 16.707102 -13.681777
v -13.096025 16.292889 -14.459593
v -13.449579 15.792888 -14.813147
v -13.626354 15.999994 -15.343476
v -13.272802 16.499994 -14.989923
v -12.989960 16.499994 -15.272767
v -13.343512 15.999994 -15.626320
v -11.505035 22.664093 -13.787845
v -11.505035 25.499994 -13.787846
v -11.787876 25.499994 -13.505004
v -11.787876 22.664093 -13.505003
v -11.505035 16.499994 -13.787843
v -11.787876 16.499994 -13.505001
v -13.272802 16.499994 -14.989923
v -13.272802 22.664093 -14.989925
v -12.989960 22.664093 -15.272769
v -12.989960 16.499994 -15.272767
v -13.414223 23.542850 -14.989925
v -13.597767 23.654840 -15.173471
v -13.597767 22.926991 -15.173471
v -13.414223 22.815746 -14.989925
v -11.929298 25.542850 -13.505003
v -11.929298 25.959496 -13.505003
v -13.597767 23.654840 -15.173471
v -13.414223 23.542850 -14.989925
v -11.767752 26.127081 -13.626298
v -11.626331 26.127081 -13.767719
v -11.751396 25.954327 -13.892786
v -11.892818 25.954327 -13.751365
v -13.597769 22.861053 -15.314892
v -13.597769 23.696953 -15.314892
v -13.314926 23.696953 -15.597735
v -13.314926 22.861053 -15.597735
v -13.272802 22.664093 -14.989925
v -13.597769 22.861053 -15.314892
v -13.314926 22.861053 -15.597735
v -12.989960 22.664093 -15.272769
v -11.505035 26.196953 -13.787846
v -11.787876 26.196953 -13.505004
v -12.989960 23.542850 -15.414190
v -13.173504 23.654840 -15.597734
v -11.505035 25.959496 -13.929268
v -11.505035 25.542850 -13.929268
v -12.989960 22.815746 -15.414190
v -13.173504 22.926991 -15.597734
v -13.173504 23.654840 -15.597734
v -12.989960 23.542850 -15.414190
v -12.494984 13.999994 -13.858553
v -12.141430 13.999994 -13.858553
v -12.141430 15.999994 -13.858554
v -12.494984 16.103548 -13.858554
v -13.626356 15.896441 -14.989923
v -13.626354 15.999994 -15.343476
v -13.626354 13.999994 -15.343475
v -13.626356 13.999994 -14.989923
v -11.858587 16.103548 -14.494949
v -11.858587 15.999994 -14.141396
v -11.858587 13.999994 -14.141395
v -11.858587 13.999994 -14.494948
v -12.989960 13.999994 -15.626320
v -13.343512 13.999994 -15.626319
v -13.343512 15.999994 -15.626320
v -12.989960 15.896441 -15.626321
v -11.858587 12.999994 -14.141395
v -11.858587 9.999994 -14.141394
v -11.858587 10.249994 -14.494947
v -11.858587 13.249994 -14.494948
v -11.858587 13.249994 -14.494948
v -11.858587 10.249994 -14.494947
v -12.989960 10.249994 -15.626319
v -12.989960 13.249994 -15.626320
v -13.626356 13.999994 -14.989923
v -13.626354 13.999994 -15.343475
v -13.626354 12.999994 -15.343475
v -13.626356 13.249994 -14.989923
v -12.989960 13.249994 -15.626320
v -13.343512 12.999994 -15.626319
v -13.343512 13.999994 -15.626319
v -12.989960 13.999994 -15.626320
v -11.858587 13.999994 -14.494948
v -11.858587 13.999994 -14.141395
v -11.858587 12.999994 -14.141395
v -11.858587 13.249994 -14.494948
v -12.494984 13.249994 -13.858553
v -12.141430 12.999994 -13.858553
v -12.141430 13.999994 -13.858553
v -12.494984 13.999994 -13.858553
v -12.494984 16.103548 -13.858554
v -12.141430 15.999994 -13.858554
v -11.787876 16.499994 -13.505001
v -12.141430 16.603548 -13.505001
v -11.505035 16.603548 -14.141397
v -11.505035 16.499994 -13.787843
v -11.858587 15.999994 -14.141396
v -11.858587 16.103548 -14.494949
v -12.989960 15.896441 -15.626321
v -13.343512 15.999994 -15.626320
v -12.989960 16.499994 -15.272767
v -12.636406 16.396441 -15.272767
v -13.272802 16.396441 -14.636370
v -13.272802 16.499994 -14.989923
v -13.626354 15.999994 -15.343476
v -13.626356 15.896441 -14.989923
v -13.272802 22.664093 -14.636372
v -13.272802 22.664093 -14.989925
v -13.272802 16.499994 -14.989923
v -13.272802 16.396441 -14.636370
v -12.141430 16.603548 -13.505001
v -11.787876 16.499994 -13.505001
v -11.787876 22.664093 -13.505003
v -12.141430 22.664093 -13.505003
v -11.505035 22.664093 -14.141398
v -11.505035 22.664093 -13.787845
v -11.505035 16.499994 -13.787843
v -11.505035 16.603548 -14.141397
v -12.636406 16.396441 -15.272767
v -12.989960 16.499994 -15.272767
v -12.989960 22.664093 -15.272769
v -12.636406 22.664093 -15.272769
v -12.141430 24.916660 -13.505004
v -11.787876 25.499994 -13.505004
v -13.272802 23.499992 -14.989925
v -13.272802 23.392851 -14.636372
v -12.636406 23.392851 -15.272769
v -12.989960 23.499992 -15.272769
v -11.505035 25.499994 -13.787846
v -11.505035 24.916660 -14.141399
v -12.141430 22.664093 -13.505003
v -11.787876 22.664093 -13.505003
v -11.787876 25.499994 -13.505004
v -12.141430 24.916660 -13.505004
v -11.505035 24.916660 -14.141399
v -11.505035 25.499994 -13.787846
v -11.505035 22.664093 -13.787845
v -11.505035 22.664093 -14.141398
v -12.636406 22.664093 -15.272769
v -12.989960 22.664093 -15.272769
v -12.989960 23.499992 -15.272769
v -12.636406 23.392851 -15.272769
v -13.272802 23.392851 -14.636372
v -13.272802 23.499992 -14.989925
v -13.272802 22.664093 -14.989925
v -13.272802 22.664093 -14.636372
v -13.414223 23.542850 -14.989925
v -13.272802 23.499992 -14.989925
v -11.787876 25.499994 -13.505004
v -11.929298 25.542850 -13.505003
v -11.505035 25.542850 -13.929268
v -11.505035 25.499994 -13.787846
v -12.989960 23.499992 -15.272769
v -12.989960 23.542850 -15.414190
v -12.989960 23.542850 -15.414190
v -12.989960 23.499992 -15.272769
v -12.989960 22.664093 -15.272769
v -12.989960 22.815746 -15.414190
v -13.414223 22.815746 -14.989925
v -13.272802 22.664093 -14.989925
v -13.272802 23.499992 -14.989925
v -13.414223 23.542850 -14.989925
v -13.173504 22.926991 -15.597734
v -13.314926 22.861053 -15.597735
v -13.314926 23.696953 -15.597735
v -13.173504 23.654840 -15.597734
v -13.597767 23.654840 -15.173471
v -13.597769 23.696953 -15.314892
v -13.597769 22.861053 -15.314892
v -13.597767 22.926991 -15.173471
v -11.929298 25.542850 -13.505003
v -11.787876 25.499994 -13.505004
v -11.787876 26.196953 -13.505004
v -11.929298 25.959496 -13.505003
v -13.597767 22.926991 -15.173471
v -13.597769 22.861053 -15.314892
v -13.272802 22.664093 -14.989925
v -13.414223 22.815746 -14.989925
v -12.989960 22.815746 -15.414190
v -12.989960 22.664093 -15.272769
v -13.314926 22.861053 -15.597735
v -13.173504 22.926991 -15.597734
v -11.505035 25.959496 -13.929268
v -11.505035 26.196953 -13.787846
v -11.505035 25.499994 -13.787846
v -11.505035 25.542850 -13.929268
v -12.078804 25.502079 -14.220192
v -12.203869 25.329327 -14.345259
v -12.345291 25.329327 -14.203836
v -12.220224 25.502079 -14.078771
v -12.531277 24.877079 -14.672665
v -12.656342 24.704327 -14.797730
v -12.797764 24.704327 -14.656309
v -12.672697 24.877079 -14.531243
v -12.983749 24.252079 -15.125138
v -13.108814 24.079327 -15.250203
v -13.250237 24.079327 -15.108782
v -13.125172 24.252079 -14.983717
v -12.305038 25.189579 -14.446428
v -12.430107 25.016827 -14.571495
v -12.571527 25.016827 -14.430074
v -12.446461 25.189579 -14.305007
v -12.757511 24.564579 -14.898901
v -12.882578 24.391827 -15.023967
v -13.023998 24.391827 -14.882545
v -12.898933 24.564579 -14.757480
v -13.209986 23.939579 -15.351374
v -13.335051 23.766827 -15.476439
v -13.476473 23.766827 -15.335018
v -13.351406 23.939579 -15.209952
v -11.852568 25.814581 -13.993957
v -11.977633 25.641827 -14.119021
v -12.119053 25.641827 -13.977600
v -11.993988 25.814581 -13.852534
v -11.787876 26.196953 -13.505004
v -11.767752 26.127081 -13.626298
v -11.892818 25.954327 -13.751365
v -12.014114 25.884453 -13.731240
v -11.934086 25.866154 -13.736566
v -11.873436 25.901089 -13.746630
v -11.746660 25.901089 -13.873406
v -11.736599 25.866154 -13.934053
v -11.731270 25.884453 -14.014082
v -11.751396 25.954327 -13.892786
v -11.626331 26.127081 -13.767719
v -11.505035 26.196953 -13.787846
v -11.535656 26.143715 -13.733110
v -11.596302 26.108780 -13.723048
v -11.723080 26.108780 -13.596272
v -11.733143 26.143715 -13.535623
v -11.988127 25.518715 -14.185582
v -12.048775 25.483780 -14.175521
v -12.175552 25.483780 -14.048744
v -12.185616 25.518715 -13.988094
v -12.240349 25.571953 -13.957477
v -12.220224 25.502079 -14.078771
v -12.345291 25.329327 -14.203836
v -12.466585 25.259453 -14.183712
v -12.386559 25.241152 -14.189039
v -12.325912 25.276089 -14.199101
v -12.199133 25.276089 -14.325879
v -12.189072 25.241152 -14.386527
v -12.183743 25.259453 -14.466554
v -11.957508 25.571953 -14.240318
v -12.440599 24.893715 -14.638055
v -12.501247 24.858780 -14.627994
v -12.628025 24.858780 -14.501216
v -12.638088 24.893715 -14.440567
v -12.692823 24.946953 -14.409950
v -12.672697 24.877079 -14.531243
v -12.797764 24.704327 -14.656309
v -12.919060 24.634453 -14.636184
v -12.839031 24.616152 -14.641511
v -12.778385 24.651089 -14.651574
v -12.651606 24.651089 -14.778352
v -12.641544 24.616152 -14.838999
v -12.636215 24.634453 -14.919027
v -12.656342 24.704327 -14.797730
v -12.531277 24.877079 -14.672665
v -12.409981 24.946953 -14.692792
v -12.893074 24.268715 -15.090528
v -12.953720 24.233780 -15.080466
v -13.080498 24.233780 -14.953689
v -13.090561 24.268715 -14.893041
v -13.145296 24.321953 -14.862420
v -13.125172 24.252079 -14.983717
v -13.250237 24.079327 -15.108782
v -13.371532 24.009453 -15.088655
v -13.291504 23.991152 -15.093984
v -13.230858 24.026089 -15.104047
v -13.104078 24.026089 -15.230824
v -13.094017 23.991152 -15.291471
v -13.088688 24.009453 -15.371499
v -13.108814 24.079327 -15.250203
v -12.983749 24.252079 -15.125138
v -12.862453 24.321953 -15.145264
v -12.214363 25.206215 -14.411819
v -12.275011 25.171280 -14.401757
v -12.401791 25.171280 -14.274980
v -12.411852 25.206215 -14.214332
v -12.466585 25.259453 -14.183712
v -12.446461 25.189579 -14.305007
v -12.571527 25.016827 -14.430074
v -12.692823 24.946953 -14.409950
v -12.612795 24.928652 -14.415275
v -12.552149 24.963589 -14.425339
v -12.425369 24.963589 -14.552116
v -12.415306 24.928652 -14.612762
v -12.409981 24.946953 -14.692792
v -12.430107 25.016827 -14.571495
v -12.305038 25.189579 -14.446428
v -12.183743 25.259453 -14.466554
v -12.666836 24.581215 -14.864292
v -12.727484 24.546280 -14.854230
v -12.854263 24.546280 -14.727452
v -12.864325 24.581215 -14.666804
v -12.919060 24.634453 -14.636184
v -12.898933 24.564579 -14.757480
v -13.023998 24.391827 -14.882545
v -13.145296 24.321953 -14.862420
v -13.065268 24.303652 -14.867747
v -13.004620 24.338589 -14.877810
v -12.877842 24.338589 -15.004588
v -12.867779 24.303652 -15.065235
v -12.862453 24.321953 -15.145264
v -12.882578 24.391827 -15.023967
v -12.757511 24.564579 -14.898901
v -12.636215 24.634453 -14.919027
v -13.119308 23.956215 -15.316764
v -13.179956 23.921280 -15.306702
v -13.306736 23.921280 -15.179924
v -13.316797 23.956215 -15.119276
v -13.371532 24.009453 -15.088655
v -13.351406 23.939579 -15.209952
v -13.476473 23.766827 -15.335018
v -13.597769 23.696953 -15.314892
v -13.517742 23.678652 -15.320220
v -13.457092 23.713589 -15.330282
v -13.330315 23.713589 -15.457060
v -13.320253 23.678652 -15.517708
v -13.314926 23.696953 -15.597735
v -13.335051 23.766827 -15.476439
v -13.209986 23.939579 -15.351374
v -13.088688 24.009453 -15.371499
v -11.761890 25.831215 -13.959347
v -11.822538 25.796280 -13.949285
v -11.949314 25.796280 -13.822507
v -11.959379 25.831215 -13.761859
v -12.014114 25.884453 -13.731240
v -11.993988 25.814581 -13.852534
v -12.119053 25.641827 -13.977600
v -12.240349 25.571953 -13.957477
v -12.160322 25.553652 -13.962802
v -12.099674 25.588589 -13.972866
v -11.972897 25.588589 -14.099643
v -11.962835 25.553652 -14.160291
v -11.957508 25.571953 -14.240318
v -11.977633 25.641827 -14.119021
v -11.852568 25.814581 -13.993957
v -11.731270 25.884453 -14.014082
v -12.014114 25.884453 -13.731240
v -11.934086 25.866154 -13.736566
v -11.736599 25.866154 -13.934053
v -11.731270 25.884453 -14.014082
v -11.731270 25.884453 -14.014082
v -11.736599 25.866154 -13.934053
v -11.746660 25.901089 -13.873406
v -11.751396 25.954327 -13.892786
v -11.751396 25.954327 -13.892786
v -11.746660 25.901089 -13.873406
v -11.873436 25.901089 -13.746630
v -11.892818 25.954327 -13.751365
v -11.892818 25.954327 -13.751365
v -11.873436 25.901089 -13.746630
v -11.934086 25.866154 -13.736566
v -12.014114 25.884453 -13.731240
v -11.505035 26.196953 -13.787846
v -11.535656 26.143715 -13.733110
v -11.733143 26.143715 -13.535623
v -11.787876 26.196953 -13.505004
v -11.787876 26.196953 -13.505004
v -11.733143 26.143715 -13.535623
v -11.723080 26.108780 -13.596272
v -11.767752 26.127081 -13.626298
v -11.767752 26.127081 -13.626298
v -11.723080 26.108780 -13.596272
v -11.596302 26.108780 -13.723048
v -11.626331 26.127081 -13.767719
v -11.626331 26.127081 -13.767719
v -11.596302 26.108780 -13.723048
v -11.535656 26.143715 -13.733110
v -11.505035 26.196953 -13.787846
v -11.957508 25.571953 -14.240318
v -11.988127 25.518715 -14.185582
v -12.185616 25.518715 -13.988094
v -12.240349 25.571953 -13.957477
v -12.240349 25.571953 -13.957477
v -12.185616 25.518715 -13.988094
v -12.175552 25.483780 -14.048744
v -12.220224 25.502079 -14.078771
v -12.220224 25.502079 -14.078771
v -12.175552 25.483780 -14.048744
v -12.048775 25.483780 -14.175521
v -12.078804 25.502079 -14.220192
v -12.078804 25.502079 -14.220192
v -12.048775 25.483780 -14.175521
v -11.988127 25.518715 -14.185582
v -11.957508 25.571953 -14.240318
v -12.466585 25.259453 -14.183712
v -12.386559 25.241152 -14.189039
v -12.189072 25.241152 -14.386527
v -12.183743 25.259453 -14.466554
v -12.183743 25.259453 -14.466554
v -12.189072 25.241152 -14.386527
v -12.199133 25.276089 -14.325879
v -12.203869 25.329327 -14.345259
v -12.203869 25.329327 -14.345259
v -12.199133 25.276089 -14.325879
v -12.325912 25.276089 -14.199101
v -12.345291 25.329327 -14.203836
v -12.345291 25.329327 -14.203836
v -12.325912 25.276089 -14.199101
v -12.386559 25.241152 -14.189039
v -12.466585 25.259453 -14.183712
v -12.409981 24.946953 -14.692792
v -12.440599 24.893715 -14.638055
v -12.638088 24.893715 -14.440567
v -12.692823 24.946953 -14.409950
v -12.692823 24.946953 -14.409950
v -12.638088 24.893715 -14.440567
v -12.628025 24.858780 -14.501216
v -12.672697 24.877079 -14.531243
v -12.672697 24.877079 -14.531243
v -12.628025 24.858780 -14.501216
v -12.501247 24.858780 -14.627994
v -12.531277 24.877079 -14.672665
v -12.531277 24.877079 -14.672665
v -12.501247 24.858780 -14.627994
v -12.440599 24.893715 -14.638055
v -12.409981 24.946953 -14.692792
v -12.919060 24.634453 -14.636184
v -12.839031 24.616152 -14.641511
v -12.641544 24.616152 -14.838999
v -12.636215 24.634453 -14.919027
v -12.636215 24.634453 -14.919027
v -12.641544 24.616152 -14.838999
v -12.651606 24.651089 -14.778352
v -12.656342 24.704327 -14.797730
v -12.656342 24.704327 -14.797730
v -12.651606 24.651089 -14.778352
v -12.778385 24.651089 -14.651574
v -12.797764 24.704327 -14.656309
v -12.797764 24.704327 -14.656309
v -12.778385 24.651089 -14.651574
v -12.839031 24.616152 -14.641511
v -12.919060 24.634453 -14.636184
v -12.862453 24.321953 -15.145264
v -12.893074 24.268715 -15.090528
v -13.090561 24.268715 -14.893041
v -13.145296 24.321953 -14.862420
v -13.145296 24.321953 -14.862420
v -13.090561 24.268715 -14.893041
v -13.080498 24.233780 -14.953689
v -13.125172 24.252079 -14.983717
v -13.125172 24.252079 -14.983717
v -13.080498 24.233780 -14.953689
v -12.953720 24.233780 -15.080466
v -12.983749 24.252079 -15.125138
v -12.983749 24.252079 -15.125138
v -12.953720 24.233780 -15.080466
v -12.893074 24.268715 -15.090528
v -12.862453 24.321953 -15.145264
v -13.371532 24.009453 -15.088655
v -13.291504 23.991152 -15.093984
v -13.094017 23.991152 -15.291471
v -13.088688 24.009453 -15.371499
v -13.088688 24.009453 -15.371499
v -13.094017 23.991152 -15.291471
v -13.104078 24.026089 -15.230824
v -13.108814 24.079327 -15.250203
v -13.108814 24.079327 -15.250203
v -13.104078 24.026089 -15.230824
v -13.230858 24.026089 -15.104047
v -13.250237 24.079327 -15.108782
v -13.250237 24.079327 -15.108782
v -13.230858 24.026089 -15.104047
v -13.291504 23.991152 -15.093984
v -13.371532 24.009453 -15.088655
v -12.183743 25.259453 -14.466554
v -12.214363 25.206215 -14.411819
v -12.411852 25.206215 -14.214332
v -12.466585 25.259453 -14.183712
v -12.466585 25.259453 -14.183712
v -12.411852 25.206215 -14.214332
v -12.401791 25.171280 -14.274980
v -12.446461 25.189579 -14.305007
v -12.446461 25.189579 -14.305007
v -12.401791 25.171280 -14.274980
v -12.275011 25.171280 -14.401757
v -12.305038 25.189579 -14.446428
v -12.305038 25.189579 -14.446428
v -12.275011 25.171280 -14.401757
v -12.214363 25.206215 -14.411819
v -12.183743 25.259453 -14.466554
v -12.692823 24.946953 -14.409950
v -12.612795 24.928652 -14.415275
v -12.415306 24.928652 -14.612762
v -12.409981 24.946953 -14.692792
v -12.409981 24.946953 -14.692792
v -12.415306 24.928652 -14.612762
v -12.425369 24.963589 -14.552116
v -12.430107 25.016827 -14.571495
v -12.430107 25.016827 -14.571495
v -12.425369 24.963589 -14.552116
v -12.552149 24.963589 -14.425339
v -12.571527 25.016827 -14.430074
v -12.571527 25.016827 -14.430074
v -12.552149 24.963589 -14.425339
v -12.612795 24.928652 -14.415275
v -12.692823 24.946953 -14.409950
v -12.636215 24.634453 -14.919027
v -12.666836 24.581215 -14.864292
v -12.864325 24.581215 -14.666804
v -12.919060 24.634453 -14.636184
v -12.919060 24.634453 -14.636184
v -12.864325 24.581215 -14.666804
v -12.854263 24.546280 -14.727452
v -12.898933 24.564579 -14.757480
v -12.898933 24.564579 -14.757480
v -12.854263 24.546280 -14.727452
v -12.727484 24.546280 -14.854230
v -12.757511 24.564579 -14.898901
v -12.757511 24.564579 -14.898901
v -12.727484 24.546280 -14.854230
v -12.666836 24.581215 -14.864292
v -12.636215 24.634453 -14.919027
v -13.145296 24.321953 -14.862420
v -13.065268 24.303652 -14.867747
v -12.867779 24.303652 -15.065235
v -12.862453 24.321953 -15.145264
v -12.862453 24.321953 -15.145264
v -12.867779 24.303652 -15.065235
v -12.877842 24.338589 -15.004588
v -12.882578 24.391827 -15.023967
v -12.882578 24.391827 -15.023967
v -12.877842 24.338589 -15.004588
v -13.004620 24.338589 -14.877810
v -13.023998 24.391827 -14.882545
v -13.023998 24.391827 -14.882545
v -13.004620 24.338589 -14.877810
v -13.065268 24.303652 -14.867747
v -13.145296 24.321953 -14.862420
v -13.088688 24.009453 -15.371499
v -13.119308 23.956215 -15.316764
v -13.316797 23.956215 -15.119276
v -13.371532 24.009453 -15.088655
v -13.371532 24.009453 -15.088655
v -13.316797 23.956215 -15.119276
v -13.306736 23.921280 -15.179924
v -13.351406 23.939579 -15.209952
v -13.351406 23.939579 -15.209952
v -13.306736 23.921280 -15.179924
v -13.179956 23.921280 -15.306702
v -13.209986 23.939579 -15.351374
v -13.209986 23.939579 -15.351374
v -13.179956 23.921280 -15.306702
v -13.119308 23.956215 -15.316764
v -13.088688 24.009453 -15.371499
v -13.597769 23.696953 -15.314892
v -13.517742 23.678652 -15.320220
v -13.320253 23.678652 -15.517708
v -13.314926 23.696953 -15.597735
v -13.314926 23.696953 -15.597735
v -13.320253 23.678652 -15.517708
v -13.330315 23.713589 -15.457060
v -13.335051 23.766827 -15.476439
v -13.335051 23.766827 -15.476439
v -13.330315 23.713589 -15.457060
v -13.457092 23.713589 -15.330282
v -13.476473 23.766827 -15.335018
v -13.476473 23.766827 -15.335018
v -13.457092 23.713589 -15.330282
v -13.517742 23.678652 -15.320220
v -13.597769 23.696953 -15.314892
v -11.731270 25.884453 -14.014082
v -11.761890 25.831215 -13.959347
v -11.959379 25.831215 -13.761859
v -12.014114 25.884453 -13.731240
v -12.014114 25.884453 -13.731240
v -11.959379 25.831215 -13.761859
v -11.949314 25.796280 -13.822507
v -11.993988 25.814581 -13.852534
v -11.993988 25.814581 -13.852534
v -11.949314 25.796280 -13.822507
v -11.822538 25.796280 -13.949285
v -11.852568 25.814581 -13.993957
v -11.852568 25.814581 -13.993957
v -11.822538 25.796280 -13.949285
v -11.761890 25.831215 -13.959347
v -11.731270 25.884453 -14.014082
v -12.240349 25.571953 -13.957477
v -12.160322 25.553652 -13.962802
v -11.962835 25.553652 -14.160291
v -11.957508 25.571953 -14.240318
v -11.957508 25.571953 -14.240318
v -11.962835 25.553652 -14.160291
v -11.972897 25.588589 -14.099643
v -11.977633 25.641827 -14.119021
v -11.977633 25.641827 -14.119021
v -11.972897 25.588589 -14.099643
v -12.099674 25.588589 -13.972866
v -12.119053 25.641827 -13.977600
v -12.119053 25.641827 -13.977600
v -12.099674 25.588589 -13.972866
v -12.160322 25.553652 -13.962802
v -12.240349 25.571953 -13.957477
v -12.671761 13.999994 -14.035330
v -12.494984 13.999994 -13.858553
v -12.494984 16.103548 -13.858554
v -12.671761 16.207102 -14.035331
v -13.449579 15.792888 -14.813147
v -13.626356 15.896441 -14.989923
v -13.626356 13.999994 -14.989923
v -13.449579 13.999994 -14.813146
v -12.035364 16.207100 -14.671726
v -11.858587 16.103548 -14.494949
v -11.858587 13.999994 -14.494948
v -12.035364 13.999994 -14.671725
v -12.813183 13.999994 -15.449543
v -12.989960 13.999994 -15.626320
v -12.989960 15.896441 -15.626321
v -12.813183 15.792888 -15.449544
v -13.449579 13.499994 -14.813146
v -13.626356 13.249994 -14.989923
v -12.494984 13.249994 -13.858553
v -12.671761 13.499994 -14.035330
v -12.035364 13.499994 -14.671725
v -11.858587 13.249994 -14.494948
v -12.989960 13.249994 -15.626320
v -12.813183 13.499994 -15.449543
v -13.449579 13.999994 -14.813146
v -13.626356 13.999994 -14.989923
v -13.626356 13.249994 -14.989923
v -13.449579 13.499994 -14.813146
v -12.035364 13.999994 -14.671725
v -11.858587 13.999994 -14.494948
v -11.858587 13.249994 -14.494948
v -12.035364 13.499994 -14.671725
v -12.671761 13.499994 -14.035330
v -12.494984 13.249994 -13.858553
v -12.494984 13.999994 -13.858553
v -12.671761 13.999994 -14.035330
v -12.671761 16.207102 -14.035331
v -12.494984 16.103548 -13.858554
v -12.141430 16.603548 -13.505001
v -12.318207 16.707102 -13.681777
v -11.681810 16.707100 -14.318172
v -11.505035 16.603548 -14.141397
v -12.636406 16.396441 -15.272767
v -12.459629 16.292887 -15.095990
v -13.096025 16.292889 -14.459593
v -13.272802 16.396441 -14.636370
v -13.626356 15.896441 -14.989923
v -13.449579 15.792888 -14.813147
v -13.096025 22.664093 -14.459595
v -13.272802 22.664093 -14.636372
v -13.272802 16.396441 -14.636370
v -13.096025 16.292889 -14.459593
v -12.318207 16.707102 -13.681777
v -12.141430 16.603548 -13.505001
v -12.141430 22.664093 -13.505003
v -12.318207 22.664093 -13.681779
v -11.681810 22.664093 -14.318174
v -11.505035 22.664093 -14.141398
v -11.505035 16.603548 -14.141397
v -11.681810 16.707100 -14.318172
v -12.636406 22.664093 -15.272769
v -12.459629 22.664093 -15.095992
v -12.318207 24.333328 -13.681780
v -12.141430 24.916660 -13.505004
v -13.272802 23.392851 -14.636372
v -13.096025 23.285709 -14.459595
v -12.459629 23.285709 -15.095992
v -12.636406 23.392851 -15.272769
v -11.505035 24.916660 -14.141399
v -11.681810 24.333328 -14.318175
v -12.318207 22.664093 -13.681779
v -12.141430 22.664093 -13.505003
v -12.141430 24.916660 -13.505004
v -12.318207 24.333328 -13.681780
v -11.681810 24.333328 -14.318175
v -11.505035 24.916660 -14.141399
v -11.505035 22.664093 -14.141398
v -11.681810 22.664093 -14.318174
v -12.459629 22.664093 -15.095992
v -12.636406 22.664093 -15.272769
v -12.636406 23.392851 -15.272769
v -12.459629 23.285709 -15.095992
v -13.096025 23.285709 -14.459595
v -13.272802 23.392851 -14.636372
v -13.272802 22.664093 -14.636372
v -13.096025 22.664093 -14.459595
v -13.626354 9.999994 -15.343474
v -13.343512 9.999994 -15.626318
v -11.858587 9.999994 -14.141394
v -12.141430 9.999994 -13.858552
v -13.626356 10.249994 -14.989922
v -13.626354 9.999994 -15.343474
v -12.141430 9.999994 -13.858552
v -12.494984 10.249995 -13.858552
v -11.858587 10.249994 -14.494947
v -11.858587 9.999994 -14.141394
v -13.343512 9.999994 -15.626318
v -12.989960 10.249994 -15.626319
v -13.626354 12.999994 -15.343475
v -13.626354 9.999994 -15.343474
v -13.626356 10.249994 -14.989922
v -13.626356 13.249994 -14.989923
v -13.626356 13.249994 -14.989923
v -13.626356 10.249994 -14.989922
v -12.494984 10.249995 -13.858552
v -12.494984 13.249994 -13.858553
v -12.989960 13.249994 -15.626320
v -12.989960 10.249994 -15.626319
v -13.343512 9.999994 -15.626318
v -13.343512 12.999994 -15.626319
v -12.494984 13.249994 -13.858553
v -12.494984 10.249995 -13.858552
v -12.141430 9.999994 -13.858552
v -12.141430 12.999994 -13.858553
v -13.343512 12.999994 -15.626319
v -13.343512 9.999994 -15.626318
v -13.626354 9.999994 -15.343474
v -13.626354 12.999994 -15.343475
v 10.929296 25.959496 -14.505002
v 12.597767 23.654840 -16.173470
v 12.597767 23.696953 -16.314892
v 12.371531 24.009453 -16.088655
v 12.145294 24.321953 -15.862419
v 11.919058 24.634453 -15.636183
v 11.692822 24.946953 -15.409946
v 11.466585 25.259453 -15.183710
v 11.240349 25.571953 -14.957474
v 11.014112 25.884453 -14.731238
v 10.787875 26.196953 -14.505002
v 12.173503 23.654840 -16.597734
v 10.505033 25.959496 -14.929266
v 10.505033 26.196953 -14.787845
v 10.731269 25.884453 -15.014081
v 10.957505 25.571953 -15.240317
v 11.183743 25.259453 -15.466553
v 11.409979 24.946953 -15.692789
v 11.636215 24.634453 -15.919025
v 11.862452 24.321953 -16.145262
v 12.088688 24.009453 -16.371498
v 12.314924 23.696953 -16.597734
v 9.929296 25.959496 -15.505001
v 11.597767 23.654840 -17.173470
v 11.597767 23.696953 -17.314892
v 11.371531 24.009453 -17.088655
v 11.145294 24.321953 -16.862419
v 10.919058 24.634453 -16.636183
v 10.692822 24.946953 -16.409946
v 10.466585 25.259453 -16.183710
v 10.240348 25.571953 -15.957474
v 10.014112 25.884453 -15.731238
v 9.787875 26.196953 -15.505002
v 11.173503 23.654840 -17.597734
v 9.505033 25.959496 -15.929266
v 9.505033 26.196953 -15.787845
v 9.731269 25.884453 -16.014080
v 9.957505 25.571953 -16.240316
v 10.183743 25.259453 -16.466553
v 10.409979 24.946953 -16.692789
v 10.636215 24.634453 -16.919025
v 10.862452 24.321953 -17.145262
v 11.088688 24.009453 -17.371498
v 11.314924 23.696953 -17.597734
v 11.929296 25.959496 -13.505002
v 13.597767 23.654840 -15.173470
v 13.597767 23.696953 -15.314892
v 13.371531 24.009453 -15.088655
v 13.145294 24.321953 -14.862419
v 12.919058 24.634453 -14.636183
v 12.692822 24.946953 -14.409946
v 12.466585 25.259453 -14.183710
v 12.240349 25.571953 -13.957475
v 12.014112 25.884453 -13.731238
v 11.787875 26.196953 -13.505002
v 13.173503 23.654840 -15.597734
v 11.505033 25.959496 -13.929266
v 11.505033 26.196953 -13.787845
v 11.731270 25.884453 -14.014081
v 11.957506 25.571953 -14.240317
v 12.183743 25.259453 -14.466553
v 12.409979 24.946953 -14.692789
v 12.636215 24.634453 -14.919025
v 12.862452 24.321953 -15.145262
v 13.088688 24.009453 -15.371498
v 13.314924 23.696953 -15.597734
v -10.929298 25.959496 -14.505003
v -10.787876 26.196953 -14.505003
v -11.014114 25.884453 -14.731239
v -11.240349 25.571953 -14.957476
v -11.466585 25.259453 -15.183711
v -11.692823 24.946953 -15.409949
v -11.919060 24.634453 -15.636185
v -12.145294 24.321953 -15.862421
v -12.371532 24.009453 -16.088655
v -12.597769 23.696953 -16.314892
v -12.597767 23.654840 -16.173470
v -12.173504 23.654839 -16.597734
v -12.314926 23.696953 -16.597736
v -12.088688 24.009453 -16.371498
v -11.862453 24.321953 -16.145264
v -11.636215 24.634453 -15.919027
v -11.409981 24.946953 -15.692792
v -11.183743 25.259453 -15.466554
v -10.957508 25.571953 -15.240318
v -10.731270 25.884453 -15.014082
v -10.505035 26.196953 -14.787846
v -10.505035 25.959496 -14.929267
v -9.929298 25.959496 -15.505003
v -9.787876 26.196953 -15.505003
v -10.014114 25.884453 -15.731238
v -10.240349 25.571953 -15.957475
v -10.466587 25.259453 -16.183712
v -10.692823 24.946953 -16.409948
v -10.919060 24.634453 -16.636185
v -11.145294 24.321953 -16.862419
v -11.371532 24.009453 -17.088655
v -11.597767 23.696953 -17.314892
v -11.597767 23.654839 -17.173470
v -11.173504 23.654839 -17.597736
v -11.314926 23.696953 -17.597734
v -11.088690 24.009453 -17.371498
v -10.862453 24.321953 -17.145264
v -10.636215 24.634453 -16.919027
v -10.409981 24.946953 -16.692791
v -10.183744 25.259453 -16.466557
v -9.957508 25.571953 -16.240318
v -9.731270 25.884453 -16.014082
v -9.505035 26.196953 -15.787846
v -9.505035 25.959496 -15.929268
v -11.929298 25.959496 -13.505003
v -11.787876 26.196953 -13.505004
v -12.014114 25.884453 -13.731240
v -12.240349 25.571953 -13.957477
v -12.466585 25.259453 -14.183712
v -12.692823 24.946953 -14.409950
v -12.919060 24.634453 -14.636184
v -13.145296 24.321953 -14.862420
v -13.371532 24.009453 -15.088655
v -13.597769 23.696953 -15.314892
v -13.597767 23.654840 -15.173471
v -13.173504 23.654840 -15.597734
v -13.314926 23.696953 -15.597735
v -13.088688 24.009453 -15.371499
v -12.862453 24.321953 -15.145264
v -12.636215 24.634453 -14.919027
v -12.409981 24.946953 -14.692792
v -12.183743 25.259453 -14.466554
v -11.957508 25.571953 -14.240318
v -11.731270 25.884453 -14.014082
v -11.505035 26.196953 -13.787846
v -11.505035 25.959496 -13.929268
vn -0.7071 -0.0000 -0.7071
vn 0.7071 -0.0000 0.7071
vn 0.7071 -0.0000 -0.7071
vn -0.7071 -0.0000 0.7071
vn -0.5000 -0.7071 0.5000
vn 0.5000 0.7071 -0.5000
vn 0.4941 0.7154 -0.4941
vn 0.2785 -0.9191 -0.2785
vn -0.0000 -0.0000 1.0000
vn 1.0000 -0.0000 -0.0000
vn -1.0000 -0.0000 -0.0000
vn -0.0000 -0.0000 -1.0000
vn 0.1464 -0.5000 0.8536
vn -0.8536 -0.5000 -0.1464
vn -0.1464 0.5000 -0.8536
vn 0.8536 0.5000 0.1464
vn 0.8448 0.5120 0.1552
vn -0.1552 0.5120 -0.8448
vn 0.1552 -0.5120 0.8448
vn -0.8448 -0.5120 -0.1552
vn 0.6970 -0.6499 0.3030
vn -0.3030 -0.6499 -0.6970
vn -0.2315 0.9449 0.2315
vn 0.9881 -0.1220 -0.0937
vn 0.6734 -0.3050 -0.6734
vn 0.0937 -0.1220 -0.9881
vn -0.5462 0.7618 -0.3482
vn 0.3482 0.7618 0.5462
vn 0.3483 0.7618 0.5462
vn -0.0000 -1.0000 -0.0000
vn 0.5000 -0.7071 0.5000
vn -0.5000 -0.7071 -0.5000
vn -0.5462 0.7618 -0.3483
vn -0.5000 0.7071 -0.5000
vn -0.4941 0.7154 -0.4941
vn -0.2785 -0.9191 -0.2785
vn -0.1464 -0.5000 0.8536
vn 0.8536 -0.5000 -0.1464
vn 0.1464 0.5000 -0.8536
vn -0.8536 0.5000 0.1464
vn -0.8448 0.5120 0.1552
vn 0.1552 0.5120 -0.8448
vn -0.1552 -0.5120 0.8448
vn -0.1552 -0.5121 0.8448
vn 0.8448 -0.5120 -0.1552
vn -0.6970 -0.6499 0.3030
vn 0.3030 -0.6499 -0.6970
vn 0.2315 0.9449 0.2315
vn -0.9881 -0.1220 -0.0936
vn -0.9881 -0.1220 -0.0937
vn -0.6734 -0.3050 -0.6734
vn -0.0937 -0.1220 -0.9881
vn -0.0936 -0.1220 -0.9881
vn 0.5462 0.7618 -0.3482
vn 0.5462 0.7619 -0.3482
vn -0.3482 0.7618 0.5462
vn -0.3482 0.7619 0.5462
vn -0.6734 -0.3051 -0.6734
vn -0.9881 -0.1219 -0.0936
vn -0.9881 -0.1219 -0.0937
vn 0.5462 0.7618 -0.3483
vn -0.0937 -0.1219 -0.9881
vn 0.5000 -0.7071 -0.5000
vn -0.6970 -0.6499 0.3031
vn -0.4940 0.7154 -0.4940
vn -0.3482 0.7619 0.5461
vn 0.8494 0.5059 0.1506
vn 0.8494 0.5058 0.1507
vn 0.8494 0.5058 0.1506
vn -0.1506 0.5059 -0.8494
vn -0.1507 0.5058 -0.8494
vn -0.1506 0.5058 -0.8494
vn -0.8494 0.5059 0.1506
vn -0.8494 0.5058 0.1506
vn -0.8493 0.5059 0.1506
vn -0.8494 0.5058 0.1507
vn 0.1506 0.5058 -0.8494
vn 0.1506 0.5059 -0.8494
vn 0.1507 0.5058 -0.8494
vn 0.1506 0.5059 -0.8493
vt 0.465127 0.209560
vt 0.447778 0.210903
vt 0.466434 0.215255
vt 0.404143 0.164097
vt 0.422799 0.159745
vt 0.407653 0.148801
vt 0.421492 0.165440
vt 0.451288 0.226199
vt 0.399892 0.225917
vt 0.421372 0.227581
vt 0.419134 0.210687
vt 0.402656 0.205547
vt 0.443528 0.149083
vt 0.446291 0.169453
vt 0.462769 0.164313
vt 0.465007 0.147419
vt 0.862500 0.185207
vt 0.856135 0.185207
vt 0.856135 0.191744
vt 0.862500 0.191744
vt 0.849771 0.212188
vt 0.849771 0.229952
vt 0.856135 0.229952
vt 0.856135 0.212188
vt 0.849771 0.237500
vt 0.856135 0.237500
vt 0.856135 0.172134
vt 0.862500 0.172134
vt 0.481135 0.165597
vt 0.487500 0.165597
vt 0.463956 0.142838
vt 0.442476 0.144502
vt 0.398841 0.230498
vt 0.420320 0.232162
vt 0.862500 0.165597
vt 0.856135 0.165597
vt 0.395821 0.200355
vt 0.412299 0.205494
vt 0.439457 0.174645
vt 0.455935 0.169506
vt 0.856135 0.205746
vt 0.849771 0.205746
vt 0.862500 0.218963
vt 0.856135 0.218963
vt 0.862500 0.237500
vt 0.856135 0.174317
vt 0.849771 0.174317
vt 0.806135 0.158392
vt 0.804606 0.165054
vt 0.804606 0.165055
vt 0.806137 0.158385
vt 0.778436 0.138379
vt 0.778373 0.138333
vt 0.851362 0.142439
vt 0.851362 0.144256
vt 0.854544 0.144256
vt 0.854544 0.142439
vt 0.856135 0.168007
vt 0.849771 0.168007
vt 0.849771 0.216608
vt 0.822072 0.236621
vt 0.822008 0.236667
vt 0.849772 0.216615
vt 0.848242 0.209946
vt 0.848242 0.209946
vt 0.770010 0.225538
vt 0.773495 0.206191
vt 0.769334 0.206834
vt 0.765129 0.225160
vt 0.798295 0.210043
vt 0.801254 0.227959
vt 0.806135 0.228337
vt 0.802455 0.209400
vt 0.817131 0.168809
vt 0.813646 0.149462
vt 0.808764 0.149840
vt 0.812970 0.168166
vt 0.844889 0.147041
vt 0.841930 0.164957
vt 0.846091 0.165600
vt 0.849771 0.146663
vt 0.431661 0.140677
vt 0.437069 0.142589
vt 0.468312 0.140169
vt 0.799676 0.234831
vt 0.804033 0.237500
vt 0.843312 0.140169
vt 0.847668 0.137500
vt 0.812069 0.142589
vt 0.806661 0.140677
vt 0.768433 0.232411
vt 0.763026 0.234323
vt 0.766661 0.200998
vt 0.762500 0.201642
vt 0.810296 0.174002
vt 0.806135 0.173358
vt 0.835096 0.170149
vt 0.839256 0.170793
vt 0.791460 0.204851
vt 0.795621 0.204207
vt 0.800435 0.165746
vt 0.804378 0.166051
vt 0.775200 0.163791
vt 0.771257 0.163486
vt 0.818835 0.211209
vt 0.814892 0.211514
vt 0.844070 0.209254
vt 0.848013 0.208949
vt 0.779937 0.143151
vt 0.801967 0.159068
vt 0.777220 0.137500
vt 0.845603 0.215932
vt 0.823572 0.231849
vt 0.820856 0.237500
vt 0.854544 0.149015
vt 0.851362 0.149015
vt 0.851362 0.150832
vt 0.854544 0.150832
vt 0.854544 0.155591
vt 0.851362 0.155591
vt 0.851362 0.157408
vt 0.854544 0.157408
vt 0.854544 0.162167
vt 0.851362 0.162167
vt 0.851362 0.163984
vt 0.854544 0.163984
vt 0.854544 0.152303
vt 0.851362 0.152303
vt 0.851362 0.154121
vt 0.854544 0.154121
vt 0.854544 0.158879
vt 0.851362 0.158879
vt 0.851362 0.160696
vt 0.854544 0.160696
vt 0.854544 0.165455
vt 0.851362 0.165455
vt 0.851362 0.167272
vt 0.854544 0.167272
vt 0.854544 0.145727
vt 0.851362 0.145727
vt 0.851362 0.147544
vt 0.854544 0.147544
vt 0.849771 0.141704
vt 0.849771 0.144992
vt 0.475731 0.144808
vt 0.480175 0.144808
vt 0.479380 0.144440
vt 0.476527 0.144440
vt 0.856135 0.144992
vt 0.856135 0.141704
vt 0.480175 0.141887
vt 0.475731 0.141887
vt 0.476527 0.142255
vt 0.479379 0.142255
vt 0.480175 0.148463
vt 0.475731 0.148463
vt 0.476527 0.148831
vt 0.479379 0.148831
vt 0.849771 0.148280
vt 0.849771 0.151568
vt 0.475731 0.151384
vt 0.480175 0.151384
vt 0.479380 0.151016
vt 0.476527 0.151016
vt 0.856135 0.151568
vt 0.856135 0.148280
vt 0.480175 0.155039
vt 0.475731 0.155039
vt 0.476527 0.155407
vt 0.479379 0.155407
vt 0.849771 0.154856
vt 0.849771 0.158144
vt 0.475731 0.157960
vt 0.480175 0.157960
vt 0.479379 0.157592
vt 0.476527 0.157592
vt 0.856135 0.158144
vt 0.856135 0.154856
vt 0.480175 0.161615
vt 0.475731 0.161615
vt 0.476527 0.161983
vt 0.479380 0.161983
vt 0.849771 0.161432
vt 0.849771 0.164720
vt 0.475731 0.164536
vt 0.480175 0.164536
vt 0.479380 0.164168
vt 0.476527 0.164168
vt 0.856135 0.164720
vt 0.856135 0.161432
vt 0.480175 0.151751
vt 0.475731 0.151751
vt 0.476527 0.152119
vt 0.479380 0.152119
vt 0.475731 0.154672
vt 0.480175 0.154672
vt 0.479379 0.154304
vt 0.476527 0.154304
vt 0.480175 0.158327
vt 0.475731 0.158327
vt 0.476527 0.158695
vt 0.479379 0.158695
vt 0.475731 0.161248
vt 0.480175 0.161248
vt 0.479379 0.160880
vt 0.476527 0.160880
vt 0.480175 0.164903
vt 0.475731 0.164903
vt 0.476527 0.165271
vt 0.479380 0.165271
vt 0.475731 0.167824
vt 0.480175 0.167824
vt 0.479380 0.167456
vt 0.476527 0.167456
vt 0.480175 0.145175
vt 0.475731 0.145175
vt 0.476527 0.145543
vt 0.479380 0.145543
vt 0.475731 0.148096
vt 0.480175 0.148096
vt 0.479379 0.147728
vt 0.476527 0.147728
vt 0.474771 0.144992
vt 0.481135 0.144992
vt 0.479544 0.144256
vt 0.476362 0.144256
vt 0.481135 0.141704
vt 0.474771 0.141704
vt 0.476362 0.142439
vt 0.479544 0.142439
vt 0.481135 0.148280
vt 0.474771 0.148280
vt 0.476362 0.149015
vt 0.479544 0.149015
vt 0.474771 0.151568
vt 0.481135 0.151568
vt 0.479544 0.150832
vt 0.476362 0.150832
vt 0.481135 0.154856
vt 0.474771 0.154856
vt 0.476362 0.155591
vt 0.479544 0.155591
vt 0.474771 0.158144
vt 0.481135 0.158144
vt 0.479544 0.157408
vt 0.476362 0.157408
vt 0.481135 0.161432
vt 0.474771 0.161432
vt 0.476362 0.162167
vt 0.479544 0.162167
vt 0.474771 0.164720
vt 0.481135 0.164720
vt 0.479544 0.163984
vt 0.476362 0.163984
vt 0.476362 0.152303
vt 0.479544 0.152303
vt 0.479544 0.154121
vt 0.476362 0.154121
vt 0.476362 0.158879
vt 0.479544 0.158879
vt 0.479544 0.160696
vt 0.476362 0.160696
vt 0.476362 0.165455
vt 0.479544 0.165455
vt 0.474771 0.168007
vt 0.481135 0.168007
vt 0.479544 0.167272
vt 0.476362 0.167272
vt 0.476362 0.145727
vt 0.479544 0.145727
vt 0.479544 0.147544
vt 0.476362 0.147544
vt 0.774892 0.225917
vt 0.777656 0.205547
vt 0.794134 0.210687
vt 0.796372 0.227581
vt 0.821291 0.169453
vt 0.818528 0.149083
vt 0.840007 0.147419
vt 0.837769 0.164313
vt 0.795320 0.232162
vt 0.773841 0.230498
vt 0.817476 0.144502
vt 0.838956 0.142838
vt 0.770821 0.200355
vt 0.814457 0.174645
vt 0.830935 0.169506
vt 0.787299 0.205494
vt 0.796492 0.165440
vt 0.779143 0.164097
vt 0.822778 0.210903
vt 0.840127 0.209560
vt 0.782653 0.148801
vt 0.797799 0.159745
vt 0.841434 0.215255
vt 0.826288 0.226199
vt 0.481135 0.148602
vt 0.487500 0.148602
vt 0.424676 0.234831
vt 0.393433 0.232411
vt 0.388026 0.234323
vt 0.429033 0.237500
vt 0.472668 0.137500
vt 0.481135 0.237500
vt 0.474771 0.237500
vt 0.802521 0.155780
vt 0.798907 0.153169
vt 0.795292 0.150557
vt 0.791678 0.147946
vt 0.788064 0.145334
vt 0.784449 0.142723
vt 0.780835 0.140111
vt 0.846156 0.219220
vt 0.842542 0.221831
vt 0.838928 0.224443
vt 0.835313 0.227054
vt 0.831699 0.229666
vt 0.828085 0.232277
vt 0.824470 0.234889
s 0
usemtl Placeable
f 11491/1690/549 11492/1691/549 11493/1692/549
f 11494/1693/550 11495/1694/550 11496/1695/550
f 11497/1694/550 11498/1693/550 11499/1696/550
f 11500/1692/549 11501/1691/549 11502/1697/549
f 11503/1690/549 11504/1691/549 11505/1692/549
f 11506/1693/550 11507/1694/550 11508/1695/550
f 11509/1694/550 11510/1693/550 11511/1696/550
f 11512/1692/549 11513/1691/549 11514/1697/549
f 11515/1690/549 11516/1691/549 11517/1692/549
f 11518/1693/550 11519/1694/550 11520/1695/550
f 11521/1694/550 11522/1693/550 11523/1696/550
f 11524/1692/549 11525/1691/549 11526/1697/549
f 11527/1690/551 11528/1692/551 11529/1691/551
f 11530/1693/552 11531/1695/552 11532/1694/552
f 11533/1694/552 11534/1696/552 11535/1693/552
f 11528/1692/551 11536/1697/551 11529/1691/551
f 11537/1690/551 11538/1692/551 11539/1691/551
f 11540/1693/552 11541/1695/552 11542/1694/552
f 11543/1694/552 11544/1696/552 11545/1693/552
f 11538/1692/551 11546/1697/551 11539/1691/551
f 11547/1690/551 11548/1692/551 11549/1691/551
f 11550/1693/552 11551/1695/552 11552/1694/552
f 11553/1694/552 11554/1696/552 11555/1693/552
f 11556/1692/551 11557/1697/551 11558/1691/551
f 11559/1698/550 11560/1699/550 11561/1700/550
f 11559/1698/550 11561/1700/550 11562/1701/550
f 11563/1702/549 11564/1703/549 11565/1704/549
f 11563/1702/549 11565/1704/549 11566/1705/549
f 11567/1706/553 11568/1707/553 11569/1708/553
f 11567/1706/553 11569/1708/553 11570/1709/553
f 11571/1710/551 11572/1711/551 11573/1712/551
f 11571/1710/551 11573/1712/551 11574/1713/551
f 11573/1712/551 11572/1711/551 11575/1714/551
f 11573/1712/551 11575/1714/551 11576/1715/551
f 11577/1716/552 11578/1707/552 11579/1706/552
f 11577/1716/552 11579/1706/552 11580/1717/552
f 11581/1718/552 11582/1719/552 11583/1719/552
f 11581/1718/552 11583/1719/552 11584/1718/552
f 11563/1702/549 11566/1705/549 11585/1720/549
f 11563/1702/549 11585/1720/549 11586/1721/549
f 11560/1699/550 11559/1698/550 11587/1722/550
f 11560/1699/550 11587/1722/550 11588/1723/550
f 11577/1716/552 11580/1717/552 11589/1724/552
f 11577/1716/552 11589/1724/552 11590/1725/552
f 11591/1726/550 11592/1727/550 11499/1696/550
f 11591/1726/550 11499/1696/550 11498/1693/550
f 11565/1704/549 11564/1703/549 11593/1728/549
f 11565/1704/549 11593/1728/549 11594/1729/549
f 11595/1701/550 11596/1700/550 11597/1727/550
f 11595/1701/550 11597/1727/550 11598/1726/550
f 11599/1710/554 11600/1713/554 11601/1730/554
f 11599/1710/554 11601/1730/554 11602/1731/554
f 11603/1732/552 11604/1733/552 11605/1715/552
f 11603/1732/552 11605/1715/552 11606/1734/552
f 11607/1709/552 11608/1708/552 11604/1733/552
f 11607/1709/552 11604/1733/552 11603/1732/552
f 11594/1729/549 11593/1728/549 11492/1691/549
f 11594/1729/549 11492/1691/549 11491/1690/549
f 11609/1731/551 11610/1730/551 11611/1735/551
f 11609/1731/551 11611/1735/551 11612/1736/551
f 11613/1737/550 11614/1738/550 11615/1739/550
f 11613/1737/550 11615/1739/550 11616/1740/550
f 11617/1741/550 11618/1737/550 11619/1740/550
f 11617/1741/550 11619/1740/550 11620/1742/550
f 11621/1743/555 11622/1744/555 11623/1745/555
f 11621/1743/555 11623/1745/555 11624/1746/555
f 11625/1736/551 11626/1735/551 11627/1747/551
f 11625/1736/551 11627/1747/551 11628/1748/551
f 11629/1736/556 11630/1735/556 11631/1735/556
f 11629/1736/556 11631/1735/556 11632/1736/556
f 11606/1734/552 11605/1715/552 11633/1715/552
f 11606/1734/552 11633/1715/552 11634/1734/552
f 11635/1749/549 11636/1750/549 11637/1751/549
f 11635/1749/549 11637/1751/549 11638/1752/549
f 11639/1753/549 11640/1749/549 11641/1752/549
f 11639/1753/549 11641/1752/549 11642/1754/549
f 11643/1755/557 11644/1756/557 11645/1757/557
f 11643/1755/557 11645/1757/557 11646/1758/557
f 11647/1759/558 11648/1760/558 11649/1761/558
f 11647/1759/558 11649/1761/558 11650/1762/558
f 11651/1763/559 11652/1764/559 11653/1765/559
f 11651/1763/559 11653/1765/559 11654/1766/559
f 11655/1767/560 11656/1768/560 11657/1769/560
f 11655/1767/560 11657/1769/560 11658/1770/560
f 11659/1771/559 11660/1772/559 11661/1772/559
f 11659/1771/559 11661/1772/559 11662/1771/559
f 11663/1772/549 11664/1773/549 11665/1773/549
f 11663/1772/549 11665/1773/549 11666/1772/549
f 11667/1760/558 11668/1774/558 11669/1775/558
f 11667/1760/558 11669/1775/558 11670/1761/558
f 11671/1776/560 11672/1767/560 11673/1770/560
f 11671/1776/560 11673/1770/560 11674/1777/560
f 11652/1764/559 11675/1778/559 11676/1779/559
f 11652/1764/559 11676/1779/559 11653/1765/559
f 11677/1780/557 11643/1755/557 11646/1758/557
f 11677/1780/557 11646/1758/557 11678/1781/557
f 11679/1756/561 11680/1782/561 11681/1783/561
f 11679/1756/561 11681/1783/561 11682/1757/561
f 11683/1784/562 11684/1763/562 11685/1766/562
f 11683/1784/562 11685/1766/562 11686/1785/562
f 11687/1768/563 11688/1786/563 11689/1787/563
f 11687/1768/563 11689/1787/563 11690/1769/563
f 11691/1788/564 11692/1759/564 11693/1762/564
f 11691/1788/564 11693/1762/564 11694/1789/564
f 11695/1790/558 11696/1788/558 11697/1789/558
f 11695/1790/558 11697/1789/558 11698/1791/558
f 11699/1782/557 11700/1792/557 11701/1793/557
f 11699/1782/557 11701/1793/557 11702/1783/557
f 11703/1794/559 11704/1784/559 11705/1785/559
f 11703/1794/559 11705/1785/559 11706/1795/559
f 11707/1786/560 11708/1796/560 11709/1797/560
f 11707/1786/560 11709/1797/560 11710/1787/560
f 11711/1798/565 11712/1799/565 11713/1737/565
f 11711/1798/565 11713/1737/565 11714/1800/565
f 11715/1801/566 11716/1802/566 11717/1803/566
f 11715/1801/566 11717/1803/566 11718/1749/566
f 11719/1792/557 11720/1798/557 11721/1800/557
f 11719/1792/557 11721/1800/557 11722/1793/557
f 11723/1802/559 11724/1794/559 11725/1795/559
f 11723/1802/559 11725/1795/559 11726/1803/559
f 11727/1796/560 11728/1801/560 11729/1749/560
f 11727/1796/560 11729/1749/560 11730/1797/560
f 11731/1799/558 11732/1790/558 11733/1791/558
f 11731/1799/558 11733/1791/558 11734/1737/558
f 11735/1737/567 11736/1741/567 11737/1800/567
f 11735/1737/567 11737/1800/567 11738/1737/567
f 11739/1750/568 11740/1749/568 11741/1749/568
f 11739/1750/568 11741/1749/568 11742/1803/568
f 11743/1749/559 11744/1753/559 11745/1797/559
f 11743/1749/559 11745/1797/559 11746/1749/559
f 11747/1738/557 11748/1737/557 11749/1737/557
f 11747/1738/557 11749/1737/557 11750/1791/557
f 11751/1754/560 11752/1752/560 11753/1749/560
f 11751/1754/560 11753/1749/560 11754/1797/560
f 11755/1740/558 11756/1739/558 11757/1791/558
f 11755/1740/558 11757/1791/558 11758/1737/558
f 11759/1741/557 11760/1742/557 11761/1800/557
f 11759/1741/557 11761/1800/557 11762/1800/557
f 11763/1739/569 11764/1738/569 11765/1791/569
f 11763/1739/569 11765/1791/569 11766/1791/569
f 11767/1753/570 11768/1754/570 11769/1797/570
f 11767/1753/570 11769/1797/570 11770/1797/570
f 11771/1751/559 11772/1750/559 11773/1803/559
f 11771/1751/559 11773/1803/559 11774/1803/559
f 11775/1804/555 11776/1805/555 11777/1806/555
f 11775/1804/555 11777/1806/555 11778/1807/555
f 11779/1808/555 11780/1809/555 11781/1810/555
f 11779/1808/555 11781/1810/555 11782/1811/555
f 11783/1812/555 11784/1813/555 11785/1814/555
f 11783/1812/555 11785/1814/555 11786/1815/555
f 11787/1816/555 11788/1817/555 11789/1818/555
f 11787/1816/555 11789/1818/555 11790/1819/555
f 11791/1820/555 11792/1821/555 11793/1822/555
f 11791/1820/555 11793/1822/555 11794/1823/555
f 11795/1824/555 11796/1825/555 11797/1826/555
f 11795/1824/555 11797/1826/555 11798/1827/555
f 11799/1828/555 11800/1829/555 11801/1830/555
f 11799/1828/555 11801/1830/555 11802/1831/555
f 11803/1832/555 11804/1833/555 11805/1744/555
f 11803/1832/555 11805/1744/555 11806/1743/555
f 11807/1834/555 11808/1835/555 11809/1836/555
f 11807/1834/555 11809/1836/555 11810/1837/555
f 11811/1838/555 11812/1839/555 11813/1746/555
f 11811/1838/555 11813/1746/555 11814/1745/555
f 11815/1840/555 11816/1841/555 11817/1842/555
f 11815/1840/555 11817/1842/555 11818/1843/555
f 11819/1844/555 11820/1845/555 11821/1846/555
f 11819/1844/555 11821/1846/555 11822/1847/555
f 11823/1848/555 11824/1849/555 11825/1806/555
f 11823/1848/555 11825/1806/555 11826/1805/555
f 11827/1850/555 11828/1851/555 11829/1852/555
f 11827/1850/555 11829/1852/555 11830/1853/555
f 11831/1854/555 11832/1855/555 11833/1804/555
f 11831/1854/555 11833/1804/555 11834/1807/555
f 11835/1856/555 11836/1857/555 11837/1858/555
f 11835/1856/555 11837/1858/555 11838/1859/555
f 11839/1860/555 11840/1861/555 11841/1810/555
f 11839/1860/555 11841/1810/555 11842/1809/555
f 11843/1862/555 11844/1863/555 11845/1864/555
f 11843/1862/555 11845/1864/555 11846/1865/555
s 1
f 11847/1866/555 11848/1867/555 11849/1808/555
s 0
f 11847/1866/555 11849/1808/555 11850/1811/555
f 11851/1868/555 11852/1869/555 11853/1870/555
f 11851/1868/555 11853/1870/555 11854/1871/555
f 11855/1872/555 11856/1873/555 11857/1814/555
f 11855/1872/555 11857/1814/555 11858/1813/555
f 11859/1874/555 11860/1875/555 11861/1876/555
f 11859/1874/555 11861/1876/555 11862/1877/555
f 11863/1878/555 11864/1879/555 11783/1812/555
f 11863/1878/555 11783/1812/555 11786/1815/555
f 11865/1880/555 11866/1881/555 11867/1882/555
f 11865/1880/555 11867/1882/555 11868/1883/555
f 11869/1849/555 11870/1860/555 11871/1818/555
f 11869/1849/555 11871/1818/555 11872/1817/555
f 11873/1884/555 11874/1885/555 11875/1886/555
f 11873/1884/555 11875/1886/555 11876/1887/555
f 11877/1867/555 11878/1854/555 11879/1816/555
f 11877/1867/555 11879/1816/555 11880/1819/555
f 11881/1888/555 11882/1889/555 11883/1890/555
f 11881/1888/555 11883/1890/555 11884/1891/555
f 11885/1861/555 11886/1872/555 11887/1822/555
f 11885/1861/555 11887/1822/555 11888/1821/555
f 11889/1892/555 11890/1893/555 11891/1894/555
f 11889/1892/555 11891/1894/555 11892/1895/555
f 11893/1879/555 11894/1866/555 11895/1820/555
f 11893/1879/555 11895/1820/555 11896/1823/555
f 11897/1896/555 11898/1897/555 11899/1898/555
f 11897/1896/555 11899/1898/555 11900/1899/555
f 11901/1873/555 11902/1748/555 11903/1826/555
f 11901/1873/555 11903/1826/555 11904/1825/555
f 11905/1900/555 11906/1901/555 11907/1902/555
f 11905/1900/555 11907/1902/555 11908/1903/555
f 11909/1747/555 11910/1878/555 11911/1824/555
f 11909/1747/555 11911/1824/555 11912/1827/555
f 11913/1904/555 11914/1905/555 11915/1906/555
f 11913/1904/555 11915/1906/555 11916/1907/555
f 11917/1833/555 11918/1848/555 11919/1830/555
f 11917/1833/555 11919/1830/555 11920/1829/555
f 11921/1908/555 11922/1909/555 11923/1910/555
f 11921/1908/555 11923/1910/555 11924/1911/555
f 11925/1855/555 11926/1838/555 11927/1828/555
f 11925/1855/555 11927/1828/555 11928/1831/555
f 11929/1912/571 11930/1913/571 11931/1835/571
f 11929/1912/571 11931/1835/571 11932/1834/571
f 11933/1913/572 11934/1914/572 11935/1836/572
f 11933/1913/572 11935/1836/572 11936/1835/572
f 11937/1914/573 11938/1915/573 11939/1837/573
f 11937/1914/573 11939/1837/573 11940/1836/573
f 11941/1915/574 11942/1912/574 11943/1834/574
f 11941/1915/574 11943/1834/574 11944/1837/574
f 11945/1916/573 11946/1917/573 11947/1841/573
f 11945/1916/573 11947/1841/573 11948/1840/573
f 11949/1917/575 11950/1918/575 11951/1842/575
f 11949/1917/575 11951/1842/575 11952/1841/575
f 11953/1918/571 11954/1919/571 11955/1843/571
f 11953/1918/571 11955/1843/571 11956/1842/571
f 11957/1919/576 11958/1916/576 11959/1840/576
f 11957/1919/576 11959/1840/576 11960/1843/576
f 11961/1920/573 11962/1921/573 11963/1845/573
f 11961/1920/573 11963/1845/573 11964/1844/573
f 11965/1921/575 11966/1922/575 11967/1846/575
f 11965/1921/575 11967/1846/575 11968/1845/575
f 11969/1922/571 11970/1923/571 11971/1847/571
f 11969/1922/571 11971/1847/571 11972/1846/571
f 11973/1923/576 11974/1920/576 11975/1844/576
f 11973/1923/576 11975/1844/576 11976/1847/576
f 11977/1924/571 11978/1925/571 11979/1851/571
f 11977/1924/571 11979/1851/571 11980/1850/571
f 11981/1925/572 11982/1926/572 11983/1852/572
f 11981/1925/572 11983/1852/572 11984/1851/572
f 11985/1926/573 11986/1927/573 11987/1853/573
f 11985/1926/573 11987/1853/573 11988/1852/573
f 11989/1927/574 11990/1924/574 11991/1850/574
f 11989/1927/574 11991/1850/574 11992/1853/574
f 11993/1928/573 11994/1929/573 11995/1857/573
f 11993/1928/573 11995/1857/573 11996/1856/573
f 11997/1929/575 11998/1930/575 11999/1858/575
f 11997/1929/575 11999/1858/575 12000/1857/575
f 12001/1930/571 12002/1931/571 12003/1859/571
f 12001/1930/571 12003/1859/571 12004/1858/571
f 12005/1931/576 12006/1928/576 12007/1856/576
f 12005/1931/577 12007/1856/577 12008/1859/577
f 12009/1932/571 12010/1933/571 12011/1863/571
f 12009/1932/571 12011/1863/571 12012/1862/571
f 12013/1933/572 12014/1934/572 12015/1864/572
f 12013/1933/572 12015/1864/572 12016/1863/572
f 12017/1934/573 12018/1935/573 12019/1865/573
f 12017/1934/573 12019/1865/573 12020/1864/573
f 12021/1935/574 12022/1932/574 12023/1862/574
f 12021/1935/574 12023/1862/574 12024/1865/574
f 12025/1936/573 12026/1937/573 12027/1869/573
f 12025/1936/573 12027/1869/573 12028/1868/573
f 12029/1937/575 12030/1938/575 12031/1870/575
f 12029/1937/575 12031/1870/575 12032/1869/575
f 12033/1938/571 12034/1939/571 12035/1871/571
f 12033/1938/571 12035/1871/571 12036/1870/571
f 12037/1939/576 12038/1936/576 12039/1868/576
f 12037/1939/577 12039/1868/577 12040/1871/577
f 12041/1940/571 12042/1941/571 12043/1875/571
f 12041/1940/571 12043/1875/571 12044/1874/571
f 12045/1941/572 12046/1942/572 12047/1876/572
f 12045/1941/572 12047/1876/572 12048/1875/572
f 12049/1942/573 12050/1943/573 12051/1877/573
f 12049/1942/573 12051/1877/573 12052/1876/573
f 12053/1943/574 12054/1940/574 12055/1874/574
f 12053/1943/574 12055/1874/574 12056/1877/574
f 12057/1925/573 12058/1924/573 12059/1881/573
f 12057/1925/573 12059/1881/573 12060/1880/573
f 12061/1924/575 12062/1944/575 12063/1882/575
f 12061/1924/575 12063/1882/575 12064/1881/575
f 12065/1944/571 12066/1945/571 12067/1883/571
f 12065/1944/571 12067/1883/571 12068/1882/571
f 12069/1945/576 12070/1925/576 12071/1880/576
f 12069/1945/576 12071/1880/576 12072/1883/576
f 12073/1929/571 12074/1928/571 12075/1885/571
f 12073/1929/571 12075/1885/571 12076/1884/571
f 12077/1928/572 12078/1946/572 12079/1886/572
f 12077/1928/572 12079/1886/572 12080/1885/572
f 12081/1946/573 12082/1947/573 12083/1887/573
f 12081/1946/573 12083/1887/573 12084/1886/573
f 12085/1947/574 12086/1929/574 12087/1884/574
f 12085/1947/574 12087/1884/574 12088/1887/574
f 12089/1933/573 12090/1932/573 12091/1889/573
f 12089/1933/573 12091/1889/573 12092/1888/573
f 12093/1932/575 12094/1948/575 12095/1890/575
f 12093/1932/575 12095/1890/575 12096/1889/575
f 12097/1948/571 12098/1949/571 12099/1891/571
f 12097/1948/571 12099/1891/571 12100/1890/571
f 12101/1949/576 12102/1933/576 12103/1888/576
f 12101/1949/576 12103/1888/576 12104/1891/576
f 12105/1937/571 12106/1936/571 12107/1893/571
f 12105/1937/571 12107/1893/571 12108/1892/571
f 12109/1936/572 12110/1950/572 12111/1894/572
f 12109/1936/572 12111/1894/572 12112/1893/572
f 12113/1950/573 12114/1951/573 12115/1895/573
f 12113/1950/573 12115/1895/573 12116/1894/573
f 12117/1951/574 12118/1937/574 12119/1892/574
f 12117/1951/574 12119/1892/574 12120/1895/574
f 12121/1941/573 12122/1940/573 12123/1897/573
f 12121/1941/573 12123/1897/573 12124/1896/573
f 12125/1940/575 12126/1952/575 12127/1898/575
f 12125/1940/575 12127/1898/575 12128/1897/575
f 12129/1952/571 12130/1953/571 12131/1899/571
f 12129/1952/571 12131/1899/571 12132/1898/571
f 12133/1953/576 12134/1941/576 12135/1896/576
f 12133/1953/577 12135/1896/577 12136/1899/577
f 12137/1954/571 12138/1955/571 12139/1901/571
f 12137/1954/571 12139/1901/571 12140/1900/571
f 12141/1955/572 12142/1956/572 12143/1902/572
f 12141/1955/572 12143/1902/572 12144/1901/572
f 12145/1956/573 12146/1957/573 12147/1903/573
f 12145/1956/573 12147/1903/573 12148/1902/573
f 12149/1957/574 12150/1954/574 12151/1900/574
f 12149/1957/574 12151/1900/574 12152/1903/574
f 12153/1913/573 12154/1912/573 12155/1905/573
f 12153/1913/573 12155/1905/573 12156/1904/573
f 12157/1912/575 12158/1958/575 12159/1906/575
f 12157/1912/575 12159/1906/575 12160/1905/575
f 12161/1958/571 12162/1959/571 12163/1907/571
f 12161/1958/571 12163/1907/571 12164/1906/571
f 12165/1959/576 12166/1913/576 12167/1904/576
f 12165/1959/576 12167/1904/576 12168/1907/576
f 12169/1921/571 12170/1920/571 12171/1909/571
f 12169/1921/571 12171/1909/571 12172/1908/571
f 12173/1920/572 12174/1960/572 12175/1910/572
f 12173/1920/572 12175/1910/572 12176/1909/572
f 12177/1960/573 12178/1961/573 12179/1911/573
f 12177/1960/573 12179/1911/573 12180/1910/573
f 12181/1961/574 12182/1921/574 12183/1908/574
f 12181/1961/574 12183/1908/574 12184/1911/574
f 12185/1962/550 12186/1963/550 12187/1756/550
f 12185/1962/550 12187/1756/550 12188/1755/550
f 12189/1964/550 12190/1965/550 12191/1760/550
f 12189/1964/550 12191/1760/550 12192/1759/550
f 12193/1966/549 12194/1967/549 12195/1764/549
f 12193/1966/549 12195/1764/549 12196/1763/549
f 12197/1968/549 12198/1969/549 12199/1768/549
f 12197/1968/549 12199/1768/549 12200/1767/549
f 12201/1970/550 12202/1971/550 12203/1780/550
f 12201/1970/550 12203/1780/550 12204/1774/550
f 12205/1972/549 12206/1973/549 12207/1776/549
f 12205/1972/549 12207/1776/549 12208/1778/549
f 12190/1965/550 12209/1970/550 12210/1774/550
f 12190/1965/550 12210/1774/550 12191/1760/550
f 12206/1973/549 12197/1968/549 12200/1767/549
f 12206/1973/549 12200/1767/549 12207/1776/549
f 12211/1967/549 12212/1972/549 12213/1778/549
f 12211/1967/549 12213/1778/549 12214/1764/549
f 12215/1971/550 12216/1962/550 12217/1755/550
f 12215/1971/550 12217/1755/550 12218/1780/550
f 12186/1963/550 12219/1974/550 12220/1782/550
f 12186/1963/550 12220/1782/550 12187/1756/550
f 12221/1975/549 12193/1966/549 12196/1763/549
f 12221/1975/549 12196/1763/549 12222/1784/549
f 12198/1969/549 12223/1976/549 12224/1786/549
f 12198/1969/549 12224/1786/549 12199/1768/549
f 12225/1977/550 12189/1964/550 12192/1759/550
f 12225/1977/550 12192/1759/550 12226/1788/550
f 12227/1978/550 12225/1977/550 12226/1788/550
f 12227/1978/550 12226/1788/550 12228/1790/550
f 12219/1974/550 12229/1979/550 12230/1792/550
f 12219/1974/550 12230/1792/550 12220/1782/550
f 12231/1980/549 12221/1975/549 12222/1784/549
f 12231/1980/549 12222/1784/549 12232/1794/549
f 12223/1976/549 12233/1981/549 12234/1796/549
f 12223/1976/549 12234/1796/549 12224/1786/549
f 12235/1982/550 12236/1983/550 12237/1799/550
f 12235/1982/550 12237/1799/550 12238/1798/550
f 12239/1984/549 12240/1985/549 12241/1802/549
f 12239/1984/549 12241/1802/549 12242/1801/549
f 12243/1979/550 12244/1982/550 12245/1798/550
f 12243/1979/550 12245/1798/550 12246/1792/550
f 12247/1985/549 12248/1980/549 12249/1794/549
f 12247/1985/549 12249/1794/549 12250/1802/549
f 12251/1981/549 12252/1984/549 12253/1801/549
f 12251/1981/549 12253/1801/549 12254/1796/549
f 12255/1983/550 12256/1978/550 12257/1790/550
f 12255/1983/550 12257/1790/550 12258/1799/550
f 12259/1986/578 12260/1718/578 12261/1719/578
f 12259/1986/578 12261/1719/578 12262/1987/578
f 12263/1988/579 12264/1989/579 12265/1990/579
f 12263/1988/579 12265/1990/579 12266/1991/579
f 12267/1772/580 12268/1773/580 12269/1992/580
f 12267/1772/580 12269/1992/580 12270/1771/580
f 12271/1991/558 12272/1988/558 12273/1988/558
f 12271/1991/558 12273/1988/558 12274/1991/558
f 12275/1988/550 12276/1989/550 12277/1989/550
f 12275/1988/550 12277/1989/550 12278/1988/550
f 12279/1773/560 12280/1992/560 12281/1992/560
f 12279/1773/560 12281/1992/560 12282/1773/560
f 12283/1989/557 12284/1990/557 12285/1990/557
f 12283/1989/557 12285/1990/557 12286/1989/557
f 12287/1993/551 12288/1994/551 12289/1994/551
f 12287/1993/551 12289/1994/551 12290/1993/551
f 12291/1698/550 12292/1699/550 12293/1700/550
f 12291/1698/550 12293/1700/550 12294/1701/550
f 12295/1702/549 12296/1703/549 12297/1704/549
f 12295/1702/549 12297/1704/549 12298/1705/549
f 12299/1706/553 12300/1707/553 12301/1708/553
f 12299/1706/553 12301/1708/553 12302/1709/553
f 12303/1710/551 12304/1711/551 12305/1712/551
f 12303/1710/551 12305/1712/551 12306/1713/551
f 12305/1712/551 12304/1711/551 12307/1714/551
f 12305/1712/551 12307/1714/551 12308/1715/551
f 12309/1716/552 12310/1707/552 12311/1706/552
f 12309/1716/552 12311/1706/552 12312/1717/552
f 12313/1718/552 12314/1719/552 12315/1719/552
f 12313/1718/552 12315/1719/552 12316/1718/552
f 12295/1702/549 12298/1705/549 12317/1720/549
f 12295/1702/549 12317/1720/549 12318/1721/549
f 12292/1699/550 12291/1698/550 12319/1722/550
f 12292/1699/550 12319/1722/550 12320/1723/550
f 12309/1716/552 12312/1717/552 12321/1724/552
f 12309/1716/552 12321/1724/552 12322/1725/552
f 12323/1726/550 12324/1727/550 12325/1696/550
f 12323/1726/550 12325/1696/550 12326/1693/550
f 12297/1704/549 12296/1703/549 12327/1728/549
f 12297/1704/549 12327/1728/549 12328/1729/549
f 12294/1701/550 12293/1700/550 12324/1727/550
f 12294/1701/550 12324/1727/550 12323/1726/550
f 12329/1710/554 12330/1713/554 12331/1730/554
f 12329/1710/554 12331/1730/554 12332/1731/554
f 12333/1732/552 12334/1733/552 12335/1715/552
f 12333/1732/552 12335/1715/552 12336/1734/552
f 12337/1709/552 12338/1708/552 12334/1733/552
f 12337/1709/552 12334/1733/552 12333/1732/552
f 12328/1729/549 12327/1728/549 11504/1691/549
f 12328/1729/549 11504/1691/549 11503/1690/549
f 12339/1731/551 12340/1730/551 12341/1735/551
f 12339/1731/551 12341/1735/551 12342/1736/551
f 12343/1737/550 12344/1738/550 12345/1739/550
f 12343/1737/550 12345/1739/550 12346/1740/550
f 12347/1741/550 12348/1737/550 12349/1740/550
f 12347/1741/550 12349/1740/550 12350/1742/550
f 12351/1743/555 12352/1744/555 12353/1745/555
f 12351/1743/555 12353/1745/555 12354/1746/555
f 12355/1736/551 12356/1735/551 12357/1747/551
f 12355/1736/551 12357/1747/551 12358/1748/551
f 12359/1736/556 12360/1735/556 12361/1735/556
f 12359/1736/556 12361/1735/556 12362/1736/556
f 12336/1734/552 12335/1715/552 12363/1715/552
f 12336/1734/552 12363/1715/552 12364/1734/552
f 12365/1749/549 12366/1750/549 12367/1751/549
f 12365/1749/549 12367/1751/549 12368/1752/549
f 12369/1753/549 12365/1749/549 12368/1752/549
f 12369/1753/549 12368/1752/549 12370/1754/549
f 12371/1755/557 12372/1756/557 12373/1757/557
f 12371/1755/557 12373/1757/557 12374/1758/557
f 12375/1759/558 12376/1760/558 12377/1761/558
f 12375/1759/558 12377/1761/558 12378/1762/558
f 12379/1763/559 12380/1764/559 12381/1765/559
f 12379/1763/559 12381/1765/559 12382/1766/559
f 12383/1767/560 12384/1768/560 12385/1769/560
f 12383/1767/560 12385/1769/560 12386/1770/560
f 12387/1771/559 12388/1772/559 12389/1772/559
f 12387/1771/559 12389/1772/559 12390/1771/559
f 12391/1772/549 12392/1773/549 12393/1773/549
f 12391/1772/549 12393/1773/549 12394/1772/549
f 12395/1760/558 12396/1774/558 12397/1775/558
f 12395/1760/558 12397/1775/558 12398/1761/558
f 12399/1776/560 12400/1767/560 12401/1770/560
f 12399/1776/560 12401/1770/560 12402/1777/560
f 12380/1764/559 12403/1778/559 12404/1779/559
f 12380/1764/559 12404/1779/559 12381/1765/559
f 12405/1780/557 12406/1755/557 12407/1758/557
f 12405/1780/557 12407/1758/557 12408/1781/557
f 12409/1756/561 12410/1782/561 12411/1783/561
f 12409/1756/561 12411/1783/561 12412/1757/561
f 12413/1784/562 12414/1763/562 12415/1766/562
f 12413/1784/562 12415/1766/562 12416/1785/562
f 12417/1768/563 12418/1786/563 12419/1787/563
f 12417/1768/563 12419/1787/563 12420/1769/563
f 12421/1788/564 12422/1759/564 12423/1762/564
f 12421/1788/564 12423/1762/564 12424/1789/564
f 12425/1790/558 12426/1788/558 12427/1789/558
f 12425/1790/558 12427/1789/558 12428/1791/558
f 12429/1782/557 12430/1792/557 12431/1793/557
f 12429/1782/557 12431/1793/557 12432/1783/557
f 12433/1794/559 12434/1784/559 12435/1785/559
f 12433/1794/559 12435/1785/559 12436/1795/559
f 12437/1786/560 12438/1796/560 12439/1797/560
f 12437/1786/560 12439/1797/560 12440/1787/560
f 12441/1798/565 12442/1799/565 12443/1737/565
f 12441/1798/565 12443/1737/565 12444/1800/565
f 12445/1801/566 12446/1802/566 12447/1803/566
f 12445/1801/566 12447/1803/566 12448/1749/566
f 12449/1792/557 12450/1798/557 12451/1800/557
f 12449/1792/557 12451/1800/557 12452/1793/557
f 12453/1802/559 12454/1794/559 12455/1795/559
f 12453/1802/559 12455/1795/559 12456/1803/559
f 12457/1796/560 12458/1801/560 12459/1749/560
f 12457/1796/560 12459/1749/560 12460/1797/560
f 12461/1799/558 12462/1790/558 12463/1791/558
f 12461/1799/558 12463/1791/558 12464/1737/558
f 12465/1737/567 12466/1741/567 12467/1800/567
f 12465/1737/567 12467/1800/567 12468/1737/567
f 12469/1750/568 12470/1749/568 12471/1749/568
f 12469/1750/568 12471/1749/568 12472/1803/568
f 12473/1749/559 12474/1753/559 12475/1797/559
f 12473/1749/559 12475/1797/559 12476/1749/559
f 12477/1738/557 12478/1737/557 12479/1737/557
f 12477/1738/557 12479/1737/557 12480/1791/557
f 12481/1754/560 12482/1752/560 12483/1749/560
f 12481/1754/560 12483/1749/560 12484/1797/560
f 12485/1740/558 12486/1739/558 12487/1791/558
f 12485/1740/558 12487/1791/558 12488/1737/558
f 12489/1741/557 12490/1742/557 12491/1800/557
f 12489/1741/557 12491/1800/557 12492/1800/557
f 12493/1739/569 12494/1738/569 12495/1791/569
f 12493/1739/569 12495/1791/569 12496/1791/569
f 12497/1753/570 12498/1754/570 12499/1797/570
f 12497/1753/570 12499/1797/570 12500/1797/570
f 12501/1751/559 12502/1750/559 12503/1803/559
f 12501/1751/559 12503/1803/559 12504/1803/559
f 12505/1804/555 12506/1805/555 12507/1806/555
f 12505/1804/555 12507/1806/555 12508/1807/555
f 12509/1808/555 12510/1809/555 12511/1810/555
f 12509/1808/555 12511/1810/555 12512/1811/555
f 12513/1812/555 12514/1813/555 12515/1814/555
f 12513/1812/555 12515/1814/555 12516/1815/555
f 12517/1816/555 12518/1817/555 12519/1818/555
f 12517/1816/555 12519/1818/555 12520/1819/555
f 12521/1820/555 12522/1821/555 12523/1822/555
f 12521/1820/555 12523/1822/555 12524/1823/555
f 12525/1824/555 12526/1825/555 12527/1826/555
f 12525/1824/555 12527/1826/555 12528/1827/555
f 12529/1828/555 12530/1829/555 12531/1830/555
f 12529/1828/555 12531/1830/555 12532/1831/555
f 12533/1832/555 12534/1833/555 12535/1744/555
f 12533/1832/555 12535/1744/555 12536/1743/555
s 1
f 12537/1834/555 12538/1835/555 12539/1836/555
s 0
f 12537/1834/555 12539/1836/555 12540/1837/555
f 12541/1838/555 12542/1839/555 12543/1746/555
f 12541/1838/555 12543/1746/555 12544/1745/555
f 12545/1840/555 12546/1841/555 12547/1842/555
f 12545/1840/555 12547/1842/555 12548/1843/555
f 12549/1844/555 12550/1845/555 12551/1846/555
f 12549/1844/555 12551/1846/555 12552/1847/555
f 12553/1848/555 12554/1849/555 12555/1806/555
f 12553/1848/555 12555/1806/555 12556/1805/555
f 12557/1850/555 12558/1851/555 12559/1852/555
f 12557/1850/555 12559/1852/555 12560/1853/555
f 12561/1854/555 12562/1855/555 12563/1804/555
f 12561/1854/555 12563/1804/555 12564/1807/555
f 12565/1856/555 12566/1857/555 12567/1858/555
f 12565/1856/555 12567/1858/555 12568/1859/555
f 12569/1860/555 12570/1861/555 12571/1810/555
f 12569/1860/555 12571/1810/555 12572/1809/555
f 12573/1862/555 12574/1863/555 12575/1864/555
f 12573/1862/555 12575/1864/555 12576/1865/555
f 12577/1866/555 12578/1867/555 12579/1808/555
f 12577/1866/555 12579/1808/555 12580/1811/555
f 12581/1868/555 12582/1869/555 12583/1870/555
f 12581/1868/555 12583/1870/555 12584/1871/555
f 12585/1872/555 12586/1873/555 12587/1814/555
f 12585/1872/555 12587/1814/555 12588/1813/555
f 12589/1874/555 12590/1875/555 12591/1876/555
f 12589/1874/555 12591/1876/555 12592/1877/555
f 12593/1878/555 12594/1879/555 12595/1812/555
f 12593/1878/555 12595/1812/555 12596/1815/555
f 12597/1880/555 12598/1881/555 12599/1882/555
f 12597/1880/555 12599/1882/555 12600/1883/555
f 12601/1849/555 12602/1860/555 12603/1818/555
f 12601/1849/555 12603/1818/555 12604/1817/555
f 12605/1884/555 12606/1885/555 12607/1886/555
f 12605/1884/555 12607/1886/555 12608/1887/555
f 12609/1867/555 12610/1854/555 12611/1816/555
f 12609/1867/555 12611/1816/555 12612/1819/555
f 12613/1888/555 12614/1889/555 12615/1890/555
f 12613/1888/555 12615/1890/555 12616/1891/555
f 12617/1861/555 12618/1872/555 12619/1822/555
f 12617/1861/555 12619/1822/555 12620/1821/555
f 12621/1892/555 12622/1893/555 12623/1894/555
f 12621/1892/555 12623/1894/555 12624/1895/555
f 12625/1879/555 12626/1866/555 12627/1820/555
f 12625/1879/555 12627/1820/555 12628/1823/555
f 12629/1896/555 12630/1897/555 12631/1898/555
f 12629/1896/555 12631/1898/555 12632/1899/555
f 12633/1873/555 12634/1748/555 12635/1826/555
f 12633/1873/555 12635/1826/555 12636/1825/555
f 12637/1900/555 12638/1901/555 12639/1902/555
f 12637/1900/555 12639/1902/555 12640/1903/555
f 12641/1747/555 12642/1878/555 12643/1824/555
f 12641/1747/555 12643/1824/555 12644/1827/555
f 12645/1904/555 12646/1905/555 12647/1906/555
f 12645/1904/555 12647/1906/555 12648/1907/555
f 12649/1833/555 12650/1848/555 12651/1830/555
f 12649/1833/555 12651/1830/555 12652/1829/555
s 1
f 12653/1908/555 12654/1909/555 12655/1910/555
s 0
f 12653/1908/555 12655/1910/555 12656/1911/555
f 12657/1855/555 12658/1838/555 12659/1828/555
f 12657/1855/555 12659/1828/555 12660/1831/555
f 12661/1912/571 12662/1913/571 12663/1835/571
f 12661/1912/571 12663/1835/571 12664/1834/571
f 12665/1913/572 12666/1914/572 12667/1836/572
f 12665/1913/572 12667/1836/572 12668/1835/572
f 12669/1914/573 12670/1915/573 12671/1837/573
f 12669/1914/573 12671/1837/573 12672/1836/573
f 12673/1915/574 12674/1912/574 12675/1834/574
f 12673/1915/574 12675/1834/574 12676/1837/574
f 12677/1916/573 12678/1917/573 12679/1841/573
f 12677/1916/573 12679/1841/573 12680/1840/573
f 12681/1917/575 12682/1918/575 12683/1842/575
f 12681/1917/575 12683/1842/575 12684/1841/575
f 12685/1918/571 12686/1919/571 12687/1843/571
f 12685/1918/571 12687/1843/571 12688/1842/571
f 12689/1919/576 12690/1916/576 12691/1840/576
f 12689/1919/576 12691/1840/576 12692/1843/576
f 12693/1920/573 12694/1921/573 12695/1845/573
f 12693/1920/573 12695/1845/573 12696/1844/573
f 12697/1921/575 12698/1922/575 12699/1846/575
f 12697/1921/575 12699/1846/575 12700/1845/575
f 12701/1922/571 12702/1923/571 12703/1847/571
f 12701/1922/571 12703/1847/571 12704/1846/571
f 12705/1923/576 12706/1920/576 12707/1844/576
f 12705/1923/576 12707/1844/576 12708/1847/576
f 12709/1924/571 12710/1925/571 12711/1851/571
f 12709/1924/571 12711/1851/571 12712/1850/571
f 12713/1925/572 12714/1926/572 12715/1852/572
f 12713/1925/572 12715/1852/572 12716/1851/572
f 12717/1926/573 12718/1927/573 12719/1853/573
f 12717/1926/573 12719/1853/573 12720/1852/573
f 12721/1927/574 12722/1924/574 12723/1850/574
f 12721/1927/574 12723/1850/574 12724/1853/574
f 12725/1928/573 12726/1929/573 12727/1857/573
f 12725/1928/573 12727/1857/573 12728/1856/573
f 12729/1929/575 12730/1930/575 12731/1858/575
f 12729/1929/575 12731/1858/575 12732/1857/575
f 12733/1930/571 12734/1931/571 12735/1859/571
f 12733/1930/571 12735/1859/571 12736/1858/571
f 12737/1931/576 12738/1928/576 12739/1856/576
f 12737/1931/577 12739/1856/577 12740/1859/577
f 12741/1932/571 12742/1933/571 12743/1863/571
f 12741/1932/571 12743/1863/571 12744/1862/571
f 12745/1933/572 12746/1934/572 12747/1864/572
f 12745/1933/572 12747/1864/572 12748/1863/572
f 12749/1934/573 12750/1935/573 12751/1865/573
f 12749/1934/573 12751/1865/573 12752/1864/573
f 12753/1935/574 12754/1932/574 12755/1862/574
f 12753/1935/574 12755/1862/574 12756/1865/574
f 12757/1936/573 12758/1937/573 12759/1869/573
f 12757/1936/573 12759/1869/573 12760/1868/573
f 12761/1937/575 12762/1938/575 12763/1870/575
f 12761/1937/575 12763/1870/575 12764/1869/575
f 12765/1938/571 12766/1939/571 12767/1871/571
f 12765/1938/571 12767/1871/571 12768/1870/571
f 12769/1939/576 12770/1936/576 12771/1868/576
f 12769/1939/577 12771/1868/577 12772/1871/577
f 12773/1940/571 12774/1941/571 12775/1875/571
f 12773/1940/571 12775/1875/571 12776/1874/571
f 12777/1941/572 12778/1942/572 12779/1876/572
f 12777/1941/572 12779/1876/572 12780/1875/572
f 12781/1942/573 12782/1943/573 12783/1877/573
f 12781/1942/573 12783/1877/573 12784/1876/573
f 12785/1943/574 12786/1940/574 12787/1874/574
f 12785/1943/574 12787/1874/574 12788/1877/574
f 12789/1925/573 12790/1924/573 12791/1881/573
f 12789/1925/573 12791/1881/573 12792/1880/573
f 12793/1924/575 12794/1944/575 12795/1882/575
f 12793/1924/575 12795/1882/575 12796/1881/575
f 12797/1944/571 12798/1945/571 12799/1883/571
f 12797/1944/571 12799/1883/571 12800/1882/571
f 12801/1945/576 12802/1925/576 12803/1880/576
f 12801/1945/576 12803/1880/576 12804/1883/576
f 12805/1929/571 12806/1928/571 12807/1885/571
f 12805/1929/571 12807/1885/571 12808/1884/571
f 12809/1928/572 12810/1946/572 12811/1886/572
f 12809/1928/572 12811/1886/572 12812/1885/572
s 1
f 12813/1946/573 12814/1947/573 12815/1887/573
s 0
f 12813/1946/573 12815/1887/573 12816/1886/573
f 12817/1947/574 12818/1929/574 12819/1884/574
f 12817/1947/574 12819/1884/574 12820/1887/574
f 12821/1933/573 12822/1932/573 12823/1889/573
f 12821/1933/573 12823/1889/573 12824/1888/573
f 12825/1932/575 12826/1948/575 12827/1890/575
f 12825/1932/575 12827/1890/575 12828/1889/575
f 12829/1948/571 12830/1949/571 12831/1891/571
f 12829/1948/571 12831/1891/571 12832/1890/571
f 12833/1949/576 12834/1933/576 12835/1888/576
f 12833/1949/576 12835/1888/576 12836/1891/576
f 12837/1937/571 12838/1936/571 12839/1893/571
f 12837/1937/571 12839/1893/571 12840/1892/571
f 12841/1936/572 12842/1950/572 12843/1894/572
f 12841/1936/572 12843/1894/572 12844/1893/572
f 12845/1950/573 12846/1951/573 12847/1895/573
f 12845/1950/573 12847/1895/573 12848/1894/573
f 12849/1951/574 12850/1937/574 12851/1892/574
f 12849/1951/574 12851/1892/574 12852/1895/574
f 12853/1941/573 12854/1940/573 12855/1897/573
f 12853/1941/573 12855/1897/573 12856/1896/573
f 12857/1940/575 12858/1952/575 12859/1898/575
f 12857/1940/575 12859/1898/575 12860/1897/575
f 12861/1952/571 12862/1953/571 12863/1899/571
f 12861/1952/571 12863/1899/571 12864/1898/571
f 12865/1953/576 12866/1941/576 12867/1896/576
f 12865/1953/577 12867/1896/577 12868/1899/577
f 12869/1954/571 12870/1955/571 12871/1901/571
f 12869/1954/571 12871/1901/571 12872/1900/571
f 12873/1955/572 12874/1956/572 12875/1902/572
f 12873/1955/572 12875/1902/572 12876/1901/572
f 12877/1956/573 12878/1957/573 12879/1903/573
f 12877/1956/573 12879/1903/573 12880/1902/573
f 12881/1957/574 12882/1954/574 12883/1900/574
f 12881/1957/574 12883/1900/574 12884/1903/574
f 12885/1913/573 12886/1912/573 12887/1905/573
f 12885/1913/573 12887/1905/573 12888/1904/573
f 12889/1912/575 12890/1958/575 12891/1906/575
f 12889/1912/575 12891/1906/575 12892/1905/575
f 12893/1958/571 12894/1959/571 12895/1907/571
f 12893/1958/571 12895/1907/571 12896/1906/571
f 12897/1959/576 12898/1913/576 12899/1904/576
f 12897/1959/576 12899/1904/576 12900/1907/576
f 12901/1921/571 12902/1920/571 12903/1909/571
f 12901/1921/571 12903/1909/571 12904/1908/571
f 12905/1920/572 12906/1960/572 12907/1910/572
f 12905/1920/572 12907/1910/572 12908/1909/572
f 12909/1960/573 12910/1961/573 12911/1911/573
f 12909/1960/573 12911/1911/573 12912/1910/573
f 12913/1961/574 12914/1921/574 12915/1908/574
f 12913/1961/574 12915/1908/574 12916/1911/574
f 12917/1962/550 12918/1963/550 12919/1756/550
f 12917/1962/550 12919/1756/550 12920/1755/550
f 12921/1964/550 12922/1965/550 12923/1760/550
f 12921/1964/550 12923/1760/550 12924/1759/550
f 12925/1966/549 12926/1967/549 12927/1764/549
f 12925/1966/549 12927/1764/549 12928/1763/549
f 12929/1968/549 12930/1969/549 12931/1768/549
f 12929/1968/549 12931/1768/549 12932/1767/549
f 12933/1970/550 12934/1971/550 12935/1780/550
f 12933/1970/550 12935/1780/550 12936/1774/550
f 12937/1972/549 12938/1973/549 12939/1776/549
f 12937/1972/549 12939/1776/549 12940/1778/549
f 12922/1965/550 12933/1970/550 12936/1774/550
f 12922/1965/550 12936/1774/550 12923/1760/550
f 12941/1973/549 12929/1968/549 12932/1767/549
f 12941/1973/549 12932/1767/549 12942/1776/549
f 12943/1967/549 12944/1972/549 12945/1778/549
f 12943/1967/549 12945/1778/549 12946/1764/549
f 12947/1971/550 12948/1962/550 12949/1755/550
f 12947/1971/550 12949/1755/550 12950/1780/550
f 12918/1963/550 12951/1974/550 12952/1782/550
f 12918/1963/550 12952/1782/550 12919/1756/550
f 12953/1975/549 12954/1966/549 12955/1763/549
f 12953/1975/549 12955/1763/549 12956/1784/549
f 12957/1969/549 12958/1976/549 12959/1786/549
f 12957/1969/549 12959/1786/549 12960/1768/549
f 12961/1977/550 12921/1964/550 12924/1759/550
f 12961/1977/550 12924/1759/550 12962/1788/550
f 12963/1978/550 12961/1977/550 12962/1788/550
f 12963/1978/550 12962/1788/550 12964/1790/550
f 12951/1974/550 12965/1979/550 12966/1792/550
f 12951/1974/550 12966/1792/550 12952/1782/550
f 12967/1980/549 12968/1975/549 12969/1784/549
f 12967/1980/549 12969/1784/549 12970/1794/549
f 12971/1976/549 12972/1981/549 12973/1796/549
f 12971/1976/549 12973/1796/549 12974/1786/549
f 12975/1982/550 12976/1983/550 12977/1799/550
f 12975/1982/550 12977/1799/550 12978/1798/550
f 12979/1984/549 12980/1985/549 12981/1802/549
f 12979/1984/549 12981/1802/549 12982/1801/549
f 12983/1979/550 12984/1982/550 12985/1798/550
f 12983/1979/550 12985/1798/550 12986/1792/550
f 12987/1985/549 12988/1980/549 12989/1794/549
f 12987/1985/549 12989/1794/549 12990/1802/549
f 12972/1981/549 12979/1984/549 12982/1801/549
f 12972/1981/549 12982/1801/549 12973/1796/549
f 12991/1983/550 12992/1978/550 12993/1790/550
f 12991/1983/550 12993/1790/550 12994/1799/550
f 12995/1986/578 12996/1718/578 12997/1719/578
f 12995/1986/578 12997/1719/578 12998/1987/578
f 12999/1988/579 13000/1989/579 13001/1990/579
f 12999/1988/579 13001/1990/579 13002/1991/579
f 13003/1772/580 13004/1773/580 13005/1992/580
f 13003/1772/580 13005/1992/580 13006/1771/580
f 13007/1991/558 13008/1988/558 13009/1988/558
f 13007/1991/558 13009/1988/558 13010/1991/558
f 13011/1988/550 13012/1989/550 13013/1989/550
f 13011/1988/550 13013/1989/550 13014/1988/550
f 13015/1773/560 13016/1992/560 13017/1992/560
f 13015/1773/560 13017/1992/560 13018/1773/560
s 1
f 13019/1989/557 13020/1990/557 13021/1990/557
s 0
f 13019/1989/557 13021/1990/557 13022/1989/557
f 13023/1993/551 13024/1994/551 13025/1994/551
f 13023/1993/551 13025/1994/551 13026/1993/551
f 13027/1698/550 13028/1699/550 13029/1700/550
f 13027/1698/550 13029/1700/550 13030/1701/550
f 13031/1702/549 13032/1703/549 13033/1704/549
f 13031/1702/549 13033/1704/549 13034/1705/549
f 13035/1706/553 13036/1707/553 13037/1708/553
f 13035/1706/553 13037/1708/553 13038/1709/553
f 13039/1710/551 13040/1711/551 13041/1712/551
f 13039/1710/551 13041/1712/551 13042/1713/551
f 13041/1712/551 13040/1711/551 13043/1714/551
f 13041/1712/551 13043/1714/551 13044/1715/551
f 13045/1716/552 13046/1707/552 13047/1706/552
f 13045/1716/552 13047/1706/552 13048/1717/552
f 13049/1718/552 13050/1719/552 13051/1719/552
f 13049/1718/552 13051/1719/552 13052/1718/552
f 13031/1702/549 13034/1705/549 13053/1720/549
f 13031/1702/549 13053/1720/549 13054/1721/549
f 13028/1699/550 13027/1698/550 13055/1722/550
f 13028/1699/550 13055/1722/550 13056/1723/550
f 13045/1716/552 13048/1717/552 13057/1724/552
f 13045/1716/552 13057/1724/552 13058/1725/552
f 13059/1726/550 13060/1727/550 11523/1696/550
f 13059/1726/550 11523/1696/550 11522/1693/550
f 13033/1704/549 13032/1703/549 13061/1728/549
f 13033/1704/549 13061/1728/549 13062/1729/549
f 13030/1701/550 13029/1700/550 13060/1727/550
f 13030/1701/550 13060/1727/550 13059/1726/550
f 13063/1710/554 13064/1713/554 13065/1730/554
f 13063/1710/554 13065/1730/554 13066/1731/554
f 13067/1732/552 13068/1733/552 13069/1715/552
f 13067/1732/552 13069/1715/552 13070/1734/552
f 13071/1709/552 13072/1708/552 13068/1733/552
f 13071/1709/552 13068/1733/552 13067/1732/552
f 13062/1729/549 13061/1728/549 11516/1691/549
f 13062/1729/549 11516/1691/549 11515/1690/549
f 13073/1731/551 13074/1730/551 13075/1735/551
f 13073/1731/551 13075/1735/551 13076/1736/551
f 13077/1737/550 13078/1738/550 13079/1739/550
f 13077/1737/550 13079/1739/550 13080/1740/550
f 13081/1741/550 13082/1737/550 13083/1740/550
f 13081/1741/550 13083/1740/550 13084/1742/550
f 13085/1743/555 13086/1744/555 13087/1745/555
f 13085/1743/555 13087/1745/555 13088/1746/555
f 13089/1736/551 13090/1735/551 13091/1747/551
f 13089/1736/551 13091/1747/551 13092/1748/551
f 13093/1736/556 13094/1735/556 13095/1735/556
f 13093/1736/556 13095/1735/556 13096/1736/556
f 13070/1734/552 13069/1715/552 13097/1715/552
f 13070/1734/552 13097/1715/552 13098/1734/552
f 13099/1749/549 13100/1750/549 13101/1751/549
f 13099/1749/549 13101/1751/549 13102/1752/549
f 13103/1753/549 13104/1749/549 13105/1752/549
f 13103/1753/549 13105/1752/549 13106/1754/549
f 13107/1755/557 13108/1756/557 13109/1757/557
f 13107/1755/557 13109/1757/557 13110/1758/557
f 13111/1759/558 13112/1760/558 13113/1761/558
f 13111/1759/558 13113/1761/558 13114/1762/558
f 13115/1763/559 13116/1764/559 13117/1765/559
f 13115/1763/559 13117/1765/559 13118/1766/559
f 13119/1767/560 13120/1768/560 13121/1769/560
f 13119/1767/560 13121/1769/560 13122/1770/560
f 13123/1771/559 13124/1772/559 13125/1772/559
f 13123/1771/559 13125/1772/559 13126/1771/559
f 13127/1772/549 13128/1773/549 13129/1773/549
f 13127/1772/549 13129/1773/549 13130/1772/549
s 1
f 13131/1760/558 13132/1774/558 13133/1775/558
s 0
f 13131/1760/558 13133/1775/558 13134/1761/558
f 13135/1776/560 13136/1767/560 13137/1770/560
s 1
f 13135/1776/560 13137/1770/560 13138/1777/560
s 0
f 13116/1764/559 13139/1778/559 13140/1779/559
f 13116/1764/559 13140/1779/559 13117/1765/559
f 13141/1780/557 13107/1755/557 13110/1758/557
f 13141/1780/557 13110/1758/557 13142/1781/557
f 13143/1756/561 13144/1782/561 13145/1783/561
f 13143/1756/561 13145/1783/561 13146/1757/561
f 13147/1784/562 13148/1763/562 13149/1766/562
f 13147/1784/562 13149/1766/562 13150/1785/562
f 13151/1768/563 13152/1786/563 13153/1787/563
f 13151/1768/563 13153/1787/563 13154/1769/563
f 13155/1788/564 13156/1759/564 13157/1762/564
f 13155/1788/564 13157/1762/564 13158/1789/564
f 13159/1790/558 13160/1788/558 13161/1789/558
f 13159/1790/558 13161/1789/558 13162/1791/558
f 13163/1782/557 13164/1792/557 13165/1793/557
f 13163/1782/557 13165/1793/557 13166/1783/557
f 13167/1794/559 13168/1784/559 13169/1785/559
f 13167/1794/559 13169/1785/559 13170/1795/559
f 13171/1786/560 13172/1796/560 13173/1797/560
f 13171/1786/560 13173/1797/560 13174/1787/560
f 13175/1798/565 13176/1799/565 13177/1737/565
f 13175/1798/565 13177/1737/565 13178/1800/565
f 13179/1801/566 13180/1802/566 13181/1803/566
f 13179/1801/566 13181/1803/566 13182/1749/566
f 13183/1792/557 13184/1798/557 13185/1800/557
f 13183/1792/557 13185/1800/557 13186/1793/557
f 13187/1802/559 13188/1794/559 13189/1795/559
f 13187/1802/559 13189/1795/559 13190/1803/559
f 13191/1796/560 13192/1801/560 13193/1749/560
f 13191/1796/560 13193/1749/560 13194/1797/560
f 13195/1799/558 13196/1790/558 13197/1791/558
f 13195/1799/558 13197/1791/558 13198/1737/558
f 13199/1737/567 13200/1741/567 13201/1800/567
f 13199/1737/567 13201/1800/567 13202/1737/567
f 13203/1750/568 13204/1749/568 13205/1749/568
f 13203/1750/568 13205/1749/568 13206/1803/568
f 13207/1749/559 13208/1753/559 13209/1797/559
f 13207/1749/559 13209/1797/559 13210/1749/559
f 13211/1738/557 13212/1737/557 13213/1737/557
f 13211/1738/557 13213/1737/557 13214/1791/557
f 13215/1754/560 13216/1752/560 13217/1749/560
f 13215/1754/560 13217/1749/560 13218/1797/560
f 13219/1740/558 13220/1739/558 13221/1791/558
f 13219/1740/558 13221/1791/558 13222/1737/558
s 1
f 13223/1741/557 13224/1742/557 13225/1800/557
s 0
f 13223/1741/557 13225/1800/557 13226/1800/557
f 13227/1739/569 13228/1738/569 13229/1791/569
f 13227/1739/569 13229/1791/569 13230/1791/569
f 13231/1753/570 13232/1754/570 13233/1797/570
f 13231/1753/570 13233/1797/570 13234/1797/570
f 13235/1751/559 13236/1750/559 13237/1803/559
f 13235/1751/559 13237/1803/559 13238/1803/559
f 13239/1804/555 13240/1805/555 13241/1806/555
f 13239/1804/555 13241/1806/555 13242/1807/555
f 13243/1808/555 13244/1809/555 13245/1810/555
f 13243/1808/555 13245/1810/555 13246/1811/555
f 13247/1812/555 13248/1813/555 13249/1814/555
f 13247/1812/555 13249/1814/555 13250/1815/555
f 13251/1816/555 13252/1817/555 13253/1818/555
f 13251/1816/555 13253/1818/555 13254/1819/555
f 13255/1820/555 13256/1821/555 13257/1822/555
f 13255/1820/555 13257/1822/555 13258/1823/555
f 13259/1824/555 13260/1825/555 13261/1826/555
f 13259/1824/555 13261/1826/555 13262/1827/555
f 13263/1828/555 13264/1829/555 13265/1830/555
f 13263/1828/555 13265/1830/555 13266/1831/555
f 13267/1832/555 13268/1833/555 13269/1744/555
f 13267/1832/555 13269/1744/555 13270/1743/555
f 13271/1834/555 13272/1835/555 13273/1836/555
f 13271/1834/555 13273/1836/555 13274/1837/555
f 13275/1838/555 13276/1839/555 13277/1746/555
f 13275/1838/555 13277/1746/555 13278/1745/555
f 13279/1840/555 13280/1841/555 13281/1842/555
f 13279/1840/555 13281/1842/555 13282/1843/555
f 13283/1844/555 13284/1845/555 13285/1846/555
f 13283/1844/555 13285/1846/555 13286/1847/555
f 13287/1848/555 13288/1849/555 13289/1806/555
f 13287/1848/555 13289/1806/555 13290/1805/555
f 13291/1850/555 13292/1851/555 13293/1852/555
f 13291/1850/555 13293/1852/555 13294/1853/555
f 13295/1854/555 13296/1855/555 13297/1804/555
f 13295/1854/555 13297/1804/555 13298/1807/555
f 13299/1856/555 13300/1857/555 13301/1858/555
s 1
f 13299/1856/555 13301/1858/555 13302/1859/555
s 0
f 13303/1860/555 13304/1861/555 13305/1810/555
f 13303/1860/555 13305/1810/555 13306/1809/555
f 13307/1862/555 13308/1863/555 13309/1864/555
f 13307/1862/555 13309/1864/555 13310/1865/555
f 13311/1866/555 13312/1867/555 13313/1808/555
f 13311/1866/555 13313/1808/555 13314/1811/555
f 13315/1868/555 13316/1869/555 13317/1870/555
f 13315/1868/555 13317/1870/555 13318/1871/555
f 13319/1872/555 13320/1873/555 13321/1814/555
f 13319/1872/555 13321/1814/555 13322/1813/555
f 13323/1874/555 13324/1875/555 13325/1876/555
f 13323/1874/555 13325/1876/555 13326/1877/555
f 13327/1878/555 13328/1879/555 13329/1812/555
f 13327/1878/555 13329/1812/555 13330/1815/555
f 13331/1880/555 13332/1881/555 13333/1882/555
f 13331/1880/555 13333/1882/555 13334/1883/555
f 13335/1849/555 13336/1860/555 13337/1818/555
f 13335/1849/555 13337/1818/555 13338/1817/555
f 13339/1884/555 13340/1885/555 13341/1886/555
f 13339/1884/555 13341/1886/555 13342/1887/555
f 13343/1867/555 13344/1854/555 13345/1816/555
f 13343/1867/555 13345/1816/555 13346/1819/555
f 13347/1888/555 13348/1889/555 13349/1890/555
f 13347/1888/555 13349/1890/555 13350/1891/555
f 13304/1861/555 13319/1872/555 13351/1822/555
f 13304/1861/555 13351/1822/555 13352/1821/555
f 13353/1892/555 13354/1893/555 13355/1894/555
f 13353/1892/555 13355/1894/555 13356/1895/555
f 13328/1879/555 13357/1866/555 13358/1820/555
f 13328/1879/555 13358/1820/555 13359/1823/555
f 13360/1896/555 13361/1897/555 13362/1898/555
f 13360/1896/555 13362/1898/555 13363/1899/555
f 13364/1873/555 13365/1748/555 13366/1826/555
f 13364/1873/555 13366/1826/555 13367/1825/555
f 13368/1900/555 13369/1901/555 13370/1902/555
f 13368/1900/555 13370/1902/555 13371/1903/555
f 13372/1747/555 13373/1878/555 13374/1824/555
f 13372/1747/555 13374/1824/555 13375/1827/555
f 13376/1904/555 13377/1905/555 13378/1906/555
f 13376/1904/555 13378/1906/555 13379/1907/555
f 13380/1833/555 13381/1848/555 13382/1830/555
f 13380/1833/555 13382/1830/555 13383/1829/555
f 13384/1908/555 13385/1909/555 13386/1910/555
f 13384/1908/555 13386/1910/555 13387/1911/555
f 13388/1855/555 13389/1838/555 13390/1828/555
f 13388/1855/555 13390/1828/555 13391/1831/555
f 13392/1912/571 13393/1913/571 13394/1835/571
f 13392/1912/571 13394/1835/571 13395/1834/571
f 13396/1913/572 13397/1914/572 13398/1836/572
f 13396/1913/572 13398/1836/572 13399/1835/572
f 13400/1914/573 13401/1915/573 13402/1837/573
f 13400/1914/573 13402/1837/573 13403/1836/573
f 13404/1915/574 13405/1912/574 13406/1834/574
f 13404/1915/574 13406/1834/574 13407/1837/574
f 13408/1916/573 13409/1917/573 13410/1841/573
f 13408/1916/573 13410/1841/573 13411/1840/573
f 13412/1917/575 13413/1918/575 13414/1842/575
f 13412/1917/575 13414/1842/575 13415/1841/575
f 13416/1918/571 13417/1919/571 13418/1843/571
f 13416/1918/571 13418/1843/571 13419/1842/571
f 13420/1919/576 13421/1916/576 13422/1840/576
s 1
f 13420/1919/577 13422/1840/577 13423/1843/577
s 0
f 13424/1920/573 13425/1921/573 13426/1845/573
f 13424/1920/573 13426/1845/573 13427/1844/573
f 13428/1921/575 13429/1922/575 13430/1846/575
f 13428/1921/575 13430/1846/575 13431/1845/575
f 13432/1922/571 13433/1923/571 13434/1847/571
f 13432/1922/571 13434/1847/571 13435/1846/571
f 13436/1923/576 13437/1920/576 13438/1844/576
f 13436/1923/576 13438/1844/576 13439/1847/576
f 13440/1924/571 13441/1925/571 13442/1851/571
f 13440/1924/571 13442/1851/571 13443/1850/571
f 13444/1925/572 13445/1926/572 13446/1852/572
f 13444/1925/572 13446/1852/572 13447/1851/572
f 13448/1926/573 13449/1927/573 13450/1853/573
f 13448/1926/573 13450/1853/573 13451/1852/573
f 13452/1927/574 13453/1924/574 13454/1850/574
f 13452/1927/574 13454/1850/574 13455/1853/574
f 13456/1928/573 13457/1929/573 13458/1857/573
f 13456/1928/573 13458/1857/573 13459/1856/573
f 13460/1929/575 13461/1930/575 13462/1858/575
f 13460/1929/575 13462/1858/575 13463/1857/575
f 13464/1930/571 13465/1931/571 13466/1859/571
f 13464/1930/571 13466/1859/571 13467/1858/571
f 13468/1931/576 13469/1928/576 13470/1856/576
f 13468/1931/577 13470/1856/577 13471/1859/577
f 13472/1932/571 13473/1933/571 13474/1863/571
f 13472/1932/571 13474/1863/571 13475/1862/571
f 13476/1933/572 13477/1934/572 13478/1864/572
f 13476/1933/572 13478/1864/572 13479/1863/572
f 13480/1934/573 13481/1935/573 13482/1865/573
f 13480/1934/573 13482/1865/573 13483/1864/573
f 13484/1935/574 13485/1932/574 13486/1862/574
f 13484/1935/574 13486/1862/574 13487/1865/574
f 13488/1936/573 13489/1937/573 13490/1869/573
f 13488/1936/573 13490/1869/573 13491/1868/573
f 13492/1937/575 13493/1938/575 13494/1870/575
f 13492/1937/575 13494/1870/575 13495/1869/575
s 1
f 13496/1938/571 13497/1939/571 13498/1871/571
s 0
f 13496/1938/571 13498/1871/571 13499/1870/571
f 13500/1939/576 13501/1936/576 13502/1868/576
f 13500/1939/577 13502/1868/577 13503/1871/577
f 13504/1940/571 13505/1941/571 13506/1875/571
f 13504/1940/571 13506/1875/571 13507/1874/571
f 13508/1941/572 13509/1942/572 13510/1876/572
f 13508/1941/572 13510/1876/572 13511/1875/572
f 13512/1942/573 13513/1943/573 13514/1877/573
f 13512/1942/573 13514/1877/573 13515/1876/573
f 13516/1943/574 13517/1940/574 13518/1874/574
f 13516/1943/574 13518/1874/574 13519/1877/574
f 13520/1925/573 13521/1924/573 13522/1881/573
f 13520/1925/573 13522/1881/573 13523/1880/573
f 13524/1924/575 13525/1944/575 13526/1882/575
f 13524/1924/575 13526/1882/575 13527/1881/575
f 13528/1944/571 13529/1945/571 13530/1883/571
f 13528/1944/571 13530/1883/571 13531/1882/571
f 13532/1945/576 13533/1925/576 13534/1880/576
f 13532/1945/576 13534/1880/576 13535/1883/576
f 13536/1929/571 13537/1928/571 13538/1885/571
f 13536/1929/571 13538/1885/571 13539/1884/571
f 13540/1928/572 13541/1946/572 13542/1886/572
f 13540/1928/572 13542/1886/572 13543/1885/572
f 13544/1946/573 13545/1947/573 13546/1887/573
s 1
f 13544/1946/573 13546/1887/573 13547/1886/573
s 0
f 13548/1947/574 13549/1929/574 13550/1884/574
f 13548/1947/574 13550/1884/574 13551/1887/574
f 13552/1933/573 13553/1932/573 13554/1889/573
f 13552/1933/573 13554/1889/573 13555/1888/573
f 13556/1932/575 13557/1948/575 13558/1890/575
s 1
f 13556/1932/575 13558/1890/575 13559/1889/575
s 0
f 13560/1948/571 13561/1949/571 13562/1891/571
f 13560/1948/571 13562/1891/571 13563/1890/571
f 13564/1949/576 13565/1933/576 13566/1888/576
f 13564/1949/576 13566/1888/576 13567/1891/576
f 13568/1937/571 13569/1936/571 13570/1893/571
f 13568/1937/571 13570/1893/571 13571/1892/571
f 13572/1936/572 13573/1950/572 13574/1894/572
f 13572/1936/572 13574/1894/572 13575/1893/572
f 13576/1950/573 13577/1951/573 13578/1895/573
f 13576/1950/573 13578/1895/573 13579/1894/573
f 13580/1951/574 13581/1937/574 13582/1892/574
f 13580/1951/574 13582/1892/574 13583/1895/574
f 13584/1941/573 13585/1940/573 13586/1897/573
f 13584/1941/573 13586/1897/573 13587/1896/573
f 13588/1940/581 13589/1952/581 13590/1898/581
f 13588/1940/575 13590/1898/575 13591/1897/575
f 13592/1952/571 13593/1953/571 13594/1899/571
f 13592/1952/571 13594/1899/571 13595/1898/571
f 13596/1953/576 13597/1941/576 13598/1896/576
f 13596/1953/577 13598/1896/577 13599/1899/577
f 13600/1954/571 13601/1955/571 13602/1901/571
f 13600/1954/571 13602/1901/571 13603/1900/571
f 13604/1955/572 13605/1956/572 13606/1902/572
s 1
f 13604/1955/572 13606/1902/572 13607/1901/572
s 0
f 13608/1956/573 13609/1957/573 13610/1903/573
f 13608/1956/573 13610/1903/573 13611/1902/573
f 13612/1957/574 13613/1954/574 13614/1900/574
f 13612/1957/574 13614/1900/574 13615/1903/574
f 13616/1913/573 13617/1912/573 13618/1905/573
f 13616/1913/573 13618/1905/573 13619/1904/573
f 13620/1912/575 13621/1958/575 13622/1906/575
f 13620/1912/575 13622/1906/575 13623/1905/575
f 13624/1958/571 13625/1959/571 13626/1907/571
f 13624/1958/571 13626/1907/571 13627/1906/571
f 13628/1959/576 13629/1913/576 13630/1904/576
f 13628/1959/576 13630/1904/576 13631/1907/576
f 13632/1921/571 13633/1920/571 13634/1909/571
f 13632/1921/571 13634/1909/571 13635/1908/571
f 13636/1920/572 13637/1960/572 13638/1910/572
f 13636/1920/572 13638/1910/572 13639/1909/572
f 13640/1960/573 13641/1961/573 13642/1911/573
f 13640/1960/573 13642/1911/573 13643/1910/573
f 13644/1961/574 13645/1921/574 13646/1908/574
f 13644/1961/574 13646/1908/574 13647/1911/574
f 13648/1962/550 13649/1963/550 13650/1756/550
f 13648/1962/550 13650/1756/550 13651/1755/550
f 13652/1964/550 13653/1965/550 13654/1760/550
f 13652/1964/550 13654/1760/550 13655/1759/550
f 13656/1966/549 13657/1967/549 13658/1764/549
f 13656/1966/549 13658/1764/549 13659/1763/549
f 13660/1968/549 13661/1969/549 13662/1768/549
f 13660/1968/549 13662/1768/549 13663/1767/549
f 13664/1970/550 13665/1971/550 13666/1780/550
f 13664/1970/550 13666/1780/550 13667/1774/550
f 13668/1972/549 13669/1973/549 13670/1776/549
f 13668/1972/549 13670/1776/549 13671/1778/549
f 13653/1965/550 13664/1970/550 13667/1774/550
f 13653/1965/550 13667/1774/550 13654/1760/550
f 13669/1973/549 13660/1968/549 13663/1767/549
f 13669/1973/549 13663/1767/549 13670/1776/549
f 13657/1967/549 13668/1972/549 13671/1778/549
f 13657/1967/549 13671/1778/549 13658/1764/549
f 13665/1971/550 13648/1962/550 13651/1755/550
f 13665/1971/550 13651/1755/550 13666/1780/550
f 13649/1963/550 13672/1974/550 13673/1782/550
f 13649/1963/550 13673/1782/550 13650/1756/550
f 13674/1975/549 13675/1966/549 13676/1763/549
f 13674/1975/549 13676/1763/549 13677/1784/549
f 13678/1969/549 13679/1976/549 13680/1786/549
f 13678/1969/549 13680/1786/549 13681/1768/549
f 13682/1977/550 13652/1964/550 13655/1759/550
f 13682/1977/550 13655/1759/550 13683/1788/550
f 13684/1978/550 13682/1977/550 13683/1788/550
f 13684/1978/550 13683/1788/550 13685/1790/550
f 13672/1974/550 13686/1979/550 13687/1792/550
f 13672/1974/550 13687/1792/550 13673/1782/550
f 13688/1980/549 13689/1975/549 13690/1784/549
f 13688/1980/549 13690/1784/549 13691/1794/549
f 13692/1976/549 13693/1981/549 13694/1796/549
f 13692/1976/549 13694/1796/549 13695/1786/549
f 13696/1982/550 13697/1983/550 13698/1799/550
f 13696/1982/550 13698/1799/550 13699/1798/550
f 13700/1984/549 13701/1985/549 13702/1802/549
f 13700/1984/549 13702/1802/549 13703/1801/549
f 13704/1979/550 13705/1982/550 13706/1798/550
f 13704/1979/550 13706/1798/550 13707/1792/550
f 13708/1985/549 13709/1980/549 13710/1794/549
f 13708/1985/549 13710/1794/549 13711/1802/549
f 13693/1981/549 13712/1984/549 13713/1801/549
f 13693/1981/549 13713/1801/549 13694/1796/549
f 13714/1983/550 13715/1978/550 13716/1790/550
f 13714/1983/550 13716/1790/550 13717/1799/550
f 13718/1986/578 13719/1718/578 13720/1719/578
f 13718/1986/578 13720/1719/578 13721/1987/578
f 13722/1988/579 13723/1989/579 13724/1990/579
f 13722/1988/579 13724/1990/579 13725/1991/579
s 1
f 13726/1772/580 13727/1773/580 13728/1992/580
s 0
f 13726/1772/580 13728/1992/580 13729/1771/580
f 13730/1991/558 13731/1988/558 13732/1988/558
f 13730/1991/558 13732/1988/558 13733/1991/558
f 13734/1988/550 13735/1989/550 13736/1989/550
f 13734/1988/550 13736/1989/550 13737/1988/550
f 13738/1773/560 13739/1992/560 13740/1992/560
f 13738/1773/560 13740/1992/560 13741/1773/560
f 13742/1989/557 13743/1990/557 13744/1990/557
f 13742/1989/557 13744/1990/557 13745/1989/557
f 13746/1993/551 13747/1994/551 13748/1994/551
f 13746/1993/551 13748/1994/551 13749/1993/551
f 13750/1698/552 13751/1701/552 13752/1700/552
f 13750/1698/552 13752/1700/552 13753/1699/552
f 13754/1702/551 13755/1705/551 13756/1704/551
f 13754/1702/551 13756/1704/551 13757/1703/551
s 1
f 13758/1706/579 13759/1709/579 13760/1708/579
f 13758/1706/579 13760/1708/579 13761/1707/579
s 0
f 13762/1710/549 13763/1713/549 13764/1712/549
f 13762/1710/549 13764/1712/549 13765/1711/549
f 13764/1712/549 13766/1715/549 13767/1714/549
f 13764/1712/549 13767/1714/549 13765/1711/549
f 13768/1716/550 13769/1717/550 13770/1706/550
f 13768/1716/550 13770/1706/550 13771/1707/550
f 13772/1718/550 13773/1718/550 13774/1719/550
f 13772/1718/550 13774/1719/550 13775/1719/550
f 13776/1702/551 13777/1721/551 13778/1720/551
f 13776/1702/551 13778/1720/551 13779/1705/551
f 13780/1699/552 13781/1723/552 13782/1722/552
f 13780/1699/552 13782/1722/552 13783/1698/552
f 13768/1716/550 13784/1725/550 13785/1724/550
f 13768/1716/550 13785/1724/550 13769/1717/550
f 13786/1726/552 13787/1693/552 13788/1696/552
f 13786/1726/552 13788/1696/552 13789/1727/552
f 13790/1704/551 13791/1729/551 13792/1728/551
f 13790/1704/551 13792/1728/551 13793/1703/551
f 13794/1701/552 13795/1726/552 13796/1727/552
f 13794/1701/552 13796/1727/552 13797/1700/552
f 13798/1710/582 13799/1731/582 13800/1730/582
f 13798/1710/582 13800/1730/582 13801/1713/582
f 13802/1732/550 13803/1734/550 13804/1715/550
f 13802/1732/550 13804/1715/550 13805/1733/550
f 13806/1709/550 13802/1732/550 13805/1733/550
f 13806/1709/550 13805/1733/550 13807/1708/550
f 13791/1729/551 11527/1690/551 11529/1691/551
f 13791/1729/551 11529/1691/551 13792/1728/551
f 13808/1731/549 13809/1736/549 13810/1735/549
f 13808/1731/549 13810/1735/549 13811/1730/549
f 13812/1737/552 13813/1740/552 13814/1739/552
f 13812/1737/552 13814/1739/552 13815/1738/552
f 13816/1741/552 13817/1742/552 13818/1740/552
f 13816/1741/552 13818/1740/552 13819/1737/552
f 13820/1743/583 13821/1746/583 13822/1745/583
f 13820/1743/583 13822/1745/583 13823/1744/583
f 13824/1736/549 13825/1748/549 13826/1747/549
f 13824/1736/549 13826/1747/549 13827/1735/549
f 13828/1736/584 13829/1736/584 13830/1735/584
f 13828/1736/584 13830/1735/584 13831/1735/584
f 13803/1734/550 13832/1734/550 13833/1715/550
f 13803/1734/550 13833/1715/550 13804/1715/550
f 13834/1749/551 13835/1752/551 13836/1751/551
f 13834/1749/551 13836/1751/551 13837/1750/551
f 13838/1753/551 13839/1754/551 13840/1752/551
f 13838/1753/551 13840/1752/551 13841/1749/551
f 13842/1755/557 13843/1758/557 13844/1757/557
f 13842/1755/557 13844/1757/557 13845/1756/557
f 13846/1759/559 13847/1762/559 13848/1761/559
f 13846/1759/559 13848/1761/559 13849/1760/559
f 13850/1763/558 13851/1766/558 13852/1765/558
f 13850/1763/558 13852/1765/558 13853/1764/558
f 13854/1767/560 13855/1770/560 13856/1769/560
f 13854/1767/560 13856/1769/560 13857/1768/560
f 13858/1771/558 13859/1771/558 13860/1772/558
f 13858/1771/558 13860/1772/558 13861/1772/558
f 13862/1772/551 13863/1772/551 13864/1773/551
f 13862/1772/551 13864/1773/551 13865/1773/551
f 13866/1760/559 13867/1761/559 13868/1775/559
f 13866/1760/559 13868/1775/559 13869/1774/559
f 13870/1776/560 13871/1777/560 13872/1770/560
f 13870/1776/560 13872/1770/560 13873/1767/560
f 13874/1764/558 13875/1765/558 13876/1779/558
f 13874/1764/558 13876/1779/558 13877/1778/558
f 13878/1780/557 13879/1781/557 13880/1758/557
f 13878/1780/557 13880/1758/557 13881/1755/557
f 13882/1756/585 13883/1757/585 13884/1783/585
f 13882/1756/585 13884/1783/585 13885/1782/585
f 13886/1784/586 13887/1785/586 13888/1766/586
f 13886/1784/586 13888/1766/586 13889/1763/586
f 13890/1768/587 13891/1769/587 13892/1787/587
f 13890/1768/587 13892/1787/587 13893/1786/587
f 13894/1788/588 13895/1789/588 13896/1762/588
f 13894/1788/588 13896/1762/588 13897/1759/588
f 13898/1790/559 13899/1791/559 13900/1789/559
f 13898/1790/559 13900/1789/559 13901/1788/559
f 13902/1782/557 13903/1783/557 13904/1793/557
f 13902/1782/557 13904/1793/557 13905/1792/557
f 13906/1794/558 13907/1795/558 13908/1785/558
f 13906/1794/558 13908/1785/558 13909/1784/558
f 13910/1786/560 13911/1787/560 13912/1797/560
s 1
f 13910/1786/560 13912/1797/560 13913/1796/560
s 0
f 13914/1798/589 13915/1800/589 13916/1737/589
f 13914/1798/589 13916/1737/589 13917/1799/589
f 13918/1801/590 13919/1749/590 13920/1803/590
f 13918/1801/590 13920/1803/590 13921/1802/590
f 13922/1792/557 13923/1793/557 13924/1800/557
f 13922/1792/557 13924/1800/557 13925/1798/557
f 13926/1802/558 13927/1803/558 13928/1795/558
f 13926/1802/558 13928/1795/558 13929/1794/558
f 13930/1796/560 13931/1797/560 13932/1749/560
f 13930/1796/560 13932/1749/560 13933/1801/560
f 13934/1799/559 13935/1737/559 13936/1791/559
f 13934/1799/559 13936/1791/559 13937/1790/559
f 13938/1737/591 13939/1737/591 13940/1800/591
f 13938/1737/592 13940/1800/592 13941/1741/592
f 13942/1750/593 13943/1803/593 13944/1749/593
f 13942/1750/593 13944/1749/593 13945/1749/593
f 13946/1749/558 13947/1749/558 13948/1797/558
f 13946/1749/558 13948/1797/558 13949/1753/558
f 13950/1738/557 13951/1791/557 13952/1737/557
f 13950/1738/557 13952/1737/557 13953/1737/557
f 13954/1754/560 13955/1797/560 13956/1749/560
f 13954/1754/560 13956/1749/560 13957/1752/560
f 13958/1740/559 13959/1737/559 13960/1791/559
f 13958/1740/559 13960/1791/559 13961/1739/559
f 13962/1741/557 13963/1800/557 13964/1800/557
f 13962/1741/557 13964/1800/557 13965/1742/557
f 13966/1739/594 13967/1791/594 13968/1791/594
f 13966/1739/594 13968/1791/594 13969/1738/594
f 13970/1753/595 13971/1797/595 13972/1797/595
f 13970/1753/595 13972/1797/595 13973/1754/595
f 13974/1751/558 13975/1803/558 13976/1803/558
f 13974/1751/558 13976/1803/558 13977/1750/558
f 13978/1804/583 13979/1807/583 13980/1806/583
s 1
f 13978/1804/583 13980/1806/583 13981/1805/583
s 0
f 13982/1808/583 13983/1811/583 13984/1810/583
f 13982/1808/583 13984/1810/583 13985/1809/583
f 13986/1812/583 13987/1815/583 13988/1814/583
f 13986/1812/583 13988/1814/583 13989/1813/583
f 13990/1816/583 13991/1819/583 13992/1818/583
f 13990/1816/583 13992/1818/583 13993/1817/583
f 13994/1820/583 13995/1823/583 13996/1822/583
f 13994/1820/583 13996/1822/583 13997/1821/583
f 13998/1824/583 13999/1827/583 14000/1826/583
f 13998/1824/583 14000/1826/583 14001/1825/583
f 14002/1828/583 14003/1831/583 14004/1830/583
f 14002/1828/583 14004/1830/583 14005/1829/583
f 14006/1832/583 14007/1743/583 14008/1744/583
f 14006/1832/583 14008/1744/583 14009/1833/583
f 14010/1834/583 14011/1837/583 14012/1836/583
f 14010/1834/583 14012/1836/583 14013/1835/583
f 14014/1838/583 14015/1745/583 14016/1746/583
f 14014/1838/583 14016/1746/583 14017/1839/583
f 14018/1840/583 14019/1843/583 14020/1842/583
f 14018/1840/583 14020/1842/583 14021/1841/583
f 14022/1844/583 14023/1847/583 14024/1846/583
f 14022/1844/583 14024/1846/583 14025/1845/583
f 14026/1848/583 14027/1805/583 14028/1806/583
f 14026/1848/583 14028/1806/583 14029/1849/583
f 14030/1850/583 14031/1853/583 14032/1852/583
f 14030/1850/583 14032/1852/583 14033/1851/583
s 1
f 14034/1854/583 14035/1807/583 14036/1804/583
s 0
f 14034/1854/583 14036/1804/583 14037/1855/583
f 14038/1856/583 14039/1859/583 14040/1858/583
f 14038/1856/583 14040/1858/583 14041/1857/583
f 14042/1860/583 14043/1809/583 14044/1810/583
f 14042/1860/583 14044/1810/583 14045/1861/583
f 14046/1862/583 14047/1865/583 14048/1864/583
f 14046/1862/583 14048/1864/583 14049/1863/583
f 14050/1866/583 14051/1811/583 14052/1808/583
f 14050/1866/583 14052/1808/583 14053/1867/583
f 14054/1868/583 14055/1871/583 14056/1870/583
f 14054/1868/583 14056/1870/583 14057/1869/583
f 14058/1872/583 14059/1813/583 14060/1814/583
f 14058/1872/583 14060/1814/583 14061/1873/583
f 14062/1874/583 14063/1877/583 14064/1876/583
f 14062/1874/583 14064/1876/583 14065/1875/583
f 14066/1878/583 14067/1815/583 14068/1812/583
f 14066/1878/583 14068/1812/583 14069/1879/583
f 14070/1880/583 14071/1883/583 14072/1882/583
f 14070/1880/583 14072/1882/583 14073/1881/583
f 14074/1849/583 14075/1817/583 14076/1818/583
f 14074/1849/583 14076/1818/583 14077/1860/583
f 14078/1884/583 14079/1887/583 14080/1886/583
f 14078/1884/583 14080/1886/583 14081/1885/583
f 14082/1867/583 14083/1819/583 14084/1816/583
f 14082/1867/583 14084/1816/583 14085/1854/583
f 14086/1888/583 14087/1891/583 14088/1890/583
f 14086/1888/583 14088/1890/583 14089/1889/583
f 14090/1861/583 14091/1821/583 14092/1822/583
f 14090/1861/583 14092/1822/583 14093/1872/583
f 14094/1892/583 14095/1895/583 14096/1894/583
f 14094/1892/583 14096/1894/583 14097/1893/583
f 14098/1879/583 14099/1823/583 14100/1820/583
f 14098/1879/583 14100/1820/583 14101/1866/583
f 14102/1896/583 14103/1899/583 14104/1898/583
f 14102/1896/583 14104/1898/583 14105/1897/583
f 14106/1873/583 14107/1825/583 14108/1826/583
f 14106/1873/583 14108/1826/583 14109/1748/583
f 14110/1900/583 14111/1903/583 14112/1902/583
f 14110/1900/583 14112/1902/583 14113/1901/583
f 14114/1747/583 14115/1827/583 14116/1824/583
f 14114/1747/583 14116/1824/583 14117/1878/583
f 14118/1904/583 14119/1907/583 14120/1906/583
s 1
f 14118/1904/583 14120/1906/583 14121/1905/583
s 0
f 14122/1833/583 14123/1829/583 14124/1830/583
f 14122/1833/583 14124/1830/583 14125/1848/583
f 14126/1908/583 14127/1911/583 14128/1910/583
f 14126/1908/583 14128/1910/583 14129/1909/583
f 14130/1855/583 14131/1831/583 14132/1828/583
f 14130/1855/583 14132/1828/583 14133/1838/583
f 14134/1912/596 14135/1834/596 14136/1835/596
f 14134/1912/596 14136/1835/596 14137/1913/596
f 14138/1913/597 14139/1835/597 14140/1836/597
f 14138/1913/598 14140/1836/598 14141/1914/598
f 14142/1914/599 14143/1836/599 14144/1837/599
f 14142/1914/599 14144/1837/599 14145/1915/599
f 14146/1915/600 14147/1837/600 14148/1834/600
f 14146/1915/601 14148/1834/601 14149/1912/601
f 14150/1916/599 14151/1840/599 14152/1841/599
f 14150/1916/599 14152/1841/599 14153/1917/599
f 14154/1917/602 14155/1841/602 14156/1842/602
f 14154/1917/603 14156/1842/603 14157/1918/603
f 14158/1918/596 14159/1842/596 14160/1843/596
f 14158/1918/596 14160/1843/596 14161/1919/596
f 14162/1919/604 14163/1843/604 14164/1840/604
f 14162/1919/605 14164/1840/605 14165/1916/605
f 14166/1920/606 14167/1844/606 14168/1845/606
f 14166/1920/599 14168/1845/599 14169/1921/599
f 14170/1921/602 14171/1845/602 14172/1846/602
f 14170/1921/603 14172/1846/603 14173/1922/603
f 14174/1922/596 14175/1846/596 14176/1847/596
f 14174/1922/596 14176/1847/596 14177/1923/596
f 14178/1923/605 14179/1847/605 14180/1844/605
f 14178/1923/604 14180/1844/604 14181/1920/604
f 14182/1924/596 14183/1850/596 14184/1851/596
f 14182/1924/596 14184/1851/596 14185/1925/596
f 14186/1925/607 14187/1851/607 14188/1852/607
f 14186/1925/598 14188/1852/598 14189/1926/598
f 14190/1926/599 14191/1852/599 14192/1853/599
f 14190/1926/599 14192/1853/599 14193/1927/599
f 14194/1927/600 14195/1853/600 14196/1850/600
f 14194/1927/600 14196/1850/600 14197/1924/600
f 14198/1928/606 14199/1856/606 14200/1857/606
f 14198/1928/606 14200/1857/606 14201/1929/606
f 14202/1929/602 14203/1857/602 14204/1858/602
f 14202/1929/603 14204/1858/603 14205/1930/603
f 14206/1930/596 14207/1858/596 14208/1859/596
f 14206/1930/596 14208/1859/596 14209/1931/596
f 14210/1931/605 14211/1859/605 14212/1856/605
f 14210/1931/604 14212/1856/604 14213/1928/604
s 1
f 14214/1932/596 14215/1862/596 14216/1863/596
s 0
f 14214/1932/596 14216/1863/596 14217/1933/596
f 14218/1933/597 14219/1863/597 14220/1864/597
f 14218/1933/598 14220/1864/598 14221/1934/598
f 14222/1934/599 14223/1864/599 14224/1865/599
f 14222/1934/599 14224/1865/599 14225/1935/599
f 14226/1935/600 14227/1865/600 14228/1862/600
f 14226/1935/601 14228/1862/601 14229/1932/601
f 14230/1936/599 14231/1868/599 14232/1869/599
f 14230/1936/599 14232/1869/599 14233/1937/599
f 14234/1937/602 14235/1869/602 14236/1870/602
f 14234/1937/603 14236/1870/603 14237/1938/603
f 14238/1938/596 14239/1870/596 14240/1871/596
f 14238/1938/596 14240/1871/596 14241/1939/596
f 14242/1939/605 14243/1871/605 14244/1868/605
f 14242/1939/604 14244/1868/604 14245/1936/604
f 14246/1940/596 14247/1874/596 14248/1875/596
f 14246/1940/596 14248/1875/596 14249/1941/596
f 14250/1941/597 14251/1875/597 14252/1876/597
f 14250/1941/598 14252/1876/598 14253/1942/598
f 14254/1942/599 14255/1876/599 14256/1877/599
f 14254/1942/599 14256/1877/599 14257/1943/599
f 14258/1943/601 14259/1877/601 14260/1874/601
f 14258/1943/600 14260/1874/600 14261/1940/600
f 14262/1925/599 14263/1880/599 14264/1881/599
f 14262/1925/599 14264/1881/599 14265/1924/599
f 14266/1924/602 14267/1881/602 14268/1882/602
f 14266/1924/602 14268/1882/602 14269/1944/602
f 14270/1944/596 14271/1882/596 14272/1883/596
f 14270/1944/596 14272/1883/596 14273/1945/596
f 14274/1945/604 14275/1883/604 14276/1880/604
f 14274/1945/604 14276/1880/604 14277/1925/604
s 1
f 14278/1929/596 14279/1884/596 14280/1885/596
s 0
f 14278/1929/596 14280/1885/596 14281/1928/596
f 14282/1928/597 14283/1885/597 14284/1886/597
f 14282/1928/608 14284/1886/608 14285/1946/608
f 14286/1946/599 14287/1886/599 14288/1887/599
f 14286/1946/599 14288/1887/599 14289/1947/599
f 14290/1947/600 14291/1887/600 14292/1884/600
f 14290/1947/601 14292/1884/601 14293/1929/601
f 14294/1933/599 14295/1888/599 14296/1889/599
f 14294/1933/599 14296/1889/599 14297/1932/599
f 14298/1932/609 14299/1889/609 14300/1890/609
f 14298/1932/603 14300/1890/603 14301/1948/603
f 14302/1948/596 14303/1890/596 14304/1891/596
f 14302/1948/596 14304/1891/596 14305/1949/596
f 14306/1949/605 14307/1891/605 14308/1888/605
f 14306/1949/604 14308/1888/604 14309/1933/604
s 1
f 14310/1937/596 14311/1892/596 14312/1893/596
f 14310/1937/596 14312/1893/596 14313/1936/596
s 0
f 14314/1936/597 14315/1893/597 14316/1894/597
f 14314/1936/598 14316/1894/598 14317/1950/598
f 14318/1950/599 14319/1894/599 14320/1895/599
f 14318/1950/599 14320/1895/599 14321/1951/599
f 14322/1951/600 14323/1895/600 14324/1892/600
f 14322/1951/601 14324/1892/601 14325/1937/601
f 14326/1941/599 14327/1896/599 14328/1897/599
f 14326/1941/599 14328/1897/599 14329/1940/599
f 14330/1940/609 14331/1897/609 14332/1898/609
f 14330/1940/603 14332/1898/603 14333/1952/603
f 14334/1952/596 14335/1898/596 14336/1899/596
f 14334/1952/596 14336/1899/596 14337/1953/596
f 14338/1953/605 14339/1899/605 14340/1896/605
f 14338/1953/604 14340/1896/604 14341/1941/604
f 14342/1954/596 14343/1900/596 14344/1901/596
f 14342/1954/596 14344/1901/596 14345/1955/596
f 14346/1955/597 14347/1901/597 14348/1902/597
f 14346/1955/598 14348/1902/598 14349/1956/598
f 14350/1956/606 14351/1902/606 14352/1903/606
f 14350/1956/599 14352/1903/599 14353/1957/599
f 14354/1957/600 14355/1903/600 14356/1900/600
f 14354/1957/600 14356/1900/600 14357/1954/600
f 14358/1913/599 14359/1904/599 14360/1905/599
f 14358/1913/599 14360/1905/599 14361/1912/599
f 14362/1912/602 14363/1905/602 14364/1906/602
f 14362/1912/603 14364/1906/603 14365/1958/603
f 14366/1958/596 14367/1906/596 14368/1907/596
f 14366/1958/596 14368/1907/596 14369/1959/596
f 14370/1959/605 14371/1907/605 14372/1904/605
f 14370/1959/604 14372/1904/604 14373/1913/604
f 14374/1921/596 14375/1908/596 14376/1909/596
f 14374/1921/596 14376/1909/596 14377/1920/596
f 14378/1920/597 14379/1909/597 14380/1910/597
f 14378/1920/608 14380/1910/608 14381/1960/608
f 14382/1960/599 14383/1910/599 14384/1911/599
f 14382/1960/599 14384/1911/599 14385/1961/599
f 14386/1961/610 14387/1911/610 14388/1908/610
f 14386/1961/600 14388/1908/600 14389/1921/600
f 14390/1962/552 14391/1755/552 14392/1756/552
f 14390/1962/552 14392/1756/552 14393/1963/552
f 14394/1964/552 14395/1759/552 14396/1760/552
f 14394/1964/552 14396/1760/552 14397/1965/552
f 14398/1966/551 14399/1763/551 14400/1764/551
f 14398/1966/551 14400/1764/551 14401/1967/551
f 14402/1968/551 14403/1767/551 14404/1768/551
f 14402/1968/551 14404/1768/551 14405/1969/551
f 14406/1970/552 14407/1774/552 14408/1780/552
f 14406/1970/552 14408/1780/552 14409/1971/552
f 14410/1972/551 14411/1778/551 14412/1776/551
f 14410/1972/551 14412/1776/551 14413/1973/551
f 14414/1965/552 14415/1760/552 14416/1774/552
f 14414/1965/552 14416/1774/552 14417/1970/552
f 14418/1973/551 14419/1776/551 14420/1767/551
f 14418/1973/551 14420/1767/551 14421/1968/551
f 14422/1967/551 14423/1764/551 14424/1778/551
f 14422/1967/551 14424/1778/551 14425/1972/551
f 14409/1971/552 14408/1780/552 14426/1755/552
f 14409/1971/552 14426/1755/552 14427/1962/552
f 14428/1963/552 14429/1756/552 14430/1782/552
f 14428/1963/552 14430/1782/552 14431/1974/552
f 14432/1975/551 14433/1784/551 14434/1763/551
f 14432/1975/551 14434/1763/551 14435/1966/551
f 14436/1969/551 14437/1768/551 14438/1786/551
f 14436/1969/551 14438/1786/551 14439/1976/551
f 14440/1977/552 14441/1788/552 14442/1759/552
f 14440/1977/552 14442/1759/552 14443/1964/552
f 14444/1978/552 14445/1790/552 14446/1788/552
f 14444/1978/552 14446/1788/552 14447/1977/552
f 14448/1974/552 14449/1782/552 14450/1792/552
f 14448/1974/552 14450/1792/552 14451/1979/552
f 14452/1980/551 14453/1794/551 14454/1784/551
f 14452/1980/551 14454/1784/551 14455/1975/551
f 14456/1976/551 14457/1786/551 14458/1796/551
f 14456/1976/551 14458/1796/551 14459/1981/551
f 14460/1982/552 14461/1798/552 14462/1799/552
f 14460/1982/552 14462/1799/552 14463/1983/552
f 14464/1984/551 14465/1801/551 14466/1802/551
f 14464/1984/551 14466/1802/551 14467/1985/551
f 14468/1979/552 14469/1792/552 14470/1798/552
f 14468/1979/552 14470/1798/552 14471/1982/552
f 14472/1985/551 14473/1802/551 14474/1794/551
f 14472/1985/551 14474/1794/551 14475/1980/551
f 14476/1981/551 14477/1796/551 14478/1801/551
f 14476/1981/551 14478/1801/551 14479/1984/551
f 14480/1983/552 14481/1799/552 14482/1790/552
f 14480/1983/552 14482/1790/552 14483/1978/552
f 14484/1986/578 14485/1987/578 14486/1719/578
f 14484/1986/578 14486/1719/578 14487/1718/578
f 14488/1988/553 14489/1991/553 14490/1990/553
f 14488/1988/553 14490/1990/553 14491/1989/553
f 14492/1772/611 14493/1771/611 14494/1992/611
f 14492/1772/611 14494/1992/611 14495/1773/611
f 14496/1991/559 14497/1991/559 14498/1988/559
f 14496/1991/559 14498/1988/559 14499/1988/559
f 14500/1988/552 14501/1988/552 14502/1989/552
f 14500/1988/552 14502/1989/552 14503/1989/552
f 14504/1773/560 14505/1773/560 14506/1992/560
f 14504/1773/560 14506/1992/560 14507/1992/560
f 14508/1989/557 14509/1989/557 14510/1990/557
f 14508/1989/557 14510/1990/557 14511/1990/557
f 14512/1993/549 14513/1993/549 14514/1994/549
f 14512/1993/549 14514/1994/549 14515/1994/549
f 14516/1698/552 14517/1701/552 14518/1700/552
f 14516/1698/552 14518/1700/552 14519/1699/552
f 14520/1702/551 14521/1705/551 14522/1704/551
f 14520/1702/551 14522/1704/551 14523/1703/551
f 14524/1706/579 14525/1709/579 14526/1708/579
f 14524/1706/579 14526/1708/579 14527/1707/579
f 14528/1710/549 14529/1713/549 14530/1712/549
f 14528/1710/549 14530/1712/549 14531/1711/549
f 14530/1712/549 14532/1715/549 14533/1714/549
f 14530/1712/549 14533/1714/549 14531/1711/549
f 14534/1716/550 14535/1717/550 14536/1706/550
f 14534/1716/550 14536/1706/550 14537/1707/550
f 14538/1718/550 14539/1718/550 14540/1719/550
f 14538/1718/550 14540/1719/550 14541/1719/550
f 14542/1702/551 14543/1721/551 14544/1720/551
f 14542/1702/551 14544/1720/551 14545/1705/551
f 14546/1699/552 14547/1723/552 14548/1722/552
f 14546/1699/552 14548/1722/552 14549/1698/552
f 14534/1716/550 14550/1725/550 14551/1724/550
f 14534/1716/550 14551/1724/550 14535/1717/550
f 14552/1726/552 11545/1693/552 11544/1696/552
f 14552/1726/552 11544/1696/552 14553/1727/552
f 14554/1704/551 14555/1729/551 14556/1728/551
f 14554/1704/551 14556/1728/551 14557/1703/551
f 14558/1701/552 14552/1726/552 14553/1727/552
f 14558/1701/552 14553/1727/552 14559/1700/552
f 14560/1710/582 14561/1731/582 14562/1730/582
f 14560/1710/582 14562/1730/582 14563/1713/582
f 14564/1732/550 14565/1734/550 14566/1715/550
f 14564/1732/550 14566/1715/550 14567/1733/550
f 14568/1709/550 14564/1732/550 14567/1733/550
f 14568/1709/550 14567/1733/550 14569/1708/550
f 14570/1729/551 14571/1690/551 14572/1691/551
f 14570/1729/551 14572/1691/551 14573/1728/551
f 14574/1731/549 14575/1736/549 14576/1735/549
f 14574/1731/549 14576/1735/549 14577/1730/549
f 14578/1737/552 14579/1740/552 14580/1739/552
f 14578/1737/552 14580/1739/552 14581/1738/552
f 14582/1741/552 14583/1742/552 14584/1740/552
f 14582/1741/552 14584/1740/552 14585/1737/552
f 14586/1743/583 14587/1746/583 14588/1745/583
f 14586/1743/583 14588/1745/583 14589/1744/583
f 14590/1736/549 14591/1748/549 14592/1747/549
f 14590/1736/549 14592/1747/549 14593/1735/549
f 14594/1736/584 14595/1736/584 14596/1735/584
f 14594/1736/584 14596/1735/584 14597/1735/584
f 14565/1734/550 14598/1734/550 14599/1715/550
f 14565/1734/550 14599/1715/550 14566/1715/550
f 14600/1749/551 14601/1752/551 14602/1751/551
f 14600/1749/551 14602/1751/551 14603/1750/551
f 14604/1753/551 14605/1754/551 14606/1752/551
f 14604/1753/551 14606/1752/551 14607/1749/551
f 14608/1755/557 14609/1758/557 14610/1757/557
f 14608/1755/557 14610/1757/557 14611/1756/557
f 14612/1759/559 14613/1762/559 14614/1761/559
f 14612/1759/559 14614/1761/559 14615/1760/559
f 14616/1763/558 14617/1766/558 14618/1765/558
f 14616/1763/558 14618/1765/558 14619/1764/558
f 14620/1767/560 14621/1770/560 14622/1769/560
f 14620/1767/560 14622/1769/560 14623/1768/560
f 14624/1771/558 14625/1771/558 14626/1772/558
f 14624/1771/558 14626/1772/558 14627/1772/558
f 14628/1772/551 14629/1772/551 14630/1773/551
f 14628/1772/551 14630/1773/551 14631/1773/551
f 14632/1760/559 14633/1761/559 14634/1775/559
f 14632/1760/559 14634/1775/559 14635/1774/559
f 14636/1776/560 14637/1777/560 14638/1770/560
f 14636/1776/560 14638/1770/560 14639/1767/560
f 14640/1764/558 14641/1765/558 14642/1779/558
f 14640/1764/558 14642/1779/558 14643/1778/558
f 14644/1780/557 14645/1781/557 14646/1758/557
f 14644/1780/557 14646/1758/557 14647/1755/557
f 14648/1756/585 14649/1757/585 14650/1783/585
f 14648/1756/585 14650/1783/585 14651/1782/585
f 14652/1784/586 14653/1785/586 14654/1766/586
f 14652/1784/586 14654/1766/586 14655/1763/586
f 14656/1768/587 14657/1769/587 14658/1787/587
f 14656/1768/587 14658/1787/587 14659/1786/587
f 14660/1788/588 14661/1789/588 14662/1762/588
f 14660/1788/588 14662/1762/588 14663/1759/588
f 14664/1790/559 14665/1791/559 14666/1789/559
f 14664/1790/559 14666/1789/559 14667/1788/559
f 14668/1782/557 14669/1783/557 14670/1793/557
f 14668/1782/557 14670/1793/557 14671/1792/557
f 14672/1794/558 14673/1795/558 14674/1785/558
f 14672/1794/558 14674/1785/558 14675/1784/558
f 14676/1786/560 14677/1787/560 14678/1797/560
f 14676/1786/560 14678/1797/560 14679/1796/560
s 1
f 14680/1798/589 14681/1800/589 14682/1737/589
s 0
f 14680/1798/589 14682/1737/589 14683/1799/589
f 14684/1801/590 14685/1749/590 14686/1803/590
f 14684/1801/590 14686/1803/590 14687/1802/590
f 14688/1792/557 14689/1793/557 14690/1800/557
f 14688/1792/557 14690/1800/557 14691/1798/557
s 1
f 14692/1802/558 14693/1803/558 14694/1795/558
s 0
f 14692/1802/558 14694/1795/558 14695/1794/558
f 14696/1796/560 14697/1797/560 14698/1749/560
f 14696/1796/560 14698/1749/560 14699/1801/560
f 14700/1799/559 14701/1737/559 14702/1791/559
f 14700/1799/559 14702/1791/559 14703/1790/559
f 14704/1737/591 14705/1737/591 14706/1800/591
f 14704/1737/591 14706/1800/591 14707/1741/591
f 14708/1750/593 14709/1803/593 14710/1749/593
f 14708/1750/593 14710/1749/593 14711/1749/593
f 14712/1749/558 14713/1749/558 14714/1797/558
f 14712/1749/558 14714/1797/558 14715/1753/558
f 14716/1738/557 14717/1791/557 14718/1737/557
f 14716/1738/557 14718/1737/557 14719/1737/557
f 14720/1754/560 14721/1797/560 14722/1749/560
f 14720/1754/560 14722/1749/560 14723/1752/560
f 14724/1740/559 14725/1737/559 14726/1791/559
f 14724/1740/559 14726/1791/559 14727/1739/559
f 14728/1741/557 14729/1800/557 14730/1800/557
f 14728/1741/557 14730/1800/557 14731/1742/557
f 14732/1739/594 14733/1791/594 14734/1791/594
f 14732/1739/594 14734/1791/594 14735/1738/594
f 14736/1753/595 14737/1797/595 14738/1797/595
f 14736/1753/595 14738/1797/595 14739/1754/595
f 14740/1751/558 14741/1803/558 14742/1803/558
f 14740/1751/558 14742/1803/558 14743/1750/558
f 14744/1804/583 14745/1807/583 14746/1806/583
f 14744/1804/583 14746/1806/583 14747/1805/583
f 14748/1808/583 14749/1811/583 14750/1810/583
f 14748/1808/583 14750/1810/583 14751/1809/583
f 14752/1812/583 14753/1815/583 14754/1814/583
f 14752/1812/583 14754/1814/583 14755/1813/583
f 14756/1816/583 14757/1819/583 14758/1818/583
f 14756/1816/583 14758/1818/583 14759/1817/583
f 14760/1820/583 14761/1823/583 14762/1822/583
f 14760/1820/583 14762/1822/583 14763/1821/583
f 14764/1824/583 14765/1827/583 14766/1826/583
f 14764/1824/583 14766/1826/583 14767/1825/583
f 14768/1828/583 14769/1831/583 14770/1830/583
f 14768/1828/583 14770/1830/583 14771/1829/583
f 14772/1832/583 14773/1743/583 14774/1744/583
f 14772/1832/583 14774/1744/583 14775/1833/583
f 14776/1834/583 14777/1837/583 14778/1836/583
f 14776/1834/583 14778/1836/583 14779/1835/583
f 14780/1838/583 14781/1745/583 14782/1746/583
f 14780/1838/583 14782/1746/583 14783/1839/583
f 14784/1840/583 14785/1843/583 14786/1842/583
f 14784/1840/583 14786/1842/583 14787/1841/583
f 14788/1844/583 14789/1847/583 14790/1846/583
f 14788/1844/583 14790/1846/583 14791/1845/583
f 14792/1848/583 14793/1805/583 14794/1806/583
f 14792/1848/583 14794/1806/583 14795/1849/583
f 14796/1850/583 14797/1853/583 14798/1852/583
f 14796/1850/583 14798/1852/583 14799/1851/583
f 14800/1854/583 14801/1807/583 14802/1804/583
f 14800/1854/583 14802/1804/583 14803/1855/583
f 14804/1856/583 14805/1859/583 14806/1858/583
f 14804/1856/583 14806/1858/583 14807/1857/583
f 14808/1860/583 14809/1809/583 14810/1810/583
f 14808/1860/583 14810/1810/583 14811/1861/583
f 14812/1862/583 14813/1865/583 14814/1864/583
f 14812/1862/583 14814/1864/583 14815/1863/583
f 14816/1866/583 14817/1811/583 14818/1808/583
f 14816/1866/583 14818/1808/583 14819/1867/583
f 14820/1868/583 14821/1871/583 14822/1870/583
f 14820/1868/583 14822/1870/583 14823/1869/583
f 14824/1872/583 14825/1813/583 14826/1814/583
f 14824/1872/583 14826/1814/583 14827/1873/583
f 14828/1874/583 14829/1877/583 14830/1876/583
f 14828/1874/583 14830/1876/583 14831/1875/583
f 14832/1878/583 14833/1815/583 14834/1812/583
f 14832/1878/583 14834/1812/583 14835/1879/583
f 14836/1880/583 14837/1883/583 14838/1882/583
f 14836/1880/583 14838/1882/583 14839/1881/583
f 14840/1849/583 14841/1817/583 14842/1818/583
f 14840/1849/583 14842/1818/583 14843/1860/583
f 14844/1884/583 14845/1887/583 14846/1886/583
f 14844/1884/583 14846/1886/583 14847/1885/583
f 14848/1867/583 14849/1819/583 14850/1816/583
f 14848/1867/583 14850/1816/583 14851/1854/583
f 14852/1888/583 14853/1891/583 14854/1890/583
f 14852/1888/583 14854/1890/583 14855/1889/583
f 14856/1861/583 14857/1821/583 14858/1822/583
f 14856/1861/583 14858/1822/583 14859/1872/583
f 14860/1892/583 14861/1895/583 14862/1894/583
f 14860/1892/583 14862/1894/583 14863/1893/583
f 14864/1879/583 14865/1823/583 14866/1820/583
f 14864/1879/583 14866/1820/583 14867/1866/583
f 14868/1896/583 14869/1899/583 14870/1898/583
f 14868/1896/583 14870/1898/583 14871/1897/583
f 14872/1873/583 14873/1825/583 14874/1826/583
f 14872/1873/583 14874/1826/583 14875/1748/583
f 14876/1900/583 14877/1903/583 14878/1902/583
f 14876/1900/583 14878/1902/583 14879/1901/583
f 14880/1747/583 14881/1827/583 14882/1824/583
f 14880/1747/583 14882/1824/583 14883/1878/583
f 14884/1904/583 14885/1907/583 14886/1906/583
f 14884/1904/583 14886/1906/583 14887/1905/583
f 14888/1833/583 14889/1829/583 14890/1830/583
f 14888/1833/583 14890/1830/583 14891/1848/583
f 14892/1908/583 14893/1911/583 14894/1910/583
f 14892/1908/583 14894/1910/583 14895/1909/583
f 14896/1855/583 14897/1831/583 14898/1828/583
f 14896/1855/583 14898/1828/583 14899/1838/583
f 14900/1912/596 14901/1834/596 14902/1835/596
f 14900/1912/596 14902/1835/596 14903/1913/596
f 14904/1913/597 14905/1835/597 14906/1836/597
f 14904/1913/598 14906/1836/598 14907/1914/598
f 14908/1914/599 14909/1836/599 14910/1837/599
f 14908/1914/599 14910/1837/599 14911/1915/599
f 14912/1915/600 14913/1837/600 14914/1834/600
f 14912/1915/600 14914/1834/600 14915/1912/600
f 14916/1916/599 14917/1840/599 14918/1841/599
f 14916/1916/599 14918/1841/599 14919/1917/599
f 14920/1917/602 14921/1841/602 14922/1842/602
f 14920/1917/603 14922/1842/603 14923/1918/603
f 14924/1918/596 14925/1842/596 14926/1843/596
f 14924/1918/596 14926/1843/596 14927/1919/596
f 14928/1919/605 14929/1843/605 14930/1840/605
f 14928/1919/604 14930/1840/604 14931/1916/604
f 14932/1920/599 14933/1844/599 14934/1845/599
f 14932/1920/599 14934/1845/599 14935/1921/599
f 14936/1921/609 14937/1845/609 14938/1846/609
f 14936/1921/602 14938/1846/602 14939/1922/602
f 14940/1922/596 14941/1846/596 14942/1847/596
f 14940/1922/596 14942/1847/596 14943/1923/596
f 14944/1923/605 14945/1847/605 14946/1844/605
f 14944/1923/604 14946/1844/604 14947/1920/604
f 14948/1924/596 14949/1850/596 14950/1851/596
f 14948/1924/596 14950/1851/596 14951/1925/596
f 14952/1925/597 14953/1851/597 14954/1852/597
f 14952/1925/598 14954/1852/598 14955/1926/598
f 14956/1926/599 14957/1852/599 14958/1853/599
f 14956/1926/599 14958/1853/599 14959/1927/599
f 14960/1927/600 14961/1853/600 14962/1850/600
f 14960/1927/600 14962/1850/600 14963/1924/600
f 14964/1928/599 14965/1856/599 14966/1857/599
f 14964/1928/599 14966/1857/599 14967/1929/599
f 14968/1929/603 14969/1857/603 14970/1858/603
s 1
f 14968/1929/603 14970/1858/603 14971/1930/603
s 0
f 14972/1930/596 14973/1858/596 14974/1859/596
f 14972/1930/596 14974/1859/596 14975/1931/596
f 14976/1931/605 14977/1859/605 14978/1856/605
f 14976/1931/604 14978/1856/604 14979/1928/604
f 14980/1932/596 14981/1862/596 14982/1863/596
f 14980/1932/596 14982/1863/596 14983/1933/596
f 14984/1933/597 14985/1863/597 14986/1864/597
f 14984/1933/598 14986/1864/598 14987/1934/598
f 14988/1934/599 14989/1864/599 14990/1865/599
f 14988/1934/599 14990/1865/599 14991/1935/599
f 14992/1935/600 14993/1865/600 14994/1862/600
f 14992/1935/601 14994/1862/601 14995/1932/601
f 14996/1936/599 14997/1868/599 14998/1869/599
f 14996/1936/599 14998/1869/599 14999/1937/599
f 15000/1937/609 15001/1869/609 15002/1870/609
f 15000/1937/603 15002/1870/603 15003/1938/603
f 15004/1938/596 15005/1870/596 15006/1871/596
f 15004/1938/596 15006/1871/596 15007/1939/596
f 15008/1939/605 15009/1871/605 15010/1868/605
f 15008/1939/605 15010/1868/605 15011/1936/605
f 15012/1940/596 15013/1874/596 15014/1875/596
f 15012/1940/596 15014/1875/596 15015/1941/596
f 15016/1941/597 15017/1875/597 15018/1876/597
f 15016/1941/597 15018/1876/597 15019/1942/597
f 15020/1942/599 15021/1876/599 15022/1877/599
f 15020/1942/599 15022/1877/599 15023/1943/599
f 15024/1943/601 15025/1877/601 15026/1874/601
f 15024/1943/600 15026/1874/600 15027/1940/600
f 15028/1925/599 15029/1880/599 15030/1881/599
f 15028/1925/599 15030/1881/599 15031/1924/599
f 15032/1924/609 15033/1881/609 15034/1882/609
f 15032/1924/603 15034/1882/603 15035/1944/603
f 15036/1944/596 15037/1882/596 15038/1883/596
f 15036/1944/596 15038/1883/596 15039/1945/596
f 15040/1945/604 15041/1883/604 15042/1880/604
f 15040/1945/604 15042/1880/604 15043/1925/604
s 1
f 15044/1929/596 15045/1884/596 15046/1885/596
s 0
f 15044/1929/596 15046/1885/596 15047/1928/596
f 15048/1928/597 15049/1885/597 15050/1886/597
f 15048/1928/598 15050/1886/598 15051/1946/598
f 15052/1946/599 15053/1886/599 15054/1887/599
f 15052/1946/599 15054/1887/599 15055/1947/599
f 15056/1947/600 15057/1887/600 15058/1884/600
f 15056/1947/601 15058/1884/601 15059/1929/601
f 15060/1933/599 15061/1888/599 15062/1889/599
f 15060/1933/599 15062/1889/599 15063/1932/599
f 15064/1932/609 15065/1889/609 15066/1890/609
f 15064/1932/603 15066/1890/603 15067/1948/603
f 15068/1948/596 15069/1890/596 15070/1891/596
f 15068/1948/596 15070/1891/596 15071/1949/596
f 15072/1949/605 15073/1891/605 15074/1888/605
f 15072/1949/605 15074/1888/605 15075/1933/605
f 15076/1937/596 15077/1892/596 15078/1893/596
f 15076/1937/596 15078/1893/596 15079/1936/596
f 15080/1936/607 15081/1893/607 15082/1894/607
f 15080/1936/598 15082/1894/598 15083/1950/598
f 15084/1950/599 15085/1894/599 15086/1895/599
f 15084/1950/599 15086/1895/599 15087/1951/599
f 15088/1951/601 15089/1895/601 15090/1892/601
f 15088/1951/600 15090/1892/600 15091/1937/600
f 15092/1941/599 15093/1896/599 15094/1897/599
f 15092/1941/599 15094/1897/599 15095/1940/599
f 15096/1940/602 15097/1897/602 15098/1898/602
f 15096/1940/603 15098/1898/603 15099/1952/603
f 15100/1952/596 15101/1898/596 15102/1899/596
f 15100/1952/596 15102/1899/596 15103/1953/596
f 15104/1953/605 15105/1899/605 15106/1896/605
f 15104/1953/605 15106/1896/605 15107/1941/605
f 15108/1954/596 15109/1900/596 15110/1901/596
f 15108/1954/596 15110/1901/596 15111/1955/596
f 15112/1955/607 15113/1901/607 15114/1902/607
f 15112/1955/598 15114/1902/598 15115/1956/598
f 15116/1956/606 15117/1902/606 15118/1903/606
f 15116/1956/599 15118/1903/599 15119/1957/599
f 15120/1957/600 15121/1903/600 15122/1900/600
f 15120/1957/600 15122/1900/600 15123/1954/600
f 15124/1913/599 15125/1904/599 15126/1905/599
f 15124/1913/599 15126/1905/599 15127/1912/599
f 15128/1912/609 15129/1905/609 15130/1906/609
f 15128/1912/602 15130/1906/602 15131/1958/602
f 15132/1958/596 15133/1906/596 15134/1907/596
f 15132/1958/596 15134/1907/596 15135/1959/596
f 15136/1959/604 15137/1907/604 15138/1904/604
f 15136/1959/604 15138/1904/604 15139/1913/604
f 15140/1921/596 15141/1908/596 15142/1909/596
f 15140/1921/596 15142/1909/596 15143/1920/596
f 15144/1920/597 15145/1909/597 15146/1910/597
f 15144/1920/598 15146/1910/598 15147/1960/598
f 15148/1960/599 15149/1910/599 15150/1911/599
f 15148/1960/599 15150/1911/599 15151/1961/599
f 15152/1961/601 15153/1911/601 15154/1908/601
f 15152/1961/600 15154/1908/600 15155/1921/600
f 15156/1962/552 15157/1755/552 15158/1756/552
f 15156/1962/552 15158/1756/552 15159/1963/552
f 15160/1964/552 15161/1759/552 15162/1760/552
f 15160/1964/552 15162/1760/552 15163/1965/552
f 15164/1966/551 15165/1763/551 15166/1764/551
f 15164/1966/551 15166/1764/551 15167/1967/551
f 15168/1968/551 15169/1767/551 15170/1768/551
f 15168/1968/551 15170/1768/551 15171/1969/551
f 15172/1970/552 15173/1774/552 15174/1780/552
f 15172/1970/552 15174/1780/552 15175/1971/552
f 15176/1972/551 15177/1778/551 15178/1776/551
f 15176/1972/551 15178/1776/551 15179/1973/551
f 15180/1965/552 15181/1760/552 15182/1774/552
f 15180/1965/552 15182/1774/552 15183/1970/552
f 15184/1973/551 15185/1776/551 15186/1767/551
f 15184/1973/551 15186/1767/551 15187/1968/551
f 15188/1967/551 15189/1764/551 15190/1778/551
f 15188/1967/551 15190/1778/551 15191/1972/551
f 15192/1971/552 15193/1780/552 15194/1755/552
f 15192/1971/552 15194/1755/552 15195/1962/552
f 15196/1963/552 15197/1756/552 15198/1782/552
f 15196/1963/552 15198/1782/552 15199/1974/552
f 15200/1975/551 15201/1784/551 15202/1763/551
f 15200/1975/551 15202/1763/551 15203/1966/551
f 15204/1969/551 15205/1768/551 15206/1786/551
f 15204/1969/551 15206/1786/551 15207/1976/551
f 15208/1977/552 15209/1788/552 15210/1759/552
f 15208/1977/552 15210/1759/552 15211/1964/552
f 15212/1978/552 15213/1790/552 15214/1788/552
f 15212/1978/552 15214/1788/552 15215/1977/552
f 15216/1974/552 15217/1782/552 15218/1792/552
f 15216/1974/552 15218/1792/552 15219/1979/552
f 15220/1980/551 15221/1794/551 15222/1784/551
f 15220/1980/551 15222/1784/551 15223/1975/551
f 15224/1976/551 15225/1786/551 15226/1796/551
f 15224/1976/551 15226/1796/551 15227/1981/551
f 15228/1982/552 15229/1798/552 15230/1799/552
f 15228/1982/552 15230/1799/552 15231/1983/552
f 15232/1984/551 15233/1801/551 15234/1802/551
f 15232/1984/551 15234/1802/551 15235/1985/551
f 15219/1979/552 15218/1792/552 15236/1798/552
f 15219/1979/552 15236/1798/552 15237/1982/552
f 15238/1985/551 15239/1802/551 15240/1794/551
f 15238/1985/551 15240/1794/551 15241/1980/551
f 15242/1981/551 15243/1796/551 15244/1801/551
f 15242/1981/551 15244/1801/551 15245/1984/551
f 15246/1983/552 15247/1799/552 15248/1790/552
f 15246/1983/552 15248/1790/552 15249/1978/552
f 15250/1986/578 15251/1987/578 15252/1719/578
f 15250/1986/578 15252/1719/578 15253/1718/578
f 15254/1988/553 15255/1991/553 15256/1990/553
f 15254/1988/553 15256/1990/553 15257/1989/553
f 15258/1772/611 15259/1771/611 15260/1992/611
f 15258/1772/611 15260/1992/611 15261/1773/611
f 15262/1991/559 15263/1991/559 15264/1988/559
f 15262/1991/559 15264/1988/559 15265/1988/559
f 15266/1988/552 15267/1988/552 15268/1989/552
f 15266/1988/552 15268/1989/552 15269/1989/552
f 15270/1773/560 15271/1773/560 15272/1992/560
f 15270/1773/560 15272/1992/560 15273/1992/560
f 15274/1989/557 15275/1989/557 15276/1990/557
f 15274/1989/557 15276/1990/557 15277/1990/557
f 15278/1993/549 15279/1993/549 15280/1994/549
f 15278/1993/549 15280/1994/549 15281/1994/549
f 15282/1698/552 15283/1701/552 15284/1700/552
f 15282/1698/552 15284/1700/552 15285/1699/552
f 15286/1702/551 15287/1705/551 15288/1704/551
f 15286/1702/551 15288/1704/551 15289/1703/551
f 15290/1706/579 15291/1709/579 15292/1708/579
f 15290/1706/579 15292/1708/579 15293/1707/579
f 15294/1710/549 15295/1713/549 15296/1712/549
f 15294/1710/549 15296/1712/549 15297/1711/549
f 15296/1712/549 15298/1715/549 15299/1714/549
f 15296/1712/549 15299/1714/549 15297/1711/549
f 15300/1716/550 15301/1717/550 15302/1706/550
f 15300/1716/550 15302/1706/550 15303/1707/550
f 15304/1718/550 15305/1718/550 15306/1719/550
f 15304/1718/550 15306/1719/550 15307/1719/550
f 15286/1702/551 15308/1721/551 15309/1720/551
f 15286/1702/551 15309/1720/551 15287/1705/551
f 15310/1699/552 15311/1723/552 15312/1722/552
f 15310/1699/552 15312/1722/552 15313/1698/552
f 15300/1716/550 15314/1725/550 15315/1724/550
f 15300/1716/550 15315/1724/550 15301/1717/550
f 15316/1726/552 15317/1693/552 15318/1696/552
f 15316/1726/552 15318/1696/552 15319/1727/552
f 15288/1704/551 15320/1729/551 15321/1728/551
f 15288/1704/551 15321/1728/551 15289/1703/551
f 15322/1701/552 15323/1726/552 15324/1727/552
f 15322/1701/552 15324/1727/552 15325/1700/552
f 15326/1710/582 15327/1731/582 15328/1730/582
f 15326/1710/582 15328/1730/582 15329/1713/582
f 15330/1732/550 15331/1734/550 15332/1715/550
f 15330/1732/550 15332/1715/550 15333/1733/550
f 15334/1709/550 15330/1732/550 15333/1733/550
f 15334/1709/550 15333/1733/550 15335/1708/550
f 15320/1729/551 11547/1690/551 11549/1691/551
f 15320/1729/551 11549/1691/551 15321/1728/551
f 15336/1731/549 15337/1736/549 15338/1735/549
f 15336/1731/549 15338/1735/549 15339/1730/549
f 15340/1737/552 15341/1740/552 15342/1739/552
f 15340/1737/552 15342/1739/552 15343/1738/552
f 15344/1741/552 15345/1742/552 15346/1740/552
f 15344/1741/552 15346/1740/552 15347/1737/552
f 15348/1743/583 15349/1746/583 15350/1745/583
f 15348/1743/583 15350/1745/583 15351/1744/583
f 15352/1736/549 15353/1748/549 15354/1747/549
f 15352/1736/549 15354/1747/549 15355/1735/549
f 15356/1736/584 15357/1736/584 15358/1735/584
f 15356/1736/584 15358/1735/584 15359/1735/584
f 15331/1734/550 15360/1734/550 15361/1715/550
f 15331/1734/550 15361/1715/550 15332/1715/550
f 15362/1749/551 15363/1752/551 15364/1751/551
f 15362/1749/551 15364/1751/551 15365/1750/551
f 15366/1753/551 15367/1754/551 15368/1752/551
f 15366/1753/551 15368/1752/551 15369/1749/551
f 15370/1755/557 15371/1758/557 15372/1757/557
f 15370/1755/557 15372/1757/557 15373/1756/557
f 15374/1759/559 15375/1762/559 15376/1761/559
f 15374/1759/559 15376/1761/559 15377/1760/559
f 15378/1763/558 15379/1766/558 15380/1765/558
f 15378/1763/558 15380/1765/558 15381/1764/558
f 15382/1767/560 15383/1770/560 15384/1769/560
f 15382/1767/560 15384/1769/560 15385/1768/560
f 15386/1771/558 15387/1771/558 15388/1772/558
f 15386/1771/558 15388/1772/558 15389/1772/558
f 15390/1772/551 15391/1772/551 15392/1773/551
f 15390/1772/551 15392/1773/551 15393/1773/551
f 15394/1760/559 15395/1761/559 15396/1775/559
f 15394/1760/559 15396/1775/559 15397/1774/559
f 15398/1776/560 15399/1777/560 15400/1770/560
f 15398/1776/560 15400/1770/560 15401/1767/560
f 15402/1764/558 15403/1765/558 15404/1779/558
f 15402/1764/558 15404/1779/558 15405/1778/558
f 15406/1780/557 15407/1781/557 15408/1758/557
f 15406/1780/557 15408/1758/557 15409/1755/557
f 15410/1756/585 15411/1757/585 15412/1783/585
f 15410/1756/585 15412/1783/585 15413/1782/585
f 15414/1784/586 15415/1785/586 15416/1766/586
f 15414/1784/586 15416/1766/586 15417/1763/586
f 15418/1768/587 15419/1769/587 15420/1787/587
f 15418/1768/587 15420/1787/587 15421/1786/587
f 15422/1788/588 15423/1789/588 15424/1762/588
f 15422/1788/588 15424/1762/588 15425/1759/588
f 15426/1790/559 15427/1791/559 15428/1789/559
f 15426/1790/559 15428/1789/559 15429/1788/559
f 15430/1782/557 15431/1783/557 15432/1793/557
f 15430/1782/557 15432/1793/557 15433/1792/557
f 15434/1794/558 15435/1795/558 15436/1785/558
f 15434/1794/558 15436/1785/558 15437/1784/558
f 15438/1786/560 15439/1787/560 15440/1797/560
f 15438/1786/560 15440/1797/560 15441/1796/560
f 15442/1798/589 15443/1800/589 15444/1737/589
f 15442/1798/589 15444/1737/589 15445/1799/589
f 15446/1801/590 15447/1749/590 15448/1803/590
f 15446/1801/590 15448/1803/590 15449/1802/590
s 1
f 15450/1792/557 15451/1793/557 15452/1800/557
s 0
f 15450/1792/557 15452/1800/557 15453/1798/557
f 15454/1802/558 15455/1803/558 15456/1795/558
f 15454/1802/558 15456/1795/558 15457/1794/558
f 15458/1796/560 15459/1797/560 15460/1749/560
f 15458/1796/560 15460/1749/560 15461/1801/560
f 15462/1799/559 15463/1737/559 15464/1791/559
f 15462/1799/559 15464/1791/559 15465/1790/559
f 15466/1737/591 15467/1737/591 15468/1800/591
f 15466/1737/591 15468/1800/591 15469/1741/591
f 15470/1750/593 15471/1803/593 15472/1749/593
f 15470/1750/593 15472/1749/593 15473/1749/593
f 15474/1749/558 15475/1749/558 15476/1797/558
f 15474/1749/558 15476/1797/558 15477/1753/558
f 15478/1738/557 15479/1791/557 15480/1737/557
f 15478/1738/557 15480/1737/557 15481/1737/557
f 15482/1754/560 15483/1797/560 15484/1749/560
f 15482/1754/560 15484/1749/560 15485/1752/560
f 15486/1740/559 15487/1737/559 15488/1791/559
f 15486/1740/559 15488/1791/559 15489/1739/559
f 15490/1741/557 15491/1800/557 15492/1800/557
f 15490/1741/557 15492/1800/557 15493/1742/557
f 15494/1739/594 15495/1791/594 15496/1791/594
f 15494/1739/612 15496/1791/612 15497/1738/612
f 15498/1753/595 15499/1797/595 15500/1797/595
f 15498/1753/595 15500/1797/595 15501/1754/595
f 15502/1751/558 15503/1803/558 15504/1803/558
f 15502/1751/558 15504/1803/558 15505/1750/558
f 15506/1804/583 15507/1807/583 15508/1806/583
s 1
f 15506/1804/583 15508/1806/583 15509/1805/583
s 0
f 15510/1808/583 15511/1811/583 15512/1810/583
f 15510/1808/583 15512/1810/583 15513/1809/583
f 15514/1812/583 15515/1815/583 15516/1814/583
f 15514/1812/583 15516/1814/583 15517/1813/583
f 15518/1816/583 15519/1819/583 15520/1818/583
f 15518/1816/583 15520/1818/583 15521/1817/583
f 15522/1820/583 15523/1823/583 15524/1822/583
f 15522/1820/583 15524/1822/583 15525/1821/583
f 15526/1824/583 15527/1827/583 15528/1826/583
f 15526/1824/583 15528/1826/583 15529/1825/583
f 15530/1828/583 15531/1831/583 15532/1830/583
f 15530/1828/583 15532/1830/583 15533/1829/583
f 15534/1832/583 15535/1743/583 15536/1744/583
f 15534/1832/583 15536/1744/583 15537/1833/583
f 15538/1834/583 15539/1837/583 15540/1836/583
f 15538/1834/583 15540/1836/583 15541/1835/583
f 15542/1838/583 15543/1745/583 15544/1746/583
f 15542/1838/583 15544/1746/583 15545/1839/583
s 1
f 15546/1840/583 15547/1843/583 15548/1842/583
s 0
f 15546/1840/583 15548/1842/583 15549/1841/583
f 15550/1844/583 15551/1847/583 15552/1846/583
f 15550/1844/583 15552/1846/583 15553/1845/583
f 15554/1848/583 15555/1805/583 15556/1806/583
f 15554/1848/583 15556/1806/583 15557/1849/583
f 15558/1850/583 15559/1853/583 15560/1852/583
f 15558/1850/583 15560/1852/583 15561/1851/583
f 15562/1854/583 15507/1807/583 15506/1804/583
f 15562/1854/583 15506/1804/583 15563/1855/583
f 15564/1856/613 15565/1859/613 15566/1858/613
f 15564/1856/583 15566/1858/583 15567/1857/583
f 15568/1860/583 15569/1809/583 15570/1810/583
f 15568/1860/583 15570/1810/583 15571/1861/583
f 15572/1862/583 15573/1865/583 15574/1864/583
f 15572/1862/583 15574/1864/583 15575/1863/583
f 15576/1866/583 15577/1811/583 15578/1808/583
f 15576/1866/583 15578/1808/583 15579/1867/583
f 15580/1868/583 15581/1871/583 15582/1870/583
f 15580/1868/583 15582/1870/583 15583/1869/583
f 15584/1872/583 15585/1813/583 15586/1814/583
f 15584/1872/583 15586/1814/583 15587/1873/583
f 15588/1874/583 15589/1877/583 15590/1876/583
f 15588/1874/583 15590/1876/583 15591/1875/583
f 15592/1878/583 15593/1815/583 15594/1812/583
f 15592/1878/583 15594/1812/583 15595/1879/583
f 15596/1880/583 15597/1883/583 15598/1882/583
f 15596/1880/583 15598/1882/583 15599/1881/583
f 15600/1849/583 15601/1817/583 15602/1818/583
f 15600/1849/583 15602/1818/583 15603/1860/583
f 15604/1884/583 15605/1887/583 15606/1886/583
f 15604/1884/583 15606/1886/583 15607/1885/583
f 15608/1867/583 15609/1819/583 15610/1816/583
f 15608/1867/583 15610/1816/583 15611/1854/583
f 15612/1888/583 15613/1891/583 15614/1890/583
f 15612/1888/583 15614/1890/583 15615/1889/583
f 15616/1861/583 15617/1821/583 15618/1822/583
f 15616/1861/583 15618/1822/583 15619/1872/583
f 15620/1892/583 15621/1895/583 15622/1894/583
f 15620/1892/583 15622/1894/583 15623/1893/583
f 15624/1879/583 15625/1823/583 15626/1820/583
f 15624/1879/583 15626/1820/583 15627/1866/583
f 15628/1896/583 15629/1899/583 15630/1898/583
f 15628/1896/583 15630/1898/583 15631/1897/583
f 15632/1873/583 15633/1825/583 15634/1826/583
f 15632/1873/583 15634/1826/583 15635/1748/583
f 15636/1900/583 15637/1903/583 15638/1902/583
f 15636/1900/583 15638/1902/583 15639/1901/583
f 15640/1747/583 15641/1827/583 15642/1824/583
f 15640/1747/583 15642/1824/583 15643/1878/583
s 1
f 15644/1904/583 15645/1907/583 15646/1906/583
f 15644/1904/583 15646/1906/583 15647/1905/583
s 0
f 15648/1833/583 15649/1829/583 15650/1830/583
f 15648/1833/583 15650/1830/583 15651/1848/583
s 1
f 15652/1908/583 15653/1911/583 15654/1910/583
s 0
f 15652/1908/583 15654/1910/583 15655/1909/583
f 15656/1855/583 15657/1831/583 15658/1828/583
f 15656/1855/583 15658/1828/583 15659/1838/583
f 15660/1912/596 15661/1834/596 15662/1835/596
f 15660/1912/596 15662/1835/596 15663/1913/596
f 15664/1913/597 15665/1835/597 15666/1836/597
f 15664/1913/598 15666/1836/598 15667/1914/598
f 15668/1914/599 15669/1836/599 15670/1837/599
s 1
f 15668/1914/599 15670/1837/599 15671/1915/599
s 0
f 15672/1915/610 15673/1837/610 15674/1834/610
f 15672/1915/601 15674/1834/601 15675/1912/601
f 15676/1916/599 15677/1840/599 15678/1841/599
f 15676/1916/599 15678/1841/599 15679/1917/599
f 15680/1917/602 15681/1841/602 15682/1842/602
f 15680/1917/603 15682/1842/603 15683/1918/603
f 15684/1918/596 15685/1842/596 15686/1843/596
f 15684/1918/596 15686/1843/596 15687/1919/596
f 15688/1919/605 15689/1843/605 15690/1840/605
f 15688/1919/605 15690/1840/605 15691/1916/605
f 15692/1920/599 15693/1844/599 15694/1845/599
f 15692/1920/599 15694/1845/599 15695/1921/599
f 15696/1921/602 15697/1845/602 15698/1846/602
f 15696/1921/603 15698/1846/603 15699/1922/603
f 15700/1922/596 15701/1846/596 15702/1847/596
f 15700/1922/596 15702/1847/596 15703/1923/596
s 1
f 15704/1923/605 15705/1847/605 15706/1844/605
s 0
f 15704/1923/604 15706/1844/604 15707/1920/604
f 15708/1924/596 15709/1850/596 15710/1851/596
f 15708/1924/596 15710/1851/596 15711/1925/596
f 15712/1925/597 15713/1851/597 15714/1852/597
f 15712/1925/598 15714/1852/598 15715/1926/598
f 15716/1926/599 15717/1852/599 15718/1853/599
f 15716/1926/599 15718/1853/599 15719/1927/599
f 15720/1927/601 15721/1853/601 15722/1850/601
f 15720/1927/600 15722/1850/600 15723/1924/600
f 15724/1928/606 15725/1856/606 15726/1857/606
f 15724/1928/606 15726/1857/606 15727/1929/606
f 15728/1929/609 15729/1857/609 15730/1858/609
f 15728/1929/603 15730/1858/603 15731/1930/603
f 15732/1930/596 15733/1858/596 15734/1859/596
f 15732/1930/596 15734/1859/596 15735/1931/596
s 1
f 15736/1931/605 15737/1859/605 15738/1856/605
s 0
f 15736/1931/604 15738/1856/604 15739/1928/604
f 15740/1932/596 15741/1862/596 15742/1863/596
f 15740/1932/596 15742/1863/596 15743/1933/596
f 15744/1933/597 15745/1863/597 15746/1864/597
f 15744/1933/598 15746/1864/598 15747/1934/598
f 15748/1934/599 15749/1864/599 15750/1865/599
f 15748/1934/599 15750/1865/599 15751/1935/599
f 15752/1935/600 15753/1865/600 15754/1862/600
f 15752/1935/601 15754/1862/601 15755/1932/601
f 15756/1936/599 15757/1868/599 15758/1869/599
f 15756/1936/599 15758/1869/599 15759/1937/599
f 15760/1937/609 15761/1869/609 15762/1870/609
f 15760/1937/603 15762/1870/603 15763/1938/603
f 15764/1938/596 15765/1870/596 15766/1871/596
f 15764/1938/596 15766/1871/596 15767/1939/596
f 15768/1939/614 15769/1871/614 15770/1868/614
f 15768/1939/605 15770/1868/605 15771/1936/605
f 15772/1940/596 15773/1874/596 15774/1875/596
f 15772/1940/596 15774/1875/596 15775/1941/596
f 15776/1941/597 15777/1875/597 15778/1876/597
f 15776/1941/598 15778/1876/598 15779/1942/598
f 15780/1942/599 15781/1876/599 15782/1877/599
f 15780/1942/599 15782/1877/599 15783/1943/599
f 15784/1943/601 15785/1877/601 15786/1874/601
f 15784/1943/610 15786/1874/610 15787/1940/610
f 15788/1925/599 15789/1880/599 15790/1881/599
f 15788/1925/599 15790/1881/599 15791/1924/599
f 15792/1924/609 15793/1881/609 15794/1882/609
f 15792/1924/603 15794/1882/603 15795/1944/603
f 15796/1944/596 15797/1882/596 15798/1883/596
f 15796/1944/596 15798/1883/596 15799/1945/596
f 15800/1945/604 15801/1883/604 15802/1880/604
f 15800/1945/604 15802/1880/604 15803/1925/604
f 15804/1929/596 15805/1884/596 15806/1885/596
f 15804/1929/596 15806/1885/596 15807/1928/596
f 15808/1928/597 15809/1885/597 15810/1886/597
f 15808/1928/598 15810/1886/598 15811/1946/598
f 15812/1946/599 15813/1886/599 15814/1887/599
f 15812/1946/599 15814/1887/599 15815/1947/599
f 15816/1947/600 15817/1887/600 15818/1884/600
f 15816/1947/601 15818/1884/601 15819/1929/601
f 15820/1933/599 15821/1888/599 15822/1889/599
f 15820/1933/599 15822/1889/599 15823/1932/599
f 15824/1932/609 15825/1889/609 15826/1890/609
f 15824/1932/603 15826/1890/603 15827/1948/603
f 15828/1948/596 15829/1890/596 15830/1891/596
f 15828/1948/596 15830/1891/596 15831/1949/596
f 15832/1949/605 15833/1891/605 15834/1888/605
f 15832/1949/605 15834/1888/605 15835/1933/605
f 15836/1937/596 15837/1892/596 15838/1893/596
f 15836/1937/596 15838/1893/596 15839/1936/596
f 15840/1936/597 15841/1893/597 15842/1894/597
f 15840/1936/598 15842/1894/598 15843/1950/598
f 15844/1950/599 15845/1894/599 15846/1895/599
f 15844/1950/599 15846/1895/599 15847/1951/599
f 15848/1951/600 15849/1895/600 15850/1892/600
f 15848/1951/601 15850/1892/601 15851/1937/601
f 15852/1941/599 15853/1896/599 15854/1897/599
f 15852/1941/599 15854/1897/599 15855/1940/599
f 15856/1940/609 15857/1897/609 15858/1898/609
f 15856/1940/603 15858/1898/603 15859/1952/603
f 15860/1952/596 15861/1898/596 15862/1899/596
f 15860/1952/596 15862/1899/596 15863/1953/596
f 15864/1953/605 15865/1899/605 15866/1896/605
f 15864/1953/605 15866/1896/605 15867/1941/605
f 15868/1954/596 15869/1900/596 15870/1901/596
f 15868/1954/596 15870/1901/596 15871/1955/596
f 15872/1955/597 15873/1901/597 15874/1902/597
f 15872/1955/598 15874/1902/598 15875/1956/598
f 15876/1956/599 15877/1902/599 15878/1903/599
f 15876/1956/599 15878/1903/599 15879/1957/599
f 15880/1957/601 15881/1903/601 15882/1900/601
f 15880/1957/600 15882/1900/600 15883/1954/600
f 15884/1913/599 15885/1904/599 15886/1905/599
f 15884/1913/599 15886/1905/599 15887/1912/599
f 15888/1912/603 15889/1905/603 15890/1906/603
f 15888/1912/603 15890/1906/603 15891/1958/603
f 15892/1958/596 15893/1906/596 15894/1907/596
s 1
f 15892/1958/596 15894/1907/596 15895/1959/596
s 0
f 15896/1959/605 15897/1907/605 15898/1904/605
f 15896/1959/604 15898/1904/604 15899/1913/604
f 15900/1921/596 15901/1908/596 15902/1909/596
f 15900/1921/596 15902/1909/596 15903/1920/596
f 15904/1920/597 15905/1909/597 15906/1910/597
f 15904/1920/598 15906/1910/598 15907/1960/598
f 15908/1960/599 15909/1910/599 15910/1911/599
f 15908/1960/599 15910/1911/599 15911/1961/599
f 15912/1961/610 15913/1911/610 15914/1908/610
f 15912/1961/600 15914/1908/600 15915/1921/600
f 15916/1962/552 15917/1755/552 15918/1756/552
f 15916/1962/552 15918/1756/552 15919/1963/552
f 15920/1964/552 15921/1759/552 15922/1760/552
f 15920/1964/552 15922/1760/552 15923/1965/552
f 15924/1966/551 15925/1763/551 15926/1764/551
f 15924/1966/551 15926/1764/551 15927/1967/551
f 15928/1968/551 15929/1767/551 15930/1768/551
f 15928/1968/551 15930/1768/551 15931/1969/551
f 15932/1970/552 15933/1774/552 15934/1780/552
f 15932/1970/552 15934/1780/552 15935/1971/552
f 15936/1972/551 15937/1778/551 15938/1776/551
f 15936/1972/551 15938/1776/551 15939/1973/551
f 15940/1965/552 15941/1760/552 15942/1774/552
f 15940/1965/552 15942/1774/552 15943/1970/552
f 15939/1973/551 15938/1776/551 15929/1767/551
f 15939/1973/551 15929/1767/551 15928/1968/551
f 15944/1967/551 15945/1764/551 15946/1778/551
f 15944/1967/551 15946/1778/551 15947/1972/551
f 15948/1971/552 15949/1780/552 15950/1755/552
f 15948/1971/552 15950/1755/552 15951/1962/552
f 15952/1963/552 15953/1756/552 15954/1782/552
f 15952/1963/552 15954/1782/552 15955/1974/552
f 15956/1975/551 15957/1784/551 15925/1763/551
f 15956/1975/551 15925/1763/551 15924/1966/551
f 15931/1969/551 15930/1768/551 15958/1786/551
f 15931/1969/551 15958/1786/551 15959/1976/551
f 15960/1977/552 15961/1788/552 15962/1759/552
f 15960/1977/552 15962/1759/552 15963/1964/552
f 15964/1978/552 15965/1790/552 15966/1788/552
f 15964/1978/552 15966/1788/552 15967/1977/552
f 15968/1974/552 15969/1782/552 15970/1792/552
f 15968/1974/552 15970/1792/552 15971/1979/552
f 15972/1980/551 15973/1794/551 15974/1784/551
f 15972/1980/551 15974/1784/551 15975/1975/551
f 15959/1976/551 15958/1786/551 15976/1796/551
f 15959/1976/551 15976/1796/551 15977/1981/551
f 15978/1982/552 15979/1798/552 15980/1799/552
f 15978/1982/552 15980/1799/552 15981/1983/552
f 15982/1984/551 15983/1801/551 15984/1802/551
f 15982/1984/551 15984/1802/551 15985/1985/551
f 15986/1979/552 15987/1792/552 15988/1798/552
f 15986/1979/552 15988/1798/552 15989/1982/552
f 15990/1985/551 15991/1802/551 15992/1794/551
f 15990/1985/551 15992/1794/551 15993/1980/551
f 15994/1981/551 15995/1796/551 15996/1801/551
f 15994/1981/551 15996/1801/551 15997/1984/551
f 15998/1983/552 15999/1799/552 16000/1790/552
f 15998/1983/552 16000/1790/552 16001/1978/552
f 16002/1986/578 16003/1987/578 16004/1719/578
f 16002/1986/578 16004/1719/578 16005/1718/578
f 16006/1988/553 16007/1991/553 16008/1990/553
f 16006/1988/553 16008/1990/553 16009/1989/553
f 16010/1772/611 16011/1771/611 16012/1992/611
f 16010/1772/611 16012/1992/611 16013/1773/611
f 16014/1991/559 16015/1991/559 16016/1988/559
f 16014/1991/559 16016/1988/559 16017/1988/559
f 16018/1988/552 16019/1988/552 16020/1989/552
f 16018/1988/552 16020/1989/552 16021/1989/552
f 16022/1773/560 16023/1773/560 16024/1992/560
f 16022/1773/560 16024/1992/560 16025/1992/560
f 16026/1989/557 16027/1989/557 16028/1990/557
f 16026/1989/557 16028/1990/557 16029/1990/557
f 16030/1993/549 16031/1993/549 16032/1994/549
f 16030/1993/549 16032/1994/549 16033/1994/549
f 16036/1737/615 16034/1742/615 16035/1740/615
f 16034/1742/615 16036/1737/615 16037/1995/615
f 16034/1742/616 16037/1995/616 16038/1996/616
f 16034/1742/615 16038/1996/615 16039/1997/615
f 16034/1742/617 16039/1997/617 16040/1998/617
f 16034/1742/615 16040/1998/615 16041/1999/615
f 16034/1742/617 16041/1999/617 16042/2000/617
f 16034/1742/617 16042/2000/617 16043/2001/617
f 16034/1742/617 16043/2001/617 16044/1800/617
f 16046/1751/618 16055/1749/618 16045/1752/618
f 16055/1749/618 16046/1751/618 16054/2002/618
f 16054/2002/619 16046/1751/619 16053/2003/619
f 16053/2003/618 16046/1751/618 16052/2004/618
f 16052/2004/618 16046/1751/618 16051/2005/618
f 16051/2005/618 16046/1751/618 16050/2006/618
f 16050/2006/620 16046/1751/620 16049/2007/620
f 16049/2007/620 16046/1751/620 16048/2008/620
f 16048/2008/620 16046/1751/620 16047/1803/620
f 16058/1737/615 16056/1742/615 16057/1740/615
f 16056/1742/615 16058/1737/615 16059/1995/615
f 16056/1742/616 16059/1995/616 16060/1996/616
f 16056/1742/615 16060/1996/615 16061/1997/615
f 16056/1742/617 16061/1997/617 16062/1998/617
f 16056/1742/615 16062/1998/615 16063/1999/615
f 16056/1742/617 16063/1999/617 16064/2000/617
f 16056/1742/617 16064/2000/617 16065/2001/617
f 16056/1742/617 16065/2001/617 16066/1800/617
f 16068/1751/618 16077/1749/618 16067/1752/618
f 16077/1749/618 16068/1751/618 16076/2002/618
f 16076/2002/619 16068/1751/619 16075/2003/619
f 16075/2003/618 16068/1751/618 16074/2004/618
f 16074/2004/618 16068/1751/618 16073/2005/618
f 16073/2005/618 16068/1751/618 16072/2006/618
f 16072/2006/620 16068/1751/620 16071/2007/620
f 16071/2007/620 16068/1751/620 16070/2008/620
f 16070/2008/620 16068/1751/620 16069/1803/620
f 16080/1737/615 16078/1742/615 16079/1740/615
f 16078/1742/615 16080/1737/615 16081/1995/615
f 16078/1742/616 16081/1995/616 16082/1996/616
f 16078/1742/615 16082/1996/615 16083/1997/615
f 16078/1742/617 16083/1997/617 16084/1998/617
f 16078/1742/615 16084/1998/615 16085/1999/615
f 16078/1742/617 16085/1999/617 16086/2000/617
f 16078/1742/617 16086/2000/617 16087/2001/617
f 16078/1742/617 16087/2001/617 16088/1800/617
f 16090/1751/618 16099/1749/618 16089/1752/618
f 16099/1749/618 16090/1751/618 16098/2002/618
f 16098/2002/619 16090/1751/619 16097/2003/619
f 16097/2003/618 16090/1751/618 16096/2004/618
f 16096/2004/618 16090/1751/618 16095/2005/618
f 16095/2005/618 16090/1751/618 16094/2006/618
f 16094/2006/620 16090/1751/620 16093/2007/620
f 16093/2007/620 16090/1751/620 16092/2008/620
f 16092/2008/620 16090/1751/620 16091/1803/620
f 16102/2001/621 16100/1742/621 16101/1800/621
f 16100/1742/621 16102/2001/621 16110/1740/621
f 16110/1740/622 16102/2001/622 16103/2000/622
f 16110/1740/621 16103/2000/621 16104/1999/621
f 16110/1740/623 16104/1999/623 16105/1998/623
f 16110/1740/624 16105/1998/624 16106/1997/624
f 16110/1740/621 16106/1997/621 16107/1996/621
f 16110/1740/624 16107/1996/624 16108/1995/624
f 16110/1740/621 16108/1995/621 16109/1737/621
f 16121/1751/625 16119/2008/625 16120/1803/625
f 16119/2008/626 16121/1751/626 16111/1752/626
f 16119/2008/626 16111/1752/626 16118/2007/626
f 16118/2007/627 16111/1752/627 16117/2006/627
f 16117/2006/625 16111/1752/625 16116/2005/625
f 16116/2005/627 16111/1752/627 16115/2004/627
f 16115/2004/625 16111/1752/625 16114/2003/625
f 16114/2003/627 16111/1752/627 16113/2002/627
f 16113/2002/625 16111/1752/625 16112/1749/625
f 16124/2001/622 16122/1742/622 16123/1800/622
f 16122/1742/622 16124/2001/622 16132/1740/622
f 16132/1740/621 16124/2001/621 16125/2000/621
f 16132/1740/624 16125/2000/624 16126/1999/624
f 16132/1740/621 16126/1999/621 16127/1998/621
f 16132/1740/624 16127/1998/624 16128/1997/624
f 16132/1740/621 16128/1997/621 16129/1996/621
f 16132/1740/622 16129/1996/622 16130/1995/622
f 16132/1740/621 16130/1995/621 16131/1737/621
f 16143/1751/625 16141/2008/625 16142/1803/625
f 16141/2008/625 16143/1751/625 16133/1752/625
f 16141/2008/627 16133/1752/627 16140/2007/627
f 16140/2007/628 16133/1752/628 16139/2006/628
f 16139/2006/625 16133/1752/625 16138/2005/625
f 16138/2005/627 16133/1752/627 16137/2004/627
f 16137/2004/625 16133/1752/625 16136/2003/625
f 16136/2003/626 16133/1752/626 16135/2002/626
f 16135/2002/626 16133/1752/626 16134/1749/626
f 16146/2001/621 16144/1742/621 16145/1800/621
f 16144/1742/622 16146/2001/622 16154/1740/622
f 16154/1740/623 16146/2001/623 16147/2000/623
f 16154/1740/623 16147/2000/623 16148/1999/623
f 16154/1740/623 16148/1999/623 16149/1998/623
f 16154/1740/624 16149/1998/624 16150/1997/624
f 16154/1740/621 16150/1997/621 16151/1996/621
f 16154/1740/624 16151/1996/624 16152/1995/624
f 16154/1740/622 16152/1995/622 16153/1737/622
f 16165/1751/625 16163/2008/625 16164/1803/625
f 16163/2008/626 16165/1751/626 16155/1752/626
f 16163/2008/625 16155/1752/625 16162/2007/625
s 1
f 16162/2007/627 16155/1752/627 16161/2006/627
s 0
f 16161/2006/625 16155/1752/625 16160/2005/625
s 1
f 16160/2005/627 16155/1752/627 16159/2004/627
s 0
f 16159/2004/625 16155/1752/625 16158/2003/625
f 16158/2003/627 16155/1752/627 16157/2002/627
f 16157/2002/625 16155/1752/625 16156/1749/625
