# Blender 5.1.2
# www.blender.org
mtllib hub.mtl
o Estacion_Base_Cabina_0
v -0.072799 0.483090 -0.545248
v -0.194817 0.483090 -0.728367
v -0.238193 0.587627 -0.679366
v -0.128961 0.588871 -0.511101
v -1.043802 -0.562720 -0.671865
v -1.087727 -0.469908 -0.718519
v -0.744751 -0.469908 -0.737405
v -0.733576 -0.564887 -0.679865
v -0.415725 -0.469909 -0.737405
v -0.436769 -0.564069 -0.680361
v -0.200067 -0.469909 -0.718519
v -0.240386 -0.560090 -0.673188
v -0.200067 0.383538 0.789131
v -0.200067 -0.350167 0.789131
v -0.079362 -0.350167 0.607982
v -0.079361 0.383538 0.607982
v -0.194655 -0.531204 0.799284
v -0.200067 -0.531204 0.789131
v -0.079362 -0.531204 0.607982
v -0.072597 -0.531204 0.616104
v -0.079362 0.303854 -0.537370
v -0.079362 -0.288872 -0.537370
v -0.200067 -0.288872 -0.718519
v -0.200067 0.303854 -0.718519
v -0.079362 -0.288872 -0.537370
v -0.072454 -0.288872 -0.545663
v -0.194541 -0.288872 -0.728886
v -0.200067 -0.288872 -0.718519
v -1.087727 0.303854 -0.718519
v -1.087727 -0.288871 -0.718519
v -1.208432 -0.288871 -0.537370
v -1.208432 0.303854 -0.537370
v -1.087727 -0.288871 -0.718519
v -1.093253 -0.288871 -0.728885
v -1.215340 -0.288871 -0.545663
v -1.208432 -0.288871 -0.537370
v -0.456646 -0.653009 -0.415269
v -0.341763 -0.653009 -0.415269
v -0.341763 -0.713345 -0.415269
v -0.456646 -0.713345 -0.415269
v -1.087727 -0.469908 -0.718519
v -1.043802 -0.562720 -0.671865
v -1.151283 -0.565408 -0.504401
v -1.208432 -0.469908 -0.537370
v -0.079362 -0.469909 -0.537370
v -0.131729 -0.561422 -0.505777
v -0.240386 -0.560090 -0.673188
v -0.200067 -0.469909 -0.718519
v -0.200067 -0.350167 0.789131
v -0.194541 -0.350167 0.799498
v -0.072454 -0.350167 0.616275
v -0.079362 -0.350167 0.607982
v -1.093253 -0.288871 0.799498
v -1.087727 -0.288871 0.789131
v -1.208432 -0.288871 0.607982
v -1.215339 -0.288871 0.616275
v -1.215339 -0.288871 0.616275
v -1.208432 -0.288871 0.607982
v -1.208432 -0.288871 -0.537370
v -1.215340 -0.288871 -0.545663
v -0.415422 -0.288872 -0.747771
v -0.415725 -0.288872 -0.737405
v -0.200067 -0.288872 -0.718519
v -0.194541 -0.288872 -0.728886
v -1.093092 0.303854 -0.728583
v -1.087727 0.303854 -0.718519
v -1.208432 0.303854 -0.537370
v -1.215138 0.303854 -0.545421
v -1.087727 0.303854 0.789131
v -1.093092 0.303854 0.799195
v -1.215138 0.303854 0.616033
v -1.208432 0.303854 0.607982
v -0.072656 0.303854 -0.545421
v -0.079362 0.303854 -0.537370
v -0.200067 0.303854 -0.718519
v -0.194702 0.303854 -0.728583
v -0.415725 0.303854 -0.737405
v -0.415430 0.303854 -0.747469
v -0.194702 0.303854 -0.728583
v -0.200067 0.303854 -0.718519
v -1.087727 -0.288871 0.789131
v -1.087727 0.303854 0.789131
v -1.208432 0.303854 0.607982
v -1.208432 -0.288871 0.607982
v -1.208432 0.303854 0.607982
v -1.215138 0.303854 0.616033
v -1.215138 0.303854 -0.545421
v -1.208432 0.303854 -0.537370
v -0.194702 0.383538 0.799195
v -0.200067 0.383538 0.789131
v -0.079361 0.383538 0.607982
v -0.072655 0.383538 0.616033
v -0.194655 -0.531204 0.799284
v -0.072597 -0.531204 0.616104
v -0.061420 -0.468001 0.629523
v -0.185713 -0.468001 0.816057
v -0.061368 -0.413898 0.629586
v -0.185672 -0.413898 0.816136
v -0.072454 -0.350167 0.616275
v -0.194541 -0.350167 0.799498
v -0.415725 -0.288872 -0.737405
v -0.415725 0.303854 -0.737405
v -0.200067 0.303854 -0.718519
v -0.200067 -0.288872 -0.718519
v -0.194702 0.383538 0.799195
v -0.072655 0.383538 0.616033
v -0.061495 0.446458 0.629432
v -0.185774 0.446459 0.815944
v -0.061548 0.500379 0.629369
v -0.185816 0.500379 0.815865
v -0.072799 0.562774 0.615860
v -0.194817 0.562774 0.798979
v -0.456412 0.682786 -0.423550
v -0.725170 0.682786 -0.423550
v -0.725170 0.739405 -0.423550
v -0.456412 0.739405 -0.423550
v -0.747301 -0.288872 -0.747771
v -0.744751 -0.288872 -0.737405
v -0.744751 0.303854 -0.737405
v -0.747227 0.303854 -0.747469
v -0.744751 -0.288872 -0.737405
v -0.744751 0.303854 -0.737405
v -1.087727 -0.288871 -0.718519
v -1.087727 0.303854 -0.718519
v -1.087727 0.303854 -0.718519
v -1.093092 0.303854 -0.728583
v -1.093253 -0.288871 -0.728885
v -1.087727 -0.288871 -0.718519
v -0.200067 -0.531204 0.789131
v -0.234913 -0.583052 0.726179
v -0.125264 -0.584566 0.555821
v -0.079362 -0.531204 0.607982
v -0.194817 0.562774 0.798979
v -0.072799 0.562774 0.615860
v -0.119330 0.615444 0.563056
v -0.230137 0.613930 0.735270
v -0.415437 0.483090 -0.747253
v -0.747174 0.483090 -0.747253
v -0.735172 0.592010 -0.685896
v -0.437628 0.591241 -0.686329
v -0.194817 0.483090 -0.728367
v -0.415437 0.483090 -0.747253
v -0.437628 0.591241 -0.686329
v -0.238193 0.587627 -0.679366
v -1.092976 0.483090 -0.728367
v -1.214994 0.483090 -0.545248
v -1.154195 0.592652 -0.509880
v -1.046011 0.590089 -0.678212
v -1.214994 0.483090 -0.545248
v -1.214994 0.483090 0.615860
v -1.153425 0.594038 0.549013
v -1.154195 0.592652 -0.509880
v -1.214994 0.483090 0.615860
v -1.092976 0.483090 0.798979
v -1.044369 0.593831 0.716096
v -1.153425 0.594038 0.549013
v -0.747174 0.483090 -0.747253
v -1.092976 0.483090 -0.728367
v -1.046011 0.590089 -0.678212
v -0.735172 0.592010 -0.685896
v -1.150433 -0.566828 0.544958
v -1.208432 -0.469908 0.607982
v -1.208432 -0.469908 -0.537370
v -1.151283 -0.565408 -0.504401
v -1.151283 -0.565408 -0.504401
v -1.043802 -0.562720 -0.671865
v -0.968264 -0.653009 -0.510673
v -1.021695 -0.653009 -0.427447
v -0.240386 -0.560090 -0.673188
v -0.131729 -0.561422 -0.505777
v -0.184140 -0.653009 -0.307252
v -0.314736 -0.653009 -0.510674
v -0.125264 -0.584566 0.555821
v -0.234913 -0.583052 0.726179
v -0.314736 -0.653009 0.525431
v -0.184139 -0.653009 0.322010
v -1.150433 -0.566828 0.544958
v -1.021695 -0.653009 0.442205
v -1.041990 -0.566548 0.711073
v -0.968264 -0.653009 0.525431
v -0.436769 -0.564069 -0.680361
v -0.456646 -0.653009 -0.510673
v -0.733576 -0.564887 -0.679865
v -0.723207 -0.653009 -0.510673
v -0.310483 0.682786 0.533712
v -0.972517 0.682786 0.533712
v -1.044369 0.593831 0.716096
v -0.230137 0.613930 0.735270
v -1.027011 0.682786 0.448829
v -1.027011 0.682786 -0.434072
v -1.154195 0.592652 -0.509880
v -1.153425 0.594038 0.549013
v -0.128961 0.588871 -0.511101
v -0.238193 0.587627 -0.679366
v -0.310483 0.682786 -0.518954
v -0.178823 0.682786 -0.313877
v -1.046011 0.590089 -0.678212
v -0.972517 0.682786 -0.518954
v -0.119330 0.615444 0.563056
v -0.178823 0.682785 0.328634
v -0.456412 0.682786 -0.518954
v -0.437628 0.591241 -0.686329
v -0.725170 0.682786 -0.518954
v -0.735172 0.592010 -0.685896
v -1.041990 -0.566548 0.711073
v -1.087727 -0.469908 0.789131
v -1.208432 -0.469908 0.607982
v -1.150433 -0.566828 0.544958
v -0.941237 -0.653009 -0.415269
v -0.958125 -0.653009 -0.388965
v -1.021695 -0.653009 -0.427447
v -0.968264 -0.653009 -0.510673
v -0.247710 -0.653009 -0.268770
v -0.341763 -0.653009 -0.415269
v -0.314736 -0.653009 -0.510674
v -0.184140 -0.653009 -0.307252
v -0.341763 -0.653009 0.430027
v -0.247710 -0.653009 0.283527
v -0.184139 -0.653009 0.322010
v -0.314736 -0.653009 0.525431
v -0.958125 -0.653009 0.403722
v -1.021695 -0.653009 0.442205
v -0.941237 -0.653009 0.430027
v -0.968264 -0.653009 0.525431
v -0.456646 -0.653009 -0.415269
v -0.456646 -0.653009 -0.510673
v -0.723207 -0.653009 -0.415269
v -0.723207 -0.653009 -0.510673
v -0.337510 0.682786 0.438307
v -0.945490 0.682786 0.438307
v -0.972517 0.682786 0.533712
v -0.310483 0.682786 0.533712
v -0.963440 0.682786 0.410347
v -0.963441 0.682786 -0.395589
v -1.027011 0.682786 -0.434072
v -1.027011 0.682786 0.448829
v -0.337510 0.682786 -0.423550
v -0.242394 0.682786 -0.275394
v -0.178823 0.682786 -0.313877
v -0.310483 0.682786 -0.518954
v -0.945490 0.682786 -0.423550
v -0.972517 0.682786 -0.518954
v -0.242394 0.682785 0.290152
v -0.178823 0.682785 0.328634
v -0.456412 0.682786 -0.423550
v -0.456412 0.682786 -0.518954
v -0.725170 0.682786 -0.423550
v -0.725170 0.682786 -0.518954
v -0.352322 -0.713345 0.392753
v -0.930678 -0.713345 0.392753
v -0.953779 -0.681735 0.388102
v -0.375423 -0.681735 0.388102
v -0.958125 -0.653009 0.403722
v -0.958125 -0.653009 -0.388965
v -0.958125 -0.713345 -0.388965
v -0.958125 -0.713345 0.403722
v -0.958125 -0.653009 -0.388965
v -0.941237 -0.653009 -0.415269
v -0.941237 -0.713345 -0.415269
v -0.958125 -0.713345 -0.388965
v -0.723207 -0.653009 -0.415269
v -0.723207 -0.713345 -0.415269
v -0.247710 -0.653009 -0.268770
v -0.247710 -0.653009 0.283527
v -0.247710 -0.713345 0.283527
v -0.247710 -0.713345 -0.268770
v -0.941237 -0.653009 0.430027
v -0.958125 -0.653009 0.403722
v -0.958125 -0.713345 0.403722
v -0.941237 -0.713345 0.430027
v -0.341763 -0.653009 -0.415269
v -0.247710 -0.653009 -0.268770
v -0.247710 -0.713345 -0.268770
v -0.341763 -0.713345 -0.415269
v -0.941237 -0.653009 -0.415269
v -0.941237 -0.713345 -0.415269
v -0.341763 -0.653009 0.430027
v -0.941237 -0.653009 0.430027
v -0.941237 -0.713345 0.430027
v -0.341763 -0.713345 0.430027
v -0.247710 -0.653009 0.283527
v -0.341763 -0.653009 0.430027
v -0.341763 -0.713345 0.430027
v -0.247710 -0.713345 0.283527
v -0.348069 0.739405 0.401034
v -0.267230 0.739405 0.275117
v -0.267230 0.676612 0.275117
v -0.348069 0.676612 0.401034
v -0.945490 0.682786 -0.423550
v -0.963441 0.682786 -0.395589
v -0.963441 0.739405 -0.395589
v -0.945490 0.739405 -0.423550
v -0.963441 0.682786 -0.395589
v -0.963440 0.682786 0.410347
v -0.963440 0.739405 0.410347
v -0.963441 0.739405 -0.395589
v -0.945490 0.682786 -0.423550
v -0.945490 0.739405 -0.423550
v -0.337510 0.682786 0.438307
v -0.242394 0.682785 0.290152
v -0.242394 0.739405 0.290152
v -0.337510 0.739405 0.438307
v -0.242394 0.682786 -0.275394
v -0.337510 0.682786 -0.423550
v -0.337510 0.739405 -0.423550
v -0.242394 0.739405 -0.275394
v -0.242394 0.682785 0.290152
v -0.242394 0.682786 -0.275394
v -0.242394 0.739405 -0.275394
v -0.242394 0.739405 0.290152
v -0.337510 0.682786 -0.423550
v -0.337510 0.739405 -0.423550
v -0.963440 0.682786 0.410347
v -0.945490 0.682786 0.438307
v -0.945490 0.739405 0.438307
v -0.963440 0.739405 0.410347
v -0.945490 0.682786 0.438307
v -0.337510 0.682786 0.438307
v -0.337510 0.739405 0.438307
v -0.945490 0.739405 0.438307
v -0.272547 -0.713345 0.268493
v -0.272547 -0.713345 -0.253735
v -0.247710 -0.713345 -0.268770
v -0.247710 -0.713345 0.283527
v -0.930678 -0.713345 -0.377996
v -0.933288 -0.713345 -0.373930
v -0.958125 -0.713345 -0.388965
v -0.941237 -0.713345 -0.415269
v -0.352322 -0.713345 -0.377996
v -0.341763 -0.713345 -0.415269
v -0.352322 -0.713345 0.392753
v -0.341763 -0.713345 0.430027
v -0.933288 -0.713345 0.388688
v -0.958125 -0.713345 0.403722
v -0.930678 -0.713345 0.392753
v -0.941237 -0.713345 0.430027
v -0.456646 -0.713345 -0.377996
v -0.456646 -0.713345 -0.415269
v -0.723207 -0.713345 -0.377996
v -0.723207 -0.713345 -0.415269
v -0.267230 0.739405 -0.260359
v -0.267230 0.739405 0.275117
v -0.242394 0.739405 0.290152
v -0.242394 0.739405 -0.275394
v -0.348069 0.739405 0.401034
v -0.934931 0.739405 0.401034
v -0.945490 0.739405 0.438307
v -0.337510 0.739405 0.438307
v -0.938604 0.739405 0.395312
v -0.938604 0.739405 -0.380554
v -0.963441 0.739405 -0.395589
v -0.963440 0.739405 0.410347
v -0.348069 0.739405 -0.386276
v -0.337510 0.739405 -0.423550
v -0.934931 0.739405 -0.386276
v -0.945490 0.739405 -0.423550
v -0.456412 0.739405 -0.386276
v -0.456412 0.739405 -0.423550
v -0.725170 0.739405 -0.386276
v -0.725170 0.739405 -0.423550
v -0.272547 -0.713345 0.268493
v -0.352322 -0.713345 0.392753
v -0.375423 -0.681735 0.388102
v -0.295647 -0.681735 0.263841
v -0.272547 -0.713345 -0.253735
v -0.295647 -0.681735 -0.258386
v -0.456646 -0.713345 -0.377996
v -0.352322 -0.713345 -0.377996
v -0.375423 -0.681735 -0.382647
v -0.479747 -0.681735 -0.382647
v -0.933288 -0.713345 0.388688
v -0.933288 -0.713345 -0.373930
v -0.931500 -0.681735 -0.378581
v -0.931500 -0.681735 0.384037
v -0.933288 -0.713345 -0.373930
v -0.930678 -0.713345 -0.377996
v -0.953779 -0.681735 -0.382647
v -0.931500 -0.681735 -0.378581
v -0.723207 -0.713345 -0.377996
v -0.746308 -0.681735 -0.382647
v -0.930678 -0.713345 0.392753
v -0.933288 -0.713345 0.388688
v -0.931500 -0.681735 0.384037
v -0.953779 -0.681735 0.388102
v -0.352322 -0.713345 -0.377996
v -0.375423 -0.681735 -0.382647
v -0.930678 -0.713345 -0.377996
v -0.953779 -0.681735 -0.382647
v -0.267230 0.739405 -0.260359
v -0.348069 0.739405 -0.386276
v -0.348069 0.676612 -0.386276
v -0.267230 0.676612 -0.260359
v -0.267230 0.739405 0.275117
v -0.267230 0.739405 -0.260359
v -0.267230 0.676612 -0.260359
v -0.267230 0.676612 0.275117
v -0.348069 0.739405 -0.386276
v -0.456412 0.739405 -0.386276
v -0.456412 0.676612 -0.386276
v -0.348069 0.676612 -0.386276
v -0.938604 0.739405 0.395312
v -0.934931 0.739405 0.401034
v -0.934931 0.676612 0.401034
v -0.938604 0.676612 0.395312
v -0.934931 0.739405 0.401034
v -0.348069 0.739405 0.401034
v -0.348069 0.676612 0.401034
v -0.934931 0.676612 0.401034
v -0.725170 0.739405 -0.386276
v -0.725170 0.676612 -0.386276
v -0.934931 0.739405 -0.386276
v -0.938604 0.739405 -0.380554
v -0.938604 0.676613 -0.380554
v -0.934931 0.676613 -0.386276
v -0.938604 0.739405 -0.380554
v -0.938604 0.739405 0.395312
v -0.938604 0.676612 0.395312
v -0.938604 0.676613 -0.380554
v -0.934931 0.739405 -0.386276
v -0.934931 0.676613 -0.386276
v 0.258620 0.562346 -2.848547
v 0.530534 0.570877 -2.848547
v 0.530534 0.004266 -2.904354
v 0.258621 -0.004265 -2.904354
v 0.258616 -1.115713 -2.683273
v 0.530534 -1.107182 -2.683272
v 0.530534 -1.609306 -2.414881
v 0.258610 -1.617838 -2.414882
v 0.258610 -1.617838 -2.414882
v 0.530534 -1.609306 -2.414881
v 0.530534 -2.049422 -2.053688
v 0.258604 -2.057954 -2.053688
v 0.258604 -2.057954 -2.053688
v 0.530534 -2.049422 -2.053688
v 0.530534 -2.410616 -1.613572
v 0.258598 -2.419147 -1.613572
v 0.258598 -2.419147 -1.613572
v 0.530534 -2.410616 -1.613572
v 0.530534 -2.679007 -1.111448
v 0.258592 -2.687538 -1.111448
v 0.258592 -2.687538 -1.111448
v 0.530534 -2.679007 -1.111448
v 0.530534 -2.844281 -0.566611
v 0.258589 -2.852813 -0.566611
v 0.258589 -2.852813 -0.566611
v 0.530534 -2.844281 -0.566611
v 0.530534 -2.900087 0.000001
v 0.258587 -2.908619 0.000000
v 0.258587 -2.908619 0.000000
v 0.530534 -2.900087 0.000001
v 0.530534 -2.844281 0.566612
v 0.258589 -2.852813 0.566612
v 0.258589 -2.852813 0.566612
v 0.530534 -2.844281 0.566612
v 0.530534 -2.679007 1.111449
v 0.258592 -2.687538 1.111448
v 0.258592 -2.687538 1.111448
v 0.530534 -2.679007 1.111449
v 0.530534 -2.410616 1.613573
v 0.258597 -2.419147 1.613573
v 0.258597 -2.419147 1.613573
v 0.530534 -2.410616 1.613573
v 0.530534 -2.049422 2.053689
v 0.258604 -2.057954 2.053688
v 0.258604 -2.057954 2.053688
v 0.530534 -2.049422 2.053689
v 0.530534 -1.609306 2.414883
v 0.258610 -1.617838 2.414882
v 0.258610 -1.617838 2.414882
v 0.530534 -1.609306 2.414883
v 0.530534 -1.107182 2.683273
v 0.258616 -1.115713 2.683273
v 0.258616 -1.115713 2.683273
v 0.530534 -1.107182 2.683273
v 0.530534 -0.562346 2.848548
v 0.258620 -0.570877 2.848548
v 0.258620 -0.570877 2.848548
v 0.530534 -0.562346 2.848548
v 0.530534 0.004266 2.904354
v 0.258621 -0.004265 2.904354
v 0.258621 -0.004265 2.904354
v 0.530534 0.004266 2.904354
v 0.530534 0.570877 2.848548
v 0.258620 0.562346 2.848548
v 0.258620 0.562346 2.848548
v 0.530534 0.570877 2.848548
v 0.530534 1.115714 2.683273
v 0.258616 1.107183 2.683273
v 0.258616 1.107183 2.683273
v 0.530534 1.115714 2.683273
v 0.530534 1.617838 2.414883
v 0.258611 1.609307 2.414882
v 0.258611 1.609307 2.414882
v 0.530534 1.617838 2.414883
v 0.530535 2.057954 2.053689
v 0.258605 2.049422 2.053688
v 0.258605 2.049422 2.053688
v 0.530535 2.057954 2.053689
v 0.530535 2.419147 1.613573
v 0.258598 2.410616 1.613573
v 0.258598 2.410616 1.613573
v 0.530535 2.419147 1.613573
v 0.530535 2.687538 1.111449
v 0.258593 2.679007 1.111448
v 0.258593 2.679007 1.111448
v 0.530535 2.687538 1.111449
v 0.530535 2.852813 0.566612
v 0.258589 2.844281 0.566612
v 0.258589 2.844281 0.566612
v 0.530535 2.852813 0.566612
v 0.530535 2.908619 0.000001
v 0.258588 2.900087 0.000000
v 0.258588 2.900087 0.000000
v 0.530535 2.908619 0.000001
v 0.530535 2.852813 -0.566611
v 0.258589 2.844281 -0.566611
v 0.258589 2.844281 -0.566611
v 0.530535 2.852813 -0.566611
v 0.530535 2.687538 -1.111448
v 0.258593 2.679007 -1.111448
v 0.258593 2.679007 -1.111448
v 0.530535 2.687538 -1.111448
v 0.530535 2.419147 -1.613572
v 0.258598 2.410616 -1.613572
v 0.258598 2.410616 -1.613572
v 0.530535 2.419147 -1.613572
v 0.530535 2.057954 -2.053688
v 0.258605 2.049422 -2.053688
v 0.258605 2.049422 -2.053688
v 0.530535 2.057954 -2.053688
v 0.530534 1.617838 -2.414881
v 0.258611 1.609307 -2.414882
v 0.258611 1.609307 -2.414882
v 0.530534 1.617838 -2.414881
v 0.530534 1.115714 -2.683272
v 0.258616 1.107183 -2.683273
v 0.258616 1.107183 -2.683273
v 0.530534 1.115714 -2.683272
v 0.530534 0.570877 -2.848547
v 0.258620 0.562346 -2.848547
v 0.258620 -0.570877 -2.848547
v 0.530534 -0.562346 -2.848547
v 0.530534 -1.107182 -2.683272
v 0.258616 -1.115713 -2.683273
v 0.258630 0.403025 -2.046657
v 0.258631 -0.004080 -2.086754
v 0.331210 -0.002173 -2.086754
v 0.331211 0.404932 -2.046657
v 0.258627 -0.802646 -1.927908
v 0.258623 -1.163418 -1.735072
v 0.331217 -1.161510 -1.735072
v 0.331214 -0.800739 -1.927908
v 0.258623 -1.163418 -1.735072
v 0.258619 -1.479637 -1.475557
v 0.331222 -1.477730 -1.475557
v 0.331217 -1.161510 -1.735072
v 0.258619 -1.479637 -1.475557
v 0.258614 -1.739152 -1.159338
v 0.331226 -1.737244 -1.159338
v 0.331222 -1.477730 -1.475557
v 0.258614 -1.739152 -1.159338
v 0.258610 -1.931989 -0.798566
v 0.331230 -1.930080 -0.798566
v 0.331226 -1.737244 -1.159338
v 0.258610 -1.931989 -0.798566
v 0.258608 -2.050737 -0.407105
v 0.331232 -2.048829 -0.407105
v 0.331230 -1.930080 -0.798566
v 0.258608 -2.050737 -0.407105
v 0.258607 -2.090833 0.000000
v 0.331233 -2.088925 0.000000
v 0.331232 -2.048829 -0.407105
v 0.258607 -2.090833 0.000000
v 0.258608 -2.050737 0.407106
v 0.331232 -2.048829 0.407106
v 0.331233 -2.088925 0.000000
v 0.258608 -2.050737 0.407106
v 0.258610 -1.931989 0.798566
v 0.331230 -1.930080 0.798566
v 0.331232 -2.048829 0.407106
v 0.258610 -1.931989 0.798566
v 0.258614 -1.739152 1.159339
v 0.331226 -1.737244 1.159339
v 0.331230 -1.930080 0.798566
v 0.258614 -1.739152 1.159339
v 0.258619 -1.479637 1.475557
v 0.331222 -1.477730 1.475558
v 0.331226 -1.737244 1.159339
v 0.258619 -1.479637 1.475557
v 0.258623 -1.163418 1.735072
v 0.331217 -1.161510 1.735072
v 0.331222 -1.477730 1.475558
v 0.258623 -1.163418 1.735072
v 0.258627 -0.802646 1.927909
v 0.331214 -0.800739 1.927909
v 0.331217 -1.161510 1.735072
v 0.258627 -0.802646 1.927909
v 0.258630 -0.411185 2.046657
v 0.331211 -0.409278 2.046658
v 0.331214 -0.800739 1.927909
v 0.258630 -0.411185 2.046657
v 0.258631 -0.004080 2.086754
v 0.331210 -0.002173 2.086754
v 0.331211 -0.409278 2.046658
v 0.059307 -1.465626 -2.178154
v 0.059307 -1.862619 -1.852388
v 0.115875 -1.862619 -1.852388
v 0.115876 -1.465626 -2.178154
v 0.258631 -0.004080 2.086754
v 0.258630 0.403025 2.046657
v 0.331211 0.404933 2.046658
v 0.331210 -0.002173 2.086754
v 0.258630 0.403025 2.046657
v 0.258627 0.794486 1.927909
v 0.331214 0.796393 1.927909
v 0.331211 0.404933 2.046658
v 0.258627 0.794486 1.927909
v 0.258623 1.155258 1.735072
v 0.331218 1.157165 1.735072
v 0.331214 0.796393 1.927909
v 0.258623 1.155258 1.735072
v 0.258619 1.471477 1.475558
v 0.331222 1.473385 1.475558
v 0.331218 1.157165 1.735072
v 0.258619 1.471477 1.475558
v 0.258615 1.730992 1.159338
v 0.331227 1.732900 1.159338
v 0.331222 1.473385 1.475558
v 0.258615 1.730992 1.159338
v 0.258611 1.923828 0.798566
v 0.331230 1.925736 0.798566
v 0.331227 1.732900 1.159338
v 0.258611 1.923828 0.798566
v 0.258608 2.042576 0.407106
v 0.331233 2.044485 0.407106
v 0.331230 1.925736 0.798566
v 0.258608 2.042576 0.407106
v 0.258608 2.082673 0.000000
v 0.331234 2.084581 0.000000
v 0.331233 2.044485 0.407106
v 0.258608 2.082673 0.000000
v 0.258608 2.042576 -0.407105
v 0.331233 2.044485 -0.407105
v 0.331234 2.084581 0.000000
v 0.258608 2.042576 -0.407105
v 0.258611 1.923828 -0.798566
v 0.331230 1.925736 -0.798566
v 0.331233 2.044485 -0.407105
v 0.258611 1.923828 -0.798566
v 0.258615 1.730991 -1.159338
v 0.331227 1.732899 -1.159338
v 0.331230 1.925736 -0.798566
v 0.258615 1.730991 -1.159338
v 0.258619 1.471477 -1.475557
v 0.331222 1.473385 -1.475557
v 0.331227 1.732899 -1.159338
v 0.258619 1.471477 -1.475557
v 0.258623 1.155258 -1.735072
v 0.331218 1.157165 -1.735072
v 0.331222 1.473385 -1.475557
v 0.258623 1.155258 -1.735072
v 0.258627 0.794486 -1.927908
v 0.331214 0.796393 -1.927908
v 0.331218 1.157165 -1.735072
v 0.258627 0.794486 -1.927908
v 0.258630 0.403025 -2.046657
v 0.331211 0.404932 -2.046657
v 0.331214 0.796393 -1.927908
v 0.258621 -0.004265 -2.904354
v 0.530534 0.004266 -2.904354
v 0.530534 -0.562346 -2.848547
v 0.258620 -0.570877 -2.848547
v 0.059307 1.445047 -2.177976
v 0.059307 0.992195 -2.420068
v 0.115876 0.992195 -2.420068
v 0.115876 1.445047 -2.177976
v 0.258630 -0.411185 -2.046657
v 0.258627 -0.802646 -1.927908
v 0.331214 -0.800739 -1.927908
v 0.331211 -0.409278 -2.046657
v 0.059307 2.362158 0.000000
v 0.059307 2.316580 0.462710
v 0.115876 2.316580 0.462710
v 0.115876 2.362158 0.000000
v 0.059307 -1.012712 -2.420204
v 0.059307 -1.465626 -2.178154
v 0.115876 -1.465626 -2.178154
v 0.115876 -1.012712 -2.420204
v 0.059307 1.841965 -1.852195
v 0.059307 1.445047 -2.177976
v 0.115876 1.445047 -2.177976
v 0.115876 1.841965 -1.852195
v 0.059307 2.316580 0.462710
v 0.059307 2.181602 0.907634
v 0.115876 2.181602 0.907634
v 0.115876 2.316580 0.462710
v 0.059307 -0.521284 -2.569239
v 0.059307 -1.012712 -2.420204
v 0.115876 -1.012712 -2.420204
v 0.115876 -0.521284 -2.569239
v 0.059307 2.167701 -1.455247
v 0.059307 1.841965 -1.852195
v 0.115876 1.841965 -1.852195
v 0.115876 2.167701 -1.455247
v 0.059307 2.181602 0.907634
v 0.059307 1.962412 1.317670
v 0.115876 1.962412 1.317670
v 0.115876 2.181602 0.907634
v 0.059307 -0.010230 -2.619536
v 0.059307 -0.521284 -2.569239
v 0.115876 -0.521284 -2.569239
v 0.115876 -0.010230 -2.619536
v 0.059307 2.409741 -1.002385
v 0.059307 2.167701 -1.455247
v 0.115876 2.167701 -1.455247
v 0.115876 2.409741 -1.002385
v 0.059307 1.962412 1.317670
v 0.059307 1.667437 1.677057
v 0.115876 1.667437 1.677057
v 0.115876 1.962412 1.317670
v 0.059307 2.558787 -0.511009
v 0.059307 2.409741 -1.002385
v 0.115876 2.409741 -1.002385
v 0.115876 2.558787 -0.511009
v 0.059307 1.667437 1.677057
v 0.059307 1.308018 1.971984
v 0.115876 1.308018 1.971984
v 0.115876 1.667437 1.677057
v 0.059307 2.609113 0.000000
v 0.059307 2.558787 -0.511009
v 0.115876 2.558787 -0.511009
v 0.115876 2.609113 0.000000
v 0.059307 1.308018 1.971984
v 0.059307 0.897972 2.191118
v 0.115876 0.897972 2.191118
v 0.115876 1.308018 1.971984
v 0.059307 2.558787 0.511010
v 0.059307 2.609113 0.000000
v 0.115876 2.609113 0.000000
v 0.115876 2.558787 0.511010
v 0.059307 0.897972 2.191118
v 0.059307 0.453059 2.326041
v 0.115876 0.453059 2.326041
v 0.115876 0.897972 2.191118
v 0.059307 2.409741 1.002385
v 0.059307 2.558787 0.511010
v 0.115876 2.558787 0.511010
v 0.115876 2.409741 1.002385
v 0.059307 0.453059 2.326041
v 0.059307 -0.009619 2.371571
v 0.115876 -0.009619 2.371571
v 0.115876 0.453059 2.326041
v 0.059307 2.167701 1.455248
v 0.059307 2.409741 1.002385
v 0.115876 2.409741 1.002385
v 0.115876 2.167701 1.455248
v 0.059307 -0.009619 2.371571
v 0.059307 -0.472282 2.325962
v 0.115876 -0.472282 2.325962
v 0.115876 -0.009619 2.371571
v 0.059307 1.841965 1.852196
v 0.059307 2.167701 1.455248
v 0.115876 2.167701 1.455248
v 0.115876 1.841965 1.852196
v 0.059307 -0.472282 2.325962
v 0.059307 -0.917149 2.190972
v 0.115876 -0.917149 2.190972
v 0.115876 -0.472282 2.325962
v 0.059307 1.445047 2.177976
v 0.059307 1.841965 1.852196
v 0.115876 1.841965 1.852196
v 0.115876 1.445047 2.177976
v 0.059307 -0.917149 2.190972
v 0.059307 -1.327129 1.971794
v 0.115876 -1.327129 1.971794
v 0.115876 -0.917149 2.190972
v 0.059307 0.992195 2.420068
v 0.059307 1.445047 2.177976
v 0.115876 1.445047 2.177976
v 0.115876 0.992195 2.420068
v 0.059307 -1.327129 1.971794
v 0.059307 -1.686469 1.676851
v 0.115875 -1.686469 1.676851
v 0.115876 -1.327129 1.971794
v 0.059307 0.500808 2.569166
v 0.059307 0.992195 2.420068
v 0.115876 0.992195 2.420068
v 0.115876 0.500808 2.569166
v 0.059307 -1.686469 1.676851
v 0.059307 -1.981365 1.317479
v 0.115875 -1.981365 1.317479
v 0.115875 -1.686469 1.676851
v 0.059307 -0.010230 2.619536
v 0.059307 0.500808 2.569166
v 0.115876 0.500808 2.569166
v 0.115876 -0.010230 2.619536
v 0.059307 -1.981365 1.317479
v 0.059307 -2.200488 0.907488
v 0.115875 -2.200488 0.907488
v 0.115875 -1.981365 1.317479
v 0.258621 -0.004265 -2.904354
v 0.258620 -0.570877 -2.848547
v 0.059307 -0.537764 -2.652123
v 0.059307 -0.010224 -2.704043
v 0.258620 -0.570877 -2.848547
v 0.258616 -1.115713 -2.683273
v 0.059307 -1.045046 -2.498280
v 0.059307 -0.537764 -2.652123
v 0.258616 -1.115713 -2.683273
v 0.258610 -1.617838 -2.414882
v 0.059307 -1.512571 -2.248421
v 0.059307 -1.045046 -2.498280
v 0.258610 -1.617838 -2.414882
v 0.258604 -2.057954 -2.053688
v 0.059307 -1.922371 -1.912146
v 0.059307 -1.512571 -2.248421
v 0.258604 -2.057954 -2.053688
v 0.258598 -2.419147 -1.613572
v 0.059307 -2.258691 -1.502378
v 0.059307 -1.922371 -1.912146
v 0.258598 -2.419147 -1.613572
v 0.258592 -2.687538 -1.111448
v 0.059307 -2.508603 -1.034862
v 0.059307 -2.258691 -1.502378
v 0.258592 -2.687538 -1.111448
v 0.258589 -2.852813 -0.566611
v 0.059307 -2.662501 -0.527570
v 0.059307 -2.508603 -1.034862
v 0.258589 -2.852813 -0.566611
v 0.258587 -2.908619 0.000000
v 0.059307 -2.714465 0.000000
v 0.059307 -2.662501 -0.527570
v 0.258587 -2.908619 0.000000
v 0.258589 -2.852813 0.566612
v 0.059307 -2.662501 0.527571
v 0.059307 -2.714465 0.000000
v 0.258589 -2.852813 0.566612
v 0.258592 -2.687538 1.111448
v 0.059307 -2.508603 1.034863
v 0.059307 -2.662501 0.527571
v 0.258592 -2.687538 1.111448
v 0.258597 -2.419147 1.613573
v 0.059307 -2.258691 1.502378
v 0.059307 -2.508603 1.034863
v 0.258597 -2.419147 1.613573
v 0.258604 -2.057954 2.053688
v 0.059307 -1.922371 1.912147
v 0.059307 -2.258691 1.502378
v 0.258604 -2.057954 2.053688
v 0.258610 -1.617838 2.414882
v 0.059307 -1.512571 2.248421
v 0.059307 -1.922371 1.912147
v 0.258610 -1.617838 2.414882
v 0.258616 -1.115713 2.683273
v 0.059307 -1.045046 2.498280
v 0.059307 -1.512571 2.248421
v 0.258616 -1.115713 2.683273
v 0.258620 -0.570877 2.848548
v 0.059307 -0.537764 2.652124
v 0.059307 -1.045046 2.498280
v 0.258620 -0.570877 2.848548
v 0.258621 -0.004265 2.904354
v 0.059307 -0.010224 2.704043
v 0.059307 -0.537764 2.652124
v 0.258621 -0.004265 2.904354
v 0.258620 0.562346 2.848548
v 0.059307 0.517301 2.652048
v 0.059307 -0.010224 2.704043
v 0.258620 0.562346 2.848548
v 0.258616 1.107183 2.683273
v 0.059307 1.024539 2.498140
v 0.059307 0.517301 2.652048
v 0.258616 1.107183 2.683273
v 0.258611 1.609307 2.414882
v 0.059307 1.492000 2.248238
v 0.059307 1.024539 2.498140
v 0.258611 1.609307 2.414882
v 0.258605 2.049422 2.053688
v 0.059307 1.901723 1.911948
v 0.059307 1.492000 2.248238
v 0.258605 2.049422 2.053688
v 0.258598 2.410616 1.613573
v 0.059307 2.237968 1.502194
v 0.059307 1.901723 1.911948
v 0.258598 2.410616 1.613573
v 0.258593 2.679007 1.111448
v 0.059307 2.487816 1.034722
v 0.059307 2.237968 1.502194
v 0.258593 2.679007 1.111448
v 0.258589 2.844281 0.566612
v 0.059307 2.641670 0.527495
v 0.059307 2.487816 1.034722
v 0.258589 2.844281 0.566612
v 0.258588 2.900087 0.000000
v 0.059307 2.693620 0.000000
v 0.059307 2.641670 0.527495
v 0.258588 2.900087 0.000000
v 0.258589 2.844281 -0.566611
v 0.059307 2.641670 -0.527494
v 0.059307 2.693620 0.000000
v 0.258589 2.844281 -0.566611
v 0.258593 2.679007 -1.111448
v 0.059307 2.487816 -1.034722
v 0.059307 2.641670 -0.527494
v 0.258593 2.679007 -1.111448
v 0.258598 2.410616 -1.613572
v 0.059307 2.237968 -1.502194
v 0.059307 2.487816 -1.034722
v 0.258598 2.410616 -1.613572
v 0.258605 2.049422 -2.053688
v 0.059307 1.901723 -1.911947
v 0.059307 2.237968 -1.502194
v 0.258605 2.049422 -2.053688
v 0.258611 1.609307 -2.414882
v 0.059307 1.492000 -2.248238
v 0.059307 1.901723 -1.911947
v 0.258611 1.609307 -2.414882
v 0.258616 1.107183 -2.683273
v 0.059307 1.024539 -2.498139
v 0.059307 1.492000 -2.248238
v 0.258616 1.107183 -2.683273
v 0.258620 0.562346 -2.848547
v 0.059307 0.517301 -2.652047
v 0.059307 1.024539 -2.498139
v 0.258620 0.562346 -2.848547
v 0.258621 -0.004265 -2.904354
v 0.059307 -0.010224 -2.704043
v 0.059307 0.517301 -2.652047
v 0.059307 -0.009612 -2.287065
v 0.059307 -0.455788 -2.243080
v 0.258630 -0.411185 -2.046657
v 0.258631 -0.004080 -2.086754
v 0.059307 -0.455788 -2.243080
v 0.059307 -0.884804 -2.112902
v 0.258627 -0.802646 -1.927908
v 0.258630 -0.411185 -2.046657
v 0.059307 -0.884804 -2.112902
v 0.059307 -1.280175 -1.901533
v 0.258623 -1.163418 -1.735072
v 0.258627 -0.802646 -1.927908
v 0.059307 -1.280175 -1.901533
v 0.059307 -1.626711 -1.617099
v 0.258619 -1.479637 -1.475557
v 0.258623 -1.163418 -1.735072
v 0.059307 -1.626711 -1.617099
v 0.059307 -1.911098 -1.270533
v 0.258614 -1.739152 -1.159338
v 0.258619 -1.479637 -1.475557
v 0.059307 -1.911098 -1.270533
v 0.059307 -2.122413 -0.875151
v 0.258610 -1.931989 -0.798566
v 0.258614 -1.739152 -1.159338
v 0.059307 -2.122413 -0.875151
v 0.059307 -2.252539 -0.446146
v 0.258608 -2.050737 -0.407105
v 0.258610 -1.931989 -0.798566
v 0.059307 -2.252539 -0.446146
v 0.059307 -2.296477 0.000000
v 0.258607 -2.090833 0.000000
v 0.258608 -2.050737 -0.407105
v 0.059307 -2.296477 0.000000
v 0.059307 -2.252539 0.446146
v 0.258608 -2.050737 0.407106
v 0.258607 -2.090833 0.000000
v 0.059307 -2.252539 0.446146
v 0.059307 -2.122413 0.875152
v 0.258610 -1.931989 0.798566
v 0.258608 -2.050737 0.407106
v 0.059307 -2.122413 0.875152
v 0.059307 -1.911098 1.270533
v 0.258614 -1.739152 1.159339
v 0.258610 -1.931989 0.798566
v 0.059307 -1.911098 1.270533
v 0.059307 -1.626711 1.617099
v 0.258619 -1.479637 1.475557
v 0.258614 -1.739152 1.159339
v 0.059307 -1.626711 1.617099
v 0.059307 -1.280175 1.901533
v 0.258623 -1.163418 1.735072
v 0.258619 -1.479637 1.475557
v 0.059307 -1.280175 1.901533
v 0.059307 -0.884804 2.112901
v 0.258627 -0.802646 1.927909
v 0.258623 -1.163418 1.735072
v 0.059307 -0.884804 2.112901
v 0.059307 -0.455788 2.243081
v 0.258630 -0.411185 2.046657
v 0.258627 -0.802646 1.927909
v 0.059307 -0.455788 2.243081
v 0.059307 -0.009612 2.287065
v 0.258631 -0.004080 2.086754
v 0.258630 -0.411185 2.046657
v 0.059307 -0.009612 2.287065
v 0.059307 0.436580 2.243157
v 0.258630 0.403025 2.046657
v 0.258631 -0.004080 2.086754
v 0.059307 0.436580 2.243157
v 0.059307 0.865639 2.113042
v 0.258627 0.794486 1.927909
v 0.258630 0.403025 2.046657
v 0.059307 0.865639 2.113042
v 0.059307 1.261074 1.901716
v 0.258623 1.155258 1.735072
v 0.258627 0.794486 1.927909
v 0.059307 1.261074 1.901716
v 0.059307 1.607686 1.617298
v 0.258619 1.471477 1.475558
v 0.258623 1.155258 1.735072
v 0.059307 1.607686 1.617298
v 0.059307 1.892150 1.270717
v 0.258615 1.730992 1.159338
v 0.258619 1.471477 1.475558
v 0.059307 1.892150 1.270717
v 0.059307 2.103529 0.875292
v 0.258611 1.923828 0.798566
v 0.258615 1.730992 1.159338
v 0.059307 2.103529 0.875292
v 0.059307 2.233698 0.446222
v 0.258608 2.042576 0.407106
v 0.258611 1.923828 0.798566
v 0.059307 2.233698 0.446222
v 0.059307 2.277651 0.000000
v 0.258608 2.082673 0.000000
v 0.258608 2.042576 0.407106
v 0.059307 2.277651 0.000000
v 0.059307 2.233698 -0.446222
v 0.258608 2.042576 -0.407105
v 0.258608 2.082673 0.000000
v 0.059307 2.233698 -0.446222
v 0.059307 2.103529 -0.875292
v 0.258611 1.923828 -0.798566
v 0.258608 2.042576 -0.407105
v 0.059307 2.103529 -0.875292
v 0.059307 1.892150 -1.270717
v 0.258615 1.730991 -1.159338
v 0.258611 1.923828 -0.798566
v 0.059307 1.892150 -1.270717
v 0.059307 1.607686 -1.617298
v 0.258619 1.471477 -1.475557
v 0.258615 1.730991 -1.159338
v 0.059307 1.607686 -1.617298
v 0.059307 1.261074 -1.901716
v 0.258623 1.155258 -1.735072
v 0.258619 1.471477 -1.475557
v 0.059307 1.261074 -1.901716
v 0.059307 0.865639 -2.113042
v 0.258627 0.794486 -1.927908
v 0.258623 1.155258 -1.735072
v 0.059307 0.865639 -2.113042
v 0.059307 0.436580 -2.243157
v 0.258630 0.403025 -2.046657
v 0.258627 0.794486 -1.927908
v 0.059307 0.436580 -2.243157
v 0.059307 -0.009612 -2.287065
v 0.258631 -0.004080 -2.086754
v 0.258630 0.403025 -2.046657
v 0.258631 -0.004080 -2.086754
v 0.258630 -0.411185 -2.046657
v 0.331211 -0.409278 -2.046657
v 0.331210 -0.002173 -2.086754
v -0.424478 1.648129 0.209101
v -0.542516 1.401926 0.211642
v -0.493164 1.378913 0.270703
v -0.375657 1.625364 0.267526
v -0.770959 0.905100 0.209101
v -0.778300 0.631829 0.209101
v -0.729479 0.609064 0.267526
v -0.722138 0.882334 0.267526
v -0.722138 0.882334 -0.278984
v -0.729479 0.609064 -0.278984
v -0.778300 0.631829 -0.220559
v -0.770959 0.905100 -0.220559
v -0.282749 0.677444 -0.220559
v -0.290091 0.404173 -0.220559
v -0.338912 0.426939 -0.278984
v -0.331570 0.700209 -0.278984
v -0.112333 1.042902 -0.220559
v -0.221459 0.808881 -0.220559
v -0.270280 0.831647 -0.278984
v -0.161154 1.065668 -0.278984
v -0.280013 0.676168 -0.223178
v -0.282749 0.677444 -0.220559
v -0.331570 0.700209 -0.278984
v -0.329381 0.699189 -0.282258
v -0.551721 1.247793 -0.278984
v -0.660847 1.013771 -0.278984
v -0.709668 1.036537 -0.220559
v -0.600542 1.270558 -0.220559
v -0.722138 0.882334 -0.278984
v -0.724326 0.883355 -0.282258
v -0.329381 0.699189 -0.282258
v -0.331570 0.700209 -0.278984
v -0.660847 1.013771 -0.278984
v -0.663082 1.014814 -0.282328
v -0.712462 1.037840 -0.223233
v -0.709668 1.036537 -0.220559
v -0.600542 1.270558 0.209101
v -0.709668 1.036537 0.209101
v -0.660847 1.013771 0.267526
v -0.551721 1.247793 0.267526
v -0.709668 1.036537 0.209101
v -0.712462 1.037840 0.211776
v -0.663082 1.014814 0.270870
v -0.660847 1.013771 0.267526
v -0.290091 0.404173 0.209101
v -0.282749 0.677444 0.209101
v -0.331570 0.700209 0.267526
v -0.338912 0.426939 0.267526
v -0.282749 0.677444 0.209101
v -0.280013 0.676168 0.211720
v -0.329381 0.699189 0.270801
v -0.331570 0.700209 0.267526
v -0.802941 0.920013 -0.116172
v -0.805677 0.921289 -0.116316
v -0.773695 0.906375 -0.223178
v -0.770959 0.905100 -0.220559
v -0.663082 1.014814 -0.282328
v -0.660847 1.013771 -0.278984
v -0.270280 0.831647 -0.278984
v -0.268045 0.830604 -0.282328
v -0.773695 0.906375 0.211720
v -0.770959 0.905100 0.209101
v -0.722138 0.882334 0.267526
v -0.724326 0.883355 0.270801
v -0.338912 0.426939 0.267526
v -0.331570 0.700209 0.267526
v -0.722138 0.882334 0.267526
v -0.729479 0.609064 0.267526
v -0.810282 0.646743 -0.116172
v -0.802941 0.920013 -0.116172
v -0.770959 0.905100 -0.220559
v -0.778300 0.631829 -0.220559
v -0.331570 0.700209 0.267526
v -0.329381 0.699189 0.270801
v -0.724326 0.883355 0.270801
v -0.722138 0.882334 0.267526
v -0.221459 0.808881 -0.220559
v -0.218665 0.807578 -0.223233
v -0.268045 0.830604 -0.282328
v -0.270280 0.831647 -0.278984
v -0.724326 0.883355 -0.282258
v -0.722138 0.882334 -0.278984
v -0.770959 0.905100 -0.220559
v -0.773695 0.906375 -0.223178
v -0.218665 0.807578 0.211775
v -0.221459 0.808881 0.209101
v -0.270280 0.831647 0.267526
v -0.268045 0.830605 0.270870
v -0.268045 0.830605 0.270870
v -0.270280 0.831647 0.267526
v -0.660847 1.013771 0.267526
v -0.663082 1.014814 0.270870
v -0.744444 1.052753 -0.116319
v -0.741650 1.051450 -0.116172
v -0.709668 1.036537 -0.220559
v -0.712462 1.037840 -0.223233
v -0.603255 1.271823 0.211697
v -0.600542 1.270558 0.209101
v -0.551721 1.247793 0.267526
v -0.553891 1.248804 0.270772
v -0.112333 1.042902 0.209101
v -0.109621 1.041637 0.211697
v -0.158984 1.064656 0.270772
v -0.161154 1.065668 0.267526
v -0.553891 1.248804 -0.282230
v -0.551721 1.247793 -0.278984
v -0.600542 1.270558 -0.220559
v -0.603255 1.271823 -0.223155
v -0.660847 1.013771 -0.278984
v -0.551721 1.247793 -0.278984
v -0.161154 1.065668 -0.278984
v -0.270280 0.831647 -0.278984
v -0.270280 0.831647 0.267526
v -0.161154 1.065668 0.267526
v -0.551721 1.247793 0.267526
v -0.660847 1.013771 0.267526
v -0.632524 1.285472 -0.116172
v -0.635237 1.286736 -0.116315
v -0.603255 1.271823 -0.223155
v -0.600542 1.270558 -0.220559
v -0.221459 0.808881 0.209101
v -0.112333 1.042902 0.209101
v -0.161154 1.065668 0.267526
v -0.270280 0.831647 0.267526
v -0.161154 1.065668 0.267526
v -0.158984 1.064656 0.270772
v -0.553891 1.248804 0.270772
v -0.551721 1.247793 0.267526
v -0.551721 1.247793 -0.278984
v -0.553891 1.248804 -0.282230
v -0.158984 1.064656 -0.282230
v -0.161154 1.065668 -0.278984
v -0.109621 1.041637 -0.223155
v -0.112333 1.042902 -0.220559
v -0.161154 1.065668 -0.278984
v -0.158984 1.064656 -0.282230
v -0.741650 1.051450 -0.116172
v -0.632524 1.285472 -0.116172
v -0.600542 1.270558 -0.220559
v -0.709668 1.036537 -0.220559
v -0.722138 0.882334 -0.278984
v -0.331570 0.700209 -0.278984
v -0.338912 0.426939 -0.278984
v -0.729479 0.609064 -0.278984
v -0.802941 0.920013 0.043088
v -0.805677 0.921289 0.044297
v -0.810282 0.646743 0.043088
v -0.802941 0.920013 0.043088
v -0.744444 1.052753 0.044323
v -0.741650 1.051450 0.043088
v -0.632524 1.285472 0.043088
v -0.635237 1.286736 0.044287
v -0.741650 1.051450 0.043088
v -0.632524 1.285472 0.043088
v -0.709668 1.036537 0.209101
v -0.600542 1.270558 0.209101
v -0.600542 1.270558 0.209101
v -0.603255 1.271823 0.211697
v -0.712462 1.037840 0.211776
v -0.709668 1.036537 0.209101
v -0.778300 0.631829 0.209101
v -0.770959 0.905100 0.209101
v -0.770959 0.905100 0.209101
v -0.773695 0.906375 0.211720
v -0.098350 1.194808 0.270703
v 0.014911 1.443239 0.267526
v -0.375657 1.625364 0.267526
v -0.493164 1.378913 0.270703
v 0.063731 1.420474 -0.220559
v -0.048998 1.171795 -0.223099
v -0.098350 1.194808 -0.282160
v 0.014911 1.443239 -0.278984
v -0.542516 1.401926 0.211642
v -0.424478 1.648129 0.209101
v -0.456460 1.663043 0.043088
v -0.574498 1.416839 0.044261
v -0.375657 1.625364 -0.278984
v -0.493164 1.378913 -0.282160
v -0.542516 1.401926 -0.223099
v -0.424478 1.648129 -0.220559
v -0.048998 1.171795 0.211642
v 0.063731 1.420474 0.209101
v 0.014911 1.443239 0.267526
v -0.098350 1.194808 0.270703
v -0.574498 1.416839 -0.116312
v -0.456460 1.663043 -0.116172
v -0.424478 1.648129 -0.220559
v -0.542516 1.401926 -0.223099
v -0.314367 1.756801 -0.278984
v -0.249765 1.895340 -0.278984
v 0.140802 1.713215 -0.278984
v 0.076201 1.574677 -0.278984
v 0.066468 1.419198 -0.223178
v 0.063731 1.420474 -0.220559
v 0.014911 1.443239 -0.278984
v 0.017099 1.442219 -0.282258
v -0.395170 1.794480 -0.116172
v -0.330568 1.933019 -0.116172
v -0.298586 1.918105 -0.220559
v -0.363188 1.779567 -0.220559
v -0.375657 1.625364 -0.278984
v -0.377846 1.626384 -0.282258
v 0.017099 1.442219 -0.282258
v 0.014911 1.443239 -0.278984
v -0.314367 1.756801 -0.278984
v -0.316602 1.757843 -0.282328
v -0.365981 1.780869 -0.223233
v -0.363188 1.779567 -0.220559
v 0.076201 1.574677 0.267526
v 0.140802 1.713215 0.267526
v -0.249765 1.895340 0.267526
v -0.314367 1.756801 0.267526
v -0.363188 1.779567 0.209101
v -0.365981 1.780869 0.211776
v -0.316602 1.757843 0.270870
v -0.314367 1.756801 0.267526
v 0.063731 1.420474 0.209101
v 0.066468 1.419198 0.211720
v 0.017099 1.442219 0.270801
v 0.014911 1.443239 0.267526
v -0.456460 1.663043 -0.116172
v -0.459196 1.664319 -0.116316
v -0.427214 1.649405 -0.223178
v -0.424478 1.648129 -0.220559
v -0.316602 1.757843 -0.282328
v -0.314367 1.756801 -0.278984
v 0.076201 1.574677 -0.278984
v 0.078436 1.573634 -0.282328
v -0.427214 1.649405 0.211720
v -0.424478 1.648129 0.209101
v -0.375657 1.625364 0.267526
v -0.377846 1.626384 0.270801
v 0.014911 1.443239 0.267526
v 0.017099 1.442219 0.270801
v -0.377846 1.626384 0.270801
v -0.375657 1.625364 0.267526
v 0.125022 1.551911 -0.220559
v 0.127815 1.550608 -0.223233
v 0.078436 1.573634 -0.282328
v 0.076201 1.574677 -0.278984
v -0.377846 1.626384 -0.282258
v -0.375657 1.625364 -0.278984
v -0.424478 1.648129 -0.220559
v -0.427214 1.649405 -0.223178
v 0.127816 1.550608 0.211775
v 0.125022 1.551911 0.209101
v 0.076201 1.574677 0.267526
v 0.078436 1.573635 0.270870
v 0.078436 1.573635 0.270870
v 0.076201 1.574677 0.267526
v -0.314367 1.756801 0.267526
v -0.316602 1.757843 0.270870
v -0.397963 1.795783 -0.116319
v -0.395170 1.794480 -0.116172
v -0.363188 1.779567 -0.220559
v -0.365981 1.780869 -0.223233
v -0.249765 1.895340 -0.278984
v -0.314367 1.756801 -0.278984
v -0.363188 1.779567 -0.220559
v -0.298586 1.918105 -0.220559
v 0.189623 1.690450 -0.220559
v 0.125022 1.551911 -0.220559
v 0.076201 1.574677 -0.278984
v 0.140802 1.713215 -0.278984
v -0.363188 1.779567 0.209101
v -0.298586 1.918105 0.209101
v -0.330568 1.933019 0.043088
v -0.395170 1.794480 0.043088
v 0.125022 1.551911 0.209101
v 0.189623 1.690450 0.209101
v 0.140802 1.713215 0.267526
v 0.076201 1.574677 0.267526
v -0.456460 1.663043 0.043088
v -0.459196 1.664319 0.044297
v -0.397963 1.795783 0.044323
v -0.395170 1.794480 0.043088
v -0.365981 1.780869 0.211776
v -0.363188 1.779567 0.209101
v -0.424478 1.648129 0.209101
v -0.427214 1.649405 0.211720
v -0.298586 1.918105 0.209101
v -0.363188 1.779567 0.209101
v -0.314367 1.756801 0.267526
v -0.249765 1.895340 0.267526
v -0.375657 1.625364 -0.278984
v 0.014911 1.443239 -0.278984
v -0.098350 1.194808 -0.282160
v -0.493164 1.378913 -0.282160
v 0.175602 2.337263 -0.216430
v 0.182456 2.334066 -0.132094
v 0.189623 1.690450 -0.220559
v 0.140802 1.713215 -0.278984
v 0.139361 2.354162 -0.186077
v 0.141827 2.353012 -0.216430
v -0.249765 1.895340 -0.278984
v -0.298586 1.918105 -0.220559
v 0.141827 2.353012 0.204972
v 0.139600 2.354051 0.177559
v -0.298586 1.918105 0.209101
v -0.249765 1.895340 0.267526
v 0.182456 2.334066 0.120636
v 0.175602 2.337263 0.204972
v 0.140802 1.713215 0.267526
v 0.189623 1.690450 0.209101
v 0.140802 1.713215 -0.278984
v -0.249765 1.895340 -0.278984
v 0.141827 2.353012 -0.216430
v 0.175602 2.337263 -0.216430
v -0.249765 1.895340 0.267526
v 0.140802 1.713215 0.267526
v 0.175602 2.337263 0.204972
v 0.141827 2.353012 0.204972
v -0.330568 1.933019 0.043088
v 0.136947 2.355288 0.035970
v -0.330568 1.933019 -0.116172
v 0.136947 2.355288 -0.105066
v -0.480651 -1.586254 0.209101
v -0.431830 -1.563489 0.267526
v -0.549337 -1.317038 0.270703
v -0.598689 -1.340051 0.211642
v -0.827132 -0.843224 0.209101
v -0.778311 -0.820459 0.267526
v -0.824607 -0.547189 0.267526
v -0.873428 -0.569954 0.209101
v -0.778311 -0.820459 -0.278984
v -0.827132 -0.843224 -0.220559
v -0.873428 -0.569954 -0.220558
v -0.824607 -0.547188 -0.278984
v -0.338922 -0.615569 -0.220559
v -0.387743 -0.638334 -0.278984
v -0.434039 -0.365064 -0.278984
v -0.385218 -0.342298 -0.220559
v -0.168506 -0.981028 -0.220559
v -0.217327 -1.003793 -0.278984
v -0.326453 -0.769772 -0.278984
v -0.277632 -0.747006 -0.220559
v -0.336186 -0.614293 -0.223178
v -0.385554 -0.637314 -0.282258
v -0.387743 -0.638334 -0.278984
v -0.338922 -0.615569 -0.220559
v -0.607895 -1.185917 -0.278984
v -0.656716 -1.208683 -0.220559
v -0.765841 -0.974662 -0.220559
v -0.717020 -0.951896 -0.278984
v -0.778311 -0.820459 -0.278984
v -0.387743 -0.638334 -0.278984
v -0.385554 -0.637314 -0.282258
v -0.780500 -0.821479 -0.282258
v -0.717020 -0.951896 -0.278984
v -0.765841 -0.974662 -0.220559
v -0.768635 -0.975965 -0.223233
v -0.719255 -0.952939 -0.282328
v -0.656716 -1.208683 0.209101
v -0.607895 -1.185917 0.267526
v -0.717020 -0.951896 0.267526
v -0.765841 -0.974662 0.209101
v -0.765841 -0.974662 0.209101
v -0.717020 -0.951896 0.267526
v -0.719255 -0.952939 0.270870
v -0.768635 -0.975965 0.211776
v -0.385218 -0.342299 0.209101
v -0.434039 -0.365064 0.267526
v -0.387743 -0.638334 0.267526
v -0.338922 -0.615569 0.209101
v -0.338922 -0.615569 0.209101
v -0.387743 -0.638334 0.267526
v -0.385554 -0.637314 0.270801
v -0.336186 -0.614293 0.211720
v -0.859114 -0.858138 -0.116172
v -0.827132 -0.843224 -0.220559
v -0.829868 -0.844500 -0.223178
v -0.861850 -0.859414 -0.116316
v -0.719255 -0.952939 -0.282328
v -0.324218 -0.768730 -0.282328
v -0.326453 -0.769772 -0.278984
v -0.717020 -0.951896 -0.278984
v -0.829868 -0.844500 0.211720
v -0.780500 -0.821479 0.270801
v -0.778311 -0.820459 0.267526
v -0.827132 -0.843224 0.209101
v -0.434039 -0.365064 0.267526
v -0.824607 -0.547189 0.267526
v -0.778311 -0.820459 0.267526
v -0.387743 -0.638334 0.267526
v -0.905410 -0.584867 -0.116172
v -0.873428 -0.569954 -0.220558
v -0.827132 -0.843224 -0.220559
v -0.859114 -0.858138 -0.116172
v -0.387743 -0.638334 0.267526
v -0.778311 -0.820459 0.267526
v -0.780500 -0.821479 0.270801
v -0.385554 -0.637314 0.270801
v -0.277632 -0.747006 -0.220559
v -0.326453 -0.769772 -0.278984
v -0.324218 -0.768730 -0.282328
v -0.274838 -0.745704 -0.223233
v -0.780500 -0.821479 -0.282258
v -0.829868 -0.844500 -0.223178
v -0.827132 -0.843224 -0.220559
v -0.778311 -0.820459 -0.278984
v -0.274838 -0.745704 0.211775
v -0.324218 -0.768730 0.270870
v -0.326453 -0.769772 0.267526
v -0.277632 -0.747006 0.209101
v -0.324218 -0.768730 0.270870
v -0.719255 -0.952939 0.270870
v -0.717020 -0.951896 0.267526
v -0.326453 -0.769772 0.267526
v -0.800617 -0.990878 -0.116319
v -0.768635 -0.975965 -0.223233
v -0.765841 -0.974662 -0.220559
v -0.797823 -0.989575 -0.116172
v -0.659428 -1.209948 0.211697
v -0.610064 -1.186929 0.270772
v -0.607895 -1.185917 0.267526
v -0.656716 -1.208683 0.209101
v -0.168506 -0.981028 0.209101
v -0.217327 -1.003793 0.267526
v -0.215157 -1.002781 0.270772
v -0.165794 -0.979763 0.211697
v -0.610065 -1.186929 -0.282230
v -0.659428 -1.209948 -0.223155
v -0.656716 -1.208683 -0.220559
v -0.607895 -1.185917 -0.278984
v -0.717020 -0.951896 -0.278984
v -0.326453 -0.769772 -0.278984
v -0.217327 -1.003793 -0.278984
v -0.607895 -1.185917 -0.278984
v -0.326453 -0.769772 0.267526
v -0.717020 -0.951896 0.267526
v -0.607895 -1.185917 0.267526
v -0.217327 -1.003793 0.267526
v -0.688698 -1.223596 -0.116172
v -0.656716 -1.208683 -0.220559
v -0.659428 -1.209948 -0.223155
v -0.691410 -1.224861 -0.116315
v -0.277632 -0.747006 0.209101
v -0.326453 -0.769772 0.267526
v -0.217327 -1.003793 0.267526
v -0.168506 -0.981028 0.209101
v -0.217327 -1.003793 0.267526
v -0.607895 -1.185917 0.267526
v -0.610064 -1.186929 0.270772
v -0.215157 -1.002781 0.270772
v -0.607895 -1.185917 -0.278984
v -0.217327 -1.003793 -0.278984
v -0.215157 -1.002781 -0.282230
v -0.610065 -1.186929 -0.282230
v -0.165794 -0.979763 -0.223155
v -0.215157 -1.002781 -0.282230
v -0.217327 -1.003793 -0.278984
v -0.168506 -0.981028 -0.220559
v -0.797823 -0.989575 -0.116172
v -0.765841 -0.974662 -0.220559
v -0.656716 -1.208683 -0.220559
v -0.688698 -1.223596 -0.116172
v -0.778311 -0.820459 -0.278984
v -0.824607 -0.547188 -0.278984
v -0.434039 -0.365064 -0.278984
v -0.387743 -0.638334 -0.278984
v -0.859114 -0.858138 0.043088
v -0.861850 -0.859414 0.044297
v -0.905410 -0.584868 0.043088
v -0.859114 -0.858138 0.043088
v -0.800617 -0.990878 0.044323
v -0.797823 -0.989575 0.043088
v -0.688698 -1.223596 0.043088
v -0.691410 -1.224861 0.044287
v -0.797823 -0.989575 0.043088
v -0.688698 -1.223596 0.043088
v -0.765841 -0.974662 0.209101
v -0.656716 -1.208683 0.209101
v -0.656716 -1.208683 0.209101
v -0.659428 -1.209948 0.211697
v -0.768635 -0.975965 0.211776
v -0.765841 -0.974662 0.209101
v -0.873428 -0.569954 0.209101
v -0.827132 -0.843224 0.209101
v -0.827132 -0.843224 0.209101
v -0.829868 -0.844500 0.211720
v -0.154523 -1.132933 0.270703
v -0.549337 -1.317038 0.270703
v -0.431830 -1.563489 0.267526
v -0.041263 -1.381364 0.267526
v 0.007558 -1.358599 -0.220559
v -0.041263 -1.381364 -0.278984
v -0.154523 -1.132933 -0.282160
v -0.105172 -1.109920 -0.223100
v -0.598689 -1.340051 0.211642
v -0.630671 -1.354964 0.044261
v -0.512634 -1.601168 0.043088
v -0.480651 -1.586254 0.209101
v -0.431830 -1.563489 -0.278984
v -0.480651 -1.586254 -0.220559
v -0.598689 -1.340051 -0.223099
v -0.549337 -1.317038 -0.282160
v -0.105171 -1.109920 0.211642
v -0.154523 -1.132933 0.270703
v -0.041263 -1.381364 0.267526
v 0.007558 -1.358599 0.209101
v -0.630671 -1.354964 -0.116312
v -0.598689 -1.340051 -0.223099
v -0.480651 -1.586254 -0.220559
v -0.512634 -1.601168 -0.116172
v -0.370540 -1.694926 -0.278984
v 0.020028 -1.512802 -0.278984
v 0.084629 -1.651340 -0.278984
v -0.305938 -1.833465 -0.278984
v 0.010294 -1.357323 -0.223178
v -0.039074 -1.380344 -0.282259
v -0.041263 -1.381364 -0.278984
v 0.007558 -1.358599 -0.220559
v -0.451343 -1.732605 -0.116172
v -0.419361 -1.717692 -0.220559
v -0.354759 -1.856230 -0.220559
v -0.386741 -1.871144 -0.116172
v -0.431830 -1.563489 -0.278984
v -0.041263 -1.381364 -0.278984
v -0.039074 -1.380344 -0.282259
v -0.434019 -1.564509 -0.282258
v -0.370540 -1.694926 -0.278984
v -0.419361 -1.717692 -0.220559
v -0.422155 -1.718995 -0.223233
v -0.372775 -1.695969 -0.282328
v 0.020028 -1.512802 0.267526
v -0.370540 -1.694926 0.267526
v -0.305938 -1.833465 0.267526
v 0.084629 -1.651340 0.267526
v -0.419361 -1.717692 0.209101
v -0.370540 -1.694926 0.267526
v -0.372775 -1.695969 0.270870
v -0.422155 -1.718995 0.211775
v 0.007558 -1.358599 0.209101
v -0.041263 -1.381364 0.267526
v -0.039074 -1.380344 0.270801
v 0.010294 -1.357323 0.211720
v -0.512634 -1.601168 -0.116172
v -0.480651 -1.586254 -0.220559
v -0.483388 -1.587530 -0.223178
v -0.515370 -1.602443 -0.116316
v -0.372775 -1.695969 -0.282328
v 0.022262 -1.511760 -0.282328
v 0.020028 -1.512802 -0.278984
v -0.370540 -1.694926 -0.278984
v -0.483387 -1.587530 0.211720
v -0.434019 -1.564510 0.270801
v -0.431830 -1.563489 0.267526
v -0.480651 -1.586254 0.209101
v -0.041263 -1.381364 0.267526
v -0.431830 -1.563489 0.267526
v -0.434019 -1.564510 0.270801
v -0.039074 -1.380344 0.270801
v 0.068848 -1.490036 -0.220559
v 0.020028 -1.512802 -0.278984
v 0.022262 -1.511760 -0.282328
v 0.071642 -1.488734 -0.223233
v -0.434019 -1.564509 -0.282258
v -0.483388 -1.587530 -0.223178
v -0.480651 -1.586254 -0.220559
v -0.431830 -1.563489 -0.278984
v 0.071642 -1.488734 0.211775
v 0.022262 -1.511760 0.270870
v 0.020028 -1.512802 0.267526
v 0.068848 -1.490036 0.209101
v 0.022262 -1.511760 0.270870
v -0.372775 -1.695969 0.270870
v -0.370540 -1.694926 0.267526
v 0.020028 -1.512802 0.267526
v -0.454137 -1.733908 -0.116319
v -0.422155 -1.718995 -0.223233
v -0.419361 -1.717692 -0.220559
v -0.451343 -1.732605 -0.116172
v -0.305938 -1.833465 -0.278984
v -0.354759 -1.856230 -0.220559
v -0.419361 -1.717692 -0.220559
v -0.370540 -1.694926 -0.278984
v 0.133450 -1.628575 -0.220559
v 0.084629 -1.651340 -0.278984
v 0.020028 -1.512802 -0.278984
v 0.068848 -1.490036 -0.220559
v -0.419361 -1.717692 0.209101
v -0.451343 -1.732605 0.043088
v -0.386741 -1.871144 0.043088
v -0.354759 -1.856230 0.209101
v 0.068848 -1.490036 0.209101
v 0.020028 -1.512802 0.267526
v 0.084629 -1.651340 0.267526
v 0.133450 -1.628575 0.209101
v -0.512634 -1.601168 0.043088
v -0.515370 -1.602443 0.044297
v -0.454137 -1.733908 0.044323
v -0.451343 -1.732605 0.043088
v -0.422155 -1.718995 0.211775
v -0.419361 -1.717692 0.209101
v -0.480651 -1.586254 0.209101
v -0.483387 -1.587530 0.211720
v -0.354759 -1.856230 0.209101
v -0.305938 -1.833465 0.267526
v -0.370540 -1.694926 0.267526
v -0.419361 -1.717692 0.209101
v -0.431830 -1.563489 -0.278984
v -0.549337 -1.317038 -0.282160
v -0.154523 -1.132933 -0.282160
v -0.041263 -1.381364 -0.278984
v 0.119428 -2.275388 -0.216430
v 0.084629 -1.651340 -0.278984
v 0.133450 -1.628575 -0.220559
v 0.126282 -2.272192 -0.132094
v 0.083187 -2.292288 -0.186077
v -0.354759 -1.856230 -0.220559
v -0.305938 -1.833465 -0.278984
v 0.085654 -2.291137 -0.216430
v 0.085654 -2.291137 0.204972
v -0.305938 -1.833465 0.267526
v -0.354759 -1.856230 0.209101
v 0.083426 -2.292176 0.177559
v 0.126282 -2.272192 0.120636
v 0.133450 -1.628575 0.209101
v 0.084629 -1.651340 0.267526
v 0.119428 -2.275388 0.204972
v 0.084629 -1.651340 -0.278984
v 0.119428 -2.275388 -0.216430
v 0.085654 -2.291137 -0.216430
v -0.305938 -1.833465 -0.278984
v -0.305938 -1.833465 0.267526
v 0.085654 -2.291137 0.204972
v 0.119428 -2.275388 0.204972
v 0.084629 -1.651340 0.267526
v -0.386741 -1.871144 0.043088
v 0.080773 -2.293413 0.035970
v 0.080773 -2.293413 -0.105066
v -0.386741 -1.871144 -0.116172
v 0.905898 0.379894 -1.955515
v 1.091048 0.385702 -1.955515
v 1.091048 -0.000110 -1.993515
v 0.905899 -0.005919 -1.993515
v 0.905896 -0.762717 -1.842978
v 1.091048 -0.756908 -1.842978
v 1.091048 -1.098810 -1.660227
v 0.905892 -1.104619 -1.660228
v 0.905892 -1.104619 -1.660228
v 1.091048 -1.098810 -1.660227
v 1.091048 -1.398490 -1.414286
v 0.905888 -1.404299 -1.414286
v 0.905888 -1.404299 -1.414286
v 1.091048 -1.398490 -1.414286
v 1.091048 -1.644431 -1.114606
v 0.905883 -1.650240 -1.114606
v 0.905883 -1.650240 -1.114606
v 1.091048 -1.644431 -1.114606
v 1.091048 -1.827182 -0.772704
v 0.905879 -1.832991 -0.772704
v 0.905879 -1.832991 -0.772704
v 1.091048 -1.827182 -0.772704
v 1.091048 -1.939719 -0.401718
v 0.905877 -1.945529 -0.401718
v 0.905877 -1.945529 -0.401718
v 1.091048 -1.939719 -0.401718
v 1.091048 -1.977718 -0.015906
v 0.905876 -1.983528 -0.015906
v 0.905876 -1.983528 -0.015906
v 1.091048 -1.977718 -0.015906
v 1.091048 -1.939719 0.369907
v 0.905877 -1.945529 0.369906
v 0.905877 -1.945529 0.369906
v 1.091048 -1.939719 0.369907
v 1.091048 -1.827182 0.740892
v 0.905879 -1.832991 0.740892
v 0.905879 -1.832991 0.740892
v 1.091048 -1.827182 0.740892
v 1.091048 -1.644431 1.082795
v 0.905883 -1.650240 1.082795
v 0.905883 -1.650240 1.082795
v 1.091048 -1.644431 1.082795
v 1.091048 -1.398490 1.382475
v 0.905888 -1.404299 1.382474
v 0.905888 -1.404299 1.382474
v 1.091048 -1.398490 1.382475
v 1.091048 -1.098810 1.628416
v 0.905892 -1.104619 1.628416
v 0.905892 -1.104619 1.628416
v 1.091048 -1.098810 1.628416
v 1.091048 -0.756908 1.811166
v 0.905896 -0.762717 1.811166
v 0.905896 -0.762717 1.811166
v 1.091048 -0.756908 1.811166
v 1.091048 -0.385922 1.923704
v 0.905898 -0.391731 1.923704
v 0.905898 -0.391731 1.923704
v 1.091048 -0.385922 1.923704
v 1.091048 -0.000110 1.961703
v 0.905899 -0.005919 1.961703
v 0.905899 -0.005919 1.961703
v 1.091048 -0.000110 1.961703
v 1.091048 0.385702 1.923704
v 0.905898 0.379894 1.923704
v 0.905898 0.379894 1.923704
v 1.091048 0.385702 1.923704
v 1.091048 0.756688 1.811166
v 0.905896 0.750879 1.811166
v 0.905896 0.750879 1.811166
v 1.091048 0.756688 1.811166
v 1.091048 1.098590 1.628416
v 0.905892 1.092781 1.628416
v 0.905892 1.092781 1.628416
v 1.091048 1.098590 1.628416
v 1.091048 1.398270 1.382475
v 0.905888 1.392461 1.382474
v 0.905888 1.392461 1.382474
v 1.091048 1.398270 1.382475
v 1.091048 1.644211 1.082795
v 0.905883 1.638402 1.082795
v 0.905883 1.638402 1.082795
v 1.091048 1.644211 1.082795
v 1.091048 1.826962 0.740892
v 0.905880 1.821153 0.740892
v 0.905880 1.821153 0.740892
v 1.091048 1.826962 0.740892
v 1.091048 1.939499 0.369907
v 0.905878 1.933690 0.369906
v 0.905878 1.933690 0.369906
v 1.091048 1.939499 0.369907
v 1.091048 1.977499 -0.015906
v 0.905877 1.971689 -0.015906
v 0.905877 1.971689 -0.015906
v 1.091048 1.977499 -0.015906
v 1.091048 1.939499 -0.401718
v 0.905878 1.933690 -0.401718
v 0.905878 1.933690 -0.401718
v 1.091048 1.939499 -0.401718
v 1.091048 1.826962 -0.772704
v 0.905880 1.821153 -0.772704
v 0.905880 1.821153 -0.772704
v 1.091048 1.826962 -0.772704
v 1.091048 1.644211 -1.114606
v 0.905883 1.638402 -1.114606
v 0.905883 1.638402 -1.114606
v 1.091048 1.644211 -1.114606
v 1.091048 1.398270 -1.414286
v 0.905888 1.392461 -1.414286
v 0.905888 1.392461 -1.414286
v 1.091048 1.398270 -1.414286
v 1.091048 1.098590 -1.660227
v 0.905892 1.092781 -1.660228
v 0.905892 1.092781 -1.660228
v 1.091048 1.098590 -1.660227
v 1.091048 0.756688 -1.842978
v 0.905896 0.750879 -1.842978
v 0.905896 0.750879 -1.842978
v 1.091048 0.756688 -1.842978
v 1.091048 0.385702 -1.955515
v 0.905898 0.379894 -1.955515
v 0.905898 -0.391731 -1.955515
v 1.091048 -0.385922 -1.955515
v 1.091048 -0.756908 -1.842978
v 0.905896 -0.762717 -1.842978
v 0.905905 0.271410 -1.409499
v 0.905906 -0.005792 -1.436801
v 0.955326 -0.004494 -1.436801
v 0.955327 0.272709 -1.409499
v 0.905903 -0.549545 -1.328642
v 0.905901 -0.795199 -1.197337
v 0.955331 -0.793900 -1.197337
v 0.955328 -0.548247 -1.328642
v 0.905901 -0.795199 -1.197337
v 0.905897 -1.010517 -1.020630
v 0.955334 -1.009218 -1.020630
v 0.955331 -0.793900 -1.197337
v 0.905897 -1.010517 -1.020630
v 0.905895 -1.187223 -0.805313
v 0.955337 -1.185924 -0.805313
v 0.955334 -1.009218 -1.020630
v 0.905895 -1.187223 -0.805313
v 0.905892 -1.318528 -0.559659
v 0.955339 -1.317229 -0.559659
v 0.955337 -1.185924 -0.805313
v 0.905892 -1.318528 -0.559659
v 0.905890 -1.399385 -0.293109
v 0.955341 -1.398086 -0.293109
v 0.955339 -1.317229 -0.559659
v 0.905890 -1.399385 -0.293109
v 0.905890 -1.426687 -0.015906
v 0.955341 -1.425388 -0.015906
v 0.955341 -1.398086 -0.293109
v 0.905890 -1.426687 -0.015906
v 0.905890 -1.399385 0.261297
v 0.955341 -1.398086 0.261297
v 0.955341 -1.425388 -0.015906
v 0.905890 -1.399385 0.261297
v 0.905892 -1.318528 0.527847
v 0.955339 -1.317229 0.527847
v 0.955341 -1.398086 0.261297
v 0.905892 -1.318528 0.527847
v 0.905895 -1.187223 0.773501
v 0.955337 -1.185924 0.773501
v 0.955339 -1.317229 0.527847
v 0.905895 -1.187223 0.773501
v 0.905897 -1.010517 0.988818
v 0.955334 -1.009218 0.988818
v 0.955337 -1.185924 0.773501
v 0.905897 -1.010517 0.988818
v 0.905901 -0.795199 1.165525
v 0.955331 -0.793900 1.165525
v 0.955334 -1.009218 0.988818
v 0.905901 -0.795199 1.165525
v 0.905903 -0.549545 1.296830
v 0.955328 -0.548247 1.296830
v 0.955331 -0.793900 1.165525
v 0.905903 -0.549545 1.296830
v 0.905905 -0.282995 1.377687
v 0.955327 -0.281697 1.377687
v 0.955328 -0.548247 1.296830
v 0.905905 -0.282995 1.377687
v 0.905906 -0.005792 1.404989
v 0.955326 -0.004494 1.404989
v 0.955327 -0.281697 1.377687
v 0.770184 0.335591 -1.753216
v 0.770184 -0.009981 -1.787277
v 0.831027 -0.009981 -1.787277
v 0.831027 0.335591 -1.753216
v 0.905906 -0.005792 1.404989
v 0.905905 0.271410 1.377687
v 0.955327 0.272709 1.377687
v 0.955326 -0.004494 1.404989
v 0.905905 0.271410 1.377687
v 0.905903 0.537960 1.296830
v 0.955328 0.539259 1.296830
v 0.955327 0.272709 1.377687
v 0.905903 0.537960 1.296830
v 0.905901 0.783614 1.165525
v 0.955331 0.784913 1.165525
v 0.955328 0.539259 1.296830
v 0.905901 0.783614 1.165525
v 0.905898 0.998932 0.988818
v 0.955334 1.000231 0.988818
v 0.955331 0.784913 1.165525
v 0.905898 0.998932 0.988818
v 0.905895 1.175638 0.773501
v 0.955337 1.176937 0.773501
v 0.955334 1.000231 0.988818
v 0.905895 1.175638 0.773501
v 0.905892 1.306943 0.527847
v 0.955340 1.308242 0.527847
v 0.955337 1.176937 0.773501
v 0.905892 1.306943 0.527847
v 0.905891 1.387800 0.261297
v 0.955341 1.389099 0.261297
v 0.955340 1.308242 0.527847
v 0.905891 1.387800 0.261297
v 0.905890 1.415102 -0.015906
v 0.955342 1.416401 -0.015906
v 0.955341 1.389099 0.261297
v 0.905890 1.415102 -0.015906
v 0.905891 1.387800 -0.293109
v 0.955341 1.389099 -0.293109
v 0.955342 1.416401 -0.015906
v 0.905891 1.387800 -0.293109
v 0.905892 1.306943 -0.559659
v 0.955340 1.308242 -0.559659
v 0.955341 1.389099 -0.293109
v 0.905892 1.306943 -0.559659
v 0.905895 1.175638 -0.805313
v 0.955337 1.176937 -0.805313
v 0.955340 1.308242 -0.559659
v 0.905895 1.175638 -0.805313
v 0.905898 0.998932 -1.020630
v 0.955334 1.000231 -1.020630
v 0.955337 1.176937 -0.805313
v 0.905898 0.998932 -1.020630
v 0.905901 0.783614 -1.197337
v 0.955331 0.784913 -1.197337
v 0.955334 1.000231 -1.020630
v 0.905901 0.783614 -1.197337
v 0.905903 0.537960 -1.328642
v 0.955328 0.539259 -1.328642
v 0.955331 0.784913 -1.197337
v 0.905903 0.537960 -1.328642
v 0.905905 0.271410 -1.409499
v 0.955327 0.272709 -1.409499
v 0.955328 0.539259 -1.328642
v 0.905899 -0.005919 -1.993515
v 1.091048 -0.000110 -1.993515
v 1.091048 -0.385922 -1.955515
v 0.905898 -0.391731 -1.955515
v 0.770184 1.493830 -0.638633
v 0.770184 1.586438 -0.333371
v 0.831027 1.586438 -0.333371
v 0.831027 1.493830 -0.638633
v 0.905905 -0.282995 -1.409499
v 0.905903 -0.549545 -1.328642
v 0.955328 -0.548247 -1.328642
v 0.955327 -0.281697 -1.409499
v 0.770184 -1.262595 -1.268520
v 0.770184 -1.482912 -1.000087
v 0.831027 -1.482912 -1.000087
v 0.831027 -1.262595 -1.268520
v 0.770184 0.667874 -1.652394
v 0.770184 0.335591 -1.753216
v 0.831027 0.335591 -1.753216
v 0.831027 0.667874 -1.652394
v 0.770184 1.586438 -0.333371
v 0.770184 1.617709 -0.015906
v 0.831027 1.617709 -0.015906
v 0.831027 1.586438 -0.333371
v 0.770184 -0.994142 -1.488808
v 0.770184 -1.262595 -1.268520
v 0.831027 -1.262595 -1.268520
v 0.831027 -0.994142 -1.488808
v 0.770184 0.974100 -1.488687
v 0.770184 0.667874 -1.652394
v 0.831027 0.667874 -1.652394
v 0.831027 0.974100 -1.488687
v 0.770184 1.617709 -0.015906
v 0.770184 1.586438 0.301559
v 0.831027 1.586438 0.301559
v 0.831027 1.617709 -0.015906
v 0.770184 -0.687875 -1.652486
v 0.770184 -0.994142 -1.488808
v 0.831027 -0.994142 -1.488808
v 0.831027 -0.687875 -1.652486
v 0.770184 1.242502 -1.268389
v 0.770184 0.974100 -1.488687
v 0.831027 0.974100 -1.488687
v 0.831027 1.242502 -1.268389
v 0.770184 1.586438 0.301559
v 0.770184 1.493830 0.606821
v 0.831027 1.493830 0.606821
v 0.831027 1.586438 0.301559
v 0.770184 -0.355564 -1.753266
v 0.770184 -0.687875 -1.652486
v 0.831027 -0.687875 -1.652486
v 0.831027 -0.355564 -1.753266
v 0.770184 1.462770 -0.999967
v 0.770184 1.242502 -1.268389
v 0.831027 1.242502 -1.268389
v 0.831027 1.462770 -0.999967
v 0.770184 1.493830 0.606821
v 0.770184 1.343444 0.888146
v 0.831027 1.343444 0.888146
v 0.831027 1.493830 0.606821
v 0.770184 -0.009981 -1.787277
v 0.770184 -0.355564 -1.753266
v 0.831027 -0.355564 -1.753266
v 0.831027 -0.009981 -1.787277
v 0.770184 1.626441 -0.693734
v 0.770184 1.462770 -0.999967
v 0.831027 1.462770 -0.999967
v 0.831027 1.626441 -0.693734
v 0.770184 1.343444 0.888146
v 0.770184 1.141062 1.134721
v 0.831027 1.141062 1.134721
v 0.831027 1.343444 0.888146
v 0.770184 1.727228 -0.361458
v 0.770184 1.626441 -0.693734
v 0.831027 1.626441 -0.693734
v 0.831027 1.727228 -0.361458
v 0.770184 1.141062 1.134721
v 0.770184 0.894465 1.337070
v 0.831027 0.894465 1.337070
v 0.831027 1.141062 1.134721
v 0.770184 1.761260 -0.015906
v 0.770184 1.727228 -0.361458
v 0.831027 1.727228 -0.361458
v 0.831027 1.761260 -0.015906
v 0.770184 0.894465 1.337070
v 0.770184 0.613132 1.487418
v 0.831027 0.613132 1.487418
v 0.831027 0.894465 1.337070
v 0.770184 1.727228 0.329646
v 0.770184 1.761260 -0.015906
v 0.831027 1.761260 -0.015906
v 0.831027 1.727228 0.329646
v 0.770184 0.613132 1.487418
v 0.770184 0.307878 1.579989
v 0.831027 0.307878 1.579989
v 0.831027 0.613132 1.487418
v 0.770184 1.626441 0.661922
v 0.770184 1.727228 0.329646
v 0.831027 1.727228 0.329646
v 0.831027 1.626441 0.661922
v 0.770184 0.307878 1.579989
v 0.770184 -0.009565 1.611227
v 0.831027 -0.009565 1.611227
v 0.831027 0.307878 1.579989
v 0.770184 1.462770 0.968155
v 0.770184 1.626441 0.661922
v 0.831027 1.626441 0.661922
v 0.831027 1.462770 0.968155
v 0.770184 -0.009565 1.611227
v 0.770184 -0.326998 1.579935
v 0.831027 -0.326998 1.579935
v 0.831027 -0.009565 1.611227
v 0.770184 1.242502 1.236577
v 0.770184 1.462770 0.968155
v 0.831027 1.462770 0.968155
v 0.831027 1.242502 1.236577
v 0.770184 -0.326998 1.579935
v 0.770184 -0.632221 1.487318
v 0.831027 -0.632221 1.487318
v 0.831027 -0.326998 1.579935
v 0.770184 0.974100 1.456875
v 0.770184 1.242502 1.236577
v 0.831027 1.242502 1.236577
v 0.831027 0.974100 1.456875
v 0.770184 -0.632221 1.487318
v 0.770184 -0.913508 1.336940
v 0.831027 -0.913508 1.336940
v 0.831027 -0.632221 1.487318
v 0.770184 0.667874 1.620582
v 0.770184 0.974100 1.456875
v 0.831027 0.974100 1.456875
v 0.831027 0.667874 1.620582
v 0.905899 -0.005919 -1.993515
v 0.905898 -0.391731 -1.955515
v 0.770184 -0.369185 -1.821768
v 0.770184 -0.009976 -1.857121
v 0.905898 -0.391731 -1.955515
v 0.905896 -0.762717 -1.842978
v 0.770184 -0.714598 -1.717014
v 0.770184 -0.369185 -1.821768
v 0.905896 -0.762717 -1.842978
v 0.905892 -1.104619 -1.660228
v 0.770184 -1.032942 -1.546883
v 0.770184 -0.714598 -1.717014
v 0.905892 -1.104619 -1.660228
v 0.905888 -1.404299 -1.414286
v 0.770184 -1.311979 -1.317909
v 0.770184 -1.032942 -1.546883
v 0.905888 -1.404299 -1.414286
v 0.905883 -1.650240 -1.114606
v 0.770184 -1.540984 -1.038893
v 0.770184 -1.311979 -1.317909
v 0.905883 -1.650240 -1.114606
v 0.905879 -1.832991 -0.772704
v 0.770184 -1.711152 -0.720556
v 0.770184 -1.540984 -1.038893
v 0.905879 -1.832991 -0.772704
v 0.905877 -1.945529 -0.401718
v 0.770184 -1.815942 -0.375135
v 0.770184 -1.711152 -0.720556
v 0.905877 -1.945529 -0.401718
v 0.905876 -1.983528 -0.015906
v 0.770184 -1.851326 -0.015906
v 0.770184 -1.815942 -0.375135
v 0.905876 -1.983528 -0.015906
v 0.905877 -1.945529 0.369906
v 0.770184 -1.815942 0.343323
v 0.770184 -1.851326 -0.015906
v 0.905877 -1.945529 0.369906
v 0.905879 -1.832991 0.740892
v 0.770184 -1.711152 0.688744
v 0.770184 -1.815942 0.343323
v 0.905879 -1.832991 0.740892
v 0.905883 -1.650240 1.082795
v 0.770184 -1.540983 1.007081
v 0.770184 -1.711152 0.688744
v 0.905883 -1.650240 1.082795
v 0.905888 -1.404299 1.382474
v 0.770184 -1.311979 1.286097
v 0.770184 -1.540983 1.007081
v 0.905888 -1.404299 1.382474
v 0.905892 -1.104619 1.628416
v 0.770184 -1.032942 1.515071
v 0.770184 -1.311979 1.286097
v 0.905892 -1.104619 1.628416
v 0.905896 -0.762717 1.811166
v 0.770184 -0.714598 1.685202
v 0.770184 -1.032942 1.515071
v 0.905896 -0.762717 1.811166
v 0.905898 -0.391731 1.923704
v 0.770184 -0.369185 1.789956
v 0.770184 -0.714598 1.685202
v 0.905898 -0.391731 1.923704
v 0.905899 -0.005919 1.961703
v 0.770184 -0.009976 1.825309
v 0.770184 -0.369185 1.789956
v 0.905899 -0.005919 1.961703
v 0.905898 0.379894 1.923704
v 0.770184 0.349222 1.789905
v 0.770184 -0.009976 1.825309
v 0.905898 0.379894 1.923704
v 0.905896 0.750879 1.811166
v 0.770184 0.694606 1.685107
v 0.770184 0.349222 1.789905
v 0.905896 0.750879 1.811166
v 0.905892 1.092781 1.628416
v 0.770184 1.012906 1.514946
v 0.770184 0.694606 1.685107
v 0.905892 1.092781 1.628416
v 0.905888 1.392461 1.382474
v 0.770184 1.291891 1.285962
v 0.770184 1.012906 1.514946
v 0.905888 1.392461 1.382474
v 0.905883 1.638402 1.082795
v 0.770184 1.520844 1.006956
v 0.770184 1.291891 1.285962
v 0.905883 1.638402 1.082795
v 0.905880 1.821153 0.740892
v 0.770184 1.690969 0.688648
v 0.770184 1.520844 1.006956
v 0.905880 1.821153 0.740892
v 0.905878 1.933690 0.369906
v 0.770184 1.795730 0.343271
v 0.770184 1.690969 0.688648
v 0.905878 1.933690 0.369906
v 0.905877 1.971689 -0.015906
v 0.770184 1.831103 -0.015906
v 0.770184 1.795730 0.343271
v 0.905877 1.971689 -0.015906
v 0.905878 1.933690 -0.401718
v 0.770184 1.795730 -0.375083
v 0.770184 1.831103 -0.015906
v 0.905878 1.933690 -0.401718
v 0.905880 1.821153 -0.772704
v 0.770184 1.690969 -0.720460
v 0.770184 1.795730 -0.375083
v 0.905880 1.821153 -0.772704
v 0.905883 1.638402 -1.114606
v 0.770184 1.520844 -1.038768
v 0.770184 1.690969 -0.720460
v 0.905883 1.638402 -1.114606
v 0.905888 1.392461 -1.414286
v 0.770184 1.291891 -1.317774
v 0.770184 1.520844 -1.038768
v 0.905888 1.392461 -1.414286
v 0.905892 1.092781 -1.660228
v 0.770184 1.012906 -1.546758
v 0.770184 1.291891 -1.317774
v 0.905892 1.092781 -1.660228
v 0.905896 0.750879 -1.842978
v 0.770184 0.694606 -1.716919
v 0.770184 1.012906 -1.546758
v 0.905896 0.750879 -1.842978
v 0.905898 0.379894 -1.955515
v 0.770184 0.349222 -1.821716
v 0.770184 0.694606 -1.716919
v 0.905898 0.379894 -1.955515
v 0.905899 -0.005919 -1.993515
v 0.770184 -0.009976 -1.857121
v 0.770184 0.349222 -1.821716
v 0.770184 -0.009559 -1.573195
v 0.770184 -0.313366 -1.543246
v 0.905905 -0.282995 -1.409499
v 0.905906 -0.005792 -1.436801
v 0.770184 -0.313366 -1.543246
v 0.770184 -0.605488 -1.454606
v 0.905903 -0.549545 -1.328642
v 0.905905 -0.282995 -1.409499
v 0.770184 -0.605488 -1.454606
v 0.770184 -0.874700 -1.310682
v 0.905901 -0.795199 -1.197337
v 0.905903 -0.549545 -1.328642
v 0.770184 -0.874700 -1.310682
v 0.770184 -1.110661 -1.117008
v 0.905897 -1.010517 -1.020630
v 0.905901 -0.795199 -1.197337
v 0.770184 -1.110661 -1.117008
v 0.770184 -1.304304 -0.881027
v 0.905895 -1.187223 -0.805313
v 0.905897 -1.010517 -1.020630
v 0.770184 -1.304304 -0.881027
v 0.770184 -1.448191 -0.611807
v 0.905892 -1.318528 -0.559659
v 0.905895 -1.187223 -0.805313
v 0.770184 -1.448191 -0.611807
v 0.770184 -1.536795 -0.319692
v 0.905890 -1.399385 -0.293109
v 0.905892 -1.318528 -0.559659
v 0.770184 -1.536795 -0.319692
v 0.770184 -1.566712 -0.015906
v 0.905890 -1.426687 -0.015906
v 0.905890 -1.399385 -0.293109
v 0.770184 -1.566712 -0.015906
v 0.770184 -1.536795 0.287880
v 0.905890 -1.399385 0.261297
v 0.905890 -1.426687 -0.015906
v 0.770184 -1.536795 0.287880
v 0.770184 -1.448191 0.579995
v 0.905892 -1.318528 0.527847
v 0.905890 -1.399385 0.261297
v 0.770184 -1.448191 0.579995
v 0.770184 -1.304304 0.849215
v 0.905895 -1.187223 0.773501
v 0.905892 -1.318528 0.527847
v 0.770184 -1.304304 0.849215
v 0.770184 -1.110661 1.085196
v 0.905897 -1.010517 0.988818
v 0.905895 -1.187223 0.773501
v 0.770184 -1.110661 1.085196
v 0.770184 -0.874700 1.278870
v 0.905901 -0.795199 1.165525
v 0.905897 -1.010517 0.988818
v 0.770184 -0.874700 1.278870
v 0.770184 -0.605488 1.422793
v 0.905903 -0.549545 1.296830
v 0.905901 -0.795199 1.165525
v 0.770184 -0.605488 1.422793
v 0.770184 -0.313366 1.511434
v 0.905905 -0.282995 1.377687
v 0.905903 -0.549545 1.296830
v 0.770184 -0.313366 1.511434
v 0.770184 -0.009559 1.541383
v 0.905906 -0.005792 1.404989
v 0.905905 -0.282995 1.377687
v 0.770184 -0.009559 1.541383
v 0.770184 0.294258 1.511486
v 0.905905 0.271410 1.377687
v 0.905906 -0.005792 1.404989
v 0.770184 0.294258 1.511486
v 0.770184 0.586409 1.422889
v 0.905903 0.537960 1.296830
v 0.905905 0.271410 1.377687
v 0.770184 0.586409 1.422889
v 0.770184 0.855666 1.278995
v 0.905901 0.783614 1.165525
v 0.905903 0.537960 1.296830
v 0.770184 0.855666 1.278995
v 0.770184 1.091678 1.085331
v 0.905898 0.998932 0.988818
v 0.905901 0.783614 1.165525
v 0.770184 1.091678 1.085331
v 0.770184 1.285373 0.849340
v 0.905895 1.175638 0.773501
v 0.905898 0.998932 0.988818
v 0.770184 1.285373 0.849340
v 0.770184 1.429304 0.580091
v 0.905892 1.306943 0.527847
v 0.905895 1.175638 0.773501
v 0.770184 1.429304 0.580091
v 0.770184 1.517937 0.287932
v 0.905891 1.387800 0.261297
v 0.905892 1.306943 0.527847
v 0.770184 1.517937 0.287932
v 0.770184 1.547865 -0.015906
v 0.905890 1.415102 -0.015906
v 0.905891 1.387800 0.261297
v 0.770184 1.547865 -0.015906
v 0.770184 1.517937 -0.319744
v 0.905891 1.387800 -0.293109
v 0.905890 1.415102 -0.015906
v 0.770184 1.517937 -0.319744
v 0.770184 1.429304 -0.611903
v 0.905892 1.306943 -0.559659
v 0.905891 1.387800 -0.293109
v 0.770184 1.429304 -0.611903
v 0.770184 1.285373 -0.881152
v 0.905895 1.175638 -0.805313
v 0.905892 1.306943 -0.559659
v 0.770184 1.285373 -0.881152
v 0.770184 1.091678 -1.117143
v 0.905898 0.998932 -1.020630
v 0.905895 1.175638 -0.805313
v 0.770184 1.091678 -1.117143
v 0.770184 0.855666 -1.310807
v 0.905901 0.783614 -1.197337
v 0.905898 0.998932 -1.020630
v 0.770184 0.855666 -1.310807
v 0.770184 0.586409 -1.454701
v 0.905903 0.537960 -1.328642
v 0.905901 0.783614 -1.197337
v 0.770184 0.586409 -1.454701
v 0.770184 0.294258 -1.543298
v 0.905905 0.271410 -1.409499
v 0.905903 0.537960 -1.328642
v 0.770184 0.294258 -1.543298
v 0.770184 -0.009559 -1.573195
v 0.905906 -0.005792 -1.436801
v 0.905905 0.271410 -1.409499
v 0.905906 -0.005792 -1.436801
v 0.905905 -0.282995 -1.409499
v 0.955327 -0.281697 -1.409499
v 0.955326 -0.004494 -1.436801
v 0.322822 0.209055 1.419857
v 0.357967 0.265274 1.390367
v 0.180944 0.268330 1.182503
v 0.145417 0.211500 1.212314
v -0.204163 0.209055 0.791821
v -0.169018 0.265274 0.762331
v -0.362832 0.265274 0.531353
v -0.397976 0.209055 0.560843
v -0.169018 -0.260600 0.762331
v -0.204163 -0.204381 0.791821
v -0.397976 -0.204381 0.560843
v -0.362832 -0.260600 0.531353
v 0.147282 -0.204381 0.496924
v 0.112137 -0.260600 0.526414
v -0.081676 -0.260600 0.295436
v -0.046532 -0.204381 0.265946
v 0.406479 -0.204381 0.805824
v 0.371334 -0.260600 0.835313
v 0.205358 -0.260600 0.637510
v 0.240502 -0.204381 0.608020
v 0.149251 -0.206901 0.495272
v 0.113713 -0.263751 0.525092
v 0.112137 -0.260600 0.526414
v 0.147282 -0.204381 0.496924
v 0.090179 -0.260600 1.071231
v 0.055034 -0.204381 1.100720
v -0.110942 -0.204381 0.902917
v -0.075798 -0.260600 0.873427
v -0.169018 -0.260600 0.762331
v 0.112137 -0.260600 0.526414
v 0.113713 -0.263751 0.525092
v -0.170594 -0.263751 0.763654
v -0.075798 -0.260600 0.873427
v -0.110942 -0.204381 0.902917
v -0.112953 -0.206954 0.904604
v -0.077407 -0.263817 0.874777
v 0.055035 0.209055 1.100720
v 0.090179 0.265274 1.071231
v -0.075798 0.265274 0.873427
v -0.110942 0.209055 0.902917
v -0.110942 0.209055 0.902917
v -0.075798 0.265274 0.873427
v -0.077407 0.268491 0.874777
v -0.112953 0.211628 0.904604
v -0.046532 0.209055 0.265946
v -0.081676 0.265274 0.295436
v 0.112137 0.265274 0.526414
v 0.147282 0.209055 0.496924
v 0.147282 0.209055 0.496924
v 0.112137 0.265274 0.526414
v 0.113713 0.268425 0.525092
v 0.149251 0.211575 0.495272
v -0.227185 -0.103936 0.811139
v -0.204163 -0.204381 0.791821
v -0.206132 -0.206901 0.793474
v -0.229155 -0.104074 0.812792
v -0.077407 -0.263817 0.874777
v 0.206967 -0.263817 0.636160
v 0.205358 -0.260600 0.637510
v -0.075798 -0.260600 0.873427
v -0.206132 0.211575 0.793474
v -0.170594 0.268425 0.763654
v -0.169018 0.265274 0.762331
v -0.204163 0.209055 0.791821
v -0.081676 0.265274 0.295436
v -0.362832 0.265274 0.531353
v -0.169018 0.265274 0.762331
v 0.112137 0.265274 0.526414
v -0.420999 -0.103936 0.580161
v -0.397976 -0.204381 0.560843
v -0.204163 -0.204381 0.791821
v -0.227185 -0.103936 0.811139
v 0.112137 0.265274 0.526414
v -0.169018 0.265274 0.762331
v -0.170594 0.268425 0.763654
v 0.113713 0.268425 0.525092
v 0.240502 -0.204381 0.608020
v 0.205358 -0.260600 0.637510
v 0.206967 -0.263817 0.636160
v 0.242513 -0.206955 0.606333
v -0.170594 -0.263751 0.763654
v -0.206132 -0.206901 0.793474
v -0.204163 -0.204381 0.791821
v -0.169018 -0.260600 0.762331
v 0.242513 0.211628 0.606333
v 0.206967 0.268491 0.636160
v 0.205358 0.265274 0.637510
v 0.240502 0.209055 0.608020
v 0.206967 0.268491 0.636160
v -0.077407 0.268491 0.874777
v -0.075798 0.265274 0.873427
v 0.205358 0.265274 0.637510
v -0.135976 -0.104077 0.923923
v -0.112953 -0.206954 0.904604
v -0.110942 -0.204381 0.902917
v -0.133965 -0.103936 0.922235
v 0.053082 0.211553 1.102359
v 0.088617 0.268397 1.072541
v 0.090179 0.265274 1.071231
v 0.055035 0.209055 1.100720
v 0.406479 0.209055 0.805824
v 0.371334 0.265274 0.835313
v 0.372896 0.268397 0.834002
v 0.408431 0.211553 0.804185
v 0.088617 -0.263724 1.072541
v 0.053082 -0.206879 1.102358
v 0.055034 -0.204381 1.100720
v 0.090179 -0.260600 1.071231
v -0.075798 -0.260600 0.873427
v 0.205358 -0.260600 0.637510
v 0.371334 -0.260600 0.835313
v 0.090179 -0.260600 1.071231
v 0.205358 0.265274 0.637510
v -0.075798 0.265274 0.873427
v 0.090179 0.265274 1.071231
v 0.371334 0.265274 0.835313
v 0.032012 -0.103936 1.120039
v 0.055034 -0.204381 1.100720
v 0.053082 -0.206879 1.102358
v 0.030059 -0.104073 1.121677
v 0.240502 0.209055 0.608020
v 0.205358 0.265274 0.637510
v 0.371334 0.265274 0.835313
v 0.406479 0.209055 0.805824
v 0.371334 0.265274 0.835313
v 0.090179 0.265274 1.071231
v 0.088617 0.268397 1.072541
v 0.372896 0.268397 0.834002
v 0.090179 -0.260600 1.071231
v 0.371334 -0.260600 0.835313
v 0.372896 -0.263724 0.834002
v 0.088617 -0.263724 1.072541
v 0.408431 -0.206879 0.804185
v 0.372896 -0.263724 0.834002
v 0.371334 -0.260600 0.835313
v 0.406479 -0.204381 0.805824
v -0.133965 -0.103936 0.922235
v -0.110942 -0.204381 0.902917
v 0.055034 -0.204381 1.100720
v 0.032012 -0.103936 1.120039
v -0.169018 -0.260600 0.762331
v -0.362832 -0.260600 0.531353
v -0.081676 -0.260600 0.295436
v 0.112137 -0.260600 0.526414
v -0.227185 0.049311 0.811139
v -0.229155 0.050474 0.812792
v -0.420999 0.049311 0.580161
v -0.227185 0.049311 0.811139
v -0.135976 0.050498 0.923923
v -0.133965 0.049310 0.922235
v 0.032012 0.049310 1.120039
v 0.030059 0.050464 1.121677
v -0.133965 0.049310 0.922235
v 0.032012 0.049310 1.120039
v -0.110942 0.209055 0.902917
v 0.055035 0.209055 1.100720
v 0.055035 0.209055 1.100720
v 0.053082 0.211553 1.102359
v -0.112953 0.211628 0.904604
v -0.110942 0.209055 0.902917
v -0.397976 0.209055 0.560843
v -0.204163 0.209055 0.791821
v -0.204163 0.209055 0.791821
v -0.206132 0.211575 0.793474
v 0.465156 0.268330 0.944021
v 0.180944 0.268330 1.182503
v 0.357967 0.265274 1.390367
v 0.639122 0.265274 1.154450
v 0.674266 -0.204381 1.124960
v 0.639122 -0.260600 1.154450
v 0.465155 -0.263657 0.944021
v 0.500682 -0.206826 0.914211
v 0.145417 0.211500 1.212314
v 0.122394 0.050439 1.231632
v 0.299799 0.049310 1.439175
v 0.322822 0.209055 1.419857
v 0.357967 -0.260600 1.390367
v 0.322822 -0.204381 1.419857
v 0.145417 -0.206826 1.212314
v 0.180943 -0.263656 1.182503
v 0.500682 0.211500 0.914211
v 0.465156 0.268330 0.944021
v 0.639122 0.265274 1.154450
v 0.674266 0.209055 1.124960
v 0.122394 -0.104070 1.231632
v 0.145417 -0.206826 1.212314
v 0.322822 -0.204381 1.419857
v 0.299799 -0.103936 1.439175
v 0.451187 -0.260600 1.501463
v 0.732343 -0.260600 1.265546
v 0.830599 -0.260600 1.382644
v 0.549444 -0.260600 1.618562
v 0.676236 -0.206901 1.123308
v 0.640697 -0.263751 1.153128
v 0.639122 -0.260600 1.154450
v 0.674266 -0.204381 1.124960
v 0.393020 -0.103936 1.550271
v 0.416043 -0.204381 1.530953
v 0.514300 -0.204381 1.648051
v 0.491277 -0.103936 1.667370
v 0.357967 -0.260600 1.390367
v 0.639122 -0.260600 1.154450
v 0.640697 -0.263751 1.153128
v 0.356391 -0.263751 1.391689
v 0.451187 -0.260600 1.501463
v 0.416043 -0.204381 1.530953
v 0.414031 -0.206954 1.532640
v 0.449578 -0.263817 1.502813
v 0.732343 0.265274 1.265546
v 0.451187 0.265274 1.501463
v 0.549444 0.265274 1.618562
v 0.830599 0.265274 1.382644
v 0.416043 0.209055 1.530953
v 0.451187 0.265274 1.501463
v 0.449578 0.268491 1.502813
v 0.414032 0.211628 1.532640
v 0.674266 0.209055 1.124960
v 0.639122 0.265274 1.154450
v 0.640697 0.268425 1.153128
v 0.676236 0.211575 1.123308
v 0.299799 -0.103936 1.439175
v 0.322822 -0.204381 1.419857
v 0.320852 -0.206901 1.421510
v 0.297830 -0.104074 1.440828
v 0.449578 -0.263817 1.502813
v 0.733951 -0.263817 1.264196
v 0.732343 -0.260600 1.265546
v 0.451187 -0.260600 1.501463
v 0.320853 0.211575 1.421510
v 0.356391 0.268425 1.391689
v 0.357967 0.265274 1.390367
v 0.322822 0.209055 1.419857
v 0.639122 0.265274 1.154450
v 0.357967 0.265274 1.390367
v 0.356391 0.268425 1.391689
v 0.640697 0.268425 1.153128
v 0.767487 -0.204381 1.236057
v 0.732343 -0.260600 1.265546
v 0.733951 -0.263817 1.264196
v 0.769498 -0.206955 1.234369
v 0.356391 -0.263751 1.391689
v 0.320852 -0.206901 1.421510
v 0.322822 -0.204381 1.419857
v 0.357967 -0.260600 1.390367
v 0.769498 0.211628 1.234369
v 0.733952 0.268491 1.264196
v 0.732343 0.265274 1.265546
v 0.767487 0.209055 1.236057
v 0.733952 0.268491 1.264196
v 0.449578 0.268491 1.502813
v 0.451187 0.265274 1.501463
v 0.732343 0.265274 1.265546
v 0.391009 -0.104077 1.551959
v 0.414031 -0.206954 1.532640
v 0.416043 -0.204381 1.530953
v 0.393020 -0.103936 1.550271
v 0.549444 -0.260600 1.618562
v 0.514300 -0.204381 1.648051
v 0.416043 -0.204381 1.530953
v 0.451187 -0.260600 1.501463
v 0.865744 -0.204381 1.353154
v 0.830599 -0.260600 1.382644
v 0.732343 -0.260600 1.265546
v 0.767487 -0.204381 1.236057
v 0.416043 0.209055 1.530953
v 0.393020 0.049310 1.550271
v 0.491277 0.049310 1.667370
v 0.514300 0.209055 1.648051
v 0.767487 0.209055 1.236057
v 0.732343 0.265274 1.265546
v 0.830599 0.265274 1.382644
v 0.865744 0.209055 1.353154
v 0.299799 0.049310 1.439175
v 0.297830 0.050474 1.440828
v 0.391009 0.050498 1.551959
v 0.393020 0.049310 1.550271
v 0.414032 0.211628 1.532640
v 0.416043 0.209055 1.530953
v 0.322822 0.209055 1.419857
v 0.320853 0.211575 1.421510
v 0.514300 0.209055 1.648051
v 0.549444 0.265274 1.618562
v 0.451187 0.265274 1.501463
v 0.416043 0.209055 1.530953
v 0.357967 -0.260600 1.390367
v 0.180943 -0.263656 1.182503
v 0.465155 -0.263657 0.944021
v 0.639122 -0.260600 1.154450
v 0.963480 -0.200408 1.797966
v 0.830599 -0.260600 1.382644
v 0.865744 -0.204381 1.353154
v 0.976825 -0.119256 1.786768
v 0.892918 -0.171201 1.857175
v 0.514300 -0.204381 1.648051
v 0.549444 -0.260600 1.618562
v 0.897721 -0.200408 1.853145
v 0.897721 0.205082 1.853145
v 0.549444 0.265274 1.618562
v 0.514300 0.209055 1.648051
v 0.893383 0.178704 1.856785
v 0.976825 0.123930 1.786768
v 0.865744 0.209055 1.353154
v 0.830599 0.265274 1.382644
v 0.963480 0.205082 1.797966
v 0.830599 -0.260600 1.382644
v 0.963480 -0.200408 1.797966
v 0.897721 -0.200408 1.853145
v 0.549444 -0.260600 1.618562
v 0.549444 0.265274 1.618562
v 0.897721 0.205082 1.853145
v 0.963480 0.205082 1.797966
v 0.830599 0.265274 1.382644
v 0.491277 0.049310 1.667370
v 0.888217 0.042461 1.861119
v 0.888217 -0.093249 1.861119
v 0.491277 -0.103936 1.667370
v 0.247522 0.209055 -1.363840
v 0.070117 0.211500 -1.156297
v 0.105643 0.268330 -1.126487
v 0.282666 0.265274 -1.334351
v -0.279463 0.209055 -0.735804
v -0.473276 0.209055 -0.504826
v -0.438132 0.265274 -0.475336
v -0.244318 0.265274 -0.706315
v -0.244318 -0.260600 -0.706315
v -0.438132 -0.260600 -0.475336
v -0.473277 -0.204381 -0.504826
v -0.279463 -0.204381 -0.735804
v 0.071981 -0.204381 -0.440908
v -0.121832 -0.204381 -0.209929
v -0.156977 -0.260600 -0.239419
v 0.036837 -0.260600 -0.470397
v 0.331178 -0.204381 -0.749807
v 0.165202 -0.204381 -0.552003
v 0.130057 -0.260600 -0.581493
v 0.296034 -0.260600 -0.779296
v 0.073951 -0.206901 -0.439255
v 0.071981 -0.204381 -0.440908
v 0.036837 -0.260600 -0.470397
v 0.038413 -0.263751 -0.469075
v 0.014879 -0.260600 -1.015214
v -0.151098 -0.260600 -0.817410
v -0.186242 -0.204381 -0.846900
v -0.020266 -0.204381 -1.044703
v -0.244318 -0.260600 -0.706315
v -0.245894 -0.263751 -0.707637
v 0.038413 -0.263751 -0.469075
v 0.036837 -0.260600 -0.470397
v -0.151098 -0.260600 -0.817410
v -0.152707 -0.263817 -0.818760
v -0.188254 -0.206954 -0.848588
v -0.186242 -0.204381 -0.846900
v -0.020266 0.209055 -1.044703
v -0.186242 0.209055 -0.846900
v -0.151098 0.265274 -0.817410
v 0.014879 0.265274 -1.015214
v -0.186242 0.209055 -0.846900
v -0.188253 0.211628 -0.848588
v -0.152707 0.268491 -0.818760
v -0.151098 0.265274 -0.817410
v -0.121832 0.209055 -0.209929
v 0.071981 0.209055 -0.440908
v 0.036837 0.265274 -0.470397
v -0.156977 0.265274 -0.239419
v 0.071981 0.209055 -0.440908
v 0.073951 0.211575 -0.439255
v 0.038413 0.268425 -0.469075
v 0.036837 0.265274 -0.470397
v -0.302486 -0.103936 -0.755123
v -0.304455 -0.104074 -0.756775
v -0.281433 -0.206901 -0.737457
v -0.279463 -0.204381 -0.735804
v -0.152707 -0.263817 -0.818760
v -0.151098 -0.260600 -0.817410
v 0.130057 -0.260600 -0.581493
v 0.131666 -0.263817 -0.580143
v -0.281432 0.211575 -0.737457
v -0.279463 0.209055 -0.735804
v -0.244318 0.265274 -0.706315
v -0.245894 0.268425 -0.707637
v -0.156977 0.265274 -0.239419
v 0.036837 0.265274 -0.470397
v -0.244318 0.265274 -0.706315
v -0.438132 0.265274 -0.475336
v -0.496299 -0.103936 -0.524145
v -0.302486 -0.103936 -0.755123
v -0.279463 -0.204381 -0.735804
v -0.473277 -0.204381 -0.504826
v 0.036837 0.265274 -0.470397
v 0.038413 0.268425 -0.469075
v -0.245894 0.268425 -0.707637
v -0.244318 0.265274 -0.706315
v 0.165202 -0.204381 -0.552003
v 0.167213 -0.206955 -0.550316
v 0.131666 -0.263817 -0.580143
v 0.130057 -0.260600 -0.581493
v -0.245894 -0.263751 -0.707637
v -0.244318 -0.260600 -0.706315
v -0.279463 -0.204381 -0.735804
v -0.281433 -0.206901 -0.737457
v 0.167213 0.211628 -0.550316
v 0.165202 0.209055 -0.552003
v 0.130057 0.265274 -0.581493
v 0.131666 0.268491 -0.580143
v 0.131666 0.268491 -0.580143
v 0.130057 0.265274 -0.581493
v -0.151098 0.265274 -0.817410
v -0.152707 0.268491 -0.818760
v -0.211276 -0.104077 -0.867906
v -0.209265 -0.103936 -0.866218
v -0.186242 -0.204381 -0.846900
v -0.188254 -0.206954 -0.848588
v -0.022218 0.211553 -1.046342
v -0.020266 0.209055 -1.044703
v 0.014879 0.265274 -1.015214
v 0.013317 0.268397 -1.016524
v 0.331179 0.209055 -0.749807
v 0.333131 0.211553 -0.748168
v 0.297596 0.268397 -0.777986
v 0.296034 0.265274 -0.779296
v 0.013317 -0.263724 -1.016524
v 0.014879 -0.260600 -1.015214
v -0.020266 -0.204381 -1.044703
v -0.022218 -0.206879 -1.046342
v -0.151098 -0.260600 -0.817410
v 0.014879 -0.260600 -1.015214
v 0.296034 -0.260600 -0.779296
v 0.130057 -0.260600 -0.581493
v 0.130057 0.265274 -0.581493
v 0.296034 0.265274 -0.779296
v 0.014879 0.265274 -1.015214
v -0.151098 0.265274 -0.817410
v -0.043289 -0.103936 -1.064022
v -0.045241 -0.104073 -1.065660
v -0.022218 -0.206879 -1.046342
v -0.020266 -0.204381 -1.044703
v 0.165202 0.209055 -0.552003
v 0.331179 0.209055 -0.749807
v 0.296034 0.265274 -0.779296
v 0.130057 0.265274 -0.581493
v 0.296034 0.265274 -0.779296
v 0.297596 0.268397 -0.777986
v 0.013317 0.268397 -1.016524
v 0.014879 0.265274 -1.015214
v 0.014879 -0.260600 -1.015214
v 0.013317 -0.263724 -1.016524
v 0.297596 -0.263724 -0.777986
v 0.296034 -0.260600 -0.779296
v 0.333131 -0.206879 -0.748168
v 0.331178 -0.204381 -0.749807
v 0.296034 -0.260600 -0.779296
v 0.297596 -0.263724 -0.777986
v -0.209265 -0.103936 -0.866218
v -0.043289 -0.103936 -1.064022
v -0.020266 -0.204381 -1.044703
v -0.186242 -0.204381 -0.846900
v -0.244318 -0.260600 -0.706315
v 0.036837 -0.260600 -0.470397
v -0.156977 -0.260600 -0.239419
v -0.438132 -0.260600 -0.475336
v -0.302486 0.049310 -0.755123
v -0.304455 0.050474 -0.756775
v -0.496299 0.049311 -0.524145
v -0.302486 0.049310 -0.755123
v -0.211276 0.050498 -0.867906
v -0.209265 0.049310 -0.866218
v -0.043288 0.049310 -1.064022
v -0.045241 0.050464 -1.065660
v -0.209265 0.049310 -0.866218
v -0.043288 0.049310 -1.064022
v -0.186242 0.209055 -0.846900
v -0.020266 0.209055 -1.044703
v -0.020266 0.209055 -1.044703
v -0.022218 0.211553 -1.046342
v -0.188253 0.211628 -0.848588
v -0.186242 0.209055 -0.846900
v -0.473276 0.209055 -0.504826
v -0.279463 0.209055 -0.735804
v -0.279463 0.209055 -0.735804
v -0.281432 0.211575 -0.737457
v 0.389856 0.268330 -0.888005
v 0.563822 0.265274 -1.098433
v 0.282666 0.265274 -1.334351
v 0.105643 0.268330 -1.126487
v 0.598966 -0.204381 -1.068944
v 0.425382 -0.206826 -0.858194
v 0.389856 -0.263657 -0.888005
v 0.563822 -0.260600 -1.098433
v 0.070117 0.211500 -1.156297
v 0.247522 0.209055 -1.363840
v 0.224499 0.049310 -1.383159
v 0.047094 0.050439 -1.175616
v 0.282666 -0.260600 -1.334351
v 0.105643 -0.263656 -1.126487
v 0.070117 -0.206826 -1.156297
v 0.247522 -0.204381 -1.363840
v 0.425382 0.211500 -0.858194
v 0.598966 0.209055 -1.068944
v 0.563822 0.265274 -1.098433
v 0.389856 0.268330 -0.888005
v 0.047094 -0.104070 -1.175616
v 0.224499 -0.103936 -1.383159
v 0.247522 -0.204381 -1.363840
v 0.070117 -0.206826 -1.156297
v 0.375887 -0.260600 -1.445446
v 0.474144 -0.260600 -1.562544
v 0.755299 -0.260600 -1.326627
v 0.657042 -0.260600 -1.209529
v 0.600936 -0.206901 -1.067291
v 0.598966 -0.204381 -1.068944
v 0.563822 -0.260600 -1.098433
v 0.565397 -0.263751 -1.097111
v 0.317720 -0.103936 -1.494255
v 0.415976 -0.103936 -1.611353
v 0.438999 -0.204381 -1.592034
v 0.340742 -0.204381 -1.474936
v 0.282666 -0.260600 -1.334351
v 0.281091 -0.263751 -1.335673
v 0.565397 -0.263751 -1.097111
v 0.563822 -0.260600 -1.098433
v 0.375887 -0.260600 -1.445446
v 0.374278 -0.263817 -1.446797
v 0.338731 -0.206955 -1.476624
v 0.340742 -0.204381 -1.474936
v 0.657042 0.265274 -1.209529
v 0.755299 0.265274 -1.326627
v 0.474144 0.265274 -1.562544
v 0.375887 0.265274 -1.445446
v 0.340742 0.209055 -1.474936
v 0.338731 0.211628 -1.476624
v 0.374278 0.268491 -1.446797
v 0.375887 0.265274 -1.445446
v 0.598966 0.209055 -1.068944
v 0.600936 0.211575 -1.067291
v 0.565398 0.268425 -1.097111
v 0.563822 0.265274 -1.098433
v 0.224499 -0.103936 -1.383159
v 0.222530 -0.104075 -1.384811
v 0.245552 -0.206901 -1.365493
v 0.247522 -0.204381 -1.363840
v 0.374278 -0.263817 -1.446797
v 0.375887 -0.260600 -1.445446
v 0.657042 -0.260600 -1.209529
v 0.658651 -0.263817 -1.208179
v 0.245552 0.211575 -1.365493
v 0.247522 0.209055 -1.363840
v 0.282666 0.265274 -1.334351
v 0.281091 0.268425 -1.335673
v 0.563822 0.265274 -1.098433
v 0.565398 0.268425 -1.097111
v 0.281091 0.268425 -1.335673
v 0.282666 0.265274 -1.334351
v 0.692187 -0.204381 -1.180039
v 0.694198 -0.206955 -1.178352
v 0.658651 -0.263817 -1.208179
v 0.657042 -0.260600 -1.209529
v 0.281091 -0.263751 -1.335673
v 0.282666 -0.260600 -1.334351
v 0.247522 -0.204381 -1.363840
v 0.245552 -0.206901 -1.365493
v 0.694198 0.211628 -1.178352
v 0.692187 0.209054 -1.180040
v 0.657042 0.265274 -1.209529
v 0.658651 0.268491 -1.208179
v 0.658651 0.268491 -1.208179
v 0.657042 0.265274 -1.209529
v 0.375887 0.265274 -1.445446
v 0.374278 0.268491 -1.446797
v 0.315708 -0.104077 -1.495942
v 0.317720 -0.103936 -1.494255
v 0.340742 -0.204381 -1.474936
v 0.338731 -0.206955 -1.476624
v 0.474144 -0.260600 -1.562544
v 0.375887 -0.260600 -1.445446
v 0.340742 -0.204381 -1.474936
v 0.438999 -0.204381 -1.592034
v 0.790443 -0.204381 -1.297137
v 0.692187 -0.204381 -1.180039
v 0.657042 -0.260600 -1.209529
v 0.755299 -0.260600 -1.326627
v 0.340742 0.209055 -1.474936
v 0.438999 0.209055 -1.592034
v 0.415976 0.049310 -1.611353
v 0.317720 0.049310 -1.494255
v 0.692187 0.209054 -1.180040
v 0.790443 0.209054 -1.297137
v 0.755299 0.265274 -1.326627
v 0.657042 0.265274 -1.209529
v 0.224499 0.049310 -1.383159
v 0.222530 0.050474 -1.384812
v 0.315708 0.050498 -1.495942
v 0.317720 0.049310 -1.494255
v 0.338731 0.211628 -1.476624
v 0.340742 0.209055 -1.474936
v 0.247522 0.209055 -1.363840
v 0.245552 0.211575 -1.365493
v 0.438999 0.209055 -1.592034
v 0.340742 0.209055 -1.474936
v 0.375887 0.265274 -1.445446
v 0.474144 0.265274 -1.562544
v 0.282666 -0.260600 -1.334351
v 0.563822 -0.260600 -1.098433
v 0.389856 -0.263657 -0.888005
v 0.105643 -0.263656 -1.126487
v 0.888180 -0.200408 -1.741949
v 0.901525 -0.119256 -1.730751
v 0.790443 -0.204381 -1.297137
v 0.755299 -0.260600 -1.326627
v 0.817617 -0.171202 -1.801158
v 0.822420 -0.200408 -1.797128
v 0.474144 -0.260600 -1.562544
v 0.438999 -0.204381 -1.592034
v 0.822420 0.205082 -1.797128
v 0.818082 0.178704 -1.800768
v 0.438999 0.209055 -1.592034
v 0.474144 0.265274 -1.562544
v 0.901525 0.123930 -1.730751
v 0.888180 0.205082 -1.741949
v 0.755299 0.265274 -1.326627
v 0.790443 0.209054 -1.297137
v 0.755299 -0.260600 -1.326627
v 0.474144 -0.260600 -1.562544
v 0.822420 -0.200408 -1.797128
v 0.888180 -0.200408 -1.741949
v 0.474144 0.265274 -1.562544
v 0.755299 0.265274 -1.326627
v 0.888180 0.205082 -1.741949
v 0.822420 0.205082 -1.797128
v 0.415976 0.049310 -1.611353
v 0.812917 0.042461 -1.805102
v 0.415976 -0.103936 -1.611353
v 0.812917 -0.093249 -1.805102
v 0.059307 -0.521284 -2.569239
v 0.059307 -0.010230 -2.619536
v 0.059307 -0.010224 -2.704043
v 0.059307 -0.537764 -2.652123
v 0.059307 -1.012712 -2.420204
v 0.059307 -0.521284 -2.569239
v 0.059307 -0.537764 -2.652123
v 0.059307 -1.045046 -2.498280
v 0.059307 -1.465626 -2.178154
v 0.059307 -1.012712 -2.420204
v 0.059307 -1.045046 -2.498280
v 0.059307 -1.512571 -2.248421
v 0.059307 -1.862619 -1.852388
v 0.059307 -1.465626 -2.178154
v 0.059307 -1.512571 -2.248421
v 0.059307 -1.922371 -1.912146
v 0.059307 -2.188428 -1.455425
v 0.059307 -2.258691 -1.502378
v 0.059307 -2.430530 -1.002521
v 0.059307 -2.508603 -1.034862
v 0.059307 -2.579618 -0.511083
v 0.059307 -2.662501 -0.527570
v 0.059307 -2.629959 0.000000
v 0.059307 -2.579618 -0.511083
v 0.059307 -2.662501 -0.527570
v 0.059307 -2.714465 0.000000
v 0.059307 -2.579618 0.511083
v 0.059307 -2.629959 0.000000
v 0.059307 -2.714465 0.000000
v 0.059307 -2.662501 0.527571
v 0.059307 -2.430530 1.002521
v 0.059307 -2.579618 0.511083
v 0.059307 -2.662501 0.527571
v 0.059307 -2.508603 1.034863
v 0.059307 -2.188428 1.455426
v 0.059307 -2.258691 1.502378
v 0.059307 -1.862619 1.852388
v 0.059307 -2.188428 1.455426
v 0.059307 -2.258691 1.502378
v 0.059307 -1.922371 1.912147
v 0.059307 -1.465626 2.178154
v 0.059307 -1.862619 1.852388
v 0.059307 -1.922371 1.912147
v 0.059307 -1.512571 2.248421
v 0.059307 -1.012712 2.420204
v 0.059307 -1.465626 2.178154
v 0.059307 -1.512571 2.248421
v 0.059307 -1.045046 2.498280
v 0.059307 -0.521284 2.569240
v 0.059307 -0.537764 2.652124
v 0.059307 -0.010230 2.619536
v 0.059307 -0.521284 2.569240
v 0.059307 -0.537764 2.652124
v 0.059307 -0.010224 2.704043
v 0.059307 0.500808 2.569166
v 0.059307 -0.010230 2.619536
v 0.059307 -0.010224 2.704043
v 0.059307 0.517301 2.652048
v 0.059307 0.992195 2.420068
v 0.059307 1.024539 2.498140
v 0.059307 1.445047 2.177976
v 0.059307 0.992195 2.420068
v 0.059307 1.024539 2.498140
v 0.059307 1.492000 2.248238
v 0.059307 1.841965 1.852196
v 0.059307 1.445047 2.177976
v 0.059307 1.492000 2.248238
v 0.059307 1.901723 1.911948
v 0.059307 2.167701 1.455248
v 0.059307 1.841965 1.852196
v 0.059307 1.901723 1.911948
v 0.059307 2.237968 1.502194
v 0.059307 2.409741 1.002385
v 0.059307 2.167701 1.455248
v 0.059307 2.237968 1.502194
v 0.059307 2.487816 1.034722
v 0.059307 2.558787 0.511010
v 0.059307 2.409741 1.002385
v 0.059307 2.487816 1.034722
v 0.059307 2.641670 0.527495
v 0.059307 2.609113 0.000000
v 0.059307 2.693620 0.000000
v 0.059307 2.558787 -0.511009
v 0.059307 2.609113 0.000000
v 0.059307 2.693620 0.000000
v 0.059307 2.641670 -0.527494
v 0.059307 2.409741 -1.002385
v 0.059307 2.558787 -0.511009
v 0.059307 2.641670 -0.527494
v 0.059307 2.487816 -1.034722
v 0.059307 2.167701 -1.455247
v 0.059307 2.237968 -1.502194
v 0.059307 1.841965 -1.852195
v 0.059307 1.901723 -1.911947
v 0.059307 1.445047 -2.177976
v 0.059307 1.841965 -1.852195
v 0.059307 1.901723 -1.911947
v 0.059307 1.492000 -2.248238
v 0.059307 0.992195 -2.420068
v 0.059307 1.445047 -2.177976
v 0.059307 1.492000 -2.248238
v 0.059307 1.024539 -2.498139
v 0.059307 0.500808 -2.569165
v 0.059307 0.517301 -2.652047
v 0.059307 -0.010230 -2.619536
v 0.059307 -0.010224 -2.704043
v 0.059307 -0.009619 -2.371571
v 0.059307 -0.472282 -2.325962
v 0.059307 -0.455788 -2.243080
v 0.059307 -0.009612 -2.287065
v 0.059307 -0.472282 -2.325962
v 0.059307 -0.917150 -2.190973
v 0.059307 -0.884804 -2.112902
v 0.059307 -0.455788 -2.243080
v 0.059307 -0.917150 -2.190973
v 0.059307 -1.327129 -1.971794
v 0.059307 -1.280175 -1.901533
v 0.059307 -0.884804 -2.112902
v 0.059307 -1.686469 -1.676851
v 0.059307 -1.626711 -1.617099
v 0.059307 -1.981365 -1.317479
v 0.059307 -1.911098 -1.270533
v 0.059307 -2.200488 -0.907488
v 0.059307 -2.122413 -0.875151
v 0.059307 -2.335422 -0.462631
v 0.059307 -2.252539 -0.446146
v 0.059307 -2.380983 0.000000
v 0.059307 -2.296477 0.000000
v 0.059307 -2.380983 0.000000
v 0.059307 -2.335422 0.462631
v 0.059307 -2.252539 0.446146
v 0.059307 -2.296477 0.000000
v 0.059307 -2.335422 0.462631
v 0.059307 -2.200488 0.907488
v 0.059307 -2.122413 0.875152
v 0.059307 -2.252539 0.446146
v 0.059307 -1.981365 1.317479
v 0.059307 -1.911098 1.270533
v 0.059307 -1.686469 1.676851
v 0.059307 -1.626711 1.617099
v 0.059307 -1.686469 1.676851
v 0.059307 -1.327129 1.971794
v 0.059307 -1.280175 1.901533
v 0.059307 -1.626711 1.617099
v 0.059307 -1.327129 1.971794
v 0.059307 -0.917149 2.190972
v 0.059307 -0.884804 2.112901
v 0.059307 -1.280175 1.901533
v 0.059307 -0.917149 2.190972
v 0.059307 -0.472282 2.325962
v 0.059307 -0.455788 2.243081
v 0.059307 -0.884804 2.112901
v 0.059307 -0.472282 2.325962
v 0.059307 -0.009619 2.371571
v 0.059307 -0.009612 2.287065
v 0.059307 -0.455788 2.243081
v 0.059307 -0.009619 2.371571
v 0.059307 0.453059 2.326041
v 0.059307 0.436580 2.243157
v 0.059307 -0.009612 2.287065
v 0.059307 0.453059 2.326041
v 0.059307 0.897972 2.191118
v 0.059307 0.865639 2.113042
v 0.059307 0.436580 2.243157
v 0.059307 1.308018 1.971984
v 0.059307 1.261074 1.901716
v 0.059307 1.667437 1.677057
v 0.059307 1.607686 1.617298
v 0.059307 1.962412 1.317670
v 0.059307 1.892150 1.270717
v 0.059307 1.962412 1.317670
v 0.059307 2.181602 0.907634
v 0.059307 2.103529 0.875292
v 0.059307 1.892150 1.270717
v 0.059307 2.181602 0.907634
v 0.059307 2.316580 0.462710
v 0.059307 2.233698 0.446222
v 0.059307 2.103529 0.875292
v 0.059307 2.316580 0.462710
v 0.059307 2.362158 0.000000
v 0.059307 2.277651 0.000000
v 0.059307 2.233698 0.446222
v 0.059307 2.362158 0.000000
v 0.059307 2.316580 -0.462710
v 0.059307 2.233698 -0.446222
v 0.059307 2.277651 0.000000
v 0.059307 2.316580 -0.462710
v 0.059307 2.181602 -0.907633
v 0.059307 2.103529 -0.875292
v 0.059307 2.233698 -0.446222
v 0.059307 2.181602 -0.907633
v 0.059307 1.962412 -1.317669
v 0.059307 1.892150 -1.270717
v 0.059307 2.103529 -0.875292
v 0.059307 1.962412 -1.317669
v 0.059307 1.667437 -1.677057
v 0.059307 1.607686 -1.617298
v 0.059307 1.892150 -1.270717
v 0.059307 1.667437 -1.677057
v 0.059307 1.308018 -1.971984
v 0.059307 1.261074 -1.901716
v 0.059307 1.607686 -1.617298
v 0.059307 1.308018 -1.971984
v 0.059307 0.897972 -2.191118
v 0.059307 0.865639 -2.113042
v 0.059307 1.261074 -1.901716
v 0.059307 0.897972 -2.191118
v 0.059307 0.453059 -2.326041
v 0.059307 0.436580 -2.243157
v 0.059307 0.865639 -2.113042
v 0.059307 0.453059 -2.326041
v 0.059307 -0.009619 -2.371571
v 0.059307 -0.009612 -2.287065
v 0.059307 0.436580 -2.243157
v 0.059307 2.316580 -0.462710
v 0.059307 2.362158 0.000000
v 0.115876 2.362158 0.000000
v 0.115876 2.316580 -0.462710
v 0.059307 0.992195 -2.420068
v 0.059307 0.500808 -2.569165
v 0.115876 0.500808 -2.569165
v 0.115876 0.992195 -2.420068
v 0.059307 -1.862619 -1.852388
v 0.059307 -2.188428 -1.455425
v 0.115875 -2.188428 -1.455425
v 0.115875 -1.862619 -1.852388
v 0.059307 2.181602 -0.907633
v 0.059307 2.316580 -0.462710
v 0.115876 2.316580 -0.462710
v 0.115876 2.181602 -0.907633
v 0.059307 0.500808 -2.569165
v 0.059307 -0.010230 -2.619536
v 0.115876 -0.010230 -2.619536
v 0.115876 0.500808 -2.569165
v 0.059307 -2.188428 -1.455425
v 0.059307 -2.430530 -1.002521
v 0.115875 -2.430530 -1.002521
v 0.115875 -2.188428 -1.455425
v 0.059307 1.962412 -1.317669
v 0.059307 2.181602 -0.907633
v 0.115876 2.181602 -0.907633
v 0.115876 1.962412 -1.317669
v 0.059307 -0.472282 -2.325962
v 0.059307 -0.009619 -2.371571
v 0.115876 -0.009619 -2.371571
v 0.115876 -0.472282 -2.325962
v 0.059307 -2.430530 -1.002521
v 0.059307 -2.579618 -0.511083
v 0.115875 -2.579618 -0.511083
v 0.115875 -2.430530 -1.002521
v 0.059307 1.667437 -1.677057
v 0.059307 1.962412 -1.317669
v 0.115876 1.962412 -1.317669
v 0.115876 1.667437 -1.677057
v 0.059307 -0.917150 -2.190973
v 0.059307 -0.472282 -2.325962
v 0.115876 -0.472282 -2.325962
v 0.115876 -0.917150 -2.190973
v 0.059307 -2.579618 -0.511083
v 0.059307 -2.629959 0.000000
v 0.115875 -2.629959 0.000000
v 0.115875 -2.579618 -0.511083
v 0.059307 1.308018 -1.971984
v 0.059307 1.667437 -1.677057
v 0.115876 1.667437 -1.677057
v 0.115876 1.308018 -1.971984
v 0.059307 -1.327129 -1.971794
v 0.059307 -0.917150 -2.190973
v 0.115876 -0.917150 -2.190973
v 0.115876 -1.327129 -1.971794
v 0.059307 -2.629959 0.000000
v 0.059307 -2.579618 0.511083
v 0.115875 -2.579618 0.511083
v 0.115875 -2.629959 0.000000
v 0.059307 0.897972 -2.191118
v 0.059307 1.308018 -1.971984
v 0.115876 1.308018 -1.971984
v 0.115876 0.897972 -2.191118
v 0.059307 -1.686469 -1.676851
v 0.059307 -1.327129 -1.971794
v 0.115876 -1.327129 -1.971794
v 0.115875 -1.686469 -1.676851
v 0.059307 -2.579618 0.511083
v 0.059307 -2.430530 1.002521
v 0.115875 -2.430530 1.002521
v 0.115875 -2.579618 0.511083
v 0.059307 0.453059 -2.326041
v 0.059307 0.897972 -2.191118
v 0.115876 0.897972 -2.191118
v 0.115876 0.453059 -2.326041
v 0.059307 -1.981365 -1.317479
v 0.059307 -1.686469 -1.676851
v 0.115875 -1.686469 -1.676851
v 0.115875 -1.981365 -1.317479
v 0.059307 -2.430530 1.002521
v 0.059307 -2.188428 1.455426
v 0.115875 -2.188428 1.455426
v 0.115875 -2.430530 1.002521
v 0.059307 -0.009619 -2.371571
v 0.059307 0.453059 -2.326041
v 0.115876 0.453059 -2.326041
v 0.115876 -0.009619 -2.371571
v 0.059307 -2.200488 -0.907488
v 0.059307 -1.981365 -1.317479
v 0.115875 -1.981365 -1.317479
v 0.115875 -2.200488 -0.907488
v 0.059307 -2.188428 1.455426
v 0.059307 -1.862619 1.852388
v 0.115875 -1.862619 1.852388
v 0.115875 -2.188428 1.455426
v 0.059307 -2.335422 -0.462631
v 0.059307 -2.200488 -0.907488
v 0.115875 -2.200488 -0.907488
v 0.115875 -2.335422 -0.462631
v 0.059307 -1.862619 1.852388
v 0.059307 -1.465626 2.178154
v 0.115876 -1.465626 2.178154
v 0.115875 -1.862619 1.852388
v 0.059307 -2.380983 0.000000
v 0.059307 -2.335422 -0.462631
v 0.115875 -2.335422 -0.462631
v 0.115875 -2.380983 0.000000
v 0.059307 -1.465626 2.178154
v 0.059307 -1.012712 2.420204
v 0.115876 -1.012712 2.420204
v 0.115876 -1.465626 2.178154
v 0.059307 -2.335422 0.462631
v 0.059307 -2.380983 0.000000
v 0.115875 -2.380983 0.000000
v 0.115875 -2.335422 0.462631
v 0.059307 -1.012712 2.420204
v 0.059307 -0.521284 2.569240
v 0.115876 -0.521284 2.569240
v 0.115876 -1.012712 2.420204
v 0.059307 -2.200488 0.907488
v 0.059307 -2.335422 0.462631
v 0.115875 -2.335422 0.462631
v 0.115875 -2.200488 0.907488
v 0.059307 -0.521284 2.569240
v 0.059307 -0.010230 2.619536
v 0.115876 -0.010230 2.619536
v 0.115876 -0.521284 2.569240
v 0.770184 -0.355564 -1.753266
v 0.770184 -0.009981 -1.787277
v 0.770184 -0.009976 -1.857121
v 0.770184 -0.369185 -1.821768
v 0.770184 -0.687875 -1.652486
v 0.770184 -0.355564 -1.753266
v 0.770184 -0.369185 -1.821768
v 0.770184 -0.714598 -1.717014
v 0.770184 -0.994142 -1.488808
v 0.770184 -0.687875 -1.652486
v 0.770184 -0.714598 -1.717014
v 0.770184 -1.032942 -1.546883
v 0.770184 -1.262595 -1.268520
v 0.770184 -0.994142 -1.488808
v 0.770184 -1.032942 -1.546883
v 0.770184 -1.311979 -1.317909
v 0.770184 -1.482912 -1.000087
v 0.770184 -1.262595 -1.268520
v 0.770184 -1.311979 -1.317909
v 0.770184 -1.540984 -1.038893
v 0.770184 -1.646626 -0.693826
v 0.770184 -1.711152 -0.720556
v 0.770184 -1.747441 -0.361508
v 0.770184 -1.815942 -0.375135
v 0.770184 -1.781482 -0.015906
v 0.770184 -1.851326 -0.015906
v 0.770184 -1.747441 0.329696
v 0.770184 -1.781482 -0.015906
v 0.770184 -1.851326 -0.015906
v 0.770184 -1.815942 0.343323
v 0.770184 -1.646626 0.662014
v 0.770184 -1.747441 0.329696
v 0.770184 -1.815942 0.343323
v 0.770184 -1.711152 0.688744
v 0.770184 -1.482912 0.968275
v 0.770184 -1.646626 0.662014
v 0.770184 -1.711152 0.688744
v 0.770184 -1.540983 1.007081
v 0.770184 -1.262595 1.236708
v 0.770184 -1.482912 0.968275
v 0.770184 -1.540983 1.007081
v 0.770184 -1.311979 1.286097
v 0.770184 -0.994142 1.456995
v 0.770184 -1.262595 1.236708
v 0.770184 -1.311979 1.286097
v 0.770184 -1.032942 1.515071
v 0.770184 -0.687875 1.620674
v 0.770184 -0.994142 1.456995
v 0.770184 -1.032942 1.515071
v 0.770184 -0.714598 1.685202
v 0.770184 -0.355564 1.721454
v 0.770184 -0.687875 1.620674
v 0.770184 -0.714598 1.685202
v 0.770184 -0.369185 1.789956
v 0.770184 -0.009981 1.755465
v 0.770184 -0.009976 1.825309
v 0.770184 0.335591 1.721404
v 0.770184 0.349222 1.789905
v 0.770184 0.667874 1.620582
v 0.770184 0.335591 1.721404
v 0.770184 0.349222 1.789905
v 0.770184 0.694606 1.685107
v 0.770184 0.974100 1.456875
v 0.770184 0.667874 1.620582
v 0.770184 0.694606 1.685107
v 0.770184 1.012906 1.514946
v 0.770184 1.242502 1.236577
v 0.770184 1.291891 1.285962
v 0.770184 1.462770 0.968155
v 0.770184 1.520844 1.006956
v 0.770184 1.626441 0.661922
v 0.770184 1.690969 0.688648
v 0.770184 1.727228 0.329646
v 0.770184 1.795730 0.343271
v 0.770184 1.761260 -0.015906
v 0.770184 1.727228 0.329646
v 0.770184 1.795730 0.343271
v 0.770184 1.831103 -0.015906
v 0.770184 1.727228 -0.361458
v 0.770184 1.761260 -0.015906
v 0.770184 1.831103 -0.015906
v 0.770184 1.795730 -0.375083
v 0.770184 1.626441 -0.693734
v 0.770184 1.690969 -0.720460
v 0.770184 1.462770 -0.999967
v 0.770184 1.520844 -1.038768
v 0.770184 1.242502 -1.268389
v 0.770184 1.291891 -1.317774
v 0.770184 0.974100 -1.488687
v 0.770184 1.012906 -1.546758
v 0.770184 0.667874 -1.652394
v 0.770184 0.694606 -1.716919
v 0.770184 0.335591 -1.753216
v 0.770184 0.667874 -1.652394
v 0.770184 0.694606 -1.716919
v 0.770184 0.349222 -1.821716
v 0.770184 -0.009981 -1.787277
v 0.770184 0.335591 -1.753216
v 0.770184 0.349222 -1.821716
v 0.770184 -0.009976 -1.857121
v 0.770184 -0.009565 -1.643039
v 0.770184 -0.326997 -1.611746
v 0.770184 -0.313366 -1.543246
v 0.770184 -0.009559 -1.573195
v 0.770184 -0.632221 -1.519131
v 0.770184 -0.605488 -1.454606
v 0.770184 -0.632221 -1.519131
v 0.770184 -0.913508 -1.368752
v 0.770184 -0.874700 -1.310682
v 0.770184 -0.605488 -1.454606
v 0.770184 -0.913508 -1.368752
v 0.770184 -1.160051 -1.166392
v 0.770184 -1.110661 -1.117008
v 0.770184 -0.874700 -1.310682
v 0.770184 -1.160051 -1.166392
v 0.770184 -1.362378 -0.919827
v 0.770184 -1.304304 -0.881027
v 0.770184 -1.110661 -1.117008
v 0.770184 -1.512718 -0.638533
v 0.770184 -1.448191 -0.611807
v 0.770184 -1.512718 -0.638533
v 0.770184 -1.605296 -0.333317
v 0.770184 -1.536795 -0.319692
v 0.770184 -1.448191 -0.611807
v 0.770184 -1.605296 -0.333317
v 0.770184 -1.636556 -0.015906
v 0.770184 -1.566712 -0.015906
v 0.770184 -1.536795 -0.319692
v 0.770184 -1.636556 -0.015906
v 0.770184 -1.605296 0.301505
v 0.770184 -1.536795 0.287880
v 0.770184 -1.566712 -0.015906
v 0.770184 -1.512718 0.606721
v 0.770184 -1.448191 0.579995
v 0.770184 -1.512718 0.606721
v 0.770184 -1.362378 0.888015
v 0.770184 -1.304304 0.849215
v 0.770184 -1.448191 0.579995
v 0.770184 -1.362378 0.888015
v 0.770184 -1.160051 1.134580
v 0.770184 -1.110661 1.085196
v 0.770184 -1.304304 0.849215
v 0.770184 -0.913508 1.336940
v 0.770184 -0.874700 1.278870
v 0.770184 -0.632221 1.487318
v 0.770184 -0.605488 1.422793
v 0.770184 -0.326998 1.579935
v 0.770184 -0.313366 1.511434
v 0.770184 -0.009565 1.611227
v 0.770184 -0.009559 1.541383
v 0.770184 0.307878 1.579989
v 0.770184 0.294258 1.511486
v 0.770184 0.307878 1.579989
v 0.770184 0.613132 1.487418
v 0.770184 0.586409 1.422889
v 0.770184 0.294258 1.511486
v 0.770184 0.613132 1.487418
v 0.770184 0.894465 1.337070
v 0.770184 0.855666 1.278995
v 0.770184 0.586409 1.422889
v 0.770184 1.141062 1.134721
v 0.770184 1.091678 1.085331
v 0.770184 1.141062 1.134721
v 0.770184 1.343444 0.888146
v 0.770184 1.285373 0.849340
v 0.770184 1.091678 1.085331
v 0.770184 1.343444 0.888146
v 0.770184 1.493830 0.606821
v 0.770184 1.429304 0.580091
v 0.770184 1.285373 0.849340
v 0.770184 1.586438 0.301559
v 0.770184 1.517937 0.287932
v 0.770184 1.586438 0.301559
v 0.770184 1.617709 -0.015906
v 0.770184 1.547865 -0.015906
v 0.770184 1.517937 0.287932
v 0.770184 1.617709 -0.015906
v 0.770184 1.586438 -0.333371
v 0.770184 1.517937 -0.319744
v 0.770184 1.547865 -0.015906
v 0.770184 1.586438 -0.333371
v 0.770184 1.493830 -0.638633
v 0.770184 1.429304 -0.611903
v 0.770184 1.517937 -0.319744
v 0.770184 1.493830 -0.638633
v 0.770184 1.343444 -0.919958
v 0.770184 1.285373 -0.881152
v 0.770184 1.429304 -0.611903
v 0.770184 1.343444 -0.919958
v 0.770184 1.141062 -1.166533
v 0.770184 1.091678 -1.117143
v 0.770184 1.285373 -0.881152
v 0.770184 1.141062 -1.166533
v 0.770184 0.894464 -1.368883
v 0.770184 0.855666 -1.310807
v 0.770184 1.091678 -1.117143
v 0.770184 0.613132 -1.519230
v 0.770184 0.586409 -1.454701
v 0.770184 0.613132 -1.519230
v 0.770184 0.307878 -1.611800
v 0.770184 0.294258 -1.543298
v 0.770184 0.586409 -1.454701
v 0.770184 0.307878 -1.611800
v 0.770184 0.294258 -1.543298
v 0.770184 -1.482912 -1.000087
v 0.770184 -1.646626 -0.693826
v 0.831026 -1.646626 -0.693826
v 0.831027 -1.482912 -1.000087
v 0.770184 1.343444 -0.919958
v 0.770184 1.493830 -0.638633
v 0.831027 1.493830 -0.638633
v 0.831027 1.343444 -0.919958
v 0.770184 -0.326997 -1.611746
v 0.770184 -0.009565 -1.643039
v 0.831027 -0.009565 -1.643039
v 0.831027 -0.326997 -1.611746
v 0.770184 -1.646626 -0.693826
v 0.770184 -1.747441 -0.361508
v 0.831026 -1.747441 -0.361508
v 0.831026 -1.646626 -0.693826
v 0.770184 1.141062 -1.166533
v 0.770184 1.343444 -0.919958
v 0.831027 1.343444 -0.919958
v 0.831027 1.141062 -1.166533
v 0.770184 -0.632221 -1.519131
v 0.770184 -0.326997 -1.611746
v 0.831027 -0.326997 -1.611746
v 0.831027 -0.632221 -1.519131
v 0.770184 -1.747441 -0.361508
v 0.770184 -1.781482 -0.015906
v 0.831026 -1.781482 -0.015906
v 0.831026 -1.747441 -0.361508
v 0.770184 0.894464 -1.368883
v 0.770184 1.141062 -1.166533
v 0.831027 1.141062 -1.166533
v 0.831027 0.894464 -1.368883
v 0.770184 -0.913508 -1.368752
v 0.770184 -0.632221 -1.519131
v 0.831027 -0.632221 -1.519131
v 0.831027 -0.913508 -1.368752
v 0.770184 -1.781482 -0.015906
v 0.770184 -1.747441 0.329696
v 0.831026 -1.747441 0.329696
v 0.831026 -1.781482 -0.015906
v 0.770184 0.613132 -1.519230
v 0.770184 0.894464 -1.368883
v 0.831027 0.894464 -1.368883
v 0.831027 0.613132 -1.519230
v 0.770184 -1.160051 -1.166392
v 0.770184 -0.913508 -1.368752
v 0.831027 -0.913508 -1.368752
v 0.831027 -1.160051 -1.166392
v 0.770184 -1.747441 0.329696
v 0.770184 -1.646626 0.662014
v 0.831026 -1.646626 0.662014
v 0.831026 -1.747441 0.329696
v 0.770184 0.307878 -1.611800
v 0.770184 0.613132 -1.519230
v 0.831027 0.613132 -1.519230
v 0.831027 0.307878 -1.611800
v 0.770184 -1.362378 -0.919827
v 0.770184 -1.160051 -1.166392
v 0.831027 -1.160051 -1.166392
v 0.831027 -1.362378 -0.919827
v 0.770184 -1.646626 0.662014
v 0.770184 -1.482912 0.968275
v 0.831027 -1.482912 0.968275
v 0.831026 -1.646626 0.662014
v 0.770184 -0.009565 -1.643039
v 0.770184 0.307878 -1.611800
v 0.831027 0.307878 -1.611800
v 0.831027 -0.009565 -1.643039
v 0.770184 -1.512718 -0.638533
v 0.770184 -1.362378 -0.919827
v 0.831027 -1.362378 -0.919827
v 0.831027 -1.512718 -0.638533
v 0.770184 -1.482912 0.968275
v 0.770184 -1.262595 1.236708
v 0.831027 -1.262595 1.236708
v 0.831027 -1.482912 0.968275
v 0.770184 -1.605296 -0.333317
v 0.770184 -1.512718 -0.638533
v 0.831027 -1.512718 -0.638533
v 0.831026 -1.605296 -0.333317
v 0.770184 -1.262595 1.236708
v 0.770184 -0.994142 1.456995
v 0.831027 -0.994142 1.456995
v 0.831027 -1.262595 1.236708
v 0.770184 -1.636556 -0.015906
v 0.770184 -1.605296 -0.333317
v 0.831026 -1.605296 -0.333317
v 0.831026 -1.636556 -0.015906
v 0.770184 -0.994142 1.456995
v 0.770184 -0.687875 1.620674
v 0.831027 -0.687875 1.620674
v 0.831027 -0.994142 1.456995
v 0.770184 -1.605296 0.301505
v 0.770184 -1.636556 -0.015906
v 0.831026 -1.636556 -0.015906
v 0.831026 -1.605296 0.301505
v 0.770184 -0.687875 1.620674
v 0.770184 -0.355564 1.721454
v 0.831027 -0.355564 1.721454
v 0.831027 -0.687875 1.620674
v 0.770184 -1.512718 0.606721
v 0.770184 -1.605296 0.301505
v 0.831026 -1.605296 0.301505
v 0.831027 -1.512718 0.606721
v 0.770184 -0.355564 1.721454
v 0.770184 -0.009981 1.755465
v 0.831027 -0.009981 1.755465
v 0.831027 -0.355564 1.721454
v 0.770184 -1.362378 0.888015
v 0.770184 -1.512718 0.606721
v 0.831027 -1.512718 0.606721
v 0.831027 -1.362378 0.888015
v 0.770184 -0.009981 1.755465
v 0.770184 0.335591 1.721404
v 0.831027 0.335591 1.721404
v 0.831027 -0.009981 1.755465
v 0.770184 -1.160051 1.134580
v 0.770184 -1.362378 0.888015
v 0.831027 -1.362378 0.888015
v 0.831027 -1.160051 1.134580
v 0.770184 0.335591 1.721404
v 0.770184 0.667874 1.620582
v 0.831027 0.667874 1.620582
v 0.831027 0.335591 1.721404
v 0.770184 -0.913508 1.336940
v 0.770184 -1.160051 1.134580
v 0.831027 -1.160051 1.134580
v 0.831027 -0.913508 1.336940
v -0.200067 -0.531204 0.789131
v -0.194655 -0.531204 0.799284
v -0.185713 -0.468001 0.816057
v -0.185672 -0.413898 0.816136
v -0.194541 -0.350167 0.799498
v -0.200067 -0.350167 0.789131
v -0.200067 0.383538 0.789131
v -0.194702 0.383538 0.799195
v -0.185774 0.446459 0.815944
v -0.185816 0.500379 0.815865
v -0.194817 0.562774 0.798979
v -0.230137 0.613930 0.735270
v -1.044369 0.593831 0.716096
v -1.092976 0.483090 0.798979
v -1.101977 0.420695 0.815865
v -1.102020 0.366775 0.815944
v -1.093092 0.303854 0.799195
v -1.087727 0.303854 0.789131
v -1.087727 -0.288871 0.789131
v -1.093253 -0.288871 0.799498
v -1.102122 -0.352603 0.816136
v -1.102080 -0.406705 0.816058
v -1.087727 -0.469908 0.789131
v -1.041990 -0.566548 0.711073
v -0.234913 -0.583052 0.726179
v -0.953779 -0.681735 -0.382647
v -0.746308 -0.681735 -0.382647
v -0.479747 -0.681735 -0.382647
v -0.375423 -0.681735 -0.382647
v -0.295647 -0.681735 -0.258386
v -0.295647 -0.681735 0.263841
v -0.375423 -0.681735 0.388102
v -0.953779 -0.681735 0.388102
v -0.931500 -0.681735 0.384037
v -0.931500 -0.681735 -0.378581
v -0.267230 0.676612 0.275117
v -0.267230 0.676612 -0.260359
v -0.348069 0.676612 -0.386276
v -0.456412 0.676612 -0.386276
v -0.725170 0.676612 -0.386276
v -0.934931 0.676613 -0.386276
v -0.938604 0.676613 -0.380554
v -0.938604 0.676612 0.395312
v -0.934931 0.676612 0.401034
v -0.348069 0.676612 0.401034
vn 0.7114 0.5225 -0.4700
vn -0.0374 -0.4932 -0.8691
vn -0.0197 -0.5051 -0.8628
vn -0.0176 -0.5066 -0.8620
vn 0.0330 -0.5082 -0.8606
vn 0.0262 -0.5103 -0.8596
vn 0.0595 -0.4997 -0.8642
vn 0.0595 -0.4997 -0.8641
vn 0.8322 -0.0000 0.5545
vn -0.0000 -1.0000 -0.0000
vn 0.8322 -0.0000 -0.5545
vn -0.0000 1.0000 -0.0000
vn -0.8322 -0.0000 -0.5545
vn -0.0000 -0.0000 -1.0000
vn -0.6896 -0.5628 -0.4557
vn 0.6966 -0.5503 -0.4605
vn -0.8322 -0.0000 0.5545
vn 0.8044 -0.2561 0.5360
vn 0.8248 -0.1329 0.5496
vn 0.8258 -0.1240 0.5502
vn 0.8252 0.1293 0.5498
vn 0.8261 0.1207 0.5505
vn 0.8053 0.2522 0.5366
vn 0.0437 -0.0000 -0.9990
vn 0.0872 -0.0000 -0.9962
vn 0.8043 -0.2568 0.5359
vn 0.8249 -0.1318 0.5497
vn 0.8259 -0.1228 0.5503
vn 0.8245 0.1354 0.5494
vn 0.8255 0.1261 0.5501
vn 0.8034 0.2608 0.5353
vn -0.0275 -0.0000 -0.9996
vn -0.0550 -0.0000 -0.9985
vn 0.5225 -0.7794 0.3458
vn 0.5225 -0.7793 0.3458
vn 0.5142 0.7873 0.3403
vn 0.0320 0.4809 -0.8762
vn -0.0196 0.4782 -0.8781
vn -0.0175 0.4795 -0.8774
vn 0.0258 0.4829 -0.8753
vn 0.0582 0.4724 -0.8794
vn 0.0321 0.4809 -0.8762
vn -0.7051 0.5348 -0.4657
vn -0.8077 0.5287 -0.2610
vn -0.8219 0.5245 -0.2220
vn -0.8078 0.5286 -0.2609
vn -0.7636 0.5847 0.2739
vn -0.8104 0.5568 0.1822
vn -0.8220 0.5245 -0.2219
vn -0.6558 0.6184 0.4331
vn -0.6558 0.6184 0.4330
vn -0.8104 0.5568 0.1823
vn -0.0195 0.4782 -0.8781
vn -0.0371 0.4665 -0.8837
vn -0.8581 -0.5135 -0.0000
vn -0.4849 -0.8589 -0.1652
vn -0.2096 -0.8955 -0.3926
vn -0.2277 -0.8947 -0.3842
vn -0.5043 -0.8544 -0.1254
vn 0.2207 -0.8913 -0.3962
vn 0.4352 -0.8544 -0.2838
vn 0.4349 -0.8546 -0.2838
vn 0.2405 -0.8901 -0.3871
vn 0.3045 -0.9314 0.1994
vn 0.1313 -0.9445 0.3012
vn 0.1565 -0.9450 0.2873
vn 0.3045 -0.9314 0.1995
vn -0.4586 -0.8739 0.1614
vn -0.4960 -0.8620 0.1047
vn -0.1879 -0.9260 0.3275
vn -0.2172 -0.9228 0.3182
vn 0.0113 -0.8827 -0.4698
vn 0.0100 -0.8832 -0.4690
vn -0.0048 -0.8836 -0.4682
vn -0.0045 -0.8838 -0.4679
vn 0.1521 0.9455 0.2879
vn -0.2275 0.9175 0.3263
vn -0.1967 0.9213 0.3353
vn 0.1273 0.9447 0.3023
vn -0.5134 0.8512 0.1093
vn -0.5216 0.8433 -0.1296
vn -0.5018 0.8480 -0.1705
vn -0.4761 0.8634 0.1669
vn 0.4493 0.8440 -0.2928
vn 0.2265 0.8835 -0.4100
vn 0.2483 0.8823 -0.4000
vn 0.4493 0.8440 -0.2927
vn -0.2163 0.8877 -0.4064
vn -0.2362 0.8868 -0.3972
vn 0.2989 0.9340 0.1959
vn 0.2991 0.9339 0.1959
vn 0.0094 0.8748 -0.4845
vn 0.0104 0.8744 -0.4852
vn -0.0043 0.8754 -0.4834
vn -0.0046 0.8752 -0.4837
vn -0.6361 -0.6471 0.4203
vn -0.6361 -0.6472 0.4203
vn -0.6360 -0.6472 0.4202
vn -0.6361 -0.6472 0.4202
vn -0.0000 -0.1456 -0.9893
vn -1.0000 -0.0000 -0.0000
vn -0.8415 -0.0000 -0.5402
vn 1.0000 -0.0000 -0.0000
vn -0.8415 -0.0000 0.5402
vn 0.8415 -0.0000 -0.5402
vn -0.0000 -0.0000 1.0000
vn 0.8415 -0.0000 0.5402
vn -0.7720 -0.5965 -0.2197
vn -0.6912 -0.5704 -0.4437
vn -0.7681 -0.5958 -0.2346
vn -0.8050 -0.5592 0.1980
vn -0.7935 -0.5380 0.2845
vn -0.0000 0.1456 0.9893
vn 0.9984 -0.0565 -0.0000
vn 0.3821 -0.0072 -0.9241
vn 0.3820 -0.0071 -0.9241
vn 0.3820 -0.0072 -0.9241
vn 0.3694 0.2559 0.8933
vn 0.3693 0.2560 0.8934
vn -0.7418 -0.4721 0.4763
vn -0.0031 0.0980 -0.9952
vn 0.0148 -0.4713 -0.8818
vn 0.0199 -0.6343 -0.7729
vn 0.0242 -0.7728 -0.6342
vn 0.0277 -0.8816 -0.4712
vn 0.0300 -0.9565 -0.2902
vn 0.0312 -0.9947 -0.0980
vn 0.0312 -0.9947 0.0980
vn 0.0300 -0.9565 0.2902
vn 0.0277 -0.8816 0.4712
vn 0.0242 -0.7728 0.6342
vn 0.0199 -0.6343 0.7729
vn 0.0148 -0.4713 0.8818
vn 0.0091 -0.2903 0.9569
vn 0.0031 -0.0980 0.9952
vn -0.0031 0.0980 0.9952
vn -0.0091 0.2903 0.9569
vn -0.0148 0.4713 0.8818
vn -0.0199 0.6343 0.7729
vn -0.0242 0.7728 0.6342
vn -0.0277 0.8816 0.4712
vn -0.0300 0.9565 0.2902
vn -0.0312 0.9947 0.0980
vn -0.0312 0.9947 -0.0980
vn -0.0300 0.9565 -0.2902
vn -0.0277 0.8816 -0.4712
vn -0.0242 0.7728 -0.6342
vn -0.0199 0.6343 -0.7729
vn -0.0148 0.4713 -0.8818
vn -0.0091 0.2903 -0.9569
vn 0.0091 -0.2903 -0.9569
vn 0.0026 -0.0980 0.9952
vn -0.0124 0.4714 0.8819
vn -0.0167 0.6343 0.7729
vn -0.0203 0.7729 0.6343
vn -0.0232 0.8817 0.4713
vn -0.0251 0.9566 0.2902
vn -0.0261 0.9948 0.0980
vn -0.0261 0.9948 -0.0980
vn -0.0251 0.9566 -0.2902
vn -0.0232 0.8817 -0.4713
vn -0.0203 0.7729 -0.6343
vn -0.0167 0.6343 -0.7729
vn -0.0124 0.4714 -0.8819
vn -0.0076 0.2903 -0.9569
vn -0.0026 0.0980 -0.9952
vn -0.0000 0.6343 0.7730
vn 0.0026 -0.0980 -0.9952
vn 0.0076 -0.2903 -0.9569
vn 0.0124 -0.4714 -0.8819
vn 0.0167 -0.6343 -0.7729
vn 0.0203 -0.7729 -0.6343
vn 0.0232 -0.8817 -0.4713
vn 0.0251 -0.9566 -0.2902
vn 0.0261 -0.9948 -0.0980
vn 0.0261 -0.9948 0.0980
vn 0.0251 -0.9566 0.2902
vn 0.0232 -0.8817 0.4713
vn 0.0203 -0.7729 0.6343
vn 0.0167 -0.6343 0.7729
vn 0.0124 -0.4714 0.8819
vn 0.0076 -0.2903 0.9569
vn 0.0031 -0.0980 -0.9952
vn -0.0000 -0.4715 0.8819
vn -0.0076 0.2903 0.9569
vn -0.0000 0.9952 0.0980
vn -0.0000 0.4713 0.8820
vn -0.0000 -0.6344 0.7730
vn -0.0000 0.9569 0.2903
vn -0.0000 0.2902 0.9570
vn -0.0000 -0.7730 0.6344
vn -0.0000 0.8819 0.4714
vn -0.0000 0.0979 0.9952
vn -0.0000 -0.8819 0.4714
vn -0.0000 0.7730 0.6344
vn -0.0000 -0.9569 0.2903
vn -0.0000 0.6343 0.7731
vn -0.0000 -0.9952 0.0980
vn -0.0000 -0.9952 -0.0980
vn -0.0000 -0.9569 -0.2903
vn -0.0000 -0.8819 -0.4714
vn -0.0000 -0.0981 0.9952
vn -0.0000 -0.7730 -0.6344
vn -0.0000 -0.2904 0.9569
vn -0.0000 -0.6344 -0.7730
vn -0.0000 -0.4715 -0.8819
vn -0.0000 -0.2904 -0.9569
vn -0.0000 -0.0981 -0.9952
vn -0.7061 -0.0694 -0.7047
vn -0.7039 -0.2062 -0.6797
vn -0.7040 -0.2061 -0.6796
vn -0.7019 -0.3357 -0.6281
vn -0.7020 -0.3357 -0.6281
vn -0.7001 -0.4530 -0.5519
vn -0.7002 -0.4529 -0.5519
vn -0.6986 -0.5531 -0.4539
vn -0.6974 -0.6321 -0.3379
vn -0.6974 -0.6320 -0.3379
vn -0.6965 -0.6866 -0.2083
vn -0.6961 -0.7145 -0.0704
vn -0.6961 -0.7145 0.0704
vn -0.6965 -0.6866 0.2083
vn -0.6974 -0.6321 0.3378
vn -0.6974 -0.6321 0.3379
vn -0.6986 -0.5531 0.4539
vn -0.7002 -0.4529 0.5519
vn -0.7001 -0.4529 0.5520
vn -0.7020 -0.3357 0.6281
vn -0.7019 -0.3357 0.6282
vn -0.7040 -0.2062 0.6796
vn -0.7039 -0.2061 0.6797
vn -0.7061 -0.0694 0.7047
vn -0.7083 0.0692 0.7025
vn -0.7082 0.0693 0.7026
vn -0.7104 0.2043 0.6735
vn -0.7103 0.2044 0.6736
vn -0.7123 0.3309 0.6190
vn -0.7122 0.3309 0.6190
vn -0.7140 0.4441 0.5412
vn -0.7140 0.4442 0.5412
vn -0.7155 0.5400 0.4432
vn -0.7155 0.5401 0.4432
vn -0.7167 0.6151 0.3288
vn -0.7166 0.6151 0.3288
vn -0.7174 0.6666 0.2022
vn -0.7178 0.6929 0.0682
vn -0.7178 0.6929 -0.0682
vn -0.7174 0.6666 -0.2022
vn -0.7166 0.6151 -0.3288
vn -0.7167 0.6151 -0.3287
vn -0.7155 0.5401 -0.4432
vn -0.7155 0.5400 -0.4432
vn -0.7140 0.4442 -0.5412
vn -0.7122 0.3309 -0.6191
vn -0.7123 0.3309 -0.6190
vn -0.7103 0.2043 -0.6736
vn -0.7104 0.2044 -0.6735
vn -0.7082 0.0692 -0.7026
vn -0.7083 0.0692 -0.7025
vn -0.7080 0.0693 0.7028
vn -0.7081 0.0692 0.7027
vn -0.7099 0.2045 0.6740
vn -0.7099 0.2044 0.6740
vn -0.7116 0.3313 0.6196
vn -0.7116 0.3312 0.6196
vn -0.7131 0.4448 0.5419
vn -0.7131 0.4447 0.5419
vn -0.7144 0.5410 0.4439
vn -0.7144 0.5409 0.4439
vn -0.7154 0.6163 0.3294
vn -0.7154 0.6162 0.3294
vn -0.7161 0.6680 0.2026
vn -0.7164 0.6943 0.0684
vn -0.7164 0.6943 -0.0684
vn -0.7161 0.6680 -0.2026
vn -0.7154 0.6162 -0.3294
vn -0.7144 0.5409 -0.4439
vn -0.7131 0.4448 -0.5419
vn -0.7116 0.3312 -0.6196
vn -0.7115 0.3312 -0.6197
vn -0.7099 0.2045 -0.6739
vn -0.7099 0.2045 -0.6740
vn -0.7081 0.0693 -0.7027
vn -0.7080 0.0692 -0.7028
vn -0.7063 -0.0693 -0.7046
vn -0.7062 -0.0694 -0.7046
vn -0.7044 -0.2060 -0.6792
vn -0.7044 -0.2061 -0.6793
vn -0.7027 -0.3354 -0.6275
vn -0.7026 -0.3354 -0.6275
vn -0.7011 -0.4523 -0.5512
vn -0.7011 -0.4524 -0.5512
vn -0.6998 -0.5522 -0.4532
vn -0.6997 -0.5523 -0.4532
vn -0.6987 -0.6309 -0.3373
vn -0.6987 -0.6310 -0.3373
vn -0.6980 -0.6853 -0.2079
vn -0.6979 -0.6853 -0.2079
vn -0.6976 -0.7130 -0.0702
vn -0.6976 -0.7131 -0.0702
vn -0.6976 -0.7131 0.0702
vn -0.6979 -0.6853 0.2079
vn -0.6980 -0.6853 0.2079
vn -0.6987 -0.6310 0.3373
vn -0.6987 -0.6309 0.3372
vn -0.6997 -0.5522 0.4533
vn -0.6998 -0.5522 0.4532
vn -0.7011 -0.4524 0.5513
vn -0.7011 -0.4524 0.5512
vn -0.7026 -0.3354 0.6276
vn -0.7027 -0.3354 0.6275
vn -0.7044 -0.2060 0.6793
vn -0.7044 -0.2060 0.6792
vn -0.7062 -0.0693 0.7046
vn -0.7063 -0.0694 0.7045
vn -0.0026 0.0980 0.9952
vn -0.6603 0.3235 0.6778
vn -0.7633 0.0205 0.6458
vn -0.7633 0.0205 -0.6458
vn 0.7633 -0.0205 -0.6458
vn 0.6663 -0.3107 -0.6778
vn -0.4226 -0.9063 -0.0000
vn -0.6663 0.3107 -0.6779
vn -0.6663 0.3107 -0.6778
vn 0.4226 0.9063 -0.0000
vn -0.6663 0.3107 0.6778
vn 0.7633 -0.0205 0.6458
vn -0.9875 0.0265 -0.1556
vn -0.9893 0.0266 -0.1434
vn -0.9548 0.0257 -0.2962
vn 0.6663 -0.3107 0.6778
vn -0.8943 0.4170 -0.1623
vn -0.8586 0.4004 -0.3203
vn -0.8586 0.4004 -0.3202
vn -0.9948 0.0267 0.0986
vn -0.9953 0.0267 0.0935
vn -0.9013 0.4203 0.1045
vn -0.8865 0.4134 0.2079
vn -0.9812 0.0264 0.1914
vn 0.0049 0.0105 0.9999
vn 0.6722 -0.2978 -0.6778
vn -0.8817 0.4241 0.2069
vn -0.8816 0.4242 0.2071
vn -0.8965 0.4307 0.1040
vn -0.8966 0.4304 0.1039
vn -0.6603 0.3235 -0.6778
vn 0.6722 -0.2978 0.6778
vn -0.8897 0.4274 -0.1605
vn -0.8897 0.4274 -0.1607
vn -0.8546 0.4114 -0.3170
vn -0.4226 -0.9063 -0.0001
vn -0.4226 -0.9063 0.0001
vn 0.4226 0.9063 -0.0001
vn 0.0049 0.0105 -0.9999
vn 0.9328 0.0225 -0.3596
vn 0.9328 0.0225 -0.3597
vn -0.6466 0.6771 -0.3513
vn -0.6009 0.6134 -0.5124
vn -0.6009 0.6134 -0.5125
vn -0.6487 0.6803 -0.3411
vn -0.5962 0.6088 0.5234
vn -0.6548 0.6835 0.3225
vn -0.6571 0.6865 0.3113
vn -0.5962 0.6087 0.5234
vn 0.9328 0.0225 0.3596
vn 0.9328 0.0225 0.3597
vn 0.0453 0.0971 -0.9942
vn 0.0453 0.0971 0.9942
vn -0.6765 0.7342 0.0563
vn -0.6766 0.7341 0.0571
vn -0.6736 0.7335 -0.0909
vn -0.6736 0.7332 -0.0930
vn -0.6603 -0.3235 0.6778
vn -0.7369 -0.1248 0.6644
vn -0.7369 -0.1248 -0.6644
vn 0.7369 0.1248 -0.6644
vn 0.6663 0.3107 -0.6778
vn -0.4226 0.9063 -0.0000
vn -0.6663 -0.3107 -0.6778
vn 0.4226 -0.9063 -0.0000
vn -0.6663 -0.3107 0.6778
vn 0.7369 0.1248 0.6644
vn -0.9731 -0.1649 -0.1610
vn -0.9374 -0.1588 -0.3099
vn -0.9744 -0.1651 -0.1525
vn 0.6663 0.3107 0.6778
vn -0.4226 0.9063 0.0001
vn -0.4227 0.9063 -0.0000
vn -0.8943 -0.4170 -0.1623
vn -0.8586 -0.4004 -0.3203
vn -0.9807 -0.1662 0.1026
vn -0.9811 -0.1662 0.0991
vn -0.9013 -0.4203 0.1045
vn -0.8865 -0.4134 0.2079
vn -0.9659 -0.1636 0.2008
vn 0.0049 -0.0105 0.9999
vn 0.6722 0.2978 -0.6778
vn 0.6723 0.2978 -0.6778
vn -0.8817 -0.4241 0.2069
vn -0.8965 -0.4306 0.1043
vn -0.8966 -0.4305 0.1037
vn -0.8816 -0.4242 0.2071
vn -0.6603 -0.3235 -0.6778
vn 0.6723 0.2978 0.6778
vn 0.6722 0.2978 0.6778
vn -0.8897 -0.4274 -0.1604
vn -0.8546 -0.4114 -0.3170
vn -0.8897 -0.4274 -0.1607
vn -0.8586 -0.4004 -0.3202
vn -0.4226 0.9063 -0.0001
vn 0.4226 -0.9063 -0.0001
vn 0.0049 -0.0105 -0.9999
vn 0.9328 -0.0225 -0.3596
vn 0.9328 -0.0225 -0.3597
vn -0.6466 -0.6771 -0.3513
vn -0.6487 -0.6803 -0.3411
vn -0.6009 -0.6134 -0.5125
vn -0.6010 -0.6134 -0.5124
vn -0.5962 -0.6087 0.5234
vn -0.6571 -0.6865 0.3113
vn -0.6548 -0.6835 0.3225
vn 0.9328 -0.0225 0.3596
vn 0.9328 -0.0225 0.3597
vn 0.0453 -0.0971 -0.9942
vn 0.0453 -0.0971 0.9942
vn -0.6765 -0.7342 0.0563
vn -0.6766 -0.7341 0.0571
vn -0.6736 -0.7332 -0.0930
vn -0.6736 -0.7335 -0.0909
vn -0.0000 0.9569 -0.2903
vn -0.0000 0.9952 -0.0980
vn -0.0000 0.6344 0.7730
vn -0.6976 -0.7130 0.0702
vn -0.5853 0.6322 0.5077
vn -0.5935 0.6322 0.4980
vn -0.5935 -0.6322 0.4980
vn 0.5935 -0.6322 -0.4980
vn -0.6428 -0.0000 -0.7660
vn 0.6428 -0.0000 0.7660
vn 0.6428 -0.0000 0.7661
vn 0.5935 0.6322 -0.4980
vn -0.6428 -0.0000 -0.7661
vn -0.7580 -0.1449 0.6360
vn -0.7339 -0.2867 0.6158
vn -0.6427 0.0001 -0.7661
vn -0.6427 -0.0000 -0.7661
vn -0.7627 0.0928 0.6400
vn -0.6427 -0.0000 -0.7662
vn -0.7528 0.1849 0.6317
vn 0.0072 0.9999 0.0086
vn 0.6016 -0.6322 -0.4882
vn -0.7465 0.1839 0.6395
vn -0.7565 0.0927 0.6474
vn -0.7565 0.0924 0.6475
vn -0.7464 0.1842 0.6396
vn -0.5853 -0.6322 0.5077
vn 0.6016 0.6322 -0.4882
vn -0.7519 -0.1432 0.6436
vn -0.7281 -0.2836 0.6241
vn -0.7519 -0.1434 0.6435
vn -0.6428 -0.0001 -0.7660
vn -0.7627 0.0929 0.6400
vn -0.6429 -0.0000 -0.7660
vn 0.0072 -0.9999 0.0086
vn 0.9052 -0.3774 -0.1955
vn 0.9051 -0.3775 -0.1955
vn -0.4320 -0.3401 0.8353
vn -0.4329 -0.3321 0.8380
vn -0.4066 -0.4922 0.7697
vn -0.4066 -0.4921 0.7697
vn -0.4044 0.5003 0.7656
vn -0.4043 0.5004 0.7656
vn -0.4393 0.3022 0.8460
vn -0.4382 0.3109 0.8434
vn 0.9052 0.3774 -0.1955
vn 0.0948 -0.9891 0.1130
vn 0.0948 0.9891 0.1130
vn -0.4465 0.0562 0.8930
vn -0.4466 0.0568 0.8929
vn -0.4437 -0.0916 0.8915
vn -0.4436 -0.0900 0.8917
vn -0.5853 0.6322 -0.5077
vn -0.5935 0.6322 -0.4980
vn -0.5935 -0.6322 -0.4980
vn 0.5935 -0.6322 0.4980
vn -0.6428 -0.0000 0.7660
vn 0.6428 -0.0000 -0.7661
vn 0.6428 -0.0000 -0.7660
vn 0.5935 0.6322 0.4980
vn -0.6428 -0.0000 0.7661
vn -0.7580 -0.1449 -0.6360
vn -0.7339 -0.2867 -0.6158
vn -0.6427 -0.0000 0.7661
vn -0.6428 -0.0001 0.7660
vn -0.6428 -0.0001 0.7661
vn -0.6428 0.0001 0.7660
vn -0.7627 0.0929 -0.6400
vn -0.7627 0.0928 -0.6400
vn 0.6427 -0.0000 -0.7661
vn -0.7528 0.1849 -0.6317
vn 0.0072 0.9999 -0.0086
vn 0.6016 -0.6322 0.4882
vn -0.7465 0.1839 -0.6395
vn -0.7464 0.1842 -0.6396
vn -0.7565 0.0924 -0.6475
vn -0.7565 0.0927 -0.6474
vn -0.5853 -0.6322 -0.5077
vn 0.6016 0.6322 0.4882
vn -0.7519 -0.1432 -0.6436
vn -0.7518 -0.1434 -0.6436
vn -0.7281 -0.2836 -0.6241
vn -0.6429 -0.0000 0.7660
vn -0.6426 -0.0000 0.7662
vn 0.0072 -0.9999 -0.0086
vn 0.9052 -0.3774 0.1955
vn 0.9051 -0.3775 0.1955
vn -0.4320 -0.3401 -0.8353
vn -0.4066 -0.4921 -0.7697
vn -0.4066 -0.4922 -0.7697
vn -0.4329 -0.3321 -0.8380
vn -0.4044 0.5003 -0.7656
vn -0.4383 0.3109 -0.8434
vn -0.4393 0.3022 -0.8460
vn -0.4043 0.5004 -0.7656
vn 0.9052 0.3774 0.1955
vn 0.9052 0.3775 0.1955
vn 0.0948 -0.9891 -0.1130
vn 0.0948 0.9891 -0.1130
vn -0.4465 0.0562 -0.8930
vn -0.4466 0.0568 -0.8929
vn -0.4436 -0.0900 -0.8917
vn -0.4437 -0.0916 -0.8915
vn -0.0000 0.8819 -0.4714
vn -0.0000 0.7730 -0.6344
vn -0.0000 0.6343 -0.7731
vn -0.0000 0.4713 -0.8820
vn -0.0000 0.2902 -0.9570
vn -0.0000 0.0979 -0.9952
vn -0.0000 0.6343 -0.7730
vn -0.0000 -0.7730 -0.6343
vn -0.0069 -0.0055 1.0000
vn -0.0069 -0.0054 1.0000
vn -0.0070 -0.0055 1.0000
vn -0.0070 -0.0056 1.0000
vn -0.0065 -0.0055 1.0000
vt 0.702005 0.623124
vt 0.702005 0.608522
vt 0.693897 0.609632
vt 0.693744 0.622943
vt 0.586261 0.593325
vt 0.593157 0.596233
vt 0.593711 0.573447
vt 0.586339 0.572732
vt 0.593632 0.551614
vt 0.586331 0.553037
vt 0.592937 0.537266
vt 0.586261 0.539995
vt 0.613045 0.523528
vt 0.613045 0.474842
vt 0.598600 0.474842
vt 0.598600 0.523528
vt 0.679719 0.622524
vt 0.680391 0.622162
vt 0.680391 0.607718
vt 0.679719 0.607918
vt 0.722889 0.532300
vt 0.722889 0.492969
vt 0.708444 0.492969
vt 0.708444 0.532300
vt 0.667852 0.639401
vt 0.668538 0.639197
vt 0.668538 0.624588
vt 0.667852 0.624957
vt 0.660099 0.496411
vt 0.620768 0.496411
vt 0.620768 0.510856
vt 0.660099 0.510856
vt 0.636601 0.604403
vt 0.635989 0.603865
vt 0.632911 0.617495
vt 0.633400 0.617960
vt 0.462029 0.545599
vt 0.462029 0.553223
vt 0.466033 0.553223
vt 0.466033 0.545599
vt 0.643557 0.606249
vt 0.636850 0.609569
vt 0.640881 0.622144
vt 0.648252 0.619909
vt 0.458023 0.509785
vt 0.465324 0.509603
vt 0.465162 0.496360
vt 0.458023 0.495340
vt 0.666733 0.622162
vt 0.667420 0.622532
vt 0.667420 0.607922
vt 0.666733 0.607718
vt 0.635968 0.707319
vt 0.636601 0.706780
vt 0.633558 0.692870
vt 0.633043 0.693355
vt 0.584984 0.550738
vt 0.585669 0.550736
vt 0.586011 0.536363
vt 0.585294 0.536038
vt 0.605222 0.603674
vt 0.604625 0.604208
vt 0.607986 0.617908
vt 0.608462 0.617451
vt 0.604625 0.706533
vt 0.605223 0.707062
vt 0.608399 0.693291
vt 0.607902 0.692819
vt 0.693492 0.639203
vt 0.694159 0.639401
vt 0.694159 0.624957
vt 0.693492 0.624599
vt 0.571855 0.580898
vt 0.571190 0.580897
vt 0.571536 0.595581
vt 0.572232 0.595264
vt 0.620768 0.601301
vt 0.660099 0.601301
vt 0.660099 0.586857
vt 0.620768 0.586857
vt 0.692827 0.622528
vt 0.693494 0.622169
vt 0.693494 0.607725
vt 0.692827 0.607923
vt 0.675380 0.608247
vt 0.675380 0.623121
vt 0.671790 0.608249
vt 0.671790 0.623124
vt 0.559019 0.490517
vt 0.598350 0.490517
vt 0.598350 0.476152
vt 0.559019 0.476152
vt 0.688507 0.608252
vt 0.688507 0.623124
vt 0.684929 0.608250
vt 0.684929 0.623121
vt 0.680641 0.607918
vt 0.680641 0.622520
vt 0.461780 0.542488
vt 0.461780 0.524654
vt 0.458023 0.524654
vt 0.458023 0.542488
vt 0.584997 0.572617
vt 0.585690 0.572462
vt 0.571874 0.559169
vt 0.571201 0.559018
vt 0.559019 0.512350
vt 0.598350 0.512350
vt 0.559019 0.535143
vt 0.598350 0.535143
vt 0.572232 0.536365
vt 0.571546 0.536033
vt 0.585304 0.595609
vt 0.586011 0.595268
vt 0.613294 0.584769
vt 0.618755 0.582575
vt 0.618984 0.569133
vt 0.613294 0.570325
vt 0.619002 0.600824
vt 0.619002 0.586223
vt 0.613294 0.585019
vt 0.613528 0.598606
vt 0.593960 0.550411
vt 0.593960 0.572424
vt 0.602256 0.571628
vt 0.602197 0.551884
vt 0.658193 0.607300
vt 0.658193 0.621993
vt 0.666484 0.623124
vt 0.665956 0.609890
vt 0.602595 0.550162
vt 0.602595 0.535560
vt 0.593960 0.535844
vt 0.594222 0.549120
vt 0.604625 0.523778
vt 0.604625 0.600824
vt 0.613045 0.596389
vt 0.612940 0.526125
vt 0.667602 0.637975
vt 0.667602 0.623374
vt 0.658282 0.626162
vt 0.658193 0.639401
vt 0.602274 0.595654
vt 0.602274 0.572674
vt 0.594361 0.575604
vt 0.593960 0.596233
vt 0.641214 0.691774
vt 0.648735 0.695909
vt 0.604376 0.618855
vt 0.598256 0.607153
vt 0.590922 0.618182
vt 0.594003 0.623976
vt 0.546011 0.596483
vt 0.535710 0.604806
vt 0.535939 0.619723
vt 0.548408 0.609632
vt 0.535796 0.700034
vt 0.545340 0.709502
vt 0.548224 0.694712
vt 0.536818 0.683434
vt 0.604376 0.688486
vt 0.594086 0.681683
vt 0.598074 0.700044
vt 0.590979 0.687464
vt 0.558853 0.598765
vt 0.557639 0.611489
vt 0.578150 0.602702
vt 0.574980 0.614976
vt 0.522983 0.694646
vt 0.479766 0.686763
vt 0.472659 0.699153
vt 0.525720 0.709502
vt 0.476626 0.680852
vt 0.476627 0.622266
vt 0.466283 0.617235
vt 0.466377 0.687499
vt 0.535262 0.601977
vt 0.524706 0.593867
vt 0.522646 0.606980
vt 0.535461 0.616844
vt 0.472353 0.605425
vt 0.479723 0.616332
vt 0.535461 0.700026
vt 0.534594 0.683390
vt 0.513185 0.609041
vt 0.511708 0.596407
vt 0.495760 0.612838
vt 0.492427 0.600659
vt 0.636850 0.704194
vt 0.643849 0.709502
vt 0.710587 0.538880
vt 0.711707 0.540625
vt 0.715926 0.538072
vt 0.712380 0.532549
vt 0.664567 0.548601
vt 0.670808 0.538880
vt 0.669015 0.532549
vt 0.660349 0.546048
vt 0.670808 0.594970
vt 0.664567 0.585249
vt 0.660349 0.587803
vt 0.669015 0.601301
vt 0.711707 0.593225
vt 0.715926 0.595779
vt 0.710587 0.594970
vt 0.712380 0.601301
vt 0.678431 0.538880
vt 0.678431 0.532549
vt 0.696119 0.538880
vt 0.696119 0.532549
vt 0.703946 0.703171
vt 0.663603 0.703171
vt 0.661809 0.709502
vt 0.705739 0.709502
vt 0.662411 0.701316
vt 0.662411 0.647837
vt 0.658193 0.645283
vt 0.658193 0.703869
vt 0.703946 0.645982
vt 0.710257 0.655813
vt 0.714475 0.653259
vt 0.705739 0.639651
vt 0.663603 0.645982
vt 0.661809 0.639651
vt 0.710257 0.693340
vt 0.714475 0.695894
vt 0.696056 0.645982
vt 0.696056 0.639651
vt 0.678222 0.645982
vt 0.678222 0.639651
vt 0.555742 0.559801
vt 0.557763 0.594744
vt 0.558769 0.596233
vt 0.558063 0.560724
vt 0.462029 0.654828
vt 0.462029 0.707427
vt 0.466033 0.707427
vt 0.466033 0.654828
vt 0.462029 0.709502
vt 0.466033 0.709502
vt 0.462029 0.527911
vt 0.466033 0.527911
vt 0.462029 0.564775
vt 0.462029 0.601423
vt 0.466033 0.601423
vt 0.466033 0.564775
vt 0.462029 0.652754
vt 0.466033 0.652754
vt 0.462029 0.513444
vt 0.466033 0.513444
vt 0.462029 0.612975
vt 0.466033 0.612975
vt 0.656921 0.674453
vt 0.657943 0.662529
vt 0.652836 0.662364
vt 0.652589 0.674107
vt 0.461780 0.709502
vt 0.461780 0.707297
vt 0.458023 0.707297
vt 0.458023 0.709502
vt 0.461780 0.653818
vt 0.458023 0.653818
vt 0.461780 0.510034
vt 0.458023 0.510034
vt 0.461780 0.611270
vt 0.461780 0.599588
vt 0.458023 0.599588
vt 0.458023 0.611270
vt 0.461780 0.562060
vt 0.461780 0.550378
vt 0.458023 0.550378
vt 0.458023 0.562060
vt 0.461780 0.651613
vt 0.458023 0.651613
vt 0.467931 0.502266
vt 0.467931 0.467613
vt 0.466283 0.466616
vt 0.466283 0.503264
vt 0.511602 0.459368
vt 0.511775 0.459638
vt 0.513423 0.458640
vt 0.512303 0.456895
vt 0.473224 0.459368
vt 0.472524 0.456895
vt 0.473224 0.510512
vt 0.472524 0.512985
vt 0.511775 0.510242
vt 0.513423 0.511240
vt 0.511602 0.510512
vt 0.512303 0.512985
vt 0.480147 0.459368
vt 0.480147 0.456895
vt 0.497835 0.459368
vt 0.497835 0.456895
vt 0.661997 0.521471
vt 0.661997 0.485939
vt 0.660349 0.484941
vt 0.660349 0.522469
vt 0.667361 0.477583
vt 0.706303 0.477583
vt 0.707004 0.475110
vt 0.666660 0.475110
vt 0.706547 0.477963
vt 0.706547 0.529447
vt 0.708195 0.530444
vt 0.708195 0.476965
vt 0.667361 0.529826
vt 0.666660 0.532300
vt 0.706303 0.529826
vt 0.707004 0.532300
vt 0.674550 0.529826
vt 0.674550 0.532300
vt 0.692384 0.529826
vt 0.692384 0.532300
vt 0.555330 0.550272
vt 0.558027 0.550393
vt 0.556471 0.513525
vt 0.558738 0.513129
vt 0.557551 0.506342
vt 0.557878 0.507149
vt 0.558769 0.506577
vt 0.556457 0.505871
vt 0.558610 0.594592
vt 0.539054 0.527151
vt 0.536298 0.527659
vt 0.556788 0.595387
vt 0.538726 0.526659
vt 0.535710 0.526122
vt 0.548802 0.515556
vt 0.546392 0.515223
vt 0.657943 0.617227
vt 0.655799 0.610636
vt 0.654875 0.611081
vt 0.653972 0.617325
vt 0.653437 0.612139
vt 0.655682 0.612578
vt 0.649268 0.709165
vt 0.651510 0.709502
vt 0.650008 0.709064
vt 0.652199 0.709063
vt 0.650553 0.627979
vt 0.654880 0.628365
vt 0.649050 0.644763
vt 0.648985 0.645474
vt 0.654093 0.645609
vt 0.654080 0.645038
vt 0.576539 0.796278
vt 0.582895 0.796887
vt 0.582596 0.783027
vt 0.576190 0.783518
vt 0.568912 0.758934
vt 0.574790 0.756223
vt 0.567378 0.744248
vt 0.562128 0.747998
vt 0.557872 0.733945
vt 0.553485 0.738605
vt 0.546662 0.725746
vt 0.543332 0.731141
vt 0.534126 0.719973
vt 0.532010 0.725915
vt 0.520661 0.716909
vt 0.519904 0.723193
vt 0.506682 0.716853
vt 0.507473 0.723233
vt 0.493152 0.720301
vt 0.495409 0.726200
vt 0.480880 0.726549
vt 0.484365 0.731768
vt 0.470228 0.735168
vt 0.474735 0.739540
vt 0.461498 0.745747
vt 0.466817 0.749147
vt 0.454908 0.757853
vt 0.460826 0.760190
vt 0.450627 0.771061
vt 0.456927 0.772276
vt 0.448775 0.784915
vt 0.455233 0.784981
vt 0.449405 0.798935
vt 0.455791 0.797861
vt 0.452494 0.812630
vt 0.458582 0.810462
vt 0.457927 0.825507
vt 0.463510 0.822327
vt 0.465509 0.837129
vt 0.470398 0.833043
vt 0.475018 0.847092
vt 0.479038 0.842228
vt 0.486161 0.854995
vt 0.489151 0.849515
vt 0.498541 0.860479
vt 0.500374 0.854574
vt 0.511687 0.863295
vt 0.512275 0.857166
vt 0.525186 0.863295
vt 0.524450 0.857193
vt 0.538351 0.860051
vt 0.536292 0.854237
vt 0.550445 0.854061
vt 0.547216 0.848795
vt 0.561032 0.845680
vt 0.556801 0.841144
vt 0.569762 0.835333
vt 0.564718 0.831662
vt 0.576405 0.823476
vt 0.570733 0.820762
vt 0.580834 0.810522
vt 0.574727 0.808837
vt 0.573631 0.770923
vt 0.579888 0.769316
vt 0.552747 0.795048
vt 0.552307 0.786304
vt 0.550801 0.786537
vt 0.551240 0.795037
vt 0.547341 0.769473
vt 0.542991 0.761986
vt 0.541793 0.762855
vt 0.545989 0.770155
vt 0.537603 0.755540
vt 0.536610 0.756565
vt 0.531371 0.750411
vt 0.530626 0.751555
vt 0.524530 0.746831
vt 0.524065 0.748051
vt 0.517345 0.744985
vt 0.517187 0.746235
vt 0.510127 0.745001
vt 0.510273 0.746218
vt 0.503101 0.746706
vt 0.503546 0.747883
vt 0.496557 0.750155
vt 0.497287 0.751227
vt 0.490800 0.755180
vt 0.491777 0.756103
vt 0.486035 0.761512
vt 0.487218 0.762254
vt 0.482459 0.768909
vt 0.483805 0.769442
vt 0.480180 0.777090
vt 0.481639 0.777398
vt 0.479268 0.785750
vt 0.480789 0.785822
vt 0.479751 0.794575
vt 0.481278 0.794409
vt 0.555562 0.752785
vt 0.548054 0.744452
vt 0.547235 0.745345
vt 0.554574 0.753521
vt 0.481604 0.803248
vt 0.483081 0.802850
vt 0.484736 0.811433
vt 0.486106 0.810814
vt 0.489079 0.818822
vt 0.490291 0.818001
vt 0.494474 0.825171
vt 0.495485 0.824179
vt 0.500711 0.830243
vt 0.501479 0.829123
vt 0.507517 0.833826
vt 0.508004 0.832624
vt 0.514629 0.835724
vt 0.514806 0.834484
vt 0.521843 0.835831
vt 0.521690 0.834583
vt 0.528822 0.833984
vt 0.528353 0.832823
vt 0.535279 0.830447
vt 0.534526 0.829397
vt 0.541016 0.825400
vt 0.540016 0.824503
vt 0.545787 0.819072
vt 0.544585 0.818364
vt 0.549414 0.811717
vt 0.548059 0.811226
vt 0.551763 0.803611
vt 0.550307 0.803355
vt 0.563444 0.817461
vt 0.566850 0.806843
vt 0.565659 0.806568
vt 0.562332 0.816984
vt 0.550496 0.777674
vt 0.549041 0.778141
vt 0.522650 0.842432
vt 0.513826 0.842370
vt 0.513695 0.843462
vt 0.522782 0.843525
vt 0.561538 0.762462
vt 0.560422 0.763017
vt 0.558208 0.827112
vt 0.557222 0.826448
vt 0.505139 0.840299
vt 0.504763 0.841353
vt 0.565721 0.773107
vt 0.564522 0.773462
vt 0.551344 0.835479
vt 0.550520 0.834648
vt 0.496861 0.836289
vt 0.496258 0.837268
vt 0.568039 0.784308
vt 0.566801 0.784454
vt 0.543063 0.842195
vt 0.542438 0.841223
vt 0.489354 0.830518
vt 0.488551 0.831383
vt 0.533658 0.846918
vt 0.533265 0.845838
vt 0.482894 0.823276
vt 0.481926 0.823995
vt 0.523496 0.849361
vt 0.523358 0.848218
vt 0.477733 0.814830
vt 0.476634 0.815380
vt 0.513048 0.849455
vt 0.513171 0.848309
vt 0.473975 0.805490
vt 0.472787 0.805852
vt 0.502782 0.847135
vt 0.503156 0.846038
vt 0.471834 0.795560
vt 0.470599 0.795722
vt 0.493058 0.842625
vt 0.493661 0.841612
vt 0.471342 0.785451
vt 0.470105 0.785406
vt 0.484270 0.836132
vt 0.485075 0.835239
vt 0.472528 0.775507
vt 0.471334 0.775256
vt 0.476739 0.827951
vt 0.477712 0.827210
vt 0.475363 0.766087
vt 0.474255 0.765637
vt 0.470725 0.818404
vt 0.471829 0.817840
vt 0.479766 0.757555
vt 0.478784 0.756920
vt 0.466402 0.807835
vt 0.467596 0.807466
vt 0.485564 0.750176
vt 0.484748 0.749376
vt 0.463942 0.796617
vt 0.465185 0.796455
vt 0.492627 0.744334
vt 0.492013 0.743394
vt 0.567500 0.772585
vt 0.569873 0.784098
vt 0.563196 0.761642
vt 0.557056 0.751664
vt 0.549261 0.743112
vt 0.540145 0.736322
vt 0.530005 0.731583
vt 0.519212 0.729138
vt 0.508203 0.729130
vt 0.497516 0.731783
vt 0.487665 0.736755
vt 0.479043 0.743745
vt 0.471944 0.752448
vt 0.466570 0.762483
vt 0.463080 0.773499
vt 0.461577 0.785097
vt 0.462102 0.796868
vt 0.464635 0.808395
vt 0.469094 0.819254
vt 0.475305 0.829063
vt 0.483086 0.837469
vt 0.492172 0.844141
vt 0.502237 0.848773
vt 0.512871 0.851125
vt 0.523708 0.851097
vt 0.534255 0.848525
vt 0.544001 0.843638
vt 0.552577 0.836710
vt 0.559678 0.828091
vt 0.565058 0.818153
vt 0.568654 0.807259
vt 0.570222 0.795771
vt 0.558312 0.785479
vt 0.556349 0.775883
vt 0.552767 0.766789
vt 0.547820 0.758483
vt 0.541624 0.751356
vt 0.534407 0.745695
vt 0.526434 0.741752
vt 0.518026 0.739723
vt 0.509508 0.739787
vt 0.501212 0.741791
vt 0.493524 0.745692
vt 0.486803 0.751379
vt 0.481200 0.758474
vt 0.477015 0.766749
vt 0.474310 0.775876
vt 0.473188 0.785515
vt 0.473680 0.795316
vt 0.475785 0.804940
vt 0.479339 0.814029
vt 0.484337 0.822208
vt 0.490552 0.829235
vt 0.497780 0.834812
vt 0.505700 0.838743
vt 0.514014 0.840792
vt 0.522451 0.840799
vt 0.530631 0.838756
vt 0.538202 0.834757
vt 0.544934 0.829110
vt 0.550515 0.822028
vt 0.554764 0.813808
vt 0.557535 0.804756
vt 0.558762 0.795217
vt 0.688985 0.623903
vt 0.663995 0.623610
vt 0.663912 0.630962
vt 0.688902 0.631176
vt 0.484381 0.606579
vt 0.456784 0.606579
vt 0.456784 0.613852
vt 0.484381 0.613852
vt 0.717162 0.670912
vt 0.689565 0.670912
vt 0.689565 0.678186
vt 0.717162 0.678186
vt 0.717162 0.624196
vt 0.689565 0.624196
vt 0.689565 0.631470
vt 0.717162 0.631470
vt 0.713903 0.747910
vt 0.690270 0.747910
vt 0.690270 0.755184
vt 0.713903 0.755184
vt 0.548069 0.663427
vt 0.547724 0.663537
vt 0.549713 0.670455
vt 0.550021 0.670322
vt 0.713903 0.794626
vt 0.690270 0.794626
vt 0.690270 0.801900
vt 0.713903 0.801900
vt 0.549602 0.708597
vt 0.549942 0.708738
vt 0.563517 0.708480
vt 0.563198 0.708622
vt 0.565211 0.715886
vt 0.565582 0.715769
vt 0.637617 0.623446
vt 0.613984 0.623446
vt 0.613984 0.630719
vt 0.637617 0.630719
vt 0.674131 0.680060
vt 0.673757 0.679947
vt 0.671806 0.687253
vt 0.672151 0.687398
vt 0.456784 0.660568
vt 0.484381 0.660568
vt 0.484381 0.653295
vt 0.456784 0.653295
vt 0.656548 0.732642
vt 0.656904 0.732751
vt 0.658799 0.725625
vt 0.658488 0.725491
vt 0.776490 0.703801
vt 0.776763 0.703824
vt 0.776188 0.693278
vt 0.775833 0.693450
vt 0.562892 0.670342
vt 0.562546 0.670204
vt 0.657231 0.679990
vt 0.656869 0.680099
vt 0.658804 0.687352
vt 0.659141 0.687212
vt 0.484381 0.547949
vt 0.456784 0.547949
vt 0.456784 0.558034
vt 0.484381 0.558034
vt 0.564694 0.663032
vt 0.564321 0.662928
vt 0.547724 0.716082
vt 0.548097 0.716187
vt 0.673761 0.732911
vt 0.674131 0.732803
vt 0.672239 0.725538
vt 0.671919 0.725674
vt 0.789906 0.703753
vt 0.790184 0.703727
vt 0.790750 0.693402
vt 0.790388 0.693230
vt 0.605322 0.680217
vt 0.604973 0.680343
vt 0.607294 0.687405
vt 0.607621 0.687259
vt 0.604973 0.731413
vt 0.605292 0.731540
vt 0.607621 0.725092
vt 0.607327 0.724955
vt 0.470016 0.670322
vt 0.470312 0.670460
vt 0.472680 0.663966
vt 0.472360 0.663839
vt 0.613984 0.670162
vt 0.637617 0.670162
vt 0.639232 0.543073
vt 0.639497 0.543091
vt 0.638595 0.532858
vt 0.638259 0.533034
vt 0.613984 0.677435
vt 0.637617 0.677435
vt 0.470052 0.708161
vt 0.470378 0.708015
vt 0.472333 0.715171
vt 0.472680 0.715046
vt 0.777102 0.549928
vt 0.800736 0.549928
vt 0.800736 0.539842
vt 0.777102 0.539842
vt 0.776599 0.718140
vt 0.776887 0.718224
vt 0.484381 0.533372
vt 0.456784 0.533372
vt 0.789947 0.718151
vt 0.790240 0.718062
vt 0.639223 0.557209
vt 0.639503 0.557298
vt 0.777102 0.564504
vt 0.800736 0.564504
vt 0.777102 0.580038
vt 0.800736 0.580038
vt 0.638259 0.572600
vt 0.638572 0.572800
vt 0.790334 0.733774
vt 0.790665 0.733579
vt 0.484381 0.517838
vt 0.456784 0.517838
vt 0.776365 0.733674
vt 0.776692 0.733861
vt 0.663912 0.670834
vt 0.688902 0.670619
vt 0.613403 0.623153
vt 0.588414 0.622860
vt 0.588331 0.630212
vt 0.613321 0.630426
vt 0.556310 0.558781
vt 0.581300 0.558552
vt 0.581264 0.543018
vt 0.556274 0.543125
vt 0.613321 0.669869
vt 0.588331 0.670083
vt 0.588414 0.677435
vt 0.613403 0.677142
vt 0.663995 0.678186
vt 0.688984 0.677892
vt 0.556275 0.528428
vt 0.581265 0.528442
vt 0.581300 0.518357
vt 0.556310 0.518135
vt 0.700365 0.726912
vt 0.714355 0.726912
vt 0.714355 0.687469
vt 0.700365 0.687469
vt 0.582934 0.716141
vt 0.583288 0.716041
vt 0.581514 0.708951
vt 0.581203 0.709080
vt 0.790883 0.771789
vt 0.804873 0.771789
vt 0.804873 0.761704
vt 0.790883 0.761704
vt 0.581770 0.670803
vt 0.581433 0.670657
vt 0.568055 0.670695
vt 0.568403 0.670550
vt 0.566548 0.663036
vt 0.566163 0.663145
vt 0.714484 0.849196
vt 0.728475 0.849196
vt 0.728475 0.809754
vt 0.714484 0.809754
vt 0.547144 0.663304
vt 0.546766 0.663185
vt 0.544703 0.670572
vt 0.545048 0.670721
vt 0.529442 0.715714
vt 0.529789 0.715824
vt 0.531726 0.708893
vt 0.531418 0.708760
vt 0.777377 0.598325
vt 0.777649 0.598348
vt 0.777074 0.587802
vt 0.776720 0.587973
vt 0.568136 0.708842
vt 0.568453 0.708978
vt 0.529814 0.663057
vt 0.529442 0.663163
vt 0.531335 0.670613
vt 0.531674 0.670472
vt 0.566163 0.715896
vt 0.566522 0.716008
vt 0.583871 0.663491
vt 0.583507 0.663374
vt 0.546208 0.716155
vt 0.546574 0.716053
vt 0.544797 0.708869
vt 0.544477 0.709001
vt 0.790793 0.598277
vt 0.791071 0.598251
vt 0.791637 0.587926
vt 0.791274 0.587754
vt 0.700365 0.734185
vt 0.714355 0.734185
vt 0.714355 0.680196
vt 0.700365 0.680196
vt 0.790883 0.801900
vt 0.804873 0.801900
vt 0.804873 0.786366
vt 0.790883 0.786366
vt 0.714484 0.856470
vt 0.728475 0.856470
vt 0.777486 0.612664
vt 0.777774 0.612747
vt 0.790834 0.612674
vt 0.791127 0.612586
vt 0.791220 0.628297
vt 0.791552 0.628102
vt 0.777252 0.628198
vt 0.777579 0.628385
vt 0.728475 0.802480
vt 0.714484 0.802480
vt 0.516122 0.764794
vt 0.521977 0.759716
vt 0.479701 0.717896
vt 0.475665 0.723947
vt 0.514583 0.770703
vt 0.514757 0.767920
vt 0.459886 0.760096
vt 0.458043 0.767132
vt 0.514771 0.806505
vt 0.514618 0.803990
vt 0.458062 0.807197
vt 0.459887 0.814238
vt 0.521977 0.814720
vt 0.516130 0.809633
vt 0.475606 0.850413
vt 0.479632 0.856470
vt 0.456792 0.791715
vt 0.514452 0.791029
vt 0.456784 0.777138
vt 0.514444 0.778121
vt 0.699784 0.733892
vt 0.699702 0.726619
vt 0.674712 0.726833
vt 0.674795 0.734185
vt 0.583871 0.661316
vt 0.583871 0.654042
vt 0.556274 0.654042
vt 0.556274 0.661316
vt 0.491986 0.654051
vt 0.491986 0.661325
vt 0.519583 0.661325
vt 0.519583 0.654051
vt 0.491986 0.607335
vt 0.491986 0.614609
vt 0.519583 0.614609
vt 0.519583 0.607335
vt 0.713903 0.856470
vt 0.713903 0.849196
vt 0.690270 0.849196
vt 0.690270 0.856470
vt 0.492359 0.715777
vt 0.494465 0.708323
vt 0.494128 0.708172
vt 0.491986 0.715658
vt 0.713903 0.809754
vt 0.713903 0.802480
vt 0.690270 0.802480
vt 0.690270 0.809754
vt 0.495195 0.670037
vt 0.495505 0.669913
vt 0.508198 0.670225
vt 0.510134 0.663274
vt 0.509780 0.663164
vt 0.507883 0.670089
vt 0.553075 0.661314
vt 0.553075 0.654040
vt 0.529442 0.654040
vt 0.529442 0.661314
vt 0.510714 0.663274
vt 0.512650 0.670225
vt 0.512964 0.670089
vt 0.511068 0.663164
vt 0.556274 0.607326
vt 0.556274 0.614600
vt 0.583871 0.614600
vt 0.583871 0.607326
vt 0.528861 0.715658
vt 0.526719 0.708172
vt 0.526382 0.708323
vt 0.528488 0.715777
vt 0.789645 0.826086
vt 0.790302 0.815735
vt 0.789947 0.815563
vt 0.789372 0.826109
vt 0.507856 0.708515
vt 0.508206 0.708370
vt 0.527044 0.663029
vt 0.525343 0.669913
vt 0.525653 0.670037
vt 0.527389 0.663127
vt 0.554508 0.528669
vt 0.554508 0.518584
vt 0.526911 0.518584
vt 0.526911 0.528669
vt 0.510134 0.716018
vt 0.509744 0.716129
vt 0.493803 0.663029
vt 0.493458 0.663127
vt 0.511104 0.716129
vt 0.512991 0.708515
vt 0.512641 0.708370
vt 0.510714 0.716018
vt 0.776229 0.826038
vt 0.775747 0.815515
vt 0.775385 0.815687
vt 0.775951 0.826012
vt 0.588679 0.731984
vt 0.590979 0.724942
vt 0.590652 0.724796
vt 0.588331 0.731858
vt 0.588331 0.680788
vt 0.590684 0.687246
vt 0.590979 0.687109
vt 0.588649 0.680661
vt 0.635030 0.725092
vt 0.637360 0.731540
vt 0.637678 0.731413
vt 0.635325 0.724955
vt 0.529442 0.614598
vt 0.553075 0.614598
vt 0.601674 0.543135
vt 0.602637 0.533096
vt 0.602300 0.532919
vt 0.601409 0.543154
vt 0.529442 0.607324
vt 0.553075 0.607324
vt 0.635357 0.687405
vt 0.635030 0.687259
vt 0.637330 0.680217
vt 0.637678 0.680343
vt 0.800389 0.648075
vt 0.800389 0.637990
vt 0.776756 0.637990
vt 0.776756 0.648075
vt 0.789536 0.840425
vt 0.789248 0.840508
vt 0.554508 0.543245
vt 0.526911 0.543245
vt 0.776188 0.840435
vt 0.775895 0.840347
vt 0.601698 0.557271
vt 0.601418 0.557361
vt 0.800389 0.662652
vt 0.776756 0.662652
vt 0.800389 0.678186
vt 0.776756 0.678186
vt 0.602679 0.572662
vt 0.602366 0.572861
vt 0.775801 0.856058
vt 0.775470 0.855863
vt 0.554508 0.558779
vt 0.526911 0.558779
vt 0.789770 0.855959
vt 0.789443 0.856146
vt 0.674712 0.686962
vt 0.699702 0.687176
vt 0.663331 0.677892
vt 0.663249 0.670619
vt 0.638259 0.670834
vt 0.638342 0.678186
vt 0.516976 0.558790
vt 0.517012 0.543134
vt 0.492022 0.543027
vt 0.491986 0.558561
vt 0.663249 0.631176
vt 0.663331 0.623904
vt 0.638342 0.623610
vt 0.638259 0.630962
vt 0.674795 0.679609
vt 0.699784 0.679903
vt 0.517011 0.528437
vt 0.516976 0.518143
vt 0.491986 0.518365
vt 0.492021 0.528451
vt 0.728475 0.794626
vt 0.728475 0.755184
vt 0.714484 0.755184
vt 0.714484 0.794626
vt 0.639196 0.733010
vt 0.640927 0.725950
vt 0.640616 0.725821
vt 0.638842 0.732910
vt 0.804873 0.826359
vt 0.804873 0.816274
vt 0.790883 0.816274
vt 0.790883 0.826359
vt 0.640360 0.687672
vt 0.640697 0.687527
vt 0.654075 0.687564
vt 0.655967 0.680015
vt 0.655583 0.679906
vt 0.653727 0.687420
vt 0.728927 0.726912
vt 0.728927 0.687469
vt 0.714936 0.687469
vt 0.714936 0.726912
vt 0.473261 0.663201
vt 0.475189 0.670850
vt 0.475539 0.670704
vt 0.473650 0.663090
vt 0.489938 0.716082
vt 0.488196 0.709172
vt 0.487885 0.709296
vt 0.489593 0.716180
vt 0.789645 0.771516
vt 0.790302 0.761164
vt 0.789947 0.760993
vt 0.789372 0.771538
vt 0.653677 0.725848
vt 0.653994 0.725712
vt 0.491032 0.663438
vt 0.488929 0.670890
vt 0.489265 0.671042
vt 0.491406 0.663557
vt 0.655967 0.732765
vt 0.655608 0.732877
vt 0.638623 0.680243
vt 0.638259 0.680360
vt 0.473614 0.716062
vt 0.475505 0.709135
vt 0.475190 0.709000
vt 0.473261 0.715952
vt 0.776229 0.771468
vt 0.775747 0.760945
vt 0.775385 0.761117
vt 0.775951 0.771442
vt 0.714484 0.801900
vt 0.728475 0.801900
vt 0.714484 0.747910
vt 0.728475 0.747910
vt 0.804873 0.856470
vt 0.804873 0.840936
vt 0.790883 0.840936
vt 0.790883 0.856470
vt 0.728927 0.734185
vt 0.714936 0.734185
vt 0.789536 0.785855
vt 0.789248 0.785938
vt 0.776188 0.785865
vt 0.775895 0.785777
vt 0.775801 0.801488
vt 0.775470 0.801293
vt 0.789770 0.801389
vt 0.789443 0.801576
vt 0.714936 0.680196
vt 0.728927 0.680196
vt 0.528412 0.764794
vt 0.568869 0.723947
vt 0.564833 0.717896
vt 0.522557 0.759716
vt 0.529951 0.770703
vt 0.586491 0.767132
vt 0.584648 0.760096
vt 0.529777 0.767920
vt 0.529763 0.806505
vt 0.584647 0.814238
vt 0.586472 0.807197
vt 0.529916 0.803990
vt 0.522557 0.814720
vt 0.564902 0.856470
vt 0.568929 0.850413
vt 0.528404 0.809633
vt 0.587742 0.791715
vt 0.530082 0.791029
vt 0.530090 0.778121
vt 0.587750 0.777138
vt 0.668553 0.827043
vt 0.672731 0.828511
vt 0.674819 0.819093
vt 0.670426 0.818380
vt 0.669503 0.800753
vt 0.673847 0.799890
vt 0.670859 0.790774
vt 0.666775 0.792406
vt 0.666253 0.782413
vt 0.662581 0.784778
vt 0.660194 0.775115
vt 0.657088 0.778144
vt 0.652815 0.769181
vt 0.650410 0.772791
vt 0.644337 0.764865
vt 0.642784 0.768941
vt 0.634967 0.762510
vt 0.634440 0.766914
vt 0.625351 0.762592
vt 0.625887 0.766905
vt 0.616135 0.764745
vt 0.617599 0.768801
vt 0.607615 0.768734
vt 0.609898 0.772393
vt 0.600047 0.774343
vt 0.603031 0.777488
vt 0.593655 0.781328
vt 0.597212 0.783864
vt 0.588621 0.789412
vt 0.592622 0.791272
vt 0.585056 0.798347
vt 0.589360 0.799468
vt 0.583141 0.807841
vt 0.587595 0.808183
vt 0.582942 0.817524
vt 0.587378 0.817078
vt 0.584457 0.827049
vt 0.588718 0.825838
vt 0.587632 0.836073
vt 0.591571 0.834141
vt 0.592358 0.844282
vt 0.595837 0.841692
vt 0.598501 0.851376
vt 0.601392 0.848210
vt 0.605860 0.857057
vt 0.608048 0.853421
vt 0.614161 0.861084
vt 0.615556 0.857097
vt 0.623150 0.863295
vt 0.623662 0.859115
vt 0.632430 0.863295
vt 0.632023 0.859090
vt 0.641452 0.861334
vt 0.640183 0.857294
vt 0.649911 0.857529
vt 0.647849 0.853799
vt 0.657465 0.852078
vt 0.654708 0.848781
vt 0.663899 0.845275
vt 0.660559 0.842508
vt 0.669044 0.837331
vt 0.665225 0.835175
vt 0.670736 0.809501
vt 0.675184 0.809425
vt 0.651993 0.822041
vt 0.653126 0.816213
vt 0.652099 0.816118
vt 0.651002 0.821791
vt 0.652666 0.804396
vt 0.651078 0.798834
vt 0.650162 0.799200
vt 0.651676 0.804616
vt 0.648647 0.793797
vt 0.647840 0.794298
vt 0.645448 0.789486
vt 0.644783 0.790105
vt 0.641593 0.786080
vt 0.641098 0.786797
vt 0.637214 0.783738
vt 0.636909 0.784525
vt 0.632520 0.782565
vt 0.632416 0.783378
vt 0.627698 0.782530
vt 0.627797 0.783362
vt 0.622920 0.783709
vt 0.623221 0.784517
vt 0.618408 0.786048
vt 0.618896 0.786799
vt 0.614327 0.789422
vt 0.614981 0.790090
vt 0.610829 0.793683
vt 0.611623 0.794244
vt 0.608042 0.798664
vt 0.608947 0.799097
vt 0.606066 0.804182
vt 0.607049 0.804473
vt 0.604964 0.810035
vt 0.605991 0.810172
vt 0.662917 0.825203
vt 0.664521 0.817540
vt 0.663180 0.817374
vt 0.661627 0.824813
vt 0.604778 0.816009
vt 0.605811 0.815987
vt 0.605512 0.821889
vt 0.606511 0.821709
vt 0.607120 0.827444
vt 0.608047 0.827110
vt 0.609579 0.832464
vt 0.610399 0.831987
vt 0.612790 0.836775
vt 0.613471 0.836176
vt 0.616606 0.840202
vt 0.617115 0.839505
vt 0.620889 0.842577
vt 0.621203 0.841806
vt 0.625525 0.843800
vt 0.625626 0.842971
vt 0.630320 0.843724
vt 0.630203 0.842901
vt 0.635045 0.842472
vt 0.634724 0.841676
vt 0.639539 0.840101
vt 0.639030 0.839364
vt 0.643628 0.836724
vt 0.642953 0.836075
vt 0.647149 0.832477
vt 0.646338 0.831943
vt 0.649974 0.827524
vt 0.649056 0.827124
vt 0.636713 0.846979
vt 0.630886 0.848383
vt 0.631022 0.849538
vt 0.637110 0.848092
vt 0.653366 0.810257
vt 0.652338 0.810321
vt 0.657817 0.787899
vt 0.653059 0.782119
vt 0.652156 0.783020
vt 0.656730 0.788621
vt 0.660046 0.832405
vt 0.658858 0.831805
vt 0.624962 0.848415
vt 0.624820 0.849570
vt 0.661394 0.794616
vt 0.660177 0.795129
vt 0.656009 0.838905
vt 0.654963 0.838116
vt 0.619223 0.846954
vt 0.618811 0.848046
vt 0.663785 0.801967
vt 0.662474 0.802261
vt 0.650955 0.844477
vt 0.650089 0.843523
vt 0.613888 0.844199
vt 0.613232 0.845189
vt 0.664817 0.809701
vt 0.663467 0.809766
vt 0.645017 0.848873
vt 0.644371 0.847792
vt 0.609134 0.840236
vt 0.608262 0.841090
vt 0.638442 0.851968
vt 0.638040 0.850791
vt 0.605167 0.835235
vt 0.604117 0.835923
vt 0.631460 0.853562
vt 0.631329 0.852334
vt 0.602133 0.829429
vt 0.600943 0.829926
vt 0.624347 0.853495
vt 0.624497 0.852274
vt 0.600087 0.823030
vt 0.598807 0.823318
vt 0.617422 0.851854
vt 0.617845 0.850693
vt 0.599166 0.816253
vt 0.597839 0.816325
vt 0.611005 0.848641
vt 0.611679 0.847593
vt 0.599363 0.809378
vt 0.598040 0.809230
vt 0.605305 0.844070
vt 0.606198 0.843166
vt 0.600680 0.802645
vt 0.599410 0.802283
vt 0.600547 0.838331
vt 0.601622 0.837604
vt 0.603061 0.796297
vt 0.601887 0.795732
vt 0.596896 0.831671
vt 0.598110 0.831145
vt 0.606439 0.790571
vt 0.605406 0.789824
vt 0.594453 0.824336
vt 0.595760 0.824029
vt 0.666364 0.809615
vt 0.666091 0.817733
vt 0.665253 0.801632
vt 0.662818 0.794010
vt 0.659036 0.787081
vt 0.654119 0.781054
vt 0.648131 0.776250
vt 0.641338 0.772792
vt 0.633950 0.770981
vt 0.626371 0.770982
vt 0.618977 0.772672
vt 0.612077 0.775908
vt 0.605904 0.780533
vt 0.600661 0.786344
vt 0.596530 0.793113
vt 0.593572 0.800595
vt 0.591983 0.808567
vt 0.591772 0.816694
vt 0.592958 0.824701
vt 0.595508 0.832287
vt 0.599321 0.839179
vt 0.604287 0.845121
vt 0.610239 0.849858
vt 0.616945 0.853169
vt 0.624171 0.854939
vt 0.631610 0.854950
vt 0.638897 0.853329
vt 0.645776 0.850147
vt 0.651928 0.845551
vt 0.657201 0.839819
vt 0.661403 0.833102
vt 0.664394 0.825659
vt 0.657197 0.816649
vt 0.657484 0.810045
vt 0.656631 0.803539
vt 0.654775 0.797353
vt 0.651922 0.791743
vt 0.648165 0.786922
vt 0.643652 0.783086
vt 0.638496 0.780452
vt 0.632960 0.779070
vt 0.627268 0.779048
vt 0.621666 0.780340
vt 0.616410 0.782946
vt 0.611668 0.786690
vt 0.607618 0.791415
vt 0.604400 0.796935
vt 0.602130 0.803055
vt 0.600873 0.809546
vt 0.600682 0.816172
vt 0.601577 0.822699
vt 0.603462 0.828882
vt 0.606364 0.834460
vt 0.610147 0.839254
vt 0.614634 0.843086
vt 0.619678 0.845752
vt 0.625122 0.847098
vt 0.630728 0.847085
vt 0.636258 0.845729
vt 0.641499 0.843121
vt 0.646248 0.839393
vt 0.650324 0.834691
vt 0.653585 0.829198
vt 0.655920 0.823124
vt 0.556274 0.559617
vt 0.556350 0.566258
vt 0.581340 0.566075
vt 0.581264 0.559362
vt 0.774804 0.856470
vt 0.774804 0.849828
vt 0.747207 0.849828
vt 0.747207 0.856470
vt 0.774804 0.761666
vt 0.774804 0.755025
vt 0.747207 0.755025
vt 0.747207 0.761666
vt 0.774804 0.801900
vt 0.774804 0.795258
vt 0.747207 0.795258
vt 0.747207 0.801900
vt 0.733773 0.579233
vt 0.733773 0.572592
vt 0.710140 0.572592
vt 0.710140 0.579233
vt 0.588679 0.621129
vt 0.590646 0.614292
vt 0.590324 0.614189
vt 0.588331 0.621062
vt 0.733773 0.539000
vt 0.733773 0.532358
vt 0.710140 0.532358
vt 0.710140 0.539000
vt 0.590417 0.582176
vt 0.590706 0.582078
vt 0.603500 0.582027
vt 0.605408 0.575318
vt 0.605061 0.575252
vt 0.603172 0.581928
vt 0.678363 0.574377
vt 0.678363 0.567735
vt 0.654729 0.567735
vt 0.654729 0.574377
vt 0.729055 0.809903
vt 0.731177 0.816372
vt 0.731476 0.816271
vt 0.729391 0.809826
vt 0.747207 0.809595
vt 0.747207 0.816236
vt 0.774804 0.816236
vt 0.774804 0.809595
vt 0.746627 0.854693
vt 0.744498 0.848332
vt 0.744207 0.848431
vt 0.746303 0.854769
vt 0.815105 0.648981
vt 0.815673 0.639165
vt 0.815372 0.638984
vt 0.814871 0.648995
vt 0.603904 0.614151
vt 0.604204 0.614045
vt 0.746262 0.809463
vt 0.744339 0.816212
vt 0.744659 0.816315
vt 0.746606 0.809528
vt 0.682326 0.498018
vt 0.682326 0.488422
vt 0.654729 0.488422
vt 0.654729 0.498018
vt 0.606379 0.620689
vt 0.606034 0.620768
vt 0.588650 0.575828
vt 0.588331 0.575902
vt 0.729412 0.855358
vt 0.731339 0.848506
vt 0.731010 0.848401
vt 0.729055 0.855292
vt 0.801698 0.648931
vt 0.801278 0.638940
vt 0.800970 0.639122
vt 0.801460 0.648915
vt 0.689875 0.621124
vt 0.692146 0.615017
vt 0.691864 0.614914
vt 0.689565 0.621039
vt 0.689565 0.577172
vt 0.691961 0.583365
vt 0.692267 0.583257
vt 0.689879 0.577083
vt 0.640904 0.582751
vt 0.638557 0.576887
vt 0.638259 0.576977
vt 0.640626 0.582853
vt 0.654729 0.534143
vt 0.678363 0.534143
vt 0.804647 0.704886
vt 0.805462 0.695338
vt 0.805175 0.695155
vt 0.804420 0.704897
vt 0.654729 0.527502
vt 0.678363 0.527502
vt 0.640573 0.614414
vt 0.640883 0.614522
vt 0.638585 0.620944
vt 0.638259 0.620860
vt 0.611964 0.502645
vt 0.611964 0.493049
vt 0.588331 0.493049
vt 0.588331 0.502645
vt 0.814988 0.662820
vt 0.814743 0.662905
vt 0.682326 0.512044
vt 0.654729 0.512044
vt 0.801682 0.662840
vt 0.801432 0.662750
vt 0.804649 0.718533
vt 0.804410 0.718623
vt 0.611964 0.516672
vt 0.588331 0.516672
vt 0.611964 0.531549
vt 0.588331 0.531549
vt 0.805495 0.733256
vt 0.805229 0.733456
vt 0.801340 0.677774
vt 0.801059 0.677575
vt 0.682326 0.526921
vt 0.654729 0.526921
vt 0.815199 0.677660
vt 0.814921 0.677852
vt 0.581340 0.600033
vt 0.556350 0.599850
vt 0.517052 0.606500
vt 0.516976 0.599859
vt 0.491986 0.600041
vt 0.492062 0.606755
vt 0.759343 0.532583
vt 0.759369 0.517587
vt 0.734379 0.517484
vt 0.734353 0.532362
vt 0.516976 0.566267
vt 0.517052 0.559626
vt 0.492062 0.559371
vt 0.491986 0.566084
vt 0.581264 0.606746
vt 0.556274 0.606491
vt 0.759369 0.503445
vt 0.759343 0.493646
vt 0.734353 0.493862
vt 0.734379 0.503458
vt 0.762531 0.539805
vt 0.762531 0.573397
vt 0.776522 0.573397
vt 0.776522 0.539805
vt 0.614317 0.621119
vt 0.616443 0.614607
vt 0.616151 0.614503
vt 0.613984 0.621042
vt 0.819445 0.772996
vt 0.819445 0.763400
vt 0.805454 0.763400
vt 0.805454 0.772996
vt 0.616808 0.582496
vt 0.617126 0.582399
vt 0.629889 0.582613
vt 0.631961 0.576235
vt 0.631629 0.576160
vt 0.629591 0.582513
vt 0.703556 0.567490
vt 0.703556 0.533898
vt 0.689565 0.533898
vt 0.689565 0.567490
vt 0.729055 0.755333
vt 0.731177 0.761802
vt 0.731476 0.761701
vt 0.729391 0.755256
vt 0.746627 0.800122
vt 0.744498 0.793762
vt 0.744207 0.793861
vt 0.746303 0.800199
vt 0.791237 0.510057
vt 0.791806 0.500242
vt 0.791505 0.500060
vt 0.791004 0.510071
vt 0.629702 0.614743
vt 0.630033 0.614637
vt 0.746262 0.754893
vt 0.744339 0.761642
vt 0.744659 0.761744
vt 0.746606 0.754958
vt 0.632041 0.621617
vt 0.631680 0.621687
vt 0.615226 0.575828
vt 0.614891 0.575893
vt 0.729412 0.800788
vt 0.731339 0.793936
vt 0.731010 0.793831
vt 0.729055 0.800721
vt 0.777830 0.510008
vt 0.777411 0.500016
vt 0.777102 0.500199
vt 0.777593 0.509991
vt 0.776522 0.533163
vt 0.762531 0.533163
vt 0.776522 0.580038
vt 0.762531 0.580038
vt 0.819445 0.801900
vt 0.819445 0.787022
vt 0.805454 0.787022
vt 0.805454 0.801900
vt 0.703556 0.574132
vt 0.689565 0.574132
vt 0.791121 0.523896
vt 0.790876 0.523982
vt 0.777815 0.523917
vt 0.777565 0.523826
vt 0.777473 0.538850
vt 0.777192 0.538651
vt 0.791332 0.538736
vt 0.791054 0.538928
vt 0.689565 0.527257
vt 0.703556 0.527257
vt 0.645246 0.769973
vt 0.672018 0.739865
vt 0.667764 0.734766
vt 0.639301 0.765245
vt 0.649005 0.779736
vt 0.688570 0.776407
vt 0.686912 0.769975
vt 0.648730 0.777016
vt 0.648712 0.814248
vt 0.686905 0.821232
vt 0.688549 0.814797
vt 0.648957 0.811791
vt 0.639301 0.826033
vt 0.667809 0.856470
vt 0.672056 0.851364
vt 0.645239 0.821296
vt 0.689680 0.799963
vt 0.649253 0.799309
vt 0.649262 0.786888
vt 0.689690 0.785937
vt 0.456784 0.605744
vt 0.481773 0.605998
vt 0.481849 0.599285
vt 0.456859 0.599102
vt 0.761950 0.533163
vt 0.734353 0.533163
vt 0.734353 0.539805
vt 0.761950 0.539805
vt 0.747655 0.693952
vt 0.775252 0.693952
vt 0.775252 0.687310
vt 0.747655 0.687310
vt 0.747655 0.734185
vt 0.775252 0.734185
vt 0.775252 0.727544
vt 0.747655 0.727544
vt 0.776139 0.581834
vt 0.752506 0.581834
vt 0.752506 0.588475
vt 0.776139 0.588475
vt 0.746751 0.732491
vt 0.747075 0.732415
vt 0.744949 0.726055
vt 0.744658 0.726154
vt 0.776139 0.622067
vt 0.752506 0.622067
vt 0.752506 0.628709
vt 0.776139 0.628709
vt 0.745111 0.694034
vt 0.744790 0.693932
vt 0.731627 0.694083
vt 0.731925 0.693982
vt 0.729843 0.687536
vt 0.729507 0.687613
vt 0.776175 0.631311
vt 0.752542 0.631311
vt 0.752542 0.637952
vt 0.776175 0.637952
vt 0.751940 0.631616
vt 0.751604 0.631539
vt 0.749523 0.637985
vt 0.749822 0.638086
vt 0.734353 0.580038
vt 0.761950 0.580038
vt 0.761950 0.573397
vt 0.734353 0.573397
vt 0.734389 0.676413
vt 0.734713 0.676490
vt 0.736807 0.670151
vt 0.736516 0.670052
vt 0.792956 0.510057
vt 0.793189 0.510071
vt 0.792688 0.500060
vt 0.792387 0.500242
vt 0.731465 0.726115
vt 0.731794 0.726220
vt 0.734734 0.631183
vt 0.734389 0.631249
vt 0.736340 0.638035
vt 0.736660 0.637932
vt 0.613984 0.497854
vt 0.641581 0.497854
vt 0.641581 0.488257
vt 0.613984 0.488257
vt 0.729507 0.733004
vt 0.729864 0.733071
vt 0.747061 0.687247
vt 0.746716 0.687182
vt 0.751605 0.677071
vt 0.751961 0.677004
vt 0.750003 0.670115
vt 0.749674 0.670220
vt 0.806363 0.510008
vt 0.806600 0.509991
vt 0.807091 0.500199
vt 0.806782 0.500016
vt 0.718070 0.631433
vt 0.717743 0.631518
vt 0.720074 0.637994
vt 0.720385 0.637886
vt 0.717743 0.675388
vt 0.718039 0.675477
vt 0.720373 0.669649
vt 0.720096 0.669546
vt 0.731143 0.588348
vt 0.731421 0.588451
vt 0.733773 0.582596
vt 0.733476 0.582507
vt 0.752542 0.671544
vt 0.776175 0.671544
vt 0.793040 0.599417
vt 0.793267 0.599428
vt 0.792504 0.589686
vt 0.792217 0.589870
vt 0.752542 0.678186
vt 0.776175 0.678186
vt 0.731132 0.620119
vt 0.731442 0.620011
vt 0.733446 0.626561
vt 0.733773 0.626476
vt 0.829087 0.846874
vt 0.805454 0.846874
vt 0.805454 0.856470
vt 0.829087 0.856470
vt 0.793072 0.523896
vt 0.793317 0.523982
vt 0.613984 0.511880
vt 0.641581 0.511880
vt 0.806378 0.523917
vt 0.806628 0.523826
vt 0.793050 0.613064
vt 0.793289 0.613154
vt 0.829087 0.832848
vt 0.805454 0.832848
vt 0.829087 0.817971
vt 0.805454 0.817971
vt 0.792217 0.627787
vt 0.792483 0.627987
vt 0.806720 0.538850
vt 0.807001 0.538651
vt 0.613984 0.526757
vt 0.641581 0.526757
vt 0.792861 0.538736
vt 0.793139 0.538928
vt 0.481849 0.565328
vt 0.456859 0.565510
vt 0.529442 0.606489
vt 0.554431 0.606744
vt 0.554508 0.600031
vt 0.529517 0.599848
vt 0.733747 0.492841
vt 0.708757 0.493063
vt 0.708783 0.507940
vt 0.733773 0.507837
vt 0.529517 0.566256
vt 0.554508 0.566073
vt 0.554431 0.559360
vt 0.529442 0.559615
vt 0.481773 0.558614
vt 0.456784 0.558869
vt 0.733773 0.521979
vt 0.708783 0.521966
vt 0.708757 0.531562
vt 0.733747 0.531778
vt 0.613984 0.567571
vt 0.627975 0.567571
vt 0.627975 0.533979
vt 0.613984 0.533979
vt 0.734697 0.581707
vt 0.734353 0.581772
vt 0.736303 0.588558
vt 0.736624 0.588455
vt 0.773940 0.522987
vt 0.759949 0.522987
vt 0.759949 0.532583
vt 0.773940 0.532583
vt 0.736480 0.620575
vt 0.736771 0.620674
vt 0.749967 0.620638
vt 0.749638 0.620743
vt 0.751568 0.627594
vt 0.751925 0.627527
vt 0.687681 0.582796
vt 0.673690 0.582796
vt 0.673690 0.616388
vt 0.687681 0.616388
vt 0.673109 0.576349
vt 0.672781 0.576275
vt 0.670781 0.582566
vt 0.671077 0.582666
vt 0.654729 0.621286
vt 0.655078 0.621369
vt 0.657340 0.614554
vt 0.657020 0.614439
vt 0.801885 0.550833
vt 0.802118 0.550847
vt 0.801618 0.540836
vt 0.801316 0.541018
vt 0.749786 0.588609
vt 0.749487 0.588508
vt 0.656690 0.576097
vt 0.656371 0.576158
vt 0.658179 0.582445
vt 0.658470 0.582358
vt 0.751904 0.582139
vt 0.751568 0.582062
vt 0.734353 0.626937
vt 0.734677 0.627013
vt 0.672745 0.621809
vt 0.673109 0.621738
vt 0.671069 0.614698
vt 0.670737 0.614804
vt 0.815292 0.550784
vt 0.815530 0.550767
vt 0.816020 0.540975
vt 0.815711 0.540793
vt 0.613984 0.574212
vt 0.627975 0.574212
vt 0.627975 0.527337
vt 0.613984 0.527337
vt 0.773940 0.494083
vt 0.759949 0.494083
vt 0.759949 0.508961
vt 0.773940 0.508961
vt 0.687681 0.576154
vt 0.673690 0.576154
vt 0.802001 0.564672
vt 0.802247 0.564758
vt 0.815308 0.564693
vt 0.815557 0.564603
vt 0.815649 0.579626
vt 0.815931 0.579428
vt 0.801790 0.579512
vt 0.802069 0.579704
vt 0.673690 0.623029
vt 0.687681 0.623029
vt 0.594277 0.821262
vt 0.588331 0.825991
vt 0.616794 0.856470
vt 0.621049 0.851370
vt 0.598036 0.811500
vt 0.597760 0.814220
vt 0.635942 0.821260
vt 0.637600 0.814829
vt 0.597743 0.776988
vt 0.597988 0.779445
vt 0.637579 0.776438
vt 0.635935 0.770004
vt 0.588331 0.765203
vt 0.594270 0.769940
vt 0.621086 0.739872
vt 0.616839 0.734766
vt 0.638711 0.791273
vt 0.598284 0.791926
vt 0.638720 0.805299
vt 0.598292 0.804347
vt 0.539242 0.737846
vt 0.529448 0.733239
vt 0.519035 0.730866
vt 0.508423 0.730864
vt 0.498119 0.733409
vt 0.488614 0.738211
vt 0.480287 0.744980
vt 0.473429 0.753425
vt 0.468237 0.763174
vt 0.464869 0.773883
vt 0.463424 0.785164
vt 0.568427 0.795678
vt 0.560180 0.785249
vt 0.558088 0.775364
vt 0.554450 0.765965
vt 0.549280 0.757418
vt 0.542834 0.750074
vt 0.535314 0.744242
vt 0.526995 0.740184
vt 0.518206 0.738128
vt 0.509313 0.738171
vt 0.500636 0.740224
vt 0.531196 0.840240
vt 0.539135 0.836155
vt 0.546146 0.830286
vt 0.551968 0.822965
vt 0.556403 0.814477
vt 0.559297 0.805135
vt 0.560555 0.795291
vt 0.531583 0.841270
vt 0.567190 0.795613
vt 0.538627 0.738864
vt 0.539750 0.837086
vt 0.529066 0.734347
vt 0.546959 0.831084
vt 0.561410 0.785099
vt 0.559279 0.775011
vt 0.518909 0.732024
vt 0.552943 0.823602
vt 0.555558 0.765421
vt 0.508565 0.732032
vt 0.557502 0.814933
vt 0.550261 0.756702
vt 0.498515 0.734502
vt 0.560479 0.805395
vt 0.543647 0.749209
vt 0.489245 0.739191
vt 0.561783 0.795347
vt 0.535924 0.743260
vt 0.481119 0.745814
vt 0.527373 0.739120
vt 0.474425 0.754087
vt 0.518330 0.737021
vt 0.469357 0.763644
vt 0.509182 0.737073
vt 0.466074 0.774148
vt 0.500256 0.739180
vt 0.464670 0.785217
vt 0.647357 0.777453
vt 0.640829 0.774183
vt 0.633782 0.772431
vt 0.626535 0.772420
vt 0.619455 0.774041
vt 0.612838 0.777157
vt 0.606911 0.781621
vt 0.601872 0.787237
vt 0.597873 0.793777
vt 0.595085 0.801038
vt 0.593530 0.808732
vt 0.593322 0.816593
vt 0.658727 0.816833
vt 0.658965 0.809977
vt 0.658120 0.803220
vt 0.656131 0.796803
vt 0.653122 0.790973
vt 0.649159 0.785960
vt 0.644385 0.781980
vt 0.638970 0.779183
vt 0.633119 0.777785
vt 0.627120 0.777707
vt 0.621225 0.779099
vt 0.615682 0.781783
vt 0.610694 0.785668
vt 0.642227 0.844278
vt 0.647218 0.840415
vt 0.651495 0.835539
vt 0.654913 0.829842
vt 0.657335 0.823534
vt 0.646668 0.778516
vt 0.642863 0.845306
vt 0.660043 0.816993
vt 0.660292 0.809917
vt 0.640396 0.775358
vt 0.648067 0.841322
vt 0.659402 0.802942
vt 0.633628 0.773680
vt 0.652521 0.836292
vt 0.657322 0.796316
vt 0.626668 0.773663
vt 0.656079 0.830415
vt 0.654179 0.790290
vt 0.619862 0.775227
vt 0.658602 0.823907
vt 0.650036 0.785105
vt 0.613493 0.778242
vt 0.645048 0.780976
vt 0.607784 0.782570
vt 0.639382 0.778073
vt 0.602925 0.788019
vt 0.633265 0.776618
vt 0.599071 0.794369
vt 0.626994 0.776535
vt 0.596379 0.801416
vt 0.620830 0.777974
vt 0.594880 0.808885
vt 0.615043 0.780751
vt 0.594674 0.816514
vt 0.609840 0.784763
vt 0.528989 0.572689
vt 0.528240 0.572795
vt 0.530822 0.576646
vt 0.525420 0.514308
vt 0.467653 0.517354
vt 0.530302 0.521611
vt 0.471856 0.513235
vt 0.531041 0.529621
vt 0.528351 0.533464
vt 0.529120 0.533591
vt 0.469461 0.529231
vt 0.468690 0.529348
vt 0.466817 0.525355
vt 0.531619 0.526078
vt 0.466283 0.521805
vt 0.466898 0.517469
vt 0.469324 0.577916
vt 0.531318 0.580189
vt 0.525362 0.592637
vt 0.466980 0.589600
vt 0.471310 0.593618
vt 0.530644 0.584467
vt 0.466283 0.585326
vt 0.466761 0.581780
vt 0.468574 0.577814
vt 0.621722 0.496162
vt 0.616428 0.453263
vt 0.616428 0.487916
vt 0.621722 0.445018
vt 0.658621 0.495892
vt 0.660099 0.496162
vt 0.628644 0.445018
vt 0.646332 0.445018
vt 0.658621 0.445287
vt 0.660099 0.445018
vt 0.553405 0.453378
vt 0.558769 0.497266
vt 0.558769 0.461734
vt 0.553405 0.505621
vt 0.546216 0.453378
vt 0.514463 0.505621
vt 0.528382 0.453378
vt 0.514463 0.453378
vt 0.514220 0.505241
vt 0.514220 0.453758
s 1
usemtl Base_Cabina
f 1/1/1 2/2/1 3/3/1
f 1/1/1 3/3/1 4/4/1
f 5/5/2 6/6/2 7/7/3
f 5/5/2 7/7/3 8/8/4
f 8/8/4 7/7/3 9/9/5
f 8/8/4 9/9/5 10/10/6
f 10/10/6 9/9/5 11/11/7
f 10/10/6 11/11/7 12/12/8
s 0
f 13/13/9 14/14/9 15/15/9
f 13/13/9 15/15/9 16/16/9
f 17/17/10 18/18/10 19/19/10
f 17/17/10 19/19/10 20/20/10
f 21/21/11 22/22/11 23/23/11
f 21/21/11 23/23/11 24/24/11
f 25/25/12 26/26/12 27/27/12
f 25/25/12 27/27/12 28/28/12
f 29/29/13 30/30/13 31/31/13
f 29/29/13 31/31/13 32/32/13
f 33/33/12 34/34/12 35/35/12
f 33/33/12 35/35/12 36/36/12
f 37/37/14 38/38/14 39/39/14
f 37/37/14 39/39/14 40/40/14
s 1
f 41/41/15 42/42/15 43/43/15
f 41/41/15 43/43/15 44/44/15
f 45/45/16 46/46/16 47/47/16
f 45/45/16 47/47/16 48/48/16
s 0
f 49/49/12 50/50/12 51/51/12
f 49/49/12 51/51/12 52/52/12
f 53/53/12 54/54/12 55/55/12
f 53/53/12 55/55/12 56/56/12
f 57/56/12 58/55/12 59/36/12
f 57/56/12 59/36/12 60/35/12
f 61/57/12 62/58/12 63/59/12
f 61/57/12 63/59/12 64/60/12
f 65/61/10 66/62/10 67/63/10
f 65/61/10 67/63/10 68/64/10
f 69/65/10 70/66/10 71/67/10
f 69/65/10 71/67/10 72/68/10
f 73/69/10 74/70/10 75/71/10
f 73/69/10 75/71/10 76/72/10
f 77/73/10 78/74/10 79/75/10
f 77/73/10 79/75/10 80/76/10
f 81/77/17 82/78/17 83/79/17
f 81/77/17 83/79/17 84/80/17
f 85/68/10 86/67/10 87/64/10
f 85/68/10 87/64/10 88/63/10
f 89/81/10 90/82/10 91/83/10
f 89/81/10 91/83/10 92/84/10
s 1
f 93/17/18 94/20/18 95/85/19
f 93/17/18 95/85/19 96/86/20
f 96/86/20 95/85/19 97/87/21
f 96/86/20 97/87/21 98/88/22
f 98/88/22 97/87/21 99/51/23
f 98/88/22 99/51/23 100/50/23
f 101/89/24 102/90/24 103/91/25
f 101/89/24 103/91/25 104/92/25
f 105/81/26 106/84/26 107/93/27
f 105/81/26 107/93/27 108/94/28
f 108/94/28 107/93/27 109/95/29
f 108/94/28 109/95/29 110/96/30
f 110/96/30 109/95/29 111/97/31
f 110/96/30 111/97/31 112/98/31
s 0
f 113/99/14 114/100/14 115/101/14
f 113/99/14 115/101/14 116/102/14
f 117/103/12 118/104/12 62/58/12
f 117/103/12 62/58/12 61/57/12
f 119/105/10 120/106/10 78/74/10
f 119/105/10 78/74/10 77/73/10
s 1
f 121/107/32 122/108/32 102/90/24
f 121/107/32 102/90/24 101/89/24
f 123/109/33 124/110/33 122/108/32
f 123/109/33 122/108/32 121/107/32
s 0
f 125/111/10 126/112/10 120/106/10
f 125/111/10 120/106/10 119/105/10
f 127/113/12 128/114/12 118/104/12
f 127/113/12 118/104/12 117/103/12
s 1
f 129/115/34 130/116/34 131/117/34
f 129/115/34 131/117/34 132/118/35
f 133/119/36 134/120/36 135/121/36
f 133/119/36 135/121/36 136/122/36
f 137/123/37 138/124/38 139/125/39
f 137/123/37 139/125/39 140/126/40
f 141/127/41 142/128/42 143/129/40
f 141/127/41 143/129/40 144/130/41
f 145/131/43 146/132/44 147/133/45
f 145/131/43 147/133/45 148/134/43
f 149/135/46 150/136/47 151/137/48
f 149/135/46 151/137/48 152/138/49
f 153/139/47 154/140/50 155/141/51
f 153/139/47 155/141/51 156/142/52
f 157/143/53 158/144/54 159/145/54
f 157/143/53 159/145/54 160/146/39
s 0
f 161/147/55 162/148/55 163/44/55
f 161/147/55 163/44/55 164/43/55
s 1
f 165/149/56 166/150/57 167/151/58
f 165/149/56 167/151/58 168/152/59
f 169/153/60 170/154/61 171/155/62
f 169/153/60 171/155/62 172/156/63
f 173/157/64 174/158/65 175/159/66
f 173/157/64 175/159/66 176/160/67
f 177/161/68 165/149/56 168/152/59
f 177/161/68 168/152/59 178/162/69
f 179/163/70 177/161/68 178/162/69
f 179/163/70 178/162/69 180/164/71
f 180/164/71 175/159/66 174/158/65
f 180/164/71 174/158/65 179/163/70
f 181/165/72 169/153/60 172/156/63
f 181/165/72 172/156/63 182/166/73
f 183/167/74 181/165/72 182/166/73
f 183/167/74 182/166/73 184/168/75
f 166/150/57 183/167/74 184/168/75
f 166/150/57 184/168/75 167/151/58
f 185/169/76 186/170/77 187/171/78
f 185/169/76 187/171/78 188/172/79
f 189/173/80 190/174/81 191/175/82
f 189/173/80 191/175/82 192/176/83
f 193/177/84 194/178/85 195/179/86
f 193/177/84 195/179/86 196/180/87
f 192/176/83 187/171/78 186/170/77
f 192/176/83 186/170/77 189/173/80
f 197/181/88 191/175/82 190/174/81
f 197/181/88 190/174/81 198/182/89
f 188/172/79 199/183/90 200/184/91
f 188/172/79 200/184/91 185/169/76
f 201/185/92 195/179/86 194/178/85
f 201/185/92 194/178/85 202/186/93
f 203/187/94 201/185/92 202/186/93
f 203/187/94 202/186/93 204/188/95
f 198/182/89 203/187/94 204/188/95
f 198/182/89 204/188/95 197/181/88
f 205/189/96 206/190/97 207/148/98
f 205/189/96 207/148/98 208/147/99
s 0
f 209/191/10 210/192/10 211/193/10
f 209/191/10 211/193/10 212/194/10
f 213/195/10 214/196/10 215/197/10
f 213/195/10 215/197/10 216/198/10
f 217/199/10 218/200/10 219/201/10
f 217/199/10 219/201/10 220/202/10
f 210/192/10 221/203/10 222/204/10
f 210/192/10 222/204/10 211/193/10
f 221/203/10 223/205/10 224/206/10
f 221/203/10 224/206/10 222/204/10
f 223/205/10 217/199/10 220/202/10
f 223/205/10 220/202/10 224/206/10
f 214/196/10 225/207/10 226/208/10
f 214/196/10 226/208/10 215/197/10
f 225/207/10 227/209/10 228/210/10
f 225/207/10 228/210/10 226/208/10
f 227/209/10 209/191/10 212/194/10
f 227/209/10 212/194/10 228/210/10
f 229/211/12 230/212/12 231/213/12
f 229/211/12 231/213/12 232/214/12
f 233/215/12 234/216/12 235/217/12
f 233/215/12 235/217/12 236/218/12
f 237/219/12 238/220/12 239/221/12
f 237/219/12 239/221/12 240/222/12
f 230/212/12 233/215/12 236/218/12
f 230/212/12 236/218/12 231/213/12
f 234/216/12 241/223/12 242/224/12
f 234/216/12 242/224/12 235/217/12
f 243/225/12 229/211/12 232/214/12
f 243/225/12 232/214/12 244/226/12
f 245/227/12 237/219/12 240/222/12
f 245/227/12 240/222/12 246/228/12
f 247/229/12 245/227/12 246/228/12
f 247/229/12 246/228/12 248/230/12
f 241/223/12 247/229/12 248/230/12
f 241/223/12 248/230/12 242/224/12
f 218/200/10 213/195/10 216/198/10
f 218/200/10 216/198/10 219/201/10
f 238/220/12 243/225/12 244/226/12
f 238/220/12 244/226/12 239/221/12
f 249/231/100 250/232/100 251/233/100
f 249/231/100 251/233/100 252/234/100
f 253/235/101 254/236/101 255/237/101
f 253/235/101 255/237/101 256/238/101
f 257/236/102 258/239/102 259/240/102
f 257/236/102 259/240/102 260/237/102
f 261/241/14 37/37/14 40/40/14
f 261/241/14 40/40/14 262/242/14
f 263/243/103 264/244/103 265/245/103
f 263/243/103 265/245/103 266/246/103
f 267/247/104 268/235/104 269/238/104
f 267/247/104 269/238/104 270/248/104
f 271/38/105 272/243/105 273/246/105
f 271/38/105 273/246/105 274/39/105
f 275/249/14 261/241/14 262/242/14
f 275/249/14 262/242/14 276/250/14
f 277/251/106 278/247/106 279/248/106
f 277/251/106 279/248/106 280/252/106
f 281/244/107 282/251/107 283/252/107
f 281/244/107 283/252/107 284/245/107
s 1
f 285/253/102 286/254/102 287/255/102
s 0
f 285/253/102 287/255/102 288/256/102
f 289/257/102 290/258/102 291/259/102
f 289/257/102 291/259/102 292/260/102
f 293/258/101 294/261/101 295/262/101
f 293/258/101 295/262/101 296/259/101
f 114/100/14 297/263/14 298/264/14
f 114/100/14 298/264/14 115/101/14
f 299/265/107 300/266/107 301/267/107
f 299/265/107 301/267/107 302/268/107
f 303/269/105 304/270/105 305/271/105
f 303/269/105 305/271/105 306/272/105
f 307/266/103 308/269/103 309/272/103
f 307/266/103 309/272/103 310/267/103
f 311/270/14 113/99/14 116/102/14
f 311/270/14 116/102/14 312/271/14
f 313/261/104 314/273/104 315/274/104
f 313/261/104 315/274/104 316/262/104
f 317/273/106 318/265/106 319/268/106
f 317/273/106 319/268/106 320/274/106
f 321/275/10 322/276/10 323/277/10
f 321/275/10 323/277/10 324/278/10
f 325/279/10 326/280/10 327/281/10
f 325/279/10 327/281/10 328/282/10
f 322/276/10 329/283/10 330/284/10
f 322/276/10 330/284/10 323/277/10
f 331/285/10 321/275/10 324/278/10
f 331/285/10 324/278/10 332/286/10
f 326/280/10 333/287/10 334/288/10
f 326/280/10 334/288/10 327/281/10
f 333/287/10 335/289/10 336/290/10
f 333/287/10 336/290/10 334/288/10
f 335/289/10 331/285/10 332/286/10
f 335/289/10 332/286/10 336/290/10
f 329/283/10 337/291/10 338/292/10
f 329/283/10 338/292/10 330/284/10
f 337/291/10 339/293/10 340/294/10
f 337/291/10 340/294/10 338/292/10
f 339/293/10 325/279/10 328/282/10
f 339/293/10 328/282/10 340/294/10
f 341/295/12 342/296/12 343/297/12
f 341/295/12 343/297/12 344/298/12
f 345/299/12 346/300/12 347/301/12
f 345/299/12 347/301/12 348/302/12
f 349/303/12 350/304/12 351/305/12
f 349/303/12 351/305/12 352/306/12
f 353/307/12 341/295/12 344/298/12
f 353/307/12 344/298/12 354/308/12
f 346/300/12 349/303/12 352/306/12
f 346/300/12 352/306/12 347/301/12
f 350/304/12 355/309/12 356/310/12
f 350/304/12 356/310/12 351/305/12
f 342/296/12 345/299/12 348/302/12
f 342/296/12 348/302/12 343/297/12
f 357/311/12 353/307/12 354/308/12
f 357/311/12 354/308/12 358/312/12
f 359/313/12 357/311/12 358/312/12
f 359/313/12 358/312/12 360/314/12
f 355/309/12 359/313/12 360/314/12
f 355/309/12 360/314/12 356/310/12
s 1
f 361/315/108 362/231/109 363/234/109
f 361/315/108 363/234/109 364/316/110
f 365/317/111 361/315/108 364/316/110
f 365/317/111 364/316/110 366/318/112
s 0
f 367/319/113 368/320/113 369/321/113
f 367/319/113 369/321/113 370/322/113
f 371/323/114 372/324/114 373/325/114
f 371/323/114 373/325/114 374/326/114
s 1
f 375/324/115 376/327/116 377/328/117
f 375/324/115 377/328/117 378/325/117
s 0
f 379/329/113 367/319/113 370/322/113
f 379/329/113 370/322/113 380/330/113
s 1
f 381/232/118 382/323/118 383/326/119
f 381/232/118 383/326/119 384/233/119
f 385/320/120 365/317/111 366/318/112
f 385/320/120 366/318/112 386/321/120
s 0
f 387/327/113 379/329/113 380/330/113
f 387/327/113 380/330/113 388/328/113
f 389/331/104 390/332/104 391/333/104
f 389/331/104 391/333/104 392/334/104
f 393/254/101 394/331/101 395/334/101
f 393/254/101 395/334/101 396/255/101
f 397/332/106 398/335/106 399/336/106
f 397/332/106 399/336/106 400/333/106
f 401/337/105 402/338/105 403/339/105
f 401/337/105 403/339/105 404/340/105
f 405/338/14 406/253/14 407/256/14
f 405/338/14 407/256/14 408/339/14
f 398/335/106 409/341/106 410/342/106
f 398/335/106 410/342/106 399/336/106
f 411/343/107 412/344/107 413/345/107
f 411/343/107 413/345/107 414/346/107
f 415/344/103 416/337/103 417/340/103
f 415/344/103 417/340/103 418/345/103
f 409/341/106 419/343/106 420/346/106
f 409/341/106 420/346/106 410/342/106
f 421/347/121 422/348/121 423/349/121
f 421/347/121 423/349/121 424/350/121
f 425/351/122 426/352/122 427/353/122
f 425/351/122 427/353/122 428/354/122
f 429/354/123 430/353/123 431/355/123
f 429/354/123 431/355/123 432/356/123
s 1
f 433/356/124 434/355/124 435/357/124
s 0
f 433/356/124 435/357/124 436/358/124
f 437/358/125 438/357/125 439/359/125
f 437/358/125 439/359/125 440/360/125
f 441/360/126 442/359/126 443/361/126
f 441/360/126 443/361/126 444/362/126
f 445/362/127 446/361/127 447/363/127
f 445/362/127 447/363/127 448/364/127
f 449/364/128 450/363/128 451/365/128
f 449/364/128 451/365/128 452/366/128
f 453/366/129 454/365/129 455/367/129
f 453/366/129 455/367/129 456/368/129
f 457/368/130 458/367/130 459/369/130
f 457/368/130 459/369/130 460/370/130
f 461/370/131 462/369/131 463/371/131
f 461/370/131 463/371/131 464/372/131
f 465/372/132 466/371/132 467/373/132
f 465/372/132 467/373/132 468/374/132
f 469/374/133 470/373/133 471/375/133
f 469/374/133 471/375/133 472/376/133
f 473/376/134 474/375/134 475/377/134
f 473/376/134 475/377/134 476/378/134
f 477/378/135 478/377/135 479/379/135
f 477/378/135 479/379/135 480/380/135
f 481/380/136 482/379/136 483/381/136
f 481/380/136 483/381/136 484/382/136
f 485/382/137 486/381/137 487/383/137
f 485/382/137 487/383/137 488/384/137
f 489/384/138 490/383/138 491/385/138
f 489/384/138 491/385/138 492/386/138
s 1
f 493/386/139 494/385/139 495/387/139
s 0
f 493/386/139 495/387/139 496/388/139
f 497/388/140 498/387/140 499/389/140
f 497/388/140 499/389/140 500/390/140
f 501/390/141 502/389/141 503/391/141
f 501/390/141 503/391/141 504/392/141
f 505/392/142 506/391/142 507/393/142
f 505/392/142 507/393/142 508/394/142
f 509/394/143 510/393/143 511/395/143
f 509/394/143 511/395/143 512/396/143
f 513/396/144 514/395/144 515/397/144
s 1
f 513/396/144 515/397/144 516/398/144
s 0
f 517/398/145 518/397/145 519/399/145
f 517/398/145 519/399/145 520/400/145
f 521/400/146 522/399/146 523/401/146
f 521/400/146 523/401/146 524/402/146
f 525/402/147 526/401/147 527/403/147
f 525/402/147 527/403/147 528/404/147
f 529/404/148 530/403/148 531/405/148
f 529/404/148 531/405/148 532/406/148
f 533/406/149 534/405/149 535/407/149
f 533/406/149 535/407/149 536/408/149
f 537/408/150 538/407/150 539/348/150
f 537/408/150 539/348/150 540/347/150
f 541/409/151 542/410/151 543/352/151
f 541/409/151 543/352/151 544/351/151
f 545/411/152 546/412/152 547/413/152
f 545/411/152 547/413/152 548/414/152
f 549/415/153 550/416/153 551/417/153
f 549/415/153 551/417/153 552/418/153
f 553/416/154 554/419/154 555/420/154
f 553/416/154 555/420/154 556/417/154
f 557/419/155 558/421/155 559/422/155
f 557/419/155 559/422/155 560/420/155
s 1
f 561/421/156 562/423/156 563/424/156
s 0
f 561/421/156 563/424/156 564/422/156
s 1
f 565/423/157 566/425/157 567/426/157
s 0
f 565/423/157 567/426/157 568/424/157
f 569/425/158 570/427/158 571/428/158
f 569/425/158 571/428/158 572/426/158
f 573/427/159 574/429/159 575/430/159
f 573/427/159 575/430/159 576/428/159
f 577/429/160 578/431/160 579/432/160
f 577/429/160 579/432/160 580/430/160
f 581/431/161 582/433/161 583/434/161
f 581/431/161 583/434/161 584/432/161
f 585/433/162 586/435/162 587/436/162
f 585/433/162 587/436/162 588/434/162
f 589/435/163 590/437/163 591/438/163
f 589/435/163 591/438/163 592/436/163
f 593/437/164 594/439/164 595/440/164
f 593/437/164 595/440/164 596/438/164
f 597/439/165 598/441/165 599/442/165
f 597/439/165 599/442/165 600/440/165
f 601/441/166 602/443/166 603/444/166
f 601/441/166 603/444/166 604/442/166
f 605/445/167 606/446/167 607/447/167
f 605/445/167 607/447/167 608/448/167
f 609/443/168 610/449/168 611/450/168
f 609/443/168 611/450/168 612/444/168
f 613/449/169 614/451/169 615/452/169
f 613/449/169 615/452/169 616/450/169
f 617/451/170 618/453/170 619/454/170
f 617/451/170 619/454/170 620/452/170
f 621/453/171 622/455/171 623/456/171
f 621/453/171 623/456/171 624/454/171
f 625/455/172 626/457/172 627/458/172
f 625/455/172 627/458/172 628/456/172
f 629/457/173 630/459/173 631/460/173
f 629/457/173 631/460/173 632/458/173
f 633/459/174 634/461/174 635/462/174
f 633/459/174 635/462/174 636/460/174
f 637/461/175 638/463/175 639/464/175
f 637/461/175 639/464/175 640/462/175
f 641/463/176 642/465/176 643/466/176
f 641/463/176 643/466/176 644/464/176
f 645/465/177 646/467/177 647/468/177
f 645/465/177 647/468/177 648/466/177
f 649/467/178 650/469/178 651/470/178
f 649/467/178 651/470/178 652/468/178
f 653/469/179 654/471/179 655/472/179
f 653/469/179 655/472/179 656/470/179
f 657/471/180 658/473/180 659/474/180
f 657/471/180 659/474/180 660/472/180
f 661/473/181 662/475/181 663/476/181
f 661/473/181 663/476/181 664/474/181
f 665/475/182 666/411/182 667/414/182
f 665/475/182 667/414/182 668/476/182
f 669/350/183 670/349/183 671/410/183
f 669/350/183 671/410/183 672/409/183
f 673/477/184 674/478/184 675/479/184
f 673/477/184 675/479/184 676/480/184
f 677/481/185 678/415/185 679/418/185
f 677/481/185 679/418/185 680/482/185
f 681/483/186 682/484/186 683/485/186
f 681/483/186 683/485/186 684/486/186
f 685/487/187 686/445/187 687/448/187
f 685/487/187 687/448/187 688/488/187
f 689/489/188 690/477/188 691/480/188
f 689/489/188 691/480/188 692/490/188
f 693/484/189 694/491/189 695/492/189
f 693/484/189 695/492/189 696/485/189
f 697/493/190 698/487/190 699/488/190
f 697/493/190 699/488/190 700/494/190
f 701/495/191 702/489/191 703/490/191
f 701/495/191 703/490/191 704/496/191
f 705/491/192 706/497/192 707/498/192
f 705/491/192 707/498/192 708/492/192
f 709/499/193 710/493/193 711/494/193
f 709/499/193 711/494/193 712/500/193
f 713/501/194 714/495/194 715/496/194
f 713/501/194 715/496/194 716/502/194
f 717/497/195 718/503/195 719/504/195
f 717/497/195 719/504/195 720/498/195
f 721/505/196 722/501/196 723/502/196
f 721/505/196 723/502/196 724/506/196
f 725/503/197 726/507/197 727/508/197
f 725/503/197 727/508/197 728/504/197
f 729/509/198 730/505/198 731/506/198
f 729/509/198 731/506/198 732/510/198
f 733/507/187 734/511/187 735/512/187
f 733/507/187 735/512/187 736/508/187
f 737/513/199 738/509/199 739/510/199
f 737/513/199 739/510/199 740/514/199
f 741/511/190 742/515/190 743/516/190
f 741/511/190 743/516/190 744/512/190
f 745/517/200 746/513/200 747/514/200
f 745/517/200 747/514/200 748/518/200
f 749/515/193 750/519/193 751/520/193
f 749/515/193 751/520/193 752/516/193
f 753/521/201 754/517/201 755/518/201
f 753/521/201 755/518/201 756/522/201
f 757/519/202 758/523/202 759/524/202
f 757/519/202 759/524/202 760/520/202
f 761/525/203 762/521/203 763/522/203
f 761/525/203 763/522/203 764/526/203
f 765/523/204 766/527/204 767/528/204
f 765/523/204 767/528/204 768/524/204
f 769/529/205 770/525/205 771/526/205
f 769/529/205 771/526/205 772/530/205
f 773/527/184 774/531/184 775/532/184
f 773/527/184 775/532/184 776/528/184
f 777/533/206 778/529/206 779/530/206
f 777/533/206 779/530/206 780/534/206
f 781/531/188 782/535/188 783/536/188
f 781/531/188 783/536/188 784/532/188
f 785/537/207 786/533/207 787/534/207
f 785/537/207 787/534/207 788/538/207
f 789/535/191 790/539/191 791/540/191
f 789/535/191 791/540/191 792/536/191
f 793/541/208 794/537/208 795/538/208
f 793/541/208 795/538/208 796/542/208
f 797/539/194 798/543/194 799/544/194
f 797/539/194 799/544/194 800/540/194
f 801/350/209 802/409/209 803/545/209
f 801/350/209 803/545/209 804/546/209
f 805/409/210 806/351/210 807/547/210
f 805/409/211 807/547/211 808/545/211
f 809/351/212 810/354/212 811/548/212
f 809/351/213 811/548/213 812/547/213
f 813/354/214 814/356/214 815/549/214
f 813/354/215 815/549/215 816/548/215
f 817/356/216 818/358/216 819/550/216
f 817/356/216 819/550/216 820/549/216
f 821/358/217 822/360/217 823/551/217
f 821/358/218 823/551/218 824/550/218
f 825/360/219 826/362/219 827/552/219
f 825/360/219 827/552/219 828/551/219
f 829/362/220 830/364/220 831/553/220
f 829/362/220 831/553/220 832/552/220
f 833/364/221 834/366/221 835/554/221
f 833/364/221 835/554/221 836/553/221
f 837/366/222 838/368/222 839/555/222
f 837/366/222 839/555/222 840/554/222
f 841/368/223 842/370/223 843/556/223
f 841/368/224 843/556/224 844/555/224
f 845/370/225 846/372/225 847/557/225
f 845/370/225 847/557/225 848/556/225
s 1
f 849/372/226 850/374/226 851/558/226
s 0
f 849/372/227 851/558/227 852/557/227
f 853/374/228 854/376/228 855/559/228
f 853/374/229 855/559/229 856/558/229
f 857/376/230 858/378/230 859/560/230
f 857/376/231 859/560/231 860/559/231
f 861/378/232 862/380/232 863/561/232
s 1
f 861/378/232 863/561/232 864/560/232
s 0
f 865/380/233 866/382/233 867/562/233
f 865/380/234 867/562/234 868/561/234
f 869/382/235 870/384/235 871/563/235
f 869/382/236 871/563/236 872/562/236
s 1
f 873/384/237 874/386/237 875/564/237
s 0
f 873/384/238 875/564/238 876/563/238
f 877/386/239 878/388/239 879/565/239
f 877/386/240 879/565/240 880/564/240
f 881/388/241 882/390/241 883/566/241
f 881/388/242 883/566/242 884/565/242
f 885/390/243 886/392/243 887/567/243
f 885/390/244 887/567/244 888/566/244
f 889/392/245 890/394/245 891/568/245
f 889/392/245 891/568/245 892/567/245
f 893/394/246 894/396/246 895/569/246
f 893/394/246 895/569/246 896/568/246
f 897/396/247 898/398/247 899/570/247
f 897/396/247 899/570/247 900/569/247
f 901/398/248 902/400/248 903/571/248
f 901/398/248 903/571/248 904/570/248
f 905/400/249 906/402/249 907/572/249
f 905/400/250 907/572/250 908/571/250
f 909/402/251 910/404/251 911/573/251
f 909/402/252 911/573/252 912/572/252
f 913/404/253 914/406/253 915/574/253
f 913/404/253 915/574/253 916/573/253
f 917/406/254 918/408/254 919/575/254
f 917/406/255 919/575/255 920/574/255
f 921/408/256 922/347/256 923/576/256
f 921/408/257 923/576/257 924/575/257
f 925/347/258 926/350/258 927/546/258
f 925/347/259 927/546/259 928/576/259
f 929/577/260 930/578/260 931/481/260
f 929/577/261 931/481/261 932/412/261
f 933/578/262 934/579/262 935/415/262
f 933/578/263 935/415/263 936/481/263
s 1
f 937/579/264 938/580/264 939/416/264
s 0
f 937/579/265 939/416/265 940/415/265
f 941/580/266 942/581/266 943/419/266
f 941/580/267 943/419/267 944/416/267
f 945/581/268 946/582/268 947/421/268
f 945/581/269 947/421/269 948/419/269
f 949/582/270 950/583/270 951/423/270
f 949/582/271 951/423/271 952/421/271
f 953/583/272 954/584/272 955/425/272
f 953/583/272 955/425/272 956/423/272
f 957/584/273 958/585/273 959/427/273
f 957/584/273 959/427/273 960/425/273
f 961/585/274 962/586/274 963/429/274
f 961/585/274 963/429/274 964/427/274
f 965/586/275 966/587/275 967/431/275
f 965/586/275 967/431/275 968/429/275
f 969/587/276 970/588/276 971/433/276
f 969/587/276 971/433/276 972/431/276
f 973/588/277 974/589/277 975/435/277
f 973/588/277 975/435/277 976/433/277
f 977/589/278 978/590/278 979/437/278
f 977/589/278 979/437/278 980/435/278
f 981/590/279 982/591/279 983/439/279
f 981/590/280 983/439/280 984/437/280
f 985/591/281 986/592/281 987/441/281
f 985/591/282 987/441/282 988/439/282
f 989/592/283 990/593/283 991/443/283
f 989/592/284 991/443/284 992/441/284
f 993/593/285 994/594/285 995/449/285
f 993/593/286 995/449/286 996/443/286
f 997/594/287 998/595/287 999/451/287
f 997/594/288 999/451/288 1000/449/288
f 1001/595/289 1002/596/289 1003/453/289
f 1001/595/290 1003/453/290 1004/451/290
f 1005/596/291 1006/597/291 1007/455/291
s 1
f 1005/596/292 1007/455/292 1008/453/292
s 0
f 1009/597/293 1010/598/293 1011/457/293
f 1009/597/294 1011/457/294 1012/455/294
f 1013/598/295 1014/599/295 1015/459/295
f 1013/598/296 1015/459/296 1016/457/296
f 1017/599/297 1018/600/297 1019/461/297
f 1017/599/298 1019/461/298 1020/459/298
f 1021/600/299 1022/601/299 1023/463/299
f 1021/600/300 1023/463/300 1024/461/300
f 1025/601/301 1026/602/301 1027/465/301
f 1025/601/301 1027/465/301 1028/463/301
f 1029/602/302 1030/603/302 1031/467/302
f 1029/602/303 1031/467/303 1032/465/303
f 1033/603/304 1034/604/304 1035/469/304
f 1033/603/305 1035/469/305 1036/467/305
f 1037/604/306 1038/605/306 1039/471/306
f 1037/604/307 1039/471/307 1040/469/307
f 1041/605/308 1042/606/308 1043/473/308
f 1041/605/309 1043/473/309 1044/471/309
f 1045/606/310 1046/607/310 1047/475/310
f 1045/606/311 1047/475/311 1048/473/311
f 1049/607/312 1050/608/312 1051/411/312
f 1049/607/313 1051/411/313 1052/475/313
f 1053/608/314 1054/577/314 1055/412/314
f 1053/608/315 1055/412/315 1056/411/315
f 1057/412/316 1058/481/316 1059/482/316
f 1057/412/316 1059/482/316 1060/413/316
f 1061/609/317 1062/610/317 1063/611/317
f 1061/609/317 1063/611/317 1064/612/317
f 1065/613/318 1066/614/318 1067/615/318
f 1065/613/318 1067/615/318 1068/616/318
f 1069/617/319 1070/618/319 1071/619/319
f 1069/617/319 1071/619/319 1072/620/319
f 1073/621/320 1074/622/320 1075/623/320
f 1073/621/320 1075/623/320 1076/624/320
f 1077/625/321 1078/626/321 1079/627/321
f 1077/625/321 1079/627/321 1080/628/321
f 1081/629/322 1082/630/322 1083/631/322
f 1081/629/322 1083/631/322 1084/632/322
f 1085/633/323 1086/634/323 1087/635/323
f 1085/633/324 1087/635/324 1088/636/324
f 1089/637/322 1090/638/322 1091/632/322
f 1089/637/322 1091/632/322 1092/631/322
f 1093/639/325 1094/640/325 1095/641/325
f 1093/639/325 1095/641/325 1096/642/325
f 1097/643/326 1098/644/326 1099/645/326
f 1097/643/326 1099/645/326 1100/646/326
f 1101/647/325 1102/648/325 1103/649/325
f 1101/647/325 1103/649/325 1104/650/325
f 1105/651/327 1106/652/327 1107/653/327
f 1105/651/327 1107/653/327 1108/654/327
f 1109/655/322 1110/656/322 1111/657/322
f 1109/655/322 1111/657/322 1112/658/322
f 1113/659/322 1114/660/322 1115/661/322
f 1113/659/322 1115/661/322 1116/662/322
f 1117/640/325 1118/639/325 1119/663/325
f 1117/640/325 1119/663/325 1120/664/325
f 1121/665/322 1122/666/322 1123/667/322
f 1121/665/322 1123/667/322 1124/668/322
f 1125/654/106 1126/653/106 1127/616/106
f 1125/654/106 1127/616/106 1128/615/106
s 1
f 1129/669/328 1130/670/329 1131/671/330
f 1129/669/328 1131/671/330 1132/672/330
s 0
f 1133/658/322 1134/657/322 1135/668/322
f 1133/658/322 1135/668/322 1136/667/322
f 1137/673/325 1138/674/325 1139/664/325
f 1137/673/325 1139/664/325 1140/663/325
f 1141/638/322 1142/637/322 1143/675/322
f 1141/638/322 1143/675/322 1144/676/322
f 1145/677/325 1146/678/325 1147/679/325
f 1145/677/325 1147/679/325 1148/680/325
f 1149/680/325 1150/679/325 1151/650/325
f 1149/680/325 1151/650/325 1152/649/325
f 1153/681/325 1154/682/325 1155/683/325
f 1153/681/325 1155/683/325 1156/684/325
f 1157/685/322 1158/686/322 1159/687/322
f 1157/685/322 1159/687/322 1160/688/322
f 1161/689/322 1162/690/322 1163/691/322
f 1161/689/322 1163/691/322 1164/692/322
f 1165/693/322 1166/694/322 1167/695/322
f 1165/693/322 1167/695/322 1168/696/322
f 1169/634/14 1170/633/14 1171/628/14
f 1169/634/14 1171/628/14 1172/627/14
f 1173/697/106 1174/698/106 1175/646/106
f 1173/697/106 1175/646/106 1176/645/106
f 1177/699/322 1178/700/322 1179/701/322
f 1177/699/322 1179/701/322 1180/702/322
f 1181/703/331 1182/704/331 1183/698/331
f 1181/703/331 1183/698/331 1184/697/331
f 1185/692/322 1186/691/322 1187/688/322
f 1185/692/322 1187/688/322 1188/687/322
f 1189/694/322 1190/693/322 1191/705/322
f 1189/694/322 1191/705/322 1192/706/322
f 1193/707/322 1194/708/322 1195/706/322
f 1193/707/322 1195/706/322 1196/705/322
s 1
f 1197/709/332 1198/710/332 1199/711/333
f 1197/709/332 1199/711/333 1200/712/334
s 0
f 1201/617/14 1202/624/14 1203/623/14
f 1201/617/14 1203/623/14 1204/618/14
f 1205/713/322 1206/714/322 1114/660/322
f 1205/713/322 1114/660/322 1113/659/322
s 1
f 1207/715/335 1208/716/336 1130/670/329
f 1207/715/335 1130/670/329 1129/669/328
f 1209/717/325 1210/718/325 1154/682/325
s 0
f 1209/717/325 1154/682/325 1153/681/325
s 1
f 1211/719/322 1212/720/322 1178/700/322
s 0
f 1211/719/322 1178/700/322 1177/699/322
s 1
f 1213/721/337 1214/722/337 1198/710/332
f 1213/721/337 1198/710/332 1197/709/332
f 1215/723/338 1216/724/338 1214/722/337
f 1215/723/338 1214/722/337 1213/721/337
s 0
f 1217/725/322 1218/726/322 1212/720/322
f 1217/725/322 1212/720/322 1211/719/322
f 1219/727/325 1220/728/325 1210/718/325
f 1219/727/325 1210/718/325 1209/717/325
s 1
f 1221/729/339 1222/730/339 1208/716/336
f 1221/729/339 1208/716/336 1207/715/335
s 0
f 1223/731/322 1224/732/322 1206/714/322
f 1223/731/322 1206/714/322 1205/713/322
f 1225/733/340 1226/734/340 1227/612/340
f 1225/733/340 1227/612/340 1228/611/340
f 1229/735/341 1230/736/341 1231/737/341
f 1229/735/341 1231/737/341 1232/738/341
s 1
f 1233/739/342 1234/740/343 1235/741/344
f 1233/739/342 1235/741/344 1236/742/345
s 0
f 1237/743/346 1238/744/346 1239/745/346
f 1237/743/346 1239/745/346 1240/746/346
f 1241/747/347 1242/748/347 1243/734/347
f 1241/747/347 1243/734/347 1244/733/347
s 1
f 1245/749/348 1246/750/349 1247/751/350
f 1245/749/348 1247/751/350 1248/752/350
f 1236/742/345 1235/741/344 1246/750/349
f 1236/742/345 1246/750/349 1245/749/348
s 0
f 1249/753/14 1250/754/14 1251/755/14
f 1249/753/14 1251/755/14 1252/756/14
f 1253/757/322 1254/758/322 1255/759/322
f 1253/757/351 1255/759/351 1256/760/351
s 1
f 1257/761/332 1258/762/332 1259/763/333
f 1257/761/332 1259/763/333 1260/764/334
s 0
f 1261/765/351 1262/766/351 1263/760/351
f 1261/765/352 1263/760/352 1264/759/352
f 1265/767/325 1266/768/325 1267/769/325
f 1265/767/325 1267/769/325 1268/770/325
f 1269/771/106 1270/772/106 1271/773/106
f 1269/771/106 1271/773/106 1272/774/106
f 1273/775/325 1274/776/325 1275/777/325
f 1273/775/325 1275/777/325 1276/778/325
f 1277/779/322 1278/780/322 1279/781/322
f 1277/779/322 1279/781/322 1280/782/322
f 1281/783/322 1282/784/322 1283/785/322
f 1281/783/322 1283/785/322 1284/786/322
s 1
f 1285/768/353 1286/767/353 1287/787/353
s 0
f 1285/768/325 1287/787/325 1288/788/325
f 1289/789/322 1290/790/322 1291/791/322
f 1289/789/322 1291/791/322 1292/792/322
f 1293/782/322 1294/781/322 1295/792/322
f 1293/782/322 1295/792/322 1296/791/322
f 1297/793/325 1298/794/325 1299/788/325
f 1297/793/325 1299/788/325 1300/787/325
f 1301/766/322 1302/765/322 1303/795/322
s 1
f 1301/766/322 1303/795/322 1304/796/322
s 0
f 1305/797/325 1306/798/325 1307/799/325
f 1305/797/325 1307/799/325 1308/800/325
f 1309/800/325 1310/799/325 1311/778/325
f 1309/800/325 1311/778/325 1312/777/325
f 1313/801/325 1314/802/325 1315/803/325
f 1313/801/325 1315/803/325 1316/804/325
f 1317/754/323 1318/753/323 1319/805/323
f 1317/754/324 1319/805/324 1320/806/324
f 1321/807/321 1322/808/321 1323/756/321
f 1321/807/321 1323/756/321 1324/755/321
s 1
f 1325/809/338 1326/810/338 1327/811/337
f 1325/809/338 1327/811/337 1328/812/337
s 0
f 1329/813/331 1330/814/331 1331/772/331
f 1329/813/331 1331/772/331 1332/771/331
f 1333/815/322 1334/816/322 1282/784/322
f 1333/815/322 1282/784/322 1281/783/322
s 1
f 1335/817/325 1336/818/325 1314/802/325
s 0
f 1335/817/325 1314/802/325 1313/801/325
s 1
f 1328/812/337 1327/811/337 1258/762/332
f 1328/812/337 1258/762/332 1257/761/332
s 0
f 1337/819/325 1338/820/325 1336/818/325
f 1337/819/325 1336/818/325 1335/817/325
f 1339/821/322 1340/822/322 1334/816/322
f 1339/821/322 1334/816/322 1333/815/322
f 1341/823/326 1342/824/326 1343/774/326
f 1341/823/326 1343/774/326 1344/773/326
f 1345/743/354 1346/738/354 1347/737/354
f 1345/743/354 1347/737/354 1348/744/354
s 1
f 1349/825/355 1350/826/356 1351/827/356
f 1349/825/355 1351/827/356 1352/828/356
f 1353/829/357 1354/830/358 1355/831/359
f 1353/829/357 1355/831/359 1356/832/360
f 1357/833/361 1358/834/362 1359/835/363
f 1357/833/361 1359/835/363 1360/836/364
f 1361/837/365 1362/838/365 1363/839/366
f 1361/837/365 1363/839/366 1364/840/366
s 0
f 1365/828/367 1366/831/367 1367/830/367
f 1365/828/367 1367/830/367 1368/825/367
f 1369/836/368 1370/839/368 1371/838/368
f 1369/836/368 1371/838/368 1372/833/368
s 1
f 1373/841/369 1359/835/363 1358/834/362
f 1373/841/369 1358/834/362 1374/842/370
f 1356/832/360 1375/843/371 1376/844/372
f 1356/832/360 1376/844/372 1353/829/357
f 1375/843/371 1373/841/369 1374/842/370
f 1375/843/371 1374/842/370 1376/844/372
s 0
f 1377/845/373 1378/846/373 1379/847/373
f 1377/845/373 1379/847/373 1380/848/373
f 1381/849/374 1382/850/374 1383/851/374
f 1381/849/374 1383/851/374 1384/852/374
f 1385/853/375 1386/854/375 1387/855/375
f 1385/853/375 1387/855/375 1388/856/375
s 1
f 1389/857/376 1390/858/376 1391/859/376
s 0
f 1389/857/376 1391/859/376 1392/860/376
f 1393/861/377 1394/862/377 1395/863/377
f 1393/861/377 1395/863/377 1396/864/377
f 1397/865/378 1398/866/378 1399/867/378
f 1397/865/378 1399/867/378 1400/868/378
f 1401/869/379 1402/870/379 1403/871/379
f 1401/869/379 1403/871/379 1404/872/379
f 1405/873/378 1406/867/378 1407/866/378
f 1405/873/378 1407/866/378 1408/874/378
f 1409/875/380 1410/876/380 1411/877/380
f 1409/875/380 1411/877/380 1412/878/380
f 1413/879/381 1414/880/381 1415/881/381
f 1413/879/381 1415/881/381 1416/882/381
f 1417/883/380 1418/884/380 1419/885/380
f 1417/883/380 1419/885/380 1420/886/380
f 1421/887/382 1422/888/382 1423/889/382
f 1421/887/382 1423/889/382 1424/890/382
f 1425/891/378 1426/892/378 1427/893/378
f 1425/891/378 1427/893/378 1428/894/378
f 1429/895/378 1430/896/378 1431/897/378
f 1429/895/378 1431/897/378 1432/898/378
f 1433/878/380 1434/899/380 1435/900/380
f 1433/878/380 1435/900/380 1436/875/380
f 1437/901/378 1438/902/378 1439/903/378
f 1437/901/378 1439/903/378 1440/904/378
f 1441/888/106 1442/851/106 1443/850/106
f 1441/888/106 1443/850/106 1444/889/106
s 1
f 1445/905/383 1446/906/384 1447/907/384
f 1445/905/383 1447/907/384 1448/908/385
f 1449/892/378 1450/903/378 1451/902/378
s 0
f 1449/892/378 1451/902/378 1452/893/378
f 1453/909/380 1454/900/380 1455/899/380
f 1453/909/380 1455/899/380 1456/910/380
f 1457/874/378 1458/911/378 1459/912/378
f 1457/874/378 1459/912/378 1460/873/378
f 1461/913/380 1462/914/380 1463/915/380
f 1461/913/380 1463/915/380 1464/916/380
f 1465/914/380 1466/885/380 1467/884/380
f 1465/914/380 1467/884/380 1468/915/380
f 1469/917/380 1470/918/380 1471/919/380
f 1469/917/380 1471/919/380 1472/920/380
f 1473/921/378 1474/922/378 1475/923/378
f 1473/921/378 1475/923/378 1476/924/378
f 1477/925/378 1478/926/378 1479/927/378
f 1477/925/378 1479/927/378 1480/928/378
f 1481/929/378 1482/930/378 1483/931/378
f 1481/929/378 1483/931/378 1484/932/378
f 1485/872/14 1486/863/14 1487/862/14
f 1485/872/14 1487/862/14 1488/869/14
f 1489/933/106 1490/881/106 1491/880/106
f 1489/933/106 1491/880/106 1492/934/106
f 1493/935/378 1494/936/378 1495/937/378
f 1493/935/378 1495/937/378 1496/938/378
f 1497/939/386 1498/933/386 1499/934/386
f 1497/939/386 1499/934/386 1500/940/386
f 1501/926/378 1502/923/378 1503/922/378
f 1501/926/378 1503/922/378 1504/927/378
f 1505/932/387 1506/941/387 1507/942/387
f 1505/932/378 1507/942/378 1508/929/378
f 1509/943/388 1510/942/388 1511/941/388
f 1509/943/388 1511/941/388 1512/944/388
s 1
f 1513/945/389 1514/946/390 1515/947/390
f 1513/945/389 1515/947/390 1516/948/389
s 0
f 1517/853/14 1518/856/14 1519/859/14
f 1517/853/14 1519/859/14 1520/858/14
f 1521/949/378 1429/895/378 1432/898/378
f 1521/949/378 1432/898/378 1522/950/378
s 1
f 1523/951/391 1445/905/383 1448/908/385
f 1523/951/391 1448/908/385 1524/952/392
s 0
f 1525/953/380 1469/917/380 1472/920/380
s 1
f 1525/953/380 1472/920/380 1526/954/380
s 0
f 1527/955/378 1493/935/378 1496/938/378
f 1527/955/378 1496/938/378 1528/956/378
s 1
f 1529/957/393 1513/945/389 1516/948/389
f 1529/957/393 1516/948/389 1530/958/393
f 1531/959/394 1529/957/393 1530/958/393
f 1531/959/394 1530/958/393 1532/960/394
s 0
f 1533/961/378 1527/955/378 1528/956/378
f 1533/961/378 1528/956/378 1534/962/378
f 1535/963/380 1525/953/380 1526/954/380
f 1535/963/380 1526/954/380 1536/964/380
s 1
f 1537/965/395 1523/951/391 1524/952/392
f 1537/965/395 1524/952/392 1538/966/395
s 0
f 1539/967/378 1521/949/378 1522/950/378
f 1539/967/378 1522/950/378 1540/968/378
f 1541/969/396 1542/847/396 1543/846/396
f 1541/969/396 1543/846/396 1544/970/396
f 1545/971/397 1546/972/397 1547/973/397
f 1545/971/398 1547/973/398 1548/974/398
s 1
f 1549/975/399 1550/976/400 1551/977/401
f 1549/975/399 1551/977/401 1552/978/402
s 0
f 1553/979/403 1554/980/403 1555/981/403
f 1553/979/403 1555/981/403 1556/982/403
f 1557/983/404 1558/969/404 1559/970/404
f 1557/983/405 1559/970/405 1560/984/405
s 1
f 1561/985/406 1562/986/407 1563/987/407
f 1561/985/406 1563/987/407 1564/988/408
f 1550/976/400 1561/985/406 1564/988/408
f 1550/976/400 1564/988/408 1551/977/401
s 0
f 1565/989/14 1566/990/14 1567/991/14
f 1565/989/14 1567/991/14 1568/992/14
f 1569/993/378 1570/994/378 1571/995/378
f 1569/993/378 1571/995/378 1572/996/378
s 1
f 1573/997/389 1574/998/409 1575/999/390
f 1573/997/389 1575/999/390 1576/1000/389
s 0
f 1577/1001/378 1578/995/378 1579/994/378
f 1577/1001/378 1579/994/378 1580/1002/378
f 1581/1003/380 1582/1004/380 1583/1005/380
f 1581/1003/380 1583/1005/380 1584/1006/380
f 1585/1007/106 1586/1008/106 1587/1009/106
f 1585/1007/106 1587/1009/106 1588/1010/106
f 1589/1011/380 1590/1012/380 1591/1013/380
f 1589/1011/380 1591/1013/380 1592/1014/380
f 1593/1015/410 1594/1016/410 1595/1017/410
f 1593/1015/378 1595/1017/378 1596/1018/378
s 1
f 1597/1019/378 1598/1020/378 1599/1021/378
s 0
f 1597/1019/378 1599/1021/378 1600/1022/378
f 1601/1006/380 1602/1023/380 1603/1024/380
f 1601/1006/380 1603/1024/380 1604/1003/380
f 1605/1025/378 1606/1026/378 1607/1027/378
f 1605/1025/378 1607/1027/378 1608/1028/378
f 1609/1016/378 1610/1027/378 1611/1026/378
f 1609/1016/378 1611/1026/378 1612/1017/378
f 1613/1029/380 1614/1024/380 1615/1023/380
f 1613/1029/380 1615/1023/380 1616/1030/380
f 1617/1002/378 1618/1031/378 1619/1032/378
f 1617/1002/378 1619/1032/378 1620/1001/378
f 1621/1033/380 1622/1034/380 1623/1035/380
f 1621/1033/380 1623/1035/380 1624/1036/380
f 1625/1034/411 1626/1013/411 1627/1012/411
f 1625/1034/380 1627/1012/380 1628/1035/380
f 1629/1037/380 1630/1038/380 1631/1039/380
f 1629/1037/380 1631/1039/380 1632/1040/380
f 1633/992/379 1634/1041/379 1635/1042/379
f 1633/992/379 1635/1042/379 1636/989/379
f 1637/1043/377 1638/991/377 1639/990/377
f 1637/1043/377 1639/990/377 1640/1044/377
s 1
f 1641/1045/394 1642/1046/393 1643/1047/393
f 1641/1045/394 1643/1047/393 1644/1048/394
s 0
f 1645/1049/386 1646/1007/386 1647/1010/386
f 1645/1049/386 1647/1010/386 1648/1050/386
f 1649/1051/378 1597/1019/378 1600/1022/378
f 1649/1051/378 1600/1022/378 1650/1052/378
f 1651/1053/380 1629/1037/380 1632/1040/380
f 1651/1053/380 1632/1040/380 1652/1054/380
s 1
f 1642/1046/393 1573/997/389 1576/1000/389
f 1642/1046/393 1576/1000/389 1643/1047/393
s 0
f 1653/1055/380 1651/1053/380 1652/1054/380
f 1653/1055/380 1652/1054/380 1654/1056/380
s 1
f 1655/1057/378 1649/1051/378 1650/1052/378
s 0
f 1655/1057/378 1650/1052/378 1656/1058/378
s 1
f 1657/1059/381 1658/1009/381 1659/1008/381
s 0
f 1657/1059/381 1659/1008/381 1660/1060/381
f 1661/979/412 1662/982/412 1663/973/412
f 1661/979/412 1663/973/412 1664/972/412
s 1
f 1665/1061/413 1666/1062/414 1667/1063/414
f 1665/1061/413 1667/1063/414 1668/1064/413
f 1669/1065/415 1670/1066/416 1671/1067/417
f 1669/1065/415 1671/1067/417 1672/1068/418
f 1673/1069/419 1674/1070/419 1675/1071/420
f 1673/1069/419 1675/1071/420 1676/1072/421
f 1677/1073/422 1678/1074/423 1679/1075/423
f 1677/1073/422 1679/1075/423 1680/1076/422
s 0
f 1681/1062/424 1682/1061/424 1683/1068/424
f 1681/1062/424 1683/1068/424 1684/1067/424
f 1685/1070/425 1686/1069/425 1687/1076/425
f 1685/1070/425 1687/1076/425 1688/1075/425
s 1
f 1689/1077/426 1690/1078/427 1676/1072/421
f 1689/1077/426 1676/1072/421 1675/1071/420
f 1670/1066/416 1669/1065/415 1691/1079/428
f 1670/1066/416 1691/1079/428 1692/1080/429
f 1692/1080/429 1691/1079/428 1690/1078/427
f 1692/1080/429 1690/1078/427 1689/1077/426
s 0
f 1693/1081/121 1694/1082/121 1695/1083/121
f 1693/1081/121 1695/1083/121 1696/1084/121
f 1697/1085/122 1698/1086/122 1699/1087/122
f 1697/1085/122 1699/1087/122 1700/1088/122
s 1
f 1701/1088/123 1702/1087/123 1703/1089/123
s 0
f 1701/1088/123 1703/1089/123 1704/1090/123
f 1705/1090/124 1706/1089/124 1707/1091/124
f 1705/1090/124 1707/1091/124 1708/1092/124
f 1709/1092/125 1710/1091/125 1711/1093/125
f 1709/1092/125 1711/1093/125 1712/1094/125
f 1713/1094/126 1714/1093/126 1715/1095/126
f 1713/1094/126 1715/1095/126 1716/1096/126
f 1717/1096/127 1718/1095/127 1719/1097/127
f 1717/1096/127 1719/1097/127 1720/1098/127
f 1721/1098/128 1722/1097/128 1723/1099/128
f 1721/1098/128 1723/1099/128 1724/1100/128
f 1725/1100/129 1726/1099/129 1727/1101/129
f 1725/1100/129 1727/1101/129 1728/1102/129
f 1729/1102/130 1730/1101/130 1731/1103/130
f 1729/1102/130 1731/1103/130 1732/1104/130
f 1733/1104/131 1734/1103/131 1735/1105/131
f 1733/1104/131 1735/1105/131 1736/1106/131
f 1737/1106/132 1738/1105/132 1739/1107/132
f 1737/1106/132 1739/1107/132 1740/1108/132
f 1741/1108/133 1742/1107/133 1743/1109/133
f 1741/1108/133 1743/1109/133 1744/1110/133
f 1745/1110/134 1746/1109/134 1747/1111/134
f 1745/1110/134 1747/1111/134 1748/1112/134
f 1749/1112/135 1750/1111/135 1751/1113/135
f 1749/1112/135 1751/1113/135 1752/1114/135
f 1753/1114/136 1754/1113/136 1755/1115/136
f 1753/1114/136 1755/1115/136 1756/1116/136
f 1757/1116/137 1758/1115/137 1759/1117/137
f 1757/1116/137 1759/1117/137 1760/1118/137
f 1761/1118/138 1762/1117/138 1763/1119/138
f 1761/1118/138 1763/1119/138 1764/1120/138
f 1765/1120/139 1766/1119/139 1767/1121/139
f 1765/1120/139 1767/1121/139 1768/1122/139
f 1769/1122/140 1770/1121/140 1771/1123/140
f 1769/1122/140 1771/1123/140 1772/1124/140
f 1773/1124/141 1774/1123/141 1775/1125/141
f 1773/1124/141 1775/1125/141 1776/1126/141
f 1777/1126/142 1778/1125/142 1779/1127/142
f 1777/1126/142 1779/1127/142 1780/1128/142
f 1781/1128/143 1782/1127/143 1783/1129/143
f 1781/1128/143 1783/1129/143 1784/1130/143
f 1785/1130/144 1786/1129/144 1787/1131/144
f 1785/1130/144 1787/1131/144 1788/1132/144
f 1789/1132/145 1790/1131/145 1791/1133/145
f 1789/1132/145 1791/1133/145 1792/1134/145
f 1793/1134/146 1794/1133/146 1795/1135/146
f 1793/1134/146 1795/1135/146 1796/1136/146
f 1797/1136/147 1798/1135/147 1799/1137/147
f 1797/1136/147 1799/1137/147 1800/1138/147
f 1801/1138/148 1802/1137/148 1803/1139/148
f 1801/1138/148 1803/1139/148 1804/1140/148
f 1805/1140/149 1806/1139/149 1807/1141/149
f 1805/1140/149 1807/1141/149 1808/1142/149
f 1809/1142/150 1810/1141/150 1811/1082/150
f 1809/1142/150 1811/1082/150 1812/1081/150
f 1813/1143/151 1814/1144/151 1815/1086/151
f 1813/1143/151 1815/1086/151 1816/1085/151
f 1817/1145/152 1818/1146/152 1819/1147/152
f 1817/1145/152 1819/1147/152 1820/1148/152
f 1821/1149/153 1822/1150/153 1823/1151/153
f 1821/1149/153 1823/1151/153 1824/1152/153
f 1825/1150/154 1826/1153/154 1827/1154/154
f 1825/1150/154 1827/1154/154 1828/1151/154
f 1829/1153/155 1830/1155/155 1831/1156/155
f 1829/1153/155 1831/1156/155 1832/1154/155
f 1833/1155/156 1834/1157/156 1835/1158/156
f 1833/1155/156 1835/1158/156 1836/1156/156
f 1837/1157/157 1838/1159/157 1839/1160/157
f 1837/1157/157 1839/1160/157 1840/1158/157
f 1841/1159/158 1842/1161/158 1843/1162/158
f 1841/1159/158 1843/1162/158 1844/1160/158
f 1845/1161/159 1846/1163/159 1847/1164/159
f 1845/1161/159 1847/1164/159 1848/1162/159
f 1849/1163/160 1850/1165/160 1851/1166/160
f 1849/1163/160 1851/1166/160 1852/1164/160
f 1853/1165/161 1854/1167/161 1855/1168/161
f 1853/1165/161 1855/1168/161 1856/1166/161
f 1857/1167/162 1858/1169/162 1859/1170/162
f 1857/1167/162 1859/1170/162 1860/1168/162
f 1861/1169/163 1862/1171/163 1863/1172/163
f 1861/1169/163 1863/1172/163 1864/1170/163
f 1865/1171/164 1866/1173/164 1867/1174/164
f 1865/1171/164 1867/1174/164 1868/1172/164
f 1869/1173/165 1870/1175/165 1871/1176/165
f 1869/1173/165 1871/1176/165 1872/1174/165
f 1873/1175/166 1874/1177/166 1875/1178/166
f 1873/1175/166 1875/1178/166 1876/1176/166
f 1877/1179/202 1878/1180/202 1879/1181/202
f 1877/1179/202 1879/1181/202 1880/1182/202
f 1881/1177/168 1882/1183/168 1883/1184/168
f 1881/1177/168 1883/1184/168 1884/1178/168
f 1885/1183/169 1886/1185/169 1887/1186/169
f 1885/1183/169 1887/1186/169 1888/1184/169
f 1889/1185/170 1890/1187/170 1891/1188/170
f 1889/1185/170 1891/1188/170 1892/1186/170
s 1
f 1893/1187/171 1894/1189/171 1895/1190/171
s 0
f 1893/1187/171 1895/1190/171 1896/1188/171
f 1897/1189/172 1898/1191/172 1899/1192/172
f 1897/1189/172 1899/1192/172 1900/1190/172
f 1901/1191/173 1902/1193/173 1903/1194/173
f 1901/1191/173 1903/1194/173 1904/1192/173
f 1905/1193/174 1906/1195/174 1907/1196/174
f 1905/1193/174 1907/1196/174 1908/1194/174
f 1909/1195/175 1910/1197/175 1911/1198/175
f 1909/1195/175 1911/1198/175 1912/1196/175
f 1913/1197/176 1914/1199/176 1915/1200/176
f 1913/1197/176 1915/1200/176 1916/1198/176
f 1917/1199/177 1918/1201/177 1919/1202/177
f 1917/1199/177 1919/1202/177 1920/1200/177
f 1921/1201/178 1922/1203/178 1923/1204/178
f 1921/1201/178 1923/1204/178 1924/1202/178
f 1925/1203/179 1926/1205/179 1927/1206/179
f 1925/1203/179 1927/1206/179 1928/1204/179
f 1929/1205/180 1930/1207/180 1931/1208/180
f 1929/1205/180 1931/1208/180 1932/1206/180
f 1933/1207/181 1934/1209/181 1935/1210/181
f 1933/1207/181 1935/1210/181 1936/1208/181
f 1937/1209/182 1938/1145/182 1939/1148/182
f 1937/1209/182 1939/1148/182 1940/1210/182
f 1941/1084/183 1942/1083/183 1943/1144/183
f 1941/1084/183 1943/1144/183 1944/1143/183
f 1945/1211/430 1946/1212/430 1947/1213/430
f 1945/1211/430 1947/1213/430 1948/1214/430
f 1949/1215/185 1950/1149/185 1951/1152/185
f 1949/1215/185 1951/1152/185 1952/1216/185
f 1953/1217/195 1954/1218/195 1955/1219/195
f 1953/1217/195 1955/1219/195 1956/1220/195
f 1957/1221/204 1958/1179/204 1959/1182/204
f 1957/1221/204 1959/1182/204 1960/1222/204
f 1961/1212/431 1962/1223/431 1963/1224/431
s 1
f 1961/1212/431 1963/1224/431 1964/1213/431
s 0
f 1965/1225/167 1966/1217/167 1967/1220/167
f 1965/1225/432 1967/1220/432 1968/1226/432
f 1969/1227/184 1970/1221/184 1971/1222/184
f 1969/1227/184 1971/1222/184 1972/1228/184
s 1
f 1973/1223/186 1974/1229/186 1975/1230/186
s 0
f 1973/1223/186 1975/1230/186 1976/1224/186
f 1977/1231/187 1978/1225/187 1979/1226/187
f 1977/1231/187 1979/1226/187 1980/1232/187
s 1
f 1981/1233/188 1982/1227/188 1983/1228/188
s 0
f 1981/1233/188 1983/1228/188 1984/1234/188
f 1985/1229/189 1986/1235/189 1987/1236/189
f 1985/1229/189 1987/1236/189 1988/1230/189
f 1989/1237/190 1990/1231/190 1991/1232/190
f 1989/1237/190 1991/1232/190 1992/1238/190
f 1993/1239/191 1994/1233/191 1995/1234/191
f 1993/1239/191 1995/1234/191 1996/1240/191
f 1997/1235/192 1998/1241/192 1999/1242/192
s 1
f 1997/1235/192 1999/1242/192 2000/1236/192
s 0
f 2001/1180/193 2002/1237/193 2003/1238/193
f 2001/1180/193 2003/1238/193 2004/1181/193
f 2005/1243/194 2006/1239/194 2007/1240/194
f 2005/1243/194 2007/1240/194 2008/1244/194
f 2009/1241/195 2010/1245/195 2011/1246/195
f 2009/1241/195 2011/1246/195 2012/1242/195
f 2013/1247/196 2014/1243/196 2015/1244/196
f 2013/1247/196 2015/1244/196 2016/1248/196
f 2017/1245/197 2018/1249/197 2019/1250/197
f 2017/1245/197 2019/1250/197 2020/1246/197
f 2021/1251/198 2022/1247/198 2023/1248/198
f 2021/1251/198 2023/1248/198 2024/1252/198
f 2025/1249/187 2026/1253/187 2027/1254/187
f 2025/1249/187 2027/1254/187 2028/1250/187
f 2029/1255/199 2030/1251/199 2031/1252/199
f 2029/1255/199 2031/1252/199 2032/1256/199
f 2033/1253/190 2034/1257/190 2035/1258/190
f 2033/1253/190 2035/1258/190 2036/1254/190
f 2037/1259/200 2038/1255/200 2039/1256/200
f 2037/1259/200 2039/1256/200 2040/1260/200
f 2041/1257/193 2042/1261/193 2043/1262/193
f 2041/1257/193 2043/1262/193 2044/1258/193
f 2045/1263/201 2046/1259/201 2047/1260/201
f 2045/1263/201 2047/1260/201 2048/1264/201
f 2049/1261/202 2050/1265/202 2051/1266/202
f 2049/1261/202 2051/1266/202 2052/1262/202
f 2053/1267/203 2054/1263/203 2055/1264/203
f 2053/1267/203 2055/1264/203 2056/1268/203
f 2057/1265/204 2058/1269/204 2059/1270/204
f 2057/1265/204 2059/1270/204 2060/1266/204
f 2061/1271/205 2062/1267/205 2063/1268/205
f 2061/1271/205 2063/1268/205 2064/1272/205
s 1
f 2065/1269/184 2066/1273/184 2067/1274/184
f 2065/1269/184 2067/1274/184 2068/1270/184
s 0
f 2069/1275/206 2070/1271/206 2071/1272/206
f 2069/1275/206 2071/1272/206 2072/1276/206
f 2073/1084/209 2074/1143/209 2075/1277/209
f 2073/1084/209 2075/1277/209 2076/1278/209
f 2077/1143/210 2078/1085/210 2079/1279/210
f 2077/1143/211 2079/1279/211 2080/1277/211
f 2081/1085/212 2082/1088/212 2083/1280/212
f 2081/1085/213 2083/1280/213 2084/1279/213
f 2085/1088/214 2086/1090/214 2087/1281/214
f 2085/1088/215 2087/1281/215 2088/1280/215
f 2089/1090/216 2090/1092/216 2091/1282/216
f 2089/1090/216 2091/1282/216 2092/1281/216
f 2093/1092/217 2094/1094/217 2095/1283/217
f 2093/1092/218 2095/1283/218 2096/1282/218
f 2097/1094/219 2098/1096/219 2099/1284/219
f 2097/1094/219 2099/1284/219 2100/1283/219
f 2101/1096/220 2102/1098/220 2103/1285/220
f 2101/1096/220 2103/1285/220 2104/1284/220
f 2105/1098/221 2106/1100/221 2107/1286/221
f 2105/1098/221 2107/1286/221 2108/1285/221
f 2109/1100/222 2110/1102/222 2111/1287/222
s 1
f 2109/1100/222 2111/1287/222 2112/1286/222
s 0
f 2113/1102/223 2114/1104/223 2115/1288/223
f 2113/1102/224 2115/1288/224 2116/1287/224
f 2117/1104/225 2118/1106/225 2119/1289/225
f 2117/1104/225 2119/1289/225 2120/1288/225
f 2121/1106/226 2122/1108/226 2123/1290/226
f 2121/1106/227 2123/1290/227 2124/1289/227
f 2125/1108/228 2126/1110/228 2127/1291/228
f 2125/1108/229 2127/1291/229 2128/1290/229
f 2129/1110/230 2130/1112/230 2131/1292/230
f 2129/1110/231 2131/1292/231 2132/1291/231
f 2133/1112/232 2134/1114/232 2135/1293/232
f 2133/1112/232 2135/1293/232 2136/1292/232
f 2137/1114/233 2138/1116/233 2139/1294/233
f 2137/1114/234 2139/1294/234 2140/1293/234
f 2141/1116/235 2142/1118/235 2143/1295/235
f 2141/1116/236 2143/1295/236 2144/1294/236
f 2145/1118/237 2146/1120/237 2147/1296/237
f 2145/1118/238 2147/1296/238 2148/1295/238
f 2149/1120/239 2150/1122/239 2151/1297/239
f 2149/1120/240 2151/1297/240 2152/1296/240
f 2153/1122/241 2154/1124/241 2155/1298/241
f 2153/1122/242 2155/1298/242 2156/1297/242
f 2157/1124/243 2158/1126/243 2159/1299/243
f 2157/1124/244 2159/1299/244 2160/1298/244
f 2161/1126/245 2162/1128/245 2163/1300/245
f 2161/1126/245 2163/1300/245 2164/1299/245
f 2165/1128/246 2166/1130/246 2167/1301/246
f 2165/1128/246 2167/1301/246 2168/1300/246
f 2169/1130/247 2170/1132/247 2171/1302/247
f 2169/1130/247 2171/1302/247 2172/1301/247
f 2173/1132/248 2174/1134/248 2175/1303/248
f 2173/1132/248 2175/1303/248 2176/1302/248
f 2177/1134/249 2178/1136/249 2179/1304/249
f 2177/1134/250 2179/1304/250 2180/1303/250
f 2181/1136/251 2182/1138/251 2183/1305/251
f 2181/1136/252 2183/1305/252 2184/1304/252
f 2185/1138/253 2186/1140/253 2187/1306/253
f 2185/1138/253 2187/1306/253 2188/1305/253
f 2189/1140/254 2190/1142/254 2191/1307/254
f 2189/1140/255 2191/1307/255 2192/1306/255
f 2193/1142/256 2194/1081/256 2195/1308/256
f 2193/1142/257 2195/1308/257 2196/1307/257
f 2197/1081/258 2198/1084/258 2199/1278/258
f 2197/1081/259 2199/1278/259 2200/1308/259
f 2201/1309/260 2202/1310/260 2203/1215/260
f 2201/1309/261 2203/1215/261 2204/1146/261
f 2205/1310/262 2206/1311/262 2207/1149/262
f 2205/1310/263 2207/1149/263 2208/1215/263
f 2209/1311/264 2210/1312/264 2211/1150/264
f 2209/1311/265 2211/1150/265 2212/1149/265
f 2213/1312/266 2214/1313/266 2215/1153/266
f 2213/1312/267 2215/1153/267 2216/1150/267
f 2217/1313/268 2218/1314/268 2219/1155/268
f 2217/1313/269 2219/1155/269 2220/1153/269
f 2221/1314/270 2222/1315/270 2223/1157/270
f 2221/1314/271 2223/1157/271 2224/1155/271
f 2225/1315/272 2226/1316/272 2227/1159/272
f 2225/1315/272 2227/1159/272 2228/1157/272
f 2229/1316/273 2230/1317/273 2231/1161/273
f 2229/1316/273 2231/1161/273 2232/1159/273
f 2233/1317/274 2234/1318/274 2235/1163/274
f 2233/1317/274 2235/1163/274 2236/1161/274
f 2237/1318/275 2238/1319/275 2239/1165/275
f 2237/1318/275 2239/1165/275 2240/1163/275
f 2241/1319/276 2242/1320/276 2243/1167/276
f 2241/1319/276 2243/1167/276 2244/1165/276
f 2245/1320/277 2246/1321/277 2247/1169/277
f 2245/1320/277 2247/1169/277 2248/1167/277
f 2249/1321/278 2250/1322/278 2251/1171/278
f 2249/1321/278 2251/1171/278 2252/1169/278
f 2253/1322/279 2254/1323/279 2255/1173/279
f 2253/1322/280 2255/1173/280 2256/1171/280
f 2257/1323/281 2258/1324/281 2259/1175/281
f 2257/1323/282 2259/1175/282 2260/1173/282
f 2261/1324/283 2262/1325/283 2263/1177/283
f 2261/1324/284 2263/1177/284 2264/1175/284
f 2265/1325/285 2266/1326/285 2267/1183/285
f 2265/1325/286 2267/1183/286 2268/1177/286
f 2269/1326/287 2270/1327/287 2271/1185/287
f 2269/1326/288 2271/1185/288 2272/1183/288
f 2273/1327/289 2274/1328/289 2275/1187/289
f 2273/1327/290 2275/1187/290 2276/1185/290
f 2277/1328/291 2278/1329/291 2279/1189/291
s 1
f 2277/1328/292 2279/1189/292 2280/1187/292
s 0
f 2281/1329/293 2282/1330/293 2283/1191/293
f 2281/1329/294 2283/1191/294 2284/1189/294
f 2285/1330/295 2286/1331/295 2287/1193/295
f 2285/1330/296 2287/1193/296 2288/1191/296
f 2289/1331/297 2290/1332/297 2291/1195/297
f 2289/1331/298 2291/1195/298 2292/1193/298
f 2293/1332/299 2294/1333/299 2295/1197/299
f 2293/1332/300 2295/1197/300 2296/1195/300
f 2297/1333/301 2298/1334/301 2299/1199/301
f 2297/1333/433 2299/1199/433 2300/1197/433
f 2301/1334/302 2302/1335/302 2303/1201/302
f 2301/1334/303 2303/1201/303 2304/1199/303
f 2305/1335/304 2306/1336/304 2307/1203/304
f 2305/1335/305 2307/1203/305 2308/1201/305
f 2309/1336/306 2310/1337/306 2311/1205/306
f 2309/1336/307 2311/1205/307 2312/1203/307
f 2313/1337/308 2314/1338/308 2315/1207/308
f 2313/1337/309 2315/1207/309 2316/1205/309
f 2317/1338/310 2318/1339/310 2319/1209/310
f 2317/1338/311 2319/1209/311 2320/1207/311
f 2321/1339/312 2322/1340/312 2323/1145/312
f 2321/1339/313 2323/1145/313 2324/1209/313
f 2325/1340/314 2326/1309/314 2327/1146/314
f 2325/1340/315 2327/1146/315 2328/1145/315
f 2329/1146/316 2330/1215/316 2331/1216/316
f 2329/1146/316 2331/1216/316 2332/1147/316
f 2333/1341/434 2334/1342/434 2335/1343/434
f 2333/1341/434 2335/1343/434 2336/1344/434
f 2337/1345/435 2338/1346/435 2339/1347/435
f 2337/1345/435 2339/1347/435 2340/1348/435
f 2341/1349/436 2342/1350/436 2343/1351/436
f 2341/1349/436 2343/1351/436 2344/1352/436
f 2345/1353/437 2346/1354/437 2347/1355/437
f 2345/1353/437 2347/1355/437 2348/1356/437
f 2349/1357/437 2350/1358/437 2351/1359/437
f 2349/1357/437 2351/1359/437 2352/1360/437
s 1
f 2353/1361/438 2354/1362/438 2355/1363/438
s 0
f 2353/1361/438 2355/1363/438 2356/1364/438
f 2357/1365/436 2358/1366/436 2359/1367/436
f 2357/1365/436 2359/1367/436 2360/1368/436
f 2361/1369/438 2362/1363/438 2363/1362/438
f 2361/1369/438 2363/1362/438 2364/1370/438
f 2365/1371/439 2366/1372/439 2367/1373/439
f 2365/1371/440 2367/1373/440 2368/1374/440
f 2369/1375/435 2370/1376/435 2371/1377/435
f 2369/1375/435 2371/1377/435 2372/1378/435
f 2373/1379/440 2374/1380/440 2375/1381/440
f 2373/1379/439 2375/1381/439 2376/1382/439
f 2377/1383/441 2378/1384/441 2379/1385/441
f 2377/1383/441 2379/1385/441 2380/1386/441
f 2381/1387/438 2382/1388/438 2383/1389/438
f 2381/1387/438 2383/1389/438 2384/1390/438
f 2385/1391/438 2386/1392/438 2387/1393/438
f 2385/1391/438 2387/1393/438 2388/1394/438
f 2389/1374/439 2390/1395/439 2391/1396/439
f 2389/1374/439 2391/1396/439 2392/1371/439
f 2393/1397/442 2394/1398/442 2395/1399/442
f 2393/1397/438 2395/1399/438 2396/1400/438
f 2397/1384/12 2398/1347/12 2399/1346/12
f 2397/1384/12 2399/1346/12 2400/1385/12
s 1
f 2401/1401/443 2402/1402/444 2403/1403/444
f 2401/1401/443 2403/1403/444 2404/1404/443
s 0
f 2405/1388/438 2406/1399/438 2407/1398/438
f 2405/1388/442 2407/1398/442 2408/1389/442
f 2409/1405/439 2410/1396/439 2411/1395/439
f 2409/1405/440 2411/1395/440 2412/1406/440
f 2413/1370/438 2414/1407/438 2415/1408/438
f 2413/1370/438 2415/1408/438 2416/1369/438
f 2417/1409/439 2418/1410/439 2419/1411/439
f 2417/1409/439 2419/1411/439 2420/1412/439
f 2421/1410/439 2422/1381/439 2423/1380/439
f 2421/1410/439 2423/1380/439 2424/1411/439
f 2425/1413/439 2426/1414/439 2427/1415/439
f 2425/1413/440 2427/1415/440 2428/1416/440
f 2429/1417/438 2430/1418/438 2431/1419/438
f 2429/1417/438 2431/1419/438 2432/1420/438
f 2433/1421/442 2434/1422/442 2435/1423/442
f 2433/1421/438 2435/1423/438 2436/1424/438
f 2437/1425/445 2438/1426/445 2439/1427/445
f 2437/1425/438 2439/1427/438 2440/1428/438
f 2441/1368/10 2442/1359/10 2443/1358/10
f 2441/1368/10 2443/1358/10 2444/1365/10
f 2445/1429/12 2446/1377/12 2447/1376/12
f 2445/1429/12 2447/1376/12 2448/1430/12
f 2449/1431/446 2450/1432/446 2451/1433/446
f 2449/1431/445 2451/1433/445 2452/1434/445
s 1
f 2453/1435/441 2454/1429/441 2455/1430/441
s 0
f 2453/1435/441 2455/1430/441 2456/1436/441
f 2457/1422/438 2458/1419/438 2459/1418/438
f 2457/1422/438 2459/1418/438 2460/1423/438
f 2461/1428/438 2462/1437/438 2463/1438/438
f 2461/1428/438 2463/1438/438 2464/1425/438
f 2465/1439/442 2466/1438/442 2467/1437/442
f 2465/1439/438 2467/1437/438 2468/1440/438
s 1
f 2469/1441/443 2470/1442/444 2471/1443/444
f 2469/1441/443 2471/1443/444 2472/1444/443
s 0
f 2473/1349/10 2474/1352/10 2475/1355/10
f 2473/1349/10 2475/1355/10 2476/1354/10
f 2477/1445/442 2385/1391/442 2388/1394/442
f 2477/1445/438 2388/1394/438 2478/1446/438
s 1
f 2479/1447/447 2401/1401/443 2404/1404/443
f 2479/1447/447 2404/1404/443 2480/1448/447
s 0
f 2481/1449/439 2425/1413/439 2428/1416/439
f 2481/1449/440 2428/1416/440 2482/1450/440
f 2483/1451/448 2449/1431/448 2452/1434/448
f 2483/1451/438 2452/1434/438 2484/1452/438
s 1
f 2485/1453/447 2469/1441/443 2472/1444/443
f 2485/1453/447 2472/1444/443 2486/1454/447
f 2487/1455/449 2485/1453/447 2486/1454/447
f 2487/1455/449 2486/1454/447 2488/1456/449
s 0
f 2489/1457/442 2483/1451/442 2484/1452/442
f 2489/1457/438 2484/1452/438 2490/1458/438
f 2491/1459/440 2481/1449/440 2482/1450/440
f 2491/1459/439 2482/1450/439 2492/1460/439
s 1
f 2493/1461/449 2479/1447/447 2480/1448/447
f 2493/1461/449 2480/1448/447 2494/1462/449
s 0
f 2495/1463/438 2477/1445/438 2478/1446/438
s 1
f 2495/1463/438 2478/1446/438 2496/1464/438
s 0
f 2497/1465/450 2498/1343/450 2499/1342/450
f 2497/1465/450 2499/1342/450 2500/1466/450
f 2501/1467/451 2502/1468/451 2503/1469/451
f 2501/1467/451 2503/1469/451 2504/1470/451
s 1
f 2505/1471/452 2506/1472/453 2507/1473/454
f 2505/1471/452 2507/1473/454 2508/1474/455
s 0
f 2509/1475/456 2510/1476/456 2511/1477/456
f 2509/1475/456 2511/1477/456 2512/1478/456
f 2513/1479/457 2514/1465/457 2515/1466/457
s 1
f 2513/1479/457 2515/1466/457 2516/1480/457
f 2517/1481/458 2518/1482/459 2519/1483/459
f 2517/1481/458 2519/1483/459 2520/1484/460
f 2506/1472/453 2517/1481/458 2520/1484/460
f 2506/1472/453 2520/1484/460 2507/1473/454
s 0
f 2521/1485/10 2522/1486/10 2523/1487/10
f 2521/1485/10 2523/1487/10 2524/1488/10
f 2525/1489/438 2526/1490/438 2527/1491/438
f 2525/1489/438 2527/1491/438 2528/1492/438
s 1
f 2529/1493/443 2530/1494/444 2531/1495/444
f 2529/1493/443 2531/1495/444 2532/1496/443
s 0
f 2533/1497/438 2534/1491/438 2535/1490/438
f 2533/1497/438 2535/1490/438 2536/1498/438
f 2537/1499/440 2538/1500/440 2539/1501/440
f 2537/1499/439 2539/1501/439 2540/1502/439
f 2541/1503/12 2542/1504/12 2543/1505/12
f 2541/1503/12 2543/1505/12 2544/1506/12
f 2545/1507/439 2546/1508/439 2547/1509/439
f 2545/1507/439 2547/1509/439 2548/1510/439
f 2549/1511/438 2550/1512/438 2551/1513/438
f 2549/1511/446 2551/1513/446 2552/1514/446
f 2553/1515/438 2554/1516/438 2555/1517/438
f 2553/1515/438 2555/1517/438 2556/1518/438
f 2557/1502/439 2558/1519/439 2559/1520/439
f 2557/1502/439 2559/1520/439 2560/1499/439
f 2561/1521/442 2562/1522/442 2563/1523/442
f 2561/1521/438 2563/1523/438 2564/1524/438
f 2565/1512/438 2566/1523/438 2567/1522/438
f 2565/1512/461 2567/1522/461 2568/1513/461
s 1
f 2569/1525/439 2570/1520/439 2571/1519/439
s 0
f 2569/1525/439 2571/1519/439 2572/1526/439
f 2573/1498/438 2574/1527/438 2575/1528/438
f 2573/1498/442 2575/1528/442 2576/1497/442
f 2577/1529/439 2578/1530/439 2579/1531/439
f 2577/1529/439 2579/1531/439 2580/1532/439
f 2581/1530/439 2582/1509/439 2583/1508/439
f 2581/1530/439 2583/1508/439 2584/1531/439
f 2585/1533/439 2586/1534/439 2587/1535/439
f 2585/1533/439 2587/1535/439 2588/1536/439
f 2589/1488/436 2590/1537/436 2591/1538/436
f 2589/1488/436 2591/1538/436 2592/1485/436
f 2593/1539/437 2594/1487/437 2595/1486/437
s 1
f 2593/1539/437 2595/1486/437 2596/1540/437
f 2597/1541/449 2598/1542/447 2599/1543/462
f 2597/1541/449 2599/1543/462 2600/1544/449
s 0
f 2601/1545/441 2602/1503/441 2603/1506/441
f 2601/1545/441 2603/1506/441 2604/1546/441
f 2605/1547/463 2553/1515/463 2556/1518/463
f 2605/1547/442 2556/1518/442 2606/1548/442
f 2607/1549/439 2585/1533/439 2588/1536/439
f 2607/1549/439 2588/1536/439 2608/1550/439
s 1
f 2598/1542/447 2529/1493/443 2532/1496/443
f 2598/1542/447 2532/1496/443 2599/1543/462
s 0
f 2609/1551/439 2607/1549/439 2608/1550/439
f 2609/1551/439 2608/1550/439 2610/1552/439
f 2611/1553/438 2605/1547/438 2606/1548/438
f 2611/1553/438 2606/1548/438 2612/1554/438
f 2613/1555/435 2614/1505/435 2615/1504/435
f 2613/1555/435 2615/1504/435 2616/1556/435
f 2617/1475/464 2618/1478/464 2619/1469/464
f 2617/1475/464 2619/1469/464 2620/1468/464
s 1
f 2621/1557/465 2622/1558/465 2623/1559/466
f 2621/1557/465 2623/1559/466 2624/1560/465
f 2625/1561/467 2626/1562/468 2627/1563/469
f 2625/1561/467 2627/1563/469 2628/1564/470
f 2629/1565/471 2630/1566/472 2631/1567/473
f 2629/1565/471 2631/1567/473 2632/1568/474
f 2633/1569/475 2634/1570/475 2635/1571/475
f 2633/1569/475 2635/1571/475 2636/1572/475
s 0
f 2637/1558/476 2638/1557/476 2639/1564/476
f 2637/1558/476 2639/1564/476 2640/1563/476
f 2641/1566/477 2642/1565/477 2643/1572/477
f 2641/1566/477 2643/1572/477 2644/1571/477
s 1
f 2645/1573/478 2646/1574/479 2632/1568/474
f 2645/1573/478 2632/1568/474 2631/1567/473
f 2626/1562/468 2625/1561/467 2647/1575/480
f 2626/1562/468 2647/1575/480 2648/1576/481
f 2648/1576/481 2647/1575/480 2646/1574/479
f 2648/1576/481 2646/1574/479 2645/1573/478
s 0
f 2649/1577/482 2650/1578/482 2651/1579/482
f 2649/1577/482 2651/1579/482 2652/1580/482
f 2653/1581/483 2654/1582/483 2655/1583/483
f 2653/1581/483 2655/1583/483 2656/1584/483
f 2657/1585/484 2658/1586/484 2659/1587/484
f 2657/1585/484 2659/1587/484 2660/1588/484
f 2661/1589/485 2662/1590/485 2663/1591/485
f 2661/1589/485 2663/1591/485 2664/1592/485
f 2665/1593/485 2666/1594/485 2667/1595/485
f 2665/1593/485 2667/1595/485 2668/1596/485
f 2669/1597/486 2670/1598/486 2671/1599/486
f 2669/1597/486 2671/1599/486 2672/1600/486
f 2673/1601/484 2674/1602/484 2675/1603/484
f 2673/1601/484 2675/1603/484 2676/1604/484
f 2677/1605/486 2678/1606/486 2679/1600/486
f 2677/1605/486 2679/1600/486 2680/1599/486
f 2681/1607/487 2682/1608/487 2683/1609/487
f 2681/1607/488 2683/1609/488 2684/1610/488
f 2685/1611/483 2686/1612/483 2687/1613/483
f 2685/1611/483 2687/1613/483 2688/1614/483
f 2689/1615/488 2690/1616/488 2691/1617/488
f 2689/1615/487 2691/1617/487 2692/1618/487
f 2693/1619/489 2694/1620/489 2695/1621/489
f 2693/1619/489 2695/1621/489 2696/1622/489
f 2697/1623/490 2698/1624/490 2699/1625/490
f 2697/1623/486 2699/1625/486 2700/1626/486
f 2701/1627/486 2702/1628/486 2703/1629/486
f 2701/1627/486 2703/1629/486 2704/1630/486
f 2705/1608/488 2706/1607/488 2707/1631/488
f 2705/1608/488 2707/1631/488 2708/1632/488
f 2709/1633/490 2710/1634/490 2711/1635/490
f 2709/1633/486 2711/1635/486 2712/1636/486
f 2713/1622/12 2714/1621/12 2715/1584/12
f 2713/1622/12 2715/1584/12 2716/1583/12
s 1
f 2717/1637/491 2718/1638/491 2719/1639/492
f 2717/1637/491 2719/1639/492 2720/1640/492
s 0
f 2721/1626/486 2722/1625/486 2723/1636/486
f 2721/1626/486 2723/1636/486 2724/1635/486
f 2725/1641/487 2726/1642/487 2727/1632/487
f 2725/1641/488 2727/1632/488 2728/1631/488
f 2729/1606/486 2730/1605/486 2731/1643/486
f 2729/1606/490 2731/1643/490 2732/1644/490
f 2733/1645/488 2734/1646/488 2735/1647/488
f 2733/1645/488 2735/1647/488 2736/1648/488
f 2737/1648/488 2738/1647/488 2739/1618/488
f 2737/1648/488 2739/1618/488 2740/1617/488
f 2741/1649/487 2742/1650/487 2743/1651/487
f 2741/1649/487 2743/1651/487 2744/1652/487
f 2745/1653/486 2746/1654/486 2747/1655/486
f 2745/1653/493 2747/1655/493 2748/1656/493
f 2749/1657/486 2750/1658/486 2751/1659/486
s 1
f 2749/1657/494 2751/1659/494 2752/1660/494
s 0
f 2753/1661/486 2754/1662/486 2755/1663/486
f 2753/1661/486 2755/1663/486 2756/1664/486
f 2757/1602/10 2758/1601/10 2759/1596/10
f 2757/1602/10 2759/1596/10 2760/1595/10
f 2761/1665/12 2762/1666/12 2763/1614/12
f 2761/1665/12 2763/1614/12 2764/1613/12
f 2765/1667/486 2766/1668/486 2767/1669/486
s 1
f 2765/1667/490 2767/1669/490 2768/1670/490
s 0
f 2769/1671/489 2770/1672/489 2771/1666/489
s 1
f 2769/1671/489 2771/1666/489 2772/1665/489
s 0
f 2773/1660/495 2774/1659/495 2775/1656/495
s 1
f 2773/1660/494 2775/1656/494 2776/1655/494
s 0
f 2777/1662/486 2778/1661/486 2779/1673/486
f 2777/1662/496 2779/1673/496 2780/1674/496
f 2781/1675/486 2782/1676/486 2783/1674/486
f 2781/1675/496 2783/1674/496 2784/1673/496
s 1
f 2785/1677/491 2786/1678/491 2787/1679/492
f 2785/1677/491 2787/1679/492 2788/1680/492
s 0
f 2789/1585/10 2790/1592/10 2791/1591/10
f 2789/1585/10 2791/1591/10 2792/1586/10
f 2793/1681/486 2794/1682/486 2702/1628/486
f 2793/1681/486 2702/1628/486 2701/1627/486
s 1
f 2795/1683/497 2796/1684/498 2718/1638/491
f 2795/1683/497 2718/1638/491 2717/1637/491
s 0
f 2797/1685/488 2798/1686/488 2742/1650/488
f 2797/1685/499 2742/1650/499 2741/1649/499
f 2799/1687/490 2800/1688/490 2766/1668/490
f 2799/1687/486 2766/1668/486 2765/1667/486
s 1
f 2801/1689/498 2802/1690/498 2786/1678/491
f 2801/1689/498 2786/1678/491 2785/1677/491
f 2803/1691/500 2804/1692/500 2802/1690/498
f 2803/1691/500 2802/1690/498 2801/1689/498
s 0
f 2805/1693/493 2806/1694/493 2800/1688/493
f 2805/1693/493 2800/1688/493 2799/1687/493
s 1
f 2807/1695/488 2808/1696/488 2798/1686/488
s 0
f 2807/1695/487 2798/1686/487 2797/1685/487
s 1
f 2809/1697/500 2810/1698/500 2796/1684/498
f 2809/1697/500 2796/1684/498 2795/1683/497
s 0
f 2811/1699/486 2812/1700/486 2794/1682/486
f 2811/1699/486 2794/1682/486 2793/1681/486
f 2813/1701/501 2814/1702/501 2815/1580/501
f 2813/1701/501 2815/1580/501 2816/1579/501
f 2817/1703/502 2818/1704/502 2819/1705/502
f 2817/1703/502 2819/1705/502 2820/1706/502
s 1
f 2821/1707/503 2822/1708/504 2823/1709/505
f 2821/1707/503 2823/1709/505 2824/1710/506
s 0
f 2825/1711/507 2826/1712/507 2827/1713/507
f 2825/1711/507 2827/1713/507 2828/1714/507
f 2829/1715/508 2830/1716/508 2831/1702/508
f 2829/1715/508 2831/1702/508 2832/1701/508
s 1
f 2833/1717/509 2834/1718/510 2835/1719/511
f 2833/1717/509 2835/1719/511 2836/1720/511
f 2824/1710/506 2823/1709/505 2834/1718/510
f 2824/1710/506 2834/1718/510 2833/1717/509
s 0
f 2837/1721/10 2838/1722/10 2839/1723/10
f 2837/1721/10 2839/1723/10 2840/1724/10
f 2841/1725/486 2842/1726/486 2843/1727/486
f 2841/1725/486 2843/1727/486 2844/1728/486
s 1
f 2845/1729/491 2846/1730/491 2847/1731/492
f 2845/1729/491 2847/1731/492 2848/1732/492
s 0
f 2849/1733/486 2850/1734/486 2851/1728/486
f 2849/1733/486 2851/1728/486 2852/1727/486
f 2853/1735/487 2854/1736/487 2855/1737/487
f 2853/1735/487 2855/1737/487 2856/1738/487
f 2857/1739/12 2858/1740/12 2859/1741/12
f 2857/1739/12 2859/1741/12 2860/1742/12
f 2861/1743/487 2862/1744/487 2863/1745/487
f 2861/1743/487 2863/1745/487 2864/1746/487
f 2865/1747/494 2866/1748/494 2867/1749/494
f 2865/1747/486 2867/1749/486 2868/1750/486
f 2869/1751/490 2870/1752/490 2871/1753/490
f 2869/1751/486 2871/1753/486 2872/1754/486
f 2873/1736/488 2874/1735/488 2875/1755/488
f 2873/1736/488 2875/1755/488 2876/1756/488
f 2877/1757/493 2878/1758/493 2879/1759/493
f 2877/1757/486 2879/1759/486 2880/1760/486
f 2881/1750/496 2882/1749/496 2883/1760/496
f 2881/1750/496 2883/1760/496 2884/1759/496
f 2885/1761/488 2886/1762/488 2887/1756/488
f 2885/1761/487 2887/1756/487 2888/1755/487
f 2889/1734/490 2890/1733/490 2891/1763/490
f 2889/1734/486 2891/1763/486 2892/1764/486
f 2893/1765/488 2894/1766/488 2895/1767/488
f 2893/1765/488 2895/1767/488 2896/1768/488
f 2897/1768/488 2898/1767/488 2899/1746/488
f 2897/1768/488 2899/1746/488 2900/1745/488
f 2901/1769/499 2902/1770/499 2903/1771/499
f 2901/1769/487 2903/1771/487 2904/1772/487
f 2905/1722/484 2906/1721/484 2907/1773/484
f 2905/1722/484 2907/1773/484 2908/1774/484
f 2909/1775/485 2910/1776/485 2911/1724/485
f 2909/1775/485 2911/1724/485 2912/1723/485
s 1
f 2913/1777/500 2914/1778/500 2915/1779/497
f 2913/1777/500 2915/1779/497 2916/1780/498
s 0
f 2917/1781/489 2918/1782/489 2919/1740/489
f 2917/1781/489 2919/1740/489 2920/1739/489
f 2921/1783/512 2922/1784/513 2870/1752/512
f 2921/1783/493 2870/1752/493 2869/1751/493
f 2923/1785/487 2924/1786/487 2902/1770/487
f 2923/1785/499 2902/1770/499 2901/1769/499
s 1
f 2916/1780/498 2915/1779/497 2846/1730/491
f 2916/1780/498 2846/1730/491 2845/1729/491
s 0
f 2925/1787/487 2926/1788/487 2924/1786/487
f 2925/1787/499 2924/1786/499 2923/1785/499
f 2927/1789/493 2928/1790/493 2922/1784/493
f 2927/1789/493 2922/1784/493 2921/1783/493
f 2929/1791/483 2930/1792/483 2931/1742/483
f 2929/1791/483 2931/1742/483 2932/1741/483
f 2933/1711/514 2934/1706/514 2935/1705/514
f 2933/1711/514 2935/1705/514 2936/1712/514
s 1
f 2937/1793/515 2938/1794/515 2939/1795/516
f 2937/1793/515 2939/1795/516 2940/1796/515
f 2941/1797/517 2942/1798/518 2943/1799/519
f 2941/1797/517 2943/1799/519 2944/1800/520
f 2945/1801/521 2946/1802/522 2947/1803/523
f 2945/1801/521 2947/1803/523 2948/1804/524
f 2949/1805/525 2950/1806/525 2951/1807/526
f 2949/1805/525 2951/1807/526 2952/1808/525
s 0
f 2953/1796/527 2954/1799/527 2955/1798/527
f 2953/1796/527 2955/1798/527 2956/1793/527
f 2957/1804/528 2958/1807/528 2959/1806/528
f 2957/1804/528 2959/1806/528 2960/1801/528
s 1
f 2961/1809/529 2947/1803/523 2946/1802/522
f 2961/1809/529 2946/1802/522 2962/1810/530
f 2944/1800/520 2963/1811/531 2964/1812/532
f 2944/1800/520 2964/1812/532 2941/1797/517
f 2963/1811/531 2961/1809/529 2962/1810/530
f 2963/1811/531 2962/1810/530 2964/1812/532
s 0
f 2965/493/101 2966/499/101 2967/546/101
f 2965/493/101 2967/546/101 2968/545/101
f 2969/487/101 2970/493/101 2971/545/101
f 2969/487/101 2971/545/101 2972/547/101
f 2973/445/101 2974/487/101 2975/547/101
f 2973/445/101 2975/547/101 2976/548/101
f 2977/446/101 2978/445/101 2979/548/101
f 2977/446/101 2979/548/101 2980/549/101
f 2981/1813/101 2977/446/101 2980/549/101
f 2981/1813/101 2980/549/101 2982/550/101
f 2983/1814/101 2981/1813/101 2982/550/101
f 2983/1814/101 2982/550/101 2984/551/101
f 2985/1815/101 2983/1814/101 2984/551/101
f 2985/1815/101 2984/551/101 2986/552/101
f 2987/1816/101 2988/1815/101 2989/552/101
f 2987/1816/101 2989/552/101 2990/553/101
f 2991/1817/101 2992/1816/101 2993/553/101
f 2991/1817/101 2993/553/101 2994/554/101
f 2995/1818/101 2996/1817/101 2997/554/101
f 2995/1818/101 2997/554/101 2998/555/101
f 2999/1819/101 2995/1818/101 2998/555/101
f 2999/1819/101 2998/555/101 3000/556/101
f 3001/1820/101 3002/1819/101 3003/556/101
f 3001/1820/101 3003/556/101 3004/557/101
f 3005/1821/101 3006/1820/101 3007/557/101
f 3005/1821/101 3007/557/101 3008/558/101
f 3009/1822/101 3010/1821/101 3011/558/101
f 3009/1822/101 3011/558/101 3012/559/101
f 3013/1823/101 3009/1822/101 3012/559/101
f 3013/1823/101 3012/559/101 3014/560/101
f 3015/541/101 3016/1823/101 3017/560/101
f 3015/541/101 3017/560/101 3018/561/101
f 3019/537/101 3020/541/101 3021/561/101
f 3019/537/101 3021/561/101 3022/562/101
f 3023/533/101 3019/537/101 3022/562/101
f 3023/533/101 3022/562/101 3024/563/101
f 3025/529/101 3026/533/101 3027/563/101
f 3025/529/101 3027/563/101 3028/564/101
f 3029/525/101 3030/529/101 3031/564/101
f 3029/525/101 3031/564/101 3032/565/101
f 3033/521/101 3034/525/101 3035/565/101
f 3033/521/101 3035/565/101 3036/566/101
f 3037/517/101 3038/521/101 3039/566/101
f 3037/517/101 3039/566/101 3040/567/101
f 3041/513/101 3042/517/101 3043/567/101
f 3041/513/101 3043/567/101 3044/568/101
f 3045/509/101 3041/513/101 3044/568/101
f 3045/509/101 3044/568/101 3046/569/101
f 3047/505/101 3048/509/101 3049/569/101
f 3047/505/101 3049/569/101 3050/570/101
f 3051/501/101 3052/505/101 3053/570/101
f 3051/501/101 3053/570/101 3054/571/101
f 3055/495/101 3051/501/101 3054/571/101
f 3055/495/101 3054/571/101 3056/572/101
f 3057/489/101 3055/495/101 3056/572/101
f 3057/489/101 3056/572/101 3058/573/101
f 3059/477/101 3060/489/101 3061/573/101
f 3059/477/101 3061/573/101 3062/574/101
f 3063/478/101 3064/477/101 3065/574/101
f 3063/478/101 3065/574/101 3066/575/101
f 3067/1824/101 3063/478/101 3066/575/101
f 3067/1824/101 3066/575/101 3068/576/101
f 3069/499/101 3067/1824/101 3068/576/101
f 3069/499/101 3068/576/101 3070/546/101
f 3071/1825/101 3072/1826/101 3073/578/101
f 3071/1825/101 3073/578/101 3074/577/101
f 3075/1826/101 3076/1827/101 3077/579/101
f 3075/1826/101 3077/579/101 3078/578/101
f 3079/1827/101 3080/1828/101 3081/580/101
f 3079/1827/101 3081/580/101 3082/579/101
f 3080/1828/101 3083/1829/101 3084/581/101
f 3080/1828/101 3084/581/101 3081/580/101
f 3083/1829/101 3085/1830/101 3086/582/101
f 3083/1829/101 3086/582/101 3084/581/101
f 3085/1830/101 3087/1831/101 3088/583/101
f 3085/1830/101 3088/583/101 3086/582/101
f 3087/1831/101 3089/1832/101 3090/584/101
f 3087/1831/101 3090/584/101 3088/583/101
f 3089/1832/101 3091/1833/101 3092/585/101
f 3089/1832/101 3092/585/101 3090/584/101
f 3093/1833/101 3094/1834/101 3095/586/101
f 3093/1833/101 3095/586/101 3096/585/101
f 3097/1834/101 3098/543/101 3099/587/101
f 3097/1834/101 3099/587/101 3100/586/101
f 3098/543/101 3101/539/101 3102/588/101
f 3098/543/101 3102/588/101 3099/587/101
f 3101/539/101 3103/535/101 3104/589/101
f 3101/539/101 3104/589/101 3102/588/101
f 3105/535/101 3106/531/101 3107/590/101
f 3105/535/101 3107/590/101 3108/589/101
f 3109/531/101 3110/527/101 3111/591/101
f 3109/531/101 3111/591/101 3112/590/101
f 3113/527/101 3114/523/101 3115/592/101
f 3113/527/101 3115/592/101 3116/591/101
f 3117/523/101 3118/519/101 3119/593/101
f 3117/523/101 3119/593/101 3120/592/101
f 3121/519/101 3122/515/101 3123/594/101
f 3121/519/101 3123/594/101 3124/593/101
f 3125/515/101 3126/511/101 3127/595/101
f 3125/515/101 3127/595/101 3128/594/101
f 3126/511/101 3129/507/101 3130/596/101
f 3126/511/101 3130/596/101 3127/595/101
f 3129/507/101 3131/503/101 3132/597/101
f 3129/507/101 3132/597/101 3130/596/101
f 3131/503/101 3133/497/101 3134/598/101
f 3131/503/101 3134/598/101 3132/597/101
f 3135/497/101 3136/491/101 3137/599/101
f 3135/497/101 3137/599/101 3138/598/101
f 3139/491/101 3140/484/101 3141/600/101
f 3139/491/101 3141/600/101 3142/599/101
f 3143/484/101 3144/483/101 3145/601/101
f 3143/484/101 3145/601/101 3146/600/101
f 3147/483/101 3148/1835/101 3149/602/101
f 3147/483/101 3149/602/101 3150/601/101
f 3151/1835/101 3152/1836/101 3153/603/101
f 3151/1835/101 3153/603/101 3154/602/101
f 3155/1836/101 3156/1837/101 3157/604/101
f 3155/1836/101 3157/604/101 3158/603/101
f 3159/1837/101 3160/1838/101 3161/605/101
f 3159/1837/101 3161/605/101 3162/604/101
f 3163/1838/101 3164/1839/101 3165/606/101
f 3163/1838/101 3165/606/101 3166/605/101
f 3167/1839/101 3168/1840/101 3169/607/101
f 3167/1839/101 3169/607/101 3170/606/101
f 3171/1840/101 3172/1841/101 3173/608/101
f 3171/1840/101 3173/608/101 3174/607/101
f 3175/1841/101 3176/1825/101 3177/577/101
f 3175/1841/101 3177/577/101 3178/608/101
f 3179/1835/431 3180/483/431 3181/486/431
f 3179/1835/431 3181/486/431 3182/1842/431
f 3183/478/204 3184/1824/204 3185/1843/204
f 3183/478/204 3185/1843/204 3186/479/204
f 3187/446/195 3188/1813/195 3189/1844/195
f 3187/446/195 3189/1844/195 3190/447/195
f 3191/1836/430 3192/1835/430 3193/1842/430
f 3191/1836/430 3193/1842/430 3194/1845/430
f 3195/1824/202 3196/499/202 3197/500/202
f 3195/1824/202 3197/500/202 3198/1843/202
s 1
f 3199/1813/192 3200/1814/192 3201/1846/192
s 0
f 3199/1813/192 3201/1846/192 3202/1844/192
f 3203/1837/533 3204/1836/533 3205/1845/533
f 3203/1837/533 3205/1845/533 3206/1847/533
f 3207/1826/208 3208/1825/208 3209/1848/208
f 3207/1826/208 3209/1848/208 3210/1849/208
f 3211/1814/189 3212/1815/189 3213/1850/189
f 3211/1814/189 3213/1850/189 3214/1846/189
f 3215/1838/534 3216/1837/534 3217/1847/534
f 3215/1838/534 3217/1847/534 3218/1851/534
f 3219/1827/207 3220/1826/207 3221/1849/207
f 3219/1827/207 3221/1849/207 3222/1852/207
f 3223/1815/186 3224/1816/186 3225/1853/186
f 3223/1815/186 3225/1853/186 3226/1850/186
f 3227/1839/535 3228/1838/535 3229/1851/535
f 3227/1839/535 3229/1851/535 3230/1854/535
f 3231/1828/206 3232/1827/206 3233/1852/206
f 3231/1828/206 3233/1852/206 3234/1855/206
f 3235/1816/431 3236/1817/431 3237/1856/431
f 3235/1816/431 3237/1856/431 3238/1853/431
f 3239/1840/536 3240/1839/536 3241/1854/536
f 3239/1840/536 3241/1854/536 3242/1857/536
f 3243/1829/205 3244/1828/205 3245/1855/205
f 3243/1829/205 3245/1855/205 3246/1858/205
f 3247/1817/430 3248/1818/430 3249/1859/430
f 3247/1817/430 3249/1859/430 3250/1856/430
f 3251/1841/537 3252/1840/537 3253/1857/537
f 3251/1841/537 3253/1857/537 3254/1860/537
f 3255/1830/203 3256/1829/203 3257/1858/203
f 3255/1830/203 3257/1858/203 3258/1861/203
f 3259/1818/533 3260/1819/533 3261/1862/533
f 3259/1818/533 3261/1862/533 3262/1859/533
f 3263/1825/538 3264/1841/538 3265/1860/538
f 3263/1825/538 3265/1860/538 3266/1848/538
f 3267/1831/201 3268/1830/201 3269/1861/201
f 3267/1831/201 3269/1861/201 3270/1863/201
f 3271/1819/534 3272/1820/534 3273/1864/534
f 3271/1819/534 3273/1864/534 3274/1862/534
f 3275/1832/200 3276/1831/200 3277/1863/200
f 3275/1832/200 3277/1863/200 3278/1865/200
f 3279/1820/539 3280/1821/539 3281/1866/539
f 3279/1820/539 3281/1866/539 3282/1864/539
f 3283/1833/199 3284/1832/199 3285/1865/199
f 3283/1833/199 3285/1865/199 3286/1867/199
f 3287/1821/536 3288/1822/536 3289/1868/536
f 3287/1821/536 3289/1868/536 3290/1866/536
f 3291/1834/198 3292/1833/198 3293/1867/198
f 3291/1834/198 3293/1867/198 3294/1869/198
f 3295/1822/537 3296/1823/537 3297/1870/537
f 3295/1822/537 3297/1870/537 3298/1868/537
f 3299/543/196 3300/1834/196 3301/1869/196
f 3299/543/196 3301/1869/196 3302/544/196
f 3303/1823/538 3304/541/538 3305/542/538
f 3303/1823/538 3305/542/538 3306/1870/538
f 3307/1237/101 3308/1180/101 3309/1278/101
f 3307/1237/101 3309/1278/101 3310/1277/101
f 3311/1231/101 3312/1237/101 3313/1277/101
f 3311/1231/101 3313/1277/101 3314/1279/101
f 3315/1225/101 3316/1231/101 3317/1279/101
f 3315/1225/101 3317/1279/101 3318/1280/101
f 3319/1217/101 3320/1225/101 3321/1280/101
f 3319/1217/101 3321/1280/101 3322/1281/101
f 3323/1218/101 3324/1217/101 3325/1281/101
f 3323/1218/101 3325/1281/101 3326/1282/101
f 3327/1871/101 3323/1218/101 3326/1282/101
f 3327/1871/101 3326/1282/101 3328/1283/101
f 3329/1872/101 3327/1871/101 3328/1283/101
f 3329/1872/101 3328/1283/101 3330/1284/101
f 3331/1873/101 3329/1872/101 3330/1284/101
f 3331/1873/101 3330/1284/101 3332/1285/101
f 3333/1874/101 3334/1873/101 3335/1285/101
f 3333/1874/101 3335/1285/101 3336/1286/101
f 3337/1875/101 3338/1874/101 3339/1286/101
f 3337/1875/101 3339/1286/101 3340/1287/101
f 3341/1876/101 3342/1875/101 3343/1287/101
f 3341/1876/101 3343/1287/101 3344/1288/101
f 3345/1877/101 3346/1876/101 3347/1288/101
f 3345/1877/101 3347/1288/101 3348/1289/101
f 3349/1878/101 3350/1877/101 3351/1289/101
f 3349/1878/101 3351/1289/101 3352/1290/101
f 3353/1879/101 3354/1878/101 3355/1290/101
f 3353/1879/101 3355/1290/101 3356/1291/101
f 3357/1880/101 3358/1879/101 3359/1291/101
f 3357/1880/101 3359/1291/101 3360/1292/101
f 3361/1881/101 3357/1880/101 3360/1292/101
f 3361/1881/101 3360/1292/101 3362/1293/101
f 3363/1882/101 3361/1881/101 3362/1293/101
f 3363/1882/101 3362/1293/101 3364/1294/101
f 3365/1275/101 3366/1882/101 3367/1294/101
f 3365/1275/101 3367/1294/101 3368/1295/101
f 3369/1271/101 3370/1275/101 3371/1295/101
f 3369/1271/101 3371/1295/101 3372/1296/101
f 3373/1267/101 3369/1271/101 3372/1296/101
f 3373/1267/101 3372/1296/101 3374/1297/101
f 3375/1263/101 3373/1267/101 3374/1297/101
f 3375/1263/101 3374/1297/101 3376/1298/101
f 3377/1259/101 3375/1263/101 3376/1298/101
f 3377/1259/101 3376/1298/101 3378/1299/101
f 3379/1255/101 3377/1259/101 3378/1299/101
f 3379/1255/101 3378/1299/101 3380/1300/101
f 3381/1251/101 3382/1255/101 3383/1300/101
f 3381/1251/101 3383/1300/101 3384/1301/101
f 3385/1247/101 3386/1251/101 3387/1301/101
f 3385/1247/101 3387/1301/101 3388/1302/101
f 3389/1243/101 3385/1247/101 3388/1302/101
f 3389/1243/101 3388/1302/101 3390/1303/101
f 3391/1239/101 3389/1243/101 3390/1303/101
f 3391/1239/101 3390/1303/101 3392/1304/101
f 3393/1233/101 3391/1239/101 3392/1304/101
f 3393/1233/101 3392/1304/101 3394/1305/101
f 3395/1227/101 3393/1233/101 3394/1305/101
f 3395/1227/101 3394/1305/101 3396/1306/101
f 3397/1221/101 3395/1227/101 3396/1306/101
f 3397/1221/101 3396/1306/101 3398/1307/101
f 3399/1179/101 3400/1221/101 3401/1307/101
f 3399/1179/101 3401/1307/101 3402/1308/101
f 3403/1180/101 3404/1179/101 3405/1308/101
f 3403/1180/101 3405/1308/101 3406/1278/101
f 3407/1883/101 3408/1884/101 3409/1310/101
f 3407/1883/101 3409/1310/101 3410/1309/101
f 3408/1884/101 3411/1885/101 3412/1311/101
f 3408/1884/101 3412/1311/101 3409/1310/101
f 3413/1885/101 3414/1886/101 3415/1312/101
f 3413/1885/101 3415/1312/101 3416/1311/101
f 3417/1886/101 3418/1887/101 3419/1313/101
f 3417/1886/101 3419/1313/101 3420/1312/101
f 3421/1887/101 3422/1888/101 3423/1314/101
f 3421/1887/101 3423/1314/101 3424/1313/101
f 3422/1888/101 3425/1889/101 3426/1315/101
f 3422/1888/101 3426/1315/101 3423/1314/101
f 3427/1889/101 3428/1890/101 3429/1316/101
f 3427/1889/101 3429/1316/101 3430/1315/101
f 3431/1890/101 3432/1891/101 3433/1317/101
f 3431/1890/101 3433/1317/101 3434/1316/101
f 3435/1891/101 3436/1892/101 3437/1318/101
f 3435/1891/101 3437/1318/101 3438/1317/101
f 3436/1892/101 3439/1893/101 3440/1319/101
f 3436/1892/101 3440/1319/101 3437/1318/101
f 3441/1893/101 3442/1894/101 3443/1320/101
f 3441/1893/101 3443/1320/101 3444/1319/101
f 3445/1894/101 3446/1895/101 3447/1321/101
f 3445/1894/101 3447/1321/101 3448/1320/101
f 3446/1895/101 3449/1273/101 3450/1322/101
f 3446/1895/101 3450/1322/101 3447/1321/101
f 3449/1273/101 3451/1269/101 3452/1323/101
f 3449/1273/101 3452/1323/101 3450/1322/101
f 3451/1269/101 3453/1265/101 3454/1324/101
f 3451/1269/101 3454/1324/101 3452/1323/101
f 3453/1265/101 3455/1261/101 3456/1325/101
f 3453/1265/101 3456/1325/101 3454/1324/101
f 3455/1261/101 3457/1257/101 3458/1326/101
f 3455/1261/101 3458/1326/101 3456/1325/101
f 3459/1257/101 3460/1253/101 3461/1327/101
f 3459/1257/101 3461/1327/101 3462/1326/101
f 3463/1253/101 3464/1249/101 3465/1328/101
f 3463/1253/101 3465/1328/101 3466/1327/101
f 3464/1249/101 3467/1245/101 3468/1329/101
f 3464/1249/101 3468/1329/101 3465/1328/101
f 3469/1245/101 3470/1241/101 3471/1330/101
f 3469/1245/101 3471/1330/101 3472/1329/101
f 3473/1241/101 3474/1235/101 3475/1331/101
f 3473/1241/101 3475/1331/101 3476/1330/101
f 3474/1235/101 3477/1229/101 3478/1332/101
f 3474/1235/101 3478/1332/101 3475/1331/101
f 3479/1229/101 3480/1223/101 3481/1333/101
f 3479/1229/101 3481/1333/101 3482/1332/101
f 3483/1223/101 3484/1212/101 3485/1334/101
f 3483/1223/101 3485/1334/101 3486/1333/101
f 3487/1212/101 3488/1211/101 3489/1335/101
f 3487/1212/101 3489/1335/101 3490/1334/101
f 3491/1211/101 3492/1896/101 3493/1336/101
f 3491/1211/101 3493/1336/101 3494/1335/101
f 3495/1896/101 3496/1897/101 3497/1337/101
f 3495/1896/101 3497/1337/101 3498/1336/101
f 3499/1897/101 3500/1898/101 3501/1338/101
f 3499/1897/101 3501/1338/101 3502/1337/101
f 3500/1898/101 3503/1899/101 3504/1339/101
f 3500/1898/101 3504/1339/101 3501/1338/101
f 3505/1899/101 3506/1900/101 3507/1340/101
f 3505/1899/101 3507/1340/101 3508/1339/101
f 3509/1900/101 3407/1883/101 3410/1309/101
f 3509/1900/101 3410/1309/101 3510/1340/101
f 3511/1218/192 3512/1871/192 3513/1901/192
f 3511/1218/192 3513/1901/192 3514/1219/192
f 3515/1896/533 3516/1211/533 3517/1214/533
f 3515/1896/533 3517/1214/533 3518/1902/533
f 3519/1884/208 3520/1883/208 3521/1903/208
f 3519/1884/208 3521/1903/208 3522/1904/208
f 3523/1871/189 3524/1872/189 3525/1905/189
f 3523/1871/189 3525/1905/189 3526/1901/189
f 3527/1897/534 3528/1896/534 3529/1902/534
f 3527/1897/534 3529/1902/534 3530/1906/534
f 3531/1885/207 3532/1884/207 3533/1904/207
f 3531/1885/207 3533/1904/207 3534/1907/207
f 3535/1872/186 3536/1873/186 3537/1908/186
f 3535/1872/186 3537/1908/186 3538/1905/186
f 3539/1898/535 3540/1897/535 3541/1906/535
f 3539/1898/535 3541/1906/535 3542/1909/535
f 3543/1886/206 3544/1885/206 3545/1907/206
f 3543/1886/206 3545/1907/206 3546/1910/206
f 3547/1873/431 3548/1874/431 3549/1911/431
f 3547/1873/431 3549/1911/431 3550/1908/431
f 3551/1899/536 3552/1898/536 3553/1909/536
f 3551/1899/536 3553/1909/536 3554/1912/536
f 3555/1887/205 3556/1886/205 3557/1910/205
f 3555/1887/205 3557/1910/205 3558/1913/205
f 3559/1874/430 3560/1875/430 3561/1914/430
f 3559/1874/430 3561/1914/430 3562/1911/430
f 3563/1900/537 3564/1899/537 3565/1912/537
f 3563/1900/537 3565/1912/537 3566/1915/537
f 3567/1888/203 3568/1887/203 3569/1913/203
f 3567/1888/540 3569/1913/540 3570/1916/540
f 3571/1875/533 3572/1876/533 3573/1917/533
f 3571/1875/533 3573/1917/533 3574/1914/533
f 3575/1883/538 3576/1900/538 3577/1915/538
f 3575/1883/538 3577/1915/538 3578/1903/538
f 3579/1889/201 3580/1888/201 3581/1916/201
f 3579/1889/201 3581/1916/201 3582/1918/201
f 3583/1876/534 3584/1877/534 3585/1919/534
f 3583/1876/534 3585/1919/534 3586/1917/534
f 3587/1890/200 3588/1889/200 3589/1918/200
f 3587/1890/200 3589/1918/200 3590/1920/200
f 3591/1877/539 3592/1878/539 3593/1921/539
f 3591/1877/539 3593/1921/539 3594/1919/539
f 3595/1891/199 3596/1890/199 3597/1920/199
f 3595/1891/199 3597/1920/199 3598/1922/199
f 3599/1878/536 3600/1879/536 3601/1923/536
f 3599/1878/536 3601/1923/536 3602/1921/536
f 3603/1892/198 3604/1891/198 3605/1922/198
f 3603/1892/198 3605/1922/198 3606/1924/198
f 3607/1879/537 3608/1880/537 3609/1925/537
f 3607/1879/537 3609/1925/537 3610/1923/537
f 3611/1893/196 3612/1892/196 3613/1924/196
f 3611/1893/196 3613/1924/196 3614/1926/196
f 3615/1880/538 3616/1881/538 3617/1927/538
f 3615/1880/538 3617/1927/538 3618/1925/538
f 3619/1894/194 3620/1893/194 3621/1926/194
f 3619/1894/194 3621/1926/194 3622/1928/194
f 3623/1881/208 3624/1882/208 3625/1929/208
f 3623/1881/208 3625/1929/208 3626/1927/208
f 3627/1895/191 3628/1894/191 3629/1928/191
f 3627/1895/191 3629/1928/191 3630/1930/191
f 3631/1882/207 3632/1275/207 3633/1276/207
f 3631/1882/207 3633/1276/207 3634/1929/207
f 3635/1273/188 3636/1895/188 3637/1930/188
f 3635/1273/188 3637/1930/188 3638/1274/188
s 1
f 3655/1931/541 3656/1932/541 3654/1933/541
f 3662/1934/542 3639/1935/541 3661/1936/543
f 3639/1935/541 3662/1934/542 3663/1937/541
f 3659/1938/541 3657/1939/541 3658/1940/541
f 3657/1939/541 3659/1938/541 3644/1941/541
f 3644/1941/541 3659/1938/541 3643/1942/544
f 3643/1942/544 3659/1938/541 3642/1943/542
f 3642/1943/542 3659/1938/541 3660/1944/541
f 3642/1943/542 3660/1944/541 3661/1936/543
f 3642/1943/542 3661/1936/543 3641/1945/541
f 3641/1945/541 3661/1936/543 3640/1946/541
f 3640/1946/541 3661/1936/543 3639/1935/541
f 3654/1933/541 3645/1947/543 3653/1948/541
f 3645/1947/543 3654/1933/541 3644/1941/541
f 3644/1941/541 3654/1933/541 3656/1932/541
f 3644/1941/541 3656/1932/541 3657/1939/541
f 3651/1949/541 3649/1950/541 3650/1951/541
f 3649/1950/541 3651/1949/541 3652/1952/541
f 3649/1950/541 3652/1952/541 3648/1953/542
f 3648/1953/542 3652/1952/541 3647/1954/545
f 3647/1954/545 3652/1952/541 3653/1948/541
f 3647/1954/545 3653/1948/541 3646/1955/542
f 3646/1955/542 3653/1948/541 3645/1947/543
s 0
f 3670/1956/10 3668/1957/10 3669/1958/10
f 3668/1957/10 3670/1956/10 3667/1959/10
f 3667/1959/10 3670/1956/10 3672/1960/10
f 3672/1960/10 3670/1956/10 3671/1961/10
f 3667/1959/10 3672/1960/10 3666/1962/10
f 3666/1962/10 3672/1960/10 3665/1963/10
f 3665/1963/10 3673/1964/10 3664/1965/10
f 3673/1964/10 3665/1963/10 3672/1960/10
f 3676/1966/12 3674/1967/12 3675/1968/12
f 3674/1967/12 3676/1966/12 3683/1969/12
f 3683/1969/12 3676/1966/12 3677/1970/12
f 3683/1969/12 3677/1970/12 3682/1971/12
f 3682/1971/12 3677/1970/12 3678/1972/12
f 3682/1971/12 3678/1972/12 3679/1973/12
f 3682/1971/12 3679/1973/12 3681/1974/12
f 3681/1974/12 3679/1973/12 3680/1975/12
o Estacion_Luz_Base_Cabina_0
v -1.102020 0.366775 -0.745332
v -0.751348 0.366775 -0.764217
v -0.747227 0.303854 -0.747469
v -1.093092 0.303854 -0.728583
v -1.208432 -0.469908 -0.537370
v -1.226374 -0.406705 -0.558911
v -1.102080 -0.406705 -0.745445
v -1.087727 -0.469908 -0.718519
v -0.751376 -0.406705 -0.764331
v -0.414937 -0.406705 -0.764331
v -0.415725 -0.469909 -0.737405
v -0.744751 -0.469908 -0.737405
v -1.226374 -0.406705 0.629523
v -1.226374 -0.406705 -0.558911
v -1.208432 -0.469908 -0.537370
v -1.208432 -0.469908 0.607982
v -0.200067 -0.469909 -0.718519
v -0.185714 -0.406705 -0.745445
v -0.061420 -0.406705 -0.558911
v -0.079362 -0.469909 -0.537370
v -0.185714 -0.406705 -0.745445
v -0.200067 -0.469909 -0.718519
v -0.185672 -0.352603 -0.745524
v -0.061368 -0.352603 -0.558974
v -0.194541 -0.288872 -0.728886
v -0.072454 -0.288872 -0.545663
v -1.226426 -0.352603 -0.558974
v -1.102122 -0.352603 -0.745524
v -1.215340 -0.288871 -0.545663
v -1.093253 -0.288871 -0.728885
v -1.093253 -0.288871 0.799498
v -1.215339 -0.288871 0.616275
v -1.226426 -0.352603 0.629586
v -1.102122 -0.352603 0.816136
v -1.226374 -0.406705 0.629523
v -1.102080 -0.406705 0.816058
v -0.415422 -0.288872 -0.747771
v -0.194541 -0.288872 -0.728886
v -0.185672 -0.352603 -0.745524
v -0.414934 -0.352603 -0.764409
v -1.215339 -0.288871 0.616275
v -1.215340 -0.288871 -0.545663
v -1.226426 -0.352603 -0.558974
v -1.226426 -0.352603 0.629586
v -1.093092 0.303854 -0.728583
v -1.215138 0.303854 -0.545421
v -1.226298 0.366775 -0.558820
v -1.102020 0.366775 -0.745332
v -1.226246 0.420695 -0.558757
v -1.101978 0.420695 -0.745253
v -1.214994 0.483090 -0.545248
v -1.092976 0.483090 -0.728367
v -1.214994 0.483090 0.615860
v -1.214994 0.483090 -0.545248
v -1.226246 0.420695 -0.558757
v -1.226245 0.420695 0.629369
v -1.226298 0.366775 -0.558820
v -1.226298 0.366775 0.629432
v -1.215138 0.303854 -0.545421
v -1.215138 0.303854 0.616033
v -0.415437 0.483090 -0.747253
v -0.194817 0.483090 -0.728367
v -0.185816 0.420695 -0.745253
v -0.414942 0.420695 -0.764138
v -0.185774 0.366774 -0.745332
v -0.414940 0.366774 -0.764217
v -1.092976 0.483090 0.798979
v -1.214994 0.483090 0.615860
v -1.226245 0.420695 0.629369
v -1.101977 0.420695 0.815865
v -1.226298 0.366775 0.629432
v -1.102020 0.366775 0.815944
v -1.215138 0.303854 0.616033
v -1.093092 0.303854 0.799195
v -0.072656 0.303854 -0.545421
v -0.194702 0.303854 -0.728583
v -0.185774 0.366774 -0.745332
v -0.061495 0.366774 -0.558820
v -0.185816 0.420695 -0.745253
v -0.061548 0.420695 -0.558757
v -0.194817 0.483090 -0.728367
v -0.072799 0.483090 -0.545248
v -1.087727 -0.469908 -0.718519
v -1.102080 -0.406705 -0.745445
v -0.747301 -0.288872 -0.747771
v -0.751395 -0.352603 -0.764409
v -0.747174 0.483090 -0.747253
v -0.751328 0.420695 -0.764138
v -0.415430 0.303854 -0.747469
v -1.101978 0.420695 -0.745253
v -1.092976 0.483090 -0.728367
v -1.102122 -0.352603 -0.745524
v -1.093253 -0.288871 -0.728885
v -0.194702 0.303854 -0.728583
v -1.208432 -0.469908 0.607982
v -1.087727 -0.469908 0.789131
v -0.586467 1.319610 0.216019
v -0.618449 1.334523 0.046281
v -0.635237 1.286736 0.044287
v -0.603255 1.271823 0.211697
v -0.280013 0.676168 -0.223178
v -0.329381 0.699189 -0.282258
v -0.304367 0.743389 -0.287669
v -0.254095 0.719947 -0.227506
v -0.286034 0.782661 -0.287694
v -0.235757 0.759217 -0.227526
v -0.268045 0.830604 -0.282328
v -0.218665 0.807578 -0.223233
v -0.724326 0.883355 -0.282258
v -0.773695 0.906375 -0.223178
v -0.756818 0.954371 -0.227506
v -0.706545 0.930928 -0.287669
v -0.738522 0.993660 -0.227526
v -0.688246 0.970216 -0.287694
v -0.712462 1.037840 -0.223233
v -0.663082 1.014814 -0.282328
v -0.773695 0.906375 0.211720
v -0.724326 0.883355 0.270801
v -0.706545 0.930928 0.276211
v -0.756818 0.954371 0.216048
v -0.688246 0.970216 0.276236
v -0.738522 0.993660 0.216069
v -0.663082 1.014814 0.270870
v -0.712462 1.037840 0.211776
v -0.218665 0.807578 0.211775
v -0.268045 0.830605 0.270870
v -0.286034 0.782661 0.276236
v -0.235757 0.759217 0.216069
v -0.304367 0.743389 0.276211
v -0.254095 0.719947 0.216048
v -0.329381 0.699189 0.270801
v -0.280013 0.676168 0.211720
v -0.744444 1.052753 -0.116319
v -0.712462 1.037840 -0.223233
v -0.738522 0.993660 -0.227526
v -0.770504 1.008574 -0.116555
v -0.756818 0.954371 -0.227506
v -0.788800 0.969284 -0.116554
v -0.268045 0.830605 0.270870
v -0.663082 1.014814 0.270870
v -0.688246 0.970216 0.276236
v -0.286034 0.782661 0.276236
v -0.706545 0.930928 0.276211
v -0.304367 0.743389 0.276211
v -0.724326 0.883355 0.270801
v -0.329381 0.699189 0.270801
v -0.663082 1.014814 -0.282328
v -0.268045 0.830604 -0.282328
v -0.286034 0.782661 -0.287694
v -0.688246 0.970216 -0.287694
v -0.304367 0.743389 -0.287669
v -0.706545 0.930928 -0.287669
v -0.329381 0.699189 -0.282258
v -0.724326 0.883355 -0.282258
v -0.603255 1.271823 0.211697
v -0.553891 1.248804 0.270772
v -0.536200 1.296170 0.276174
v -0.586467 1.319610 0.216019
v -0.517928 1.335310 0.276149
v -0.568190 1.358747 0.215999
v -0.493164 1.378913 0.270703
v -0.542516 1.401926 0.211642
v -0.493164 1.378913 -0.282160
v -0.098350 1.194808 -0.282160
v -0.115833 1.147810 -0.287606
v -0.517929 1.335310 -0.287606
v -0.134071 1.108654 -0.287632
v -0.536200 1.296170 -0.287632
v -0.158984 1.064656 -0.282230
v -0.553891 1.248804 -0.282230
v -0.098350 1.194808 0.270703
v -0.493164 1.378913 0.270703
v -0.517928 1.335310 0.276149
v -0.115833 1.147810 0.276149
v -0.536200 1.296170 0.276174
v -0.134071 1.108654 0.276174
v -0.553891 1.248804 0.270772
v -0.158984 1.064656 0.270772
v -0.773695 0.906375 -0.223178
v -0.805677 0.921289 -0.116316
v -0.574498 1.416839 -0.116312
v -0.542516 1.401926 -0.223099
v -0.568190 1.358747 -0.227456
v -0.600173 1.373661 -0.116551
v -0.586467 1.319610 -0.227477
v -0.618449 1.334523 -0.116552
v -0.048998 1.171795 0.211642
v -0.098350 1.194808 0.270703
v -0.115833 1.147810 0.276149
v -0.065571 1.124372 0.215999
v -0.134071 1.108654 0.276174
v -0.083805 1.085215 0.216019
v -0.158984 1.064656 0.270772
v -0.109621 1.041637 0.211697
v -0.109621 1.041637 -0.223155
v -0.158984 1.064656 -0.282230
v -0.134071 1.108654 -0.287632
v -0.083805 1.085215 -0.227477
v -0.115833 1.147810 -0.287606
v -0.065571 1.124372 -0.227456
v -0.098350 1.194808 -0.282160
v -0.048998 1.171795 -0.223099
v -0.553891 1.248804 -0.282230
v -0.603255 1.271823 -0.223155
v -0.586467 1.319610 -0.227477
v -0.536200 1.296170 -0.287632
v -0.568190 1.358747 -0.227456
v -0.517929 1.335310 -0.287606
v -0.542516 1.401926 -0.223099
v -0.493164 1.378913 -0.282160
v -0.744444 1.052753 0.044323
v -0.770504 1.008574 0.046304
v -0.788800 0.969284 0.046295
v -0.805677 0.921289 0.044297
v -0.574498 1.416839 0.044261
v -0.600173 1.373661 0.046272
v -0.635237 1.286736 -0.116315
v -0.568190 1.358747 0.215999
v -0.542516 1.401926 0.211642
v -0.756818 0.954371 0.216048
v -0.773695 0.906375 0.211720
v -0.738522 0.993660 0.216069
v -0.712462 1.037840 0.211776
v -0.603255 1.271823 -0.223155
v 0.066468 1.419198 -0.223178
v 0.017099 1.442219 -0.282258
v 0.042113 1.486419 -0.287669
v 0.092386 1.462977 -0.227506
v 0.060447 1.525691 -0.287694
v 0.110723 1.502247 -0.227526
v 0.078436 1.573634 -0.282328
v 0.127815 1.550608 -0.223233
v -0.377846 1.626384 -0.282258
v -0.427214 1.649405 -0.223178
v -0.410337 1.697400 -0.227506
v -0.360065 1.673958 -0.287669
v -0.392042 1.736690 -0.227526
v -0.341765 1.713246 -0.287694
v -0.365981 1.780869 -0.223233
v -0.316602 1.757843 -0.282328
v -0.427214 1.649405 0.211720
v -0.377846 1.626384 0.270801
v -0.360065 1.673958 0.276211
v -0.410337 1.697400 0.216048
v -0.341765 1.713246 0.276236
v -0.392042 1.736690 0.216069
v -0.316602 1.757843 0.270870
v -0.365981 1.780869 0.211776
v 0.127816 1.550608 0.211775
v 0.078436 1.573635 0.270870
v 0.060447 1.525691 0.276236
v 0.110723 1.502247 0.216069
v 0.042113 1.486419 0.276211
v 0.092386 1.462977 0.216048
v 0.017099 1.442219 0.270801
v 0.066468 1.419198 0.211720
v -0.397963 1.795783 -0.116319
v -0.365981 1.780869 -0.223233
v -0.392042 1.736690 -0.227526
v -0.424024 1.751604 -0.116555
v -0.410337 1.697400 -0.227506
v -0.442319 1.712314 -0.116554
v 0.078436 1.573635 0.270870
v -0.316602 1.757843 0.270870
v -0.341765 1.713246 0.276236
v 0.060447 1.525691 0.276236
v -0.360065 1.673958 0.276211
v 0.042113 1.486419 0.276211
v -0.377846 1.626384 0.270801
v 0.017099 1.442219 0.270801
v -0.316602 1.757843 -0.282328
v 0.078436 1.573634 -0.282328
v 0.060447 1.525691 -0.287694
v -0.341765 1.713246 -0.287694
v 0.042113 1.486419 -0.287669
v -0.360065 1.673958 -0.287669
v 0.017099 1.442219 -0.282258
v -0.377846 1.626384 -0.282258
v -0.427214 1.649405 -0.223178
v -0.459196 1.664319 -0.116316
v -0.397963 1.795783 0.044323
v -0.424024 1.751604 0.046304
v -0.442319 1.712314 0.046295
v -0.459196 1.664319 0.044297
v -0.410337 1.697400 0.216048
v -0.427214 1.649405 0.211720
v -0.392042 1.736690 0.216069
v -0.365981 1.780869 0.211776
v -0.642640 -1.257735 0.216019
v -0.659428 -1.209948 0.211697
v -0.691410 -1.224861 0.044287
v -0.674622 -1.272648 0.046281
v -0.336186 -0.614293 -0.223178
v -0.310268 -0.658072 -0.227506
v -0.360540 -0.681515 -0.287669
v -0.385554 -0.637314 -0.282258
v -0.291930 -0.697342 -0.227526
v -0.342207 -0.720786 -0.287694
v -0.274838 -0.745704 -0.223233
v -0.324218 -0.768730 -0.282328
v -0.780500 -0.821479 -0.282258
v -0.762719 -0.869053 -0.287669
v -0.812991 -0.892495 -0.227506
v -0.829868 -0.844500 -0.223178
v -0.744419 -0.908341 -0.287694
v -0.794695 -0.931785 -0.227526
v -0.719255 -0.952939 -0.282328
v -0.768635 -0.975965 -0.223233
v -0.829868 -0.844500 0.211720
v -0.812991 -0.892496 0.216048
v -0.762719 -0.869053 0.276211
v -0.780500 -0.821479 0.270801
v -0.794695 -0.931785 0.216069
v -0.744419 -0.908341 0.276236
v -0.768635 -0.975965 0.211776
v -0.719255 -0.952939 0.270870
v -0.274838 -0.745704 0.211775
v -0.291930 -0.697342 0.216069
v -0.342207 -0.720786 0.276236
v -0.324218 -0.768730 0.270870
v -0.310268 -0.658072 0.216048
v -0.360540 -0.681515 0.276211
v -0.336186 -0.614293 0.211720
v -0.385554 -0.637314 0.270801
v -0.800617 -0.990878 -0.116319
v -0.826678 -0.946699 -0.116555
v -0.794695 -0.931785 -0.227526
v -0.768635 -0.975965 -0.223233
v -0.844973 -0.907409 -0.116554
v -0.812991 -0.892495 -0.227506
v -0.324218 -0.768730 0.270870
v -0.342207 -0.720786 0.276236
v -0.744419 -0.908341 0.276236
v -0.719255 -0.952939 0.270870
v -0.360540 -0.681515 0.276211
v -0.762719 -0.869053 0.276211
v -0.385554 -0.637314 0.270801
v -0.780500 -0.821479 0.270801
v -0.719255 -0.952939 -0.282328
v -0.744419 -0.908341 -0.287694
v -0.342207 -0.720786 -0.287694
v -0.324218 -0.768730 -0.282328
v -0.762719 -0.869053 -0.287669
v -0.360540 -0.681515 -0.287669
v -0.780500 -0.821479 -0.282258
v -0.385554 -0.637314 -0.282258
v -0.659428 -1.209948 0.211697
v -0.642640 -1.257735 0.216019
v -0.592374 -1.234295 0.276174
v -0.610064 -1.186929 0.270772
v -0.624364 -1.296872 0.215999
v -0.574102 -1.273435 0.276149
v -0.598689 -1.340051 0.211642
v -0.549337 -1.317038 0.270703
v -0.549337 -1.317038 -0.282160
v -0.574102 -1.273435 -0.287606
v -0.172007 -1.085935 -0.287606
v -0.154523 -1.132933 -0.282160
v -0.592374 -1.234295 -0.287632
v -0.190244 -1.046780 -0.287632
v -0.610065 -1.186929 -0.282230
v -0.215157 -1.002781 -0.282230
v -0.154523 -1.132933 0.270703
v -0.172007 -1.085935 0.276149
v -0.574102 -1.273435 0.276149
v -0.549337 -1.317038 0.270703
v -0.190244 -1.046780 0.276174
v -0.592374 -1.234295 0.276174
v -0.215157 -1.002781 0.270772
v -0.610064 -1.186929 0.270772
v -0.861850 -0.859414 -0.116316
v -0.829868 -0.844500 -0.223178
v -0.630671 -1.354964 -0.116312
v -0.656346 -1.311786 -0.116551
v -0.624364 -1.296872 -0.227456
v -0.598689 -1.340051 -0.223099
v -0.674622 -1.272648 -0.116552
v -0.642640 -1.257735 -0.227477
v -0.105171 -1.109920 0.211642
v -0.121745 -1.062497 0.215999
v -0.172007 -1.085935 0.276149
v -0.154523 -1.132933 0.270703
v -0.139978 -1.023340 0.216019
v -0.190244 -1.046780 0.276174
v -0.165794 -0.979763 0.211697
v -0.215157 -1.002781 0.270772
v -0.165794 -0.979763 -0.223155
v -0.139978 -1.023340 -0.227477
v -0.190244 -1.046780 -0.287632
v -0.215157 -1.002781 -0.282230
v -0.121745 -1.062497 -0.227456
v -0.172007 -1.085935 -0.287606
v -0.105172 -1.109920 -0.223100
v -0.154523 -1.132933 -0.282160
v -0.610065 -1.186929 -0.282230
v -0.592374 -1.234295 -0.287632
v -0.642640 -1.257735 -0.227477
v -0.659428 -1.209948 -0.223155
v -0.574102 -1.273435 -0.287606
v -0.624364 -1.296872 -0.227456
v -0.549337 -1.317038 -0.282160
v -0.598689 -1.340051 -0.223099
v -0.800617 -0.990878 0.044323
v -0.826678 -0.946699 0.046304
v -0.844973 -0.907409 0.046295
v -0.861850 -0.859414 0.044297
v -0.630671 -1.354964 0.044261
v -0.656346 -1.311786 0.046272
v -0.691410 -1.224861 -0.116315
v -0.624364 -1.296872 0.215999
v -0.598689 -1.340051 0.211642
v -0.812991 -0.892496 0.216048
v -0.829868 -0.844500 0.211720
v -0.794695 -0.931785 0.216069
v -0.768635 -0.975965 0.211776
v -0.659428 -1.209948 -0.223155
v 0.010294 -1.357323 -0.223178
v 0.036212 -1.401102 -0.227506
v -0.014060 -1.424544 -0.287669
v -0.039074 -1.380344 -0.282259
v 0.054550 -1.440372 -0.227526
v 0.004274 -1.463817 -0.287694
v 0.071642 -1.488734 -0.223233
v 0.022262 -1.511760 -0.282328
v -0.434019 -1.564509 -0.282258
v -0.416238 -1.612083 -0.287669
v -0.466510 -1.635525 -0.227506
v -0.483388 -1.587530 -0.223178
v -0.397939 -1.651371 -0.287694
v -0.448215 -1.674815 -0.227526
v -0.372775 -1.695969 -0.282328
v -0.422155 -1.718995 -0.223233
v -0.483387 -1.587530 0.211720
v -0.466510 -1.635525 0.216048
v -0.416238 -1.612083 0.276211
v -0.434019 -1.564510 0.270801
v -0.448215 -1.674815 0.216069
v -0.397939 -1.651371 0.276236
v -0.422155 -1.718995 0.211775
v -0.372775 -1.695969 0.270870
v 0.071642 -1.488734 0.211775
v 0.054550 -1.440372 0.216069
v 0.004274 -1.463817 0.276236
v 0.022262 -1.511760 0.270870
v 0.036212 -1.401102 0.216048
v -0.014060 -1.424544 0.276211
v 0.010294 -1.357323 0.211720
v -0.039074 -1.380344 0.270801
v -0.454137 -1.733908 -0.116319
v -0.480197 -1.689728 -0.116555
v -0.448215 -1.674815 -0.227526
v -0.422155 -1.718995 -0.223233
v -0.498493 -1.650439 -0.116554
v -0.466510 -1.635525 -0.227506
v 0.022262 -1.511760 0.270870
v 0.004274 -1.463817 0.276236
v -0.397939 -1.651371 0.276236
v -0.372775 -1.695969 0.270870
v -0.014060 -1.424544 0.276211
v -0.416238 -1.612083 0.276211
v -0.039074 -1.380344 0.270801
v -0.434019 -1.564510 0.270801
v -0.372775 -1.695969 -0.282328
v -0.397939 -1.651371 -0.287694
v 0.004274 -1.463817 -0.287694
v 0.022262 -1.511760 -0.282328
v -0.416238 -1.612083 -0.287669
v -0.014060 -1.424544 -0.287669
v -0.434019 -1.564509 -0.282258
v -0.039074 -1.380344 -0.282259
v -0.515370 -1.602443 -0.116316
v -0.483388 -1.587530 -0.223178
v -0.454137 -1.733908 0.044323
v -0.480197 -1.689728 0.046304
v -0.498493 -1.650439 0.046295
v -0.515370 -1.602443 0.044297
v -0.466510 -1.635525 0.216048
v -0.483387 -1.587530 0.211720
v -0.448215 -1.674815 0.216069
v -0.422155 -1.718995 0.211775
v 0.082232 0.215712 1.143697
v 0.053082 0.211553 1.102359
v 0.030059 0.050464 1.121677
v 0.059209 0.052383 1.163016
v 0.149251 -0.206901 0.495272
v 0.185051 -0.211066 0.531327
v 0.148862 -0.268957 0.561693
v 0.113713 -0.263751 0.525092
v 0.212925 -0.211085 0.564515
v 0.176732 -0.268981 0.594884
v 0.242513 -0.206955 0.606333
v 0.206967 -0.263817 0.636160
v -0.170594 -0.263751 0.763654
v -0.140652 -0.268957 0.804624
v -0.176841 -0.211066 0.834990
v -0.206132 -0.206901 0.793474
v -0.112806 -0.268981 0.837835
v -0.148998 -0.211085 0.868204
v -0.077407 -0.263817 0.874777
v -0.112953 -0.206954 0.904604
v -0.206132 0.211575 0.793474
v -0.176841 0.215740 0.834990
v -0.140652 0.273631 0.804624
v -0.170594 0.268425 0.763654
v -0.148998 0.215759 0.868204
v -0.112805 0.273655 0.837835
v -0.112953 0.211628 0.904604
v -0.077407 0.268491 0.874777
v 0.242513 0.211628 0.606333
v 0.212925 0.215759 0.564515
v 0.176732 0.273655 0.594884
v 0.206967 0.268491 0.636160
v 0.185051 0.215740 0.531327
v 0.148862 0.273631 0.561693
v 0.149251 0.211575 0.495272
v 0.113713 0.268425 0.525092
v -0.135976 -0.104077 0.923923
v -0.172021 -0.104304 0.887522
v -0.148998 -0.211085 0.868204
v -0.112953 -0.206954 0.904604
v -0.199864 -0.104303 0.854308
v -0.176841 -0.211066 0.834990
v 0.206967 0.268491 0.636160
v 0.176732 0.273655 0.594884
v -0.112805 0.273655 0.837835
v -0.077407 0.268491 0.874777
v 0.148862 0.273631 0.561693
v -0.140652 0.273631 0.804624
v 0.113713 0.268425 0.525092
v -0.170594 0.268425 0.763654
v -0.077407 -0.263817 0.874777
v -0.112806 -0.268981 0.837835
v 0.176732 -0.268981 0.594884
v 0.206967 -0.263817 0.636160
v -0.140652 -0.268957 0.804624
v 0.148862 -0.268957 0.561693
v -0.170594 -0.263751 0.763654
v 0.113713 -0.263751 0.525092
v 0.053082 0.211553 1.102359
v 0.082232 0.215712 1.143697
v 0.118417 0.273595 1.113335
v 0.088617 0.268397 1.072541
v 0.110012 0.215692 1.176773
v 0.146194 0.273571 1.146413
v 0.145417 0.211500 1.212314
v 0.180944 0.268330 1.182503
v 0.180943 -0.263656 1.182503
v 0.146194 -0.268897 1.146413
v 0.435648 -0.268897 0.903532
v 0.465155 -0.263657 0.944021
v 0.118417 -0.268921 1.113335
v 0.407895 -0.268922 0.870433
v 0.088617 -0.263724 1.072541
v 0.372896 -0.263724 0.834002
v 0.465156 0.268330 0.944021
v 0.435648 0.273571 0.903533
v 0.146194 0.273571 1.146413
v 0.180944 0.268330 1.182503
v 0.407895 0.273595 0.870433
v 0.118417 0.273595 1.113335
v 0.372896 0.268397 0.834002
v 0.088617 0.268397 1.072541
v -0.229155 -0.104074 0.812792
v -0.206132 -0.206901 0.793474
v 0.122394 -0.104070 1.231632
v 0.086989 -0.104301 1.196091
v 0.110012 -0.211018 1.176773
v 0.145417 -0.206826 1.212314
v 0.059209 -0.104302 1.163016
v 0.082232 -0.211038 1.143697
v 0.500682 0.211500 0.914211
v 0.471830 0.215692 0.873173
v 0.435648 0.273571 0.903533
v 0.465156 0.268330 0.944021
v 0.444080 0.215712 0.840071
v 0.407895 0.273595 0.870433
v 0.408431 0.211553 0.804185
v 0.372896 0.268397 0.834002
v 0.408431 -0.206879 0.804185
v 0.444080 -0.211038 0.840071
v 0.407895 -0.268922 0.870433
v 0.372896 -0.263724 0.834002
v 0.471829 -0.211018 0.873172
v 0.435648 -0.268897 0.903532
v 0.500682 -0.206826 0.914211
v 0.465155 -0.263657 0.944021
v 0.088617 -0.263724 1.072541
v 0.118417 -0.268921 1.113335
v 0.082232 -0.211038 1.143697
v 0.053082 -0.206879 1.102358
v 0.146194 -0.268897 1.146413
v 0.110012 -0.211018 1.176773
v 0.180943 -0.263656 1.182503
v 0.145417 -0.206826 1.212314
v -0.135976 0.050498 0.923923
v -0.172021 0.052405 0.887522
v -0.199864 0.052396 0.854308
v -0.229155 0.050474 0.812792
v 0.122394 0.050439 1.231632
v 0.086989 0.052374 1.196091
v 0.030059 -0.104073 1.121677
v 0.110012 0.215692 1.176773
v 0.145417 0.211500 1.212314
v -0.176841 0.215740 0.834990
v -0.206132 0.211575 0.793474
v -0.148998 0.215759 0.868204
v -0.112953 0.211628 0.904604
v 0.053082 -0.206879 1.102358
v 0.676236 -0.206901 1.123308
v 0.712035 -0.211066 1.159363
v 0.675846 -0.268957 1.189729
v 0.640697 -0.263751 1.153128
v 0.739909 -0.211086 1.192551
v 0.703717 -0.268981 1.222920
v 0.769498 -0.206955 1.234369
v 0.733951 -0.263817 1.264196
v 0.356391 -0.263751 1.391689
v 0.386332 -0.268957 1.432660
v 0.350143 -0.211066 1.463026
v 0.320852 -0.206901 1.421510
v 0.414179 -0.268981 1.465870
v 0.377986 -0.211085 1.496239
v 0.449578 -0.263817 1.502813
v 0.414031 -0.206954 1.532640
v 0.320853 0.211575 1.421510
v 0.350143 0.215740 1.463026
v 0.386332 0.273631 1.432660
v 0.356391 0.268425 1.391689
v 0.377987 0.215759 1.496239
v 0.414179 0.273655 1.465870
v 0.414032 0.211628 1.532640
v 0.449578 0.268491 1.502813
v 0.769498 0.211628 1.234369
v 0.739909 0.215759 1.192551
v 0.703717 0.273655 1.222920
v 0.733952 0.268491 1.264196
v 0.712035 0.215740 1.159363
v 0.675846 0.273631 1.189729
v 0.676236 0.211575 1.123308
v 0.640697 0.268425 1.153128
v 0.391009 -0.104077 1.551959
v 0.354964 -0.104304 1.515558
v 0.377986 -0.211085 1.496239
v 0.414031 -0.206954 1.532640
v 0.327121 -0.104303 1.482344
v 0.350143 -0.211066 1.463026
v 0.733952 0.268491 1.264196
v 0.703717 0.273655 1.222920
v 0.414179 0.273655 1.465870
v 0.449578 0.268491 1.502813
v 0.675846 0.273631 1.189729
v 0.386332 0.273631 1.432660
v 0.640697 0.268425 1.153128
v 0.356391 0.268425 1.391689
v 0.449578 -0.263817 1.502813
v 0.414179 -0.268981 1.465870
v 0.703717 -0.268981 1.222920
v 0.733951 -0.263817 1.264196
v 0.386332 -0.268957 1.432660
v 0.675846 -0.268957 1.189729
v 0.356391 -0.263751 1.391689
v 0.640697 -0.263751 1.153128
v 0.297830 -0.104074 1.440828
v 0.320852 -0.206901 1.421510
v 0.391009 0.050498 1.551959
v 0.354964 0.052405 1.515558
v 0.327121 0.052396 1.482344
v 0.297830 0.050474 1.440828
v 0.350143 0.215740 1.463026
v 0.320853 0.211575 1.421510
v 0.377987 0.215759 1.496239
v 0.414032 0.211628 1.532640
v 0.006932 0.215712 -1.087680
v -0.016091 0.052383 -1.106999
v -0.045241 0.050464 -1.065660
v -0.022218 0.211553 -1.046342
v 0.073951 -0.206901 -0.439255
v 0.038413 -0.263751 -0.469075
v 0.073561 -0.268957 -0.505676
v 0.109750 -0.211066 -0.475310
v 0.101432 -0.268981 -0.538867
v 0.137624 -0.211085 -0.508498
v 0.131666 -0.263817 -0.580143
v 0.167213 -0.206955 -0.550316
v -0.245894 -0.263751 -0.707637
v -0.281433 -0.206901 -0.737457
v -0.252142 -0.211066 -0.778973
v -0.215953 -0.268957 -0.748607
v -0.224298 -0.211085 -0.812187
v -0.188106 -0.268981 -0.781818
v -0.188254 -0.206954 -0.848588
v -0.152707 -0.263817 -0.818760
v -0.281432 0.211575 -0.737457
v -0.245894 0.268425 -0.707637
v -0.215952 0.273631 -0.748607
v -0.252142 0.215740 -0.778973
v -0.188106 0.273655 -0.781818
v -0.224298 0.215759 -0.812187
v -0.152707 0.268491 -0.818760
v -0.188253 0.211628 -0.848588
v 0.167213 0.211628 -0.550316
v 0.131666 0.268491 -0.580143
v 0.101432 0.273655 -0.538867
v 0.137624 0.215759 -0.508498
v 0.073561 0.273631 -0.505676
v 0.109750 0.215740 -0.475310
v 0.038413 0.268425 -0.469075
v 0.073951 0.211575 -0.439255
v -0.211276 -0.104077 -0.867906
v -0.188254 -0.206954 -0.848588
v -0.224298 -0.211085 -0.812187
v -0.247321 -0.104304 -0.831505
v -0.252142 -0.211066 -0.778973
v -0.275164 -0.104303 -0.798292
v 0.131666 0.268491 -0.580143
v -0.152707 0.268491 -0.818760
v -0.188106 0.273655 -0.781818
v 0.101432 0.273655 -0.538867
v -0.215952 0.273631 -0.748607
v 0.073561 0.273631 -0.505676
v -0.245894 0.268425 -0.707637
v 0.038413 0.268425 -0.469075
v -0.152707 -0.263817 -0.818760
v 0.131666 -0.263817 -0.580143
v 0.101432 -0.268981 -0.538867
v -0.188106 -0.268981 -0.781818
v 0.073561 -0.268957 -0.505676
v -0.215953 -0.268957 -0.748607
v 0.038413 -0.263751 -0.469075
v -0.245894 -0.263751 -0.707637
v -0.022218 0.211553 -1.046342
v 0.013317 0.268397 -1.016524
v 0.043117 0.273595 -1.057318
v 0.006932 0.215712 -1.087680
v 0.070894 0.273571 -1.090396
v 0.034712 0.215692 -1.120757
v 0.105643 0.268330 -1.126487
v 0.070117 0.211500 -1.156297
v 0.105643 -0.263656 -1.126487
v 0.389856 -0.263657 -0.888005
v 0.360348 -0.268897 -0.847516
v 0.070894 -0.268897 -1.090396
v 0.332595 -0.268922 -0.814417
v 0.043117 -0.268922 -1.057318
v 0.297596 -0.263724 -0.777986
v 0.013317 -0.263724 -1.016524
v 0.389856 0.268330 -0.888005
v 0.105643 0.268330 -1.126487
v 0.070894 0.273571 -1.090396
v 0.360348 0.273571 -0.847516
v 0.043117 0.273595 -1.057318
v 0.332595 0.273595 -0.814417
v 0.013317 0.268397 -1.016524
v 0.297596 0.268397 -0.777986
v -0.281433 -0.206901 -0.737457
v -0.304455 -0.104074 -0.756775
v 0.047094 -0.104070 -1.175616
v 0.070117 -0.206826 -1.156297
v 0.034712 -0.211018 -1.120757
v 0.011689 -0.104301 -1.140075
v 0.006932 -0.211038 -1.087680
v -0.016091 -0.104302 -1.106999
v 0.425382 0.211500 -0.858194
v 0.389856 0.268330 -0.888005
v 0.360348 0.273571 -0.847516
v 0.396529 0.215692 -0.817156
v 0.332595 0.273595 -0.814417
v 0.368780 0.215712 -0.784054
v 0.297596 0.268397 -0.777986
v 0.333131 0.211553 -0.748168
v 0.333131 -0.206879 -0.748168
v 0.297596 -0.263724 -0.777986
v 0.332595 -0.268922 -0.814417
v 0.368780 -0.211038 -0.784054
v 0.360348 -0.268897 -0.847516
v 0.396529 -0.211018 -0.817156
v 0.389856 -0.263657 -0.888005
v 0.425382 -0.206826 -0.858194
v 0.013317 -0.263724 -1.016524
v -0.022218 -0.206879 -1.046342
v 0.006932 -0.211038 -1.087680
v 0.043117 -0.268922 -1.057318
v 0.034712 -0.211018 -1.120757
v 0.070894 -0.268897 -1.090396
v 0.070117 -0.206826 -1.156297
v 0.105643 -0.263656 -1.126487
v -0.211276 0.050498 -0.867906
v -0.247321 0.052405 -0.831505
v -0.275164 0.052396 -0.798292
v -0.304455 0.050474 -0.756775
v 0.047094 0.050439 -1.175616
v 0.011689 0.052374 -1.140075
v -0.045241 -0.104073 -1.065660
v 0.034712 0.215692 -1.120757
v 0.070117 0.211500 -1.156297
v -0.252142 0.215740 -0.778973
v -0.281432 0.211575 -0.737457
v -0.224298 0.215759 -0.812187
v -0.188253 0.211628 -0.848588
v -0.022218 -0.206879 -1.046342
v 0.600936 -0.206901 -1.067291
v 0.565397 -0.263751 -1.097111
v 0.600546 -0.268957 -1.133712
v 0.636735 -0.211066 -1.103346
v 0.628416 -0.268981 -1.166903
v 0.664609 -0.211086 -1.136534
v 0.658651 -0.263817 -1.208179
v 0.694198 -0.206955 -1.178352
v 0.281091 -0.263751 -1.335673
v 0.245552 -0.206901 -1.365493
v 0.274843 -0.211066 -1.407009
v 0.311032 -0.268957 -1.376643
v 0.302687 -0.211085 -1.440223
v 0.338879 -0.268981 -1.409854
v 0.338731 -0.206955 -1.476624
v 0.374278 -0.263817 -1.446797
v 0.245552 0.211575 -1.365493
v 0.281091 0.268425 -1.335673
v 0.311032 0.273630 -1.376643
v 0.274843 0.215740 -1.407009
v 0.338879 0.273655 -1.409854
v 0.302687 0.215759 -1.440223
v 0.374278 0.268491 -1.446797
v 0.338731 0.211628 -1.476624
v 0.694198 0.211628 -1.178352
v 0.658651 0.268491 -1.208179
v 0.628417 0.273655 -1.166903
v 0.664609 0.215759 -1.136534
v 0.600546 0.273630 -1.133712
v 0.636735 0.215740 -1.103346
v 0.565398 0.268425 -1.097111
v 0.600936 0.211575 -1.067291
v 0.315708 -0.104077 -1.495942
v 0.338731 -0.206955 -1.476624
v 0.302687 -0.211085 -1.440223
v 0.279664 -0.104304 -1.459541
v 0.274843 -0.211066 -1.407009
v 0.251820 -0.104303 -1.426328
v 0.658651 0.268491 -1.208179
v 0.374278 0.268491 -1.446797
v 0.338879 0.273655 -1.409854
v 0.628417 0.273655 -1.166903
v 0.311032 0.273630 -1.376643
v 0.600546 0.273630 -1.133712
v 0.281091 0.268425 -1.335673
v 0.565398 0.268425 -1.097111
v 0.374278 -0.263817 -1.446797
v 0.658651 -0.263817 -1.208179
v 0.628416 -0.268981 -1.166903
v 0.338879 -0.268981 -1.409854
v 0.600546 -0.268957 -1.133712
v 0.311032 -0.268957 -1.376643
v 0.565397 -0.263751 -1.097111
v 0.281091 -0.263751 -1.335673
v 0.245552 -0.206901 -1.365493
v 0.222530 -0.104075 -1.384811
v 0.315708 0.050498 -1.495942
v 0.279664 0.052405 -1.459541
v 0.251820 0.052396 -1.426328
v 0.222530 0.050474 -1.384812
v 0.274843 0.215740 -1.407009
v 0.245552 0.211575 -1.365493
v 0.302687 0.215759 -1.440223
v 0.338731 0.211628 -1.476624
v 0.115876 0.453059 2.326041
v 0.115876 -0.009619 2.371571
v 0.115876 -0.010230 2.619536
v 0.115876 0.500808 2.569166
v 0.115876 -0.472282 -2.325962
v 0.115876 -0.009619 -2.371571
v 0.115876 -0.010230 -2.619536
v 0.115876 -0.521284 -2.569239
v 0.115876 -0.009619 2.371571
v 0.115876 -0.472282 2.325962
v 0.115876 -0.521284 2.569240
v 0.115876 -0.010230 2.619536
v 0.115876 -0.472282 2.325962
v 0.115876 -0.917149 2.190972
v 0.115876 -1.012712 2.420204
v 0.115876 -0.521284 2.569240
v 0.115876 -0.917149 2.190972
v 0.115876 -1.327129 1.971794
v 0.115876 -1.465626 2.178154
v 0.115876 -1.012712 2.420204
v 0.115876 -1.327129 1.971794
v 0.115875 -1.686469 1.676851
v 0.115875 -1.862619 1.852388
v 0.115876 -1.465626 2.178154
v 0.115875 -1.686469 1.676851
v 0.115875 -1.981365 1.317479
v 0.115875 -2.188428 1.455426
v 0.115875 -1.862619 1.852388
v 0.115875 -1.981365 1.317479
v 0.115875 -2.200488 0.907488
v 0.115875 -2.430530 1.002521
v 0.115875 -2.188428 1.455426
v 0.115876 0.897972 2.191118
v 0.115876 0.453059 2.326041
v 0.115876 0.500808 2.569166
v 0.115876 0.992195 2.420068
v 0.115876 1.308018 1.971984
v 0.115876 0.897972 2.191118
v 0.115876 0.992195 2.420068
v 0.115876 1.445047 2.177976
v 0.115876 1.667437 1.677057
v 0.115876 1.308018 1.971984
v 0.115876 1.445047 2.177976
v 0.115876 1.841965 1.852196
v 0.115876 1.962412 1.317670
v 0.115876 1.667437 1.677057
v 0.115876 1.841965 1.852196
v 0.115876 2.167701 1.455248
v 0.115876 2.181602 0.907634
v 0.115876 1.962412 1.317670
v 0.115876 2.167701 1.455248
v 0.115876 2.409741 1.002385
v 0.115876 2.316580 0.462710
v 0.115876 2.181602 0.907634
v 0.115876 2.409741 1.002385
v 0.115876 2.558787 0.511010
v 0.115876 2.362158 0.000000
v 0.115876 2.316580 0.462710
v 0.115876 2.558787 0.511010
v 0.115876 2.609113 0.000000
v 0.115876 2.316580 -0.462710
v 0.115876 2.362158 0.000000
v 0.115876 2.609113 0.000000
v 0.115876 2.558787 -0.511009
v 0.115876 2.181602 -0.907633
v 0.115876 2.316580 -0.462710
v 0.115876 2.558787 -0.511009
v 0.115876 2.409741 -1.002385
v 0.115876 1.962412 -1.317669
v 0.115876 2.167701 -1.455247
v 0.115876 1.667437 -1.677057
v 0.115876 1.962412 -1.317669
v 0.115876 2.167701 -1.455247
v 0.115876 1.841965 -1.852195
v 0.115876 1.308018 -1.971984
v 0.115876 1.667437 -1.677057
v 0.115876 1.841965 -1.852195
v 0.115876 1.445047 -2.177976
v 0.115876 0.897972 -2.191118
v 0.115876 1.308018 -1.971984
v 0.115876 1.445047 -2.177976
v 0.115876 0.992195 -2.420068
v 0.115876 0.453059 -2.326041
v 0.115876 0.897972 -2.191118
v 0.115876 0.992195 -2.420068
v 0.115876 0.500808 -2.569165
v 0.115876 -0.009619 -2.371571
v 0.115876 0.453059 -2.326041
v 0.115876 0.500808 -2.569165
v 0.115876 -0.010230 -2.619536
v 0.115876 -0.917150 -2.190973
v 0.115876 -0.472282 -2.325962
v 0.115876 -0.521284 -2.569239
v 0.115876 -1.012712 -2.420204
v 0.115876 -1.327129 -1.971794
v 0.115876 -0.917150 -2.190973
v 0.115876 -1.012712 -2.420204
v 0.115876 -1.465626 -2.178154
v 0.115875 -1.686469 -1.676851
v 0.115876 -1.327129 -1.971794
v 0.115876 -1.465626 -2.178154
v 0.115875 -1.862619 -1.852388
v 0.115875 -1.981365 -1.317479
v 0.115875 -1.686469 -1.676851
v 0.115875 -1.862619 -1.852388
v 0.115875 -2.188428 -1.455425
v 0.115875 -2.200488 -0.907488
v 0.115875 -1.981365 -1.317479
v 0.115875 -2.188428 -1.455425
v 0.115875 -2.430530 -1.002521
v 0.115875 -2.335422 -0.462631
v 0.115875 -2.200488 -0.907488
v 0.115875 -2.430530 -1.002521
v 0.115875 -2.579618 -0.511083
v 0.115875 -2.380983 0.000000
v 0.115875 -2.335422 -0.462631
v 0.115875 -2.579618 -0.511083
v 0.115875 -2.629959 0.000000
v 0.115875 -2.335422 0.462631
v 0.115875 -2.380983 0.000000
v 0.115875 -2.629959 0.000000
v 0.115875 -2.579618 0.511083
v 0.115875 -2.200488 0.907488
v 0.115875 -2.335422 0.462631
v 0.115875 -2.579618 0.511083
v 0.115875 -2.430530 1.002521
v 0.831027 0.307878 1.579989
v 0.831027 -0.009565 1.611227
v 0.831027 -0.009981 1.755465
v 0.831027 0.335591 1.721404
v 0.831027 -0.326997 -1.611746
v 0.831027 -0.009565 -1.643039
v 0.831027 -0.009981 -1.787277
v 0.831027 -0.355564 -1.753266
v 0.831027 -0.009565 1.611227
v 0.831027 -0.326998 1.579935
v 0.831027 -0.355564 1.721454
v 0.831027 -0.009981 1.755465
v 0.831027 -0.326998 1.579935
v 0.831027 -0.632221 1.487318
v 0.831027 -0.687875 1.620674
v 0.831027 -0.355564 1.721454
v 0.831027 -0.632221 1.487318
v 0.831027 -0.913508 1.336940
v 0.831027 -0.994142 1.456995
v 0.831027 -0.687875 1.620674
v 0.831027 -0.913508 1.336940
v 0.831027 -1.160051 1.134580
v 0.831027 -1.262595 1.236708
v 0.831027 -0.994142 1.456995
v 0.831027 -1.160051 1.134580
v 0.831027 -1.362378 0.888015
v 0.831027 -1.482912 0.968275
v 0.831027 -1.262595 1.236708
v 0.831027 -1.362378 0.888015
v 0.831027 -1.512718 0.606721
v 0.831026 -1.646626 0.662014
v 0.831027 -1.482912 0.968275
v 0.831027 0.613132 1.487418
v 0.831027 0.307878 1.579989
v 0.831027 0.335591 1.721404
v 0.831027 0.667874 1.620582
v 0.831027 0.894465 1.337070
v 0.831027 0.613132 1.487418
v 0.831027 0.667874 1.620582
v 0.831027 0.974100 1.456875
v 0.831027 1.141062 1.134721
v 0.831027 0.894465 1.337070
v 0.831027 0.974100 1.456875
v 0.831027 1.242502 1.236577
v 0.831027 1.343444 0.888146
v 0.831027 1.141062 1.134721
v 0.831027 1.242502 1.236577
v 0.831027 1.462770 0.968155
v 0.831027 1.493830 0.606821
v 0.831027 1.343444 0.888146
v 0.831027 1.462770 0.968155
v 0.831027 1.626441 0.661922
v 0.831027 1.586438 0.301559
v 0.831027 1.493830 0.606821
v 0.831027 1.626441 0.661922
v 0.831027 1.727228 0.329646
v 0.831027 1.617709 -0.015906
v 0.831027 1.586438 0.301559
v 0.831027 1.727228 0.329646
v 0.831027 1.761260 -0.015906
v 0.831027 1.586438 -0.333371
v 0.831027 1.617709 -0.015906
v 0.831027 1.761260 -0.015906
v 0.831027 1.727228 -0.361458
v 0.831027 1.493830 -0.638633
v 0.831027 1.586438 -0.333371
v 0.831027 1.727228 -0.361458
v 0.831027 1.626441 -0.693734
v 0.831027 1.343444 -0.919958
v 0.831027 1.493830 -0.638633
v 0.831027 1.626441 -0.693734
v 0.831027 1.462770 -0.999967
v 0.831027 1.141062 -1.166533
v 0.831027 1.343444 -0.919958
v 0.831027 1.462770 -0.999967
v 0.831027 1.242502 -1.268389
v 0.831027 0.894464 -1.368883
v 0.831027 1.141062 -1.166533
v 0.831027 1.242502 -1.268389
v 0.831027 0.974100 -1.488687
v 0.831027 0.613132 -1.519230
v 0.831027 0.667874 -1.652394
v 0.831027 0.307878 -1.611800
v 0.831027 0.335591 -1.753216
v 0.831027 -0.009565 -1.643039
v 0.831027 0.307878 -1.611800
v 0.831027 0.335591 -1.753216
v 0.831027 -0.009981 -1.787277
v 0.831027 -0.632221 -1.519131
v 0.831027 -0.687875 -1.652486
v 0.831027 -0.913508 -1.368752
v 0.831027 -0.632221 -1.519131
v 0.831027 -0.687875 -1.652486
v 0.831027 -0.994142 -1.488808
v 0.831027 -1.160051 -1.166392
v 0.831027 -0.913508 -1.368752
v 0.831027 -0.994142 -1.488808
v 0.831027 -1.262595 -1.268520
v 0.831027 -1.362378 -0.919827
v 0.831027 -1.160051 -1.166392
v 0.831027 -1.262595 -1.268520
v 0.831027 -1.482912 -1.000087
v 0.831027 -1.512718 -0.638533
v 0.831026 -1.646626 -0.693826
v 0.831026 -1.605296 -0.333317
v 0.831027 -1.512718 -0.638533
v 0.831026 -1.646626 -0.693826
v 0.831026 -1.747441 -0.361508
v 0.831026 -1.636556 -0.015906
v 0.831026 -1.605296 -0.333317
v 0.831026 -1.747441 -0.361508
v 0.831026 -1.781482 -0.015906
v 0.831026 -1.605296 0.301505
v 0.831026 -1.636556 -0.015906
v 0.831026 -1.781482 -0.015906
v 0.831026 -1.747441 0.329696
v 0.831027 -1.512718 0.606721
v 0.831026 -1.605296 0.301505
v 0.831026 -1.747441 0.329696
v 0.831026 -1.646626 0.662014
vn -0.0535 -0.1261 -0.9906
vn -0.0272 -0.1300 -0.9911
vn -0.0252 -0.2595 -0.9654
vn -0.0523 -0.2620 -0.9637
vn -0.7658 -0.3913 -0.5103
vn -0.8141 -0.2075 -0.5424
vn -0.8176 -0.1863 -0.5448
vn -0.0272 -0.2019 -0.9790
vn 0.0407 -0.2017 -0.9786
vn 0.0390 -0.3956 -0.9176
vn -0.0236 -0.3952 -0.9183
vn -0.9924 -0.1229 -0.0000
vn -0.9620 -0.2731 -0.0000
vn 0.7658 -0.3913 -0.5103
vn 0.8176 -0.1863 -0.5448
vn 0.8141 -0.2075 -0.5424
vn 0.0817 -0.1924 -0.9779
vn 0.0776 -0.3986 -0.9138
vn 0.8261 0.1207 -0.5505
vn 0.8252 0.1293 -0.5498
vn 0.8053 0.2522 -0.5366
vn -0.8252 0.1293 -0.5498
vn -0.8261 0.1207 -0.5505
vn -0.8053 0.2522 -0.5366
vn -0.8053 0.2522 0.5366
vn -0.8252 0.1293 0.5498
vn -0.8261 0.1207 0.5505
vn -0.8141 -0.2075 0.5424
vn -0.8176 -0.1863 0.5448
vn 0.0405 0.2551 -0.9661
vn 0.0808 0.2573 -0.9629
vn 0.0822 0.1243 -0.9888
vn 0.0411 0.1275 -0.9910
vn -0.9852 0.1714 -0.0000
vn -0.9968 0.0796 -0.0000
vn -0.8043 -0.2568 -0.5359
vn -0.8249 -0.1318 -0.5497
vn -0.8259 -0.1228 -0.5503
vn -0.8245 0.1354 -0.5494
vn -0.8255 0.1261 -0.5501
vn -0.8034 0.2608 -0.5353
vn -0.9841 0.1775 -0.0000
vn -0.9965 0.0832 -0.0000
vn -0.9967 -0.0810 -0.0000
vn -0.9846 -0.1746 -0.0000
vn 0.0404 0.2638 -0.9637
vn 0.0807 0.2661 -0.9606
vn 0.0822 0.1299 -0.9881
vn 0.0410 0.1333 -0.9902
vn 0.0822 -0.1264 -0.9886
vn 0.0411 -0.1297 -0.9907
vn -0.8034 0.2608 0.5353
vn -0.8245 0.1354 0.5494
vn -0.8255 0.1262 0.5501
vn -0.8249 -0.1318 0.5497
vn -0.8259 -0.1228 0.5503
vn -0.8043 -0.2568 0.5359
vn 0.8043 -0.2568 -0.5359
vn 0.8259 -0.1228 -0.5503
vn 0.8249 -0.1318 -0.5497
vn 0.8255 0.1262 -0.5501
vn 0.8245 0.1354 -0.5494
vn 0.8034 0.2608 -0.5353
vn -0.0499 -0.3984 -0.9158
vn -0.0530 -0.1916 -0.9800
vn -0.0253 0.2549 -0.9666
vn -0.0273 0.1272 -0.9915
vn -0.0252 0.2636 -0.9643
vn -0.0273 0.1331 -0.9907
vn 0.0405 -0.2598 -0.9648
vn -0.0535 0.1295 -0.9901
vn -0.0522 0.2660 -0.9626
vn -0.0535 0.1239 -0.9909
vn -0.0523 0.2573 -0.9649
vn 0.0807 -0.2620 -0.9617
vn -0.7658 -0.3913 0.5103
vn -0.9084 0.3650 0.2039
vn -0.9221 0.3729 0.1034
vn -0.9407 0.3239 0.1005
vn -0.9278 0.3125 0.2037
vn 0.6061 -0.4253 -0.6722
vn 0.6376 -0.3686 -0.6764
vn 0.6374 -0.3690 -0.6764
vn 0.6916 -0.2531 -0.6765
vn 0.6917 -0.2527 -0.6765
vn 0.7147 -0.1929 -0.6723
vn -0.7154 0.1909 -0.6722
vn -0.6924 0.2511 -0.6764
vn -0.6922 0.2515 -0.6764
vn -0.6382 0.3675 -0.6765
vn -0.6384 0.3671 -0.6765
vn -0.6071 0.4235 -0.6723
vn -0.7154 0.1909 0.6722
vn -0.6922 0.2515 0.6764
vn -0.6924 0.2511 0.6764
vn -0.6384 0.3671 0.6765
vn -0.6382 0.3675 0.6765
vn -0.6071 0.4235 0.6723
vn 0.7147 -0.1929 0.6723
vn 0.6916 -0.2531 0.6765
vn 0.6917 -0.2527 0.6765
vn 0.6376 -0.3686 0.6764
vn 0.6374 -0.3690 0.6764
vn 0.6061 -0.4253 0.6722
vn -0.8472 0.5078 -0.1562
vn -0.8129 0.4952 -0.3064
vn -0.8400 0.4486 -0.3052
vn -0.8730 0.4629 -0.1539
vn -0.8841 0.3538 -0.3052
vn -0.9162 0.3699 -0.1539
vn 0.0442 0.0947 0.9945
vn 0.0214 0.0460 0.9987
vn -0.0220 -0.0472 0.9986
vn -0.0449 -0.0963 0.9943
vn 0.0442 0.0947 -0.9945
vn 0.0214 0.0460 -0.9987
vn -0.0220 -0.0472 -0.9986
vn -0.0449 -0.0963 -0.9943
vn -0.7155 0.1906 0.6721
vn -0.6920 0.2520 0.6765
vn -0.6922 0.2516 0.6764
vn -0.6370 0.3697 0.6764
vn -0.6368 0.3701 0.6764
vn -0.6048 0.4274 0.6719
vn 0.0458 0.0982 -0.9941
vn 0.0224 0.0481 -0.9986
vn 0.0225 0.0481 -0.9986
vn -0.0218 -0.0469 -0.9987
vn -0.0450 -0.0966 -0.9943
vn 0.0458 0.0982 0.9941
vn 0.0224 0.0481 0.9986
vn -0.0218 -0.0469 0.9987
vn -0.0450 -0.0966 0.9943
vn -0.9024 0.3028 -0.3065
vn -0.9341 0.3210 -0.1562
vn -0.8453 0.5110 -0.1562
vn -0.8109 0.4985 -0.3066
vn -0.8388 0.4508 -0.3053
vn -0.8718 0.4650 -0.1540
vn -0.8839 0.3542 -0.3053
vn -0.9160 0.3704 -0.1540
vn 0.7162 -0.1886 0.6719
vn 0.6927 -0.2503 0.6764
vn 0.6929 -0.2499 0.6764
vn 0.6379 -0.3682 0.6765
vn 0.6377 -0.3685 0.6764
vn 0.6059 -0.4256 0.6721
vn 0.6059 -0.4256 -0.6721
vn 0.6379 -0.3682 -0.6765
vn 0.6377 -0.3685 -0.6764
vn 0.6927 -0.2503 -0.6764
vn 0.6929 -0.2499 -0.6764
vn 0.7162 -0.1886 -0.6719
vn -0.7155 0.1906 -0.6721
vn -0.6922 0.2516 -0.6764
vn -0.6920 0.2520 -0.6765
vn -0.6368 0.3701 -0.6764
vn -0.6370 0.3697 -0.6764
vn -0.6048 0.4274 -0.6719
vn -0.8538 0.5108 0.1005
vn -0.8788 0.4658 0.1034
vn -0.9223 0.3724 0.1034
vn -0.9406 0.3242 0.1005
vn -0.8519 0.5140 0.1005
vn -0.8777 0.4679 0.1035
vn -0.9342 0.3208 -0.1562
vn -0.8628 0.4626 0.2039
vn -0.8348 0.5115 0.2037
vn -0.9086 0.3645 0.2039
vn -0.9277 0.3128 0.2037
vn -0.8640 0.4604 0.2039
vn -0.8369 0.5081 0.2037
vn -0.9025 0.3025 -0.3065
vn -0.8472 0.5077 -0.1561
vn -0.8129 0.4952 -0.3065
vn -0.8400 0.4486 -0.3051
vn -0.9162 0.3699 -0.1540
vn -0.9222 0.3726 0.1034
vn -0.9086 0.3646 0.2039
vn -0.8368 0.5081 0.2037
vn -0.9084 -0.3650 0.2039
vn -0.9278 -0.3125 0.2037
vn -0.9407 -0.3240 0.1005
vn -0.9221 -0.3728 0.1035
vn 0.6061 0.4253 -0.6722
vn 0.6374 0.3690 -0.6764
vn 0.6376 0.3686 -0.6764
vn 0.6917 0.2527 -0.6765
vn 0.6916 0.2531 -0.6765
vn 0.7147 0.1929 -0.6723
vn -0.7154 -0.1909 -0.6722
vn -0.6922 -0.2515 -0.6764
vn -0.6924 -0.2511 -0.6764
vn -0.6384 -0.3671 -0.6765
vn -0.6382 -0.3675 -0.6765
vn -0.6071 -0.4235 -0.6723
vn -0.7154 -0.1909 0.6722
vn -0.6924 -0.2511 0.6764
vn -0.6922 -0.2515 0.6764
vn -0.6382 -0.3675 0.6765
vn -0.6384 -0.3671 0.6765
vn -0.6071 -0.4235 0.6723
vn 0.7147 0.1929 0.6723
vn 0.6917 0.2527 0.6765
vn 0.6916 0.2531 0.6765
vn 0.6374 0.3690 0.6764
vn 0.6376 0.3686 0.6764
vn 0.6061 0.4253 0.6722
vn -0.8472 -0.5077 -0.1561
vn -0.8730 -0.4628 -0.1539
vn -0.8400 -0.4486 -0.3052
vn -0.8129 -0.4952 -0.3064
vn -0.9162 -0.3699 -0.1539
vn -0.8841 -0.3538 -0.3052
vn 0.0442 -0.0947 0.9945
vn 0.0214 -0.0460 0.9987
vn -0.0220 0.0472 0.9986
vn -0.0449 0.0963 0.9943
vn 0.0442 -0.0947 -0.9945
vn 0.0214 -0.0460 -0.9987
vn -0.0220 0.0472 -0.9986
vn -0.0449 0.0963 -0.9943
vn -0.7155 -0.1906 0.6721
vn -0.6922 -0.2516 0.6764
vn -0.6920 -0.2520 0.6765
vn -0.6368 -0.3701 0.6764
vn -0.6370 -0.3697 0.6764
vn -0.6048 -0.4274 0.6719
vn 0.0458 -0.0982 -0.9941
vn 0.0225 -0.0481 -0.9986
vn 0.0224 -0.0481 -0.9986
vn -0.0218 0.0469 -0.9987
vn -0.0450 0.0966 -0.9943
vn 0.0458 -0.0982 0.9941
vn 0.0224 -0.0481 0.9986
vn -0.0218 0.0469 0.9987
vn -0.0450 0.0966 0.9943
vn -0.9341 -0.3210 -0.1562
vn -0.9024 -0.3028 -0.3065
vn -0.8453 -0.5110 -0.1562
vn -0.8718 -0.4650 -0.1540
vn -0.8388 -0.4507 -0.3053
vn -0.8109 -0.4985 -0.3066
vn -0.9161 -0.3703 -0.1540
vn -0.8839 -0.3542 -0.3053
vn 0.7162 0.1886 0.6719
vn 0.6929 0.2499 0.6764
vn 0.6927 0.2503 0.6764
vn 0.6377 0.3685 0.6764
vn 0.6379 0.3682 0.6765
vn 0.6059 0.4256 0.6721
vn 0.6059 0.4256 -0.6721
vn 0.6377 0.3685 -0.6764
vn 0.6379 0.3682 -0.6765
vn 0.6929 0.2499 -0.6764
vn 0.6927 0.2503 -0.6764
vn 0.7162 0.1886 -0.6719
vn -0.7155 -0.1906 -0.6721
vn -0.6920 -0.2520 -0.6765
vn -0.6922 -0.2516 -0.6764
vn -0.6370 -0.3697 -0.6764
vn -0.6368 -0.3701 -0.6764
vn -0.6048 -0.4274 -0.6719
vn -0.8538 -0.5108 0.1005
vn -0.8788 -0.4658 0.1034
vn -0.9222 -0.3726 0.1034
vn -0.9406 -0.3242 0.1005
vn -0.8519 -0.5140 0.1005
vn -0.8777 -0.4679 0.1035
vn -0.9342 -0.3207 -0.1562
vn -0.8628 -0.4626 0.2039
vn -0.8348 -0.5115 0.2037
vn -0.9086 -0.3646 0.2039
vn -0.9277 -0.3128 0.2037
vn -0.8640 -0.4604 0.2039
vn -0.8369 -0.5081 0.2037
vn -0.9025 -0.3024 -0.3065
vn -0.8730 -0.4629 -0.1539
vn -0.9162 -0.3700 -0.1540
vn -0.9341 -0.3211 -0.1562
vn -0.9223 -0.3725 0.1034
vn -0.7818 0.1814 0.5966
vn -0.8099 0.1814 0.5578
vn -0.8171 0.0894 0.5696
vn -0.7905 0.0919 0.6055
vn 0.5148 -0.6280 -0.5837
vn 0.5547 -0.6312 -0.5421
vn 0.5553 -0.6312 -0.5415
vn 0.6293 -0.6312 -0.4534
vn 0.6287 -0.6312 -0.4541
vn 0.6631 -0.6281 -0.4071
vn -0.6642 -0.6280 0.4056
vn -0.6297 -0.6312 0.4529
vn -0.6302 -0.6312 0.4522
vn -0.5564 -0.6312 0.5403
vn -0.5558 -0.6312 0.5410
vn -0.5161 -0.6281 0.5823
vn -0.6642 0.6280 0.4056
vn -0.6302 0.6312 0.4522
vn -0.6297 0.6312 0.4529
vn -0.5558 0.6312 0.5410
vn -0.5564 0.6312 0.5403
vn -0.5161 0.6281 0.5823
vn 0.6631 0.6281 -0.4071
vn 0.6293 0.6312 -0.4534
vn 0.6287 0.6312 -0.4541
vn 0.5547 0.6312 -0.5421
vn 0.5553 0.6312 -0.5415
vn 0.5148 0.6280 -0.5837
vn -0.6995 -0.1392 0.7009
vn -0.7302 -0.1375 0.6692
vn -0.7077 -0.2730 0.6517
vn -0.6750 -0.2744 0.6848
vn -0.7866 -0.1375 0.6020
vn -0.7654 -0.2730 0.5828
vn 0.0647 0.9949 0.0771
vn 0.0315 0.9988 0.0376
vn -0.0324 0.9987 -0.0386
vn -0.0657 0.9948 -0.0783
vn 0.0647 -0.9949 0.0771
vn 0.0315 -0.9988 0.0376
vn -0.0324 -0.9987 -0.0386
vn -0.0657 -0.9948 -0.0784
vn -0.6644 0.6279 0.4053
vn -0.6299 0.6312 0.4525
vn -0.6294 0.6312 0.4532
vn -0.5540 0.6311 0.5430
vn -0.5546 0.6311 0.5423
vn -0.5132 0.6278 0.5853
vn 0.0670 -0.9945 0.0799
vn 0.0330 -0.9987 0.0393
vn -0.0321 -0.9988 -0.0383
vn -0.0659 -0.9947 -0.0786
vn 0.0670 0.9945 0.0799
vn 0.0330 0.9987 0.0393
vn -0.0321 0.9988 -0.0383
vn -0.0659 0.9947 -0.0786
vn -0.8126 -0.1392 0.5659
vn -0.7925 -0.2745 0.5446
vn -0.6973 -0.1393 0.7031
vn -0.7288 -0.1376 0.6708
vn -0.7062 -0.2731 0.6532
vn -0.6726 -0.2746 0.6871
vn -0.7864 -0.1376 0.6023
vn -0.7652 -0.2731 0.5831
vn 0.6655 0.6278 -0.4037
vn 0.6309 0.6311 -0.4513
vn 0.6304 0.6311 -0.4520
vn 0.5551 0.6312 -0.5418
vn 0.5557 0.6312 -0.5411
vn 0.5145 0.6279 -0.5839
vn 0.5145 -0.6279 -0.5839
vn 0.5551 -0.6312 -0.5418
vn 0.5557 -0.6312 -0.5411
vn 0.6309 -0.6311 -0.4513
vn 0.6304 -0.6311 -0.4520
vn 0.6655 -0.6278 -0.4037
vn -0.6644 -0.6279 0.4053
vn -0.6294 -0.6312 0.4533
vn -0.6299 -0.6312 0.4525
vn -0.5546 -0.6311 0.5423
vn -0.5540 -0.6311 0.5430
vn -0.5132 -0.6278 0.5853
vn -0.7041 0.0894 0.7045
vn -0.7346 0.0921 0.6722
vn -0.7907 0.0919 0.6053
vn -0.8169 0.0894 0.5698
vn -0.7018 0.0893 0.7068
vn -0.7329 0.0920 0.6741
vn -0.8127 -0.1393 0.5658
vn -0.7225 0.1814 0.6672
vn -0.6888 0.1814 0.7019
vn -0.7820 0.1814 0.5963
vn -0.8098 0.1814 0.5580
vn -0.7239 0.1813 0.6657
vn -0.6912 0.1814 0.6995
vn -0.7927 -0.2745 0.5444
vn 0.6631 0.6281 -0.4072
vn -0.6995 -0.1392 0.7010
vn -0.7302 -0.1375 0.6693
vn -0.0657 0.9948 -0.0784
vn -0.8126 -0.1392 0.5660
vn -0.7040 0.0894 0.7046
vn -0.7343 0.0920 0.6726
vn -0.8169 0.0893 0.5698
vn -0.7239 0.1814 0.6656
vn -0.7818 0.1814 -0.5966
vn -0.7904 0.0919 -0.6057
vn -0.8170 0.0893 -0.5697
vn -0.8099 0.1814 -0.5578
vn 0.5148 -0.6280 0.5837
vn 0.5553 -0.6312 0.5415
vn 0.5547 -0.6312 0.5421
vn 0.6287 -0.6312 0.4541
vn 0.6293 -0.6312 0.4534
vn 0.6631 -0.6281 0.4071
vn -0.6642 -0.6280 -0.4056
vn -0.6302 -0.6312 -0.4522
vn -0.6297 -0.6312 -0.4529
vn -0.5558 -0.6312 -0.5410
vn -0.5564 -0.6312 -0.5403
vn -0.5161 -0.6281 -0.5823
vn -0.6642 0.6280 -0.4056
vn -0.6297 0.6312 -0.4529
vn -0.6302 0.6312 -0.4522
vn -0.5564 0.6312 -0.5403
vn -0.5558 0.6312 -0.5410
vn -0.5161 0.6281 -0.5823
vn 0.6631 0.6281 0.4071
vn 0.6287 0.6312 0.4541
vn 0.6293 0.6312 0.4534
vn 0.5553 0.6312 0.5415
vn 0.5547 0.6312 0.5421
vn 0.5148 0.6280 0.5837
vn -0.6995 -0.1392 -0.7009
vn -0.6750 -0.2745 -0.6849
vn -0.7077 -0.2730 -0.6517
vn -0.7302 -0.1375 -0.6692
vn -0.7654 -0.2730 -0.5828
vn -0.7866 -0.1375 -0.6019
vn 0.0647 0.9949 -0.0771
vn 0.0315 0.9988 -0.0376
vn -0.0324 0.9987 0.0386
vn -0.0657 0.9948 0.0784
vn -0.0657 0.9948 0.0783
vn 0.0647 -0.9949 -0.0771
vn 0.0315 -0.9988 -0.0376
vn -0.0324 -0.9987 0.0386
vn -0.0657 -0.9948 0.0784
vn -0.6644 0.6279 -0.4053
vn -0.6294 0.6312 -0.4532
vn -0.6299 0.6312 -0.4525
vn -0.5546 0.6311 -0.5423
vn -0.5540 0.6311 -0.5430
vn -0.5132 0.6278 -0.5853
vn 0.0670 -0.9945 -0.0799
vn 0.0330 -0.9987 -0.0393
vn -0.0321 -0.9988 0.0383
vn -0.0659 -0.9947 0.0786
vn 0.0670 0.9945 -0.0799
vn 0.0330 0.9987 -0.0393
vn -0.0321 0.9988 0.0383
vn -0.0659 0.9947 0.0786
vn -0.7925 -0.2745 -0.5446
vn -0.8126 -0.1392 -0.5660
vn -0.6972 -0.1393 -0.7032
vn -0.6726 -0.2746 -0.6871
vn -0.7062 -0.2731 -0.6532
vn -0.7288 -0.1375 -0.6707
vn -0.7652 -0.2731 -0.5831
vn -0.7863 -0.1376 -0.6023
vn 0.6655 0.6278 0.4037
vn 0.6304 0.6311 0.4520
vn 0.6309 0.6311 0.4513
vn 0.5557 0.6312 0.5411
vn 0.5551 0.6312 0.5418
vn 0.5145 0.6279 0.5839
vn 0.5145 -0.6279 0.5839
vn 0.5557 -0.6312 0.5411
vn 0.5551 -0.6312 0.5418
vn 0.6304 -0.6311 0.4520
vn 0.6309 -0.6311 0.4513
vn 0.6655 -0.6278 0.4037
vn -0.6644 -0.6279 -0.4053
vn -0.6299 -0.6312 -0.4525
vn -0.6294 -0.6312 -0.4533
vn -0.5540 -0.6311 -0.5430
vn -0.5546 -0.6311 -0.5423
vn -0.5132 -0.6278 -0.5853
vn -0.7040 0.0894 -0.7045
vn -0.7342 0.0919 -0.6727
vn -0.7907 0.0919 -0.6053
vn -0.8169 0.0894 -0.5697
vn -0.7018 0.0893 -0.7068
vn -0.7329 0.0920 -0.6741
vn -0.8128 -0.1393 -0.5657
vn -0.7224 0.1814 -0.6672
vn -0.6888 0.1814 -0.7019
vn -0.7820 0.1814 -0.5963
vn -0.8098 0.1814 -0.5580
vn -0.7239 0.1813 -0.6657
vn -0.6912 0.1814 -0.6995
vn -0.7926 -0.2746 -0.5444
vn 0.6631 0.6281 0.4072
vn -0.6995 -0.1392 -0.7010
vn -0.7302 -0.1375 -0.6693
vn -0.7655 -0.2730 -0.5827
vn -0.7866 -0.1375 -0.6020
vn -0.8169 0.0893 -0.5699
vn -1.0000 -0.0000 -0.0000
vt 0.567202 0.535437
vt 0.566892 0.558743
vt 0.571201 0.559018
vt 0.571546 0.536033
vt 0.620768 0.616874
vt 0.625331 0.616250
vt 0.627877 0.601551
vt 0.622864 0.601796
vt 0.577057 0.572903
vt 0.577063 0.550688
vt 0.572515 0.550638
vt 0.572482 0.572530
vt 0.625284 0.694575
vt 0.620802 0.693914
vt 0.681056 0.624957
vt 0.676499 0.623998
vt 0.676499 0.638872
vt 0.681056 0.639401
vt 0.577262 0.535409
vt 0.572616 0.536168
vt 0.672909 0.623995
vt 0.672909 0.638870
vt 0.668538 0.624588
vt 0.668538 0.639197
vt 0.628842 0.616561
vt 0.631595 0.602262
vt 0.632911 0.617495
vt 0.635989 0.603865
vt 0.635968 0.707319
vt 0.633043 0.693355
vt 0.628807 0.694279
vt 0.631455 0.708855
vt 0.627670 0.709502
vt 0.584984 0.550738
vt 0.585294 0.536038
vt 0.580881 0.535460
vt 0.580635 0.550714
vt 0.605222 0.603674
vt 0.608462 0.617451
vt 0.612644 0.616492
vt 0.609602 0.602012
vt 0.616161 0.616150
vt 0.613343 0.601247
vt 0.620519 0.616373
vt 0.618004 0.601074
vt 0.620235 0.694364
vt 0.615961 0.694595
vt 0.612451 0.694266
vt 0.608399 0.693291
vt 0.559046 0.581007
vt 0.559229 0.595789
vt 0.563574 0.596233
vt 0.563328 0.580959
vt 0.567178 0.596172
vt 0.566890 0.580927
vt 0.617900 0.709502
vt 0.613288 0.709378
vt 0.609577 0.708659
vt 0.605223 0.707062
vt 0.693492 0.639203
vt 0.693492 0.624599
vt 0.689172 0.624002
vt 0.689172 0.638874
vt 0.685594 0.624005
vt 0.685594 0.638876
vt 0.681306 0.624606
vt 0.681306 0.639208
vt 0.572683 0.595419
vt 0.577300 0.596233
vt 0.584997 0.572617
vt 0.580640 0.572887
vt 0.559019 0.558946
vt 0.563320 0.558723
vt 0.571190 0.580897
vt 0.563606 0.535393
vt 0.559279 0.535879
vt 0.580908 0.596195
vt 0.585304 0.595609
vt 0.571536 0.595581
vt 0.622600 0.709148
vt 0.643253 0.573358
vt 0.644041 0.557566
vt 0.639503 0.557298
vt 0.638572 0.572800
vt 0.548069 0.663427
vt 0.550021 0.670322
vt 0.554335 0.670013
vt 0.553651 0.662133
vt 0.558130 0.670005
vt 0.558461 0.661904
vt 0.562546 0.670204
vt 0.564321 0.662928
vt 0.549942 0.708738
vt 0.548097 0.716187
vt 0.554120 0.717303
vt 0.554626 0.708965
vt 0.559154 0.717316
vt 0.558492 0.708885
vt 0.565211 0.715886
vt 0.563198 0.708622
vt 0.657231 0.679990
vt 0.659141 0.687212
vt 0.663528 0.686933
vt 0.662983 0.678866
vt 0.667360 0.686983
vt 0.667862 0.678766
vt 0.671806 0.687253
vt 0.673757 0.679947
vt 0.673761 0.732911
vt 0.671919 0.725674
vt 0.667243 0.725861
vt 0.667731 0.734185
vt 0.663410 0.725883
vt 0.662762 0.734043
vt 0.658799 0.725625
vt 0.656904 0.732751
vt 0.789906 0.703753
vt 0.790388 0.693230
vt 0.785375 0.692874
vt 0.785265 0.703743
vt 0.781172 0.692874
vt 0.781369 0.703772
vt 0.605322 0.680217
vt 0.607621 0.687259
vt 0.612253 0.686749
vt 0.610853 0.678779
vt 0.616211 0.686368
vt 0.615410 0.678302
vt 0.621036 0.686200
vt 0.620548 0.678016
vt 0.457181 0.669027
vt 0.456784 0.709236
vt 0.461513 0.709069
vt 0.461918 0.669327
vt 0.465435 0.708677
vt 0.465779 0.669754
vt 0.470052 0.708161
vt 0.470016 0.670322
vt 0.620308 0.726414
vt 0.615668 0.726110
vt 0.611843 0.725667
vt 0.607621 0.725092
vt 0.776188 0.693278
vt 0.776763 0.703824
vt 0.652575 0.542697
vt 0.652197 0.532108
vt 0.647437 0.532058
vt 0.647960 0.542849
vt 0.643376 0.532283
vt 0.644060 0.542960
vt 0.619520 0.734185
vt 0.614640 0.733710
vt 0.610360 0.733082
vt 0.605292 0.731540
vt 0.472333 0.715171
vt 0.466832 0.716588
vt 0.462310 0.717051
vt 0.457237 0.717316
vt 0.472360 0.663839
vt 0.467260 0.662278
vt 0.462943 0.661641
vt 0.457995 0.661149
vt 0.789947 0.718151
vt 0.785347 0.718346
vt 0.781456 0.718363
vt 0.776887 0.718224
vt 0.652590 0.557605
vt 0.647959 0.557649
vt 0.639497 0.543091
vt 0.647252 0.573556
vt 0.651938 0.573461
vt 0.781473 0.734185
vt 0.776692 0.733861
vt 0.785523 0.734153
vt 0.790334 0.733774
vt 0.638595 0.532858
vt 0.582934 0.716141
vt 0.581203 0.709080
vt 0.576628 0.709276
vt 0.577147 0.717279
vt 0.572832 0.709233
vt 0.572302 0.717316
vt 0.568453 0.708978
vt 0.566522 0.716008
vt 0.581433 0.670657
vt 0.583507 0.663374
vt 0.577685 0.662099
vt 0.577014 0.670319
vt 0.572687 0.661897
vt 0.573148 0.670346
vt 0.566548 0.663036
vt 0.568403 0.670550
vt 0.529814 0.663057
vt 0.531674 0.670472
vt 0.536355 0.670228
vt 0.535796 0.661935
vt 0.540225 0.670276
vt 0.540784 0.661894
vt 0.544703 0.670572
vt 0.546766 0.663185
vt 0.546208 0.716155
vt 0.544477 0.709001
vt 0.539838 0.709161
vt 0.540269 0.717316
vt 0.536045 0.709186
vt 0.535412 0.717113
vt 0.531726 0.708893
vt 0.529789 0.715824
vt 0.790793 0.598277
vt 0.791274 0.587754
vt 0.786262 0.587397
vt 0.786152 0.598267
vt 0.782059 0.587397
vt 0.782256 0.598295
vt 0.777074 0.587802
vt 0.777649 0.598348
vt 0.790834 0.612674
vt 0.786234 0.612870
vt 0.782342 0.612887
vt 0.777774 0.612747
vt 0.782360 0.628709
vt 0.777579 0.628385
vt 0.786409 0.628677
vt 0.791220 0.628297
vt 0.597685 0.573424
vt 0.602366 0.572861
vt 0.601418 0.557361
vt 0.596881 0.557633
vt 0.492359 0.715777
vt 0.498397 0.717116
vt 0.499175 0.708680
vt 0.494465 0.708323
vt 0.503504 0.717316
vt 0.503077 0.708696
vt 0.509744 0.716129
vt 0.507856 0.708515
vt 0.495505 0.669913
vt 0.499790 0.669724
vt 0.499368 0.661951
vt 0.493803 0.663029
vt 0.503543 0.669813
vt 0.504102 0.661905
vt 0.507883 0.670089
vt 0.509780 0.663164
vt 0.527044 0.663029
vt 0.521480 0.661951
vt 0.521058 0.669724
vt 0.525343 0.669913
vt 0.516745 0.661905
vt 0.517304 0.669813
vt 0.511068 0.663164
vt 0.512964 0.670089
vt 0.511104 0.716129
vt 0.517344 0.717316
vt 0.517771 0.708696
vt 0.512991 0.708515
vt 0.522450 0.717116
vt 0.521672 0.708680
vt 0.528488 0.715777
vt 0.526382 0.708323
vt 0.776229 0.826038
vt 0.780870 0.826028
vt 0.780760 0.815158
vt 0.775747 0.815515
vt 0.784766 0.826056
vt 0.784963 0.815158
vt 0.588679 0.731984
vt 0.594210 0.733422
vt 0.595611 0.725452
vt 0.590979 0.724942
vt 0.598767 0.733900
vt 0.599569 0.725833
vt 0.603905 0.734185
vt 0.604393 0.726001
vt 0.622344 0.726414
vt 0.626984 0.726110
vt 0.626440 0.686368
vt 0.621616 0.686200
vt 0.630809 0.725667
vt 0.630399 0.686749
vt 0.635030 0.725092
vt 0.635030 0.687259
vt 0.603665 0.685787
vt 0.599025 0.686091
vt 0.595200 0.686535
vt 0.590979 0.687109
vt 0.789372 0.826109
vt 0.789947 0.815563
vt 0.588331 0.542773
vt 0.592946 0.542921
vt 0.593457 0.532129
vt 0.588697 0.532184
vt 0.596846 0.543028
vt 0.597518 0.532350
vt 0.602878 0.678016
vt 0.597998 0.678491
vt 0.593717 0.679119
vt 0.588649 0.680661
vt 0.637330 0.680217
vt 0.631799 0.678779
vt 0.627242 0.678302
vt 0.622104 0.678016
vt 0.632292 0.733082
vt 0.637360 0.731540
vt 0.628011 0.733710
vt 0.623132 0.734185
vt 0.776188 0.840435
vt 0.780788 0.840631
vt 0.784679 0.840648
vt 0.789248 0.840508
vt 0.588331 0.557682
vt 0.592962 0.557721
vt 0.601409 0.543154
vt 0.593686 0.573627
vt 0.589000 0.573536
vt 0.784662 0.856470
vt 0.789443 0.856146
vt 0.780612 0.856438
vt 0.775801 0.856058
vt 0.602300 0.532919
vt 0.639196 0.733010
vt 0.644982 0.734149
vt 0.645502 0.726146
vt 0.640927 0.725950
vt 0.649828 0.734185
vt 0.649298 0.726102
vt 0.655608 0.732877
vt 0.653677 0.725848
vt 0.640697 0.687527
vt 0.645116 0.687189
vt 0.644445 0.678969
vt 0.638623 0.680243
vt 0.648982 0.687216
vt 0.649443 0.678766
vt 0.653727 0.687420
vt 0.655583 0.679906
vt 0.491032 0.663438
vt 0.484995 0.662100
vt 0.484220 0.670534
vt 0.488929 0.670890
vt 0.479889 0.661903
vt 0.480320 0.670523
vt 0.473650 0.663090
vt 0.475539 0.670704
vt 0.473614 0.716062
vt 0.479294 0.717316
vt 0.479844 0.709409
vt 0.475505 0.709135
vt 0.484030 0.717264
vt 0.483599 0.709487
vt 0.489593 0.716180
vt 0.487885 0.709296
vt 0.776229 0.771468
vt 0.780870 0.771458
vt 0.780760 0.760588
vt 0.775747 0.760945
vt 0.784766 0.771486
vt 0.784963 0.760588
vt 0.789372 0.771538
vt 0.789947 0.760993
vt 0.776188 0.785865
vt 0.780788 0.786061
vt 0.784679 0.786078
vt 0.789248 0.785938
vt 0.784662 0.801900
vt 0.789443 0.801576
vt 0.780612 0.801868
vt 0.775801 0.801488
vt 0.800566 0.734003
vt 0.805229 0.733456
vt 0.804410 0.718623
vt 0.799874 0.718881
vt 0.588679 0.621129
vt 0.594786 0.622274
vt 0.595333 0.614514
vt 0.590646 0.614292
vt 0.599911 0.622279
vt 0.599197 0.614422
vt 0.606034 0.620768
vt 0.603904 0.614151
vt 0.590706 0.582078
vt 0.594988 0.581754
vt 0.594251 0.574470
vt 0.588650 0.575828
vt 0.598778 0.581740
vt 0.599130 0.574207
vt 0.603172 0.581928
vt 0.605061 0.575252
vt 0.746262 0.809463
vt 0.740249 0.808378
vt 0.739693 0.815971
vt 0.744339 0.816212
vt 0.735262 0.808396
vt 0.735862 0.816014
vt 0.729391 0.809826
vt 0.731476 0.816271
vt 0.729412 0.855358
vt 0.735596 0.856470
vt 0.736054 0.848704
vt 0.731339 0.848506
vt 0.740609 0.856183
vt 0.739883 0.848737
vt 0.746303 0.854769
vt 0.744207 0.848431
vt 0.801698 0.648931
vt 0.806346 0.648911
vt 0.806250 0.638569
vt 0.801278 0.638940
vt 0.810258 0.648937
vt 0.810429 0.638569
vt 0.689875 0.621124
vt 0.695292 0.622683
vt 0.696689 0.615505
vt 0.692146 0.615017
vt 0.699811 0.623220
vt 0.700603 0.615929
vt 0.704899 0.623616
vt 0.705395 0.616196
vt 0.653690 0.581370
vt 0.648958 0.581728
vt 0.649420 0.615417
vt 0.654149 0.615604
vt 0.645105 0.582183
vt 0.645501 0.615017
vt 0.640904 0.582751
vt 0.640883 0.614522
vt 0.705078 0.581960
vt 0.700405 0.582245
vt 0.696542 0.582682
vt 0.692267 0.583257
vt 0.814871 0.648995
vt 0.815372 0.638984
vt 0.791331 0.704563
vt 0.795944 0.704682
vt 0.796368 0.694408
vt 0.791633 0.694511
vt 0.799854 0.704776
vt 0.800418 0.694601
vt 0.704583 0.574712
vt 0.699613 0.575105
vt 0.695189 0.575634
vt 0.689879 0.577083
vt 0.638585 0.620944
vt 0.644181 0.622353
vt 0.648765 0.622775
vt 0.653859 0.623029
vt 0.643684 0.575303
vt 0.638557 0.576887
vt 0.648038 0.574665
vt 0.652997 0.574136
vt 0.801682 0.662840
vt 0.806280 0.663031
vt 0.810177 0.663046
vt 0.814743 0.662905
vt 0.791331 0.718903
vt 0.795953 0.718958
vt 0.804420 0.704897
vt 0.796574 0.734185
vt 0.791907 0.734064
vt 0.810165 0.678186
vt 0.814921 0.677852
vt 0.806127 0.678157
vt 0.801340 0.677774
vt 0.805175 0.695155
vt 0.614317 0.621119
vt 0.620259 0.622597
vt 0.621083 0.614920
vt 0.616443 0.614607
vt 0.625393 0.622865
vt 0.624948 0.614923
vt 0.631680 0.621687
vt 0.629702 0.614743
vt 0.617126 0.582399
vt 0.621456 0.582162
vt 0.620991 0.574793
vt 0.615226 0.575828
vt 0.625246 0.582241
vt 0.625860 0.574793
vt 0.629591 0.582513
vt 0.631629 0.576160
vt 0.746262 0.754893
vt 0.740249 0.753807
vt 0.739693 0.761400
vt 0.744339 0.761642
vt 0.735262 0.753826
vt 0.735862 0.761444
vt 0.729391 0.755256
vt 0.731476 0.761701
vt 0.729412 0.800788
vt 0.735596 0.801900
vt 0.736054 0.794134
vt 0.731339 0.793936
vt 0.740609 0.801612
vt 0.739883 0.794167
vt 0.746303 0.800199
vt 0.744207 0.793861
vt 0.777830 0.510008
vt 0.782479 0.509987
vt 0.782383 0.499645
vt 0.777411 0.500016
vt 0.786391 0.510013
vt 0.786562 0.499645
vt 0.791004 0.510071
vt 0.791505 0.500060
vt 0.777815 0.523917
vt 0.782413 0.524107
vt 0.786310 0.524122
vt 0.790876 0.523982
vt 0.786298 0.539262
vt 0.791054 0.538928
vt 0.782260 0.539233
vt 0.777473 0.538850
vt 0.797147 0.628530
vt 0.797826 0.613408
vt 0.793289 0.613154
vt 0.792483 0.627987
vt 0.746751 0.732491
vt 0.744658 0.726154
vt 0.740335 0.726459
vt 0.741058 0.733902
vt 0.736510 0.726420
vt 0.736046 0.734185
vt 0.731794 0.726220
vt 0.729864 0.733071
vt 0.744790 0.693932
vt 0.746716 0.687182
vt 0.740704 0.686094
vt 0.740143 0.693689
vt 0.735715 0.686108
vt 0.736311 0.693726
vt 0.729843 0.687536
vt 0.731925 0.693982
vt 0.734734 0.631183
vt 0.736660 0.637932
vt 0.741305 0.637688
vt 0.740746 0.630096
vt 0.745136 0.637730
vt 0.745733 0.630111
vt 0.749523 0.637985
vt 0.751604 0.631539
vt 0.751605 0.677071
vt 0.749674 0.670220
vt 0.744959 0.670420
vt 0.745421 0.678186
vt 0.741130 0.670455
vt 0.740408 0.677901
vt 0.736807 0.670151
vt 0.734713 0.676490
vt 0.806363 0.510008
vt 0.806782 0.500016
vt 0.801811 0.499645
vt 0.801714 0.509987
vt 0.797631 0.499645
vt 0.797802 0.510013
vt 0.718070 0.631433
vt 0.720385 0.637886
vt 0.725019 0.637397
vt 0.723697 0.630003
vt 0.728979 0.637010
vt 0.728321 0.629566
vt 0.733809 0.636822
vt 0.733488 0.629289
vt 0.718484 0.586959
vt 0.717743 0.621197
vt 0.722567 0.621005
vt 0.723120 0.587316
vt 0.726501 0.620612
vt 0.726956 0.587778
vt 0.731132 0.620119
vt 0.731143 0.588348
vt 0.732998 0.671062
vt 0.728369 0.670698
vt 0.724557 0.670225
vt 0.720373 0.669649
vt 0.792688 0.500060
vt 0.793189 0.510071
vt 0.806356 0.599082
vt 0.806045 0.589031
vt 0.801310 0.588932
vt 0.801743 0.599205
vt 0.797260 0.589128
vt 0.797833 0.599303
vt 0.732327 0.678186
vt 0.727444 0.677673
vt 0.723131 0.677043
vt 0.718039 0.675477
vt 0.733446 0.626561
vt 0.727830 0.627988
vt 0.723225 0.628427
vt 0.718072 0.628709
vt 0.733476 0.582507
vt 0.728369 0.580941
vt 0.724039 0.580317
vt 0.719140 0.579814
vt 0.806378 0.523917
vt 0.801780 0.524107
vt 0.797883 0.524122
vt 0.793317 0.523982
vt 0.806369 0.613422
vt 0.801747 0.613481
vt 0.793267 0.599428
vt 0.801139 0.628709
vt 0.805806 0.628584
vt 0.797895 0.539262
vt 0.793139 0.538928
vt 0.801933 0.539233
vt 0.806720 0.538850
vt 0.792504 0.589686
vt 0.734697 0.581707
vt 0.736624 0.588455
vt 0.741269 0.588211
vt 0.740710 0.580619
vt 0.745100 0.588253
vt 0.745697 0.580635
vt 0.749487 0.588508
vt 0.751568 0.582062
vt 0.736771 0.620674
vt 0.734677 0.627013
vt 0.740372 0.628424
vt 0.741094 0.620978
vt 0.745385 0.628709
vt 0.744923 0.620943
vt 0.751568 0.627594
vt 0.749638 0.620743
vt 0.656690 0.576097
vt 0.658470 0.582358
vt 0.662724 0.582184
vt 0.662278 0.574999
vt 0.666472 0.582280
vt 0.667072 0.574957
vt 0.670781 0.582566
vt 0.672781 0.576275
vt 0.672745 0.621809
vt 0.670737 0.614804
vt 0.665949 0.614968
vt 0.666398 0.623029
vt 0.662050 0.614941
vt 0.661191 0.622792
vt 0.657340 0.614554
vt 0.655078 0.621369
vt 0.815292 0.550784
vt 0.815711 0.540793
vt 0.810740 0.540422
vt 0.810643 0.550764
vt 0.806561 0.540422
vt 0.806732 0.550789
vt 0.801618 0.540836
vt 0.802118 0.550847
vt 0.815308 0.564693
vt 0.810709 0.564883
vt 0.806813 0.564898
vt 0.802247 0.564758
vt 0.806824 0.580038
vt 0.802069 0.579704
vt 0.810862 0.580009
vt 0.815649 0.579626
vt 0.472787 0.805852
vt 0.470599 0.795722
vt 0.465185 0.796455
vt 0.467596 0.807466
vt 0.559279 0.775011
vt 0.561410 0.785099
vt 0.566801 0.784454
vt 0.564522 0.773462
vt 0.470105 0.785406
vt 0.464670 0.785217
vt 0.471334 0.775256
vt 0.466074 0.774148
vt 0.474255 0.765637
vt 0.469357 0.763644
vt 0.478784 0.756920
vt 0.474425 0.754087
vt 0.484748 0.749376
vt 0.481119 0.745814
vt 0.492013 0.743394
vt 0.489245 0.739191
vt 0.476634 0.815380
vt 0.471829 0.817840
vt 0.481926 0.823995
vt 0.477712 0.827210
vt 0.488551 0.831383
vt 0.485075 0.835239
vt 0.496258 0.837268
vt 0.493661 0.841612
vt 0.504763 0.841353
vt 0.503156 0.846038
vt 0.513695 0.843462
vt 0.513171 0.848309
vt 0.522782 0.843525
vt 0.523358 0.848218
vt 0.531583 0.841270
vt 0.533265 0.845838
vt 0.539750 0.837086
vt 0.542438 0.841223
vt 0.546959 0.831084
vt 0.550520 0.834648
vt 0.552943 0.823602
vt 0.557222 0.826448
vt 0.557502 0.814933
vt 0.562332 0.816984
vt 0.560479 0.805395
vt 0.565659 0.806568
vt 0.561783 0.795347
vt 0.567190 0.795613
vt 0.555558 0.765421
vt 0.560422 0.763017
vt 0.550261 0.756702
vt 0.554574 0.753521
vt 0.543647 0.749209
vt 0.547235 0.745345
vt 0.535924 0.743260
vt 0.538627 0.738864
vt 0.527373 0.739120
vt 0.529066 0.734347
vt 0.518330 0.737021
vt 0.518909 0.732024
vt 0.509182 0.737073
vt 0.508565 0.732032
vt 0.500256 0.739180
vt 0.498515 0.734502
vt 0.597839 0.816325
vt 0.598040 0.809230
vt 0.594880 0.808885
vt 0.594674 0.816514
vt 0.660292 0.809917
vt 0.660043 0.816993
vt 0.663180 0.817374
vt 0.663467 0.809766
vt 0.599410 0.802283
vt 0.596379 0.801416
vt 0.601887 0.795732
vt 0.599071 0.794369
vt 0.605406 0.789824
vt 0.602925 0.788019
vt 0.609840 0.784763
vt 0.607784 0.782570
vt 0.615043 0.780751
vt 0.613493 0.778242
vt 0.620830 0.777974
vt 0.619862 0.775227
vt 0.598807 0.823318
vt 0.595760 0.824029
vt 0.600943 0.829926
vt 0.598110 0.831145
vt 0.604117 0.835923
vt 0.601622 0.837604
vt 0.608262 0.841090
vt 0.606198 0.843166
vt 0.613232 0.845189
vt 0.611679 0.847593
vt 0.618811 0.848046
vt 0.617845 0.850693
vt 0.624820 0.849570
vt 0.624497 0.852274
vt 0.631022 0.849538
vt 0.631329 0.852334
vt 0.637110 0.848092
vt 0.638040 0.850791
vt 0.642863 0.845306
vt 0.644371 0.847792
vt 0.648067 0.841322
vt 0.650089 0.843523
vt 0.652521 0.836292
vt 0.654963 0.838116
vt 0.656079 0.830415
vt 0.658858 0.831805
vt 0.658602 0.823907
vt 0.661627 0.824813
vt 0.659402 0.802942
vt 0.662474 0.802261
vt 0.657322 0.796316
vt 0.660177 0.795129
vt 0.654179 0.790290
vt 0.656730 0.788621
vt 0.650036 0.785105
vt 0.652156 0.783020
vt 0.645048 0.780976
vt 0.646668 0.778516
vt 0.639382 0.778073
vt 0.640396 0.775358
vt 0.633265 0.776618
vt 0.633628 0.773680
vt 0.626994 0.776535
vt 0.626668 0.773663
s 1
usemtl Luz_Base_Cabina
f 3684/1976/546 3685/1977/547 3686/1978/548
f 3684/1976/546 3686/1978/548 3687/1979/549
f 3688/1980/550 3689/1981/551 3690/1982/552
f 3688/1980/550 3690/1982/552 3691/1983/550
f 3692/1984/553 3693/1985/554 3694/1986/555
f 3692/1984/553 3694/1986/555 3695/1987/556
f 3696/1988/557 3697/1981/557 3698/1980/558
f 3696/1988/557 3698/1980/558 3699/1989/558
f 3700/1990/559 3701/1991/560 3702/1992/561
f 3700/1990/559 3702/1992/561 3703/1993/559
f 3693/1985/554 3704/1994/562 3705/1995/563
f 3693/1985/554 3705/1995/563 3694/1986/555
f 3702/1992/561 3701/1991/560 3706/1996/564
f 3702/1992/561 3706/1996/564 3707/1997/565
f 3707/1997/565 3706/1996/564 3708/1998/566
f 3707/1997/565 3708/1998/566 3709/1999/566
f 3690/1982/552 3689/1981/551 3710/2000/567
f 3690/1982/552 3710/2000/567 3711/2001/568
f 3711/2001/568 3710/2000/567 3712/2002/569
f 3711/2001/568 3712/2002/569 3713/2003/569
f 3714/2004/570 3715/2005/570 3716/2006/571
f 3714/2004/570 3716/2006/571 3717/2007/572
f 3717/2007/572 3716/2006/571 3718/1988/573
f 3717/2007/572 3718/1988/573 3719/2008/574
f 3720/2009/575 3721/2010/576 3722/2011/577
f 3720/2009/575 3722/2011/577 3723/2012/578
f 3723/2012/578 3722/2011/577 3704/1994/562
f 3723/2012/578 3704/1994/562 3693/1985/554
f 3724/2005/579 3725/2002/579 3726/2000/580
f 3724/2005/579 3726/2000/580 3727/2006/580
f 3727/2006/580 3726/2000/580 3697/1981/557
f 3727/2006/580 3697/1981/557 3696/1988/557
f 3728/2013/581 3729/2014/581 3730/2015/582
f 3728/2013/581 3730/2015/582 3731/2016/583
f 3731/2016/583 3730/2015/582 3732/2017/584
f 3731/2016/583 3732/2017/584 3733/2018/585
f 3733/2018/585 3732/2017/584 3734/2019/586
f 3733/2018/585 3734/2019/586 3735/2020/586
f 3736/2021/587 3737/2019/587 3738/2017/588
f 3736/2021/587 3738/2017/588 3739/2022/588
f 3739/2022/588 3738/2017/588 3740/2015/589
f 3739/2022/588 3740/2015/589 3741/2023/589
f 3741/2023/589 3740/2015/589 3742/2014/590
f 3741/2023/589 3742/2014/590 3743/2024/590
f 3744/2025/591 3745/2026/592 3746/2027/593
f 3744/2025/591 3746/2027/593 3747/2028/594
f 3747/2028/594 3746/2027/593 3748/2029/595
f 3747/2028/594 3748/2029/595 3749/2030/596
f 3750/2031/597 3751/2021/597 3752/2022/598
f 3750/2031/597 3752/2022/598 3753/2032/599
f 3753/2032/599 3752/2022/598 3754/2023/600
f 3753/2032/599 3754/2023/600 3755/2033/601
f 3755/2033/601 3754/2023/600 3756/2024/602
f 3755/2033/601 3756/2024/602 3757/2034/602
f 3758/2035/603 3759/2036/603 3760/2037/604
f 3758/2035/603 3760/2037/604 3761/2038/605
f 3761/2038/605 3760/2037/604 3762/2039/606
f 3761/2038/605 3762/2039/606 3763/2040/607
f 3763/2040/607 3762/2039/606 3764/2041/608
f 3763/2040/607 3764/2041/608 3765/2042/608
f 3766/2043/609 3767/2044/610 3692/1984/553
f 3766/2043/609 3692/1984/553 3695/1987/556
f 3768/2045/611 3720/2009/575 3723/2012/578
f 3768/2045/611 3723/2012/578 3769/2046/612
f 3769/2046/612 3723/2012/578 3693/1985/554
f 3769/2046/612 3693/1985/554 3692/1984/553
f 3770/2047/613 3744/2025/591 3747/2028/594
f 3770/2047/613 3747/2028/594 3771/2048/614
f 3771/2048/614 3747/2028/594 3749/2030/596
f 3771/2048/614 3749/2030/596 3685/1977/547
f 3685/1977/547 3749/2030/596 3772/2049/615
f 3685/1977/547 3772/2049/615 3686/1978/548
f 3773/2050/616 3771/2048/614 3685/1977/547
f 3773/2050/616 3685/1977/547 3684/1976/546
f 3774/2051/617 3770/2047/613 3771/2048/614
f 3774/2051/617 3771/2048/614 3773/2050/616
f 3775/2052/618 3769/2046/612 3692/1984/553
f 3775/2052/618 3692/1984/553 3767/2044/610
f 3776/2053/619 3768/2045/611 3769/2046/612
f 3776/2053/619 3769/2046/612 3775/2052/618
f 3749/2030/596 3748/2029/595 3777/2054/620
f 3749/2030/596 3777/2054/620 3772/2049/615
f 3719/2008/574 3718/1988/573 3778/1989/621
f 3719/2008/574 3778/1989/621 3779/2055/621
f 3780/2056/622 3781/2057/623 3782/2058/624
f 3780/2056/622 3782/2058/624 3783/2059/625
f 3784/2060/626 3785/2061/626 3786/2062/627
f 3784/2060/626 3786/2062/627 3787/2063/628
f 3787/2063/628 3786/2062/627 3788/2064/629
f 3787/2063/628 3788/2064/629 3789/2065/630
f 3789/2065/630 3788/2064/629 3790/2066/631
f 3789/2065/630 3790/2066/631 3791/2067/631
f 3792/2068/632 3793/2069/632 3794/2070/633
f 3792/2068/632 3794/2070/633 3795/2071/634
f 3795/2071/634 3794/2070/633 3796/2072/635
f 3795/2071/634 3796/2072/635 3797/2073/636
f 3797/2073/636 3796/2072/635 3798/2074/637
f 3797/2073/636 3798/2074/637 3799/2075/637
f 3800/2076/638 3801/2077/638 3802/2078/639
f 3800/2076/638 3802/2078/639 3803/2079/640
f 3803/2079/640 3802/2078/639 3804/2080/641
f 3803/2079/640 3804/2080/641 3805/2081/642
f 3805/2081/642 3804/2080/641 3806/2082/643
f 3805/2081/642 3806/2082/643 3807/2083/643
f 3808/2084/644 3809/2085/644 3810/2086/645
f 3808/2084/644 3810/2086/645 3811/2087/646
f 3811/2087/646 3810/2086/645 3812/2088/647
f 3811/2087/646 3812/2088/647 3813/2089/648
f 3813/2089/648 3812/2088/647 3814/2090/649
f 3813/2089/648 3814/2090/649 3815/2091/649
f 3816/2092/650 3817/2093/651 3818/2094/652
f 3816/2092/650 3818/2094/652 3819/2095/653
f 3819/2095/653 3818/2094/652 3820/2096/654
f 3819/2095/653 3820/2096/654 3821/2097/655
f 3822/2085/656 3823/2082/656 3824/2080/657
f 3822/2085/656 3824/2080/657 3825/2086/657
f 3825/2086/657 3824/2080/657 3826/2078/658
f 3825/2086/657 3826/2078/658 3827/2088/658
f 3827/2088/658 3826/2078/658 3828/2077/659
f 3827/2088/658 3828/2077/659 3829/2090/659
f 3830/2075/660 3831/2066/660 3832/2064/661
f 3830/2075/660 3832/2064/661 3833/2073/661
f 3833/2073/661 3832/2064/661 3834/2062/662
f 3833/2073/661 3834/2062/662 3835/2071/662
f 3835/2071/662 3834/2062/662 3836/2061/663
f 3835/2071/662 3836/2061/663 3837/2068/663
f 3838/2098/664 3839/2099/664 3840/2100/665
f 3838/2098/664 3840/2100/665 3841/2101/666
f 3841/2101/666 3840/2100/665 3842/2102/667
f 3841/2101/666 3842/2102/667 3843/2103/668
f 3843/2103/668 3842/2102/667 3844/2104/669
f 3843/2103/668 3844/2104/669 3845/2105/669
f 3846/2106/670 3847/2107/670 3848/2108/671
f 3846/2106/670 3848/2108/671 3849/2109/672
f 3849/2109/672 3848/2108/671 3850/2110/673
f 3849/2109/672 3850/2110/673 3851/2111/673
f 3851/2111/673 3850/2110/673 3852/2112/674
f 3851/2111/673 3852/2112/674 3853/2113/674
f 3854/2114/675 3855/2104/675 3856/2102/676
f 3854/2114/675 3856/2102/676 3857/2115/676
f 3857/2115/676 3856/2102/676 3858/2100/677
f 3857/2115/676 3858/2100/677 3859/2116/677
f 3859/2116/677 3858/2100/677 3860/2099/678
f 3859/2116/677 3860/2099/678 3861/2117/678
f 3821/2097/655 3820/2096/654 3862/2118/679
f 3821/2097/655 3862/2118/679 3863/2119/680
f 3864/2120/681 3865/2121/682 3866/2122/683
f 3864/2120/681 3866/2122/683 3867/2123/684
f 3867/2123/684 3866/2122/683 3868/2124/685
f 3867/2123/684 3868/2124/685 3869/2125/686
f 3870/2126/687 3871/2114/687 3872/2115/688
f 3870/2126/687 3872/2115/688 3873/2127/689
f 3873/2127/689 3872/2115/688 3874/2116/690
f 3873/2127/689 3874/2116/690 3875/2128/691
f 3875/2128/691 3874/2116/690 3876/2117/692
f 3875/2128/691 3876/2117/692 3877/2129/692
f 3878/2130/693 3879/2112/693 3880/2110/694
f 3878/2130/693 3880/2110/694 3881/2131/695
f 3881/2131/695 3880/2110/694 3882/2108/696
f 3881/2131/695 3882/2108/696 3883/2132/697
f 3883/2132/697 3882/2108/696 3884/2107/698
f 3883/2132/697 3884/2107/698 3885/2133/698
f 3886/2113/699 3887/2134/699 3888/2135/700
f 3886/2113/699 3888/2135/700 3889/2111/701
f 3889/2111/701 3888/2135/700 3890/2136/702
f 3889/2111/701 3890/2136/702 3891/2109/703
f 3891/2109/703 3890/2136/702 3892/2137/704
f 3891/2109/703 3892/2137/704 3893/2106/704
f 3894/2138/705 3816/2092/650 3819/2095/653
f 3894/2138/705 3819/2095/653 3895/2139/706
f 3895/2139/706 3819/2095/653 3821/2097/655
f 3895/2139/706 3821/2097/655 3896/2140/707
f 3896/2140/707 3821/2097/655 3863/2119/680
f 3896/2140/707 3863/2119/680 3897/2141/708
f 3898/2142/709 3864/2120/681 3867/2123/684
f 3898/2142/709 3867/2123/684 3899/2143/710
f 3899/2143/710 3867/2123/684 3869/2125/686
f 3899/2143/710 3869/2125/686 3781/2057/623
f 3781/2057/623 3869/2125/686 3900/2144/711
f 3781/2057/623 3900/2144/711 3782/2058/624
f 3901/2145/712 3899/2143/710 3781/2057/623
f 3901/2145/712 3781/2057/623 3780/2056/622
f 3902/2146/713 3898/2142/709 3899/2143/710
f 3902/2146/713 3899/2143/710 3901/2145/712
f 3903/2147/714 3896/2140/707 3897/2141/708
f 3903/2147/714 3897/2141/708 3904/2148/715
f 3905/2149/716 3895/2139/706 3896/2140/707
f 3905/2149/716 3896/2140/707 3903/2147/714
f 3906/2150/717 3894/2138/705 3895/2139/706
f 3906/2150/717 3895/2139/706 3905/2149/716
f 3869/2125/686 3868/2124/685 3907/2151/718
f 3869/2125/686 3907/2151/718 3900/2144/711
f 3908/2152/626 3909/2153/626 3910/2154/627
f 3908/2152/626 3910/2154/627 3911/2155/628
f 3911/2155/628 3910/2154/627 3912/2156/629
f 3911/2155/628 3912/2156/629 3913/2157/630
f 3913/2157/630 3912/2156/629 3914/2158/631
f 3913/2157/630 3914/2158/631 3915/2159/631
f 3916/2160/632 3917/2161/632 3918/2162/633
f 3916/2160/632 3918/2162/633 3919/2163/634
f 3919/2163/634 3918/2162/633 3920/2164/635
f 3919/2163/634 3920/2164/635 3921/2165/636
f 3921/2165/636 3920/2164/635 3922/2166/637
f 3921/2165/636 3922/2166/637 3923/2167/637
f 3924/2168/638 3925/2169/638 3926/2170/639
f 3924/2168/638 3926/2170/639 3927/2171/640
f 3927/2171/640 3926/2170/639 3928/2172/641
f 3927/2171/640 3928/2172/641 3929/2173/642
f 3929/2173/642 3928/2172/641 3930/2174/643
f 3929/2173/642 3930/2174/643 3931/2175/643
f 3932/2176/644 3933/2177/644 3934/2178/645
f 3932/2176/644 3934/2178/645 3935/2179/646
f 3935/2179/646 3934/2178/645 3936/2180/647
f 3935/2179/646 3936/2180/647 3937/2181/648
f 3937/2181/648 3936/2180/647 3938/2182/649
f 3937/2181/648 3938/2182/649 3939/2183/649
f 3940/2184/719 3941/2185/720 3942/2186/721
f 3940/2184/719 3942/2186/721 3943/2187/653
f 3943/2187/653 3942/2186/721 3944/2188/654
f 3943/2187/653 3944/2188/654 3945/2189/722
f 3946/2177/656 3947/2174/656 3948/2172/657
f 3946/2177/656 3948/2172/657 3949/2178/657
f 3949/2178/657 3948/2172/657 3950/2170/658
f 3949/2178/657 3950/2170/658 3951/2180/658
f 3951/2180/658 3950/2170/658 3952/2169/659
f 3951/2180/658 3952/2169/659 3953/2182/659
f 3954/2167/660 3955/2158/660 3956/2156/661
f 3954/2167/660 3956/2156/661 3957/2165/661
f 3957/2165/661 3956/2156/661 3958/2154/662
f 3957/2165/661 3958/2154/662 3959/2163/662
f 3959/2163/662 3958/2154/662 3960/2153/663
f 3959/2163/662 3960/2153/663 3961/2160/663
f 3945/2189/722 3944/2188/654 3962/2190/679
f 3945/2189/722 3962/2190/679 3963/2191/680
f 3964/2192/705 3940/2184/719 3943/2187/653
f 3964/2192/705 3943/2187/653 3965/2193/706
f 3965/2193/706 3943/2187/653 3945/2189/722
f 3965/2193/706 3945/2189/722 3966/2194/723
f 3966/2194/723 3945/2189/722 3963/2191/680
f 3966/2194/723 3963/2191/680 3967/2195/708
f 3968/2196/724 3966/2194/723 3967/2195/708
f 3968/2196/724 3967/2195/708 3969/2197/715
f 3970/2198/716 3965/2193/706 3966/2194/723
f 3970/2198/716 3966/2194/723 3968/2196/724
f 3971/2199/725 3964/2192/705 3965/2193/706
f 3971/2199/725 3965/2193/706 3970/2198/716
f 3972/2200/726 3973/2201/727 3974/2202/728
f 3972/2200/726 3974/2202/728 3975/2203/729
f 3976/2204/730 3977/2205/731 3978/2206/732
f 3976/2204/730 3978/2206/732 3979/2207/730
f 3977/2205/731 3980/2208/733 3981/2209/734
f 3977/2205/731 3981/2209/734 3978/2206/732
f 3980/2208/733 3982/2210/735 3983/2211/735
f 3980/2208/733 3983/2211/735 3981/2209/734
f 3984/2212/736 3985/2213/737 3986/2214/738
f 3984/2212/736 3986/2214/738 3987/2215/736
f 3985/2213/737 3988/2216/739 3989/2217/740
f 3985/2213/737 3989/2217/740 3986/2214/738
f 3988/2216/739 3990/2218/741 3991/2219/741
f 3988/2216/739 3991/2219/741 3989/2217/740
f 3992/2220/742 3993/2221/743 3994/2222/744
f 3992/2220/742 3994/2222/744 3995/2223/742
f 3993/2221/743 3996/2224/745 3997/2225/746
f 3993/2221/743 3997/2225/746 3994/2222/744
f 3996/2224/745 3998/2226/747 3999/2227/747
f 3996/2224/745 3999/2227/747 3997/2225/746
f 4000/2228/748 4001/2229/749 4002/2230/750
f 4000/2228/748 4002/2230/750 4003/2231/748
f 4001/2229/749 4004/2232/751 4005/2233/752
f 4001/2229/749 4005/2233/752 4002/2230/750
f 4004/2232/751 4006/2234/753 4007/2235/753
f 4004/2232/751 4007/2235/753 4005/2233/752
f 4008/2236/754 4009/2237/755 4010/2238/756
f 4008/2236/754 4010/2238/756 4011/2239/757
f 4009/2237/755 4012/2240/758 4013/2241/759
f 4009/2237/755 4013/2241/759 4010/2238/756
f 4014/2231/760 4015/2230/761 4016/2225/761
f 4014/2231/760 4016/2225/761 4017/2227/760
f 4015/2230/761 4018/2233/762 4019/2222/762
f 4015/2230/761 4019/2222/762 4016/2225/761
f 4018/2233/762 4020/2235/763 4021/2223/763
f 4018/2233/762 4021/2223/763 4019/2222/762
f 4022/2218/764 4023/2216/765 4024/2209/765
f 4022/2218/764 4024/2209/765 4025/2211/764
f 4023/2216/765 4026/2213/766 4027/2206/766
f 4023/2216/765 4027/2206/766 4024/2209/765
f 4026/2213/766 4028/2212/767 4029/2207/767
f 4026/2213/766 4029/2207/767 4027/2206/766
f 4030/2242/768 4031/2243/769 4032/2244/770
f 4030/2242/768 4032/2244/770 4033/2245/768
f 4031/2243/769 4034/2246/771 4035/2247/772
f 4031/2243/769 4035/2247/772 4032/2244/770
f 4034/2246/771 4036/2248/773 4037/2249/773
f 4034/2246/771 4037/2249/773 4035/2247/772
f 4038/2250/774 4039/2251/775 4040/2252/776
f 4038/2250/774 4040/2252/776 4041/2253/774
f 4039/2251/775 4042/2254/777 4043/2255/777
f 4039/2251/775 4043/2255/777 4040/2252/776
f 4042/2254/777 4044/2256/778 4045/2257/778
f 4042/2254/777 4045/2257/778 4043/2255/777
f 4046/2258/779 4047/2259/780 4048/2247/780
f 4046/2258/779 4048/2247/780 4049/2249/779
f 4047/2259/780 4050/2260/781 4051/2244/781
f 4047/2259/780 4051/2244/781 4048/2247/780
f 4050/2260/781 4052/2261/782 4053/2245/782
f 4050/2260/781 4053/2245/782 4051/2244/781
f 4012/2240/758 4054/2262/783 4055/2263/784
f 4012/2240/758 4055/2263/784 4013/2241/759
f 4056/2264/785 4057/2265/786 4058/2266/787
f 4056/2264/785 4058/2266/787 4059/2267/788
f 4057/2265/786 4060/2268/789 4061/2269/790
f 4057/2265/786 4061/2269/790 4058/2266/787
f 4062/2270/791 4063/2271/792 4064/2259/793
f 4062/2270/791 4064/2259/793 4065/2258/791
f 4063/2271/792 4066/2272/794 4067/2260/795
f 4063/2271/792 4067/2260/795 4064/2259/793
f 4066/2272/794 4068/2273/796 4069/2261/796
f 4066/2272/794 4069/2261/796 4067/2260/795
f 4070/2274/797 4071/2275/798 4072/2255/799
f 4070/2274/797 4072/2255/799 4073/2257/797
f 4071/2275/798 4074/2276/800 4075/2252/801
f 4071/2275/798 4075/2252/801 4072/2255/799
f 4074/2276/800 4076/2277/802 4077/2253/802
f 4074/2276/800 4077/2253/802 4075/2252/801
f 4078/2256/803 4079/2254/804 4080/2278/805
f 4078/2256/803 4080/2278/805 4081/2279/803
f 4079/2254/804 4082/2251/806 4083/2280/807
f 4079/2254/804 4083/2280/807 4080/2278/805
f 4082/2251/806 4084/2250/808 4085/2281/808
f 4082/2251/806 4085/2281/808 4083/2280/807
f 4086/2282/809 4087/2283/810 4009/2237/755
f 4086/2282/809 4009/2237/755 4008/2236/754
f 4087/2283/810 4088/2284/811 4012/2240/758
f 4087/2283/810 4012/2240/758 4009/2237/755
f 4088/2284/811 4089/2285/812 4054/2262/783
f 4088/2284/811 4054/2262/783 4012/2240/758
f 4090/2286/813 4091/2287/814 4057/2265/786
f 4090/2286/813 4057/2265/786 4056/2264/785
f 4091/2287/814 3975/2203/729 4060/2268/789
f 4091/2287/814 4060/2268/789 4057/2265/786
f 3975/2203/729 3974/2202/728 4092/2288/815
f 3975/2203/729 4092/2288/815 4060/2268/789
f 4093/2289/816 3972/2200/726 3975/2203/729
f 4093/2289/816 3975/2203/729 4091/2287/814
f 4094/2290/817 4093/2289/816 4091/2287/814
f 4094/2290/817 4091/2287/814 4090/2286/813
f 4095/2291/818 4096/2292/819 4089/2285/812
f 4095/2291/818 4089/2285/812 4088/2284/811
f 4097/2293/820 4095/2291/818 4088/2284/811
f 4097/2293/820 4088/2284/811 4087/2283/810
f 4098/2294/821 4097/2293/820 4087/2283/810
f 4098/2294/821 4087/2283/810 4086/2282/809
f 4060/2268/789 4092/2288/815 4099/2295/822
f 4060/2268/789 4099/2295/822 4061/2269/790
f 4100/2296/730 4101/2297/731 4102/2298/732
f 4100/2296/730 4102/2298/732 4103/2299/730
f 4101/2297/731 4104/2300/733 4105/2301/734
f 4101/2297/731 4105/2301/734 4102/2298/732
f 4104/2300/733 4106/2302/735 4107/2303/735
f 4104/2300/733 4107/2303/735 4105/2301/734
f 4108/2304/736 4109/2305/737 4110/2306/738
f 4108/2304/736 4110/2306/738 4111/2307/736
f 4109/2305/737 4112/2308/739 4113/2309/740
f 4109/2305/737 4113/2309/740 4110/2306/738
f 4112/2308/739 4114/2310/741 4115/2311/741
f 4112/2308/739 4115/2311/741 4113/2309/740
f 4116/2312/742 4117/2313/743 4118/2314/744
f 4116/2312/742 4118/2314/744 4119/2315/742
f 4117/2313/743 4120/2316/745 4121/2317/746
f 4117/2313/743 4121/2317/746 4118/2314/744
f 4120/2316/745 4122/2318/747 4123/2319/747
f 4120/2316/745 4123/2319/747 4121/2317/746
f 4124/2320/748 4125/2321/749 4126/2322/750
f 4124/2320/748 4126/2322/750 4127/2323/748
f 4125/2321/749 4128/2324/751 4129/2325/752
f 4125/2321/749 4129/2325/752 4126/2322/750
f 4128/2324/751 4130/2326/753 4131/2327/753
f 4128/2324/751 4131/2327/753 4129/2325/752
f 4132/2328/754 4133/2329/823 4134/2330/756
f 4132/2328/754 4134/2330/756 4135/2331/757
f 4133/2329/823 4136/2332/824 4137/2333/759
f 4133/2329/823 4137/2333/759 4134/2330/756
f 4138/2323/760 4139/2322/761 4140/2317/761
f 4138/2323/760 4140/2317/761 4141/2319/760
f 4139/2322/761 4142/2325/762 4143/2314/762
f 4139/2322/761 4143/2314/762 4140/2317/761
f 4142/2325/762 4144/2327/763 4145/2315/763
f 4142/2325/762 4145/2315/763 4143/2314/762
f 4146/2310/764 4147/2308/765 4148/2301/765
f 4146/2310/764 4148/2301/765 4149/2303/764
f 4147/2308/765 4150/2305/766 4151/2298/766
f 4147/2308/765 4151/2298/766 4148/2301/765
f 4150/2305/766 4152/2304/767 4153/2299/767
f 4150/2305/766 4153/2299/767 4151/2298/766
f 4136/2332/824 4154/2334/825 4155/2335/784
f 4136/2332/824 4155/2335/784 4137/2333/759
f 4156/2336/809 4157/2337/810 4133/2329/823
f 4156/2336/809 4133/2329/823 4132/2328/754
f 4157/2337/810 4158/2338/826 4136/2332/824
f 4157/2337/810 4136/2332/824 4133/2329/823
f 4158/2338/826 4159/2339/812 4154/2334/825
f 4158/2338/826 4154/2334/825 4136/2332/824
f 4160/2340/818 4161/2341/819 4159/2339/812
f 4160/2340/818 4159/2339/812 4158/2338/826
f 4162/2342/820 4160/2340/818 4158/2338/826
f 4162/2342/820 4158/2338/826 4157/2337/810
f 4163/2343/821 4162/2342/820 4157/2337/810
f 4163/2343/821 4157/2337/810 4156/2336/809
f 4164/2344/827 4165/2345/828 4166/2346/829
f 4164/2344/827 4166/2346/829 4167/2347/830
f 4168/2348/831 4169/2349/832 4170/2350/833
f 4168/2348/831 4170/2350/833 4171/2351/831
f 4169/2349/832 4172/2352/834 4173/2353/835
f 4169/2349/832 4173/2353/835 4170/2350/833
f 4172/2352/834 4174/2354/836 4175/2355/836
f 4172/2352/834 4175/2355/836 4173/2353/835
f 4176/2356/837 4177/2357/838 4178/2358/839
f 4176/2356/837 4178/2358/839 4179/2359/837
f 4177/2357/838 4180/2360/840 4181/2361/841
f 4177/2357/838 4181/2361/841 4178/2358/839
f 4180/2360/840 4182/2362/842 4183/2363/842
f 4180/2360/840 4183/2363/842 4181/2361/841
f 4184/2364/843 4185/2365/844 4186/2366/845
f 4184/2364/843 4186/2366/845 4187/2367/843
f 4185/2365/844 4188/2368/846 4189/2369/847
f 4185/2365/844 4189/2369/847 4186/2366/845
f 4188/2368/846 4190/2370/848 4191/2371/848
f 4188/2368/846 4191/2371/848 4189/2369/847
f 4192/2372/849 4193/2373/850 4194/2374/851
f 4192/2372/849 4194/2374/851 4195/2375/849
f 4193/2373/850 4196/2376/852 4197/2377/853
f 4193/2373/850 4197/2377/853 4194/2374/851
f 4196/2376/852 4198/2378/854 4199/2379/854
f 4196/2376/852 4199/2379/854 4197/2377/853
f 4200/2380/855 4201/2381/856 4202/2382/857
f 4200/2380/855 4202/2382/857 4203/2383/858
f 4201/2381/856 4204/2384/859 4205/2385/860
f 4201/2381/856 4205/2385/860 4202/2382/857
f 4206/2375/861 4207/2374/862 4208/2369/862
f 4206/2375/861 4208/2369/862 4209/2371/861
f 4207/2374/862 4210/2377/863 4211/2366/863
f 4207/2374/862 4211/2366/863 4208/2369/862
f 4210/2377/863 4212/2379/864 4213/2367/864
f 4210/2377/863 4213/2367/864 4211/2366/863
f 4214/2362/865 4215/2360/866 4216/2353/866
f 4214/2362/865 4216/2353/866 4217/2355/865
f 4215/2360/866 4218/2357/867 4219/2350/867
f 4215/2360/866 4219/2350/867 4216/2353/866
f 4218/2357/867 4220/2356/868 4221/2351/868
f 4218/2357/867 4221/2351/868 4219/2350/867
f 4222/2386/869 4223/2387/870 4224/2388/871
f 4222/2386/869 4224/2388/871 4225/2389/869
f 4223/2387/870 4226/2390/872 4227/2391/873
f 4223/2387/870 4227/2391/873 4224/2388/871
f 4226/2390/872 4228/2392/874 4229/2393/874
f 4226/2390/872 4229/2393/874 4227/2391/873
f 4230/2394/875 4231/2395/876 4232/2396/876
f 4230/2394/875 4232/2396/876 4233/2397/875
f 4231/2395/876 4234/2398/877 4235/2399/877
f 4231/2395/876 4235/2399/877 4232/2396/876
f 4234/2398/877 4236/2400/878 4237/2401/878
f 4234/2398/877 4237/2401/878 4235/2399/877
f 4238/2402/879 4239/2403/880 4240/2391/880
f 4238/2402/879 4240/2391/880 4241/2393/879
f 4239/2403/880 4242/2404/881 4243/2388/881
f 4239/2403/880 4243/2388/881 4240/2391/880
f 4242/2404/881 4244/2405/882 4245/2389/882
f 4242/2404/881 4245/2389/882 4243/2388/881
f 4204/2384/859 4246/2406/883 4247/2407/884
f 4204/2384/859 4247/2407/884 4205/2385/860
f 4248/2408/885 4249/2409/886 4250/2410/887
f 4248/2408/885 4250/2410/887 4251/2411/888
f 4249/2409/886 4252/2412/889 4253/2413/890
f 4249/2409/886 4253/2413/890 4250/2410/887
f 4254/2414/891 4255/2415/892 4256/2403/893
f 4254/2414/891 4256/2403/893 4257/2402/891
f 4255/2415/892 4258/2416/894 4259/2404/895
f 4255/2415/892 4259/2404/895 4256/2403/893
f 4258/2416/894 4260/2417/896 4261/2405/896
f 4258/2416/894 4261/2405/896 4259/2404/895
f 4262/2418/897 4263/2419/898 4264/2399/899
f 4262/2418/897 4264/2399/899 4265/2401/897
f 4263/2419/898 4266/2420/900 4267/2396/901
f 4263/2419/898 4267/2396/901 4264/2399/899
f 4266/2420/900 4268/2421/902 4269/2397/902
f 4266/2420/900 4269/2397/902 4267/2396/901
f 4270/2400/903 4271/2398/904 4272/2422/905
f 4270/2400/903 4272/2422/905 4273/2423/903
f 4271/2398/904 4274/2395/906 4275/2424/907
f 4271/2398/904 4275/2424/907 4272/2422/905
f 4274/2395/906 4276/2394/908 4277/2425/908
f 4274/2395/906 4277/2425/908 4275/2424/907
f 4278/2426/909 4279/2427/910 4201/2381/856
f 4278/2426/909 4201/2381/856 4200/2380/855
f 4279/2427/910 4280/2428/911 4204/2384/859
f 4279/2427/910 4204/2384/859 4201/2381/856
f 4280/2428/911 4281/2429/912 4246/2406/883
f 4280/2428/911 4246/2406/883 4204/2384/859
f 4282/2430/913 4283/2431/914 4249/2409/886
f 4282/2430/913 4249/2409/886 4248/2408/885
f 4283/2431/914 4167/2347/830 4252/2412/889
f 4283/2431/914 4252/2412/889 4249/2409/886
f 4167/2347/830 4166/2346/829 4284/2432/915
f 4167/2347/830 4284/2432/915 4252/2412/889
f 4285/2433/916 4164/2344/827 4167/2347/830
f 4285/2433/916 4167/2347/830 4283/2431/914
f 4286/2434/917 4285/2433/916 4283/2431/914
f 4286/2434/917 4283/2431/914 4282/2430/913
f 4287/2435/918 4288/2436/919 4281/2429/912
f 4287/2435/918 4281/2429/912 4280/2428/911
f 4289/2437/920 4287/2435/918 4280/2428/911
f 4289/2437/920 4280/2428/911 4279/2427/910
f 4290/2438/921 4289/2437/920 4279/2427/910
f 4290/2438/921 4279/2427/910 4278/2426/909
f 4252/2412/889 4284/2432/915 4291/2439/922
f 4252/2412/889 4291/2439/922 4253/2413/890
f 4292/2440/831 4293/2441/832 4294/2442/833
f 4292/2440/831 4294/2442/833 4295/2443/831
f 4293/2441/832 4296/2444/834 4297/2445/835
f 4293/2441/832 4297/2445/835 4294/2442/833
f 4296/2444/834 4298/2446/836 4299/2447/836
f 4296/2444/834 4299/2447/836 4297/2445/835
f 4300/2448/837 4301/2449/838 4302/2450/839
f 4300/2448/837 4302/2450/839 4303/2451/837
f 4301/2449/838 4304/2452/840 4305/2453/841
f 4301/2449/838 4305/2453/841 4302/2450/839
f 4304/2452/840 4306/2454/842 4307/2455/842
f 4304/2452/840 4307/2455/842 4305/2453/841
f 4308/2456/843 4309/2457/844 4310/2458/845
f 4308/2456/843 4310/2458/845 4311/2459/843
f 4309/2457/844 4312/2460/846 4313/2461/847
f 4309/2457/844 4313/2461/847 4310/2458/845
f 4312/2460/846 4314/2462/848 4315/2463/848
f 4312/2460/846 4315/2463/848 4313/2461/847
f 4316/2464/923 4317/2465/850 4318/2466/851
f 4316/2464/923 4318/2466/851 4319/2467/923
f 4317/2465/850 4320/2468/852 4321/2469/853
f 4317/2465/850 4321/2469/853 4318/2466/851
f 4320/2468/852 4322/2470/854 4323/2471/854
f 4320/2468/852 4323/2471/854 4321/2469/853
f 4324/2472/924 4325/2473/925 4326/2474/857
f 4324/2472/924 4326/2474/857 4327/2475/858
f 4325/2473/925 4328/2476/859 4329/2477/860
f 4325/2473/925 4329/2477/860 4326/2474/857
f 4330/2467/861 4331/2466/862 4332/2461/862
f 4330/2467/861 4332/2461/862 4333/2463/861
f 4331/2466/862 4334/2469/863 4335/2458/863
f 4331/2466/862 4335/2458/863 4332/2461/862
f 4334/2469/863 4336/2471/926 4337/2459/926
f 4334/2469/863 4337/2459/926 4335/2458/863
f 4338/2454/865 4339/2452/866 4340/2445/866
f 4338/2454/865 4340/2445/866 4341/2447/865
f 4339/2452/866 4342/2449/867 4343/2442/867
f 4339/2452/866 4343/2442/867 4340/2445/866
f 4342/2449/867 4344/2448/868 4345/2443/868
f 4342/2449/867 4345/2443/868 4343/2442/867
f 4328/2476/859 4346/2478/927 4347/2479/884
f 4328/2476/859 4347/2479/884 4329/2477/860
f 4348/2480/928 4349/2481/929 4325/2473/925
f 4348/2480/928 4325/2473/925 4324/2472/924
f 4349/2481/929 4350/2482/911 4328/2476/859
f 4349/2481/929 4328/2476/859 4325/2473/925
f 4350/2482/911 4351/2483/930 4346/2478/927
f 4350/2482/911 4346/2478/927 4328/2476/859
f 4352/2484/918 4353/2485/919 4351/2483/930
f 4352/2484/918 4351/2483/930 4350/2482/911
f 4354/2486/931 4352/2484/918 4350/2482/911
f 4354/2486/931 4350/2482/911 4349/2481/929
f 4355/2487/921 4354/2486/931 4349/2481/929
f 4355/2487/921 4349/2481/929 4348/2480/928
f 4356/2488/932 4357/2489/933 4358/2490/934
f 4356/2488/932 4358/2490/934 4359/2491/935
f 4360/2492/936 4361/2493/936 4362/2494/937
f 4360/2492/936 4362/2494/937 4363/2495/938
f 4363/2495/938 4362/2494/937 4364/2496/939
f 4363/2495/938 4364/2496/939 4365/2497/940
f 4365/2497/940 4364/2496/939 4366/2498/941
f 4365/2497/940 4366/2498/941 4367/2499/941
f 4368/2500/942 4369/2501/942 4370/2502/943
f 4368/2500/942 4370/2502/943 4371/2503/944
f 4371/2503/944 4370/2502/943 4372/2504/945
f 4371/2503/944 4372/2504/945 4373/2505/946
f 4373/2505/946 4372/2504/945 4374/2506/947
f 4373/2505/946 4374/2506/947 4375/2507/947
f 4376/2508/948 4377/2509/948 4378/2510/949
f 4376/2508/948 4378/2510/949 4379/2511/950
f 4379/2511/950 4378/2510/949 4380/2512/951
f 4379/2511/950 4380/2512/951 4381/2513/952
f 4381/2513/952 4380/2512/951 4382/2514/953
f 4381/2513/952 4382/2514/953 4383/2515/953
f 4384/2516/954 4385/2517/954 4386/2518/955
f 4384/2516/954 4386/2518/955 4387/2519/956
f 4387/2519/956 4386/2518/955 4388/2520/957
f 4387/2519/956 4388/2520/957 4389/2521/958
f 4389/2521/958 4388/2520/957 4390/2522/959
f 4389/2521/958 4390/2522/959 4391/2523/959
f 4392/2524/960 4393/2525/961 4394/2526/962
f 4392/2524/960 4394/2526/962 4395/2527/963
f 4395/2527/963 4394/2526/962 4396/2528/964
f 4395/2527/963 4396/2528/964 4397/2529/965
f 4398/2517/966 4399/2514/966 4400/2512/967
f 4398/2517/966 4400/2512/967 4401/2518/967
f 4401/2518/967 4400/2512/967 4402/2510/968
f 4401/2518/967 4402/2510/968 4403/2520/968
f 4403/2520/968 4402/2510/968 4404/2509/969
f 4403/2520/968 4404/2509/969 4405/2522/970
f 4406/2507/971 4407/2498/971 4408/2496/972
f 4406/2507/971 4408/2496/972 4409/2505/972
f 4409/2505/972 4408/2496/972 4410/2494/973
f 4409/2505/972 4410/2494/973 4411/2503/973
f 4411/2503/973 4410/2494/973 4412/2493/974
f 4411/2503/973 4412/2493/974 4413/2500/974
f 4414/2530/975 4415/2531/975 4416/2532/976
f 4414/2530/975 4416/2532/976 4417/2533/977
f 4417/2533/977 4416/2532/976 4418/2534/978
f 4417/2533/977 4418/2534/978 4419/2535/979
f 4419/2535/979 4418/2534/978 4420/2536/980
f 4419/2535/979 4420/2536/980 4421/2537/980
f 4422/2538/981 4423/2539/981 4424/2540/982
f 4422/2538/981 4424/2540/982 4425/2541/982
f 4425/2541/982 4424/2540/982 4426/2542/983
f 4425/2541/982 4426/2542/983 4427/2543/983
f 4427/2543/983 4426/2542/983 4428/2544/984
f 4427/2543/983 4428/2544/984 4429/2545/984
f 4430/2546/985 4431/2536/985 4432/2534/986
f 4430/2546/985 4432/2534/986 4433/2547/986
f 4433/2547/986 4432/2534/986 4434/2532/987
f 4433/2547/986 4434/2532/987 4435/2548/987
f 4435/2548/987 4434/2532/987 4436/2531/988
f 4435/2548/987 4436/2531/988 4437/2549/988
f 4397/2529/965 4396/2528/964 4438/2550/989
f 4397/2529/965 4438/2550/989 4439/2551/990
f 4440/2552/991 4441/2553/992 4442/2554/993
f 4440/2552/991 4442/2554/993 4443/2555/994
f 4443/2555/994 4442/2554/993 4444/2556/995
f 4443/2555/994 4444/2556/995 4445/2557/996
f 4446/2558/997 4447/2546/997 4448/2547/998
f 4446/2558/997 4448/2547/998 4449/2559/999
f 4449/2559/999 4448/2547/998 4450/2548/1000
f 4449/2559/999 4450/2548/1000 4451/2560/1001
f 4451/2560/1001 4450/2548/1000 4452/2549/1002
f 4451/2560/1001 4452/2549/1002 4453/2561/1002
f 4454/2562/1003 4455/2544/1003 4456/2542/1004
f 4454/2562/1003 4456/2542/1004 4457/2563/1005
f 4457/2563/1005 4456/2542/1004 4458/2540/1006
f 4457/2563/1005 4458/2540/1006 4459/2564/1007
f 4459/2564/1007 4458/2540/1006 4460/2539/1008
f 4459/2564/1007 4460/2539/1008 4461/2565/1008
f 4462/2545/1009 4463/2566/1009 4464/2567/1010
f 4462/2545/1009 4464/2567/1010 4465/2543/1011
f 4465/2543/1011 4464/2567/1010 4466/2568/1012
f 4465/2543/1011 4466/2568/1012 4467/2541/1013
f 4467/2541/1013 4466/2568/1012 4468/2569/1014
f 4467/2541/1013 4468/2569/1014 4469/2538/1014
f 4470/2570/1015 4392/2524/960 4395/2527/963
f 4470/2570/1015 4395/2527/963 4471/2571/1016
f 4471/2571/1016 4395/2527/963 4397/2529/965
f 4471/2571/1016 4397/2529/965 4472/2572/1017
f 4472/2572/1017 4397/2529/965 4439/2551/990
f 4472/2572/1017 4439/2551/990 4473/2573/1018
f 4474/2574/1019 4440/2552/991 4443/2555/994
f 4474/2574/1019 4443/2555/994 4475/2575/1020
f 4475/2575/1020 4443/2555/994 4445/2557/996
f 4475/2575/1020 4445/2557/996 4357/2489/933
f 4357/2489/933 4445/2557/996 4476/2576/1021
f 4357/2489/933 4476/2576/1021 4358/2490/934
f 4477/2577/1022 4475/2575/1020 4357/2489/933
f 4477/2577/1022 4357/2489/933 4356/2488/932
f 4478/2578/1023 4474/2574/1019 4475/2575/1020
f 4478/2578/1023 4475/2575/1020 4477/2577/1022
f 4479/2579/1024 4472/2572/1017 4473/2573/1018
f 4479/2579/1024 4473/2573/1018 4480/2580/1025
f 4481/2581/1026 4471/2571/1016 4472/2572/1017
f 4481/2581/1026 4472/2572/1017 4479/2579/1024
f 4482/2582/1027 4470/2570/1015 4471/2571/1016
f 4482/2582/1027 4471/2571/1016 4481/2581/1026
f 4445/2557/996 4444/2556/995 4483/2583/1028
f 4445/2557/996 4483/2583/1028 4476/2576/1021
f 4484/2584/936 4485/2585/936 4486/2586/937
f 4484/2584/936 4486/2586/937 4487/2587/938
f 4487/2587/938 4486/2586/937 4488/2588/939
f 4487/2587/938 4488/2588/939 4489/2589/940
f 4489/2589/940 4488/2588/939 4490/2590/941
f 4489/2589/940 4490/2590/941 4491/2591/941
f 4492/2592/942 4493/2593/942 4494/2594/943
f 4492/2592/942 4494/2594/943 4495/2595/944
f 4495/2595/944 4494/2594/943 4496/2596/945
f 4495/2595/944 4496/2596/945 4497/2597/946
f 4497/2597/946 4496/2596/945 4498/2598/947
f 4497/2597/946 4498/2598/947 4499/2599/947
f 4500/2600/948 4501/2601/948 4502/2602/949
f 4500/2600/948 4502/2602/949 4503/2603/950
f 4503/2603/950 4502/2602/949 4504/2604/951
f 4503/2603/950 4504/2604/951 4505/2605/952
f 4505/2605/952 4504/2604/951 4506/2606/953
f 4505/2605/952 4506/2606/953 4507/2607/953
f 4508/2608/954 4509/2609/1029 4510/2610/955
f 4508/2608/954 4510/2610/955 4511/2611/956
f 4511/2611/956 4510/2610/955 4512/2612/957
f 4511/2611/956 4512/2612/957 4513/2613/958
f 4513/2613/958 4512/2612/957 4514/2614/959
f 4513/2613/958 4514/2614/959 4515/2615/959
f 4516/2616/1030 4517/2617/961 4518/2618/962
f 4516/2616/1030 4518/2618/962 4519/2619/1031
f 4519/2619/1031 4518/2618/962 4520/2620/1032
f 4519/2619/1031 4520/2620/1032 4521/2621/1033
f 4522/2609/966 4523/2606/966 4524/2604/967
f 4522/2609/966 4524/2604/967 4525/2610/967
f 4525/2610/967 4524/2604/967 4526/2602/968
f 4525/2610/967 4526/2602/968 4527/2612/968
f 4527/2612/968 4526/2602/968 4528/2601/969
f 4527/2612/968 4528/2601/969 4529/2614/970
f 4530/2599/971 4531/2590/971 4532/2588/972
f 4530/2599/971 4532/2588/972 4533/2597/972
f 4533/2597/972 4532/2588/972 4534/2586/973
f 4533/2597/972 4534/2586/973 4535/2595/973
f 4535/2595/973 4534/2586/973 4536/2585/974
f 4535/2595/973 4536/2585/974 4537/2592/974
f 4521/2621/1033 4520/2620/1032 4538/2622/989
f 4521/2621/1033 4538/2622/989 4539/2623/990
f 4540/2624/1015 4516/2616/1030 4519/2619/1031
f 4540/2624/1015 4519/2619/1031 4541/2625/1016
f 4541/2625/1016 4519/2619/1031 4521/2621/1033
f 4541/2625/1016 4521/2621/1033 4542/2626/1017
f 4542/2626/1017 4521/2621/1033 4539/2623/990
f 4542/2626/1017 4539/2623/990 4543/2627/1034
f 4544/2628/1024 4542/2626/1017 4543/2627/1034
f 4544/2628/1024 4543/2627/1034 4545/2629/1025
f 4546/2630/1026 4541/2625/1016 4542/2626/1017
f 4546/2630/1026 4542/2626/1017 4544/2628/1024
f 4547/2631/1027 4540/2624/1015 4541/2625/1016
f 4547/2631/1027 4541/2625/1016 4546/2630/1026
s 0
f 4548/2632/1035 4549/2633/1035 4550/2634/1035
f 4548/2632/1035 4550/2634/1035 4551/2635/1035
f 4552/2636/1035 4553/2637/1035 4554/2638/1035
f 4552/2636/1035 4554/2638/1035 4555/2639/1035
f 4556/2633/1035 4557/2640/1035 4558/2641/1035
f 4556/2633/1035 4558/2641/1035 4559/2634/1035
f 4560/2640/1035 4561/2642/1035 4562/2643/1035
f 4560/2640/1035 4562/2643/1035 4563/2641/1035
f 4564/2642/1035 4565/2644/1035 4566/2645/1035
f 4564/2642/1035 4566/2645/1035 4567/2643/1035
f 4568/2644/1035 4569/2646/1035 4570/2647/1035
f 4568/2644/1035 4570/2647/1035 4571/2645/1035
f 4572/2646/1035 4573/2648/1035 4574/2649/1035
f 4572/2646/1035 4574/2649/1035 4575/2647/1035
f 4576/2648/1035 4577/2650/1035 4578/2651/1035
f 4576/2648/1035 4578/2651/1035 4579/2649/1035
f 4580/2652/1035 4581/2632/1035 4582/2635/1035
f 4580/2652/1035 4582/2635/1035 4583/2653/1035
f 4584/2654/1035 4585/2652/1035 4586/2653/1035
f 4584/2654/1035 4586/2653/1035 4587/2655/1035
f 4588/2656/1035 4589/2654/1035 4590/2655/1035
f 4588/2656/1035 4590/2655/1035 4591/2657/1035
f 4592/2658/1035 4593/2656/1035 4594/2657/1035
f 4592/2658/1035 4594/2657/1035 4595/2659/1035
f 4596/2660/1035 4597/2658/1035 4598/2659/1035
f 4596/2660/1035 4598/2659/1035 4599/2661/1035
f 4600/2662/1035 4601/2660/1035 4602/2661/1035
f 4600/2662/1035 4602/2661/1035 4603/2663/1035
f 4604/2664/1035 4605/2662/1035 4606/2663/1035
f 4604/2664/1035 4606/2663/1035 4607/2665/1035
f 4608/2666/1035 4609/2664/1035 4610/2665/1035
f 4608/2666/1035 4610/2665/1035 4611/2667/1035
f 4612/2668/1035 4613/2666/1035 4614/2667/1035
f 4612/2668/1035 4614/2667/1035 4615/2669/1035
f 4616/2670/1035 4612/2668/1035 4615/2669/1035
f 4616/2670/1035 4615/2669/1035 4617/2671/1035
f 4618/2672/1035 4619/2670/1035 4620/2671/1035
f 4618/2672/1035 4620/2671/1035 4621/2673/1035
f 4622/2674/1035 4623/2672/1035 4624/2673/1035
f 4622/2674/1035 4624/2673/1035 4625/2675/1035
f 4626/2676/1035 4627/2674/1035 4628/2675/1035
f 4626/2676/1035 4628/2675/1035 4629/2677/1035
f 4630/2678/1035 4631/2676/1035 4632/2677/1035
f 4630/2678/1035 4632/2677/1035 4633/2679/1035
f 4634/2637/1035 4635/2678/1035 4636/2679/1035
f 4634/2637/1035 4636/2679/1035 4637/2638/1035
f 4638/2680/1035 4639/2636/1035 4640/2639/1035
f 4638/2680/1035 4640/2639/1035 4641/2681/1035
f 4642/2682/1035 4643/2680/1035 4644/2681/1035
f 4642/2682/1035 4644/2681/1035 4645/2683/1035
f 4646/2684/1035 4647/2682/1035 4648/2683/1035
f 4646/2684/1035 4648/2683/1035 4649/2685/1035
f 4650/2686/1035 4651/2684/1035 4652/2685/1035
f 4650/2686/1035 4652/2685/1035 4653/2687/1035
f 4654/2688/1035 4655/2686/1035 4656/2687/1035
f 4654/2688/1035 4656/2687/1035 4657/2689/1035
f 4658/2690/1035 4659/2688/1035 4660/2689/1035
f 4658/2690/1035 4660/2689/1035 4661/2691/1035
f 4662/2692/1035 4663/2690/1035 4664/2691/1035
f 4662/2692/1035 4664/2691/1035 4665/2693/1035
f 4666/2694/1035 4667/2692/1035 4668/2693/1035
f 4666/2694/1035 4668/2693/1035 4669/2695/1035
f 4670/2650/1035 4671/2694/1035 4672/2695/1035
f 4670/2650/1035 4672/2695/1035 4673/2651/1035
f 4674/2696/1035 4675/2697/1035 4676/2698/1035
f 4674/2696/1035 4676/2698/1035 4677/2699/1035
f 4678/2700/1035 4679/2701/1035 4680/2702/1035
f 4678/2700/1035 4680/2702/1035 4681/2703/1035
f 4682/2697/1035 4683/2704/1035 4684/2705/1035
f 4682/2697/1035 4684/2705/1035 4685/2698/1035
f 4686/2704/1035 4687/2706/1035 4688/2707/1035
f 4686/2704/1035 4688/2707/1035 4689/2705/1035
f 4690/2706/1035 4691/2708/1035 4692/2709/1035
f 4690/2706/1035 4692/2709/1035 4693/2707/1035
f 4694/2708/1035 4695/2710/1035 4696/2711/1035
f 4694/2708/1035 4696/2711/1035 4697/2709/1035
f 4698/2710/1035 4699/2712/1035 4700/2713/1035
f 4698/2710/1035 4700/2713/1035 4701/2711/1035
f 4702/2712/1035 4703/2714/1035 4704/2715/1035
f 4702/2712/1035 4704/2715/1035 4705/2713/1035
f 4706/2716/1035 4707/2696/1035 4708/2699/1035
f 4706/2716/1035 4708/2699/1035 4709/2717/1035
f 4710/2718/1035 4711/2716/1035 4712/2717/1035
f 4710/2718/1035 4712/2717/1035 4713/2719/1035
f 4714/2720/1035 4715/2718/1035 4716/2719/1035
f 4714/2720/1035 4716/2719/1035 4717/2721/1035
f 4718/2722/1035 4719/2720/1035 4720/2721/1035
f 4718/2722/1035 4720/2721/1035 4721/2723/1035
f 4722/2724/1035 4723/2722/1035 4724/2723/1035
f 4722/2724/1035 4724/2723/1035 4725/2725/1035
f 4726/2726/1035 4727/2724/1035 4728/2725/1035
f 4726/2726/1035 4728/2725/1035 4729/2727/1035
f 4730/2728/1035 4731/2726/1035 4732/2727/1035
f 4730/2728/1035 4732/2727/1035 4733/2729/1035
f 4734/2730/1035 4735/2728/1035 4736/2729/1035
f 4734/2730/1035 4736/2729/1035 4737/2731/1035
f 4738/2732/1035 4739/2730/1035 4740/2731/1035
f 4738/2732/1035 4740/2731/1035 4741/2733/1035
f 4742/2734/1035 4743/2732/1035 4744/2733/1035
f 4742/2734/1035 4744/2733/1035 4745/2735/1035
f 4746/2736/1035 4747/2734/1035 4748/2735/1035
f 4746/2736/1035 4748/2735/1035 4749/2737/1035
f 4750/2738/1035 4751/2736/1035 4752/2737/1035
f 4750/2738/1035 4752/2737/1035 4753/2739/1035
f 4754/2740/1035 4750/2738/1035 4753/2739/1035
f 4754/2740/1035 4753/2739/1035 4755/2741/1035
f 4756/2742/1035 4754/2740/1035 4755/2741/1035
f 4756/2742/1035 4755/2741/1035 4757/2743/1035
f 4758/2701/1035 4759/2742/1035 4760/2743/1035
f 4758/2701/1035 4760/2743/1035 4761/2702/1035
f 4762/2744/1035 4678/2700/1035 4681/2703/1035
f 4762/2744/1035 4681/2703/1035 4763/2745/1035
f 4764/2746/1035 4765/2744/1035 4766/2745/1035
f 4764/2746/1035 4766/2745/1035 4767/2747/1035
f 4768/2748/1035 4769/2746/1035 4770/2747/1035
f 4768/2748/1035 4770/2747/1035 4771/2749/1035
f 4772/2750/1035 4773/2748/1035 4774/2749/1035
f 4772/2750/1035 4774/2749/1035 4775/2751/1035
f 4776/2752/1035 4772/2750/1035 4775/2751/1035
f 4776/2752/1035 4775/2751/1035 4777/2753/1035
f 4778/2754/1035 4779/2752/1035 4780/2753/1035
f 4778/2754/1035 4780/2753/1035 4781/2755/1035
f 4782/2756/1035 4783/2754/1035 4784/2755/1035
f 4782/2756/1035 4784/2755/1035 4785/2757/1035
f 4786/2758/1035 4787/2756/1035 4788/2757/1035
f 4786/2758/1035 4788/2757/1035 4789/2759/1035
f 4790/2714/1035 4791/2758/1035 4792/2759/1035
f 4790/2714/1035 4792/2759/1035 4793/2715/1035
o Estacion_Estacion_0
v -1.208432 -0.288871 0.607982
v -1.208432 0.303854 0.607982
v -1.208432 0.303854 -0.537370
v -1.208432 -0.288871 -0.537370
vn -1.0000 -0.0000 -0.0000
vt 0.003689 0.756425
vt 0.384422 0.756425
vt 0.384422 0.020718
vt 0.003689 0.020718
s 0
usemtl Estacion
f 4794/2760/1036 4795/2761/1036 4796/2762/1036
f 4794/2760/1036 4796/2762/1036 4797/2763/1036
