# Blender 5.1.2
# www.blender.org
mtllib silo.mtl
o Apartment_lvl4_1_Foundation_Placeable_0
v -4.000000 1.670000 -7.397452
v -4.000000 1.670000 7.397451
v 4.000000 1.670000 7.397452
v 4.000000 1.670000 -7.397451
v -3.999999 -1.500000 -8.000000
v -3.999999 0.085000 -8.000000
v 4.000000 0.085000 -8.000000
v 4.000000 -1.500000 -8.000000
v 4.000000 -1.500000 -8.000000
v 4.000000 0.085000 -8.000000
v 8.000000 0.085000 -3.999999
v 8.000000 -1.500000 -3.999999
v -3.999999 0.085000 -8.000000
v -3.999999 -1.500000 -8.000000
v -8.000000 -1.500000 -4.000000
v -8.000000 0.085000 -4.000000
v -4.000000 -1.500000 8.000000
v -3.999999 -1.500000 -8.000000
v 4.000000 -1.500000 -8.000000
v 3.999999 -1.500000 8.000000
v 7.500000 1.670000 3.893431
v 7.500000 1.670000 -3.893430
v 8.000000 -1.500000 -3.999999
v 8.000000 0.085000 -3.999999
v 8.000000 0.085000 4.000000
v 8.000000 -1.500000 4.000000
v -7.500000 1.670000 -3.893431
v -7.500000 1.670000 3.893430
v -8.000000 -1.500000 3.999999
v -8.000000 0.085000 3.999999
v -8.000000 0.085000 -4.000000
v -8.000000 -1.500000 -4.000000
v -8.000000 -1.500000 3.999999
v -8.000000 -1.500000 -4.000000
v 3.999999 -1.500000 8.000000
v 3.999999 0.085000 8.000000
v -4.000000 0.085000 8.000000
v -4.000000 -1.500000 8.000000
v 8.000000 -1.500000 -3.999999
v 8.000000 -1.500000 4.000000
v -4.000000 -1.500000 8.000000
v -4.000000 0.085000 8.000000
v -8.000000 0.085000 3.999999
v -8.000000 -1.500000 3.999999
v 4.000000 1.670000 7.397452
v -4.000000 1.670000 7.397451
v -4.000000 0.085000 8.000000
v 3.999999 0.085000 8.000000
v -4.000000 1.670000 -7.397452
v 4.000000 1.670000 -7.397451
v 4.000000 0.085000 -8.000000
v -3.999999 0.085000 -8.000000
v -7.500000 1.670000 3.893430
v -7.500000 1.670000 -3.893431
v -8.000000 0.085000 -4.000000
v -8.000000 0.085000 3.999999
v -3.999999 0.085000 -8.000000
v -8.000000 0.085000 -4.000000
v -7.500000 1.670000 -3.893431
v -4.000000 1.670000 -7.397452
v -8.000000 0.085000 3.999999
v -4.000000 0.085000 8.000000
v -4.000000 1.670000 7.397451
v -7.500000 1.670000 3.893430
v 7.500000 1.670000 -3.893430
v 7.500000 1.670000 3.893431
v 8.000000 0.085000 4.000000
v 8.000000 0.085000 -3.999999
v 4.000000 1.670000 -7.397451
v 7.500000 1.670000 -3.893430
v 8.000000 0.085000 -3.999999
v 4.000000 0.085000 -8.000000
v 7.500000 1.670000 3.893431
v 4.000000 1.670000 7.397452
v 3.999999 0.085000 8.000000
v 8.000000 0.085000 4.000000
v 3.999999 0.085000 8.000000
v 3.999999 -1.500000 8.000000
v 8.000000 -1.500000 4.000000
v 8.000000 0.085000 4.000000
vn -0.0000 1.0000 -0.0000
vn -0.0000 -0.0000 -1.0000
vn 0.7071 -0.0000 -0.7071
vn -0.7071 -0.0000 -0.7071
vn -0.0000 -1.0000 -0.0000
vn 1.0000 -0.0000 -0.0000
vn -1.0000 -0.0000 -0.0000
vn -0.0000 -0.0000 1.0000
vn -0.7071 -0.0000 0.7071
vn -0.0000 0.3553 0.9347
vn -0.0000 0.3553 -0.9347
vn -0.9537 0.3008 -0.0000
vn -0.6832 0.2618 -0.6816
vn -0.6829 0.2604 -0.6825
vn -0.6829 0.2605 -0.6825
vn -0.6830 0.2602 -0.6825
vn -0.6820 0.2594 -0.6838
vn -0.6832 0.2589 0.6828
vn -0.6829 0.2604 0.6825
vn -0.6830 0.2603 0.6825
vn -0.6828 0.2606 0.6826
vn -0.6821 0.2619 0.6828
vn 0.9537 0.3008 -0.0000
vn 0.6821 0.2619 -0.6828
vn 0.6829 0.2604 -0.6825
vn 0.6828 0.2606 -0.6826
vn 0.6830 0.2603 -0.6825
vn 0.6832 0.2589 -0.6828
vn 0.6821 0.2594 0.6838
vn 0.6829 0.2604 0.6825
vn 0.6830 0.2602 0.6825
vn 0.6829 0.2605 0.6825
vn 0.6832 0.2618 0.6816
vn 0.7071 -0.0000 0.7071
vt 0.435605 0.200000
vt 0.389382 0.200000
vt 0.389382 0.225000
vt 0.435605 0.225000
vt 0.487500 0.185428
vt 0.485938 0.185428
vt 0.485938 0.203105
vt 0.487500 0.203105
vt 0.481251 0.167750
vt 0.479689 0.167750
vt 0.479689 0.185428
vt 0.481251 0.185428
vt 0.487500 0.167750
vt 0.485938 0.167750
vt 0.437488 0.150000
vt 0.387500 0.150000
vt 0.387500 0.175000
vt 0.437488 0.175000
vt 0.400330 0.235938
vt 0.424658 0.235937
vt 0.479689 0.203105
vt 0.481251 0.203105
vt 0.424658 0.189062
vt 0.400330 0.189062
vt 0.484376 0.185428
vt 0.482814 0.185428
vt 0.482814 0.203105
vt 0.484376 0.203105
vt 0.424991 0.137500
vt 0.399997 0.137500
vt 0.478127 0.185428
vt 0.476565 0.185428
vt 0.476565 0.203105
vt 0.478127 0.203105
vt 0.399997 0.187500
vt 0.424991 0.187500
vt 0.484376 0.167750
vt 0.482814 0.167750
vt 0.387500 0.200000
vt 0.387500 0.225000
vt 0.437488 0.225000
vt 0.437488 0.200000
vt 0.484376 0.168619
vt 0.484376 0.184096
vt 0.481252 0.169081
vt 0.481251 0.184558
vt 0.399997 0.237500
vt 0.424991 0.237500
vt 0.478127 0.169081
vt 0.478127 0.184558
vt 0.475003 0.168619
vt 0.475003 0.184096
vt 0.476565 0.167750
vt 0.478127 0.167750
s 0
usemtl Placeable
f 1/1/1 2/2/1 3/3/1
f 1/1/1 3/3/1 4/4/1
f 5/5/2 6/6/2 7/7/2
f 5/5/2 7/7/2 8/8/2
f 9/9/3 10/10/3 11/11/3
f 9/9/3 11/11/3 12/12/3
f 13/6/4 14/5/4 15/13/4
f 13/6/4 15/13/4 16/14/4
f 17/15/5 18/16/5 19/17/5
f 17/15/5 19/17/5 20/18/5
f 4/4/1 3/3/1 21/19/1
f 4/4/1 21/19/1 22/20/1
f 23/12/6 24/11/6 25/21/6
f 23/12/6 25/21/6 26/22/6
f 2/2/1 1/1/1 27/23/1
f 2/2/1 27/23/1 28/24/1
f 29/25/7 30/26/7 31/27/7
f 29/25/7 31/27/7 32/28/7
f 18/16/5 17/15/5 33/29/5
f 18/16/5 33/29/5 34/30/5
f 35/31/8 36/32/8 37/33/8
f 35/31/8 37/33/8 38/34/8
f 20/18/5 19/17/5 39/35/5
f 20/18/5 39/35/5 40/36/5
f 41/37/9 42/38/9 43/26/9
f 41/37/9 43/26/9 44/25/9
f 45/3/10 46/2/10 47/39/10
f 45/3/10 47/39/10 48/40/10
f 49/1/11 50/4/11 51/41/11
f 49/1/11 51/41/11 52/42/11
f 53/24/12 54/23/12 55/36/12
f 53/24/12 55/36/12 56/35/12
f 57/6/13 58/14/14 59/43/15
f 57/6/16 59/43/17 60/44/14
f 61/26/18 62/38/19 63/45/20
f 61/26/21 63/45/22 64/46/19
f 65/20/23 66/19/23 67/47/23
f 65/20/23 67/47/23 68/48/23
f 69/49/24 70/50/25 71/11/26
f 69/49/27 71/11/28 72/10/25
f 73/51/29 74/52/30 75/32/31
f 73/51/32 75/32/33 76/53/30
f 77/32/34 78/31/34 79/54/34
f 77/32/34 79/54/34 80/53/34
o Apartment_lvl4_1_Body_Placeable_0
v 7.500000 1.000000 -1.946715
v 8.000000 1.000000 -1.946715
v 8.000000 0.500000 -1.946715
v 8.000000 1.000000 1.946716
v 7.500000 1.000000 1.946716
v 8.000000 0.500000 1.946716
v -7.500000 1.000000 -1.946715
v -8.000000 0.500000 -1.946715
v -8.000000 1.000000 -1.946715
v -8.000000 1.000000 1.946716
v -8.000000 0.500000 1.946716
v -7.500000 1.000000 1.946716
v 7.600000 4.349999 -2.046715
v 7.600000 4.349999 -3.934818
v 7.600000 4.650000 -3.934818
v 7.600000 4.650000 -2.046715
v 6.404084 4.349999 5.132108
v 7.600000 4.349999 3.934819
v 7.600000 4.650000 3.934819
v 6.404084 4.650000 5.132108
v 7.500000 1.000000 3.893431
v 7.500000 1.000000 2.446716
v 8.000000 1.000000 2.446716
v 8.000000 1.000000 4.100369
v 7.500000 3.500000 2.446716
v 7.500000 3.500000 3.893431
v 8.000000 3.500000 4.100369
v 8.000000 3.500000 2.446716
v 6.686684 1.000000 -4.707681
v 6.686684 3.500000 -4.707681
v 7.040441 3.500000 -5.061031
v 7.040441 1.000000 -5.061031
v 2.000000 1.000000 -7.397451
v 0.000000 1.000000 -7.397452
v 0.000000 4.000000 -7.397452
v 2.000000 4.000000 -7.397451
v 4.000000 1.000000 -7.397451
v 2.500000 1.000000 -7.397451
v 2.500000 1.000000 -7.897451
v 4.207275 1.000000 -7.897451
v 7.250000 5.500000 -2.446715
v 7.250000 5.500000 -3.789961
v 7.250000 7.500000 -3.789961
v 7.250000 7.500000 -2.446715
v 6.156455 5.500000 4.884763
v 7.250000 5.500000 3.789962
v 7.250000 7.500000 3.789962
v 6.156455 7.500000 4.884763
v 2.000000 4.349999 7.497451
v 4.041454 4.349999 7.497452
v 4.041454 4.649999 7.497452
v 2.000000 4.649999 7.497451
v 5.237418 4.349999 -6.300114
v 4.041455 4.350000 -7.497451
v 4.041455 4.650000 -7.497451
v 5.237418 4.650000 -6.300114
v 2.000000 4.350000 -7.497451
v 0.000000 4.350000 -7.497452
v 0.000000 4.650000 -7.497452
v 2.000000 4.650000 -7.497451
v 7.600000 8.349999 -2.046715
v 7.600000 8.349999 -3.934818
v 7.600000 8.649999 -3.934818
v 7.600000 8.649999 -2.046715
v 6.404084 8.349999 5.132109
v 7.600000 8.349999 3.934819
v 7.600000 8.649999 3.934819
v 6.404084 8.649999 5.132109
v 2.500000 5.499999 7.147451
v 3.896362 5.499999 7.147452
v 3.896362 7.499999 7.147452
v 2.500000 7.499999 7.147452
v 4.989789 5.500000 -6.052769
v 3.896363 5.500000 -7.147451
v 3.896363 7.500000 -7.147450
v 4.989789 7.500000 -6.052768
v 1.750000 5.250000 -7.897499
v 1.750000 7.749973 -7.897504
v 1.750000 8.000000 -7.397451
v 1.750000 5.250000 -7.397451
v 7.250000 9.499999 -2.446715
v 7.250000 9.499999 -3.789961
v 7.250000 11.499999 -3.789961
v 7.250000 11.499999 -2.446715
v 6.156455 9.499999 4.884763
v 7.250000 9.499999 3.789962
v 7.250000 11.499999 3.789962
v 6.156455 11.499999 4.884763
v 2.000000 8.349999 7.497452
v 4.041454 8.349999 7.497452
v 4.041454 8.649999 7.497452
v 2.000000 8.649999 7.497452
v 5.237418 8.349999 -6.300114
v 4.041455 8.349999 -7.497450
v 4.041455 8.649999 -7.497450
v 5.237418 8.649999 -6.300114
v 1.750000 8.142860 -7.997530
v 1.750000 8.857146 -7.997551
v 1.750000 8.649999 -7.497451
v 1.750000 8.349999 -7.497451
v 7.600000 12.349999 -2.046715
v 7.600000 12.349999 -3.934818
v 7.600000 12.649999 -3.934818
v 7.600000 12.649999 -2.046715
v 6.404084 12.349999 5.132109
v 7.600000 12.349999 3.934819
v 7.600000 12.649999 3.934819
v 6.404084 12.649999 5.132109
v 2.500000 9.499999 7.147452
v 3.896362 9.499999 7.147452
v 3.896362 11.499999 7.147452
v 2.500000 11.499999 7.147452
v 4.989789 9.499999 -6.052768
v 3.896363 9.499999 -7.147450
v 3.896363 11.499999 -7.147450
v 4.989789 11.499999 -6.052768
v 1.750000 9.250084 -7.897621
v 1.750000 11.749887 -7.897675
v 1.750000 11.999999 -7.397451
v 1.750000 8.999999 -7.397451
v 7.500000 15.999999 -1.946715
v 7.500000 15.999999 -3.893430
v 7.500000 16.499998 -3.893430
v 7.500000 16.499998 -1.946715
v 7.250000 13.499999 -2.446715
v 7.250000 13.499999 -3.789961
v 7.250000 15.499999 -3.789961
v 7.250000 15.499999 -2.446715
v 2.000000 12.349999 7.497452
v 4.041454 12.349999 7.497452
v 4.041454 12.649999 7.497452
v 2.000000 12.649999 7.497452
v 5.237418 12.349999 -6.300114
v 4.041455 12.349999 -7.497450
v 4.041455 12.649999 -7.497450
v 5.237418 12.649999 -6.300114
v 1.750000 12.142732 -7.997841
v 1.750000 12.857319 -7.997967
v 1.750000 12.649999 -7.497451
v 1.750000 12.349999 -7.497451
v 6.156455 13.499999 4.884763
v 7.250000 13.499999 3.789962
v 7.250000 15.499999 3.789962
v 6.156455 15.499999 4.884763
v 2.500000 13.499999 7.147452
v 3.896362 13.499999 7.147452
v 3.896362 15.499999 7.147452
v 2.500000 15.499999 7.147452
v 4.989789 13.499999 -6.052768
v 3.896363 13.499999 -7.147450
v 3.896363 15.499999 -7.147450
v 4.989789 15.499999 -6.052768
v 1.750000 13.250452 -7.898357
v 1.749066 15.996728 -7.898652
v 1.750000 15.999999 -7.397451
v 1.750000 12.999999 -7.397451
v 7.500000 15.999999 -3.893430
v 6.333334 15.999999 -5.061437
v 6.333334 16.499998 -5.061437
v 7.500000 16.499998 -3.893430
v 5.166667 15.999999 -6.229444
v 4.000000 15.999999 -7.397450
v 4.000000 16.499998 -7.397450
v 5.166667 16.499998 -6.229444
v 6.333334 15.999999 -5.061437
v 5.166667 15.999999 -6.229444
v 5.166667 16.499998 -6.229444
v 6.333334 16.499998 -5.061437
v 5.802700 17.499998 -4.531411
v 4.636033 17.499998 -5.699418
v 4.636033 19.499998 -5.699418
v 5.802700 19.499998 -4.531411
v 1.749066 15.996728 -7.898652
v 1.748902 16.691545 -7.913140
v 1.750000 16.487112 -7.410337
v 1.750000 15.999999 -7.397451
v 2.000000 15.999999 7.397452
v 4.000000 15.999999 7.397452
v 4.000000 16.499998 7.397452
v 2.000000 16.499998 7.397452
v 4.000000 15.999999 7.397452
v 5.166667 15.999999 6.229445
v 5.166667 16.499998 6.229445
v 4.000000 16.499998 7.397452
v 5.166667 15.999999 6.229445
v 6.333333 15.999999 5.061439
v 6.333333 16.499998 5.061439
v 5.166667 16.499998 6.229445
v 7.250000 13.499999 -3.789961
v 6.156456 13.499999 -4.884761
v 6.156456 15.499999 -4.884761
v 7.250000 15.499999 -3.789961
v 4.989789 13.499999 -6.052768
v 4.989789 15.499999 -6.052768
v 3.896362 13.499999 7.147452
v 4.989788 13.499999 6.052770
v 4.989789 15.499999 6.052770
v 3.896362 15.499999 7.147452
v 4.989788 13.499999 6.052770
v 6.156455 13.499999 4.884763
v 6.156455 15.499999 4.884763
v 4.989789 15.499999 6.052770
v 7.600000 12.349999 -3.934818
v 6.404085 12.349999 -5.132107
v 6.404085 12.649999 -5.132107
v 7.600000 12.649999 -3.934818
v 6.404085 12.349999 -5.132107
v 5.237418 12.349999 -6.300114
v 5.237418 12.649999 -6.300114
v 6.404085 12.649999 -5.132107
v 6.333333 15.999999 5.061439
v 7.500000 15.999999 3.893431
v 7.500000 16.499998 3.893431
v 6.333333 16.499998 5.061439
v 6.750000 17.499998 -3.583022
v 5.802700 17.499998 -4.531411
v 5.802700 19.499998 -4.531411
v 6.750000 19.499998 -3.583022
v 7.250000 9.499999 -3.789961
v 6.156456 9.499999 -4.884761
v 6.156456 11.499999 -4.884761
v 7.250000 11.499999 -3.789961
v 6.156456 9.499999 -4.884761
v 4.989789 9.499999 -6.052768
v 4.989789 11.499999 -6.052768
v 6.156456 11.499999 -4.884761
v 4.041454 12.349999 7.497452
v 5.237417 12.349999 6.300116
v 5.237417 12.649999 6.300116
v 4.041454 12.649999 7.497452
v 5.237417 12.349999 6.300116
v 6.404084 12.349999 5.132109
v 6.404084 12.649999 5.132109
v 5.237417 12.649999 6.300116
v 7.600000 8.349999 -3.934818
v 6.404085 8.349999 -5.132107
v 6.404085 8.649999 -5.132107
v 7.600000 8.649999 -3.934818
v 6.404085 8.349999 -5.132107
v 5.237418 8.349999 -6.300114
v 5.237418 8.649999 -6.300114
v 6.404085 8.649999 -5.132107
v 3.896362 9.499999 7.147452
v 4.989788 9.499999 6.052770
v 4.989788 11.499999 6.052770
v 3.896362 11.499999 7.147452
v 4.989788 9.499999 6.052770
v 6.156455 9.499999 4.884763
v 6.156455 11.499999 4.884763
v 4.989788 11.499999 6.052770
v 7.250000 5.500000 -3.789961
v 6.156456 5.500000 -4.884762
v 6.156456 7.500000 -4.884761
v 7.250000 7.500000 -3.789961
v 6.156456 5.500000 -4.884762
v 4.989789 5.500000 -6.052769
v 4.989789 7.500000 -6.052768
v 6.156456 7.500000 -4.884761
v 4.041454 8.349999 7.497452
v 5.237417 8.349999 6.300116
v 5.237417 8.649999 6.300116
v 4.041454 8.649999 7.497452
v 5.237417 8.349999 6.300116
v 6.404084 8.349999 5.132109
v 6.404084 8.649999 5.132109
v 5.237417 8.649999 6.300116
v 7.600000 4.349999 -3.934818
v 6.404085 4.349999 -5.132107
v 6.404085 4.650000 -5.132107
v 7.600000 4.650000 -3.934818
v 6.404085 4.349999 -5.132107
v 5.237418 4.349999 -6.300114
v 5.237418 4.650000 -6.300114
v 6.404085 4.650000 -5.132107
v 3.896362 5.499999 7.147452
v 4.989788 5.500000 6.052770
v 4.989788 7.500000 6.052770
v 3.896362 7.499999 7.147452
v 4.989788 5.500000 6.052770
v 6.156455 5.500000 4.884763
v 6.156455 7.500000 4.884763
v 4.989788 7.500000 6.052770
v 7.500000 3.500000 -2.446715
v 7.500000 1.000000 -2.446715
v 8.000000 1.000000 -2.446715
v 8.000000 3.500000 -2.446715
v 5.166666 1.000000 6.229445
v 6.333333 1.000000 5.061438
v 6.333333 4.000000 5.061438
v 5.166666 4.000000 6.229445
v 4.813317 1.000000 -6.583200
v 5.167073 1.000000 -6.936551
v 6.333334 1.000000 -5.061437
v 5.166667 1.000000 -6.229444
v 5.166667 4.000000 -6.229444
v 6.333334 4.000000 -5.061437
v 4.041454 4.349999 7.497452
v 5.237417 4.349999 6.300115
v 5.237417 4.650000 6.300115
v 4.041454 4.649999 7.497452
v 5.237417 4.349999 6.300115
v 6.404084 4.349999 5.132108
v 6.404084 4.650000 5.132108
v 5.237417 4.650000 6.300115
v 1.145962 19.835787 7.897452
v 0.000000 19.835787 7.897452
v -0.001923 19.501600 7.897451
v 1.143895 19.501606 7.897452
v 1.896363 16.999998 -6.897451
v 3.792726 16.999998 -6.897450
v 4.000000 16.499998 -7.397450
v 2.000000 16.499998 -7.397451
v 7.000000 16.999998 1.843247
v 7.000000 16.999998 3.686493
v 7.500000 16.499998 3.893431
v 7.500000 16.499998 1.946716
v 5.979578 16.999998 -4.708086
v 7.000000 16.999998 -3.686491
v 7.500000 16.499998 -3.893430
v 6.333334 16.499998 -5.061437
v 4.812911 16.999998 5.876101
v 3.792725 16.999998 6.897452
v 4.000000 16.499998 7.397452
v 5.166667 16.499998 6.229445
v 3.792726 16.999998 -6.897450
v 4.812911 16.999998 -5.876093
v 5.166667 16.499998 -6.229444
v 4.000000 16.499998 -7.397450
v 4.812911 16.999998 -5.876093
v 5.979578 16.999998 -4.708086
v 6.333334 16.499998 -5.061437
v 5.166667 16.499998 -6.229444
v 7.000000 16.999998 3.686493
v 5.979577 16.999998 4.708089
v 6.333333 16.499998 5.061439
v 7.500000 16.499998 3.893431
v 5.979577 16.999998 4.708089
v 4.812911 16.999998 5.876101
v 5.166667 16.499998 6.229445
v 6.333333 16.499998 5.061439
v 5.802698 17.499998 4.531414
v 6.750000 17.499998 3.583024
v 6.750000 19.499998 3.583024
v 5.802698 19.499998 4.531414
v 1.896362 20.349998 6.997452
v 3.834179 20.349998 6.997452
v 3.834179 20.649998 6.997452
v 1.896362 20.649998 6.997452
v 7.100000 20.349998 -3.727879
v 6.050329 20.349998 -4.778757
v 6.050329 20.649998 -4.778757
v 7.100000 20.649998 -3.727879
v 6.050329 20.349998 -4.778757
v 4.883662 20.349998 -5.946764
v 4.883662 20.649998 -5.946764
v 6.050329 20.649998 -4.778757
v 2.396362 17.499998 6.647452
v 3.689088 17.499998 6.647452
v 3.689088 19.499998 6.647452
v 2.396362 19.499998 6.647452
v 4.636033 17.499998 -5.699418
v 3.689088 17.499998 -6.647450
v 3.689088 19.499998 -6.647450
v 4.636033 19.499998 -5.699418
v 1.645219 17.194860 -7.410367
v 1.645389 19.751453 -7.396147
v 1.646363 19.999998 -6.897451
v 1.646363 16.987112 -6.910337
v 6.750000 17.499998 -2.343245
v 6.750000 17.499998 -3.583022
v 6.750000 19.499998 -3.583022
v 6.750000 19.499998 -2.343245
v 4.636033 17.499998 5.699426
v 5.802698 17.499998 4.531414
v 5.802698 19.499998 4.531414
v 4.636033 19.499998 5.699426
v 3.689088 17.499998 6.647452
v 4.636033 17.499998 5.699426
v 4.636033 19.499998 5.699426
v 3.689088 19.499998 6.647452
v 4.636033 21.499998 5.699426
v 5.802698 21.499998 4.531415
v 5.802698 23.499998 4.531415
v 4.636033 23.499998 5.699426
v 1.646363 21.249649 -7.397287
v 1.646363 23.750013 -7.397421
v 1.646363 23.999998 -6.897450
v 1.646363 20.999998 -6.897450
v 3.689088 21.499998 6.647453
v 4.636033 21.499998 5.699426
v 4.636033 23.499998 5.699426
v 3.689088 23.499998 6.647453
v 6.050328 20.349998 4.778759
v 7.100000 20.349998 3.727881
v 7.100000 20.649998 3.727881
v 6.050328 20.649998 4.778759
v 3.834179 20.349998 6.997452
v 4.883662 20.349998 5.946771
v 4.883662 20.649998 5.946771
v 3.834179 20.649998 6.997452
v 1.646363 20.143181 -7.496758
v 1.646363 20.856905 -7.496968
v 1.646363 20.649998 -6.997451
v 1.646363 20.349998 -6.997451
v 4.883662 20.349998 5.946771
v 6.050328 20.349998 4.778759
v 6.050328 20.649998 4.778759
v 4.883662 20.649998 5.946771
v 4.883662 20.349998 -5.946764
v 3.834181 20.349998 -6.997450
v 3.834181 20.649998 -6.997450
v 4.883662 20.649998 -5.946764
v 7.100000 20.349998 -1.943245
v 7.100000 20.349998 -3.727879
v 7.100000 20.649998 -3.727879
v 7.100000 20.649998 -1.943245
v 7.100000 24.349998 -3.727879
v 6.050329 24.349998 -4.778756
v 6.050329 24.649998 -4.778756
v 7.100000 24.649998 -3.727879
v 6.050329 24.349998 -4.778756
v 4.883662 24.349998 -5.946763
v 4.883662 24.649998 -5.946763
v 6.050329 24.649998 -4.778756
v 7.100000 24.349998 -1.943245
v 7.100000 24.349998 -3.727879
v 7.100000 24.649998 -3.727879
v 7.100000 24.649998 -1.943245
v 4.636033 21.499998 -5.699418
v 3.689088 21.499998 -6.647450
v 3.689088 23.499998 -6.647450
v 4.636033 23.499998 -5.699418
v 6.750000 21.499998 -2.343245
v 6.750000 21.499998 -3.583022
v 6.750000 23.499998 -3.583022
v 6.750000 23.499998 -2.343245
v 5.802700 21.499998 -4.531411
v 4.636033 21.499998 -5.699418
v 4.636033 23.499998 -5.699418
v 5.802700 23.499998 -4.531411
v 6.750000 21.499998 -3.583022
v 5.802700 21.499998 -4.531411
v 5.802700 23.499998 -4.531411
v 6.750000 23.499998 -3.583022
v 2.396362 21.499998 6.647452
v 3.689088 21.499998 6.647453
v 3.689088 23.499998 6.647453
v 2.396362 23.499998 6.647452
v 5.802698 21.499998 4.531415
v 6.750000 21.499998 3.583024
v 6.750000 23.499998 3.583024
v 5.802698 23.499998 4.531415
v 3.689088 25.499998 6.647453
v 4.636033 25.499998 5.699426
v 4.636033 27.499998 5.699426
v 3.689088 27.499998 6.647453
v 5.802698 25.499998 4.531415
v 6.750000 25.499998 3.583024
v 6.750000 27.499998 3.583024
v 5.802698 27.499998 4.531415
v 2.396362 25.499998 6.647452
v 3.689088 25.499998 6.647453
v 3.689088 27.499998 6.647453
v 2.396362 27.499998 6.647452
v 6.050328 24.349998 4.778759
v 7.100000 24.349998 3.727881
v 7.100000 24.649998 3.727881
v 6.050328 24.649998 4.778759
v 3.834179 24.349998 6.997453
v 4.883662 24.349998 5.946772
v 4.883662 24.649998 5.946772
v 3.834179 24.649998 6.997453
v 1.646363 24.142792 -7.497693
v 1.646363 24.857271 -7.497852
v 1.646363 24.649998 -6.997450
v 1.646363 24.349998 -6.997450
v 4.883662 24.349998 5.946772
v 6.050328 24.349998 4.778759
v 6.050328 24.649998 4.778759
v 4.883662 24.649998 5.946772
v 4.883662 24.349998 -5.946763
v 3.834181 24.349998 -6.997450
v 3.834181 24.649998 -6.997450
v 4.883662 24.649998 -5.946763
v 1.896362 24.349998 6.997452
v 3.834179 24.349998 6.997453
v 3.834179 24.649998 6.997453
v 1.896362 24.649998 6.997452
v 5.979577 27.999998 4.708089
v 7.000000 27.999998 3.686493
v 7.000000 28.499998 3.686493
v 5.979576 28.499998 4.708089
v 6.600000 36.349995 -1.943245
v 6.600000 36.649998 -1.943245
v 7.100000 36.649998 -1.943245
v 7.100000 36.349995 -1.943245
v 1.646363 25.250414 -7.398283
v 1.645370 27.996727 -7.398589
v 1.646363 27.999998 -6.897450
v 1.646363 24.999998 -6.897450
v 4.636033 25.499998 5.699426
v 5.802698 25.499998 4.531415
v 5.802698 27.499998 4.531415
v 4.636033 27.499998 5.699426
v 4.636033 25.499998 -5.699418
v 3.689088 25.499998 -6.647450
v 3.689088 27.499998 -6.647450
v 4.636033 27.499998 -5.699418
v 6.750000 25.499998 -2.343245
v 6.750000 25.499998 -3.583021
v 6.750000 27.499998 -3.583021
v 6.750000 27.499998 -2.343245
v 5.802700 25.499998 -4.531411
v 4.636033 25.499998 -5.699418
v 4.636033 27.499998 -5.699418
v 5.802700 27.499998 -4.531411
v 6.750000 25.499998 -3.583021
v 5.802700 25.499998 -4.531411
v 5.802700 27.499998 -4.531411
v 6.750000 27.499998 -3.583021
v 7.000000 27.999998 -3.686491
v 5.979578 27.999998 -4.708086
v 5.979578 28.499998 -4.708086
v 7.000000 28.499998 -3.686491
v 4.812911 27.999998 5.876101
v 5.979577 27.999998 4.708089
v 5.979576 28.499998 4.708089
v 4.812910 28.499998 5.876096
v 3.792725 27.999998 6.897453
v 4.812911 27.999998 5.876101
v 4.812910 28.499998 5.876096
v 3.792725 28.499998 6.897453
v 6.250000 29.499998 -2.343245
v 6.250000 29.499998 -3.376083
v 6.250000 31.499998 -3.376083
v 6.250000 31.499998 -2.343245
v 7.000000 27.999998 -1.843245
v 7.000000 27.999998 -3.686491
v 7.000000 28.499998 -3.686491
v 7.000000 28.499998 -1.843245
v 6.250000 29.499998 3.376085
v 6.250000 29.499998 2.343247
v 6.250000 31.499998 2.343247
v 6.250000 31.499998 3.376085
v 5.979578 27.999998 -4.708086
v 4.812911 27.999998 -5.876093
v 4.812911 28.499998 -5.876093
v 5.979578 28.499998 -4.708086
v 1.645370 27.996727 -7.398589
v 1.645195 28.691523 -7.413082
v 1.646363 28.487112 -6.910336
v 1.646363 27.999998 -6.897450
v 4.812911 27.999998 -5.876093
v 3.792726 27.999998 -6.897450
v 3.792726 28.499998 -6.897450
v 4.812911 28.499998 -5.876093
v 1.541504 29.194838 6.910312
v 1.645195 28.691525 7.413084
v 1.646362 28.487112 6.910338
v 1.542725 28.987112 6.410338
v 1.792726 28.999998 -6.397450
v 3.585451 28.999998 -6.397450
v 3.792726 28.499998 -6.897450
v 1.896363 28.499998 -6.897450
v 6.500000 28.999998 1.843247
v 6.500000 28.999998 3.479554
v 7.000000 28.499998 3.686493
v 7.000000 28.499998 1.843247
v 5.625821 28.999998 -4.354735
v 6.500000 28.999998 -3.479552
v 7.000000 28.499998 -3.686491
v 5.979578 28.499998 -4.708086
v 4.459153 28.999998 5.522746
v 3.585450 28.999998 6.397453
v 3.792725 28.499998 6.897453
v 4.812910 28.499998 5.876096
v 3.585451 28.999998 -6.397450
v 4.459154 28.999998 -5.522742
v 4.812911 28.499998 -5.876093
v 3.792726 28.499998 -6.897450
v 4.459154 28.999998 -5.522742
v 5.625821 28.999998 -4.354735
v 5.979578 28.499998 -4.708086
v 4.812911 28.499998 -5.876093
v 6.500000 28.999998 3.479554
v 5.625820 28.999998 4.354738
v 5.979576 28.499998 4.708089
v 7.000000 28.499998 3.686493
v 5.625820 28.999998 4.354738
v 4.459153 28.999998 5.522746
v 4.812910 28.499998 5.876096
v 5.979576 28.499998 4.708089
v 1.896362 27.999998 6.897452
v 3.792725 27.999998 6.897453
v 3.792725 28.499998 6.897453
v 1.896362 28.499998 6.897452
v 1.645369 27.996727 7.398592
v 1.646362 25.250414 7.398285
v 1.646362 24.999998 6.897452
v 1.646362 27.999998 6.897452
v 1.541505 29.194838 -6.910311
v 1.541687 31.751482 -6.896087
v 1.542726 31.999998 -6.397450
v 1.542726 28.987112 -6.410336
v 3.585450 28.999998 6.397453
v 1.792725 28.999998 6.397452
v 1.896362 28.499998 6.897452
v 3.792725 28.499998 6.897453
v 3.792726 27.999998 -6.897450
v 1.896363 27.999998 -6.897450
v 1.896363 28.499998 -6.897450
v 3.792726 28.499998 -6.897450
v 3.481812 29.499998 6.147453
v 4.282275 29.499998 5.346070
v 4.282275 31.499998 5.346070
v 3.481812 31.499998 6.147453
v 3.689088 25.499998 -6.647450
v 2.396363 25.499998 -6.647450
v 2.396363 27.499998 -6.647450
v 3.689088 27.499998 -6.647450
v 1.646362 24.142792 7.497695
v 1.646362 24.042850 7.397555
v 1.646362 24.249998 6.897452
v 1.646362 24.349998 6.997452
v 3.834181 24.349998 -6.997450
v 1.896363 24.349998 -6.997450
v 1.896363 24.649998 -6.997450
v 3.834181 24.649998 -6.997450
v -0.001953 27.993498 7.897452
v 1.143751 27.993479 7.897452
v 1.143220 28.900599 7.911522
v -0.002319 28.911329 7.901834
v 1.646362 21.249649 7.397289
v 1.646362 20.956976 7.397142
v 1.646362 20.749998 6.897452
v 1.646362 20.999998 6.897452
v 3.834181 20.349998 -6.997450
v 1.896363 20.349998 -6.997451
v 1.896363 20.649998 -6.997451
v 3.834181 20.649998 -6.997450
v 3.689088 21.499998 -6.647450
v 2.396363 21.499998 -6.647450
v 2.396363 23.499998 -6.647450
v 3.689088 23.499998 -6.647450
v 3.689088 17.499998 -6.647450
v 2.396363 17.499998 -6.647451
v 2.396363 19.499998 -6.647451
v 3.689088 19.499998 -6.647450
v 1.645218 17.194860 7.410368
v 1.748901 16.691545 7.913141
v 1.750000 16.487112 7.410338
v 1.646362 16.987112 6.910338
v 1.646362 20.143181 7.496758
v 1.646362 20.043289 7.396492
v 1.646362 20.249998 6.897452
v 1.646362 20.349998 6.997452
v 1.748902 16.691545 -7.913140
v 1.645219 17.194860 -7.410367
v 1.646363 16.987112 -6.910337
v 1.750000 16.487112 -7.410337
v 3.792725 16.999998 6.897452
v 1.896362 16.999998 6.897452
v 2.000000 16.499998 7.397452
v 4.000000 16.499998 7.397452
v 1.748901 16.691545 7.913141
v 1.749065 15.996728 7.898654
v 1.750000 15.999999 7.397452
v 1.750000 16.487112 7.410338
v 4.000000 15.999999 -7.397450
v 2.000000 15.999999 -7.397451
v 2.000000 16.499998 -7.397451
v 4.000000 16.499998 -7.397450
v 3.896363 13.499999 -7.147450
v 2.500000 13.499999 -7.147451
v 2.500000 15.499999 -7.147451
v 3.896363 15.499999 -7.147450
v 1.749065 15.996728 7.898654
v 1.750000 13.250452 7.898358
v 1.750000 12.999999 7.397452
v 1.750000 15.999999 7.397452
v 4.041455 12.349999 -7.497450
v 2.000000 12.349999 -7.497451
v 2.000000 12.649999 -7.497451
v 4.041455 12.649999 -7.497450
v 1.750000 12.142732 7.997842
v 1.750000 12.042770 7.897747
v 1.750000 12.249999 7.397452
v 1.750000 12.349999 7.497452
v 3.896363 9.499999 -7.147450
v 2.500000 9.499999 -7.147451
v 2.500000 11.499999 -7.147451
v 3.896363 11.499999 -7.147450
v 1.750000 9.250084 7.897621
v 1.750000 8.957159 7.897582
v 1.750000 8.749999 7.397452
v 1.750000 8.999999 7.397452
v 4.041455 8.349999 -7.497450
v 2.000000 8.349999 -7.497451
v 2.000000 8.649999 -7.497451
v 4.041455 8.649999 -7.497450
v 1.750000 8.142860 7.997531
v 1.750000 8.042867 7.897515
v 1.750000 8.249999 7.397452
v 1.750000 8.349999 7.497452
v 3.896363 5.500000 -7.147451
v 2.500000 5.500000 -7.147451
v 2.500000 7.500000 -7.147451
v 3.896363 7.500000 -7.147450
v 1.750000 7.749972 7.897505
v 1.750000 5.249999 7.897499
v 1.750000 5.249999 7.397451
v 1.750000 7.999999 7.397452
v 4.041455 4.350000 -7.497451
v 2.000000 4.350000 -7.497451
v 2.000000 4.650000 -7.497451
v 4.041455 4.650000 -7.497451
v 0.000000 4.349999 7.497451
v 2.000000 4.349999 7.497451
v 2.000000 4.649999 7.497451
v 0.000000 4.649999 7.497451
v 2.500000 3.500000 -7.397451
v 4.000000 3.500000 -7.397451
v 4.207275 3.500000 -7.897451
v 2.500000 3.500000 -7.897451
v 6.600000 32.649998 1.943247
v 6.600000 32.349995 1.943247
v 7.100000 32.349995 1.943247
v 7.100000 32.649998 1.943247
v 7.600000 4.650000 2.046716
v 7.600000 4.349999 2.046716
v 8.100000 4.349999 2.046716
v 8.100000 4.650000 2.046716
v 1.541686 31.751482 6.896089
v 1.541504 29.194838 6.910312
v 1.542725 28.987112 6.410338
v 1.542725 31.999998 6.397452
v 7.500000 16.499998 -1.946715
v 7.000000 16.999998 -1.843245
v 7.458359 17.199764 -1.843245
v 7.965689 16.682024 -1.946715
v 5.448942 29.499998 4.178063
v 6.250000 29.499998 3.376085
v 6.250000 31.499998 3.376085
v 5.448942 31.499998 4.178063
v 6.000000 47.999996 -1.843244
v 6.000000 48.499996 -1.843244
v 6.461940 48.691338 -1.843244
v 6.500000 47.999996 -1.843244
v 6.000000 40.999996 1.843248
v 6.500000 40.499996 1.843248
v 6.961940 40.691338 1.843248
v 6.461940 41.191338 1.843248
v 5.500000 48.999996 -1.843244
v 4.918308 48.999996 -1.843244
v 4.918308 49.499996 -1.843244
v 5.691342 49.461937 -1.843244
v 6.100000 44.649998 1.943248
v 6.100000 44.349995 1.943248
v 6.600000 44.349995 1.943248
v 6.600000 44.649998 1.943248
v 6.600000 32.349995 -1.943245
v 6.600000 32.649998 -1.943245
v 7.100000 32.649998 -1.943245
v 7.100000 32.349995 -1.943245
v 7.000000 16.999998 1.843247
v 7.500000 16.499998 1.946716
v 7.965689 16.682024 1.946716
v 7.458359 17.199764 1.843247
v 6.500000 40.499996 -1.843244
v 6.000000 40.999996 -1.843244
v 6.461940 41.191338 -1.843244
v 6.961940 40.691338 -1.843244
v 7.600000 4.349999 -2.046715
v 7.600000 4.650000 -2.046715
v 8.100000 4.650000 -2.046715
v 8.100000 4.349999 -2.046715
v 7.500000 4.000000 -1.946715
v 8.000000 4.000000 -1.946715
v 6.000000 47.999996 1.843248
v 6.000000 44.999996 1.843248
v 6.500000 44.999996 1.843248
v 6.500000 47.999996 1.843248
v 6.100000 44.349995 -1.943244
v 6.100000 44.649998 -1.943244
v 6.600000 44.649998 -1.943244
v 6.600000 44.349995 -1.943244
v 6.500000 28.999998 1.843247
v 7.000000 28.499998 1.843247
v 7.461940 28.691339 1.843247
v 6.961940 29.191339 1.843247
v 6.500000 32.999996 -1.843245
v 6.500000 35.999996 -1.843245
v 7.000000 35.999996 -1.843245
v 7.000000 32.999996 -1.843245
v 7.600000 4.349999 3.934819
v 7.600000 4.349999 2.046716
v 7.600000 4.650000 2.046716
v 7.600000 4.650000 3.934819
v 6.686683 3.500000 4.707682
v 6.686683 1.000000 4.707682
v 7.040440 1.000000 5.061032
v 7.040440 3.500000 5.061032
v 7.250000 5.500000 3.789962
v 7.250000 5.500000 2.446716
v 7.250000 7.500000 2.446716
v 7.250000 7.500000 3.789962
v 7.600000 8.349999 3.934819
v 7.600000 8.349999 2.046716
v 7.600000 8.649999 2.046716
v 7.600000 8.649999 3.934819
v 7.250000 9.499999 3.789962
v 7.250000 9.499999 2.446716
v 7.250000 11.499999 2.446716
v 7.250000 11.499999 3.789962
v 7.600000 12.349999 3.934819
v 7.600000 12.349999 2.046716
v 7.600000 12.649999 2.046716
v 7.600000 12.649999 3.934819
v 7.500000 15.999999 3.893431
v 7.500000 15.999999 1.946716
v 7.500000 16.499998 1.946716
v 7.500000 16.499998 3.893431
v 7.250000 13.499999 3.789962
v 7.250000 13.499999 2.446716
v 7.250000 15.499999 2.446716
v 7.250000 15.499999 3.789962
v 6.750000 17.499998 3.583024
v 6.750000 17.499998 2.343247
v 6.750000 19.499998 2.343247
v 6.750000 19.499998 3.583024
v 7.100000 20.349998 3.727881
v 7.100000 20.349998 1.943247
v 7.100000 20.649998 1.943247
v 7.100000 20.649998 3.727881
v 7.100000 24.349998 3.727881
v 7.100000 24.349998 1.943247
v 7.100000 24.649998 1.943247
v 7.100000 24.649998 3.727881
v 6.750000 21.499998 3.583024
v 6.750000 21.499998 2.343247
v 6.750000 23.499998 2.343247
v 6.750000 23.499998 3.583024
v 6.750000 25.499998 3.583024
v 6.750000 25.499998 2.343247
v 6.750000 27.499998 2.343247
v 6.750000 27.499998 3.583024
v 7.000000 27.999998 3.686493
v 7.000000 27.999998 1.843247
v 7.000000 28.499998 1.843247
v 7.000000 28.499998 3.686493
v 7.500000 5.000000 -1.946715
v 7.500000 8.000000 -1.946715
v 8.000000 8.000000 -1.946715
v 8.000000 5.000000 -1.946715
v -0.002443 29.412437 -7.397662
v 1.039642 29.405531 -7.405623
v 1.143221 28.900597 -7.911521
v -0.002319 28.911331 -7.901833
v 5.448943 29.499998 -4.178060
v 4.282276 29.499998 -5.346067
v 4.282276 31.499998 -5.346067
v 5.448943 31.499998 -4.178060
v 5.500000 48.999996 1.843248
v 6.000000 48.499996 1.843248
v 6.461940 48.691338 1.843248
v 5.691342 49.461937 1.843248
v 7.000000 16.999998 -3.686491
v 7.000000 16.999998 -1.843245
v 7.500000 16.499998 -1.946715
v 7.500000 16.499998 -3.893430
v 6.250000 29.499998 -3.376083
v 5.448943 29.499998 -4.178060
v 5.448943 31.499998 -4.178060
v 6.250000 31.499998 -3.376083
v 3.481813 29.499998 -6.147450
v 2.292726 29.499998 -6.147450
v 2.292726 31.499998 -6.147450
v 3.481813 31.499998 -6.147450
v 6.500000 28.999998 -3.479552
v 6.500000 28.999998 -1.843245
v 7.000000 28.499998 -1.843245
v 7.000000 28.499998 -3.686491
v 4.918307 48.999996 1.843248
v 4.918307 49.499996 1.843248
v 7.600000 8.349999 -2.046715
v 7.600000 8.649999 -2.046715
v 8.100000 8.649999 -2.046715
v 8.100000 8.349999 -2.046715
v 6.000000 40.999996 -1.843244
v 6.000000 43.999996 -1.843244
v 6.500000 43.999996 -1.843244
v 6.461940 41.191338 -1.843244
v 7.000000 28.499998 1.843247
v 7.000000 27.999998 1.843247
v 7.500000 27.999998 1.843247
v 7.461940 28.691339 1.843247
v 7.500000 8.999999 -1.946715
v 7.500000 11.999999 -1.946715
v 8.000000 11.999999 -1.946715
v 8.000000 8.999999 -1.946715
v 7.000000 27.999998 1.843247
v 7.000000 24.999998 1.843247
v 7.500000 24.999998 1.843247
v 7.500000 27.999998 1.843247
v 6.500000 39.999996 -1.843245
v 6.500000 40.499996 -1.843244
v 6.961940 40.691338 -1.843244
v 7.000000 39.999996 -1.843245
v 6.000000 48.499996 1.843248
v 6.000000 47.999996 1.843248
v 6.500000 47.999996 1.843248
v 6.461940 48.691338 1.843248
v 7.600000 12.349999 -2.046715
v 7.600000 12.649999 -2.046715
v 8.100000 12.649999 -2.046715
v 8.100000 12.349999 -2.046715
v 7.000000 23.999998 1.843247
v 7.000000 20.999998 1.843247
v 7.500000 20.999998 1.843247
v 7.500000 23.999998 1.843247
v 7.500000 15.999999 -1.946715
v 7.500000 16.499998 -1.946715
v 7.965689 16.682024 -1.946715
v 8.000000 15.999999 -1.946715
v 7.100000 24.649998 1.943247
v 7.100000 24.349998 1.943247
v 7.600000 24.349998 1.943247
v 7.600000 24.649998 1.943247
v 7.500000 12.999999 -1.946715
v 7.500000 15.999999 -1.946715
v 8.000000 15.999999 -1.946715
v 8.000000 12.999999 -1.946715
v 3.751642 48.999996 0.000002
v 3.751642 48.999996 1.843248
v 3.751642 49.499996 1.843248
v 3.751642 49.499996 0.000002
v 2.500000 5.500000 -7.147451
v 3.896363 5.500000 -7.147451
v 4.000000 5.000000 -7.397451
v 2.000000 5.000000 -7.397451
v 7.250000 5.500000 2.446716
v 7.250000 5.500000 3.789962
v 7.500000 5.000000 3.893431
v 7.500000 5.000000 1.946716
v 6.156456 5.500000 -4.884762
v 7.250000 5.500000 -3.789961
v 7.500000 5.000000 -3.893430
v 6.333334 5.000000 -5.061437
v 4.989788 5.500000 6.052770
v 3.896362 5.499999 7.147452
v 4.000000 4.999999 7.397452
v 5.166666 5.000000 6.229445
v 3.928960 7.684291 -7.226083
v 2.589443 7.678885 -7.236894
v 2.447214 7.821115 -7.308008
v 3.967403 7.815709 -7.318818
v 7.328663 7.684275 3.822519
v 7.339443 7.678885 2.536159
v 7.410557 7.821114 2.393929
v 7.421337 7.815724 3.860874
v 7.328663 7.684275 -3.822518
v 6.219738 7.678885 -4.947970
v 6.270052 7.821114 -4.998228
v 7.421338 7.815724 -3.860873
v 3.928959 7.684290 7.226085
v 5.053070 7.678885 6.115979
v 5.103384 7.821114 6.166236
v 3.967402 7.815708 7.318820
v 2.500000 9.499999 -7.147451
v 3.896363 9.499999 -7.147450
v 4.000000 8.999999 -7.397450
v 2.000000 8.999999 -7.397451
v 7.250000 9.499999 2.446716
v 7.250000 9.499999 3.789962
v 7.500000 8.999999 3.893431
v 7.500000 8.999999 1.946716
v 6.156456 9.499999 -4.884761
v 7.250000 9.499999 -3.789961
v 7.500000 8.999999 -3.893430
v 6.333334 8.999999 -5.061437
v 4.989788 9.499999 6.052770
v 3.896362 9.499999 7.147452
v 4.000000 8.999999 7.397452
v 5.166666 8.999999 6.229445
v 3.928960 11.684290 -7.226083
v 2.589443 11.678885 -7.236894
v 2.447214 11.821114 -7.308008
v 3.967403 11.815708 -7.318818
v 7.328663 11.684275 3.822519
v 7.339443 11.678885 2.536159
v 7.410557 11.821114 2.393930
v 7.421337 11.815723 3.860875
v 7.328663 11.684275 -3.822517
v 6.219738 11.678885 -4.947970
v 6.270052 11.821114 -4.998228
v 7.421338 11.815723 -3.860873
v 3.928959 11.684290 7.226085
v 5.053070 11.678885 6.115979
v 5.103384 11.821114 6.166236
v 3.967402 11.815708 7.318820
v 2.500000 13.499999 -7.147451
v 3.896363 13.499999 -7.147450
v 4.000000 12.999999 -7.397450
v 2.000000 12.999999 -7.397451
v 7.250000 13.499999 2.446716
v 7.250000 13.499999 3.789962
v 7.500000 12.999999 3.893431
v 7.500000 12.999999 1.946716
v 6.156456 13.499999 -4.884761
v 7.250000 13.499999 -3.789961
v 7.500000 12.999999 -3.893430
v 6.333334 12.999999 -5.061437
v 4.989788 13.499999 6.052770
v 3.896362 13.499999 7.147452
v 4.000000 12.999999 7.397452
v 5.166666 12.999999 6.229445
v 3.928960 15.684290 -7.226083
v 2.589443 15.678885 -7.236894
v 2.447214 15.821114 -7.308008
v 3.967403 15.815708 -7.318818
v 7.328663 15.684275 3.822519
v 7.339443 15.678885 2.536159
v 7.410557 15.821114 2.393930
v 7.421337 15.815723 3.860875
v 7.328663 15.684275 -3.822517
v 6.219738 15.678885 -4.947970
v 6.270052 15.821114 -4.998228
v 7.421338 15.815723 -3.860873
v 3.928959 15.684290 7.226085
v 5.053071 15.678885 6.115979
v 5.103384 15.821114 6.166236
v 3.967403 15.815708 7.318820
v 3.896363 5.500000 -7.147451
v 4.989789 5.500000 -6.052769
v 5.166667 5.000000 -6.229444
v 4.000000 5.000000 -7.397451
v 4.989789 5.500000 -6.052769
v 6.156456 5.500000 -4.884762
v 6.333334 5.000000 -5.061437
v 5.166667 5.000000 -6.229444
v 7.250000 5.500000 3.789962
v 6.156455 5.500000 4.884763
v 6.333333 5.000000 5.061438
v 7.500000 5.000000 3.893431
v 6.156455 5.500000 4.884763
v 4.989788 5.500000 6.052770
v 5.166666 5.000000 6.229445
v 6.333333 5.000000 5.061438
v 5.053071 7.678885 -6.115977
v 3.928960 7.684291 -7.226083
v 3.967403 7.815709 -7.318818
v 5.103385 7.821114 -6.166234
v 6.219738 7.678885 -4.947970
v 5.053071 7.678885 -6.115977
v 5.103385 7.821114 -6.166234
v 6.270052 7.821114 -4.998228
v 6.219737 7.678885 4.947972
v 7.328663 7.684275 3.822519
v 7.421337 7.815724 3.860874
v 6.270051 7.821114 4.998230
v 5.053070 7.678885 6.115979
v 6.219737 7.678885 4.947972
v 6.270051 7.821114 4.998230
v 5.103384 7.821114 6.166236
v 3.896363 9.499999 -7.147450
v 4.989789 9.499999 -6.052768
v 5.166667 8.999999 -6.229444
v 4.000000 8.999999 -7.397450
v 4.989789 9.499999 -6.052768
v 6.156456 9.499999 -4.884761
v 6.333334 8.999999 -5.061437
v 5.166667 8.999999 -6.229444
v 7.250000 9.499999 3.789962
v 6.156455 9.499999 4.884763
v 6.333333 8.999999 5.061439
v 7.500000 8.999999 3.893431
v 6.156455 9.499999 4.884763
v 4.989788 9.499999 6.052770
v 5.166666 8.999999 6.229445
v 6.333333 8.999999 5.061439
v 5.053071 11.678885 -6.115977
v 3.928960 11.684290 -7.226083
v 3.967403 11.815708 -7.318818
v 5.103385 11.821114 -6.166234
v 6.219738 11.678885 -4.947970
v 5.053071 11.678885 -6.115977
v 5.103385 11.821114 -6.166234
v 6.270052 11.821114 -4.998228
v 6.219737 11.678885 4.947972
v 7.328663 11.684275 3.822519
v 7.421337 11.815723 3.860875
v 6.270051 11.821114 4.998230
v 5.053070 11.678885 6.115979
v 6.219737 11.678885 4.947972
v 6.270051 11.821114 4.998230
v 5.103384 11.821114 6.166236
v 3.896363 13.499999 -7.147450
v 4.989789 13.499999 -6.052768
v 5.166667 12.999999 -6.229444
v 4.000000 12.999999 -7.397450
v 4.989789 13.499999 -6.052768
v 6.156456 13.499999 -4.884761
v 6.333334 12.999999 -5.061437
v 5.166667 12.999999 -6.229444
v 7.250000 13.499999 3.789962
v 6.156455 13.499999 4.884763
v 6.333333 12.999999 5.061439
v 7.500000 12.999999 3.893431
v 6.156455 13.499999 4.884763
v 4.989788 13.499999 6.052770
v 5.166666 12.999999 6.229445
v 6.333333 12.999999 5.061439
v 5.053071 15.678885 -6.115977
v 3.928960 15.684290 -7.226083
v 3.967403 15.815708 -7.318818
v 5.103385 15.821114 -6.166234
v 6.219738 15.678885 -4.947970
v 5.053071 15.678885 -6.115977
v 5.103385 15.821114 -6.166234
v 6.270052 15.821114 -4.998228
v 6.219737 15.678885 4.947972
v 7.328663 15.684275 3.822519
v 7.421337 15.815723 3.860875
v 6.270051 15.821114 4.998230
v 5.053071 15.678885 6.115979
v 6.219737 15.678885 4.947972
v 6.270051 15.821114 4.998230
v 5.103384 15.821114 6.166236
v 2.396363 17.499998 -6.647451
v 3.689088 17.499998 -6.647450
v 3.792726 16.999998 -6.897450
v 1.896363 16.999998 -6.897451
v 6.750000 17.499998 2.343247
v 6.750000 17.499998 3.583024
v 7.000000 16.999998 3.686493
v 7.000000 16.999998 1.843247
v 5.802700 17.499998 -4.531411
v 6.750000 17.499998 -3.583022
v 7.000000 16.999998 -3.686491
v 5.979578 16.999998 -4.708086
v 4.636033 17.499998 5.699426
v 3.689088 17.499998 6.647452
v 3.792725 16.999998 6.897452
v 4.812911 16.999998 5.876101
v 3.689088 17.499998 -6.647450
v 4.636033 17.499998 -5.699418
v 4.812911 16.999998 -5.876093
v 3.792726 16.999998 -6.897450
v 4.636033 17.499998 -5.699418
v 5.802700 17.499998 -4.531411
v 5.979578 16.999998 -4.708086
v 4.812911 16.999998 -5.876093
v 6.750000 17.499998 3.583024
v 5.802698 17.499998 4.531414
v 5.979577 16.999998 4.708089
v 7.000000 16.999998 3.686493
v 5.802698 17.499998 4.531414
v 4.636033 17.499998 5.699426
v 4.812911 16.999998 5.876101
v 5.979577 16.999998 4.708089
v 3.721685 19.684288 -6.726083
v 2.485806 19.678883 -6.736894
v 2.343576 19.821114 -6.808008
v 3.760129 19.815708 -6.818818
v 6.828663 19.684273 3.615580
v 6.839443 19.678883 2.432689
v 6.910557 19.821114 2.290460
v 6.921337 19.815723 3.653936
v 6.828663 19.684273 -3.615578
v 5.865982 19.678885 -4.594620
v 5.916296 19.821114 -4.644877
v 6.921338 19.815723 -3.653934
v 3.721684 19.684288 6.726085
v 4.699315 19.678883 5.762635
v 4.749629 19.821112 5.812892
v 3.760128 19.815708 6.818820
v 4.699315 19.678883 -5.762627
v 3.721685 19.684288 -6.726083
v 3.760129 19.815708 -6.818818
v 4.749629 19.821114 -5.812884
v 5.865982 19.678885 -4.594620
v 4.699315 19.678883 -5.762627
v 4.749629 19.821114 -5.812884
v 5.916296 19.821114 -4.644877
v 5.865980 19.678883 4.594623
v 6.828663 19.684273 3.615580
v 6.921337 19.815723 3.653936
v 5.916295 19.821114 4.644880
v 4.699315 19.678883 5.762635
v 5.865980 19.678883 4.594623
v 5.916295 19.821114 4.644880
v 4.749629 19.821112 5.812892
v 2.396363 21.499998 -6.647450
v 3.689088 21.499998 -6.647450
v 3.792726 20.999998 -6.897450
v 1.896363 20.999998 -6.897450
v 6.750000 21.499998 2.343247
v 6.750000 21.499998 3.583024
v 7.000000 20.999998 3.686493
v 7.000000 20.999998 1.843247
v 5.802700 21.499998 -4.531411
v 6.750000 21.499998 -3.583022
v 7.000000 20.999998 -3.686491
v 5.979578 20.999998 -4.708086
v 4.636033 21.499998 5.699426
v 3.689088 21.499998 6.647453
v 3.792725 20.999998 6.897453
v 4.812911 20.999998 5.876101
v 3.689088 21.499998 -6.647450
v 4.636033 21.499998 -5.699418
v 4.812911 20.999998 -5.876093
v 3.792726 20.999998 -6.897450
v 4.636033 21.499998 -5.699418
v 5.802700 21.499998 -4.531411
v 5.979578 20.999998 -4.708086
v 4.812911 20.999998 -5.876093
v 6.750000 21.499998 3.583024
v 5.802698 21.499998 4.531415
v 5.979577 20.999998 4.708089
v 7.000000 20.999998 3.686493
v 5.802698 21.499998 4.531415
v 4.636033 21.499998 5.699426
v 4.812911 20.999998 5.876101
v 5.979577 20.999998 4.708089
v 3.721685 23.684288 -6.726082
v 2.485806 23.678883 -6.736893
v 2.343576 23.821114 -6.808008
v 3.760129 23.815708 -6.818818
v 6.828663 23.684273 3.615580
v 6.839443 23.678883 2.432689
v 6.910557 23.821114 2.290460
v 6.921337 23.815723 3.653936
v 6.828663 23.684273 -3.615578
v 5.865982 23.678885 -4.594620
v 5.916296 23.821114 -4.644877
v 6.921338 23.815723 -3.653934
v 3.721684 23.684288 6.726085
v 4.699315 23.678883 5.762635
v 4.749629 23.821112 5.812892
v 3.760128 23.815708 6.818820
v 4.699315 23.678883 -5.762627
v 3.721685 23.684288 -6.726082
v 3.760129 23.815708 -6.818818
v 4.749629 23.821114 -5.812884
v 5.865982 23.678885 -4.594620
v 4.699315 23.678883 -5.762627
v 4.749629 23.821114 -5.812884
v 5.916296 23.821114 -4.644877
v 5.865980 23.678883 4.594624
v 6.828663 23.684273 3.615580
v 6.921337 23.815723 3.653936
v 5.916295 23.821114 4.644880
v 4.699315 23.678883 5.762635
v 5.865980 23.678883 4.594624
v 5.916295 23.821114 4.644880
v 4.749629 23.821112 5.812892
v 2.396363 25.499998 -6.647450
v 3.689088 25.499998 -6.647450
v 3.792726 24.999998 -6.897450
v 1.896363 24.999998 -6.897450
v 6.750000 25.499998 2.343247
v 6.750000 25.499998 3.583024
v 7.000000 24.999998 3.686493
v 7.000000 24.999998 1.843247
v 5.802700 25.499998 -4.531411
v 6.750000 25.499998 -3.583021
v 7.000000 24.999998 -3.686491
v 5.979578 24.999998 -4.708086
v 4.636033 25.499998 5.699426
v 3.689088 25.499998 6.647453
v 3.792725 24.999998 6.897453
v 4.812911 24.999998 5.876101
v 3.689088 25.499998 -6.647450
v 4.636033 25.499998 -5.699418
v 4.812911 24.999998 -5.876093
v 3.792726 24.999998 -6.897450
v 4.636033 25.499998 -5.699418
v 5.802700 25.499998 -4.531411
v 5.979578 24.999998 -4.708086
v 4.812911 24.999998 -5.876093
v 6.750000 25.499998 3.583024
v 5.802698 25.499998 4.531415
v 5.979577 24.999998 4.708089
v 7.000000 24.999998 3.686493
v 5.802698 25.499998 4.531415
v 4.636033 25.499998 5.699426
v 4.812911 24.999998 5.876101
v 5.979577 24.999998 4.708089
v 3.721685 27.684288 -6.726082
v 2.485806 27.678883 -6.736893
v 2.343576 27.821114 -6.808008
v 3.760129 27.815708 -6.818818
v 6.828663 27.684273 3.615581
v 6.839443 27.678883 2.432690
v 6.910557 27.821114 2.290460
v 6.921337 27.815723 3.653936
v 6.828663 27.684273 -3.615578
v 5.865982 27.678885 -4.594620
v 5.916296 27.821114 -4.644877
v 6.921338 27.815723 -3.653934
v 3.721684 27.684288 6.726085
v 4.699315 27.678883 5.762635
v 4.749629 27.821112 5.812892
v 3.760128 27.815708 6.818820
v 4.699315 27.678883 -5.762627
v 3.721685 27.684288 -6.726082
v 3.760129 27.815708 -6.818818
v 4.749629 27.821114 -5.812884
v 5.865982 27.678885 -4.594620
v 4.699315 27.678883 -5.762627
v 4.749629 27.821114 -5.812884
v 5.916296 27.821114 -4.644877
v 5.865980 27.678883 4.594624
v 6.828663 27.684273 3.615581
v 6.921337 27.815723 3.653936
v 5.916295 27.821114 4.644880
v 4.699315 27.678883 5.762635
v 5.865980 27.678883 4.594624
v 5.916295 27.821114 4.644880
v 4.749629 27.821112 5.812892
v 3.896362 5.499999 7.147452
v 2.500000 5.499999 7.147451
v 2.000000 4.999999 7.397451
v 4.000000 4.999999 7.397452
v 2.589442 7.678885 7.236895
v 3.928959 7.684290 7.226085
v 3.967402 7.815708 7.318820
v 2.447213 7.821114 7.308009
v 3.896362 9.499999 7.147452
v 2.500000 9.499999 7.147452
v 2.000000 8.999999 7.397452
v 4.000000 8.999999 7.397452
v 2.589442 11.678885 7.236895
v 3.928959 11.684290 7.226085
v 3.967402 11.815708 7.318820
v 2.447213 11.821114 7.308009
v 3.896362 13.499999 7.147452
v 2.500000 13.499999 7.147452
v 2.000000 12.999999 7.397452
v 4.000000 12.999999 7.397452
v 2.589442 15.678885 7.236895
v 3.928959 15.684290 7.226085
v 3.967403 15.815708 7.318820
v 2.447213 15.821114 7.308009
v 3.689088 17.499998 6.647452
v 2.396362 17.499998 6.647452
v 1.896362 16.999998 6.897452
v 3.792725 16.999998 6.897452
v 2.485805 19.678883 6.736895
v 3.721684 19.684288 6.726085
v 3.760128 19.815708 6.818820
v 2.343576 19.821114 6.808009
v 2.485805 23.678883 6.736895
v 3.721684 23.684288 6.726085
v 3.760128 23.815708 6.818820
v 2.343576 23.821114 6.808010
v 3.689088 21.499998 6.647453
v 2.396362 21.499998 6.647452
v 1.896362 20.999998 6.897452
v 3.792725 20.999998 6.897453
v 3.689088 25.499998 6.647453
v 2.396362 25.499998 6.647452
v 1.896362 24.999998 6.897452
v 3.792725 24.999998 6.897453
v 2.485805 27.678883 6.736895
v 3.721684 27.684288 6.726085
v 3.760128 27.815708 6.818820
v 2.343576 27.821114 6.808010
v 2.396363 27.499998 -6.647450
v 2.396363 25.499998 -6.647450
v 1.896363 24.999998 -6.897450
v 1.896363 27.999998 -6.897450
v 2.396362 25.499998 6.647452
v 2.396362 27.499998 6.647452
v 1.896362 27.999998 6.897452
v 1.896362 24.999998 6.897452
v 2.396362 21.499998 6.647452
v 2.396362 23.499998 6.647452
v 1.896362 23.999998 6.897452
v 1.896362 20.999998 6.897452
v 2.396363 23.499998 -6.647450
v 2.396363 21.499998 -6.647450
v 1.896363 20.999998 -6.897450
v 1.896363 23.999998 -6.897450
v 2.396363 19.499998 -6.647451
v 2.396363 17.499998 -6.647451
v 1.896363 16.999998 -6.897451
v 1.896363 19.999998 -6.897451
v 2.396362 17.499998 6.647452
v 2.396362 19.499998 6.647452
v 1.896362 19.999998 6.897452
v 1.896362 16.999998 6.897452
v 2.500000 15.499999 -7.147451
v 2.500000 13.499999 -7.147451
v 2.000000 12.999999 -7.397451
v 2.000000 15.999999 -7.397451
v 2.500000 13.499999 7.147452
v 2.500000 15.499999 7.147452
v 2.000000 15.999999 7.397452
v 2.000000 12.999999 7.397452
v 2.500000 11.499999 -7.147451
v 2.500000 9.499999 -7.147451
v 2.000000 8.999999 -7.397451
v 2.000000 11.999999 -7.397451
v 2.500000 9.499999 7.147452
v 2.500000 11.499999 7.147452
v 2.000000 11.999999 7.397452
v 2.000000 8.999999 7.397452
v 2.500000 7.500000 -7.147451
v 2.500000 5.500000 -7.147451
v 2.000000 5.000000 -7.397451
v 2.000000 8.000000 -7.397451
v 2.500000 5.499999 7.147451
v 2.500000 7.499999 7.147452
v 2.000000 7.999999 7.397452
v 2.000000 4.999999 7.397451
v 7.250000 7.500000 2.446716
v 7.250000 5.500000 2.446716
v 7.500000 5.000000 1.946716
v 7.500000 8.000000 1.946716
v 7.250000 11.499999 2.446716
v 7.250000 9.499999 2.446716
v 7.500000 8.999999 1.946716
v 7.500000 11.999999 1.946716
v 7.250000 15.499999 2.446716
v 7.250000 13.499999 2.446716
v 7.500000 12.999999 1.946716
v 7.500000 15.999999 1.946716
v 6.750000 19.499998 2.343247
v 6.750000 17.499998 2.343247
v 7.000000 16.999998 1.843247
v 7.000000 19.999998 1.843247
v 6.750000 23.499998 2.343247
v 6.750000 21.499998 2.343247
v 7.000000 20.999998 1.843247
v 7.000000 23.999998 1.843247
v 6.750000 27.499998 2.343247
v 6.750000 25.499998 2.343247
v 7.000000 24.999998 1.843247
v 7.000000 27.999998 1.843247
v 7.250000 5.500000 -3.789961
v 7.250000 5.500000 -2.446715
v 7.500000 5.000000 -1.946715
v 7.500000 5.000000 -3.893430
v 7.339443 7.678885 -2.536158
v 7.328663 7.684275 -3.822518
v 7.421338 7.815724 -3.860873
v 7.410557 7.821114 -2.393929
v 7.250000 9.499999 -3.789961
v 7.250000 9.499999 -2.446715
v 7.500000 8.999999 -1.946715
v 7.500000 8.999999 -3.893430
v 7.339443 11.678885 -2.536157
v 7.328663 11.684275 -3.822517
v 7.421338 11.815723 -3.860873
v 7.410557 11.821114 -2.393928
v 7.250000 13.499999 -3.789961
v 7.250000 13.499999 -2.446715
v 7.500000 12.999999 -1.946715
v 7.500000 12.999999 -3.893430
v 7.339443 15.678885 -2.536157
v 7.328663 15.684275 -3.822517
v 7.421338 15.815723 -3.860873
v 7.410557 15.821114 -2.393928
v 6.750000 17.499998 -3.583022
v 6.750000 17.499998 -2.343245
v 7.000000 16.999998 -1.843245
v 7.000000 16.999998 -3.686491
v 6.839443 19.678883 -2.432688
v 6.828663 19.684273 -3.615578
v 6.921338 19.815723 -3.653934
v 6.910557 19.821114 -2.290458
v 6.750000 21.499998 -3.583022
v 6.750000 21.499998 -2.343245
v 7.000000 20.999998 -1.843245
v 7.000000 20.999998 -3.686491
v 6.839443 23.678883 -2.432688
v 6.828663 23.684273 -3.615578
v 6.921338 23.815723 -3.653934
v 6.910557 23.821114 -2.290458
v 6.750000 25.499998 -3.583021
v 6.750000 25.499998 -2.343245
v 7.000000 24.999998 -1.843245
v 7.000000 24.999998 -3.686491
v 6.839443 27.678883 -2.432687
v 6.828663 27.684273 -3.615578
v 6.921338 27.815723 -3.653934
v 6.910557 27.821114 -2.290458
v 6.750000 25.499998 -2.343245
v 6.750000 27.499998 -2.343245
v 7.000000 27.999998 -1.843245
v 7.000000 24.999998 -1.843245
v 6.750000 21.499998 -2.343245
v 6.750000 23.499998 -2.343245
v 7.000000 23.999998 -1.843245
v 7.000000 20.999998 -1.843245
v 6.750000 17.499998 -2.343245
v 6.750000 19.499998 -2.343245
v 7.000000 19.999998 -1.843245
v 7.000000 16.999998 -1.843245
v 7.250000 13.499999 -2.446715
v 7.250000 15.499999 -2.446715
v 7.500000 15.999999 -1.946715
v 7.500000 12.999999 -1.946715
v 7.250000 9.499999 -2.446715
v 7.250000 11.499999 -2.446715
v 7.500000 11.999999 -1.946715
v 7.500000 8.999999 -1.946715
v 7.250000 5.500000 -2.446715
v 7.250000 7.500000 -2.446715
v 7.500000 8.000000 -1.946715
v 7.500000 5.000000 -1.946715
v 4.529905 32.349995 -5.593412
v 3.626906 32.349995 -6.497450
v 3.626906 32.649998 -6.497450
v 4.529905 32.649998 -5.593412
v 1.792725 32.349995 6.497452
v 3.626905 32.349995 6.497453
v 3.626905 32.649998 6.497453
v 1.792725 32.649998 6.497452
v 3.626905 32.349995 6.497453
v 4.529904 32.349995 5.593416
v 4.529904 32.649998 5.593416
v 3.626905 32.649998 6.497453
v 6.600000 32.349995 -1.943245
v 6.600000 32.349995 -3.520940
v 6.600000 32.649998 -3.520940
v 6.600000 32.649998 -1.943245
v 6.600000 32.349995 -3.520940
v 5.696572 32.349995 -4.425406
v 5.696572 32.649998 -4.425406
v 6.600000 32.649998 -3.520940
v 6.600000 32.349995 3.520942
v 6.600000 32.349995 1.943247
v 6.600000 32.649998 1.943247
v 6.600000 32.649998 3.520942
v 3.626906 32.349995 -6.497450
v 1.792726 32.349995 -6.497450
v 1.792726 32.649998 -6.497450
v 3.626906 32.649998 -6.497450
v 4.529904 32.349995 5.593416
v 5.696571 32.349995 4.425408
v 5.696571 32.649998 4.425408
v 4.529904 32.649998 5.593416
v 7.100000 20.649998 1.943247
v 7.100000 20.349998 1.943247
v 7.600000 20.349998 1.943247
v 7.600000 20.649998 1.943247
v 1.542725 32.143208 6.996677
v 1.542725 32.043312 6.896425
v 1.542725 32.249996 6.397452
v 1.542725 32.349995 6.497452
v 7.000000 16.999998 -1.843245
v 7.000000 19.999998 -1.843245
v 7.500000 19.999998 -1.843245
v 7.458359 17.199764 -1.843245
v 4.282276 29.499998 -5.346067
v 3.481813 29.499998 -6.147450
v 3.481813 31.499998 -6.147450
v 4.282276 31.499998 -5.346067
v 4.282275 29.499998 5.346070
v 5.448942 29.499998 4.178063
v 5.448942 31.499998 4.178063
v 4.282275 31.499998 5.346070
v 2.292725 29.499998 6.147452
v 3.481812 29.499998 6.147453
v 3.481812 31.499998 6.147453
v 2.292725 31.499998 6.147452
v 7.000000 19.999998 1.843247
v 7.000000 16.999998 1.843247
v 7.458359 17.199764 1.843247
v 7.500000 19.999998 1.843247
v 4.282276 33.499996 -5.346067
v 3.481813 33.499996 -6.147450
v 3.481813 35.499996 -6.147449
v 4.282276 35.499996 -5.346066
v 2.292725 33.499996 6.147452
v 3.481812 33.499996 6.147453
v 3.481812 35.499996 6.147453
v 2.292725 35.499996 6.147453
v 1.542725 33.249561 6.897120
v 1.542725 32.956924 6.897011
v 1.542725 32.749996 6.397452
v 1.542725 32.999996 6.397452
v 3.481812 33.499996 6.147453
v 4.282275 33.499996 5.346070
v 4.282275 35.499996 5.346071
v 3.481812 35.499996 6.147453
v 6.250000 33.499996 -2.343245
v 6.250000 33.499996 -3.376083
v 6.250000 35.499996 -3.376083
v 6.250000 35.499996 -2.343245
v 6.250000 33.499996 -3.376083
v 5.448943 33.499996 -4.178060
v 5.448943 35.499996 -4.178060
v 6.250000 35.499996 -3.376083
v 6.250000 33.499996 3.376085
v 6.250000 33.499996 2.343247
v 6.250000 35.499996 2.343247
v 6.250000 35.499996 3.376085
v 3.481813 33.499996 -6.147450
v 2.292726 33.499996 -6.147450
v 2.292726 35.499996 -6.147450
v 3.481813 35.499996 -6.147449
v 4.282275 33.499996 5.346070
v 5.448942 33.499996 4.178063
v 5.448942 35.499996 4.178063
v 4.282275 35.499996 5.346071
v 7.100000 20.349998 -1.943245
v 7.100000 20.649998 -1.943245
v 7.600000 20.649998 -1.943245
v 7.600000 20.349998 -1.943245
v 1.542726 32.143208 -6.996675
v 1.542726 32.856865 -6.996866
v 1.542726 32.649998 -6.497450
v 1.542726 32.349995 -6.497450
v 5.696572 32.349995 -4.425406
v 4.529905 32.349995 -5.593412
v 4.529905 32.649998 -5.593412
v 5.696572 32.649998 -4.425406
v 5.696571 32.349995 4.425408
v 6.600000 32.349995 3.520942
v 6.600000 32.649998 3.520942
v 5.696571 32.649998 4.425408
v 3.928519 41.499996 4.992721
v 5.095185 41.499996 3.824714
v 5.095185 43.499996 3.824714
v 3.928519 43.499996 4.992721
v 5.750000 41.499996 -3.169143
v 5.095187 41.499996 -3.824709
v 5.095187 43.499996 -3.824709
v 5.750000 43.499996 -3.169143
v 3.928520 41.499996 -4.992716
v 3.274539 41.499996 -5.647449
v 3.274539 43.499996 -5.647449
v 3.928520 43.499996 -4.992716
v 3.419630 44.349995 5.997453
v 4.176148 44.349995 5.240066
v 4.176148 44.649998 5.240066
v 3.419630 44.649998 5.997453
v 7.500000 15.999999 1.946716
v 7.500000 12.999999 1.946716
v 8.000000 12.999999 1.946716
v 8.000000 15.999999 1.946716
v 1.792725 44.349995 5.997453
v 3.419630 44.349995 5.997453
v 3.419630 44.649998 5.997453
v 1.792725 44.649998 5.997453
v 6.100000 44.349995 3.314003
v 6.100000 44.349995 1.943248
v 6.100000 44.649998 1.943248
v 6.100000 44.649998 3.314003
v 4.176149 44.349995 -5.240062
v 3.419631 44.349995 -5.997449
v 3.419631 44.649998 -5.997449
v 4.176149 44.649998 -5.240062
v 6.100000 44.349995 -1.943244
v 6.100000 44.349995 -3.314001
v 6.100000 44.649998 -3.314001
v 6.100000 44.649998 -1.943244
v 1.542726 33.249561 -6.897118
v 1.542726 35.750122 -6.897199
v 1.542726 35.999996 -6.397450
v 1.542726 32.999996 -6.397450
v 5.448943 33.499996 -4.178060
v 4.282276 33.499996 -5.346067
v 4.282276 35.499996 -5.346066
v 5.448943 35.499996 -4.178060
v 5.448942 33.499996 4.178063
v 6.250000 33.499996 3.376085
v 6.250000 35.499996 3.376085
v 5.448942 35.499996 4.178063
v 7.100000 24.349998 -1.943245
v 7.100000 24.649998 -1.943245
v 7.600000 24.649998 -1.943245
v 7.600000 24.349998 -1.943245
v 6.100000 44.349995 -3.314001
v 5.342816 44.349995 -4.072054
v 5.342816 44.649998 -4.072054
v 6.100000 44.649998 -3.314001
v 4.176148 44.349995 5.240066
v 5.342814 44.349995 4.072059
v 5.342814 44.649998 4.072059
v 4.176148 44.649998 5.240066
v 1.542725 44.857105 6.497444
v 1.542725 44.142891 6.497441
v 1.542725 44.349995 5.997453
v 1.542725 44.649998 5.997453
v 5.625820 39.999996 4.354739
v 6.500000 39.999996 3.479555
v 6.500000 40.499996 3.479555
v 5.625820 40.499996 4.354739
v 6.000000 40.999996 -3.272613
v 6.000000 40.999996 -1.843244
v 6.500000 40.499996 -1.843244
v 6.500000 40.499996 -3.479552
v 6.500000 40.499996 1.843248
v 6.500000 39.999996 1.843248
v 7.000000 39.999996 1.843248
v 6.961940 40.691338 1.843248
v 4.918308 48.999996 -1.843244
v 3.751642 48.999996 -1.843244
v 3.751642 49.499996 -1.843244
v 4.918308 49.499996 -1.843244
v 1.542726 40.707088 -6.897415
v 1.542726 41.207092 -6.397424
v 1.542726 40.999996 -5.897450
v 1.542726 40.499996 -6.397450
v 3.378175 40.999996 5.897453
v 1.792725 40.999996 5.897453
v 1.792725 40.499996 6.397453
v 3.585450 40.499996 6.397453
v 5.272063 40.999996 4.001389
v 4.105397 40.999996 5.169396
v 4.459153 40.499996 5.522746
v 5.625820 40.499996 4.354739
v 6.000000 40.999996 3.272616
v 5.272063 40.999996 4.001389
v 5.625820 40.499996 4.354739
v 6.500000 40.499996 3.479555
v 4.105398 40.999996 -5.169392
v 5.272065 40.999996 -4.001384
v 5.625821 40.499996 -4.354735
v 4.459154 40.499996 -5.522742
v 3.378176 40.999996 -5.897449
v 4.105398 40.999996 -5.169392
v 4.459154 40.499996 -5.522742
v 3.585451 40.499996 -6.397449
v 4.105397 40.999996 5.169396
v 3.378175 40.999996 5.897453
v 3.585450 40.499996 6.397453
v 4.459153 40.499996 5.522746
v 5.272065 40.999996 -4.001384
v 6.000000 40.999996 -3.272613
v 6.500000 40.499996 -3.479552
v 5.625821 40.499996 -4.354735
v 6.000000 40.999996 1.843248
v 6.000000 40.999996 3.272616
v 6.500000 40.499996 3.479555
v 6.500000 40.499996 1.843248
v 1.792726 40.999996 -5.897450
v 3.378176 40.999996 -5.897449
v 3.585451 40.499996 -6.397449
v 1.792726 40.499996 -6.397450
v 1.542725 41.207092 6.397427
v 1.542725 40.707088 6.897418
v 1.542725 40.499996 6.397453
v 1.542725 40.999996 5.897453
v 3.585450 39.999996 6.397453
v 4.459153 39.999996 5.522746
v 4.459153 40.499996 5.522746
v 3.585450 40.499996 6.397453
v 2.292725 41.499996 5.647453
v 3.274538 41.499996 5.647453
v 3.274538 43.499996 5.647453
v 2.292725 43.499996 5.647453
v 6.500000 39.999996 3.479555
v 6.500000 39.999996 1.843248
v 6.500000 40.499996 1.843248
v 6.500000 40.499996 3.479555
v 6.500000 39.999996 -3.479552
v 5.625821 39.999996 -4.354735
v 5.625821 40.499996 -4.354735
v 6.500000 40.499996 -3.479552
v 5.095187 41.499996 -3.824709
v 3.928520 41.499996 -4.992716
v 3.928520 43.499996 -4.992716
v 5.095187 43.499996 -3.824709
v 6.500000 39.999996 -1.843245
v 6.500000 39.999996 -3.479552
v 6.500000 40.499996 -3.479552
v 6.500000 40.499996 -1.843244
v 3.585451 39.999996 -6.397449
v 1.792726 39.999996 -6.397450
v 1.792726 40.499996 -6.397450
v 3.585451 40.499996 -6.397449
v 1.542725 43.750008 6.397433
v 1.542725 41.207092 6.397427
v 1.542725 40.999996 5.897453
v 1.542725 43.999996 5.897453
v 5.342814 44.349995 4.072059
v 6.100000 44.349995 3.314003
v 6.100000 44.649998 3.314003
v 5.342814 44.649998 4.072059
v 5.750000 41.499996 3.169146
v 5.750000 41.499996 2.343247
v 5.750000 43.499996 2.343247
v 5.750000 43.499996 3.169146
v 1.542725 39.999996 6.897407
v 1.542725 37.249966 6.897392
v 1.542725 36.999996 6.397453
v 1.542725 39.999996 6.397453
v 4.459154 39.999996 -5.522742
v 3.585451 39.999996 -6.397449
v 3.585451 40.499996 -6.397449
v 4.459154 40.499996 -5.522742
v 7.500000 16.499998 1.946716
v 7.500000 15.999999 1.946716
v 8.000000 15.999999 1.946716
v 7.965689 16.682024 1.946716
v 6.600000 36.649998 1.943248
v 6.600000 36.349995 1.943247
v 7.100000 36.349995 1.943247
v 7.100000 36.649998 1.943248
v 7.000000 20.999998 -1.843245
v 7.000000 23.999998 -1.843245
v 7.500000 23.999998 -1.843245
v 7.500000 20.999998 -1.843245
v 3.274538 41.499996 5.647453
v 3.928519 41.499996 4.992721
v 3.928519 43.499996 4.992721
v 3.274538 43.499996 5.647453
v 5.095185 41.499996 3.824714
v 5.750000 41.499996 3.169146
v 5.750000 43.499996 3.169146
v 5.095185 43.499996 3.824714
v 4.459153 39.999996 5.522746
v 5.625820 39.999996 4.354739
v 5.625820 40.499996 4.354739
v 4.459153 40.499996 5.522746
v 1.792725 39.999996 6.397453
v 3.585450 39.999996 6.397453
v 3.585450 40.499996 6.397453
v 1.792725 40.499996 6.397453
v 1.542726 41.207092 -6.397424
v 1.542726 43.750008 -6.397430
v 1.542726 43.999996 -5.897450
v 1.542726 40.999996 -5.897450
v 5.625821 39.999996 -4.354735
v 4.459154 39.999996 -5.522742
v 4.459154 40.499996 -5.522742
v 5.625821 40.499996 -4.354735
v 1.542726 39.999996 -6.897404
v 1.542726 40.707088 -6.897415
v 1.542726 40.499996 -6.397450
v 1.542726 39.999996 -6.397450
v 5.750000 41.499996 -2.343244
v 5.750000 41.499996 -3.169143
v 5.750000 43.499996 -3.169143
v 5.750000 43.499996 -2.343244
v 3.274539 41.499996 -5.647449
v 2.292726 41.499996 -5.647450
v 2.292726 43.499996 -5.647450
v 3.274539 43.499996 -5.647449
v 6.600000 36.349995 3.520942
v 6.600000 36.349995 1.943247
v 6.600000 36.649998 1.943248
v 6.600000 36.649998 3.520942
v 6.600000 36.349995 -1.943245
v 6.600000 36.349995 -3.520940
v 6.600000 36.649998 -3.520940
v 6.600000 36.649998 -1.943245
v 3.626906 36.349995 -6.497449
v 1.792726 36.349995 -6.497450
v 1.792726 36.649998 -6.497450
v 3.626906 36.649998 -6.497449
v 4.529904 36.349995 5.593416
v 5.696571 36.349995 4.425409
v 5.696571 36.649998 4.425409
v 4.529904 36.649998 5.593416
v 5.696571 36.349995 4.425409
v 6.600000 36.349995 3.520942
v 6.600000 36.649998 3.520942
v 5.696571 36.649998 4.425409
v 5.696572 36.349995 -4.425405
v 4.529905 36.349995 -5.593412
v 4.529905 36.649998 -5.593412
v 5.696572 36.649998 -4.425405
v 3.751642 48.999996 1.843248
v 4.918307 48.999996 1.843248
v 4.918307 49.499996 1.843248
v 3.751642 49.499996 1.843248
v 4.529905 36.349995 -5.593412
v 3.626906 36.349995 -6.497449
v 3.626906 36.649998 -6.497449
v 4.529905 36.649998 -5.593412
v 3.626905 36.349995 6.497453
v 4.529904 36.349995 5.593416
v 4.529904 36.649998 5.593416
v 3.626905 36.649998 6.497453
v 1.542725 36.857063 6.997345
v 1.542725 36.142944 6.997310
v 1.542725 36.349995 6.497453
v 1.542725 36.649998 6.497453
v 1.542726 36.857063 -6.997342
v 1.542726 36.957073 -6.897369
v 1.542726 36.749996 -6.397450
v 1.542726 36.649998 -6.497450
v 6.500000 36.999996 -1.843245
v 6.500000 39.999996 -1.843245
v 7.000000 39.999996 -1.843245
v 7.000000 36.999996 -1.843245
v 6.600000 36.349995 -3.520940
v 5.696572 36.349995 -4.425405
v 5.696572 36.649998 -4.425405
v 6.600000 36.649998 -3.520940
v 1.792725 36.349995 6.497453
v 3.626905 36.349995 6.497453
v 3.626905 36.649998 6.497453
v 1.792725 36.649998 6.497453
v 3.251642 48.899998 2.343248
v 3.397883 48.899998 4.462690
v 4.564552 48.899998 3.294680
v 4.918307 48.899998 2.343248
v 4.105398 47.999996 -5.169392
v 3.378176 47.999996 -5.897449
v 3.378176 48.499996 -5.897449
v 4.105398 48.499996 -5.169392
v 1.542725 48.707104 6.397449
v 1.542725 47.999996 6.397449
v 1.542725 47.999996 5.897453
v 1.542725 48.499996 5.897453
v 4.918307 48.899998 2.343248
v 4.564552 48.899998 3.294680
v 5.000000 48.899998 2.858737
v 5.000000 48.899998 2.343248
v 4.105397 47.999996 5.169396
v 5.272063 47.999996 4.001389
v 5.272063 48.499996 4.001389
v 4.105397 48.499996 5.169396
v 5.272065 47.999996 -4.001384
v 4.105398 47.999996 -5.169392
v 4.105398 48.499996 -5.169392
v 5.272065 48.499996 -4.001384
v 7.600000 12.649999 2.046716
v 7.600000 12.349999 2.046716
v 8.100000 12.349999 2.046716
v 8.100000 12.649999 2.046716
v 1.792725 47.999996 5.897453
v 3.378175 47.999996 5.897453
v 3.378175 48.499996 5.897453
v 1.792725 48.499996 5.897453
v 7.000000 24.999998 -1.843245
v 7.000000 27.999998 -1.843245
v 7.500000 27.999998 -1.843245
v 7.500000 24.999998 -1.843245
v 6.000000 44.999996 -1.843244
v 6.000000 47.999996 -1.843244
v 6.500000 47.999996 -1.843244
v 6.500000 44.999996 -1.843244
v 3.397885 48.899998 -4.462690
v 3.251642 48.899998 -2.343244
v 4.918308 48.899998 -2.343244
v 4.564553 48.899998 -3.294683
v 7.500000 11.999999 1.946716
v 7.500000 8.999999 1.946716
v 8.000000 8.999999 1.946716
v 8.000000 11.999999 1.946716
v 5.095187 45.499996 -3.824709
v 3.928520 45.499996 -4.992716
v 3.928520 47.499996 -4.992716
v 5.095187 47.499996 -3.824709
v 5.095185 45.499996 3.824714
v 5.750000 45.499996 3.169147
v 5.750000 47.499996 3.169147
v 5.095185 47.499996 3.824714
v 1.542726 45.249992 -6.397445
v 1.542726 47.999996 -6.397446
v 1.542726 47.999996 -5.897450
v 1.542726 44.999996 -5.897450
v 6.500000 28.999998 -1.843245
v 6.500000 31.999998 -1.843245
v 7.000000 31.999998 -1.843245
v 6.961940 29.191339 -1.843245
v 3.378176 47.999996 -5.897449
v 1.792726 47.999996 -5.897450
v 1.792726 48.499996 -5.897450
v 3.378176 48.499996 -5.897449
v 6.000000 47.999996 3.272616
v 6.000000 47.999996 1.843248
v 6.000000 48.499996 1.843248
v 6.000000 48.499996 3.272616
v 7.000000 27.999998 -1.843245
v 7.000000 28.499998 -1.843245
v 7.461940 28.691339 -1.843245
v 7.500000 27.999998 -1.843245
v 1.542726 47.999996 -6.397446
v 1.542726 48.707104 -6.397447
v 1.542726 48.499996 -5.897450
v 1.542726 47.999996 -5.897450
v 3.378175 47.999996 5.897453
v 4.105397 47.999996 5.169396
v 4.105397 48.499996 5.169396
v 3.378175 48.499996 5.897453
v 4.564553 48.899998 -3.294683
v 4.918308 48.899998 -2.343244
v 5.000000 48.899998 -2.343244
v 5.000000 48.899998 -2.858735
v 5.272063 47.999996 4.001389
v 6.000000 47.999996 3.272616
v 6.000000 48.499996 3.272616
v 5.272063 48.499996 4.001389
v 7.600000 8.649999 2.046716
v 7.600000 8.349999 2.046716
v 8.100000 8.349999 2.046716
v 8.100000 8.649999 2.046716
v 6.000000 47.999996 -3.272613
v 5.272065 47.999996 -4.001384
v 5.272065 48.499996 -4.001384
v 6.000000 48.499996 -3.272613
v 6.000000 47.999996 -1.843244
v 6.000000 47.999996 -3.272613
v 6.000000 48.499996 -3.272613
v 6.000000 48.499996 -1.843244
v 3.481812 37.499996 6.147453
v 4.282275 37.499996 5.346071
v 4.282275 39.499996 5.346071
v 3.481812 39.499996 6.147453
v 1.542726 37.249966 -6.897389
v 1.542726 39.999996 -6.897404
v 1.542726 39.999996 -6.397450
v 1.542726 36.999996 -6.397450
v 6.500000 35.999996 1.843247
v 6.500000 32.999996 1.843247
v 7.000000 32.999996 1.843247
v 7.000000 35.999996 1.843247
v 6.250000 37.499996 -3.376083
v 5.448943 37.499996 -4.178060
v 5.448943 39.499996 -4.178060
v 6.250000 39.499996 -3.376082
v 2.292725 37.499996 6.147453
v 3.481812 37.499996 6.147453
v 3.481812 39.499996 6.147453
v 2.292725 39.499996 6.147453
v 6.250000 37.499996 3.376085
v 6.250000 37.499996 2.343247
v 6.250000 39.499996 2.343247
v 6.250000 39.499996 3.376086
v 6.250000 37.499996 -2.343245
v 6.250000 37.499996 -3.376083
v 6.250000 39.499996 -3.376082
v 6.250000 39.499996 -2.343244
v 3.481813 37.499996 -6.147449
v 2.292726 37.499996 -6.147450
v 2.292726 39.499996 -6.147450
v 3.481813 39.499996 -6.147449
v 4.282275 37.499996 5.346071
v 5.448942 37.499996 4.178063
v 5.448942 39.499996 4.178063
v 4.282275 39.499996 5.346071
v 5.448942 37.499996 4.178063
v 6.250000 37.499996 3.376085
v 6.250000 39.499996 3.376086
v 5.448942 39.499996 4.178063
v 0.000000 39.999996 7.397452
v 1.042708 39.999996 7.397453
v 1.042712 40.914211 7.397453
v 0.000000 40.914207 7.397453
v 5.448943 37.499996 -4.178060
v 4.282276 37.499996 -5.346066
v 4.282276 39.499996 -5.346066
v 5.448943 39.499996 -4.178060
v 6.000000 48.499996 -1.843244
v 5.500000 48.999996 -1.843244
v 5.691342 49.461937 -1.843244
v 6.461940 48.691338 -1.843244
v 4.282276 37.499996 -5.346066
v 3.481813 37.499996 -6.147449
v 3.481813 39.499996 -6.147449
v 4.282276 39.499996 -5.346066
v 5.750000 45.499996 -3.169143
v 5.750000 47.499996 -3.169143
v 3.928519 45.499996 4.992721
v 5.095185 45.499996 3.824714
v 5.095185 47.499996 3.824714
v 3.928519 47.499996 4.992721
v 3.274539 45.499996 -5.647449
v 2.292726 45.499996 -5.647450
v 2.292726 47.499996 -5.647450
v 3.274539 47.499996 -5.647449
v 5.750000 45.499996 3.169147
v 5.750000 45.499996 2.343248
v 5.750000 47.499996 2.343248
v 5.750000 47.499996 3.169147
v 3.274538 45.499996 5.647453
v 3.928519 45.499996 4.992721
v 3.928519 47.499996 4.992721
v 3.274538 47.499996 5.647453
v 5.750000 45.499996 -2.343244
v 5.750000 45.499996 -3.169143
v 5.750000 47.499996 -3.169143
v 5.750000 47.499996 -2.343244
v 2.292725 45.499996 5.647453
v 3.274538 45.499996 5.647453
v 3.274538 47.499996 5.647453
v 2.292725 47.499996 5.647453
v 3.928520 45.499996 -4.992716
v 3.274539 45.499996 -5.647449
v 3.274539 47.499996 -5.647449
v 3.928520 47.499996 -4.992716
v 3.751642 48.999996 -1.843244
v 3.751642 48.999996 0.000002
v 3.751642 49.499996 0.000002
v 3.751642 49.499996 -1.843244
v 1.542725 45.249992 6.397448
v 1.542725 44.957104 6.397446
v 1.542725 44.749996 5.897453
v 1.542725 44.999996 5.897453
v 3.419631 44.349995 -5.997449
v 1.792726 44.349995 -5.997450
v 1.792726 44.649998 -5.997450
v 3.419631 44.649998 -5.997449
v 1.542726 44.142891 -6.497438
v 1.542726 44.857105 -6.497441
v 1.542726 44.649998 -5.997450
v 1.542726 44.349995 -5.997450
v 6.000000 43.999996 1.843248
v 6.000000 40.999996 1.843248
v 6.461940 41.191338 1.843248
v 6.500000 43.999996 1.843248
v 5.342816 44.349995 -4.072054
v 4.176149 44.349995 -5.240062
v 4.176149 44.649998 -5.240062
v 5.342816 44.649998 -4.072054
v 1.542725 49.499992 5.604559
v 1.542725 48.707104 6.397449
v 1.542725 48.499996 5.897453
v 1.542725 48.999996 5.397453
v 5.500000 48.999996 1.843248
v 5.500000 48.999996 3.065677
v 6.000000 48.499996 3.272616
v 6.000000 48.499996 1.843248
v 4.918310 48.999996 -3.648033
v 5.500000 48.999996 -3.065674
v 6.000000 48.499996 -3.272613
v 5.272065 48.499996 -4.001384
v 5.500000 48.999996 3.065677
v 4.918307 48.999996 3.648031
v 5.272063 48.499996 4.001389
v 6.000000 48.499996 3.272616
v 3.170901 48.999996 5.397454
v 1.792725 48.999996 5.397453
v 1.792725 48.499996 5.897453
v 3.378175 48.499996 5.897453
v 5.500000 48.999996 -3.065674
v 5.500000 48.999996 -1.843244
v 6.000000 48.499996 -1.843244
v 6.000000 48.499996 -3.272613
v 6.500000 31.999998 1.843247
v 6.500000 28.999998 1.843247
v 6.961940 29.191339 1.843247
v 7.000000 31.999998 1.843247
v 3.751642 48.999996 -4.816041
v 4.918310 48.999996 -3.648033
v 5.272065 48.499996 -4.001384
v 4.105398 48.499996 -5.169392
v 3.170901 48.999996 -5.397449
v 3.751642 48.999996 -4.816041
v 4.105398 48.499996 -5.169392
v 3.378176 48.499996 -5.897449
v 1.792726 48.999996 -5.397449
v 3.170901 48.999996 -5.397449
v 3.378176 48.499996 -5.897449
v 1.792726 48.499996 -5.897450
v 3.751640 48.999996 4.816039
v 3.170901 48.999996 5.397454
v 3.378175 48.499996 5.897453
v 4.105397 48.499996 5.169396
v 4.918307 48.999996 3.648031
v 3.751640 48.999996 4.816039
v 4.105397 48.499996 5.169396
v 5.272063 48.499996 4.001389
v 1.542726 48.707104 -6.397447
v 1.542726 49.499992 -5.604555
v 1.542726 48.999996 -5.397449
v 1.542726 48.499996 -5.897450
v 0.000000 48.899998 -4.897450
v 0.000000 48.899998 4.897453
v 1.792725 48.899998 4.897453
v 1.792726 48.899998 -4.897449
v 2.292726 29.499998 -6.147450
v 3.481813 29.499998 -6.147450
v 3.585451 28.999998 -6.397450
v 1.792726 28.999998 -6.397450
v 6.250000 29.499998 2.343247
v 6.250000 29.499998 3.376085
v 6.500000 28.999998 3.479554
v 6.500000 28.999998 1.843247
v 5.448943 29.499998 -4.178060
v 6.250000 29.499998 -3.376083
v 6.500000 28.999998 -3.479552
v 5.625821 28.999998 -4.354735
v 4.282275 29.499998 5.346070
v 3.481812 29.499998 6.147453
v 3.585450 28.999998 6.397453
v 4.459153 28.999998 5.522746
v 3.481813 29.499998 -6.147450
v 4.282276 29.499998 -5.346067
v 4.459154 28.999998 -5.522742
v 3.585451 28.999998 -6.397450
v 4.282276 29.499998 -5.346067
v 5.448943 29.499998 -4.178060
v 5.625821 28.999998 -4.354735
v 4.459154 28.999998 -5.522742
v 6.250000 29.499998 3.376085
v 5.448942 29.499998 4.178063
v 5.625820 28.999998 4.354738
v 6.500000 28.999998 3.479554
v 5.448942 29.499998 4.178063
v 4.282275 29.499998 5.346070
v 4.459153 28.999998 5.522746
v 5.625820 28.999998 4.354738
v 3.481812 29.499998 6.147453
v 2.292725 29.499998 6.147452
v 1.792725 28.999998 6.397452
v 3.585450 28.999998 6.397453
v 6.250000 29.499998 -2.343245
v 6.250000 31.499998 -2.343245
v 6.500000 31.999998 -1.843245
v 6.500000 28.999998 -1.843245
v 6.250000 31.499998 2.343247
v 6.250000 29.499998 2.343247
v 6.500000 28.999998 1.843247
v 6.500000 31.999998 1.843247
v 2.292725 29.499998 6.147452
v 2.292725 31.499998 6.147452
v 1.792725 31.999998 6.397452
v 1.792725 28.999998 6.397452
v 6.250000 29.499998 -3.376083
v 6.250000 29.499998 -2.343245
v 6.500000 28.999998 -1.843245
v 6.500000 28.999998 -3.479552
v 2.292726 31.499998 -6.147450
v 2.292726 29.499998 -6.147450
v 1.792726 28.999998 -6.397450
v 1.792726 31.999998 -6.397450
v 3.514410 31.684288 -6.226082
v 2.382168 31.678883 -6.236893
v 2.239939 31.821114 -6.308008
v 3.552854 31.815708 -6.318818
v 6.328663 31.684273 3.408642
v 6.339443 31.678883 2.432690
v 6.410557 31.821114 2.290461
v 6.421337 31.815723 3.446998
v 6.328663 31.684273 -3.408639
v 5.512225 31.678885 -4.241269
v 5.562539 31.821114 -4.291526
v 6.421338 31.815723 -3.446995
v 3.514409 31.684288 6.226085
v 4.345557 31.678885 5.409279
v 4.395871 31.821114 5.459537
v 3.552853 31.815708 6.318820
v 4.345558 31.678883 -5.409276
v 3.514410 31.684288 -6.226082
v 3.552854 31.815708 -6.318818
v 4.395872 31.821114 -5.459533
v 5.512225 31.678885 -4.241269
v 4.345558 31.678883 -5.409276
v 4.395872 31.821114 -5.459533
v 5.562539 31.821114 -4.291526
v 5.512224 31.678885 4.241272
v 6.328663 31.684273 3.408642
v 6.421337 31.815723 3.446998
v 5.562538 31.821112 4.291529
v 4.345557 31.678885 5.409279
v 5.512224 31.678885 4.241272
v 5.562538 31.821112 4.291529
v 4.395871 31.821114 5.459537
v 2.382168 31.678883 6.236895
v 3.514409 31.684288 6.226085
v 3.552853 31.815708 6.318820
v 2.239938 31.821112 6.308010
v 6.339443 31.678883 -2.432687
v 6.328663 31.684273 -3.408639
v 6.421338 31.815723 -3.446995
v 6.410557 31.821112 -2.290458
v 2.292726 33.499996 -6.147450
v 3.481813 33.499996 -6.147450
v 3.585451 32.999996 -6.397450
v 1.792726 32.999996 -6.397450
v 6.250000 33.499996 2.343247
v 6.250000 33.499996 3.376085
v 6.500000 32.999996 3.479555
v 6.500000 32.999996 1.843247
v 5.448943 33.499996 -4.178060
v 6.250000 33.499996 -3.376083
v 6.500000 32.999996 -3.479552
v 5.625821 32.999996 -4.354735
v 4.282275 33.499996 5.346070
v 3.481812 33.499996 6.147453
v 3.585450 32.999996 6.397453
v 4.459153 32.999996 5.522746
v 3.481813 33.499996 -6.147450
v 4.282276 33.499996 -5.346067
v 4.459154 32.999996 -5.522742
v 3.585451 32.999996 -6.397450
v 4.282276 33.499996 -5.346067
v 5.448943 33.499996 -4.178060
v 5.625821 32.999996 -4.354735
v 4.459154 32.999996 -5.522742
v 6.250000 33.499996 3.376085
v 5.448942 33.499996 4.178063
v 5.625820 32.999996 4.354738
v 6.500000 32.999996 3.479555
v 5.448942 33.499996 4.178063
v 4.282275 33.499996 5.346070
v 4.459153 32.999996 5.522746
v 5.625820 32.999996 4.354738
v 6.250000 35.499996 2.343247
v 6.250000 33.499996 2.343247
v 6.500000 32.999996 1.843247
v 6.500000 35.999996 1.843247
v 3.481812 33.499996 6.147453
v 2.292725 33.499996 6.147452
v 1.792725 32.999996 6.397452
v 3.585450 32.999996 6.397453
v 2.292725 33.499996 6.147452
v 2.292725 35.499996 6.147453
v 1.792725 35.999996 6.397453
v 1.792725 32.999996 6.397452
v 6.250000 33.499996 -2.343245
v 6.250000 35.499996 -2.343245
v 6.500000 35.999996 -1.843245
v 6.500000 32.999996 -1.843245
v 6.250000 33.499996 -3.376083
v 6.250000 33.499996 -2.343245
v 6.500000 32.999996 -1.843245
v 6.500000 32.999996 -3.479552
v 2.292726 35.499996 -6.147450
v 2.292726 33.499996 -6.147450
v 1.792726 32.999996 -6.397450
v 1.792726 35.999996 -6.397450
v 3.514410 35.684288 -6.226082
v 2.382168 35.678883 -6.236893
v 2.239939 35.821110 -6.308007
v 3.552854 35.815704 -6.318817
v 6.328663 35.684273 3.408642
v 6.339443 35.678883 2.432690
v 6.410557 35.821110 2.290461
v 6.421337 35.815720 3.446998
v 6.328663 35.684273 -3.408639
v 5.512225 35.678883 -4.241269
v 5.562539 35.821110 -4.291526
v 6.421338 35.815720 -3.446995
v 3.514409 35.684288 6.226086
v 4.345557 35.678883 5.409280
v 4.395871 35.821110 5.459537
v 3.552853 35.815704 6.318821
v 4.345558 35.678883 -5.409276
v 3.514410 35.684288 -6.226082
v 3.552854 35.815704 -6.318817
v 4.395872 35.821110 -5.459533
v 5.512225 35.678883 -4.241269
v 4.345558 35.678883 -5.409276
v 4.395872 35.821110 -5.459533
v 5.562539 35.821110 -4.291526
v 5.512224 35.678883 4.241272
v 6.328663 35.684273 3.408642
v 6.421337 35.815720 3.446998
v 5.562538 35.821110 4.291530
v 4.345557 35.678883 5.409280
v 5.512224 35.678883 4.241272
v 5.562538 35.821110 4.291530
v 4.395871 35.821110 5.459537
v 2.382168 35.678883 6.236896
v 3.514409 35.684288 6.226086
v 3.552853 35.815704 6.318821
v 2.239938 35.821110 6.308010
v 2.292725 41.499996 5.647453
v 2.292725 43.499996 5.647453
v 1.792725 43.999996 5.897453
v 1.792725 40.999996 5.897453
v 6.339443 35.678883 -2.432687
v 6.328663 35.684273 -3.408639
v 6.421338 35.815720 -3.446995
v 6.410557 35.821110 -2.290458
v 5.750000 43.499996 2.343247
v 5.750000 41.499996 2.343247
v 6.000000 40.999996 1.843248
v 6.000000 43.999996 1.843248
v 5.750000 41.499996 -3.169143
v 5.750000 41.499996 -2.343244
v 6.000000 40.999996 -1.843244
v 6.000000 40.999996 -3.272613
v 3.514410 39.684288 -6.226082
v 2.382168 39.678883 -6.236893
v 2.239939 39.821110 -6.308007
v 3.552854 39.815704 -6.318817
v 3.274538 41.499996 5.647453
v 2.292725 41.499996 5.647453
v 1.792725 40.999996 5.897453
v 3.378175 40.999996 5.897453
v 5.095185 41.499996 3.824714
v 3.928519 41.499996 4.992721
v 4.105397 40.999996 5.169396
v 5.272063 40.999996 4.001389
v 5.750000 41.499996 3.169146
v 5.095185 41.499996 3.824714
v 5.272063 40.999996 4.001389
v 6.000000 40.999996 3.272616
v 3.928520 41.499996 -4.992716
v 5.095187 41.499996 -3.824709
v 5.272065 40.999996 -4.001384
v 4.105398 40.999996 -5.169392
v 3.274539 41.499996 -5.647449
v 3.928520 41.499996 -4.992716
v 4.105398 40.999996 -5.169392
v 3.378176 40.999996 -5.897449
v 3.928519 41.499996 4.992721
v 3.274538 41.499996 5.647453
v 3.378175 40.999996 5.897453
v 4.105397 40.999996 5.169396
v 5.095187 41.499996 -3.824709
v 5.750000 41.499996 -3.169143
v 6.000000 40.999996 -3.272613
v 5.272065 40.999996 -4.001384
v 5.750000 41.499996 2.343247
v 5.750000 41.499996 3.169146
v 6.000000 40.999996 3.272616
v 6.000000 40.999996 1.843248
v 2.292726 41.499996 -5.647450
v 3.274539 41.499996 -5.647449
v 3.378176 40.999996 -5.897449
v 1.792726 40.999996 -5.897450
v 3.991800 43.678883 5.055930
v 5.158467 43.678883 3.887923
v 5.208781 43.821110 3.938179
v 4.042115 43.821110 5.106187
v 3.307135 43.684288 5.726086
v 3.991800 43.678883 5.055930
v 4.042115 43.821110 5.106187
v 3.345578 43.815704 5.818821
v 2.292726 43.499996 -5.647450
v 2.292726 41.499996 -5.647450
v 1.792726 40.999996 -5.897450
v 1.792726 43.999996 -5.897450
v 5.750000 41.499996 -2.343244
v 5.750000 43.499996 -2.343244
v 6.000000 43.999996 -1.843244
v 6.000000 40.999996 -1.843244
v 3.307136 43.684288 -5.726082
v 2.382168 43.678883 -5.736893
v 2.239939 43.821110 -5.808007
v 3.345579 43.815704 -5.818817
v 3.991802 43.678883 -5.055925
v 3.307136 43.684288 -5.726082
v 3.345579 43.815704 -5.818817
v 4.042116 43.821110 -5.106183
v 5.158469 43.678883 -3.887919
v 3.991802 43.678883 -5.055925
v 4.042116 43.821110 -5.106183
v 5.208783 43.821110 -3.938175
v 6.339443 39.678883 -2.432687
v 6.328663 39.684273 -3.408639
v 6.421338 39.815720 -3.446995
v 6.410557 39.821110 -2.290458
v 5.839443 43.678883 -2.432687
v 5.828663 43.684273 -3.201700
v 5.921338 43.815720 -3.240056
v 5.910557 43.821110 -2.290458
v 2.382168 43.678883 5.736896
v 3.307135 43.684288 5.726086
v 3.345578 43.815704 5.818821
v 2.239938 43.821110 5.808010
v 5.158467 43.678883 3.887923
v 5.828663 43.684273 3.201703
v 5.921337 43.815720 3.240059
v 5.208781 43.821110 3.938179
v 5.828663 43.684273 -3.201700
v 5.158469 43.678883 -3.887919
v 5.208783 43.821110 -3.938175
v 5.921338 43.815720 -3.240056
v 5.828663 43.684273 3.201703
v 5.839443 43.678883 2.432690
v 5.910557 43.821110 2.290461
v 5.921337 43.815720 3.240059
v 2.382168 39.678883 6.236896
v 3.514409 39.684288 6.226086
v 3.552853 39.815704 6.318821
v 2.239938 39.821110 6.308010
v 4.345557 39.678883 5.409280
v 5.512224 39.678883 4.241272
v 5.562538 39.821110 4.291530
v 4.395871 39.821110 5.459537
v 5.512224 39.678883 4.241272
v 6.328663 39.684273 3.408642
v 6.421337 39.815720 3.446998
v 5.562538 39.821110 4.291530
v 5.512225 39.678883 -4.241269
v 4.345558 39.678883 -5.409276
v 4.395872 39.821110 -5.459533
v 5.562539 39.821110 -4.291526
v 4.345558 39.678883 -5.409276
v 3.514410 39.684288 -6.226082
v 3.552854 39.815704 -6.318817
v 4.395872 39.821110 -5.459533
v 3.514409 39.684288 6.226086
v 4.345557 39.678883 5.409280
v 4.395871 39.821110 5.459537
v 3.552853 39.815704 6.318821
v 6.328663 39.684273 -3.408639
v 5.512225 39.678883 -4.241269
v 5.562539 39.821110 -4.291526
v 6.421338 39.815720 -3.446995
v 6.328663 39.684273 3.408642
v 6.339443 39.678883 2.432690
v 6.410557 39.821110 2.290461
v 6.421337 39.815720 3.446998
v 2.292726 37.499996 -6.147450
v 3.481813 37.499996 -6.147449
v 3.585451 36.999996 -6.397449
v 1.792726 36.999996 -6.397450
v 6.250000 37.499996 2.343247
v 6.250000 37.499996 3.376085
v 6.500000 36.999996 3.479555
v 6.500000 36.999996 1.843248
v 5.448943 37.499996 -4.178060
v 6.250000 37.499996 -3.376083
v 6.500000 36.999996 -3.479552
v 5.625821 36.999996 -4.354735
v 4.282275 37.499996 5.346071
v 3.481812 37.499996 6.147453
v 3.585450 36.999996 6.397453
v 4.459153 36.999996 5.522746
v 3.481813 37.499996 -6.147449
v 4.282276 37.499996 -5.346066
v 4.459154 36.999996 -5.522742
v 3.585451 36.999996 -6.397449
v 4.282276 37.499996 -5.346066
v 5.448943 37.499996 -4.178060
v 5.625821 36.999996 -4.354735
v 4.459154 36.999996 -5.522742
v 6.250000 37.499996 3.376085
v 5.448942 37.499996 4.178063
v 5.625820 36.999996 4.354739
v 6.500000 36.999996 3.479555
v 5.448942 37.499996 4.178063
v 4.282275 37.499996 5.346071
v 4.459153 36.999996 5.522746
v 5.625820 36.999996 4.354739
v 3.481812 37.499996 6.147453
v 2.292725 37.499996 6.147453
v 1.792725 36.999996 6.397453
v 3.585450 36.999996 6.397453
v 6.250000 37.499996 -3.376083
v 6.250000 37.499996 -2.343245
v 6.500000 36.999996 -1.843245
v 6.500000 36.999996 -3.479552
v 2.292726 39.499996 -6.147450
v 2.292726 37.499996 -6.147450
v 1.792726 36.999996 -6.397450
v 1.792726 39.999996 -6.397450
v 3.991800 47.678883 5.055930
v 5.158467 47.678883 3.887923
v 5.208781 47.821110 3.938180
v 4.042115 47.821110 5.106187
v 3.307135 47.684288 5.726086
v 3.991800 47.678883 5.055930
v 4.042115 47.821110 5.106187
v 3.345578 47.815704 5.818821
v 3.307136 47.684288 -5.726082
v 2.382168 47.678883 -5.736893
v 2.239939 47.821110 -5.808007
v 3.345579 47.815704 -5.818817
v 3.991802 47.678883 -5.055925
v 3.307136 47.684288 -5.726082
v 3.345579 47.815704 -5.818817
v 4.042116 47.821110 -5.106183
v 5.158469 47.678883 -3.887918
v 3.991802 47.678883 -5.055925
v 4.042116 47.821110 -5.106183
v 5.208783 47.821110 -3.938175
v 5.839443 47.678883 -2.432687
v 5.828663 47.684273 -3.201700
v 5.921338 47.815720 -3.240056
v 5.910557 47.821110 -2.290458
v 2.382168 47.678883 5.736896
v 3.307135 47.684288 5.726086
v 3.345578 47.815704 5.818821
v 2.239938 47.821110 5.808010
v 5.158467 47.678883 3.887923
v 5.828663 47.684273 3.201703
v 5.921337 47.815720 3.240059
v 5.208781 47.821110 3.938180
v 5.828663 47.684273 -3.201700
v 5.158469 47.678883 -3.887918
v 5.208783 47.821110 -3.938175
v 5.921338 47.815720 -3.240056
v 5.828663 47.684273 3.201703
v 5.839443 47.678883 2.432690
v 5.910557 47.821110 2.290461
v 5.921337 47.815720 3.240059
v 6.250000 39.499996 2.343247
v 6.250000 37.499996 2.343247
v 6.500000 36.999996 1.843248
v 6.500000 39.999996 1.843248
v 2.292725 37.499996 6.147453
v 2.292725 39.499996 6.147453
v 1.792725 39.999996 6.397453
v 1.792725 36.999996 6.397453
v 6.250000 37.499996 -2.343245
v 6.250000 39.499996 -2.343244
v 6.500000 39.999996 -1.843245
v 6.500000 36.999996 -1.843245
v 5.750000 45.499996 2.343248
v 5.750000 45.499996 3.169147
v 6.000000 44.999996 3.272616
v 6.000000 44.999996 1.843248
v 5.095187 45.499996 -3.824709
v 5.750000 45.499996 -3.169143
v 6.000000 44.999996 -3.272613
v 5.272065 44.999996 -4.001384
v 5.750000 45.499996 3.169147
v 5.095185 45.499996 3.824714
v 5.272063 44.999996 4.001389
v 6.000000 44.999996 3.272616
v 2.292726 47.499996 -5.647450
v 2.292726 45.499996 -5.647450
v 1.792726 44.999996 -5.897450
v 1.792726 47.999996 -5.897450
v 5.750000 47.499996 2.343248
v 5.750000 45.499996 2.343248
v 6.000000 44.999996 1.843248
v 6.000000 47.999996 1.843248
v 3.274538 45.499996 5.647453
v 2.292725 45.499996 5.647453
v 1.792725 44.999996 5.897453
v 3.378175 44.999996 5.897453
v 5.750000 45.499996 -3.169143
v 5.750000 45.499996 -2.343244
v 6.000000 44.999996 -1.843244
v 6.000000 44.999996 -3.272613
v 3.928520 45.499996 -4.992716
v 5.095187 45.499996 -3.824709
v 5.272065 44.999996 -4.001384
v 4.105398 44.999996 -5.169392
v 3.274539 45.499996 -5.647449
v 3.928520 45.499996 -4.992716
v 4.105398 44.999996 -5.169392
v 3.378176 44.999996 -5.897449
v 2.292726 45.499996 -5.647450
v 3.274539 45.499996 -5.647449
v 3.378176 44.999996 -5.897449
v 1.792726 44.999996 -5.897450
v 5.750000 45.499996 -2.343244
v 5.750000 47.499996 -2.343244
v 6.000000 47.999996 -1.843244
v 6.000000 44.999996 -1.843244
v 3.928519 45.499996 4.992721
v 3.274538 45.499996 5.647453
v 3.378175 44.999996 5.897453
v 4.105397 44.999996 5.169396
v 5.095185 45.499996 3.824714
v 3.928519 45.499996 4.992721
v 4.105397 44.999996 5.169396
v 5.272063 44.999996 4.001389
v 2.292725 45.499996 5.647453
v 2.292725 47.499996 5.647453
v 1.792725 47.999996 5.897453
v 1.792725 44.999996 5.897453
v 3.967403 7.815709 -7.318818
v 2.447214 7.821115 -7.308008
v 2.000000 8.000000 -7.397451
v 4.000000 8.000000 -7.397450
v 7.421337 7.815724 3.860874
v 7.410557 7.821114 2.393929
v 7.500000 8.000000 1.946716
v 7.500000 8.000000 3.893431
v 7.421338 7.815724 -3.860873
v 6.270052 7.821114 -4.998228
v 6.333334 8.000000 -5.061437
v 7.500000 8.000000 -3.893430
v 3.967402 7.815708 7.318820
v 5.103384 7.821114 6.166236
v 5.166666 8.000000 6.229445
v 4.000000 7.999999 7.397452
v 3.967403 11.815708 -7.318818
v 2.447214 11.821114 -7.308008
v 2.000000 11.999999 -7.397451
v 4.000000 11.999999 -7.397450
v 7.421337 11.815723 3.860875
v 7.410557 11.821114 2.393930
v 7.500000 11.999999 1.946716
v 7.500000 11.999999 3.893431
v 7.421338 11.815723 -3.860873
v 6.270052 11.821114 -4.998228
v 6.333334 11.999999 -5.061437
v 7.500000 11.999999 -3.893430
v 3.967402 11.815708 7.318820
v 5.103384 11.821114 6.166236
v 5.166666 11.999999 6.229445
v 4.000000 11.999999 7.397452
v 3.967403 15.815708 -7.318818
v 2.447214 15.821114 -7.308008
v 2.000000 15.999999 -7.397451
v 4.000000 15.999999 -7.397450
v 7.421337 15.815723 3.860875
v 7.410557 15.821114 2.393930
v 7.500000 15.999999 1.946716
v 7.500000 15.999999 3.893431
v 7.421338 15.815723 -3.860873
v 6.270052 15.821114 -4.998228
v 6.333334 15.999999 -5.061437
v 7.500000 15.999999 -3.893430
v 3.967403 15.815708 7.318820
v 5.103384 15.821114 6.166236
v 5.166667 15.999999 6.229445
v 4.000000 15.999999 7.397452
v 5.103385 7.821114 -6.166234
v 3.967403 7.815709 -7.318818
v 4.000000 8.000000 -7.397450
v 5.166667 8.000000 -6.229444
v 6.270052 7.821114 -4.998228
v 5.103385 7.821114 -6.166234
v 5.166667 8.000000 -6.229444
v 6.333334 8.000000 -5.061437
v 6.270051 7.821114 4.998230
v 7.421337 7.815724 3.860874
v 7.500000 8.000000 3.893431
v 6.333333 8.000000 5.061439
v 5.103384 7.821114 6.166236
v 6.270051 7.821114 4.998230
v 6.333333 8.000000 5.061439
v 5.166666 8.000000 6.229445
v 5.103385 11.821114 -6.166234
v 3.967403 11.815708 -7.318818
v 4.000000 11.999999 -7.397450
v 5.166667 11.999999 -6.229444
v 6.270052 11.821114 -4.998228
v 5.103385 11.821114 -6.166234
v 5.166667 11.999999 -6.229444
v 6.333334 11.999999 -5.061437
v 6.270051 11.821114 4.998230
v 7.421337 11.815723 3.860875
v 7.500000 11.999999 3.893431
v 6.333333 11.999999 5.061439
v 5.103384 11.821114 6.166236
v 6.270051 11.821114 4.998230
v 6.333333 11.999999 5.061439
v 5.166666 11.999999 6.229445
v 5.103385 15.821114 -6.166234
v 3.967403 15.815708 -7.318818
v 4.000000 15.999999 -7.397450
v 5.166667 15.999999 -6.229444
v 6.270052 15.821114 -4.998228
v 5.103385 15.821114 -6.166234
v 5.166667 15.999999 -6.229444
v 6.333334 15.999999 -5.061437
v 6.270051 15.821114 4.998230
v 7.421337 15.815723 3.860875
v 7.500000 15.999999 3.893431
v 6.333333 15.999999 5.061439
v 5.103384 15.821114 6.166236
v 6.270051 15.821114 4.998230
v 6.333333 15.999999 5.061439
v 5.166667 15.999999 6.229445
v 3.760129 19.815708 -6.818818
v 2.343576 19.821114 -6.808008
v 1.896363 19.999998 -6.897451
v 3.792726 19.999998 -6.897450
v 6.921337 19.815723 3.653936
v 6.910557 19.821114 2.290460
v 7.000000 19.999998 1.843247
v 7.000000 19.999998 3.686493
v 6.921338 19.815723 -3.653934
v 5.916296 19.821114 -4.644877
v 5.979578 19.999998 -4.708086
v 7.000000 19.999998 -3.686491
v 3.760128 19.815708 6.818820
v 4.749629 19.821112 5.812892
v 4.812911 19.999998 5.876101
v 3.792725 19.999998 6.897452
v 4.749629 19.821114 -5.812884
v 3.760129 19.815708 -6.818818
v 3.792726 19.999998 -6.897450
v 4.812911 19.999998 -5.876093
v 5.916296 19.821114 -4.644877
v 4.749629 19.821114 -5.812884
v 4.812911 19.999998 -5.876093
v 5.979578 19.999998 -4.708086
v 5.916295 19.821114 4.644880
v 6.921337 19.815723 3.653936
v 7.000000 19.999998 3.686493
v 5.979577 19.999998 4.708089
v 4.749629 19.821112 5.812892
v 5.916295 19.821114 4.644880
v 5.979577 19.999998 4.708089
v 4.812911 19.999998 5.876101
v 3.760129 23.815708 -6.818818
v 2.343576 23.821114 -6.808008
v 1.896363 23.999998 -6.897450
v 3.792726 23.999998 -6.897450
v 6.921337 23.815723 3.653936
v 6.910557 23.821114 2.290460
v 7.000000 23.999998 1.843247
v 7.000000 23.999998 3.686493
v 6.921338 23.815723 -3.653934
v 5.916296 23.821114 -4.644877
v 5.979578 23.999998 -4.708086
v 7.000000 23.999998 -3.686491
v 3.760128 23.815708 6.818820
v 4.749629 23.821112 5.812892
v 4.812911 23.999998 5.876101
v 3.792725 23.999998 6.897453
v 4.749629 23.821114 -5.812884
v 3.760129 23.815708 -6.818818
v 3.792726 23.999998 -6.897450
v 4.812911 23.999998 -5.876093
v 5.916296 23.821114 -4.644877
v 4.749629 23.821114 -5.812884
v 4.812911 23.999998 -5.876093
v 5.979578 23.999998 -4.708086
v 5.916295 23.821114 4.644880
v 6.921337 23.815723 3.653936
v 7.000000 23.999998 3.686493
v 5.979577 23.999998 4.708089
v 4.749629 23.821112 5.812892
v 5.916295 23.821114 4.644880
v 5.979577 23.999998 4.708089
v 4.812911 23.999998 5.876101
v 3.760129 27.815708 -6.818818
v 2.343576 27.821114 -6.808008
v 1.896363 27.999998 -6.897450
v 3.792726 27.999998 -6.897450
v 6.921337 27.815723 3.653936
v 6.910557 27.821114 2.290460
v 7.000000 27.999998 1.843247
v 7.000000 27.999998 3.686493
v 6.921338 27.815723 -3.653934
v 5.916296 27.821114 -4.644877
v 5.979578 27.999998 -4.708086
v 7.000000 27.999998 -3.686491
v 3.760128 27.815708 6.818820
v 4.749629 27.821112 5.812892
v 4.812911 27.999998 5.876101
v 3.792725 27.999998 6.897453
v 4.749629 27.821114 -5.812884
v 3.760129 27.815708 -6.818818
v 3.792726 27.999998 -6.897450
v 4.812911 27.999998 -5.876093
v 5.916296 27.821114 -4.644877
v 4.749629 27.821114 -5.812884
v 4.812911 27.999998 -5.876093
v 5.979578 27.999998 -4.708086
v 5.916295 27.821114 4.644880
v 6.921337 27.815723 3.653936
v 7.000000 27.999998 3.686493
v 5.979577 27.999998 4.708089
v 4.749629 27.821112 5.812892
v 5.916295 27.821114 4.644880
v 5.979577 27.999998 4.708089
v 4.812911 27.999998 5.876101
v 2.447213 7.821114 7.308009
v 3.967402 7.815708 7.318820
v 4.000000 7.999999 7.397452
v 2.000000 7.999999 7.397452
v 2.447213 11.821114 7.308009
v 3.967402 11.815708 7.318820
v 4.000000 11.999999 7.397452
v 2.000000 11.999999 7.397452
v 2.447213 15.821114 7.308009
v 3.967403 15.815708 7.318820
v 4.000000 15.999999 7.397452
v 2.000000 15.999999 7.397452
v 2.343576 19.821114 6.808009
v 3.760128 19.815708 6.818820
v 3.792725 19.999998 6.897452
v 1.896362 19.999998 6.897452
v 2.343576 23.821114 6.808010
v 3.760128 23.815708 6.818820
v 3.792725 23.999998 6.897453
v 1.896362 23.999998 6.897452
v 2.343576 27.821114 6.808010
v 3.760128 27.815708 6.818820
v 3.792725 27.999998 6.897453
v 1.896362 27.999998 6.897452
v 7.410557 7.821114 -2.393929
v 7.421338 7.815724 -3.860873
v 7.500000 8.000000 -3.893430
v 7.500000 8.000000 -1.946715
v 7.410557 11.821114 -2.393928
v 7.421338 11.815723 -3.860873
v 7.500000 11.999999 -3.893430
v 7.500000 11.999999 -1.946715
v 7.410557 15.821114 -2.393928
v 7.421338 15.815723 -3.860873
v 7.500000 15.999999 -3.893430
v 7.500000 15.999999 -1.946715
v 6.910557 19.821114 -2.290458
v 6.921338 19.815723 -3.653934
v 7.000000 19.999998 -3.686491
v 7.000000 19.999998 -1.843245
v 6.910557 23.821114 -2.290458
v 6.921338 23.815723 -3.653934
v 7.000000 23.999998 -3.686491
v 7.000000 23.999998 -1.843245
v 6.910557 27.821114 -2.290458
v 6.921338 27.815723 -3.653934
v 7.000000 27.999998 -3.686491
v 7.000000 27.999998 -1.843245
v 2.589443 7.678885 -7.236894
v 3.928960 7.684291 -7.226083
v 3.896363 7.500000 -7.147450
v 2.500000 7.500000 -7.147451
v 7.339443 7.678885 2.536159
v 7.328663 7.684275 3.822519
v 7.250000 7.500000 3.789962
v 7.250000 7.500000 2.446716
v 6.219738 7.678885 -4.947970
v 7.328663 7.684275 -3.822518
v 7.250000 7.500000 -3.789961
v 6.156456 7.500000 -4.884761
v 5.053070 7.678885 6.115979
v 3.928959 7.684290 7.226085
v 3.896362 7.499999 7.147452
v 4.989788 7.500000 6.052770
v 2.589443 11.678885 -7.236894
v 3.928960 11.684290 -7.226083
v 3.896363 11.499999 -7.147450
v 2.500000 11.499999 -7.147451
v 7.339443 11.678885 2.536159
v 7.328663 11.684275 3.822519
v 7.250000 11.499999 3.789962
v 7.250000 11.499999 2.446716
v 6.219738 11.678885 -4.947970
v 7.328663 11.684275 -3.822517
v 7.250000 11.499999 -3.789961
v 6.156456 11.499999 -4.884761
v 5.053070 11.678885 6.115979
v 3.928959 11.684290 7.226085
v 3.896362 11.499999 7.147452
v 4.989788 11.499999 6.052770
v 2.589443 15.678885 -7.236894
v 3.928960 15.684290 -7.226083
v 3.896363 15.499999 -7.147450
v 2.500000 15.499999 -7.147451
v 7.339443 15.678885 2.536159
v 7.328663 15.684275 3.822519
v 7.250000 15.499999 3.789962
v 7.250000 15.499999 2.446716
v 6.219738 15.678885 -4.947970
v 7.328663 15.684275 -3.822517
v 7.250000 15.499999 -3.789961
v 6.156456 15.499999 -4.884761
v 5.053071 15.678885 6.115979
v 3.928959 15.684290 7.226085
v 3.896362 15.499999 7.147452
v 4.989789 15.499999 6.052770
v 3.928960 7.684291 -7.226083
v 5.053071 7.678885 -6.115977
v 4.989789 7.500000 -6.052768
v 3.896363 7.500000 -7.147450
v 5.053071 7.678885 -6.115977
v 6.219738 7.678885 -4.947970
v 6.156456 7.500000 -4.884761
v 4.989789 7.500000 -6.052768
v 7.328663 7.684275 3.822519
v 6.219737 7.678885 4.947972
v 6.156455 7.500000 4.884763
v 7.250000 7.500000 3.789962
v 6.219737 7.678885 4.947972
v 5.053070 7.678885 6.115979
v 4.989788 7.500000 6.052770
v 6.156455 7.500000 4.884763
v 3.928960 11.684290 -7.226083
v 5.053071 11.678885 -6.115977
v 4.989789 11.499999 -6.052768
v 3.896363 11.499999 -7.147450
v 5.053071 11.678885 -6.115977
v 6.219738 11.678885 -4.947970
v 6.156456 11.499999 -4.884761
v 4.989789 11.499999 -6.052768
v 7.328663 11.684275 3.822519
v 6.219737 11.678885 4.947972
v 6.156455 11.499999 4.884763
v 7.250000 11.499999 3.789962
v 6.219737 11.678885 4.947972
v 5.053070 11.678885 6.115979
v 4.989788 11.499999 6.052770
v 6.156455 11.499999 4.884763
v 3.928960 15.684290 -7.226083
v 5.053071 15.678885 -6.115977
v 4.989789 15.499999 -6.052768
v 3.896363 15.499999 -7.147450
v 5.053071 15.678885 -6.115977
v 6.219738 15.678885 -4.947970
v 6.156456 15.499999 -4.884761
v 4.989789 15.499999 -6.052768
v 7.328663 15.684275 3.822519
v 6.219737 15.678885 4.947972
v 6.156455 15.499999 4.884763
v 7.250000 15.499999 3.789962
v 6.219737 15.678885 4.947972
v 5.053071 15.678885 6.115979
v 4.989789 15.499999 6.052770
v 6.156455 15.499999 4.884763
v 2.485806 19.678883 -6.736894
v 3.721685 19.684288 -6.726083
v 3.689088 19.499998 -6.647450
v 2.396363 19.499998 -6.647451
v 6.839443 19.678883 2.432689
v 6.828663 19.684273 3.615580
v 6.750000 19.499998 3.583024
v 6.750000 19.499998 2.343247
v 5.865982 19.678885 -4.594620
v 6.828663 19.684273 -3.615578
v 6.750000 19.499998 -3.583022
v 5.802700 19.499998 -4.531411
v 4.699315 19.678883 5.762635
v 3.721684 19.684288 6.726085
v 3.689088 19.499998 6.647452
v 4.636033 19.499998 5.699426
v 3.721685 19.684288 -6.726083
v 4.699315 19.678883 -5.762627
v 4.636033 19.499998 -5.699418
v 3.689088 19.499998 -6.647450
v 4.699315 19.678883 -5.762627
v 5.865982 19.678885 -4.594620
v 5.802700 19.499998 -4.531411
v 4.636033 19.499998 -5.699418
v 6.828663 19.684273 3.615580
v 5.865980 19.678883 4.594623
v 5.802698 19.499998 4.531414
v 6.750000 19.499998 3.583024
v 5.865980 19.678883 4.594623
v 4.699315 19.678883 5.762635
v 4.636033 19.499998 5.699426
v 5.802698 19.499998 4.531414
v 2.485806 23.678883 -6.736893
v 3.721685 23.684288 -6.726082
v 3.689088 23.499998 -6.647450
v 2.396363 23.499998 -6.647450
v 6.839443 23.678883 2.432689
v 6.828663 23.684273 3.615580
v 6.750000 23.499998 3.583024
v 6.750000 23.499998 2.343247
v 5.865982 23.678885 -4.594620
v 6.828663 23.684273 -3.615578
v 6.750000 23.499998 -3.583022
v 5.802700 23.499998 -4.531411
v 4.699315 23.678883 5.762635
v 3.721684 23.684288 6.726085
v 3.689088 23.499998 6.647453
v 4.636033 23.499998 5.699426
v 3.721685 23.684288 -6.726082
v 4.699315 23.678883 -5.762627
v 4.636033 23.499998 -5.699418
v 3.689088 23.499998 -6.647450
v 4.699315 23.678883 -5.762627
v 5.865982 23.678885 -4.594620
v 5.802700 23.499998 -4.531411
v 4.636033 23.499998 -5.699418
v 6.828663 23.684273 3.615580
v 5.865980 23.678883 4.594624
v 5.802698 23.499998 4.531415
v 6.750000 23.499998 3.583024
v 5.865980 23.678883 4.594624
v 4.699315 23.678883 5.762635
v 4.636033 23.499998 5.699426
v 5.802698 23.499998 4.531415
v 2.485806 27.678883 -6.736893
v 3.721685 27.684288 -6.726082
v 3.689088 27.499998 -6.647450
v 2.396363 27.499998 -6.647450
v 6.839443 27.678883 2.432690
v 6.828663 27.684273 3.615581
v 6.750000 27.499998 3.583024
v 6.750000 27.499998 2.343247
v 5.865982 27.678885 -4.594620
v 6.828663 27.684273 -3.615578
v 6.750000 27.499998 -3.583021
v 5.802700 27.499998 -4.531411
v 4.699315 27.678883 5.762635
v 3.721684 27.684288 6.726085
v 3.689088 27.499998 6.647453
v 4.636033 27.499998 5.699426
v 3.721685 27.684288 -6.726082
v 4.699315 27.678883 -5.762627
v 4.636033 27.499998 -5.699418
v 3.689088 27.499998 -6.647450
v 4.699315 27.678883 -5.762627
v 5.865982 27.678885 -4.594620
v 5.802700 27.499998 -4.531411
v 4.636033 27.499998 -5.699418
v 6.828663 27.684273 3.615581
v 5.865980 27.678883 4.594624
v 5.802698 27.499998 4.531415
v 6.750000 27.499998 3.583024
v 5.865980 27.678883 4.594624
v 4.699315 27.678883 5.762635
v 4.636033 27.499998 5.699426
v 5.802698 27.499998 4.531415
v 3.928959 7.684290 7.226085
v 2.589442 7.678885 7.236895
v 2.500000 7.499999 7.147452
v 3.896362 7.499999 7.147452
v 3.928959 11.684290 7.226085
v 2.589442 11.678885 7.236895
v 2.500000 11.499999 7.147452
v 3.896362 11.499999 7.147452
v 3.928959 15.684290 7.226085
v 2.589442 15.678885 7.236895
v 2.500000 15.499999 7.147452
v 3.896362 15.499999 7.147452
v 3.721684 19.684288 6.726085
v 2.485805 19.678883 6.736895
v 2.396362 19.499998 6.647452
v 3.689088 19.499998 6.647452
v 3.721684 23.684288 6.726085
v 2.485805 23.678883 6.736895
v 2.396362 23.499998 6.647452
v 3.689088 23.499998 6.647453
v 3.721684 27.684288 6.726085
v 2.485805 27.678883 6.736895
v 2.396362 27.499998 6.647452
v 3.689088 27.499998 6.647453
v 7.328663 7.684275 -3.822518
v 7.339443 7.678885 -2.536158
v 7.250000 7.500000 -2.446715
v 7.250000 7.500000 -3.789961
v 7.328663 11.684275 -3.822517
v 7.339443 11.678885 -2.536157
v 7.250000 11.499999 -2.446715
v 7.250000 11.499999 -3.789961
v 7.328663 15.684275 -3.822517
v 7.339443 15.678885 -2.536157
v 7.250000 15.499999 -2.446715
v 7.250000 15.499999 -3.789961
v 6.828663 19.684273 -3.615578
v 6.839443 19.678883 -2.432688
v 6.750000 19.499998 -2.343245
v 6.750000 19.499998 -3.583022
v 6.828663 23.684273 -3.615578
v 6.839443 23.678883 -2.432688
v 6.750000 23.499998 -2.343245
v 6.750000 23.499998 -3.583022
v 6.828663 27.684273 -3.615578
v 6.839443 27.678883 -2.432687
v 6.750000 27.499998 -2.343245
v 6.750000 27.499998 -3.583021
v 2.447214 7.821115 -7.308008
v 2.589443 7.678885 -7.236894
v 2.500000 7.500000 -7.147451
v 2.000000 8.000000 -7.397451
v 7.410557 7.821114 2.393929
v 7.339443 7.678885 2.536159
v 7.250000 7.500000 2.446716
v 7.500000 8.000000 1.946716
v 2.447214 11.821114 -7.308008
v 2.589443 11.678885 -7.236894
v 2.500000 11.499999 -7.147451
v 2.000000 11.999999 -7.397451
v 7.410557 11.821114 2.393930
v 7.339443 11.678885 2.536159
v 7.250000 11.499999 2.446716
v 7.500000 11.999999 1.946716
v 2.447214 15.821114 -7.308008
v 2.589443 15.678885 -7.236894
v 2.500000 15.499999 -7.147451
v 2.000000 15.999999 -7.397451
v 7.410557 15.821114 2.393930
v 7.339443 15.678885 2.536159
v 7.250000 15.499999 2.446716
v 7.500000 15.999999 1.946716
v 2.343576 19.821114 -6.808008
v 2.485806 19.678883 -6.736894
v 2.396363 19.499998 -6.647451
v 1.896363 19.999998 -6.897451
v 6.910557 19.821114 2.290460
v 6.839443 19.678883 2.432689
v 6.750000 19.499998 2.343247
v 7.000000 19.999998 1.843247
v 2.343576 23.821114 -6.808008
v 2.485806 23.678883 -6.736893
v 2.396363 23.499998 -6.647450
v 1.896363 23.999998 -6.897450
v 6.910557 23.821114 2.290460
v 6.839443 23.678883 2.432689
v 6.750000 23.499998 2.343247
v 7.000000 23.999998 1.843247
v 2.343576 27.821114 -6.808008
v 2.485806 27.678883 -6.736893
v 2.396363 27.499998 -6.647450
v 1.896363 27.999998 -6.897450
v 6.910557 27.821114 2.290460
v 6.839443 27.678883 2.432690
v 6.750000 27.499998 2.343247
v 7.000000 27.999998 1.843247
v 2.589442 7.678885 7.236895
v 2.447213 7.821114 7.308009
v 2.000000 7.999999 7.397452
v 2.500000 7.499999 7.147452
v 2.589442 11.678885 7.236895
v 2.447213 11.821114 7.308009
v 2.000000 11.999999 7.397452
v 2.500000 11.499999 7.147452
v 2.589442 15.678885 7.236895
v 2.447213 15.821114 7.308009
v 2.000000 15.999999 7.397452
v 2.500000 15.499999 7.147452
v 2.485805 19.678883 6.736895
v 2.343576 19.821114 6.808009
v 1.896362 19.999998 6.897452
v 2.396362 19.499998 6.647452
v 2.485805 23.678883 6.736895
v 2.343576 23.821114 6.808010
v 1.896362 23.999998 6.897452
v 2.396362 23.499998 6.647452
v 2.485805 27.678883 6.736895
v 2.343576 27.821114 6.808010
v 1.896362 27.999998 6.897452
v 2.396362 27.499998 6.647452
v 7.339443 7.678885 -2.536158
v 7.410557 7.821114 -2.393929
v 7.500000 8.000000 -1.946715
v 7.250000 7.500000 -2.446715
v 7.339443 11.678885 -2.536157
v 7.410557 11.821114 -2.393928
v 7.500000 11.999999 -1.946715
v 7.250000 11.499999 -2.446715
v 7.339443 15.678885 -2.536157
v 7.410557 15.821114 -2.393928
v 7.500000 15.999999 -1.946715
v 7.250000 15.499999 -2.446715
v 6.839443 19.678883 -2.432688
v 6.910557 19.821114 -2.290458
v 7.000000 19.999998 -1.843245
v 6.750000 19.499998 -2.343245
v 6.839443 23.678883 -2.432688
v 6.910557 23.821114 -2.290458
v 7.000000 23.999998 -1.843245
v 6.750000 23.499998 -2.343245
v 6.839443 27.678883 -2.432687
v 6.910557 27.821114 -2.290458
v 7.000000 27.999998 -1.843245
v 6.750000 27.499998 -2.343245
v 3.552854 31.815708 -6.318818
v 2.239939 31.821114 -6.308008
v 1.792726 31.999998 -6.397450
v 3.585451 31.999998 -6.397450
v 6.421337 31.815723 3.446998
v 6.410557 31.821114 2.290461
v 6.500000 31.999998 1.843247
v 6.500000 31.999998 3.479555
v 6.421338 31.815723 -3.446995
v 5.562539 31.821114 -4.291526
v 5.625821 31.999998 -4.354735
v 6.500000 31.999998 -3.479552
v 3.552853 31.815708 6.318820
v 4.395871 31.821114 5.459537
v 4.459153 31.999998 5.522746
v 3.585450 31.999998 6.397453
v 4.395872 31.821114 -5.459533
v 3.552854 31.815708 -6.318818
v 3.585451 31.999998 -6.397450
v 4.459154 31.999998 -5.522742
v 5.562539 31.821114 -4.291526
v 4.395872 31.821114 -5.459533
v 4.459154 31.999998 -5.522742
v 5.625821 31.999998 -4.354735
v 5.562538 31.821112 4.291529
v 6.421337 31.815723 3.446998
v 6.500000 31.999998 3.479555
v 5.625820 31.999998 4.354738
v 4.395871 31.821114 5.459537
v 5.562538 31.821112 4.291529
v 5.625820 31.999998 4.354738
v 4.459153 31.999998 5.522746
v 2.239938 31.821112 6.308010
v 3.552853 31.815708 6.318820
v 3.585450 31.999998 6.397453
v 1.792725 31.999998 6.397452
v 6.410557 31.821112 -2.290458
v 6.421338 31.815723 -3.446995
v 6.500000 31.999998 -3.479552
v 6.500000 31.999998 -1.843245
v 3.552854 35.815704 -6.318817
v 2.239939 35.821110 -6.308007
v 1.792726 35.999996 -6.397450
v 3.585451 35.999996 -6.397449
v 6.421337 35.815720 3.446998
v 6.410557 35.821110 2.290461
v 6.500000 35.999996 1.843247
v 6.500000 35.999996 3.479555
v 6.421338 35.815720 -3.446995
v 5.562539 35.821110 -4.291526
v 5.625821 35.999996 -4.354735
v 6.500000 35.999996 -3.479552
v 3.552853 35.815704 6.318821
v 4.395871 35.821110 5.459537
v 4.459153 35.999996 5.522746
v 3.585450 35.999996 6.397453
v 4.395872 35.821110 -5.459533
v 3.552854 35.815704 -6.318817
v 3.585451 35.999996 -6.397449
v 4.459154 35.999996 -5.522742
v 5.562539 35.821110 -4.291526
v 4.395872 35.821110 -5.459533
v 4.459154 35.999996 -5.522742
v 5.625821 35.999996 -4.354735
v 5.562538 35.821110 4.291530
v 6.421337 35.815720 3.446998
v 6.500000 35.999996 3.479555
v 5.625820 35.999996 4.354739
v 4.395871 35.821110 5.459537
v 5.562538 35.821110 4.291530
v 5.625820 35.999996 4.354739
v 4.459153 35.999996 5.522746
v 2.239938 35.821110 6.308010
v 3.552853 35.815704 6.318821
v 3.585450 35.999996 6.397453
v 1.792725 35.999996 6.397453
v 6.410557 35.821110 -2.290458
v 6.421338 35.815720 -3.446995
v 6.500000 35.999996 -3.479552
v 6.500000 35.999996 -1.843245
v 3.552854 39.815704 -6.318817
v 2.239939 39.821110 -6.308007
v 1.792726 39.999996 -6.397450
v 3.585451 39.999996 -6.397449
v 4.042115 43.821110 5.106187
v 5.208781 43.821110 3.938179
v 5.272063 43.999996 4.001389
v 4.105397 43.999996 5.169396
v 3.345578 43.815704 5.818821
v 4.042115 43.821110 5.106187
v 4.105397 43.999996 5.169396
v 3.378175 43.999996 5.897453
v 3.345579 43.815704 -5.818817
v 2.239939 43.821110 -5.808007
v 1.792726 43.999996 -5.897450
v 3.378176 43.999996 -5.897449
v 4.042116 43.821110 -5.106183
v 3.345579 43.815704 -5.818817
v 3.378176 43.999996 -5.897449
v 4.105398 43.999996 -5.169392
v 5.208783 43.821110 -3.938175
v 4.042116 43.821110 -5.106183
v 4.105398 43.999996 -5.169392
v 5.272065 43.999996 -4.001384
v 6.410557 39.821110 -2.290458
v 6.421338 39.815720 -3.446995
v 6.500000 39.999996 -3.479552
v 6.500000 39.999996 -1.843245
v 5.910557 43.821110 -2.290458
v 5.921338 43.815720 -3.240056
v 6.000000 43.999996 -3.272613
v 6.000000 43.999996 -1.843244
v 2.239938 43.821110 5.808010
v 3.345578 43.815704 5.818821
v 3.378175 43.999996 5.897453
v 1.792725 43.999996 5.897453
v 5.208781 43.821110 3.938179
v 5.921337 43.815720 3.240059
v 6.000000 43.999996 3.272616
v 5.272063 43.999996 4.001389
v 5.921338 43.815720 -3.240056
v 5.208783 43.821110 -3.938175
v 5.272065 43.999996 -4.001384
v 6.000000 43.999996 -3.272613
v 5.921337 43.815720 3.240059
v 5.910557 43.821110 2.290461
v 6.000000 43.999996 1.843248
v 6.000000 43.999996 3.272616
v 2.239938 39.821110 6.308010
v 3.552853 39.815704 6.318821
v 3.585450 39.999996 6.397453
v 1.792725 39.999996 6.397453
v 4.395871 39.821110 5.459537
v 5.562538 39.821110 4.291530
v 5.625820 39.999996 4.354739
v 4.459153 39.999996 5.522746
v 5.562538 39.821110 4.291530
v 6.421337 39.815720 3.446998
v 6.500000 39.999996 3.479555
v 5.625820 39.999996 4.354739
v 5.562539 39.821110 -4.291526
v 4.395872 39.821110 -5.459533
v 4.459154 39.999996 -5.522742
v 5.625821 39.999996 -4.354735
v 4.395872 39.821110 -5.459533
v 3.552854 39.815704 -6.318817
v 3.585451 39.999996 -6.397449
v 4.459154 39.999996 -5.522742
v 3.552853 39.815704 6.318821
v 4.395871 39.821110 5.459537
v 4.459153 39.999996 5.522746
v 3.585450 39.999996 6.397453
v 6.421338 39.815720 -3.446995
v 5.562539 39.821110 -4.291526
v 5.625821 39.999996 -4.354735
v 6.500000 39.999996 -3.479552
v 6.421337 39.815720 3.446998
v 6.410557 39.821110 2.290461
v 6.500000 39.999996 1.843248
v 6.500000 39.999996 3.479555
v 4.042115 47.821110 5.106187
v 5.208781 47.821110 3.938180
v 5.272063 47.999996 4.001389
v 4.105397 47.999996 5.169396
v 3.345578 47.815704 5.818821
v 4.042115 47.821110 5.106187
v 4.105397 47.999996 5.169396
v 3.378175 47.999996 5.897453
v 3.345579 47.815704 -5.818817
v 2.239939 47.821110 -5.808007
v 1.792726 47.999996 -5.897450
v 3.378176 47.999996 -5.897449
v 4.042116 47.821110 -5.106183
v 3.345579 47.815704 -5.818817
v 3.378176 47.999996 -5.897449
v 4.105398 47.999996 -5.169392
v 5.208783 47.821110 -3.938175
v 4.042116 47.821110 -5.106183
v 4.105398 47.999996 -5.169392
v 5.272065 47.999996 -4.001384
v 5.910557 47.821110 -2.290458
v 5.921338 47.815720 -3.240056
v 6.000000 47.999996 -3.272613
v 6.000000 47.999996 -1.843244
v 2.239938 47.821110 5.808010
v 3.345578 47.815704 5.818821
v 3.378175 47.999996 5.897453
v 1.792725 47.999996 5.897453
v 5.208781 47.821110 3.938180
v 5.921337 47.815720 3.240059
v 6.000000 47.999996 3.272616
v 5.272063 47.999996 4.001389
v 5.921338 47.815720 -3.240056
v 5.208783 47.821110 -3.938175
v 5.272065 47.999996 -4.001384
v 6.000000 47.999996 -3.272613
v 5.921337 47.815720 3.240059
v 5.910557 47.821110 2.290461
v 6.000000 47.999996 1.843248
v 6.000000 47.999996 3.272616
v 2.382168 31.678883 -6.236893
v 3.514410 31.684288 -6.226082
v 3.481813 31.499998 -6.147450
v 2.292726 31.499998 -6.147450
v 6.339443 31.678883 2.432690
v 6.328663 31.684273 3.408642
v 6.250000 31.499998 3.376085
v 6.250000 31.499998 2.343247
v 5.512225 31.678885 -4.241269
v 6.328663 31.684273 -3.408639
v 6.250000 31.499998 -3.376083
v 5.448943 31.499998 -4.178060
v 4.345557 31.678885 5.409279
v 3.514409 31.684288 6.226085
v 3.481812 31.499998 6.147453
v 4.282275 31.499998 5.346070
v 3.514410 31.684288 -6.226082
v 4.345558 31.678883 -5.409276
v 4.282276 31.499998 -5.346067
v 3.481813 31.499998 -6.147450
v 4.345558 31.678883 -5.409276
v 5.512225 31.678885 -4.241269
v 5.448943 31.499998 -4.178060
v 4.282276 31.499998 -5.346067
v 6.328663 31.684273 3.408642
v 5.512224 31.678885 4.241272
v 5.448942 31.499998 4.178063
v 6.250000 31.499998 3.376085
v 5.512224 31.678885 4.241272
v 4.345557 31.678885 5.409279
v 4.282275 31.499998 5.346070
v 5.448942 31.499998 4.178063
v 3.514409 31.684288 6.226085
v 2.382168 31.678883 6.236895
v 2.292725 31.499998 6.147452
v 3.481812 31.499998 6.147453
v 6.328663 31.684273 -3.408639
v 6.339443 31.678883 -2.432687
v 6.250000 31.499998 -2.343245
v 6.250000 31.499998 -3.376083
v 2.382168 35.678883 -6.236893
v 3.514410 35.684288 -6.226082
v 3.481813 35.499996 -6.147449
v 2.292726 35.499996 -6.147450
v 6.339443 35.678883 2.432690
v 6.328663 35.684273 3.408642
v 6.250000 35.499996 3.376085
v 6.250000 35.499996 2.343247
v 5.512225 35.678883 -4.241269
v 6.328663 35.684273 -3.408639
v 6.250000 35.499996 -3.376083
v 5.448943 35.499996 -4.178060
v 4.345557 35.678883 5.409280
v 3.514409 35.684288 6.226086
v 3.481812 35.499996 6.147453
v 4.282275 35.499996 5.346071
v 3.514410 35.684288 -6.226082
v 4.345558 35.678883 -5.409276
v 4.282276 35.499996 -5.346066
v 3.481813 35.499996 -6.147449
v 4.345558 35.678883 -5.409276
v 5.512225 35.678883 -4.241269
v 5.448943 35.499996 -4.178060
v 4.282276 35.499996 -5.346066
v 6.328663 35.684273 3.408642
v 5.512224 35.678883 4.241272
v 5.448942 35.499996 4.178063
v 6.250000 35.499996 3.376085
v 5.512224 35.678883 4.241272
v 4.345557 35.678883 5.409280
v 4.282275 35.499996 5.346071
v 5.448942 35.499996 4.178063
v 3.514409 35.684288 6.226086
v 2.382168 35.678883 6.236896
v 2.292725 35.499996 6.147453
v 3.481812 35.499996 6.147453
v 6.328663 35.684273 -3.408639
v 6.339443 35.678883 -2.432687
v 6.250000 35.499996 -2.343245
v 6.250000 35.499996 -3.376083
v 2.382168 39.678883 -6.236893
v 3.514410 39.684288 -6.226082
v 3.481813 39.499996 -6.147449
v 2.292726 39.499996 -6.147450
v 5.158467 43.678883 3.887923
v 3.991800 43.678883 5.055930
v 3.928519 43.499996 4.992721
v 5.095185 43.499996 3.824714
v 3.991800 43.678883 5.055930
v 3.307135 43.684288 5.726086
v 3.274538 43.499996 5.647453
v 3.928519 43.499996 4.992721
v 2.382168 43.678883 -5.736893
v 3.307136 43.684288 -5.726082
v 3.274539 43.499996 -5.647449
v 2.292726 43.499996 -5.647450
v 3.307136 43.684288 -5.726082
v 3.991802 43.678883 -5.055925
v 3.928520 43.499996 -4.992716
v 3.274539 43.499996 -5.647449
v 3.991802 43.678883 -5.055925
v 5.158469 43.678883 -3.887919
v 5.095187 43.499996 -3.824709
v 3.928520 43.499996 -4.992716
v 6.328663 39.684273 -3.408639
v 6.339443 39.678883 -2.432687
v 6.250000 39.499996 -2.343244
v 6.250000 39.499996 -3.376082
v 5.828663 43.684273 -3.201700
v 5.839443 43.678883 -2.432687
v 5.750000 43.499996 -2.343244
v 5.750000 43.499996 -3.169143
v 3.307135 43.684288 5.726086
v 2.382168 43.678883 5.736896
v 2.292725 43.499996 5.647453
v 3.274538 43.499996 5.647453
v 5.828663 43.684273 3.201703
v 5.158467 43.678883 3.887923
v 5.095185 43.499996 3.824714
v 5.750000 43.499996 3.169146
v 5.158469 43.678883 -3.887919
v 5.828663 43.684273 -3.201700
v 5.750000 43.499996 -3.169143
v 5.095187 43.499996 -3.824709
v 5.839443 43.678883 2.432690
v 5.828663 43.684273 3.201703
v 5.750000 43.499996 3.169146
v 5.750000 43.499996 2.343247
v 3.514409 39.684288 6.226086
v 2.382168 39.678883 6.236896
v 2.292725 39.499996 6.147453
v 3.481812 39.499996 6.147453
v 5.512224 39.678883 4.241272
v 4.345557 39.678883 5.409280
v 4.282275 39.499996 5.346071
v 5.448942 39.499996 4.178063
v 6.328663 39.684273 3.408642
v 5.512224 39.678883 4.241272
v 5.448942 39.499996 4.178063
v 6.250000 39.499996 3.376086
v 4.345558 39.678883 -5.409276
v 5.512225 39.678883 -4.241269
v 5.448943 39.499996 -4.178060
v 4.282276 39.499996 -5.346066
v 3.514410 39.684288 -6.226082
v 4.345558 39.678883 -5.409276
v 4.282276 39.499996 -5.346066
v 3.481813 39.499996 -6.147449
v 4.345557 39.678883 5.409280
v 3.514409 39.684288 6.226086
v 3.481812 39.499996 6.147453
v 4.282275 39.499996 5.346071
v 5.512225 39.678883 -4.241269
v 6.328663 39.684273 -3.408639
v 6.250000 39.499996 -3.376082
v 5.448943 39.499996 -4.178060
v 6.339443 39.678883 2.432690
v 6.328663 39.684273 3.408642
v 6.250000 39.499996 3.376086
v 6.250000 39.499996 2.343247
v 5.158467 47.678883 3.887923
v 3.991800 47.678883 5.055930
v 3.928519 47.499996 4.992721
v 5.095185 47.499996 3.824714
v 3.991800 47.678883 5.055930
v 3.307135 47.684288 5.726086
v 3.274538 47.499996 5.647453
v 3.928519 47.499996 4.992721
v 2.382168 47.678883 -5.736893
v 3.307136 47.684288 -5.726082
v 3.274539 47.499996 -5.647449
v 2.292726 47.499996 -5.647450
v 3.307136 47.684288 -5.726082
v 3.991802 47.678883 -5.055925
v 3.928520 47.499996 -4.992716
v 3.274539 47.499996 -5.647449
v 3.991802 47.678883 -5.055925
v 5.158469 47.678883 -3.887918
v 5.095187 47.499996 -3.824709
v 3.928520 47.499996 -4.992716
v 5.828663 47.684273 -3.201700
v 5.839443 47.678883 -2.432687
v 5.750000 47.499996 -2.343244
v 5.750000 47.499996 -3.169143
v 3.307135 47.684288 5.726086
v 2.382168 47.678883 5.736896
v 2.292725 47.499996 5.647453
v 3.274538 47.499996 5.647453
v 5.828663 47.684273 3.201703
v 5.158467 47.678883 3.887923
v 5.095185 47.499996 3.824714
v 5.750000 47.499996 3.169147
v 5.158469 47.678883 -3.887918
v 5.828663 47.684273 -3.201700
v 5.750000 47.499996 -3.169143
v 5.095187 47.499996 -3.824709
v 5.839443 47.678883 2.432690
v 5.828663 47.684273 3.201703
v 5.750000 47.499996 3.169147
v 5.750000 47.499996 2.343248
v 6.339443 31.678883 -2.432687
v 6.410557 31.821112 -2.290458
v 6.500000 31.999998 -1.843245
v 6.250000 31.499998 -2.343245
v 6.410557 31.821114 2.290461
v 6.339443 31.678883 2.432690
v 6.250000 31.499998 2.343247
v 6.500000 31.999998 1.843247
v 2.382168 31.678883 6.236895
v 2.239938 31.821112 6.308010
v 1.792725 31.999998 6.397452
v 2.292725 31.499998 6.147452
v 2.239939 31.821114 -6.308008
v 2.382168 31.678883 -6.236893
v 2.292726 31.499998 -6.147450
v 1.792726 31.999998 -6.397450
v 6.410557 35.821110 2.290461
v 6.339443 35.678883 2.432690
v 6.250000 35.499996 2.343247
v 6.500000 35.999996 1.843247
v 2.382168 35.678883 6.236896
v 2.239938 35.821110 6.308010
v 1.792725 35.999996 6.397453
v 2.292725 35.499996 6.147453
v 6.339443 35.678883 -2.432687
v 6.410557 35.821110 -2.290458
v 6.500000 35.999996 -1.843245
v 6.250000 35.499996 -2.343245
v 2.239939 35.821110 -6.308007
v 2.382168 35.678883 -6.236893
v 2.292726 35.499996 -6.147450
v 1.792726 35.999996 -6.397450
v 2.382168 43.678883 5.736896
v 2.239938 43.821110 5.808010
v 1.792725 43.999996 5.897453
v 2.292725 43.499996 5.647453
v 5.910557 43.821110 2.290461
v 5.839443 43.678883 2.432690
v 5.750000 43.499996 2.343247
v 6.000000 43.999996 1.843248
v 2.239939 39.821110 -6.308007
v 2.382168 39.678883 -6.236893
v 2.292726 39.499996 -6.147450
v 1.792726 39.999996 -6.397450
v 2.239939 43.821110 -5.808007
v 2.382168 43.678883 -5.736893
v 2.292726 43.499996 -5.647450
v 1.792726 43.999996 -5.897450
v 5.839443 43.678883 -2.432687
v 5.910557 43.821110 -2.290458
v 6.000000 43.999996 -1.843244
v 5.750000 43.499996 -2.343244
v 6.339443 39.678883 -2.432687
v 6.410557 39.821110 -2.290458
v 6.500000 39.999996 -1.843245
v 6.250000 39.499996 -2.343244
v 2.382168 39.678883 6.236896
v 2.239938 39.821110 6.308010
v 1.792725 39.999996 6.397453
v 2.292725 39.499996 6.147453
v 6.410557 39.821110 2.290461
v 6.339443 39.678883 2.432690
v 6.250000 39.499996 2.343247
v 6.500000 39.999996 1.843248
v 2.239939 47.821110 -5.808007
v 2.382168 47.678883 -5.736893
v 2.292726 47.499996 -5.647450
v 1.792726 47.999996 -5.897450
v 5.839443 47.678883 -2.432687
v 5.910557 47.821110 -2.290458
v 6.000000 47.999996 -1.843244
v 5.750000 47.499996 -2.343244
v 2.382168 47.678883 5.736896
v 2.239938 47.821110 5.808010
v 1.792725 47.999996 5.897453
v 2.292725 47.499996 5.647453
v 5.910557 47.821110 2.290461
v 5.839443 47.678883 2.432690
v 5.750000 47.499996 2.343248
v 6.000000 47.999996 1.843248
v 6.961940 29.191339 0.000001
v 6.961940 29.191339 -1.843245
v 7.000000 31.999998 -1.843245
v 7.000000 31.999998 0.000001
v 6.961940 29.191339 -1.843245
v 6.961940 29.191339 0.000001
v 7.461940 28.691339 0.000001
v 7.461940 28.691339 -1.843245
v 7.500000 27.999998 1.843247
v 7.500000 27.999998 0.000001
v 7.461940 28.691339 0.000001
v 7.461940 28.691339 1.843247
v 7.500000 24.999998 1.843247
v 7.500000 24.999998 0.000001
v 7.500000 27.999998 0.000001
v 7.500000 27.999998 1.843247
v 7.500000 20.999998 1.843247
v 7.500000 20.999998 0.000001
v 7.500000 23.999998 0.000001
v 7.500000 23.999998 1.843247
v 7.600000 24.349998 1.943247
v 7.600000 24.349998 0.000001
v 7.600000 24.649998 0.000001
v 7.600000 24.649998 1.943247
v 7.600000 20.349998 1.943247
v 7.600000 20.349998 0.000001
v 7.600000 20.649998 0.000001
v 7.600000 20.649998 1.943247
v 7.458359 17.199764 1.843247
v 7.461940 17.191339 0.000001
v 7.500000 19.999998 0.000001
v 7.500000 19.999998 1.843247
v 7.458359 17.199764 -1.843245
v 7.461940 17.191339 0.000001
v 7.961940 16.691339 0.000001
v 7.965689 16.682024 -1.946715
v 8.000000 12.999999 1.946716
v 8.000000 12.999999 0.000001
v 8.000000 15.999999 0.000001
v 8.000000 15.999999 1.946716
v 8.000000 15.999999 1.946716
v 8.000000 15.999999 0.000001
v 7.961940 16.691339 0.000001
v 7.965689 16.682024 1.946716
v 8.100000 12.349999 2.046716
v 8.100000 12.349999 0.000001
v 8.100000 12.649999 0.000001
v 8.100000 12.649999 2.046716
v 8.000000 8.999999 1.946716
v 8.000000 8.999999 0.000001
v 8.000000 11.999999 0.000001
v 8.000000 11.999999 1.946716
v 8.100000 8.349999 2.046716
v 8.100000 8.349999 0.000001
v 8.100000 8.649999 0.000001
v 8.100000 8.649999 2.046716
v 8.000000 5.000000 1.946716
v 8.000000 5.000000 0.000000
v 8.000000 8.000000 0.000001
v 8.000000 8.000000 1.946716
v 8.000000 1.000000 1.946716
v 8.000000 1.000000 0.000000
v 8.000000 4.000000 0.000000
v 8.000000 4.000000 1.946716
v 8.100000 4.349999 2.046716
v 8.100000 4.349999 0.000000
v 8.100000 4.650000 0.000000
v 8.100000 4.650000 2.046716
v 6.961940 29.191339 1.843247
v 7.461940 28.691339 1.843247
v 7.461940 17.191339 0.000001
v 7.458359 17.199764 1.843247
v 7.965689 16.682024 1.946716
v 7.961940 16.691339 0.000001
v 7.500000 27.999998 -1.843245
v 7.461940 28.691339 -1.843245
v 7.500000 24.999998 -1.843245
v 7.500000 27.999998 -1.843245
v 7.500000 20.999998 -1.843245
v 7.500000 23.999998 -1.843245
v 7.600000 24.349998 -1.943245
v 7.600000 24.649998 -1.943245
v 7.600000 20.349998 -1.943245
v 7.600000 20.649998 -1.943245
v 7.461940 17.191339 0.000001
v 7.458359 17.199764 -1.843245
v 7.500000 19.999998 -1.843245
v 7.500000 19.999998 0.000001
v 8.000000 12.999999 -1.946715
v 8.000000 15.999999 -1.946715
v 8.000000 15.999999 0.000001
v 8.000000 15.999999 -1.946715
v 7.965689 16.682024 -1.946715
v 7.961940 16.691339 0.000001
v 8.100000 12.349999 -2.046715
v 8.100000 12.649999 -2.046715
v 8.000000 8.999999 -1.946715
v 8.000000 11.999999 -1.946715
v 8.100000 8.349999 -2.046715
v 8.100000 8.649999 -2.046715
v 8.000000 5.000000 -1.946715
v 8.000000 8.000000 -1.946715
v 8.000000 1.000000 -1.946715
v 8.000000 4.000000 -1.946715
v 8.100000 4.349999 -2.046715
v 8.100000 4.650000 -2.046715
v 7.100000 32.349995 0.000001
v 7.100000 32.349995 -1.943245
v 7.100000 32.649998 -1.943245
v 7.100000 32.649998 0.000001
v 6.961940 29.191339 1.843247
v 7.000000 31.999998 1.843247
v 7.000000 32.999996 1.843247
v 7.000000 32.999996 0.000001
v 7.000000 35.999996 0.000001
v 7.000000 35.999996 1.843247
v 7.100000 32.349995 1.943247
v 7.100000 32.649998 1.943247
v 6.461940 41.191338 0.000002
v 6.461940 41.191338 -1.843244
v 6.500000 43.999996 -1.843244
v 6.500000 43.999996 0.000002
v 6.600000 44.349995 0.000002
v 6.600000 44.349995 -1.943244
v 6.600000 44.649998 -1.943244
v 6.600000 44.649998 0.000002
v 7.000000 32.999996 -1.843245
v 7.000000 35.999996 -1.843245
v 6.461940 41.191338 0.000002
v 6.461940 41.191338 1.843248
v 6.961940 40.691338 1.843248
v 6.961940 40.691338 0.000002
v 6.461940 41.191338 -1.843244
v 6.961940 40.691338 -1.843244
v 7.000000 39.999996 0.000002
v 7.000000 39.999996 -1.843245
v 6.961940 40.691338 -1.843244
v 6.961940 40.691338 0.000002
v 7.000000 39.999996 1.843248
v 7.000000 39.999996 0.000002
v 6.961940 40.691338 0.000002
v 6.961940 40.691338 1.843248
v 6.461940 41.191338 1.843248
v 6.461940 41.191338 0.000002
v 6.500000 43.999996 0.000002
v 6.500000 43.999996 1.843248
v 7.100000 36.349995 0.000001
v 7.100000 36.349995 -1.943245
v 7.100000 36.649998 -1.943245
v 7.100000 36.649998 0.000001
v 7.100000 36.349995 1.943247
v 7.100000 36.649998 1.943248
v 6.500000 47.999996 1.843248
v 6.500000 47.999996 0.000002
v 6.461940 48.691338 0.000002
v 6.461940 48.691338 1.843248
v 3.751642 49.499996 -1.843244
v 3.751642 49.499996 0.000002
v 4.918308 49.499996 0.000002
v 4.918308 49.499996 -1.843244
v 3.751642 49.499996 1.843248
v 4.918307 49.499996 1.843248
v 6.500000 47.999996 0.000002
v 6.500000 47.999996 -1.843244
v 6.461940 48.691338 -1.843244
v 6.461940 48.691338 0.000002
v 6.500000 44.999996 1.843248
v 6.500000 44.999996 0.000002
v 6.500000 47.999996 0.000002
v 6.500000 47.999996 1.843248
v 4.918308 49.499996 0.000002
v 4.918307 49.499996 1.843248
v 5.691342 49.461937 1.843248
v 5.691342 49.461937 0.000002
v 4.918308 49.499996 -1.843244
v 4.918308 49.499996 0.000002
v 5.691342 49.461937 0.000002
v 5.691342 49.461937 -1.843244
v 7.000000 36.999996 1.843248
v 7.000000 36.999996 0.000002
v 7.000000 39.999996 0.000002
v 7.000000 39.999996 1.843248
v 7.000000 36.999996 -1.843245
v 7.000000 39.999996 -1.843245
v 6.500000 44.999996 -1.843244
v 6.500000 47.999996 -1.843244
v 6.600000 44.349995 1.943248
v 6.600000 44.649998 1.943248
v 5.691342 49.461937 0.000002
v 5.691342 49.461937 1.843248
v 6.461940 48.691338 1.843248
v 6.461940 48.691338 0.000002
v 5.691342 49.461937 -1.843244
v 5.691342 49.461937 0.000002
v 6.461940 48.691338 0.000002
v 6.461940 48.691338 -1.843244
v 7.500000 4.000000 1.946716
v 8.000000 4.000000 1.946716
v 6.500000 39.999996 1.843248
v 6.500000 36.999996 1.843248
v 7.000000 36.999996 1.843248
v 7.000000 39.999996 1.843248
v 7.000000 28.499998 -1.843245
v 6.500000 28.999998 -1.843245
v 6.961940 29.191339 -1.843245
v 7.461940 28.691339 -1.843245
v 7.500000 8.000000 1.946716
v 7.500000 5.000000 1.946716
v 8.000000 5.000000 1.946716
v 8.000000 8.000000 1.946716
v 4.000000 3.500000 -7.397451
v 2.500000 3.500000 -7.397451
v 2.000000 4.000000 -7.397451
v 4.000000 4.000000 -7.397451
v 7.500000 3.500000 3.893431
v 7.500000 3.500000 2.446716
v 7.500000 4.000000 1.946716
v 7.500000 4.000000 3.893431
v 7.500000 3.500000 -3.893430
v 6.686684 3.500000 -4.707681
v 6.333334 4.000000 -5.061437
v 7.500000 4.000000 -3.893430
v 4.000000 3.500000 7.397452
v 4.813316 3.500000 6.583201
v 5.166666 4.000000 6.229445
v 4.000000 4.000000 7.397452
v 4.813317 3.500000 -6.583200
v 4.000000 3.500000 -7.397451
v 4.000000 4.000000 -7.397451
v 5.166667 4.000000 -6.229444
v 6.686683 3.500000 4.707682
v 7.500000 3.500000 3.893431
v 7.500000 4.000000 3.893431
v 6.333333 4.000000 5.061438
v 4.813316 3.500000 6.583201
v 4.813316 1.000000 6.583201
v 5.166666 1.000000 6.229445
v 5.166666 4.000000 6.229445
v 6.686683 1.000000 4.707682
v 6.686683 3.500000 4.707682
v 6.333333 4.000000 5.061438
v 6.333333 1.000000 5.061438
v 6.686684 3.500000 -4.707681
v 6.686684 1.000000 -4.707681
v 6.333334 1.000000 -5.061437
v 6.333334 4.000000 -5.061437
v 4.813317 1.000000 -6.583200
v 4.813317 3.500000 -6.583200
v 5.166667 4.000000 -6.229444
v 5.166667 1.000000 -6.229444
v 2.500000 3.500000 7.397451
v 4.000000 3.500000 7.397452
v 4.000000 4.000000 7.397452
v 2.000000 4.000000 7.397451
v 2.500000 3.500000 -7.397451
v 2.500000 1.000000 -7.397451
v 2.000000 1.000000 -7.397451
v 2.000000 4.000000 -7.397451
v 2.500000 1.000000 7.397451
v 2.500000 3.500000 7.397451
v 2.000000 4.000000 7.397451
v 2.000000 1.000000 7.397451
v 7.500000 1.000000 2.446716
v 7.500000 1.000000 1.946716
v 7.500000 3.500000 -2.446715
v 7.500000 3.500000 -3.893430
v 7.500000 4.000000 -3.893430
v 7.500000 4.000000 -1.946715
v 7.500000 1.000000 -2.446715
v 7.500000 3.500000 -2.446715
v 7.500000 4.000000 -1.946715
v 7.500000 1.000000 -1.946715
v 8.000000 1.000000 -2.446715
v 8.000001 1.000000 -4.100369
v 8.000001 3.500000 -4.100369
v 8.000000 3.500000 -2.446715
v 2.500000 1.000000 7.897451
v 4.207274 1.000000 7.897452
v 4.207274 3.500000 7.897452
v 2.500000 3.500000 7.897451
v 5.167073 1.000000 -6.936551
v 4.207275 1.000000 -7.897451
v 4.207275 3.500000 -7.897451
v 5.167073 3.500000 -6.936551
v 7.040440 1.000000 5.061032
v 8.000000 1.000000 4.100369
v 8.000000 3.500000 4.100369
v 7.040440 3.500000 5.061032
v 4.207274 1.000000 7.897452
v 5.167072 1.000000 6.936552
v 5.167072 3.500000 6.936552
v 4.207274 3.500000 7.897452
v 8.000001 1.000000 -4.100369
v 7.040441 1.000000 -5.061031
v 7.040441 3.500000 -5.061031
v 8.000001 3.500000 -4.100369
v 4.207275 1.000000 -7.897451
v 2.500000 1.000000 -7.897451
v 2.500000 3.500000 -7.897451
v 4.207275 3.500000 -7.897451
v 8.000000 1.000000 4.100369
v 8.000000 1.000000 2.446716
v 8.000000 3.500000 2.446716
v 8.000000 3.500000 4.100369
v 4.813317 3.500000 -6.583200
v 4.813317 1.000000 -6.583200
v 5.167073 1.000000 -6.936551
v 5.167073 3.500000 -6.936551
v 6.686684 3.500000 -4.707681
v 7.500000 3.500000 -3.893430
v 8.000001 3.500000 -4.100369
v 7.040441 3.500000 -5.061031
v 6.686683 1.000000 4.707682
v 7.040440 1.000000 5.061032
v 7.500000 1.000000 -3.893430
v 6.686684 1.000000 -4.707681
v 7.040441 1.000000 -5.061031
v 8.000001 1.000000 -4.100369
v 4.000000 3.500000 7.397452
v 2.500000 3.500000 7.397451
v 2.500000 3.500000 7.897451
v 4.207274 3.500000 7.897452
v 4.813316 3.500000 6.583201
v 5.167072 3.500000 6.936552
v 4.000000 1.000000 7.397452
v 4.813316 1.000000 6.583201
v 5.167072 1.000000 6.936552
v 4.207274 1.000000 7.897452
v 2.500000 1.000000 -7.397451
v 2.500000 3.500000 -7.397451
v 2.500000 3.500000 -7.897451
v 2.500000 1.000000 -7.897451
v 2.500000 1.000000 7.397451
v 2.500000 1.000000 7.897451
v 4.000000 3.500000 -7.397451
v 4.813317 3.500000 -6.583200
v 5.167073 3.500000 -6.936551
v 4.207275 3.500000 -7.897451
v 7.500000 1.000000 -2.446715
v 8.000000 1.000000 -2.446715
v 2.500000 3.500000 7.397451
v 2.500000 1.000000 7.397451
v 2.500000 1.000000 7.897451
v 2.500000 3.500000 7.897451
v 7.500000 3.500000 3.893431
v 6.686683 3.500000 4.707682
v 7.040440 3.500000 5.061032
v 8.000000 3.500000 4.100369
v 7.500000 1.000000 2.446716
v 7.500000 3.500000 2.446716
v 8.000000 3.500000 2.446716
v 8.000000 1.000000 2.446716
v 4.813316 1.000000 6.583201
v 4.813316 3.500000 6.583201
v 5.167072 3.500000 6.936552
v 5.167072 1.000000 6.936552
v 7.500000 3.500000 -3.893430
v 7.500000 3.500000 -2.446715
v 8.000000 3.500000 -2.446715
v 8.000001 3.500000 -4.100369
v 8.000000 0.500000 1.946716
v 8.000000 0.500000 0.000000
v 8.100000 0.650000 -1.596715
v 8.100000 0.650000 -0.350000
v 8.100000 0.500000 -0.350000
v 8.100000 0.500000 -1.596715
v 2.000000 4.249999 7.397451
v 0.000000 4.249999 7.397451
v 0.000000 4.000000 7.397451
v 2.000000 4.000000 7.397451
v 2.000000 4.250000 -7.397451
v 4.000000 4.250000 -7.397451
v 4.000000 4.000000 -7.397451
v 7.500000 4.250000 1.946716
v 7.500000 4.250000 3.893431
v 6.333334 4.250000 -5.061437
v 7.500000 4.250000 -3.893430
v 7.500000 4.000000 -3.893430
v 6.333334 4.000000 -5.061437
v 5.166666 4.250000 6.229445
v 4.000000 4.249999 7.397452
v 4.000000 4.000000 7.397452
v 5.166666 4.000000 6.229445
v 0.000000 4.749999 7.397451
v 2.000000 4.749999 7.397451
v 2.000000 4.999999 7.397451
v 0.000000 4.999999 7.397451
v 4.000000 4.750000 -7.397451
v 2.000000 4.750000 -7.397451
v 2.000000 5.000000 -7.397451
v 4.000000 5.000000 -7.397451
v 7.500000 4.750000 3.893431
v 7.500000 4.750000 1.946716
v 7.500000 5.000000 1.946716
v 7.500000 5.000000 3.893431
v 7.500000 4.750000 -3.893430
v 6.333334 4.750000 -5.061437
v 6.333334 5.000000 -5.061437
v 7.500000 5.000000 -3.893430
v 4.000000 4.749999 7.397452
v 5.166666 4.750000 6.229445
v 5.166666 5.000000 6.229445
v 4.000000 4.999999 7.397452
v 1.750000 8.042867 7.897515
v 1.750000 7.749972 7.897505
v 1.750000 7.999999 7.397452
v 1.750000 8.249999 7.397452
v 2.000000 8.249999 -7.397451
v 4.000000 8.249999 -7.397450
v 4.000000 8.000000 -7.397450
v 2.000000 8.000000 -7.397451
v 7.500000 8.249999 1.946716
v 7.500000 8.249999 3.893431
v 7.500000 8.000000 3.893431
v 7.500000 8.000000 1.946716
v 6.333334 8.249999 -5.061437
v 7.500000 8.249999 -3.893430
v 7.500000 8.000000 -3.893430
v 6.333334 8.000000 -5.061437
v 5.166666 8.249999 6.229445
v 4.000000 8.249999 7.397452
v 4.000000 7.999999 7.397452
v 5.166666 8.000000 6.229445
v 0.000000 9.499999 8.397450
v 1.249912 9.499999 8.397450
v 1.249885 11.499999 8.397450
v 0.000000 11.499999 8.397450
v 4.000000 8.749999 -7.397450
v 2.000000 8.749999 -7.397451
v 2.000000 8.999999 -7.397451
v 4.000000 8.999999 -7.397450
v 7.500000 8.749999 3.893431
v 7.500000 8.749999 1.946716
v 7.500000 8.999999 1.946716
v 7.500000 8.999999 3.893431
v 7.500000 8.749999 -3.893430
v 6.333334 8.749999 -5.061437
v 6.333334 8.999999 -5.061437
v 7.500000 8.999999 -3.893430
v 4.000000 8.749999 7.397452
v 5.166666 8.749999 6.229445
v 5.166666 8.999999 6.229445
v 4.000000 8.999999 7.397452
v 1.750000 12.042770 7.897747
v 1.750000 11.749887 7.897675
v 1.750000 11.999999 7.397452
v 1.750000 12.249999 7.397452
v 2.000000 12.249999 -7.397451
v 4.000000 12.249999 -7.397450
v 4.000000 11.999999 -7.397450
v 2.000000 11.999999 -7.397451
v 7.500000 12.249999 1.946716
v 7.500000 12.249999 3.893431
v 7.500000 11.999999 3.893431
v 7.500000 11.999999 1.946716
v 6.333334 12.249999 -5.061437
v 7.500000 12.249999 -3.893430
v 7.500000 11.999999 -3.893430
v 6.333334 11.999999 -5.061437
v 5.166666 12.249999 6.229445
v 4.000000 12.249999 7.397452
v 4.000000 11.999999 7.397452
v 5.166666 11.999999 6.229445
v 1.750000 13.250452 7.898358
v 1.750000 12.957388 7.898135
v 1.750000 12.749999 7.397452
v 1.750000 12.999999 7.397452
v 4.000000 12.749999 -7.397450
v 2.000000 12.749999 -7.397451
v 2.000000 12.999999 -7.397451
v 4.000000 12.999999 -7.397450
v 7.500000 12.749999 3.893431
v 7.500000 12.749999 1.946716
v 7.500000 12.999999 1.946716
v 7.500000 12.999999 3.893431
v 7.500000 12.749999 -3.893430
v 6.333334 12.749999 -5.061437
v 6.333334 12.999999 -5.061437
v 7.500000 12.999999 -3.893430
v 4.000000 12.749999 7.397452
v 5.166666 12.749999 6.229445
v 5.166666 12.999999 6.229445
v 4.000000 12.999999 7.397452
v 4.000000 4.250000 -7.397451
v 5.166667 4.250000 -6.229444
v 5.166667 4.000000 -6.229444
v 4.000000 4.000000 -7.397451
v 5.166667 4.250000 -6.229444
v 6.333334 4.250000 -5.061437
v 7.500000 4.250000 3.893431
v 6.333333 4.250000 5.061438
v 6.333333 4.000000 5.061438
v 7.500000 4.000000 3.893431
v 5.166666 4.250000 6.229445
v 5.166666 4.000000 6.229445
v 5.166667 4.750000 -6.229444
v 4.000000 4.750000 -7.397451
v 4.000000 5.000000 -7.397451
v 5.166667 5.000000 -6.229444
v 6.333334 4.750000 -5.061437
v 5.166667 4.750000 -6.229444
v 5.166667 5.000000 -6.229444
v 6.333334 5.000000 -5.061437
v 6.333333 4.750000 5.061438
v 7.500000 4.750000 3.893431
v 7.500000 5.000000 3.893431
v 6.333333 5.000000 5.061438
v 5.166666 4.750000 6.229445
v 5.166666 5.000000 6.229445
v 4.000000 8.249999 -7.397450
v 5.166667 8.249999 -6.229444
v 5.166667 8.000000 -6.229444
v 4.000000 8.000000 -7.397450
v 5.166667 8.249999 -6.229444
v 6.333334 8.249999 -5.061437
v 6.333334 8.000000 -5.061437
v 5.166667 8.000000 -6.229444
v 7.500000 8.249999 3.893431
v 6.333333 8.249999 5.061439
v 6.333333 8.000000 5.061439
v 7.500000 8.000000 3.893431
v 5.166666 8.249999 6.229445
v 5.166666 8.000000 6.229445
v 5.166667 8.749999 -6.229444
v 4.000000 8.749999 -7.397450
v 4.000000 8.999999 -7.397450
v 5.166667 8.999999 -6.229444
v 6.333334 8.749999 -5.061437
v 5.166667 8.749999 -6.229444
v 5.166667 8.999999 -6.229444
v 6.333334 8.999999 -5.061437
v 6.333333 8.749999 5.061439
v 7.500000 8.749999 3.893431
v 7.500000 8.999999 3.893431
v 6.333333 8.999999 5.061439
v 5.166666 8.749999 6.229445
v 5.166666 8.999999 6.229445
v 4.000000 12.249999 -7.397450
v 5.166667 12.249999 -6.229444
v 5.166667 11.999999 -6.229444
v 4.000000 11.999999 -7.397450
v 5.166667 12.249999 -6.229444
v 6.333334 12.249999 -5.061437
v 6.333334 11.999999 -5.061437
v 5.166667 11.999999 -6.229444
v 7.500000 12.249999 3.893431
v 6.333333 12.249999 5.061439
v 6.333333 11.999999 5.061439
v 7.500000 11.999999 3.893431
v 5.166666 12.249999 6.229445
v 5.166666 11.999999 6.229445
v 5.166667 12.749999 -6.229444
v 4.000000 12.749999 -7.397450
v 4.000000 12.999999 -7.397450
v 5.166667 12.999999 -6.229444
v 6.333334 12.749999 -5.061437
v 5.166667 12.749999 -6.229444
v 5.166667 12.999999 -6.229444
v 6.333334 12.999999 -5.061437
v 6.333333 12.749999 5.061439
v 7.500000 12.749999 3.893431
v 7.500000 12.999999 3.893431
v 6.333333 12.999999 5.061439
v 5.166666 12.749999 6.229445
v 5.166666 12.999999 6.229445
v 1.646362 20.043289 7.396492
v 1.645388 19.751453 7.396149
v 1.646362 19.999998 6.897452
v 1.646362 20.249998 6.897452
v 1.896363 20.249998 -6.897451
v 3.792726 20.249998 -6.897450
v 3.792726 19.999998 -6.897450
v 1.896363 19.999998 -6.897451
v 7.000000 20.249998 1.843247
v 7.000000 20.249998 3.686493
v 7.000000 19.999998 3.686493
v 7.000000 19.999998 1.843247
v 5.979578 20.249998 -4.708086
v 7.000000 20.249998 -3.686491
v 7.000000 19.999998 -3.686491
v 5.979578 19.999998 -4.708086
v 4.812911 20.249998 5.876101
v 3.792725 20.249998 6.897452
v 3.792725 19.999998 6.897452
v 4.812911 19.999998 5.876101
v 3.792726 20.249998 -6.897450
v 4.812911 20.249998 -5.876093
v 4.812911 19.999998 -5.876093
v 3.792726 19.999998 -6.897450
v 4.812911 20.249998 -5.876093
v 5.979578 20.249998 -4.708086
v 5.979578 19.999998 -4.708086
v 4.812911 19.999998 -5.876093
v 7.000000 20.249998 3.686493
v 5.979577 20.249998 4.708089
v 5.979577 19.999998 4.708089
v 7.000000 19.999998 3.686493
v 5.979577 20.249998 4.708089
v 4.812911 20.249998 5.876101
v 4.812911 19.999998 5.876101
v 5.979577 19.999998 4.708089
v 1.646362 24.042850 7.397555
v 1.646362 23.750013 7.397423
v 1.646362 23.999998 6.897452
v 1.646362 24.249998 6.897452
v 0.000000 21.499464 7.897452
v 1.146156 21.499464 7.897452
v 1.146158 23.499998 7.897452
v 0.000000 23.499998 7.897452
v 3.792726 20.749998 -6.897450
v 1.896363 20.749998 -6.897451
v 1.896363 20.999998 -6.897450
v 3.792726 20.999998 -6.897450
v 7.000000 20.749998 3.686493
v 7.000000 20.749998 1.843247
v 7.000000 20.999998 1.843247
v 7.000000 20.999998 3.686493
v 7.000000 20.749998 -3.686491
v 5.979578 20.749998 -4.708086
v 5.979578 20.999998 -4.708086
v 7.000000 20.999998 -3.686491
v 3.792725 20.749998 6.897452
v 4.812911 20.749998 5.876101
v 4.812911 20.999998 5.876101
v 3.792725 20.999998 6.897453
v 4.812911 20.749998 -5.876093
v 3.792726 20.749998 -6.897450
v 3.792726 20.999998 -6.897450
v 4.812911 20.999998 -5.876093
v 5.979578 20.749998 -4.708086
v 4.812911 20.749998 -5.876093
v 4.812911 20.999998 -5.876093
v 5.979578 20.999998 -4.708086
v 5.979577 20.749998 4.708089
v 7.000000 20.749998 3.686493
v 7.000000 20.999998 3.686493
v 5.979577 20.999998 4.708089
v 4.812911 20.749998 5.876101
v 5.979577 20.749998 4.708089
v 5.979577 20.999998 4.708089
v 4.812911 20.999998 5.876101
v 1.896363 24.249998 -6.897450
v 3.792726 24.249998 -6.897450
v 3.792726 23.999998 -6.897450
v 1.896363 23.999998 -6.897450
v 7.000000 24.249998 1.843247
v 7.000000 24.249998 3.686493
v 7.000000 23.999998 3.686493
v 7.000000 23.999998 1.843247
v 5.979578 24.249998 -4.708086
v 7.000000 24.249998 -3.686491
v 7.000000 23.999998 -3.686491
v 5.979578 23.999998 -4.708086
v 4.812911 24.249998 5.876101
v 3.792725 24.249998 6.897453
v 3.792725 23.999998 6.897453
v 4.812911 23.999998 5.876101
v 3.792726 24.249998 -6.897450
v 4.812911 24.249998 -5.876093
v 4.812911 23.999998 -5.876093
v 3.792726 23.999998 -6.897450
v 4.812911 24.249998 -5.876093
v 5.979578 24.249998 -4.708086
v 5.979578 23.999998 -4.708086
v 4.812911 23.999998 -5.876093
v 7.000000 24.249998 3.686493
v 5.979577 24.249998 4.708089
v 5.979577 23.999998 4.708089
v 7.000000 23.999998 3.686493
v 5.979577 24.249998 4.708089
v 4.812911 24.249998 5.876101
v 4.812911 23.999998 5.876101
v 5.979577 23.999998 4.708089
v 1.646362 25.250414 7.398285
v 1.646362 24.957350 7.398046
v 1.646362 24.749998 6.897452
v 1.646362 24.999998 6.897452
v 3.792726 24.749998 -6.897450
v 1.896363 24.749998 -6.897450
v 1.896363 24.999998 -6.897450
v 3.792726 24.999998 -6.897450
v 7.000000 24.749998 3.686493
v 7.000000 24.749998 1.843247
v 7.000000 24.999998 1.843247
v 7.000000 24.999998 3.686493
v 7.000000 24.749998 -3.686491
v 5.979578 24.749998 -4.708086
v 5.979578 24.999998 -4.708086
v 7.000000 24.999998 -3.686491
v 3.792725 24.749998 6.897453
v 4.812911 24.749998 5.876101
v 4.812911 24.999998 5.876101
v 3.792725 24.999998 6.897453
v 4.812911 24.749998 -5.876093
v 3.792726 24.749998 -6.897450
v 3.792726 24.999998 -6.897450
v 4.812911 24.999998 -5.876093
v 5.979578 24.749998 -4.708086
v 4.812911 24.749998 -5.876093
v 4.812911 24.999998 -5.876093
v 5.979578 24.999998 -4.708086
v 5.979577 24.749998 4.708089
v 7.000000 24.749998 3.686493
v 7.000000 24.999998 3.686493
v 5.979577 24.999998 4.708089
v 4.812911 24.749998 5.876101
v 5.979577 24.749998 4.708089
v 5.979577 24.999998 4.708089
v 4.812911 24.999998 5.876101
v 0.000000 33.499462 7.397452
v 1.042603 33.499462 7.397452
v 1.042633 35.499996 7.397453
v 0.000000 35.499996 7.397452
v 4.000000 4.249999 7.397452
v 4.000000 4.000000 7.397452
v 0.000000 4.250000 -7.397452
v 4.000000 4.749999 7.397452
v 4.000000 4.999999 7.397452
v 0.000000 4.750000 -7.397452
v 0.000000 5.000000 -7.397452
v 4.000000 8.249999 7.397452
v 2.000000 8.249999 7.397452
v 2.000000 7.999999 7.397452
v 4.000000 7.999999 7.397452
v 1.750000 7.749973 -7.897504
v 1.750000 8.042867 -7.897514
v 1.750000 8.249999 -7.397451
v 1.750000 8.000000 -7.397451
v 2.000000 8.749999 7.397452
v 4.000000 8.749999 7.397452
v 4.000000 8.999999 7.397452
v 2.000000 8.999999 7.397452
v 1.750000 8.957159 -7.897580
v 1.750000 9.250084 -7.897621
v 1.750000 8.999999 -7.397451
v 1.750000 8.749999 -7.397451
v 4.000000 12.249999 7.397452
v 2.000000 12.249999 7.397452
v 2.000000 11.999999 7.397452
v 4.000000 11.999999 7.397452
v 1.750000 11.749887 -7.897675
v 1.750000 12.042771 -7.897745
v 1.750000 12.249999 -7.397451
v 1.750000 11.999999 -7.397451
v 2.000000 12.749999 7.397452
v 4.000000 12.749999 7.397452
v 4.000000 12.999999 7.397452
v 2.000000 12.999999 7.397452
v 1.750000 12.957388 -7.898134
v 1.750000 13.250452 -7.898357
v 1.750000 12.999999 -7.397451
v 1.750000 12.749999 -7.397451
v 3.792725 20.249998 6.897452
v 1.896362 20.249998 6.897452
v 1.896362 19.999998 6.897452
v 3.792725 19.999998 6.897452
v 1.645389 19.751453 -7.396147
v 1.646363 20.043289 -7.396492
v 1.646363 20.249998 -6.897451
v 1.646363 19.999998 -6.897451
v 3.792725 24.249998 6.897453
v 1.896362 24.249998 6.897452
v 1.896362 23.999998 6.897452
v 3.792725 23.999998 6.897453
v 1.896362 20.749998 6.897452
v 3.792725 20.749998 6.897452
v 3.792725 20.999998 6.897453
v 1.896362 20.999998 6.897452
v 1.646363 20.956974 -7.397139
v 1.646363 21.249649 -7.397287
v 1.646363 20.999998 -6.897450
v 1.646363 20.749998 -6.897451
v 1.646363 23.750013 -7.397421
v 1.646363 24.042850 -7.397553
v 1.646363 24.249998 -6.897450
v 1.646363 23.999998 -6.897450
v 1.896362 24.749998 6.897452
v 3.792725 24.749998 6.897453
v 3.792725 24.999998 6.897453
v 1.896362 24.999998 6.897452
v 1.646363 24.957350 -7.398043
v 1.646363 25.250414 -7.398283
v 1.646363 24.999998 -6.897450
v 1.646363 24.749998 -6.897450
v 7.500000 4.750000 1.946716
v 8.000000 4.750000 1.946716
v 8.000000 4.250000 1.946716
v 7.500000 4.250000 1.946716
v 7.500000 4.250000 -1.946715
v 8.000000 4.250000 -1.946715
v 6.000000 44.749996 1.843248
v 6.500000 44.749996 1.843248
v 7.000000 32.749996 -1.843245
v 6.500000 32.749996 -1.843245
v 6.500000 36.249996 -1.843245
v 7.000000 36.249996 -1.843245
v 8.000000 4.750000 -1.946715
v 7.500000 4.750000 -1.946715
v 7.500000 8.249999 -1.946715
v 8.000000 8.249999 -1.946715
v 6.000000 44.249996 -1.843244
v 6.500000 44.249996 -1.843244
v 6.500000 43.999996 -1.843244
v 6.000000 43.999996 -1.843244
v 8.000000 8.749999 -1.946715
v 7.500000 8.749999 -1.946715
v 7.500000 12.249999 -1.946715
v 8.000000 12.249999 -1.946715
v 7.000000 24.749998 1.843247
v 7.500000 24.749998 1.843247
v 7.500000 24.249998 1.843247
v 7.000000 24.249998 1.843247
v 8.000000 12.749999 -1.946715
v 7.500000 12.749999 -1.946715
v 7.000000 20.749998 1.843247
v 7.500000 20.749998 1.843247
v 7.500000 4.250000 -3.893430
v 7.500000 4.250000 -1.946715
v 7.500000 4.000000 -1.946715
v 7.500000 4.000000 -3.893430
v 7.500000 4.750000 -1.946715
v 7.500000 4.750000 -3.893430
v 7.500000 5.000000 -3.893430
v 7.500000 5.000000 -1.946715
v 7.500000 8.249999 -3.893430
v 7.500000 8.249999 -1.946715
v 7.500000 8.000000 -1.946715
v 7.500000 8.000000 -3.893430
v 7.500000 8.749999 -1.946715
v 7.500000 8.749999 -3.893430
v 7.500000 8.999999 -3.893430
v 7.500000 8.999999 -1.946715
v 7.500000 12.249999 -3.893430
v 7.500000 12.249999 -1.946715
v 7.500000 11.999999 -1.946715
v 7.500000 11.999999 -3.893430
v 7.500000 12.749999 -1.946715
v 7.500000 12.749999 -3.893430
v 7.500000 12.999999 -3.893430
v 7.500000 12.999999 -1.946715
v 7.000000 20.249998 -3.686491
v 7.000000 20.249998 -1.843245
v 7.000000 19.999998 -1.843245
v 7.000000 19.999998 -3.686491
v 7.000000 20.749998 -1.843245
v 7.000000 20.749998 -3.686491
v 7.000000 20.999998 -3.686491
v 7.000000 20.999998 -1.843245
v 7.000000 24.249998 -3.686491
v 7.000000 24.249998 -1.843245
v 7.000000 23.999998 -1.843245
v 7.000000 23.999998 -3.686491
v 7.000000 24.749998 -1.843245
v 7.000000 24.749998 -3.686491
v 7.000000 24.999998 -3.686491
v 7.000000 24.999998 -1.843245
v 1.542725 32.043312 6.896425
v 1.541686 31.751482 6.896089
v 1.542725 31.999998 6.397452
v 1.542725 32.249996 6.397452
v 1.792726 32.249996 -6.397450
v 3.585451 32.249996 -6.397450
v 3.585451 31.999998 -6.397450
v 1.792726 31.999998 -6.397450
v 6.500000 32.249996 1.843247
v 6.500000 32.249996 3.479555
v 6.500000 31.999998 3.479555
v 6.500000 31.999998 1.843247
v 5.625821 32.249996 -4.354735
v 6.500000 32.249996 -3.479552
v 6.500000 31.999998 -3.479552
v 5.625821 31.999998 -4.354735
v 4.459153 32.249996 5.522746
v 3.585450 32.249996 6.397453
v 3.585450 31.999998 6.397453
v 4.459153 31.999998 5.522746
v 3.585451 32.249996 -6.397450
v 4.459154 32.249996 -5.522742
v 4.459154 31.999998 -5.522742
v 3.585451 31.999998 -6.397450
v 4.459154 32.249996 -5.522742
v 5.625821 32.249996 -4.354735
v 5.625821 31.999998 -4.354735
v 4.459154 31.999998 -5.522742
v 6.500000 32.249996 3.479555
v 5.625820 32.249996 4.354738
v 5.625820 31.999998 4.354738
v 6.500000 31.999998 3.479555
v 5.625820 32.249996 4.354738
v 4.459153 32.249996 5.522746
v 4.459153 31.999998 5.522746
v 5.625820 31.999998 4.354738
v 1.542725 36.042965 6.897264
v 1.542725 35.750122 6.897202
v 1.542725 35.999996 6.397453
v 1.542725 36.249996 6.397453
v 3.585450 32.249996 6.397453
v 1.792725 32.249996 6.397452
v 1.792725 31.999998 6.397452
v 3.585450 31.999998 6.397453
v 1.541687 31.751482 -6.896087
v 1.542726 32.043312 -6.896423
v 1.542726 32.249996 -6.397450
v 1.542726 31.999998 -6.397450
v 7.500000 20.249998 1.843247
v 7.000000 20.249998 1.843247
v 7.000000 19.999998 1.843247
v 7.500000 19.999998 1.843247
v 7.000000 20.249998 -1.843245
v 7.500000 20.249998 -1.843245
v 6.500000 32.249996 -3.479552
v 6.500000 32.249996 -1.843245
v 6.500000 31.999998 -1.843245
v 6.500000 31.999998 -3.479552
v 3.585451 32.749996 -6.397450
v 1.792726 32.749996 -6.397450
v 1.792726 32.999996 -6.397450
v 3.585451 32.999996 -6.397450
v 6.500000 32.749996 3.479555
v 6.500000 32.749996 1.843247
v 6.500000 32.999996 1.843247
v 6.500000 32.999996 3.479555
v 6.500000 32.749996 -3.479552
v 5.625821 32.749996 -4.354735
v 5.625821 32.999996 -4.354735
v 6.500000 32.999996 -3.479552
v 3.585450 32.749996 6.397453
v 4.459153 32.749996 5.522746
v 4.459153 32.999996 5.522746
v 3.585450 32.999996 6.397453
v 4.459154 32.749996 -5.522742
v 3.585451 32.749996 -6.397450
v 3.585451 32.999996 -6.397450
v 4.459154 32.999996 -5.522742
v 5.625821 32.749996 -4.354735
v 4.459154 32.749996 -5.522742
v 4.459154 32.999996 -5.522742
v 5.625821 32.999996 -4.354735
v 5.625820 32.749996 4.354738
v 6.500000 32.749996 3.479555
v 6.500000 32.999996 3.479555
v 5.625820 32.999996 4.354738
v 4.459153 32.749996 5.522746
v 5.625820 32.749996 4.354738
v 5.625820 32.999996 4.354738
v 4.459153 32.999996 5.522746
v 1.792725 32.749996 6.397452
v 3.585450 32.749996 6.397453
v 3.585450 32.999996 6.397453
v 1.792725 32.999996 6.397452
v 1.542726 32.956924 -6.897009
v 1.542726 33.249561 -6.897118
v 1.542726 32.999996 -6.397450
v 1.542726 32.749996 -6.397450
v 6.500000 32.749996 -1.843245
v 6.500000 32.749996 -3.479552
v 6.500000 32.999996 -3.479552
v 6.500000 32.999996 -1.843245
v 1.792726 36.249996 -6.397450
v 3.585451 36.249996 -6.397449
v 3.585451 35.999996 -6.397449
v 1.792726 35.999996 -6.397450
v 6.500000 36.249996 1.843247
v 6.500000 36.249996 3.479555
v 6.500000 35.999996 3.479555
v 6.500000 35.999996 1.843247
v 5.625821 36.249996 -4.354735
v 6.500000 36.249996 -3.479552
v 6.500000 35.999996 -3.479552
v 5.625821 35.999996 -4.354735
v 4.459153 36.249996 5.522746
v 3.585450 36.249996 6.397453
v 3.585450 35.999996 6.397453
v 4.459153 35.999996 5.522746
v 3.585451 36.249996 -6.397449
v 4.459154 36.249996 -5.522742
v 4.459154 35.999996 -5.522742
v 3.585451 35.999996 -6.397449
v 4.459154 36.249996 -5.522742
v 5.625821 36.249996 -4.354735
v 5.625821 35.999996 -4.354735
v 4.459154 35.999996 -5.522742
v 6.500000 36.249996 3.479555
v 5.625820 36.249996 4.354739
v 5.625820 35.999996 4.354739
v 6.500000 35.999996 3.479555
v 5.625820 36.249996 4.354739
v 4.459153 36.249996 5.522746
v 4.459153 35.999996 5.522746
v 5.625820 35.999996 4.354739
v 3.585450 36.249996 6.397453
v 1.792725 36.249996 6.397453
v 1.792725 35.999996 6.397453
v 3.585450 35.999996 6.397453
v 1.542726 35.750122 -6.897199
v 1.542726 36.042965 -6.897261
v 1.542726 36.249996 -6.397450
v 1.542726 35.999996 -6.397450
v 6.500000 36.249996 -3.479552
v 6.500000 36.249996 -1.843245
v 6.500000 35.999996 -1.843245
v 6.500000 35.999996 -3.479552
v 6.500000 36.749996 1.843248
v 7.000000 36.749996 1.843248
v 7.500000 20.749998 -1.843245
v 7.000000 20.749998 -1.843245
v 7.000000 24.249998 -1.843245
v 7.500000 24.249998 -1.843245
v 7.000000 36.749996 -1.843245
v 6.500000 36.749996 -1.843245
v 1.542726 43.750008 -6.397430
v 1.542726 44.042892 -6.397435
v 1.542726 44.249996 -5.897450
v 1.542726 43.999996 -5.897450
v 5.272063 44.249996 4.001389
v 4.105397 44.249996 5.169396
v 4.105397 43.999996 5.169396
v 5.272063 43.999996 4.001389
v 4.105397 44.249996 5.169396
v 3.378175 44.249996 5.897453
v 3.378175 43.999996 5.897453
v 4.105397 43.999996 5.169396
v 1.792726 44.249996 -5.897450
v 3.378176 44.249996 -5.897449
v 3.378176 43.999996 -5.897449
v 1.792726 43.999996 -5.897450
v 3.378176 44.249996 -5.897449
v 4.105398 44.249996 -5.169392
v 4.105398 43.999996 -5.169392
v 3.378176 43.999996 -5.897449
v 7.500000 12.749999 1.946716
v 8.000000 12.749999 1.946716
v 4.105398 44.249996 -5.169392
v 5.272065 44.249996 -4.001384
v 5.272065 43.999996 -4.001384
v 4.105398 43.999996 -5.169392
v 7.500000 24.749998 -1.843245
v 7.000000 24.749998 -1.843245
v 6.000000 44.249996 -3.272613
v 6.000000 44.249996 -1.843244
v 6.000000 43.999996 -1.843244
v 6.000000 43.999996 -3.272613
v 3.378175 44.249996 5.897453
v 1.792725 44.249996 5.897453
v 1.792725 43.999996 5.897453
v 3.378175 43.999996 5.897453
v 6.500000 44.749996 -1.843244
v 6.000000 44.749996 -1.843244
v 6.000000 44.249996 3.272616
v 5.272063 44.249996 4.001389
v 5.272063 43.999996 4.001389
v 6.000000 43.999996 3.272616
v 5.272065 44.249996 -4.001384
v 6.000000 44.249996 -3.272613
v 6.000000 43.999996 -3.272613
v 5.272065 43.999996 -4.001384
v 6.000000 44.249996 1.843248
v 6.000000 44.249996 3.272616
v 6.000000 43.999996 3.272616
v 6.000000 43.999996 1.843248
v 1.542725 44.042892 6.397438
v 1.542725 43.750008 6.397433
v 1.542725 43.999996 5.897453
v 1.542725 44.249996 5.897453
v 8.000000 12.249999 1.946716
v 7.500000 12.249999 1.946716
v 1.542725 37.249966 6.897392
v 1.542725 36.957073 6.897372
v 1.542725 36.749996 6.397453
v 1.542725 36.999996 6.397453
v 3.585451 36.749996 -6.397449
v 1.792726 36.749996 -6.397450
v 1.792726 36.999996 -6.397450
v 3.585451 36.999996 -6.397449
v 6.500000 36.749996 3.479555
v 6.500000 36.749996 1.843248
v 6.500000 36.999996 1.843248
v 6.500000 36.999996 3.479555
v 6.500000 36.749996 -3.479552
v 5.625821 36.749996 -4.354735
v 5.625821 36.999996 -4.354735
v 6.500000 36.999996 -3.479552
v 3.585450 36.749996 6.397453
v 4.459153 36.749996 5.522746
v 4.459153 36.999996 5.522746
v 3.585450 36.999996 6.397453
v 4.459154 36.749996 -5.522742
v 3.585451 36.749996 -6.397449
v 3.585451 36.999996 -6.397449
v 4.459154 36.999996 -5.522742
v 5.625821 36.749996 -4.354735
v 4.459154 36.749996 -5.522742
v 4.459154 36.999996 -5.522742
v 5.625821 36.999996 -4.354735
v 5.625820 36.749996 4.354739
v 6.500000 36.749996 3.479555
v 6.500000 36.999996 3.479555
v 5.625820 36.999996 4.354739
v 4.459153 36.749996 5.522746
v 5.625820 36.749996 4.354739
v 5.625820 36.999996 4.354739
v 4.459153 36.999996 5.522746
v 1.792725 36.749996 6.397453
v 3.585450 36.749996 6.397453
v 3.585450 36.999996 6.397453
v 1.792725 36.999996 6.397453
v 1.542726 36.957073 -6.897369
v 1.542726 37.249966 -6.897389
v 1.542726 36.999996 -6.397450
v 1.542726 36.749996 -6.397450
v 6.500000 32.249996 -1.843245
v 7.000000 32.249996 -1.843245
v 7.000000 31.999998 -1.843245
v 6.500000 31.999998 -1.843245
v 6.500000 36.749996 -1.843245
v 6.500000 36.749996 -3.479552
v 6.500000 36.999996 -3.479552
v 6.500000 36.999996 -1.843245
v 7.500000 8.749999 1.946716
v 8.000000 8.749999 1.946716
v 8.000000 8.249999 1.946716
v 7.500000 8.249999 1.946716
v 7.000000 36.249996 1.843247
v 6.500000 36.249996 1.843247
v 0.000000 45.499996 6.897452
v 1.042722 45.499996 6.897453
v 1.042723 47.999996 6.897453
v 0.000000 47.999996 6.897452
v 6.000000 44.749996 3.272616
v 6.000000 44.749996 1.843248
v 6.000000 44.999996 1.843248
v 6.000000 44.999996 3.272616
v 6.000000 44.749996 -3.272613
v 5.272065 44.749996 -4.001384
v 5.272065 44.999996 -4.001384
v 6.000000 44.999996 -3.272613
v 5.272063 44.749996 4.001389
v 6.000000 44.749996 3.272616
v 6.000000 44.999996 3.272616
v 5.272063 44.999996 4.001389
v 1.792725 44.749996 5.897453
v 3.378175 44.749996 5.897453
v 3.378175 44.999996 5.897453
v 1.792725 44.999996 5.897453
v 6.000000 44.749996 -1.843244
v 6.000000 44.749996 -3.272613
v 6.000000 44.999996 -3.272613
v 6.000000 44.999996 -1.843244
v 6.500000 32.749996 1.843247
v 7.000000 32.749996 1.843247
v 5.272065 44.749996 -4.001384
v 4.105398 44.749996 -5.169392
v 4.105398 44.999996 -5.169392
v 5.272065 44.999996 -4.001384
v 4.105398 44.749996 -5.169392
v 3.378176 44.749996 -5.897449
v 3.378176 44.999996 -5.897449
v 4.105398 44.999996 -5.169392
v 3.378176 44.749996 -5.897449
v 1.792726 44.749996 -5.897450
v 1.792726 44.999996 -5.897450
v 3.378176 44.999996 -5.897449
v 3.378175 44.749996 5.897453
v 4.105397 44.749996 5.169396
v 4.105397 44.999996 5.169396
v 3.378175 44.999996 5.897453
v 4.105397 44.749996 5.169396
v 5.272063 44.749996 4.001389
v 5.272063 44.999996 4.001389
v 4.105397 44.999996 5.169396
v 1.542726 44.957104 -6.397443
v 1.542726 45.249992 -6.397445
v 1.542726 44.999996 -5.897450
v 1.542726 44.749996 -5.897450
v 6.500000 44.249996 1.843248
v 6.000000 44.249996 1.843248
v 6.000000 43.999996 1.843248
v 6.500000 43.999996 1.843248
v 7.000000 32.249996 1.843247
v 6.500000 32.249996 1.843247
v 6.500000 31.999998 1.843247
v 7.000000 31.999998 1.843247
v 8.000000 0.750000 -0.250000
v 8.000000 0.750000 -1.696715
v 8.000000 4.250000 -1.946715
v 8.000000 4.250000 0.000000
v 8.000000 4.750000 0.000000
v 8.000000 4.750000 -1.946715
v 8.000000 8.249999 -1.946715
v 8.000000 8.249999 0.000001
v 8.000000 8.749999 0.000001
v 8.000000 8.749999 -1.946715
v 8.000000 12.249999 -1.946715
v 8.000000 12.249999 0.000001
v 8.000000 12.749999 0.000001
v 8.000000 12.749999 -1.946715
v 7.500000 20.249998 -1.843245
v 7.500000 20.249998 0.000001
v 7.500000 19.999998 0.000001
v 7.500000 19.999998 -1.843245
v 7.500000 20.749998 0.000001
v 7.500000 20.749998 -1.843245
v 7.500000 24.249998 -1.843245
v 7.500000 24.249998 0.000001
v 7.500000 24.749998 0.000001
v 7.500000 24.749998 -1.843245
v 8.000000 4.250000 1.946716
v 8.000000 4.750000 1.946716
v 8.000000 8.249999 1.946716
v 8.000000 8.749999 1.946716
v 8.000000 12.249999 1.946716
v 8.000000 12.749999 1.946716
v 7.500000 20.249998 1.843247
v 7.500000 19.999998 1.843247
v 7.500000 20.749998 1.843247
v 7.500000 24.249998 1.843247
v 7.500000 24.749998 1.843247
v 7.000000 32.249996 -1.843245
v 7.000000 32.249996 0.000001
v 7.000000 31.999998 0.000001
v 7.000000 31.999998 -1.843245
v 7.000000 32.249996 1.843247
v 7.000000 31.999998 1.843247
v 7.000000 32.749996 0.000001
v 7.000000 32.749996 -1.843245
v 7.000000 32.749996 1.843247
v 7.000000 36.249996 -1.843245
v 7.000000 36.249996 0.000001
v 7.000000 36.249996 1.843247
v 6.500000 44.249996 -1.843244
v 6.500000 44.249996 0.000002
v 6.500000 43.999996 0.000002
v 6.500000 43.999996 -1.843244
v 6.500000 44.249996 1.843248
v 6.500000 43.999996 1.843248
v 7.000000 36.749996 0.000001
v 7.000000 36.749996 -1.843245
v 7.000000 36.749996 1.843248
v 6.500000 44.749996 1.843248
v 6.500000 44.749996 0.000002
v 6.500000 44.749996 -1.843244
v 8.000000 0.500000 -0.250000
v 8.000000 0.500000 -1.696715
v 8.000000 0.500000 -1.946715
v 2.000000 4.349999 7.497451
v 0.000000 4.349999 7.497451
v 0.000000 4.249999 7.397451
v 2.000000 4.249999 7.397451
v 2.000000 4.350000 -7.497451
v 4.041455 4.350000 -7.497451
v 4.000000 4.250000 -7.397451
v 2.000000 4.250000 -7.397451
v 7.600000 4.349999 2.046716
v 7.600000 4.349999 3.934819
v 7.500000 4.250000 3.893431
v 7.500000 4.250000 1.946716
v 6.404085 4.349999 -5.132107
v 7.600000 4.349999 -3.934818
v 7.500000 4.250000 -3.893430
v 6.333334 4.250000 -5.061437
v 5.237417 4.349999 6.300115
v 4.041454 4.349999 7.497452
v 4.000000 4.249999 7.397452
v 5.166666 4.250000 6.229445
v 0.000000 4.649999 7.497451
v 2.000000 4.649999 7.497451
v 2.000000 4.749999 7.397451
v 0.000000 4.749999 7.397451
v 4.041455 4.650000 -7.497451
v 2.000000 4.650000 -7.497451
v 2.000000 4.750000 -7.397451
v 4.000000 4.750000 -7.397451
v 7.600000 4.650000 3.934819
v 7.600000 4.650000 2.046716
v 7.500000 4.750000 1.946716
v 7.500000 4.750000 3.893431
v 7.600000 4.650000 -3.934818
v 6.404085 4.650000 -5.132107
v 6.333334 4.750000 -5.061437
v 7.500000 4.750000 -3.893430
v 4.041454 4.649999 7.497452
v 5.237417 4.650000 6.300115
v 5.166666 4.750000 6.229445
v 4.000000 4.749999 7.397452
v 0.000000 7.935788 8.497451
v 1.249957 7.935788 8.497451
v 1.249946 9.064211 8.497451
v 0.000000 9.064210 8.497451
v 2.000000 8.349999 -7.497451
v 4.041455 8.349999 -7.497450
v 4.000000 8.249999 -7.397450
v 2.000000 8.249999 -7.397451
v 7.600000 8.349999 2.046716
v 7.600000 8.349999 3.934819
v 7.500000 8.249999 3.893431
v 7.500000 8.249999 1.946716
v 6.404085 8.349999 -5.132107
v 7.600000 8.349999 -3.934818
v 7.500000 8.249999 -3.893430
v 6.333334 8.249999 -5.061437
v 5.237417 8.349999 6.300116
v 4.041454 8.349999 7.497452
v 4.000000 8.249999 7.397452
v 5.166666 8.249999 6.229445
v 1.750000 8.957159 7.897582
v 1.750000 8.857146 7.997552
v 1.750000 8.649999 7.497452
v 1.750000 8.749999 7.397452
v 4.041455 8.649999 -7.497450
v 2.000000 8.649999 -7.497451
v 2.000000 8.749999 -7.397451
v 4.000000 8.749999 -7.397450
v 7.600000 8.649999 3.934819
v 7.600000 8.649999 2.046716
v 7.500000 8.749999 1.946716
v 7.500000 8.749999 3.893431
v 7.600000 8.649999 -3.934818
v 6.404085 8.649999 -5.132107
v 6.333334 8.749999 -5.061437
v 7.500000 8.749999 -3.893430
v 4.041454 8.649999 7.497452
v 5.237417 8.649999 6.300116
v 5.166666 8.749999 6.229445
v 4.000000 8.749999 7.397452
v 0.000000 11.935788 8.497451
v 1.249801 11.935787 8.497451
v 1.249737 13.064211 8.497451
v 0.000000 13.064210 8.497451
v 2.000000 12.349999 -7.497451
v 4.041455 12.349999 -7.497450
v 4.000000 12.249999 -7.397450
v 2.000000 12.249999 -7.397451
v 7.600000 12.349999 2.046716
v 7.600000 12.349999 3.934819
v 7.500000 12.249999 3.893431
v 7.500000 12.249999 1.946716
v 6.404085 12.349999 -5.132107
v 7.600000 12.349999 -3.934818
v 7.500000 12.249999 -3.893430
v 6.333334 12.249999 -5.061437
v 5.237417 12.349999 6.300116
v 4.041454 12.349999 7.497452
v 4.000000 12.249999 7.397452
v 5.166666 12.249999 6.229445
v 1.750000 12.957388 7.898135
v 1.750000 12.857319 7.997968
v 1.750000 12.649999 7.497452
v 1.750000 12.749999 7.397452
v 4.041455 12.649999 -7.497450
v 2.000000 12.649999 -7.497451
v 2.000000 12.749999 -7.397451
v 4.000000 12.749999 -7.397450
v 7.600000 12.649999 3.934819
v 7.600000 12.649999 2.046716
v 7.500000 12.749999 1.946716
v 7.500000 12.749999 3.893431
v 7.600000 12.649999 -3.934818
v 6.404085 12.649999 -5.132107
v 6.333334 12.749999 -5.061437
v 7.500000 12.749999 -3.893430
v 4.041454 12.649999 7.497452
v 5.237417 12.649999 6.300116
v 5.166666 12.749999 6.229445
v 4.000000 12.749999 7.397452
v 4.041455 4.350000 -7.497451
v 5.237418 4.349999 -6.300114
v 5.166667 4.250000 -6.229444
v 4.000000 4.250000 -7.397451
v 5.237418 4.349999 -6.300114
v 6.404085 4.349999 -5.132107
v 6.333334 4.250000 -5.061437
v 5.166667 4.250000 -6.229444
v 7.600000 4.349999 3.934819
v 6.404084 4.349999 5.132108
v 6.333333 4.250000 5.061438
v 7.500000 4.250000 3.893431
v 6.404084 4.349999 5.132108
v 5.237417 4.349999 6.300115
v 5.166666 4.250000 6.229445
v 6.333333 4.250000 5.061438
v 5.237418 4.650000 -6.300114
v 4.041455 4.650000 -7.497451
v 4.000000 4.750000 -7.397451
v 5.166667 4.750000 -6.229444
v 6.404085 4.650000 -5.132107
v 5.237418 4.650000 -6.300114
v 5.166667 4.750000 -6.229444
v 6.333334 4.750000 -5.061437
v 6.404084 4.650000 5.132108
v 7.600000 4.650000 3.934819
v 7.500000 4.750000 3.893431
v 6.333333 4.750000 5.061438
v 5.237417 4.650000 6.300115
v 6.404084 4.650000 5.132108
v 6.333333 4.750000 5.061438
v 5.166666 4.750000 6.229445
v 4.041455 8.349999 -7.497450
v 5.237418 8.349999 -6.300114
v 5.166667 8.249999 -6.229444
v 4.000000 8.249999 -7.397450
v 5.237418 8.349999 -6.300114
v 6.404085 8.349999 -5.132107
v 6.333334 8.249999 -5.061437
v 5.166667 8.249999 -6.229444
v 7.600000 8.349999 3.934819
v 6.404084 8.349999 5.132109
v 6.333333 8.249999 5.061439
v 7.500000 8.249999 3.893431
v 6.404084 8.349999 5.132109
v 5.237417 8.349999 6.300116
v 5.166666 8.249999 6.229445
v 6.333333 8.249999 5.061439
v 5.237418 8.649999 -6.300114
v 4.041455 8.649999 -7.497450
v 4.000000 8.749999 -7.397450
v 5.166667 8.749999 -6.229444
v 6.404085 8.649999 -5.132107
v 5.237418 8.649999 -6.300114
v 5.166667 8.749999 -6.229444
v 6.333334 8.749999 -5.061437
v 6.404084 8.649999 5.132109
v 7.600000 8.649999 3.934819
v 7.500000 8.749999 3.893431
v 6.333333 8.749999 5.061439
v 5.237417 8.649999 6.300116
v 6.404084 8.649999 5.132109
v 6.333333 8.749999 5.061439
v 5.166666 8.749999 6.229445
v 4.041455 12.349999 -7.497450
v 5.237418 12.349999 -6.300114
v 5.166667 12.249999 -6.229444
v 4.000000 12.249999 -7.397450
v 5.237418 12.349999 -6.300114
v 6.404085 12.349999 -5.132107
v 6.333334 12.249999 -5.061437
v 5.166667 12.249999 -6.229444
v 7.600000 12.349999 3.934819
v 6.404084 12.349999 5.132109
v 6.333333 12.249999 5.061439
v 7.500000 12.249999 3.893431
v 6.404084 12.349999 5.132109
v 5.237417 12.349999 6.300116
v 5.166666 12.249999 6.229445
v 6.333333 12.249999 5.061439
v 5.237418 12.649999 -6.300114
v 4.041455 12.649999 -7.497450
v 4.000000 12.749999 -7.397450
v 5.166667 12.749999 -6.229444
v 6.404085 12.649999 -5.132107
v 5.237418 12.649999 -6.300114
v 5.166667 12.749999 -6.229444
v 6.333334 12.749999 -5.061437
v 6.404084 12.649999 5.132109
v 7.600000 12.649999 3.934819
v 7.500000 12.749999 3.893431
v 6.333333 12.749999 5.061439
v 5.237417 12.649999 6.300116
v 6.404084 12.649999 5.132109
v 6.333333 12.749999 5.061439
v 5.166666 12.749999 6.229445
v 0.000000 19.935787 7.997452
v 1.146044 19.935787 7.997452
v 1.146102 21.064209 7.997452
v 0.000000 21.064209 7.997452
v 1.896363 20.349998 -6.997451
v 3.834181 20.349998 -6.997450
v 3.792726 20.249998 -6.897450
v 1.896363 20.249998 -6.897451
v 7.100000 20.349998 1.943247
v 7.100000 20.349998 3.727881
v 7.000000 20.249998 3.686493
v 7.000000 20.249998 1.843247
v 6.050329 20.349998 -4.778757
v 7.100000 20.349998 -3.727879
v 7.000000 20.249998 -3.686491
v 5.979578 20.249998 -4.708086
v 4.883662 20.349998 5.946771
v 3.834179 20.349998 6.997452
v 3.792725 20.249998 6.897452
v 4.812911 20.249998 5.876101
v 3.834181 20.349998 -6.997450
v 4.883662 20.349998 -5.946764
v 4.812911 20.249998 -5.876093
v 3.792726 20.249998 -6.897450
v 4.883662 20.349998 -5.946764
v 6.050329 20.349998 -4.778757
v 5.979578 20.249998 -4.708086
v 4.812911 20.249998 -5.876093
v 7.100000 20.349998 3.727881
v 6.050328 20.349998 4.778759
v 5.979577 20.249998 4.708089
v 7.000000 20.249998 3.686493
v 6.050328 20.349998 4.778759
v 4.883662 20.349998 5.946771
v 4.812911 20.249998 5.876101
v 5.979577 20.249998 4.708089
v 0.000000 23.935787 7.997452
v 1.146112 23.935787 7.997452
v 1.146060 25.064209 7.997452
v 0.000000 25.064209 7.997452
v 1.646362 20.956976 7.397142
v 1.646362 20.856903 7.496969
v 1.646362 20.649998 6.997452
v 1.646362 20.749998 6.897452
v 3.834181 20.649998 -6.997450
v 1.896363 20.649998 -6.997451
v 1.896363 20.749998 -6.897451
v 3.792726 20.749998 -6.897450
v 7.100000 20.649998 3.727881
v 7.100000 20.649998 1.943247
v 7.000000 20.749998 1.843247
v 7.000000 20.749998 3.686493
v 7.100000 20.649998 -3.727879
v 6.050329 20.649998 -4.778757
v 5.979578 20.749998 -4.708086
v 7.000000 20.749998 -3.686491
v 3.834179 20.649998 6.997452
v 4.883662 20.649998 5.946771
v 4.812911 20.749998 5.876101
v 3.792725 20.749998 6.897452
v 4.883662 20.649998 -5.946764
v 3.834181 20.649998 -6.997450
v 3.792726 20.749998 -6.897450
v 4.812911 20.749998 -5.876093
v 6.050329 20.649998 -4.778757
v 4.883662 20.649998 -5.946764
v 4.812911 20.749998 -5.876093
v 5.979578 20.749998 -4.708086
v 6.050328 20.649998 4.778759
v 7.100000 20.649998 3.727881
v 7.000000 20.749998 3.686493
v 5.979577 20.749998 4.708089
v 4.883662 20.649998 5.946771
v 6.050328 20.649998 4.778759
v 5.979577 20.749998 4.708089
v 4.812911 20.749998 5.876101
v 1.896363 24.349998 -6.997450
v 3.834181 24.349998 -6.997450
v 3.792726 24.249998 -6.897450
v 1.896363 24.249998 -6.897450
v 7.100000 24.349998 1.943247
v 7.100000 24.349998 3.727881
v 7.000000 24.249998 3.686493
v 7.000000 24.249998 1.843247
v 6.050329 24.349998 -4.778756
v 7.100000 24.349998 -3.727879
v 7.000000 24.249998 -3.686491
v 5.979578 24.249998 -4.708086
v 4.883662 24.349998 5.946772
v 3.834179 24.349998 6.997453
v 3.792725 24.249998 6.897453
v 4.812911 24.249998 5.876101
v 3.834181 24.349998 -6.997450
v 4.883662 24.349998 -5.946763
v 4.812911 24.249998 -5.876093
v 3.792726 24.249998 -6.897450
v 4.883662 24.349998 -5.946763
v 6.050329 24.349998 -4.778756
v 5.979578 24.249998 -4.708086
v 4.812911 24.249998 -5.876093
v 7.100000 24.349998 3.727881
v 6.050328 24.349998 4.778759
v 5.979577 24.249998 4.708089
v 7.000000 24.249998 3.686493
v 6.050328 24.349998 4.778759
v 4.883662 24.349998 5.946772
v 4.812911 24.249998 5.876101
v 5.979577 24.249998 4.708089
v 1.646362 24.957350 7.398046
v 1.646362 24.857269 7.497854
v 1.646362 24.649998 6.997452
v 1.646362 24.749998 6.897452
v 3.834181 24.649998 -6.997450
v 1.896363 24.649998 -6.997450
v 1.896363 24.749998 -6.897450
v 3.792726 24.749998 -6.897450
v 7.100000 24.649998 3.727881
v 7.100000 24.649998 1.943247
v 7.000000 24.749998 1.843247
v 7.000000 24.749998 3.686493
v 7.100000 24.649998 -3.727879
v 6.050329 24.649998 -4.778756
v 5.979578 24.749998 -4.708086
v 7.000000 24.749998 -3.686491
v 3.834179 24.649998 6.997453
v 4.883662 24.649998 5.946772
v 4.812911 24.749998 5.876101
v 3.792725 24.749998 6.897453
v 4.883662 24.649998 -5.946763
v 3.834181 24.649998 -6.997450
v 3.792726 24.749998 -6.897450
v 4.812911 24.749998 -5.876093
v 6.050329 24.649998 -4.778756
v 4.883662 24.649998 -5.946763
v 4.812911 24.749998 -5.876093
v 5.979578 24.749998 -4.708086
v 6.050328 24.649998 4.778759
v 7.100000 24.649998 3.727881
v 7.000000 24.749998 3.686493
v 5.979577 24.749998 4.708089
v 4.883662 24.649998 5.946772
v 6.050328 24.649998 4.778759
v 5.979577 24.749998 4.708089
v 4.812911 24.749998 5.876101
v 1.542725 32.956924 6.897011
v 1.542725 32.856865 6.996868
v 1.542725 32.649998 6.497452
v 1.542725 32.749996 6.397452
v 4.041454 4.349999 7.497452
v 2.000000 4.349999 7.497451
v 2.000000 4.249999 7.397451
v 4.000000 4.249999 7.397452
v 0.000000 4.350000 -7.497452
v 2.000000 4.350000 -7.497451
v 2.000000 4.250000 -7.397451
v 0.000000 4.250000 -7.397452
v 2.000000 4.649999 7.497451
v 4.041454 4.649999 7.497452
v 4.000000 4.749999 7.397452
v 2.000000 4.749999 7.397451
v 2.000000 4.650000 -7.497451
v 0.000000 4.650000 -7.497452
v 0.000000 4.750000 -7.397452
v 2.000000 4.750000 -7.397451
v 4.041454 8.349999 7.497452
v 2.000000 8.349999 7.497452
v 2.000000 8.249999 7.397452
v 4.000000 8.249999 7.397452
v 1.750000 8.042867 -7.897514
v 1.750000 8.142860 -7.997530
v 1.750000 8.349999 -7.497451
v 1.750000 8.249999 -7.397451
v 2.000000 8.649999 7.497452
v 4.041454 8.649999 7.497452
v 4.000000 8.749999 7.397452
v 2.000000 8.749999 7.397452
v 1.750000 8.857146 -7.997551
v 1.750000 8.957159 -7.897580
v 1.750000 8.749999 -7.397451
v 1.750000 8.649999 -7.497451
v 4.041454 12.349999 7.497452
v 2.000000 12.349999 7.497452
v 2.000000 12.249999 7.397452
v 4.000000 12.249999 7.397452
v 1.750000 12.042771 -7.897745
v 1.750000 12.142732 -7.997841
v 1.750000 12.349999 -7.497451
v 1.750000 12.249999 -7.397451
v 2.000000 12.649999 7.497452
v 4.041454 12.649999 7.497452
v 4.000000 12.749999 7.397452
v 2.000000 12.749999 7.397452
v 1.750000 12.857319 -7.997967
v 1.750000 12.957388 -7.898134
v 1.750000 12.749999 -7.397451
v 1.750000 12.649999 -7.497451
v 3.834179 20.349998 6.997452
v 1.896362 20.349998 6.997452
v 1.896362 20.249998 6.897452
v 3.792725 20.249998 6.897452
v 1.646363 20.043289 -7.396492
v 1.646363 20.143181 -7.496758
v 1.646363 20.349998 -6.997451
v 1.646363 20.249998 -6.897451
v 3.834179 24.349998 6.997453
v 1.896362 24.349998 6.997452
v 1.896362 24.249998 6.897452
v 3.792725 24.249998 6.897453
v 1.896362 20.649998 6.997452
v 3.834179 20.649998 6.997452
v 3.792725 20.749998 6.897452
v 1.896362 20.749998 6.897452
v 1.646363 20.856905 -7.496968
v 1.646363 20.956974 -7.397139
v 1.646363 20.749998 -6.897451
v 1.646363 20.649998 -6.997451
v 1.646363 24.042850 -7.397553
v 1.646363 24.142792 -7.497693
v 1.646363 24.349998 -6.997450
v 1.646363 24.249998 -6.897450
v 1.896362 24.649998 6.997452
v 3.834179 24.649998 6.997453
v 3.792725 24.749998 6.897453
v 1.896362 24.749998 6.897452
v 1.646363 24.857271 -7.497852
v 1.646363 24.957350 -7.398043
v 1.646363 24.749998 -6.897450
v 1.646363 24.649998 -6.997450
v 7.600000 4.650000 2.046716
v 8.100000 4.650000 2.046716
v 8.000000 4.750000 1.946716
v 7.500000 4.750000 1.946716
v 8.100000 4.349999 2.046716
v 7.600000 4.349999 2.046716
v 7.500000 4.250000 1.946716
v 8.000000 4.250000 1.946716
v 7.600000 4.349999 -2.046715
v 8.100000 4.349999 -2.046715
v 8.000000 4.250000 -1.946715
v 7.500000 4.250000 -1.946715
v 6.100000 44.649998 1.943248
v 6.600000 44.649998 1.943248
v 6.500000 44.749996 1.843248
v 6.000000 44.749996 1.843248
v 7.100000 32.649998 -1.943245
v 6.600000 32.649998 -1.943245
v 6.500000 32.749996 -1.843245
v 7.000000 32.749996 -1.843245
v 6.600000 36.349995 -1.943245
v 7.100000 36.349995 -1.943245
v 7.000000 36.249996 -1.843245
v 6.500000 36.249996 -1.843245
v 8.100000 4.650000 -2.046715
v 7.600000 4.650000 -2.046715
v 7.500000 4.750000 -1.946715
v 8.000000 4.750000 -1.946715
v 7.600000 8.349999 -2.046715
v 8.100000 8.349999 -2.046715
v 8.000000 8.249999 -1.946715
v 7.500000 8.249999 -1.946715
v 6.100000 44.349995 -1.943244
v 6.600000 44.349995 -1.943244
v 6.500000 44.249996 -1.843244
v 6.000000 44.249996 -1.843244
v 8.100000 8.649999 -2.046715
v 7.600000 8.649999 -2.046715
v 7.500000 8.749999 -1.946715
v 8.000000 8.749999 -1.946715
v 7.600000 12.349999 -2.046715
v 8.100000 12.349999 -2.046715
v 8.000000 12.249999 -1.946715
v 7.500000 12.249999 -1.946715
v 7.100000 24.649998 1.943247
v 7.600000 24.649998 1.943247
v 7.500000 24.749998 1.843247
v 7.000000 24.749998 1.843247
v 7.600000 24.349998 1.943247
v 7.100000 24.349998 1.943247
v 7.000000 24.249998 1.843247
v 7.500000 24.249998 1.843247
v 8.100000 12.649999 -2.046715
v 7.600000 12.649999 -2.046715
v 7.500000 12.749999 -1.946715
v 8.000000 12.749999 -1.946715
v 7.100000 20.649998 1.943247
v 7.600000 20.649998 1.943247
v 7.500000 20.749998 1.843247
v 7.000000 20.749998 1.843247
v 7.600000 4.349999 -3.934818
v 7.600000 4.349999 -2.046715
v 7.500000 4.250000 -1.946715
v 7.500000 4.250000 -3.893430
v 7.600000 4.650000 -2.046715
v 7.600000 4.650000 -3.934818
v 7.500000 4.750000 -3.893430
v 7.500000 4.750000 -1.946715
v 7.600000 8.349999 -3.934818
v 7.600000 8.349999 -2.046715
v 7.500000 8.249999 -1.946715
v 7.500000 8.249999 -3.893430
v 7.600000 8.649999 -2.046715
v 7.600000 8.649999 -3.934818
v 7.500000 8.749999 -3.893430
v 7.500000 8.749999 -1.946715
v 7.600000 12.349999 -3.934818
v 7.600000 12.349999 -2.046715
v 7.500000 12.249999 -1.946715
v 7.500000 12.249999 -3.893430
v 7.600000 12.649999 -2.046715
v 7.600000 12.649999 -3.934818
v 7.500000 12.749999 -3.893430
v 7.500000 12.749999 -1.946715
v 7.100000 20.349998 -3.727879
v 7.100000 20.349998 -1.943245
v 7.000000 20.249998 -1.843245
v 7.000000 20.249998 -3.686491
v 7.100000 20.649998 -1.943245
v 7.100000 20.649998 -3.727879
v 7.000000 20.749998 -3.686491
v 7.000000 20.749998 -1.843245
v 7.100000 24.349998 -3.727879
v 7.100000 24.349998 -1.943245
v 7.000000 24.249998 -1.843245
v 7.000000 24.249998 -3.686491
v 7.100000 24.649998 -1.943245
v 7.100000 24.649998 -3.727879
v 7.000000 24.749998 -3.686491
v 7.000000 24.749998 -1.843245
v 0.000000 31.935785 7.497454
v 1.042441 31.935781 7.497453
v 1.042511 33.064213 7.497453
v 0.000000 33.064209 7.497454
v 1.792726 32.349995 -6.497450
v 3.626906 32.349995 -6.497450
v 3.585451 32.249996 -6.397450
v 1.792726 32.249996 -6.397450
v 6.600000 32.349995 1.943247
v 6.600000 32.349995 3.520942
v 6.500000 32.249996 3.479555
v 6.500000 32.249996 1.843247
v 5.696572 32.349995 -4.425406
v 6.600000 32.349995 -3.520940
v 6.500000 32.249996 -3.479552
v 5.625821 32.249996 -4.354735
v 4.529904 32.349995 5.593416
v 3.626905 32.349995 6.497453
v 3.585450 32.249996 6.397453
v 4.459153 32.249996 5.522746
v 3.626906 32.349995 -6.497450
v 4.529905 32.349995 -5.593412
v 4.459154 32.249996 -5.522742
v 3.585451 32.249996 -6.397450
v 4.529905 32.349995 -5.593412
v 5.696572 32.349995 -4.425406
v 5.625821 32.249996 -4.354735
v 4.459154 32.249996 -5.522742
v 6.600000 32.349995 3.520942
v 5.696571 32.349995 4.425408
v 5.625820 32.249996 4.354738
v 6.500000 32.249996 3.479555
v 5.696571 32.349995 4.425408
v 4.529904 32.349995 5.593416
v 4.459153 32.249996 5.522746
v 5.625820 32.249996 4.354738
v 1.542725 36.142944 6.997310
v 1.542725 36.042965 6.897264
v 1.542725 36.249996 6.397453
v 1.542725 36.349995 6.497453
v 3.626905 32.349995 6.497453
v 1.792725 32.349995 6.497452
v 1.792725 32.249996 6.397452
v 3.585450 32.249996 6.397453
v 1.542726 32.043312 -6.896423
v 1.542726 32.143208 -6.996675
v 1.542726 32.349995 -6.497450
v 1.542726 32.249996 -6.397450
v 7.600000 20.349998 1.943247
v 7.100000 20.349998 1.943247
v 7.000000 20.249998 1.843247
v 7.500000 20.249998 1.843247
v 7.100000 20.349998 -1.943245
v 7.600000 20.349998 -1.943245
v 7.500000 20.249998 -1.843245
v 7.000000 20.249998 -1.843245
v 6.600000 32.349995 -3.520940
v 6.600000 32.349995 -1.943245
v 6.500000 32.249996 -1.843245
v 6.500000 32.249996 -3.479552
v 3.626906 32.649998 -6.497450
v 1.792726 32.649998 -6.497450
v 1.792726 32.749996 -6.397450
v 3.585451 32.749996 -6.397450
v 6.600000 32.649998 3.520942
v 6.600000 32.649998 1.943247
v 6.500000 32.749996 1.843247
v 6.500000 32.749996 3.479555
v 6.600000 32.649998 -3.520940
v 5.696572 32.649998 -4.425406
v 5.625821 32.749996 -4.354735
v 6.500000 32.749996 -3.479552
v 3.626905 32.649998 6.497453
v 4.529904 32.649998 5.593416
v 4.459153 32.749996 5.522746
v 3.585450 32.749996 6.397453
v 4.529905 32.649998 -5.593412
v 3.626906 32.649998 -6.497450
v 3.585451 32.749996 -6.397450
v 4.459154 32.749996 -5.522742
v 5.696572 32.649998 -4.425406
v 4.529905 32.649998 -5.593412
v 4.459154 32.749996 -5.522742
v 5.625821 32.749996 -4.354735
v 5.696571 32.649998 4.425408
v 6.600000 32.649998 3.520942
v 6.500000 32.749996 3.479555
v 5.625820 32.749996 4.354738
v 4.529904 32.649998 5.593416
v 5.696571 32.649998 4.425408
v 5.625820 32.749996 4.354738
v 4.459153 32.749996 5.522746
v 1.792725 32.649998 6.497452
v 3.626905 32.649998 6.497453
v 3.585450 32.749996 6.397453
v 1.792725 32.749996 6.397452
v 1.542726 32.856865 -6.996866
v 1.542726 32.956924 -6.897009
v 1.542726 32.749996 -6.397450
v 1.542726 32.649998 -6.497450
v 6.600000 32.649998 -1.943245
v 6.600000 32.649998 -3.520940
v 6.500000 32.749996 -3.479552
v 6.500000 32.749996 -1.843245
v 1.792726 36.349995 -6.497450
v 3.626906 36.349995 -6.497449
v 3.585451 36.249996 -6.397449
v 1.792726 36.249996 -6.397450
v 6.600000 36.349995 1.943247
v 6.600000 36.349995 3.520942
v 6.500000 36.249996 3.479555
v 6.500000 36.249996 1.843247
v 5.696572 36.349995 -4.425405
v 6.600000 36.349995 -3.520940
v 6.500000 36.249996 -3.479552
v 5.625821 36.249996 -4.354735
v 4.529904 36.349995 5.593416
v 3.626905 36.349995 6.497453
v 3.585450 36.249996 6.397453
v 4.459153 36.249996 5.522746
v 3.626906 36.349995 -6.497449
v 4.529905 36.349995 -5.593412
v 4.459154 36.249996 -5.522742
v 3.585451 36.249996 -6.397449
v 4.529905 36.349995 -5.593412
v 5.696572 36.349995 -4.425405
v 5.625821 36.249996 -4.354735
v 4.459154 36.249996 -5.522742
v 6.600000 36.349995 3.520942
v 5.696571 36.349995 4.425409
v 5.625820 36.249996 4.354739
v 6.500000 36.249996 3.479555
v 5.696571 36.349995 4.425409
v 4.529904 36.349995 5.593416
v 4.459153 36.249996 5.522746
v 5.625820 36.249996 4.354739
v 3.626905 36.349995 6.497453
v 1.792725 36.349995 6.497453
v 1.792725 36.249996 6.397453
v 3.585450 36.249996 6.397453
v 1.542726 36.042965 -6.897261
v 1.542726 36.142944 -6.997307
v 1.542726 36.349995 -6.497450
v 1.542726 36.249996 -6.397450
v 6.600000 36.349995 -3.520940
v 6.600000 36.349995 -1.943245
v 6.500000 36.249996 -1.843245
v 6.500000 36.249996 -3.479552
v 6.600000 36.649998 1.943248
v 7.100000 36.649998 1.943248
v 7.000000 36.749996 1.843248
v 6.500000 36.749996 1.843248
v 7.600000 20.649998 -1.943245
v 7.100000 20.649998 -1.943245
v 7.000000 20.749998 -1.843245
v 7.500000 20.749998 -1.843245
v 7.100000 24.349998 -1.943245
v 7.600000 24.349998 -1.943245
v 7.500000 24.249998 -1.843245
v 7.000000 24.249998 -1.843245
v 7.100000 36.649998 -1.943245
v 6.600000 36.649998 -1.943245
v 6.500000 36.749996 -1.843245
v 7.000000 36.749996 -1.843245
v 1.542726 44.042892 -6.397435
v 1.542726 44.142891 -6.497438
v 1.542726 44.349995 -5.997450
v 1.542726 44.249996 -5.897450
v 5.342814 44.349995 4.072059
v 4.176148 44.349995 5.240066
v 4.105397 44.249996 5.169396
v 5.272063 44.249996 4.001389
v 4.176148 44.349995 5.240066
v 3.419630 44.349995 5.997453
v 3.378175 44.249996 5.897453
v 4.105397 44.249996 5.169396
v 1.792726 44.349995 -5.997450
v 3.419631 44.349995 -5.997449
v 3.378176 44.249996 -5.897449
v 1.792726 44.249996 -5.897450
v 3.419631 44.349995 -5.997449
v 4.176149 44.349995 -5.240062
v 4.105398 44.249996 -5.169392
v 3.378176 44.249996 -5.897449
v 7.600000 12.649999 2.046716
v 8.100000 12.649999 2.046716
v 8.000000 12.749999 1.946716
v 7.500000 12.749999 1.946716
v 4.176149 44.349995 -5.240062
v 5.342816 44.349995 -4.072054
v 5.272065 44.249996 -4.001384
v 4.105398 44.249996 -5.169392
v 7.600000 24.649998 -1.943245
v 7.100000 24.649998 -1.943245
v 7.000000 24.749998 -1.843245
v 7.500000 24.749998 -1.843245
v 6.100000 44.349995 -3.314001
v 6.100000 44.349995 -1.943244
v 6.000000 44.249996 -1.843244
v 6.000000 44.249996 -3.272613
v 3.419630 44.349995 5.997453
v 1.792725 44.349995 5.997453
v 1.792725 44.249996 5.897453
v 3.378175 44.249996 5.897453
v 6.600000 44.649998 -1.943244
v 6.100000 44.649998 -1.943244
v 6.000000 44.749996 -1.843244
v 6.500000 44.749996 -1.843244
v 6.100000 44.349995 3.314003
v 5.342814 44.349995 4.072059
v 5.272063 44.249996 4.001389
v 6.000000 44.249996 3.272616
v 5.342816 44.349995 -4.072054
v 6.100000 44.349995 -3.314001
v 6.000000 44.249996 -3.272613
v 5.272065 44.249996 -4.001384
v 6.100000 44.349995 1.943248
v 6.100000 44.349995 3.314003
v 6.000000 44.249996 3.272616
v 6.000000 44.249996 1.843248
v 1.542725 44.142891 6.497441
v 1.542725 44.042892 6.397438
v 1.542725 44.249996 5.897453
v 1.542725 44.349995 5.997453
v 8.100000 12.349999 2.046716
v 7.600000 12.349999 2.046716
v 7.500000 12.249999 1.946716
v 8.000000 12.249999 1.946716
v 1.542725 36.957073 6.897372
v 1.542725 36.857063 6.997345
v 1.542725 36.649998 6.497453
v 1.542725 36.749996 6.397453
v 3.626906 36.649998 -6.497449
v 1.792726 36.649998 -6.497450
v 1.792726 36.749996 -6.397450
v 3.585451 36.749996 -6.397449
v 6.600000 36.649998 3.520942
v 6.600000 36.649998 1.943248
v 6.500000 36.749996 1.843248
v 6.500000 36.749996 3.479555
v 6.600000 36.649998 -3.520940
v 5.696572 36.649998 -4.425405
v 5.625821 36.749996 -4.354735
v 6.500000 36.749996 -3.479552
v 3.626905 36.649998 6.497453
v 4.529904 36.649998 5.593416
v 4.459153 36.749996 5.522746
v 3.585450 36.749996 6.397453
v 4.529905 36.649998 -5.593412
v 3.626906 36.649998 -6.497449
v 3.585451 36.749996 -6.397449
v 4.459154 36.749996 -5.522742
v 5.696572 36.649998 -4.425405
v 4.529905 36.649998 -5.593412
v 4.459154 36.749996 -5.522742
v 5.625821 36.749996 -4.354735
v 5.696571 36.649998 4.425409
v 6.600000 36.649998 3.520942
v 6.500000 36.749996 3.479555
v 5.625820 36.749996 4.354739
v 4.529904 36.649998 5.593416
v 5.696571 36.649998 4.425409
v 5.625820 36.749996 4.354739
v 4.459153 36.749996 5.522746
v 1.792725 36.649998 6.497453
v 3.626905 36.649998 6.497453
v 3.585450 36.749996 6.397453
v 1.792725 36.749996 6.397453
v 1.042674 35.935780 -7.497451
v 0.000000 35.935783 -7.497453
v 0.000000 37.064209 -7.497453
v 1.042687 37.064213 -7.497451
v 6.600000 32.349995 -1.943245
v 7.100000 32.349995 -1.943245
v 7.000000 32.249996 -1.843245
v 6.500000 32.249996 -1.843245
v 6.600000 36.649998 -1.943245
v 6.600000 36.649998 -3.520940
v 6.500000 36.749996 -3.479552
v 6.500000 36.749996 -1.843245
v 7.600000 8.649999 2.046716
v 8.100000 8.649999 2.046716
v 8.000000 8.749999 1.946716
v 7.500000 8.749999 1.946716
v 8.100000 8.349999 2.046716
v 7.600000 8.349999 2.046716
v 7.500000 8.249999 1.946716
v 8.000000 8.249999 1.946716
v 7.100000 36.349995 1.943247
v 6.600000 36.349995 1.943247
v 6.500000 36.249996 1.843247
v 7.000000 36.249996 1.843247
v 1.542725 44.957104 6.397446
v 1.542725 44.857105 6.497444
v 1.542725 44.649998 5.997453
v 1.542725 44.749996 5.897453
v 6.100000 44.649998 3.314003
v 6.100000 44.649998 1.943248
v 6.000000 44.749996 1.843248
v 6.000000 44.749996 3.272616
v 6.100000 44.649998 -3.314001
v 5.342816 44.649998 -4.072054
v 5.272065 44.749996 -4.001384
v 6.000000 44.749996 -3.272613
v 5.342814 44.649998 4.072059
v 6.100000 44.649998 3.314003
v 6.000000 44.749996 3.272616
v 5.272063 44.749996 4.001389
v 1.792725 44.649998 5.997453
v 3.419630 44.649998 5.997453
v 3.378175 44.749996 5.897453
v 1.792725 44.749996 5.897453
v 6.100000 44.649998 -1.943244
v 6.100000 44.649998 -3.314001
v 6.000000 44.749996 -3.272613
v 6.000000 44.749996 -1.843244
v 6.600000 32.649998 1.943247
v 7.100000 32.649998 1.943247
v 7.000000 32.749996 1.843247
v 6.500000 32.749996 1.843247
v 5.342816 44.649998 -4.072054
v 4.176149 44.649998 -5.240062
v 4.105398 44.749996 -5.169392
v 5.272065 44.749996 -4.001384
v 4.176149 44.649998 -5.240062
v 3.419631 44.649998 -5.997449
v 3.378176 44.749996 -5.897449
v 4.105398 44.749996 -5.169392
v 3.419631 44.649998 -5.997449
v 1.792726 44.649998 -5.997450
v 1.792726 44.749996 -5.897450
v 3.378176 44.749996 -5.897449
v 3.419630 44.649998 5.997453
v 4.176148 44.649998 5.240066
v 4.105397 44.749996 5.169396
v 3.378175 44.749996 5.897453
v 4.176148 44.649998 5.240066
v 5.342814 44.649998 4.072059
v 5.272063 44.749996 4.001389
v 4.105397 44.749996 5.169396
v 1.542726 44.857105 -6.497441
v 1.542726 44.957104 -6.397443
v 1.542726 44.749996 -5.897450
v 1.542726 44.649998 -5.997450
v 6.600000 44.349995 1.943248
v 6.100000 44.349995 1.943248
v 6.000000 44.249996 1.843248
v 6.500000 44.249996 1.843248
v 7.100000 32.349995 1.943247
v 6.600000 32.349995 1.943247
v 6.500000 32.249996 1.843247
v 7.000000 32.249996 1.843247
v 8.100000 0.650000 -0.350000
v 8.100000 0.650000 -1.596715
v 8.000000 0.750000 -1.696715
v 8.000000 0.750000 -0.250000
v 8.100000 4.349999 -2.046715
v 8.100000 4.349999 0.000000
v 8.000000 4.250000 0.000000
v 8.000000 4.250000 -1.946715
v 8.100000 4.650000 0.000000
v 8.100000 4.650000 -2.046715
v 8.000000 4.750000 -1.946715
v 8.000000 4.750000 0.000000
v 8.100000 8.349999 -2.046715
v 8.100000 8.349999 0.000001
v 8.000000 8.249999 0.000001
v 8.000000 8.249999 -1.946715
v 8.100000 8.649999 0.000001
v 8.100000 8.649999 -2.046715
v 8.000000 8.749999 -1.946715
v 8.000000 8.749999 0.000001
v 8.100000 12.349999 -2.046715
v 8.100000 12.349999 0.000001
v 8.000000 12.249999 0.000001
v 8.000000 12.249999 -1.946715
v 8.100000 12.649999 0.000001
v 8.100000 12.649999 -2.046715
v 8.000000 12.749999 -1.946715
v 8.000000 12.749999 0.000001
v 7.600000 20.349998 -1.943245
v 7.600000 20.349998 0.000001
v 7.500000 20.249998 0.000001
v 7.500000 20.249998 -1.843245
v 7.600000 20.649998 0.000001
v 7.600000 20.649998 -1.943245
v 7.500000 20.749998 -1.843245
v 7.500000 20.749998 0.000001
v 7.600000 24.349998 -1.943245
v 7.600000 24.349998 0.000001
v 7.500000 24.249998 0.000001
v 7.500000 24.249998 -1.843245
v 7.600000 24.649998 0.000001
v 7.600000 24.649998 -1.943245
v 7.500000 24.749998 -1.843245
v 7.500000 24.749998 0.000001
v 8.100000 4.349999 0.000000
v 8.100000 4.349999 2.046716
v 8.000000 4.250000 1.946716
v 8.000000 4.250000 0.000000
v 8.100000 4.650000 2.046716
v 8.100000 4.650000 0.000000
v 8.000000 4.750000 0.000000
v 8.000000 4.750000 1.946716
v 8.100000 8.349999 0.000001
v 8.100000 8.349999 2.046716
v 8.000000 8.249999 1.946716
v 8.000000 8.249999 0.000001
v 8.100000 8.649999 2.046716
v 8.100000 8.649999 0.000001
v 8.000000 8.749999 0.000001
v 8.000000 8.749999 1.946716
v 8.100000 12.349999 0.000001
v 8.100000 12.349999 2.046716
v 8.000000 12.249999 1.946716
v 8.000000 12.249999 0.000001
v 8.100000 12.649999 2.046716
v 8.100000 12.649999 0.000001
v 8.000000 12.749999 0.000001
v 8.000000 12.749999 1.946716
v 7.600000 20.349998 0.000001
v 7.600000 20.349998 1.943247
v 7.500000 20.249998 1.843247
v 7.500000 20.249998 0.000001
v 7.600000 20.649998 1.943247
v 7.600000 20.649998 0.000001
v 7.500000 20.749998 0.000001
v 7.500000 20.749998 1.843247
v 7.600000 24.349998 0.000001
v 7.600000 24.349998 1.943247
v 7.500000 24.249998 1.843247
v 7.500000 24.249998 0.000001
v 7.600000 24.649998 1.943247
v 7.600000 24.649998 0.000001
v 7.500000 24.749998 0.000001
v 7.500000 24.749998 1.843247
v 7.100000 32.349995 -1.943245
v 7.100000 32.349995 0.000001
v 7.000000 32.249996 0.000001
v 7.000000 32.249996 -1.843245
v 7.100000 32.349995 0.000001
v 7.100000 32.349995 1.943247
v 7.000000 32.249996 1.843247
v 7.000000 32.249996 0.000001
v 7.100000 32.649998 0.000001
v 7.100000 32.649998 -1.943245
v 7.000000 32.749996 -1.843245
v 7.000000 32.749996 0.000001
v 7.100000 32.649998 1.943247
v 7.100000 32.649998 0.000001
v 7.000000 32.749996 0.000001
v 7.000000 32.749996 1.843247
v 7.100000 36.349995 -1.943245
v 7.100000 36.349995 0.000001
v 7.000000 36.249996 0.000001
v 7.000000 36.249996 -1.843245
v 7.100000 36.349995 0.000001
v 7.100000 36.349995 1.943247
v 7.000000 36.249996 1.843247
v 7.000000 36.249996 0.000001
v 6.600000 44.349995 -1.943244
v 6.600000 44.349995 0.000002
v 6.500000 44.249996 0.000002
v 6.500000 44.249996 -1.843244
v 6.600000 44.349995 0.000002
v 6.600000 44.349995 1.943248
v 6.500000 44.249996 1.843248
v 6.500000 44.249996 0.000002
v 7.100000 36.649998 0.000001
v 7.100000 36.649998 -1.943245
v 7.000000 36.749996 -1.843245
v 7.000000 36.749996 0.000001
v 7.100000 36.649998 1.943248
v 7.100000 36.649998 0.000001
v 7.000000 36.749996 0.000001
v 7.000000 36.749996 1.843248
v 6.600000 44.649998 1.943248
v 6.600000 44.649998 0.000002
v 6.500000 44.749996 0.000002
v 6.500000 44.749996 1.843248
v 6.600000 44.649998 0.000002
v 6.600000 44.649998 -1.943244
v 6.500000 44.749996 -1.843244
v 6.500000 44.749996 0.000002
v 8.100000 0.500000 -0.350000
v 8.100000 0.650000 -0.350000
v 8.000000 0.750000 -0.250000
v 8.000000 0.500000 -0.250000
v 8.100000 0.650000 -1.596715
v 8.100000 0.500000 -1.596715
v 8.000000 0.500000 -1.696715
v 8.000000 0.750000 -1.696715
v 0.000000 3.353553 6.892426
v 1.377124 3.377123 6.915996
v 1.528595 3.528595 7.067468
v 0.000000 3.505025 7.043898
v 1.377124 3.377123 6.915996
v 1.353553 1.000000 6.892426
v 1.505025 1.000000 7.043898
v 1.528595 3.528595 7.067468
v 0.000000 3.000000 5.897451
v 1.000000 3.000000 5.897451
v 1.000000 3.000000 6.397451
v 0.000000 3.000000 6.397451
v 1.000000 3.000000 5.897451
v 1.000000 1.000000 5.897451
v 1.000000 1.000000 6.397451
v 1.000000 3.000000 6.397451
v 0.000000 3.646446 7.043898
v 1.646446 3.646446 7.043898
v 2.000000 4.000000 7.397451
v 0.000000 4.000000 7.397451
v 1.646446 3.646446 7.043898
v 1.646446 1.000000 7.043898
v 2.000000 1.000000 7.397451
v 2.000000 4.000000 7.397451
v 1.353553 3.353553 6.751005
v 0.000000 3.353553 6.751004
v 0.000000 3.000000 6.397451
v 1.000000 3.000000 6.397451
v 1.353553 1.000000 6.751005
v 1.353553 3.353553 6.751005
v 1.000000 3.000000 6.397451
v 1.000000 1.000000 6.397451
v 0.000000 3.505025 7.043898
v 1.528595 3.528595 7.067468
v 1.646446 3.646446 7.043898
v 0.000000 3.646446 7.043898
v 1.528595 3.528595 7.067468
v 1.505025 1.000000 7.043898
v 1.646446 1.000000 7.043898
v 1.646446 3.646446 7.043898
v 1.377124 3.377123 6.915996
v 0.000000 3.353553 6.892426
v 0.000000 3.353553 6.751004
v 1.353553 3.353553 6.751005
v 1.353553 1.000000 6.892426
v 1.377124 3.377123 6.915996
v 1.353553 3.353553 6.751005
v 1.353553 1.000000 6.751005
v 3.251642 48.999996 -2.343244
v 3.251642 48.999996 0.000002
v 3.751642 48.999996 0.000002
v 3.751642 48.999996 -1.843244
v 3.251642 48.999996 2.343248
v 4.918307 48.999996 2.343248
v 4.918307 48.999996 1.843248
v 3.751642 48.999996 1.843248
v 4.918308 48.999996 -2.343244
v 4.918308 48.999996 -1.843244
v 3.251642 48.999996 2.343248
v 3.751642 48.999996 1.843248
v 1.542725 49.499992 5.147453
v 1.542725 49.499992 5.604559
v 1.542725 48.999996 5.397453
v 1.542725 48.999996 5.147453
v 5.000000 48.999996 2.343248
v 5.000000 48.999996 2.858737
v 5.500000 48.999996 3.065677
v 5.500000 48.999996 1.843248
v 4.564553 48.999996 -3.294683
v 5.000000 48.999996 -2.858735
v 5.500000 48.999996 -3.065674
v 4.918310 48.999996 -3.648033
v 5.000000 48.999996 2.858737
v 4.564552 48.999996 3.294680
v 4.918307 48.999996 3.648031
v 5.500000 48.999996 3.065677
v 2.963624 48.999996 4.897454
v 1.792725 48.999996 4.897453
v 1.792725 48.999996 5.397453
v 3.170901 48.999996 5.397454
v 5.000000 48.999996 -2.858735
v 5.000000 48.999996 -2.343244
v 5.500000 48.999996 -1.843244
v 5.500000 48.999996 -3.065674
v 3.397885 48.999996 -4.462690
v 4.564553 48.999996 -3.294683
v 4.918310 48.999996 -3.648033
v 3.751642 48.999996 -4.816041
v 2.963626 48.999996 -4.897449
v 3.397885 48.999996 -4.462690
v 3.751642 48.999996 -4.816041
v 3.170901 48.999996 -5.397449
v 1.792726 48.999996 -4.897449
v 2.963626 48.999996 -4.897449
v 3.170901 48.999996 -5.397449
v 1.792726 48.999996 -5.397449
v 3.397883 48.999996 4.462690
v 2.963624 48.999996 4.897454
v 3.170901 48.999996 5.397454
v 3.751640 48.999996 4.816039
v 4.564552 48.999996 3.294680
v 3.397883 48.999996 4.462690
v 3.751640 48.999996 4.816039
v 4.918307 48.999996 3.648031
v 1.542726 49.499992 -5.604555
v 1.542726 49.499992 -5.147449
v 1.542726 48.999996 -5.147449
v 1.542726 48.999996 -5.397449
v 4.918307 48.999996 2.343248
v 4.918307 48.999996 1.843248
v 3.251642 48.899998 -2.343244
v 3.251642 48.899998 0.000002
v 3.251642 48.999996 0.000002
v 3.251642 48.999996 -2.343244
v 3.251642 48.899998 2.343248
v 4.918307 48.899998 2.343248
v 4.918307 48.999996 2.343248
v 3.251642 48.999996 2.343248
v 4.918308 48.899998 -2.343244
v 3.251642 48.899998 -2.343244
v 3.251642 48.999996 -2.343244
v 4.918308 48.999996 -2.343244
v 3.251642 48.899998 0.000002
v 3.251642 48.899998 2.343248
v 3.251642 48.999996 2.343248
v 3.251642 48.999996 0.000002
v 1.792725 48.899998 4.897453
v 0.000000 48.899998 4.897453
v 0.000000 48.999996 4.897453
v 1.792725 48.999996 4.897453
v 5.000000 48.899998 2.343248
v 5.000000 48.899998 2.858737
v 5.000000 48.999996 2.858737
v 5.000000 48.999996 2.343248
v 4.564553 48.899998 -3.294683
v 5.000000 48.899998 -2.858735
v 5.000000 48.999996 -2.858735
v 4.564553 48.999996 -3.294683
v 5.000000 48.899998 2.858737
v 4.564552 48.899998 3.294680
v 4.564552 48.999996 3.294680
v 5.000000 48.999996 2.858737
v 2.963624 48.899998 4.897454
v 1.792725 48.899998 4.897453
v 1.792725 48.999996 4.897453
v 2.963624 48.999996 4.897454
v 5.000000 48.899998 -2.858735
v 5.000000 48.899998 -2.343244
v 5.000000 48.999996 -2.343244
v 5.000000 48.999996 -2.858735
v 3.397885 48.899998 -4.462690
v 4.564553 48.899998 -3.294683
v 4.564553 48.999996 -3.294683
v 3.397885 48.999996 -4.462690
v 2.963626 48.899998 -4.897449
v 3.397885 48.899998 -4.462690
v 3.397885 48.999996 -4.462690
v 2.963626 48.999996 -4.897449
v 1.792726 48.899998 -4.897449
v 2.963626 48.899998 -4.897449
v 2.963626 48.999996 -4.897449
v 1.792726 48.999996 -4.897449
v 3.397883 48.899998 4.462690
v 2.963624 48.899998 4.897454
v 2.963624 48.999996 4.897454
v 3.397883 48.999996 4.462690
v 4.564552 48.899998 3.294680
v 3.397883 48.899998 4.462690
v 3.397883 48.999996 4.462690
v 4.564552 48.999996 3.294680
v 0.000000 48.899998 -4.897450
v 1.792726 48.899998 -4.897449
v 1.792726 48.999996 -4.897449
v 0.000000 48.999996 -4.897450
v 4.918307 48.899998 2.343248
v 5.000000 48.899998 2.343248
v 5.000000 48.999996 2.343248
v 4.918307 48.999996 2.343248
v 5.000000 48.899998 -2.343244
v 5.000000 48.999996 -2.343244
v 1.750000 5.249999 7.397451
v 0.000000 5.249999 7.397451
v 0.000000 4.999999 7.397451
v 2.000000 4.999999 7.397451
v 0.000000 5.250000 -7.397452
v 1.750000 5.250000 -7.397451
v 2.000000 5.000000 -7.397451
v 0.000000 5.000000 -7.397452
v 1.646362 28.487112 6.910338
v 1.646362 27.999998 6.897452
v 1.896362 27.999998 6.897452
v 1.896362 28.499998 6.897452
v 1.646363 28.487112 -6.910336
v 1.542726 28.987112 -6.410336
v 1.792726 28.999998 -6.397450
v 1.896363 28.499998 -6.897450
v 1.542725 28.987112 6.410338
v 1.646362 28.487112 6.910338
v 1.896362 28.499998 6.897452
v 1.792725 28.999998 6.397452
v 1.646363 27.999998 -6.897450
v 1.646363 28.487112 -6.910336
v 1.896363 28.499998 -6.897450
v 1.896363 27.999998 -6.897450
v 1.646363 24.999998 -6.897450
v 1.646363 27.999998 -6.897450
v 1.896363 27.999998 -6.897450
v 1.896363 24.999998 -6.897450
v 1.646362 24.649998 6.997452
v 1.646362 24.349998 6.997452
v 1.896362 24.349998 6.997452
v 1.896362 24.649998 6.997452
v 1.646363 24.349998 -6.997450
v 1.646363 24.649998 -6.997450
v 1.896363 24.649998 -6.997450
v 1.896363 24.349998 -6.997450
v 1.646362 27.999998 6.897452
v 1.646362 24.999998 6.897452
v 1.896362 24.999998 6.897452
v 1.896362 27.999998 6.897452
v 1.646362 23.999998 6.897452
v 1.646362 20.999998 6.897452
v 1.896362 20.999998 6.897452
v 1.896362 23.999998 6.897452
v 1.646363 20.349998 -6.997451
v 1.646363 20.649998 -6.997451
v 1.896363 20.649998 -6.997451
v 1.896363 20.349998 -6.997451
v 1.646363 20.999998 -6.897450
v 1.646363 23.999998 -6.897450
v 1.896363 23.999998 -6.897450
v 1.896363 20.999998 -6.897450
v 1.646363 16.987112 -6.910337
v 1.646363 19.999998 -6.897451
v 1.896363 19.999998 -6.897451
v 1.896363 16.999998 -6.897451
v 1.646362 19.999998 6.897452
v 1.646362 16.987112 6.910338
v 1.896362 16.999998 6.897452
v 1.896362 19.999998 6.897452
v 1.646362 20.649998 6.997452
v 1.646362 20.349998 6.997452
v 1.896362 20.349998 6.997452
v 1.896362 20.649998 6.997452
v 1.750000 16.487112 -7.410337
v 1.646363 16.987112 -6.910337
v 1.896363 16.999998 -6.897451
v 2.000000 16.499998 -7.397451
v 1.646362 16.987112 6.910338
v 1.750000 16.487112 7.410338
v 2.000000 16.499998 7.397452
v 1.896362 16.999998 6.897452
v 1.750000 16.487112 7.410338
v 1.750000 15.999999 7.397452
v 2.000000 15.999999 7.397452
v 2.000000 16.499998 7.397452
v 1.750000 15.999999 -7.397451
v 1.750000 16.487112 -7.410337
v 2.000000 16.499998 -7.397451
v 2.000000 15.999999 -7.397451
v 1.750000 12.999999 -7.397451
v 1.750000 15.999999 -7.397451
v 2.000000 15.999999 -7.397451
v 2.000000 12.999999 -7.397451
v 1.750000 15.999999 7.397452
v 1.750000 12.999999 7.397452
v 2.000000 12.999999 7.397452
v 2.000000 15.999999 7.397452
v 1.750000 12.349999 -7.497451
v 1.750000 12.649999 -7.497451
v 2.000000 12.649999 -7.497451
v 2.000000 12.349999 -7.497451
v 1.750000 12.649999 7.497452
v 1.750000 12.349999 7.497452
v 2.000000 12.349999 7.497452
v 2.000000 12.649999 7.497452
v 1.750000 8.999999 -7.397451
v 1.750000 11.999999 -7.397451
v 2.000000 11.999999 -7.397451
v 2.000000 8.999999 -7.397451
v 1.750000 11.999999 7.397452
v 1.750000 8.999999 7.397452
v 2.000000 8.999999 7.397452
v 2.000000 11.999999 7.397452
v 1.750000 8.349999 -7.497451
v 1.750000 8.649999 -7.497451
v 2.000000 8.649999 -7.497451
v 2.000000 8.349999 -7.497451
v 1.750000 8.649999 7.497452
v 1.750000 8.349999 7.497452
v 2.000000 8.349999 7.497452
v 2.000000 8.649999 7.497452
v 1.750000 5.250000 -7.397451
v 1.750000 8.000000 -7.397451
v 2.000000 8.000000 -7.397451
v 2.000000 5.000000 -7.397451
v 1.750000 7.999999 7.397452
v 1.750000 5.249999 7.397451
v 2.000000 4.999999 7.397451
v 2.000000 7.999999 7.397452
v 1.542725 31.999998 6.397452
v 1.542725 28.987112 6.410338
v 1.792725 28.999998 6.397452
v 1.792725 31.999998 6.397452
v 1.542726 28.987112 -6.410336
v 1.542726 31.999998 -6.397450
v 1.792726 31.999998 -6.397450
v 1.792726 28.999998 -6.397450
v 1.542726 32.349995 -6.497450
v 1.542726 32.649998 -6.497450
v 1.792726 32.649998 -6.497450
v 1.792726 32.349995 -6.497450
v 1.542725 32.649998 6.497452
v 1.542725 32.349995 6.497452
v 1.792725 32.349995 6.497452
v 1.792725 32.649998 6.497452
v 1.542725 35.999996 6.397453
v 1.542725 32.999996 6.397452
v 1.792725 32.999996 6.397452
v 1.792725 35.999996 6.397453
v 1.542726 32.999996 -6.397450
v 1.542726 35.999996 -6.397450
v 1.792726 35.999996 -6.397450
v 1.792726 32.999996 -6.397450
v 1.542725 43.999996 5.897453
v 1.542725 40.999996 5.897453
v 1.792725 40.999996 5.897453
v 1.792725 43.999996 5.897453
v 1.542725 40.499996 6.397453
v 1.542725 39.999996 6.397453
v 1.792725 39.999996 6.397453
v 1.792725 40.499996 6.397453
v 1.542726 39.999996 -6.397450
v 1.542726 40.499996 -6.397450
v 1.792726 40.499996 -6.397450
v 1.792726 39.999996 -6.397450
v 1.542726 40.499996 -6.397450
v 1.542726 40.999996 -5.897450
v 1.792726 40.999996 -5.897450
v 1.792726 40.499996 -6.397450
v 1.542725 40.999996 5.897453
v 1.542725 40.499996 6.397453
v 1.792725 40.499996 6.397453
v 1.792725 40.999996 5.897453
v 1.542726 40.999996 -5.897450
v 1.542726 43.999996 -5.897450
v 1.792726 43.999996 -5.897450
v 1.792726 40.999996 -5.897450
v 1.542725 44.649998 5.997453
v 1.542725 44.349995 5.997453
v 1.792725 44.349995 5.997453
v 1.792725 44.649998 5.997453
v 1.542726 44.349995 -5.997450
v 1.542726 44.649998 -5.997450
v 1.792726 44.649998 -5.997450
v 1.792726 44.349995 -5.997450
v 1.542726 36.349995 -6.497450
v 1.542726 36.649998 -6.497450
v 1.792726 36.649998 -6.497450
v 1.792726 36.349995 -6.497450
v 1.542725 36.649998 6.497453
v 1.542725 36.349995 6.497453
v 1.792725 36.349995 6.497453
v 1.792725 36.649998 6.497453
v 1.542726 36.999996 -6.397450
v 1.542726 39.999996 -6.397450
v 1.792726 39.999996 -6.397450
v 1.792726 36.999996 -6.397450
v 1.542725 39.999996 6.397453
v 1.542725 36.999996 6.397453
v 1.792725 36.999996 6.397453
v 1.792725 39.999996 6.397453
v 1.542726 44.999996 -5.897450
v 1.542726 47.999996 -5.897450
v 1.792726 47.999996 -5.897450
v 1.792726 44.999996 -5.897450
v 1.542725 47.999996 5.897453
v 1.542725 44.999996 5.897453
v 1.792725 44.999996 5.897453
v 1.792725 47.999996 5.897453
v 1.542725 48.999996 5.397453
v 1.542725 48.499996 5.897453
v 1.792725 48.499996 5.897453
v 1.792725 48.999996 5.397453
v 1.542726 48.499996 -5.897450
v 1.542726 48.999996 -5.397449
v 1.792726 48.999996 -5.397449
v 1.792726 48.499996 -5.897450
v 1.542725 48.499996 5.897453
v 1.542725 47.999996 5.897453
v 1.792725 47.999996 5.897453
v 1.792725 48.499996 5.897453
v 1.542726 47.999996 -5.897450
v 1.542726 48.499996 -5.897450
v 1.792726 48.499996 -5.897450
v 1.792726 47.999996 -5.897450
v 1.750000 8.249999 7.397452
v 2.000000 8.249999 7.397452
v 1.750000 8.249999 -7.397451
v 2.000000 8.249999 -7.397451
v 1.750000 8.749999 7.397452
v 2.000000 8.749999 7.397452
v 1.750000 8.749999 -7.397451
v 2.000000 8.749999 -7.397451
v 1.750000 12.249999 7.397452
v 2.000000 12.249999 7.397452
v 1.750000 12.249999 -7.397451
v 2.000000 12.249999 -7.397451
v 1.750000 12.999999 7.397452
v 1.750000 12.749999 7.397452
v 2.000000 12.749999 7.397452
v 2.000000 12.999999 7.397452
v 1.750000 12.749999 -7.397451
v 2.000000 12.749999 -7.397451
v 1.646362 20.249998 6.897452
v 1.646362 19.999998 6.897452
v 1.896362 19.999998 6.897452
v 1.896362 20.249998 6.897452
v 1.646363 19.999998 -6.897451
v 1.646363 20.249998 -6.897451
v 1.896363 20.249998 -6.897451
v 1.896363 19.999998 -6.897451
v 1.646362 24.249998 6.897452
v 1.896362 24.249998 6.897452
v 1.646362 20.749998 6.897452
v 1.896362 20.749998 6.897452
v 1.646363 20.749998 -6.897451
v 1.896363 20.749998 -6.897451
v 1.646363 24.249998 -6.897450
v 1.896363 24.249998 -6.897450
v 1.646362 24.749998 6.897452
v 1.896362 24.749998 6.897452
v 1.646363 24.749998 -6.897450
v 1.896363 24.749998 -6.897450
v 1.542725 32.749996 6.397452
v 1.792725 32.749996 6.397452
v 1.542725 32.249996 6.397452
v 1.542725 31.999998 6.397452
v 1.792725 31.999998 6.397452
v 1.792725 32.249996 6.397452
v 1.542726 31.999998 -6.397450
v 1.542726 32.249996 -6.397450
v 1.792726 32.249996 -6.397450
v 1.792726 31.999998 -6.397450
v 1.542725 36.249996 6.397453
v 1.792725 36.249996 6.397453
v 1.542726 32.749996 -6.397450
v 1.792726 32.749996 -6.397450
v 1.542726 36.249996 -6.397450
v 1.792726 36.249996 -6.397450
v 1.542726 44.249996 -5.897450
v 1.792726 44.249996 -5.897450
v 1.542725 44.249996 5.897453
v 1.792725 44.249996 5.897453
v 1.542725 36.749996 6.397453
v 1.792725 36.749996 6.397453
v 1.542726 36.749996 -6.397450
v 1.792726 36.749996 -6.397450
v 1.542725 44.999996 5.897453
v 1.542725 44.749996 5.897453
v 1.792725 44.749996 5.897453
v 1.792725 44.999996 5.897453
v 1.542726 44.749996 -5.897450
v 1.542726 44.999996 -5.897450
v 1.792726 44.999996 -5.897450
v 1.792726 44.749996 -5.897450
v 1.750000 8.349999 7.497452
v 1.750000 8.249999 7.397452
v 2.000000 8.249999 7.397452
v 2.000000 8.349999 7.497452
v 1.750000 8.249999 -7.397451
v 1.750000 8.349999 -7.497451
v 2.000000 8.349999 -7.497451
v 2.000000 8.249999 -7.397451
v 1.750000 8.749999 7.397452
v 1.750000 8.649999 7.497452
v 2.000000 8.649999 7.497452
v 2.000000 8.749999 7.397452
v 1.750000 8.649999 -7.497451
v 1.750000 8.749999 -7.397451
v 2.000000 8.749999 -7.397451
v 2.000000 8.649999 -7.497451
v 1.750000 12.349999 7.497452
v 1.750000 12.249999 7.397452
v 2.000000 12.249999 7.397452
v 2.000000 12.349999 7.497452
v 1.750000 12.249999 -7.397451
v 1.750000 12.349999 -7.497451
v 2.000000 12.349999 -7.497451
v 2.000000 12.249999 -7.397451
v 1.750000 12.749999 7.397452
v 1.750000 12.649999 7.497452
v 2.000000 12.649999 7.497452
v 2.000000 12.749999 7.397452
v 1.750000 12.649999 -7.497451
v 1.750000 12.749999 -7.397451
v 2.000000 12.749999 -7.397451
v 2.000000 12.649999 -7.497451
v 1.646362 20.349998 6.997452
v 1.646362 20.249998 6.897452
v 1.896362 20.249998 6.897452
v 1.896362 20.349998 6.997452
v 1.646363 20.249998 -6.897451
v 1.646363 20.349998 -6.997451
v 1.896363 20.349998 -6.997451
v 1.896363 20.249998 -6.897451
v 1.646362 24.349998 6.997452
v 1.646362 24.249998 6.897452
v 1.896362 24.249998 6.897452
v 1.896362 24.349998 6.997452
v 1.646362 20.749998 6.897452
v 1.646362 20.649998 6.997452
v 1.896362 20.649998 6.997452
v 1.896362 20.749998 6.897452
v 1.646363 20.649998 -6.997451
v 1.646363 20.749998 -6.897451
v 1.896363 20.749998 -6.897451
v 1.896363 20.649998 -6.997451
v 1.646363 24.249998 -6.897450
v 1.646363 24.349998 -6.997450
v 1.896363 24.349998 -6.997450
v 1.896363 24.249998 -6.897450
v 1.646362 24.749998 6.897452
v 1.646362 24.649998 6.997452
v 1.896362 24.649998 6.997452
v 1.896362 24.749998 6.897452
v 1.646363 24.649998 -6.997450
v 1.646363 24.749998 -6.897450
v 1.896363 24.749998 -6.897450
v 1.896363 24.649998 -6.997450
v 1.542725 32.749996 6.397452
v 1.542725 32.649998 6.497452
v 1.792725 32.649998 6.497452
v 1.792725 32.749996 6.397452
v 1.542725 32.349995 6.497452
v 1.542725 32.249996 6.397452
v 1.792725 32.249996 6.397452
v 1.792725 32.349995 6.497452
v 1.542726 32.249996 -6.397450
v 1.542726 32.349995 -6.497450
v 1.792726 32.349995 -6.497450
v 1.792726 32.249996 -6.397450
v 1.542725 36.349995 6.497453
v 1.542725 36.249996 6.397453
v 1.792725 36.249996 6.397453
v 1.792725 36.349995 6.497453
v 1.542726 32.649998 -6.497450
v 1.542726 32.749996 -6.397450
v 1.792726 32.749996 -6.397450
v 1.792726 32.649998 -6.497450
v 1.542726 36.249996 -6.397450
v 1.542726 36.349995 -6.497450
v 1.792726 36.349995 -6.497450
v 1.792726 36.249996 -6.397450
v 1.542726 44.249996 -5.897450
v 1.542726 44.349995 -5.997450
v 1.792726 44.349995 -5.997450
v 1.792726 44.249996 -5.897450
v 1.542725 44.349995 5.997453
v 1.542725 44.249996 5.897453
v 1.792725 44.249996 5.897453
v 1.792725 44.349995 5.997453
v 1.542725 36.749996 6.397453
v 1.542725 36.649998 6.497453
v 1.792725 36.649998 6.497453
v 1.792725 36.749996 6.397453
v 1.542726 36.649998 -6.497450
v 1.542726 36.749996 -6.397450
v 1.792726 36.749996 -6.397450
v 1.792726 36.649998 -6.497450
v 1.542725 44.749996 5.897453
v 1.542725 44.649998 5.997453
v 1.792725 44.649998 5.997453
v 1.792725 44.749996 5.897453
v 1.542726 44.649998 -5.997450
v 1.542726 44.749996 -5.897450
v 1.792726 44.749996 -5.897450
v 1.792726 44.649998 -5.997450
v 0.000000 48.999996 5.147453
v 1.542725 48.999996 5.147453
v 1.792725 48.999996 4.897453
v 0.000000 48.999996 4.897453
v 1.542726 48.999996 -5.147449
v 0.000000 48.999996 -5.147450
v 0.000000 48.999996 -4.897450
v 1.792726 48.999996 -4.897449
v 1.542725 48.999996 5.147453
v 1.542725 48.999996 5.397453
v 1.792725 48.999996 5.397453
v 1.792725 48.999996 4.897453
v 1.542726 48.999996 -5.397449
v 1.542726 48.999996 -5.147449
v 1.792726 48.999996 -4.897449
v 1.792726 48.999996 -5.397449
v 0.000000 5.749999 8.397450
v 1.249968 5.749999 8.397450
v 1.249967 7.499999 8.397450
v 0.000000 7.499999 8.397450
v 1.249969 5.750000 -8.397450
v 0.000000 5.750000 -8.397451
v 0.000000 7.500000 -8.397451
v 1.249968 7.500000 -8.397450
v 1.039641 29.405531 7.405624
v -0.002443 29.412437 7.397663
v -0.002319 28.911329 7.901834
v 1.143220 28.900599 7.911522
v 1.143752 27.993479 -7.897450
v -0.001953 27.993498 -7.897451
v -0.002319 28.911331 -7.901833
v 1.143221 28.900597 -7.911521
v 1.039642 29.405531 -7.405623
v -0.002443 29.412437 -7.397662
v -0.002075 31.501600 -7.397451
v 1.040144 31.501606 -7.397450
v -0.002443 29.412437 7.397663
v 1.039641 29.405531 7.405624
v 1.040143 31.501606 7.397452
v -0.002075 31.501600 7.397452
v 1.145985 25.164209 -7.897451
v 0.000000 25.164209 -7.897451
v 0.000000 25.499998 -7.897451
v 1.145879 25.499998 -7.897450
v 0.000000 25.064209 7.997452
v 1.146060 25.064209 7.997452
v 1.145984 25.164209 7.897452
v 0.000000 25.164209 7.897452
v 1.146061 25.064211 -7.997451
v 0.000000 25.064209 -7.997451
v 0.000000 25.164209 -7.897451
v 1.145985 25.164209 -7.897451
v 1.645195 28.691525 7.413084
v 1.645369 27.996727 7.398592
v 1.646362 27.999998 6.897452
v 1.646362 28.487112 6.910338
v 1.146144 23.835787 7.897452
v 0.000000 23.835787 7.897452
v 0.000000 23.499998 7.897452
v 1.146158 23.499998 7.897452
v 1.146103 21.064211 -7.997451
v 0.000000 21.064209 -7.997451
v 0.000000 21.164209 -7.897451
v 1.146139 21.164209 -7.897451
v 0.000000 23.835787 -7.897451
v 1.146145 23.835787 -7.897451
v 1.146159 23.499998 -7.897450
v 0.000000 23.499998 -7.897451
v 0.000000 19.835787 -7.897452
v 1.145963 19.835787 -7.897451
v 1.143896 19.501606 -7.897451
v -0.001923 19.501600 -7.897451
v 1.143420 17.405373 7.905844
v -0.002278 17.412603 7.897594
v -0.002153 16.911165 8.401901
v 1.247011 16.900272 8.411793
v 0.000000 21.064209 7.997452
v 1.146102 21.064209 7.997452
v 1.146138 21.164209 7.897452
v 0.000000 21.164209 7.897452
v 1.143422 17.405373 -7.905844
v -0.002278 17.412603 -7.897594
v -0.001923 19.501600 -7.897451
v 1.143896 19.501606 -7.897451
v 1.645388 19.751453 7.396149
v 1.645218 17.194860 7.410368
v 1.646362 16.987112 6.910338
v 1.646362 19.999998 6.897452
v 0.000000 13.499999 8.397450
v 1.249540 13.499999 8.397450
v 1.247526 15.993480 8.397451
v -0.001862 15.993499 8.397451
v -0.001862 15.993499 8.397451
v 1.247526 15.993480 8.397451
v 1.247011 16.900272 8.411793
v -0.002153 16.911165 8.401901
v 1.249653 13.164211 -8.397450
v 0.000000 13.164210 -8.397451
v 0.000000 13.499999 -8.397451
v 1.249541 13.499999 -8.397451
v 1.249541 13.499999 -8.397451
v 0.000000 13.499999 -8.397451
v -0.001862 15.993499 -8.397450
v 1.247527 15.993480 -8.397449
v 1.249738 13.064211 -8.497451
v 0.000000 13.064210 -8.497452
v 0.000000 13.164210 -8.397451
v 1.249653 13.164211 -8.397450
v 0.000000 13.064210 8.497451
v 1.249737 13.064211 8.497451
v 1.249653 13.164211 8.397450
v 0.000000 13.164210 8.397450
v 0.000000 11.835788 -8.397451
v 1.249850 11.835787 -8.397450
v 1.249886 11.499999 -8.397451
v 0.000000 11.499999 -8.397451
v 1.249849 11.835787 8.397450
v 0.000000 11.835788 8.397450
v 1.249885 11.499999 8.397450
v 1.249947 9.064211 -8.497451
v 0.000000 9.064210 -8.497452
v 0.000000 9.164210 -8.397451
v 1.249933 9.164211 -8.397450
v 0.000000 9.064210 8.497451
v 1.249946 9.064211 8.497451
v 1.249932 9.164211 8.397450
v 0.000000 9.164210 8.397450
v 0.000000 25.499998 7.897452
v 1.145878 25.499998 7.897452
v 1.143751 27.993479 7.897452
v -0.001953 27.993498 7.897452
v 0.000000 5.250000 -7.897498
v 1.750000 5.250000 -7.897499
v 1.750000 5.250000 -7.397451
v 0.000000 5.250000 -7.397452
v 1.145879 25.499998 -7.897450
v 0.000000 25.499998 -7.897451
v -0.001953 27.993498 -7.897451
v 1.143752 27.993479 -7.897450
v 1.645195 28.691523 -7.413082
v 1.541505 29.194838 -6.910311
v 1.542726 28.987112 -6.410336
v 1.646363 28.487112 -6.910336
v 1.042512 33.064213 -7.497451
v 0.000000 33.064209 -7.497453
v 0.000000 33.164207 -7.397453
v 1.042565 33.164211 -7.397451
v 0.000000 33.064209 7.497454
v 1.042511 33.064213 7.497453
v 1.042563 33.164211 7.397453
v 0.000000 33.164207 7.397454
v 1.042655 35.835781 7.397453
v 0.000000 35.835785 7.397455
v 0.000000 35.499996 7.397452
v 1.042633 35.499996 7.397453
v 0.000000 35.835785 -7.397453
v 1.042657 35.835781 -7.397451
v 1.042634 35.499996 -7.397450
v 0.000000 35.499996 -7.397450
v 1.042715 41.414211 6.897453
v 0.000000 41.414207 6.897453
v 0.000000 40.914207 7.397453
v 1.042712 40.914211 7.397453
v 1.042704 37.499996 -7.397450
v 0.000000 37.499996 -7.397450
v 0.000000 39.999996 -7.397450
v 1.042709 39.999996 -7.397450
v 0.000000 41.414207 -6.897451
v 1.042716 41.414211 -6.897450
v 1.042713 40.914211 -7.397450
v 0.000000 40.914207 -7.397451
v 1.042716 41.414211 -6.897450
v 0.000000 41.414207 -6.897451
v 0.000000 43.499996 -6.897450
v 1.042719 43.499996 -6.897450
v 0.000000 37.499996 7.397452
v 1.042702 37.499996 7.397453
v 1.042708 39.999996 7.397453
v 0.000000 39.999996 7.397452
v 0.000000 43.835785 -6.897453
v 1.042720 43.835781 -6.897451
v 1.042719 43.499996 -6.897450
v 0.000000 43.499996 -6.897450
v 1.042720 43.935780 6.997453
v 0.000000 43.935783 6.997455
v 0.000000 43.835785 6.897455
v 1.042719 43.835781 6.897453
v 1.042723 45.064213 -6.997451
v 0.000000 45.064209 -6.997453
v 0.000000 45.164207 -6.897453
v 1.042723 45.164211 -6.897451
v 0.000000 35.935783 -7.497453
v 1.042674 35.935780 -7.497451
v 1.042657 35.835781 -7.397451
v 0.000000 35.835785 -7.397453
v 1.042672 35.935780 7.497453
v 0.000000 35.935783 7.497455
v 0.000000 35.835785 7.397455
v 1.042655 35.835781 7.397453
v 1.042709 39.999996 -7.397450
v 0.000000 39.999996 -7.397450
v 0.000000 40.914207 -7.397451
v 1.042713 40.914211 -7.397450
v 1.542725 40.707088 6.897418
v 1.542725 39.999996 6.897407
v 1.542725 39.999996 6.397453
v 1.542725 40.499996 6.397453
v 1.042724 47.999996 -6.897450
v 0.000000 47.999996 -6.897450
v 0.000000 48.914207 -6.897451
v 1.042725 48.914211 -6.897450
v 0.000000 47.999996 6.897452
v 1.042723 47.999996 6.897453
v 1.042723 48.914211 6.897453
v 0.000000 48.914207 6.897454
v 0.000000 49.999996 -5.811661
v 1.042725 49.999996 -5.811663
v 1.042725 48.914211 -6.897450
v 0.000000 48.914207 -6.897451
v 1.042724 49.999996 5.811666
v 0.000000 49.999996 5.811664
v 0.000000 48.914207 6.897454
v 1.042723 48.914211 6.897453
v 0.000000 45.164207 6.897455
v 1.042722 45.164211 6.897453
v 1.042722 45.499996 6.897453
v 0.000000 45.499996 6.897452
v 1.042349 31.835783 7.397453
v 0.000000 31.835787 7.397454
v -0.002075 31.501600 7.397452
v 1.040143 31.501606 7.397452
v 1.249963 7.835787 8.397450
v 0.000000 7.835788 8.397450
v 1.750000 11.749887 7.897675
v 1.750000 9.250084 7.897621
v 1.750000 8.999999 7.397452
v 1.750000 11.999999 7.397452
v 1.249913 9.499999 -8.397451
v 0.000000 9.499999 -8.397451
v 0.000000 11.499999 -8.397451
v 1.249886 11.499999 -8.397451
v 0.000000 7.935789 -8.497452
v 1.249958 7.935789 -8.497451
v 1.249964 7.835788 -8.397450
v 0.000000 7.835789 -8.397451
v 0.000000 9.164210 8.397450
v 1.249932 9.164211 8.397450
v 1.249912 9.499999 8.397450
v 0.000000 11.935788 -8.497452
v 1.249802 11.935787 -8.497451
v 1.249850 11.835787 -8.397450
v 0.000000 11.835788 -8.397451
v 0.000000 13.164210 8.397450
v 1.249653 13.164211 8.397450
v 1.249540 13.499999 8.397450
v 0.000000 13.499999 8.397450
v 1.146044 19.935787 7.997452
v 0.000000 19.935787 7.997452
v 0.000000 19.835787 7.897452
v 1.145962 19.835787 7.897452
v -0.002278 17.412603 7.897594
v 1.143420 17.405373 7.905844
v 1.143895 19.501606 7.897452
v -0.001923 19.501600 7.897451
v 0.000000 19.935787 -7.997452
v 1.146046 19.935787 -7.997451
v 1.145963 19.835787 -7.897451
v 0.000000 19.835787 -7.897452
v 1.646362 23.750013 7.397423
v 1.646362 21.249649 7.397289
v 1.646362 20.999998 6.897452
v 1.646362 23.999998 6.897452
v 1.146158 21.499464 -7.897450
v 0.000000 21.499464 -7.897451
v 0.000000 23.499998 -7.897451
v 1.146159 23.499998 -7.897450
v -0.002278 17.412603 -7.897594
v 1.143422 17.405373 -7.905844
v 1.247012 16.900272 -8.411791
v -0.002153 16.911165 -8.401900
v 0.000000 21.164209 7.897452
v 1.146138 21.164209 7.897452
v 1.146156 21.499464 7.897452
v 0.000000 21.499464 7.897452
v 1.146112 23.935787 7.997452
v 0.000000 23.935787 7.997452
v 0.000000 23.835787 7.897452
v 1.146144 23.835787 7.897452
v 1.542725 35.750122 6.897202
v 1.542725 33.249561 6.897120
v 1.542725 32.999996 6.397452
v 1.542725 35.999996 6.397453
v 0.000000 31.835787 -7.397453
v 1.042350 31.835783 -7.397451
v 1.040144 31.501606 -7.397450
v -0.002075 31.501600 -7.397451
v 0.000000 31.935785 -7.497453
v 1.042442 31.935781 -7.497451
v 1.042350 31.835783 -7.397451
v 0.000000 31.835787 -7.397453
v 1.042565 33.164211 -7.397451
v 0.000000 33.164207 -7.397453
v 0.000000 33.499462 -7.397451
v 1.042604 33.499462 -7.397450
v 1.042604 33.499462 -7.397450
v 0.000000 33.499462 -7.397451
v 0.000000 35.499996 -7.397450
v 1.042634 35.499996 -7.397450
v 1.042719 43.835781 6.897453
v 0.000000 43.835785 6.897455
v 0.000000 43.499996 6.897452
v 1.042717 43.499996 6.897453
v 0.000000 45.064209 6.997455
v 1.042721 45.064213 6.997453
v 1.042722 45.164211 6.897453
v 0.000000 45.164207 6.897455
v 0.000000 41.414207 6.897453
v 1.042715 41.414211 6.897453
v 1.042717 43.499996 6.897453
v 0.000000 43.499996 6.897452
v 1.042723 45.164211 -6.897451
v 0.000000 45.164207 -6.897453
v 0.000000 45.499996 -6.897450
v 1.042724 45.499996 -6.897450
v 0.000000 37.164207 7.397455
v 1.042695 37.164211 7.397453
v 1.042702 37.499996 7.397453
v 0.000000 37.499996 7.397452
v 1.542725 47.999996 6.397449
v 1.542725 45.249992 6.397448
v 1.542725 44.999996 5.897453
v 1.542725 47.999996 5.897453
v 1.042724 45.499996 -6.897450
v 0.000000 45.499996 -6.897450
v 0.000000 47.999996 -6.897450
v 1.042724 47.999996 -6.897450
v 1.750000 8.857146 7.997552
v 1.750000 8.142860 7.997531
v 1.750000 8.349999 7.497452
v 1.750000 8.649999 7.497452
v 1.249958 7.935789 -8.497451
v 0.000000 7.935789 -8.497452
v 0.000000 9.064210 -8.497452
v 1.249947 9.064211 -8.497451
v 0.000000 7.835789 -8.397451
v 1.249964 7.835788 -8.397450
v 1.249968 7.500000 -8.397450
v 0.000000 7.500000 -8.397451
v 1.249957 7.935788 8.497451
v 0.000000 7.935788 8.497451
v 0.000000 7.835788 8.397450
v 1.249963 7.835787 8.397450
v 1.750000 12.857319 7.997968
v 1.750000 12.142732 7.997842
v 1.750000 12.349999 7.497452
v 1.750000 12.649999 7.497452
v 1.249802 11.935787 -8.497451
v 0.000000 11.935788 -8.497452
v 0.000000 13.064210 -8.497452
v 1.249738 13.064211 -8.497451
v 1.249933 9.164211 -8.397450
v 0.000000 9.164210 -8.397451
v 0.000000 9.499999 -8.397451
v 1.249913 9.499999 -8.397451
v 1.249801 11.935787 8.497451
v 0.000000 11.935788 8.497451
v 0.000000 11.835788 8.397450
v 1.249849 11.835787 8.397450
v 1.646362 20.856903 7.496969
v 1.646362 20.143181 7.496758
v 1.646362 20.349998 6.997452
v 1.646362 20.649998 6.997452
v 1.146046 19.935787 -7.997451
v 0.000000 19.935787 -7.997452
v 0.000000 21.064209 -7.997451
v 1.146103 21.064211 -7.997451
v 1.646362 24.857269 7.497854
v 1.646362 24.142792 7.497695
v 1.646362 24.349998 6.997452
v 1.646362 24.649998 6.997452
v 1.247527 15.993480 -8.397449
v -0.001862 15.993499 -8.397450
v -0.002153 16.911165 -8.401900
v 1.247012 16.900272 -8.411791
v 1.146139 21.164209 -7.897451
v 0.000000 21.164209 -7.897451
v 0.000000 21.499464 -7.897451
v 1.146158 21.499464 -7.897450
v 1.146113 23.935787 -7.997451
v 0.000000 23.935787 -7.997451
v 0.000000 25.064209 -7.997451
v 1.146061 25.064211 -7.997451
v 0.000000 23.935787 -7.997451
v 1.146113 23.935787 -7.997451
v 1.146145 23.835787 -7.897451
v 0.000000 23.835787 -7.897451
v 0.000000 25.164209 7.897452
v 1.145984 25.164209 7.897452
v 1.145878 25.499998 7.897452
v 0.000000 25.499998 7.897452
v 0.000000 33.164207 7.397454
v 1.042563 33.164211 7.397453
v 1.042603 33.499462 7.397452
v 0.000000 33.499462 7.397452
v 1.542725 32.856865 6.996868
v 1.542725 32.143208 6.996677
v 1.542725 32.349995 6.497452
v 1.542725 32.649998 6.497452
v 1.042442 31.935781 -7.497451
v 0.000000 31.935785 -7.497453
v 0.000000 33.064209 -7.497453
v 1.042512 33.064213 -7.497451
v 1.042696 37.164211 -7.397451
v 0.000000 37.164207 -7.397453
v 0.000000 37.499996 -7.397450
v 1.042704 37.499996 -7.397450
v 1.042441 31.935781 7.497453
v 0.000000 31.935785 7.497454
v 0.000000 31.835787 7.397454
v 1.042349 31.835783 7.397453
v 0.000000 37.064209 7.497455
v 1.042685 37.064213 7.497453
v 1.042695 37.164211 7.397453
v 0.000000 37.164207 7.397455
v 1.042722 43.935780 -6.997451
v 0.000000 43.935783 -6.997453
v 0.000000 45.064209 -6.997453
v 1.042723 45.064213 -6.997451
v 0.000000 43.935783 -6.997453
v 1.042722 43.935780 -6.997451
v 1.042720 43.835781 -6.897451
v 0.000000 43.835785 -6.897453
v 0.000000 35.935783 7.497455
v 1.042672 35.935780 7.497453
v 1.042685 37.064213 7.497453
v 0.000000 37.064209 7.497455
v 1.542726 36.142944 -6.997307
v 1.542726 36.857063 -6.997342
v 1.542726 36.649998 -6.497450
v 1.542726 36.349995 -6.497450
v 0.000000 43.935783 6.997455
v 1.042720 43.935780 6.997453
v 1.042721 45.064213 6.997453
v 0.000000 45.064209 6.997455
v 1.042687 37.064213 -7.497451
v 0.000000 37.064209 -7.497453
v 0.000000 37.164207 -7.397453
v 1.042696 37.164211 -7.397451
v 1.042724 49.999996 5.647453
v 0.000000 49.999996 5.647453
v 0.000000 49.999996 5.811664
v 1.042724 49.999996 5.811666
v 0.000000 49.999996 -5.647450
v 1.042725 49.999996 -5.647449
v 1.042725 49.999996 -5.811663
v 0.000000 49.999996 -5.811661
v 1.542726 49.499992 -5.147449
v 0.000000 49.499992 -5.147450
v 0.000000 48.999996 -5.147450
v 1.542726 48.999996 -5.147449
v 1.750000 5.249999 7.897499
v 0.000000 5.249999 7.897497
v 0.000000 5.249999 7.397451
v 1.750000 5.249999 7.397451
v 1.249968 5.749999 8.397450
v 0.000000 5.749999 8.397450
v 0.000000 5.249999 7.897497
v 1.750000 5.249999 7.897499
v 0.000000 5.750000 -8.397451
v 1.249969 5.750000 -8.397450
v 1.750000 5.250000 -7.897499
v 0.000000 5.250000 -7.897498
v 1.645369 27.996727 7.398592
v 1.645195 28.691525 7.413084
v 1.143220 28.900599 7.911522
v 1.143751 27.993479 7.897452
v 1.541505 29.194838 -6.910311
v 1.645195 28.691523 -7.413082
v 1.143221 28.900597 -7.911521
v 1.039642 29.405531 -7.405623
v 1.039641 29.405531 7.405624
v 1.143220 28.900599 7.911522
v 1.645195 28.691525 7.413084
v 1.541504 29.194838 6.910312
v 1.143752 27.993479 -7.897450
v 1.143221 28.900597 -7.911521
v 1.645195 28.691523 -7.413082
v 1.645370 27.996727 -7.398589
v 1.145879 25.499998 -7.897450
v 1.143752 27.993479 -7.897450
v 1.645370 27.996727 -7.398589
v 1.646363 25.250414 -7.398283
v 1.646362 24.142792 7.497695
v 1.646362 24.857269 7.497854
v 1.146060 25.064209 7.997452
v 1.146112 23.935787 7.997452
v 1.146113 23.935787 -7.997451
v 1.146061 25.064211 -7.997451
v 1.646363 24.857271 -7.497852
v 1.646363 24.142792 -7.497693
v 1.646362 25.250414 7.398285
v 1.645369 27.996727 7.398592
v 1.143751 27.993479 7.897452
v 1.145878 25.499998 7.897452
v 1.646362 21.249649 7.397289
v 1.646362 23.750013 7.397423
v 1.146158 23.499998 7.897452
v 1.146156 21.499464 7.897452
v 1.146046 19.935787 -7.997451
v 1.146103 21.064211 -7.997451
v 1.646363 20.856905 -7.496968
v 1.646363 20.143181 -7.496758
v 1.146158 21.499464 -7.897450
v 1.146159 23.499998 -7.897450
v 1.646363 23.750013 -7.397421
v 1.646363 21.249649 -7.397287
v 1.143422 17.405373 -7.905844
v 1.143896 19.501606 -7.897451
v 1.645389 19.751453 -7.396147
v 1.645219 17.194860 -7.410367
v 1.645218 17.194860 7.410368
v 1.645388 19.751453 7.396149
v 1.143895 19.501606 7.897452
v 1.143420 17.405373 7.905844
v 1.646362 20.143181 7.496758
v 1.646362 20.856903 7.496969
v 1.146102 21.064209 7.997452
v 1.146044 19.935787 7.997452
v 1.645219 17.194860 -7.410367
v 1.748902 16.691545 -7.913140
v 1.247012 16.900272 -8.411791
v 1.143422 17.405373 -7.905844
v 1.143420 17.405373 7.905844
v 1.247011 16.900272 8.411793
v 1.748901 16.691545 7.913141
v 1.645218 17.194860 7.410368
v 1.749065 15.996728 7.898654
v 1.748901 16.691545 7.913141
v 1.247011 16.900272 8.411793
v 1.247526 15.993480 8.397451
v 1.247527 15.993480 -8.397449
v 1.247012 16.900272 -8.411791
v 1.748902 16.691545 -7.913140
v 1.749066 15.996728 -7.898652
v 1.249541 13.499999 -8.397451
v 1.247527 15.993480 -8.397449
v 1.749066 15.996728 -7.898652
v 1.750000 13.250452 -7.898357
v 1.750000 13.250452 7.898358
v 1.749065 15.996728 7.898654
v 1.247526 15.993480 8.397451
v 1.249540 13.499999 8.397450
v 1.249802 11.935787 -8.497451
v 1.249738 13.064211 -8.497451
v 1.750000 12.857319 -7.997967
v 1.750000 12.142732 -7.997841
v 1.750000 12.142732 7.997842
v 1.750000 12.857319 7.997968
v 1.249737 13.064211 8.497451
v 1.249801 11.935787 8.497451
v 1.249913 9.499999 -8.397451
v 1.249886 11.499999 -8.397451
v 1.750000 11.749887 -7.897675
v 1.750000 9.250084 -7.897621
v 1.750000 9.250084 7.897621
v 1.750000 11.749887 7.897675
v 1.249885 11.499999 8.397450
v 1.249912 9.499999 8.397450
v 1.249958 7.935789 -8.497451
v 1.249947 9.064211 -8.497451
v 1.750000 8.857146 -7.997551
v 1.750000 8.142860 -7.997530
v 1.750000 8.142860 7.997531
v 1.750000 8.857146 7.997552
v 1.249946 9.064211 8.497451
v 1.249957 7.935788 8.497451
v 1.249969 5.750000 -8.397450
v 1.249968 7.500000 -8.397450
v 1.750000 7.749973 -7.897504
v 1.750000 5.250000 -7.897499
v 1.750000 5.249999 7.897499
v 1.750000 7.749972 7.897505
v 1.249967 7.499999 8.397450
v 1.249968 5.749999 8.397450
v 1.541504 29.194838 6.910312
v 1.541686 31.751482 6.896089
v 1.040143 31.501606 7.397452
v 1.039641 29.405531 7.405624
v 1.039642 29.405531 -7.405623
v 1.040144 31.501606 -7.397450
v 1.541687 31.751482 -6.896087
v 1.541505 29.194838 -6.910311
v 1.042442 31.935781 -7.497451
v 1.042512 33.064213 -7.497451
v 1.542726 32.856865 -6.996866
v 1.542726 32.143208 -6.996675
v 1.542725 32.143208 6.996677
v 1.542725 32.856865 6.996868
v 1.042511 33.064213 7.497453
v 1.042441 31.935781 7.497453
v 1.542725 33.249561 6.897120
v 1.542725 35.750122 6.897202
v 1.042633 35.499996 7.397453
v 1.042603 33.499462 7.397452
v 1.042604 33.499462 -7.397450
v 1.042634 35.499996 -7.397450
v 1.542726 35.750122 -6.897199
v 1.542726 33.249561 -6.897118
v 1.042717 43.499996 6.897453
v 1.042715 41.414211 6.897453
v 1.542725 41.207092 6.397427
v 1.542725 43.750008 6.397433
v 1.542725 39.999996 6.897407
v 1.542725 40.707088 6.897418
v 1.042712 40.914211 7.397453
v 1.042708 39.999996 7.397453
v 1.042709 39.999996 -7.397450
v 1.042713 40.914211 -7.397450
v 1.542726 40.707088 -6.897415
v 1.542726 39.999996 -6.897404
v 1.042713 40.914211 -7.397450
v 1.042716 41.414211 -6.897450
v 1.542726 41.207092 -6.397424
v 1.542726 40.707088 -6.897415
v 1.542725 40.707088 6.897418
v 1.542725 41.207092 6.397427
v 1.042715 41.414211 6.897453
v 1.042712 40.914211 7.397453
v 1.542726 43.750008 -6.397430
v 1.542726 41.207092 -6.397424
v 1.042716 41.414211 -6.897450
v 1.042719 43.499996 -6.897450
v 1.042721 45.064213 6.997453
v 1.042720 43.935780 6.997453
v 1.542725 44.142891 6.497441
v 1.542725 44.857105 6.497444
v 1.042722 43.935780 -6.997451
v 1.042723 45.064213 -6.997451
v 1.542726 44.857105 -6.497441
v 1.542726 44.142891 -6.497438
v 1.542726 36.857063 -6.997342
v 1.542726 36.142944 -6.997307
v 1.042674 35.935780 -7.497451
v 1.042687 37.064213 -7.497451
v 1.042685 37.064213 7.497453
v 1.042672 35.935780 7.497453
v 1.542725 36.142944 6.997310
v 1.542725 36.857063 6.997345
v 1.042704 37.499996 -7.397450
v 1.042709 39.999996 -7.397450
v 1.542726 39.999996 -6.897404
v 1.542726 37.249966 -6.897389
v 1.542725 37.249966 6.897392
v 1.542725 39.999996 6.897407
v 1.042708 39.999996 7.397453
v 1.042702 37.499996 7.397453
v 1.042724 45.499996 -6.897450
v 1.042724 47.999996 -6.897450
v 1.542726 47.999996 -6.397446
v 1.542726 45.249992 -6.397445
v 1.542725 45.249992 6.397448
v 1.542725 47.999996 6.397449
v 1.042723 47.999996 6.897453
v 1.042722 45.499996 6.897453
v 1.542725 48.707104 6.397449
v 1.542725 49.499992 5.604559
v 1.042724 49.999996 5.811666
v 1.042723 48.914211 6.897453
v 1.042725 48.914211 -6.897450
v 1.042725 49.999996 -5.811663
v 1.542726 49.499992 -5.604555
v 1.542726 48.707104 -6.397447
v 1.042723 48.914211 6.897453
v 1.042723 47.999996 6.897453
v 1.542725 47.999996 6.397449
v 1.542725 48.707104 6.397449
v 1.042724 47.999996 -6.897450
v 1.042725 48.914211 -6.897450
v 1.542726 48.707104 -6.397447
v 1.542726 47.999996 -6.397446
v 1.750000 7.749972 7.897505
v 1.750000 8.042867 7.897515
v 1.249963 7.835787 8.397450
v 1.249967 7.499999 8.397450
v 1.249968 7.500000 -8.397450
v 1.249964 7.835788 -8.397450
v 1.750000 8.042867 -7.897514
v 1.750000 7.749973 -7.897504
v 1.750000 8.957159 7.897582
v 1.750000 9.250084 7.897621
v 1.249912 9.499999 8.397450
v 1.249932 9.164211 8.397450
v 1.249933 9.164211 -8.397450
v 1.249913 9.499999 -8.397451
v 1.750000 9.250084 -7.897621
v 1.750000 8.957159 -7.897580
v 1.750000 11.749887 7.897675
v 1.750000 12.042770 7.897747
v 1.249849 11.835787 8.397450
v 1.249885 11.499999 8.397450
v 1.249886 11.499999 -8.397451
v 1.249850 11.835787 -8.397450
v 1.750000 12.042771 -7.897745
v 1.750000 11.749887 -7.897675
v 1.750000 12.957388 7.898135
v 1.750000 13.250452 7.898358
v 1.249540 13.499999 8.397450
v 1.249653 13.164211 8.397450
v 1.249653 13.164211 -8.397450
v 1.249541 13.499999 -8.397451
v 1.750000 13.250452 -7.898357
v 1.750000 12.957388 -7.898134
v 1.645388 19.751453 7.396149
v 1.646362 20.043289 7.396492
v 1.145962 19.835787 7.897452
v 1.143895 19.501606 7.897452
v 1.143896 19.501606 -7.897451
v 1.145963 19.835787 -7.897451
v 1.646363 20.043289 -7.396492
v 1.645389 19.751453 -7.396147
v 1.646362 23.750013 7.397423
v 1.646362 24.042850 7.397555
v 1.146144 23.835787 7.897452
v 1.146158 23.499998 7.897452
v 1.646362 20.956976 7.397142
v 1.646362 21.249649 7.397289
v 1.146156 21.499464 7.897452
v 1.146138 21.164209 7.897452
v 1.146139 21.164209 -7.897451
v 1.146158 21.499464 -7.897450
v 1.646363 21.249649 -7.397287
v 1.646363 20.956974 -7.397139
v 1.146159 23.499998 -7.897450
v 1.146145 23.835787 -7.897451
v 1.646363 24.042850 -7.397553
v 1.646363 23.750013 -7.397421
v 1.646362 24.957350 7.398046
v 1.646362 25.250414 7.398285
v 1.145878 25.499998 7.897452
v 1.145984 25.164209 7.897452
v 1.145985 25.164209 -7.897451
v 1.145879 25.499998 -7.897450
v 1.646363 25.250414 -7.398283
v 1.646363 24.957350 -7.398043
v 1.542725 32.956924 6.897011
v 1.542725 33.249561 6.897120
v 1.042603 33.499462 7.397452
v 1.042563 33.164211 7.397453
v 1.541686 31.751482 6.896089
v 1.542725 32.043312 6.896425
v 1.042349 31.835783 7.397453
v 1.040143 31.501606 7.397452
v 1.040144 31.501606 -7.397450
v 1.042350 31.835783 -7.397451
v 1.542726 32.043312 -6.896423
v 1.541687 31.751482 -6.896087
v 1.542725 35.750122 6.897202
v 1.542725 36.042965 6.897264
v 1.042655 35.835781 7.397453
v 1.042633 35.499996 7.397453
v 1.042565 33.164211 -7.397451
v 1.042604 33.499462 -7.397450
v 1.542726 33.249561 -6.897118
v 1.542726 32.956924 -6.897009
v 1.042634 35.499996 -7.397450
v 1.042657 35.835781 -7.397451
v 1.542726 36.042965 -6.897261
v 1.542726 35.750122 -6.897199
v 1.542726 44.042892 -6.397435
v 1.542726 43.750008 -6.397430
v 1.042719 43.499996 -6.897450
v 1.042720 43.835781 -6.897451
v 1.042719 43.835781 6.897453
v 1.042717 43.499996 6.897453
v 1.542725 43.750008 6.397433
v 1.542725 44.042892 6.397438
v 1.542725 36.957073 6.897372
v 1.542725 37.249966 6.897392
v 1.042702 37.499996 7.397453
v 1.042695 37.164211 7.397453
v 1.042696 37.164211 -7.397451
v 1.042704 37.499996 -7.397450
v 1.542726 37.249966 -6.897389
v 1.542726 36.957073 -6.897369
v 1.542725 44.957104 6.397446
v 1.542725 45.249992 6.397448
v 1.042722 45.499996 6.897453
v 1.042722 45.164211 6.897453
v 1.042723 45.164211 -6.897451
v 1.042724 45.499996 -6.897450
v 1.542726 45.249992 -6.397445
v 1.542726 44.957104 -6.397443
v 1.750000 8.042867 7.897515
v 1.750000 8.142860 7.997531
v 1.249957 7.935788 8.497451
v 1.249963 7.835787 8.397450
v 1.249964 7.835788 -8.397450
v 1.249958 7.935789 -8.497451
v 1.750000 8.142860 -7.997530
v 1.750000 8.042867 -7.897514
v 1.750000 8.857146 7.997552
v 1.750000 8.957159 7.897582
v 1.249932 9.164211 8.397450
v 1.249946 9.064211 8.497451
v 1.249947 9.064211 -8.497451
v 1.249933 9.164211 -8.397450
v 1.750000 8.957159 -7.897580
v 1.750000 8.857146 -7.997551
v 1.750000 12.042770 7.897747
v 1.750000 12.142732 7.997842
v 1.249801 11.935787 8.497451
v 1.249849 11.835787 8.397450
v 1.249850 11.835787 -8.397450
v 1.249802 11.935787 -8.497451
v 1.750000 12.142732 -7.997841
v 1.750000 12.042771 -7.897745
v 1.750000 12.857319 7.997968
v 1.750000 12.957388 7.898135
v 1.249653 13.164211 8.397450
v 1.249737 13.064211 8.497451
v 1.249738 13.064211 -8.497451
v 1.249653 13.164211 -8.397450
v 1.750000 12.957388 -7.898134
v 1.750000 12.857319 -7.997967
v 1.646362 20.043289 7.396492
v 1.646362 20.143181 7.496758
v 1.146044 19.935787 7.997452
v 1.145962 19.835787 7.897452
v 1.145963 19.835787 -7.897451
v 1.146046 19.935787 -7.997451
v 1.646363 20.143181 -7.496758
v 1.646363 20.043289 -7.396492
v 1.646362 24.042850 7.397555
v 1.646362 24.142792 7.497695
v 1.146112 23.935787 7.997452
v 1.146144 23.835787 7.897452
v 1.646362 20.856903 7.496969
v 1.646362 20.956976 7.397142
v 1.146138 21.164209 7.897452
v 1.146102 21.064209 7.997452
v 1.146103 21.064211 -7.997451
v 1.146139 21.164209 -7.897451
v 1.646363 20.956974 -7.397139
v 1.646363 20.856905 -7.496968
v 1.146145 23.835787 -7.897451
v 1.146113 23.935787 -7.997451
v 1.646363 24.142792 -7.497693
v 1.646363 24.042850 -7.397553
v 1.646362 24.857269 7.497854
v 1.646362 24.957350 7.398046
v 1.145984 25.164209 7.897452
v 1.146060 25.064209 7.997452
v 1.146061 25.064211 -7.997451
v 1.145985 25.164209 -7.897451
v 1.646363 24.957350 -7.398043
v 1.646363 24.857271 -7.497852
v 1.542725 32.856865 6.996868
v 1.542725 32.956924 6.897011
v 1.042563 33.164211 7.397453
v 1.042511 33.064213 7.497453
v 1.542725 32.043312 6.896425
v 1.542725 32.143208 6.996677
v 1.042441 31.935781 7.497453
v 1.042349 31.835783 7.397453
v 1.042350 31.835783 -7.397451
v 1.042442 31.935781 -7.497451
v 1.542726 32.143208 -6.996675
v 1.542726 32.043312 -6.896423
v 1.542725 36.042965 6.897264
v 1.542725 36.142944 6.997310
v 1.042672 35.935780 7.497453
v 1.042655 35.835781 7.397453
v 1.042512 33.064213 -7.497451
v 1.042565 33.164211 -7.397451
v 1.542726 32.956924 -6.897009
v 1.542726 32.856865 -6.996866
v 1.042657 35.835781 -7.397451
v 1.042674 35.935780 -7.497451
v 1.542726 36.142944 -6.997307
v 1.542726 36.042965 -6.897261
v 1.542726 44.142891 -6.497438
v 1.542726 44.042892 -6.397435
v 1.042720 43.835781 -6.897451
v 1.042722 43.935780 -6.997451
v 1.042720 43.935780 6.997453
v 1.042719 43.835781 6.897453
v 1.542725 44.042892 6.397438
v 1.542725 44.142891 6.497441
v 1.542725 36.857063 6.997345
v 1.542725 36.957073 6.897372
v 1.042695 37.164211 7.397453
v 1.042685 37.064213 7.497453
v 1.042687 37.064213 -7.497451
v 1.042696 37.164211 -7.397451
v 1.542726 36.957073 -6.897369
v 1.542726 36.857063 -6.997342
v 1.542725 44.857105 6.497444
v 1.542725 44.957104 6.397446
v 1.042722 45.164211 6.897453
v 1.042721 45.064213 6.997453
v 1.042723 45.064213 -6.997451
v 1.042723 45.164211 -6.897451
v 1.542726 44.957104 -6.397443
v 1.542726 44.857105 -6.497441
v 1.542725 49.499992 5.147453
v 0.000000 49.499992 5.147453
v 0.000000 49.999996 5.647453
v 1.042724 49.999996 5.647453
v 0.000000 49.499992 -5.147450
v 1.542726 49.499992 -5.147449
v 1.042725 49.999996 -5.647449
v 0.000000 49.999996 -5.647450
v 1.542725 49.499992 5.604559
v 1.542725 49.499992 5.147453
v 1.042724 49.999996 5.647453
v 1.042724 49.999996 5.811666
v 1.042725 49.999996 -5.811663
v 1.042725 49.999996 -5.647449
v 1.542726 49.499992 -5.147449
v 1.542726 49.499992 -5.604555
v 0.000000 49.499992 5.147453
v 1.542725 49.499992 5.147453
v 1.542725 48.999996 5.147453
v 0.000000 48.999996 5.147453
v -7.600000 4.349999 -2.046715
v -7.600000 4.650000 -2.046715
v -7.600000 4.650000 -3.934818
v -7.600000 4.349999 -3.934818
v -6.404084 4.349999 5.132108
v -6.404084 4.650000 5.132108
v -7.600000 4.650000 3.934819
v -7.600000 4.349999 3.934819
v -7.500000 1.000000 3.893431
v -8.000000 1.000000 4.100369
v -8.000000 1.000000 2.446716
v -7.500000 1.000000 2.446716
v -7.500000 3.500000 2.446716
v -8.000000 3.500000 2.446716
v -8.000000 3.500000 4.100369
v -7.500000 3.500000 3.893431
v -6.686684 1.000000 -4.707681
v -7.040441 1.000000 -5.061031
v -7.040441 3.500000 -5.061031
v -6.686684 3.500000 -4.707681
v -2.000000 1.000000 -7.397451
v -2.000000 4.000000 -7.397451
v 0.000000 4.000000 -7.397452
v 0.000000 1.000000 -7.397452
v -4.000000 1.000000 -7.397451
v -4.207275 1.000000 -7.897451
v -2.500000 1.000000 -7.897451
v -2.500000 1.000000 -7.397451
v -7.250000 5.500000 -2.446715
v -7.250000 7.500000 -2.446715
v -7.250000 7.500000 -3.789961
v -7.250000 5.500000 -3.789961
v -6.156455 5.500000 4.884763
v -6.156455 7.500000 4.884763
v -7.250000 7.500000 3.789962
v -7.250000 5.500000 3.789962
v -2.000000 4.349999 7.497451
v -2.000000 4.649999 7.497451
v -4.041454 4.649999 7.497452
v -4.041454 4.349999 7.497452
v -5.237418 4.349999 -6.300114
v -5.237418 4.650000 -6.300114
v -4.041455 4.650000 -7.497451
v -4.041455 4.350000 -7.497451
v -2.000000 4.350000 -7.497451
v -2.000000 4.650000 -7.497451
v 0.000000 4.650000 -7.497452
v 0.000000 4.350000 -7.497452
v -7.600000 8.349999 -2.046715
v -7.600000 8.649999 -2.046715
v -7.600000 8.649999 -3.934818
v -7.600000 8.349999 -3.934818
v -6.404084 8.349999 5.132109
v -6.404084 8.649999 5.132109
v -7.600000 8.649999 3.934819
v -7.600000 8.349999 3.934819
v -2.500000 5.499999 7.147451
v -2.500000 7.499999 7.147452
v -3.896362 7.499999 7.147452
v -3.896362 5.499999 7.147452
v -4.989789 5.500000 -6.052769
v -4.989789 7.500000 -6.052768
v -3.896363 7.500000 -7.147450
v -3.896363 5.500000 -7.147451
v -1.750000 5.250000 -7.897499
v -1.750000 5.250000 -7.397451
v -1.750000 8.000000 -7.397451
v -1.750000 7.749973 -7.897504
v -7.250000 9.499999 -2.446715
v -7.250000 11.499999 -2.446715
v -7.250000 11.499999 -3.789961
v -7.250000 9.499999 -3.789961
v -6.156455 9.499999 4.884763
v -6.156455 11.499999 4.884763
v -7.250000 11.499999 3.789962
v -7.250000 9.499999 3.789962
v -2.000000 8.349999 7.497452
v -2.000000 8.649999 7.497452
v -4.041454 8.649999 7.497452
v -4.041454 8.349999 7.497452
v -5.237418 8.349999 -6.300114
v -5.237418 8.649999 -6.300114
v -4.041455 8.649999 -7.497450
v -4.041455 8.349999 -7.497450
v -1.750000 8.142860 -7.997530
v -1.750000 8.349999 -7.497451
v -1.750000 8.649999 -7.497451
v -1.750000 8.857146 -7.997551
v -7.600000 12.349999 -2.046715
v -7.600000 12.649999 -2.046715
v -7.600000 12.649999 -3.934818
v -7.600000 12.349999 -3.934818
v -6.404084 12.349999 5.132109
v -6.404084 12.649999 5.132109
v -7.600000 12.649999 3.934819
v -7.600000 12.349999 3.934819
v -2.500000 9.499999 7.147452
v -2.500000 11.499999 7.147452
v -3.896362 11.499999 7.147452
v -3.896362 9.499999 7.147452
v -4.989789 9.499999 -6.052768
v -4.989789 11.499999 -6.052768
v -3.896363 11.499999 -7.147450
v -3.896363 9.499999 -7.147450
v -1.750000 9.250084 -7.897621
v -1.750000 8.999999 -7.397451
v -1.750000 11.999999 -7.397451
v -1.750000 11.749887 -7.897675
v -7.500000 15.999999 -1.946715
v -7.500000 16.499998 -1.946715
v -7.500000 16.499998 -3.893430
v -7.500000 15.999999 -3.893430
v -7.250000 13.499999 -2.446715
v -7.250000 15.499999 -2.446715
v -7.250000 15.499999 -3.789961
v -7.250000 13.499999 -3.789961
v -2.000000 12.349999 7.497452
v -2.000000 12.649999 7.497452
v -4.041454 12.649999 7.497452
v -4.041454 12.349999 7.497452
v -5.237418 12.349999 -6.300114
v -5.237418 12.649999 -6.300114
v -4.041455 12.649999 -7.497450
v -4.041455 12.349999 -7.497450
v -1.750000 12.142732 -7.997841
v -1.750000 12.349999 -7.497451
v -1.750000 12.649999 -7.497451
v -1.750000 12.857319 -7.997967
v -6.156455 13.499999 4.884763
v -6.156455 15.499999 4.884763
v -7.250000 15.499999 3.789962
v -7.250000 13.499999 3.789962
v -2.500000 13.499999 7.147452
v -2.500000 15.499999 7.147452
v -3.896362 15.499999 7.147452
v -3.896362 13.499999 7.147452
v -4.989789 13.499999 -6.052768
v -4.989789 15.499999 -6.052768
v -3.896363 15.499999 -7.147450
v -3.896363 13.499999 -7.147450
v -1.750000 13.250452 -7.898357
v -1.750000 12.999999 -7.397451
v -1.750000 15.999999 -7.397451
v -1.749066 15.996728 -7.898652
v -7.500000 15.999999 -3.893430
v -7.500000 16.499998 -3.893430
v -6.333334 16.499998 -5.061437
v -6.333334 15.999999 -5.061437
v -5.166667 15.999999 -6.229444
v -5.166667 16.499998 -6.229444
v -4.000000 16.499998 -7.397450
v -4.000000 15.999999 -7.397450
v -6.333334 15.999999 -5.061437
v -6.333334 16.499998 -5.061437
v -5.166667 16.499998 -6.229444
v -5.166667 15.999999 -6.229444
v -5.802700 17.499998 -4.531411
v -5.802700 19.499998 -4.531411
v -4.636033 19.499998 -5.699418
v -4.636033 17.499998 -5.699418
v -1.749066 15.996728 -7.898652
v -1.750000 15.999999 -7.397451
v -1.750000 16.487112 -7.410337
v -1.748902 16.691545 -7.913140
v -2.000000 15.999999 7.397452
v -2.000000 16.499998 7.397452
v -4.000000 16.499998 7.397452
v -4.000000 15.999999 7.397452
v -4.000000 15.999999 7.397452
v -4.000000 16.499998 7.397452
v -5.166667 16.499998 6.229445
v -5.166667 15.999999 6.229445
v -5.166667 15.999999 6.229445
v -5.166667 16.499998 6.229445
v -6.333333 16.499998 5.061439
v -6.333333 15.999999 5.061439
v -7.250000 13.499999 -3.789961
v -7.250000 15.499999 -3.789961
v -6.156456 15.499999 -4.884761
v -6.156456 13.499999 -4.884761
v -4.989789 15.499999 -6.052768
v -4.989789 13.499999 -6.052768
v -3.896362 13.499999 7.147452
v -3.896362 15.499999 7.147452
v -4.989789 15.499999 6.052770
v -4.989788 13.499999 6.052770
v -4.989788 13.499999 6.052770
v -4.989789 15.499999 6.052770
v -6.156455 15.499999 4.884763
v -6.156455 13.499999 4.884763
v -7.600000 12.349999 -3.934818
v -7.600000 12.649999 -3.934818
v -6.404085 12.649999 -5.132107
v -6.404085 12.349999 -5.132107
v -6.404085 12.349999 -5.132107
v -6.404085 12.649999 -5.132107
v -5.237418 12.649999 -6.300114
v -5.237418 12.349999 -6.300114
v -6.333333 15.999999 5.061439
v -6.333333 16.499998 5.061439
v -7.500000 16.499998 3.893431
v -7.500000 15.999999 3.893431
v -6.750000 17.499998 -3.583022
v -6.750000 19.499998 -3.583022
v -5.802700 19.499998 -4.531411
v -5.802700 17.499998 -4.531411
v -7.250000 9.499999 -3.789961
v -7.250000 11.499999 -3.789961
v -6.156456 11.499999 -4.884761
v -6.156456 9.499999 -4.884761
v -6.156456 9.499999 -4.884761
v -6.156456 11.499999 -4.884761
v -4.989789 11.499999 -6.052768
v -4.989789 9.499999 -6.052768
v -4.041454 12.349999 7.497452
v -4.041454 12.649999 7.497452
v -5.237417 12.649999 6.300116
v -5.237417 12.349999 6.300116
v -5.237417 12.349999 6.300116
v -5.237417 12.649999 6.300116
v -6.404084 12.649999 5.132109
v -6.404084 12.349999 5.132109
v -7.600000 8.349999 -3.934818
v -7.600000 8.649999 -3.934818
v -6.404085 8.649999 -5.132107
v -6.404085 8.349999 -5.132107
v -6.404085 8.349999 -5.132107
v -6.404085 8.649999 -5.132107
v -5.237418 8.649999 -6.300114
v -5.237418 8.349999 -6.300114
v -3.896362 9.499999 7.147452
v -3.896362 11.499999 7.147452
v -4.989788 11.499999 6.052770
v -4.989788 9.499999 6.052770
v -4.989788 9.499999 6.052770
v -4.989788 11.499999 6.052770
v -6.156455 11.499999 4.884763
v -6.156455 9.499999 4.884763
v -7.250000 5.500000 -3.789961
v -7.250000 7.500000 -3.789961
v -6.156456 7.500000 -4.884761
v -6.156456 5.500000 -4.884762
v -6.156456 5.500000 -4.884762
v -6.156456 7.500000 -4.884761
v -4.989789 7.500000 -6.052768
v -4.989789 5.500000 -6.052769
v -4.041454 8.349999 7.497452
v -4.041454 8.649999 7.497452
v -5.237417 8.649999 6.300116
v -5.237417 8.349999 6.300116
v -5.237417 8.349999 6.300116
v -5.237417 8.649999 6.300116
v -6.404084 8.649999 5.132109
v -6.404084 8.349999 5.132109
v -7.600000 4.349999 -3.934818
v -7.600000 4.650000 -3.934818
v -6.404085 4.650000 -5.132107
v -6.404085 4.349999 -5.132107
v -6.404085 4.349999 -5.132107
v -6.404085 4.650000 -5.132107
v -5.237418 4.650000 -6.300114
v -5.237418 4.349999 -6.300114
v -3.896362 5.499999 7.147452
v -3.896362 7.499999 7.147452
v -4.989788 7.500000 6.052770
v -4.989788 5.500000 6.052770
v -4.989788 5.500000 6.052770
v -4.989788 7.500000 6.052770
v -6.156455 7.500000 4.884763
v -6.156455 5.500000 4.884763
v -7.500000 3.500000 -2.446715
v -8.000000 3.500000 -2.446715
v -8.000000 1.000000 -2.446715
v -7.500000 1.000000 -2.446715
v -5.166666 1.000000 6.229445
v -5.166666 4.000000 6.229445
v -6.333333 4.000000 5.061438
v -6.333333 1.000000 5.061438
v -4.813317 1.000000 -6.583200
v -5.167073 1.000000 -6.936551
v -6.333334 1.000000 -5.061437
v -6.333334 4.000000 -5.061437
v -5.166667 4.000000 -6.229444
v -5.166667 1.000000 -6.229444
v -4.041454 4.349999 7.497452
v -4.041454 4.649999 7.497452
v -5.237417 4.650000 6.300115
v -5.237417 4.349999 6.300115
v -5.237417 4.349999 6.300115
v -5.237417 4.650000 6.300115
v -6.404084 4.650000 5.132108
v -6.404084 4.349999 5.132108
v -1.145962 19.835787 7.897452
v -1.143895 19.501606 7.897452
v 0.001923 19.501600 7.897451
v 0.000000 19.835787 7.897452
v -1.896363 16.999998 -6.897451
v -2.000000 16.499998 -7.397451
v -4.000000 16.499998 -7.397450
v -3.792726 16.999998 -6.897450
v -7.000000 16.999998 1.843247
v -7.500000 16.499998 1.946716
v -7.500000 16.499998 3.893431
v -7.000000 16.999998 3.686493
v -5.979578 16.999998 -4.708086
v -6.333334 16.499998 -5.061437
v -7.500000 16.499998 -3.893430
v -7.000000 16.999998 -3.686491
v -4.812911 16.999998 5.876101
v -5.166667 16.499998 6.229445
v -4.000000 16.499998 7.397452
v -3.792725 16.999998 6.897452
v -3.792726 16.999998 -6.897450
v -4.000000 16.499998 -7.397450
v -5.166667 16.499998 -6.229444
v -4.812911 16.999998 -5.876093
v -4.812911 16.999998 -5.876093
v -5.166667 16.499998 -6.229444
v -6.333334 16.499998 -5.061437
v -5.979578 16.999998 -4.708086
v -7.000000 16.999998 3.686493
v -7.500000 16.499998 3.893431
v -6.333333 16.499998 5.061439
v -5.979577 16.999998 4.708089
v -5.979577 16.999998 4.708089
v -6.333333 16.499998 5.061439
v -5.166667 16.499998 6.229445
v -4.812911 16.999998 5.876101
v -5.802698 17.499998 4.531414
v -5.802698 19.499998 4.531414
v -6.750000 19.499998 3.583024
v -6.750000 17.499998 3.583024
v -1.896362 20.349998 6.997452
v -1.896362 20.649998 6.997452
v -3.834179 20.649998 6.997452
v -3.834179 20.349998 6.997452
v -7.100000 20.349998 -3.727879
v -7.100000 20.649998 -3.727879
v -6.050329 20.649998 -4.778757
v -6.050329 20.349998 -4.778757
v -6.050329 20.349998 -4.778757
v -6.050329 20.649998 -4.778757
v -4.883662 20.649998 -5.946764
v -4.883662 20.349998 -5.946764
v -2.396362 17.499998 6.647452
v -2.396362 19.499998 6.647452
v -3.689088 19.499998 6.647452
v -3.689088 17.499998 6.647452
v -4.636033 17.499998 -5.699418
v -4.636033 19.499998 -5.699418
v -3.689088 19.499998 -6.647450
v -3.689088 17.499998 -6.647450
v -1.645219 17.194860 -7.410367
v -1.646363 16.987112 -6.910337
v -1.646363 19.999998 -6.897451
v -1.645389 19.751453 -7.396147
v -6.750000 17.499998 -2.343245
v -6.750000 19.499998 -2.343245
v -6.750000 19.499998 -3.583022
v -6.750000 17.499998 -3.583022
v -4.636033 17.499998 5.699426
v -4.636033 19.499998 5.699426
v -5.802698 19.499998 4.531414
v -5.802698 17.499998 4.531414
v -3.689088 17.499998 6.647452
v -3.689088 19.499998 6.647452
v -4.636033 19.499998 5.699426
v -4.636033 17.499998 5.699426
v -4.636033 21.499998 5.699426
v -4.636033 23.499998 5.699426
v -5.802698 23.499998 4.531415
v -5.802698 21.499998 4.531415
v -1.646363 21.249649 -7.397287
v -1.646363 20.999998 -6.897450
v -1.646363 23.999998 -6.897450
v -1.646363 23.750013 -7.397421
v -3.689088 21.499998 6.647453
v -3.689088 23.499998 6.647453
v -4.636033 23.499998 5.699426
v -4.636033 21.499998 5.699426
v -6.050328 20.349998 4.778759
v -6.050328 20.649998 4.778759
v -7.100000 20.649998 3.727881
v -7.100000 20.349998 3.727881
v -3.834179 20.349998 6.997452
v -3.834179 20.649998 6.997452
v -4.883662 20.649998 5.946771
v -4.883662 20.349998 5.946771
v -1.646363 20.143181 -7.496758
v -1.646363 20.349998 -6.997451
v -1.646363 20.649998 -6.997451
v -1.646363 20.856905 -7.496968
v -4.883662 20.349998 5.946771
v -4.883662 20.649998 5.946771
v -6.050328 20.649998 4.778759
v -6.050328 20.349998 4.778759
v -4.883662 20.349998 -5.946764
v -4.883662 20.649998 -5.946764
v -3.834181 20.649998 -6.997450
v -3.834181 20.349998 -6.997450
v -7.100000 20.349998 -1.943245
v -7.100000 20.649998 -1.943245
v -7.100000 20.649998 -3.727879
v -7.100000 20.349998 -3.727879
v -7.100000 24.349998 -3.727879
v -7.100000 24.649998 -3.727879
v -6.050329 24.649998 -4.778756
v -6.050329 24.349998 -4.778756
v -6.050329 24.349998 -4.778756
v -6.050329 24.649998 -4.778756
v -4.883662 24.649998 -5.946763
v -4.883662 24.349998 -5.946763
v -7.100000 24.349998 -1.943245
v -7.100000 24.649998 -1.943245
v -7.100000 24.649998 -3.727879
v -7.100000 24.349998 -3.727879
v -4.636033 21.499998 -5.699418
v -4.636033 23.499998 -5.699418
v -3.689088 23.499998 -6.647450
v -3.689088 21.499998 -6.647450
v -6.750000 21.499998 -2.343245
v -6.750000 23.499998 -2.343245
v -6.750000 23.499998 -3.583022
v -6.750000 21.499998 -3.583022
v -5.802700 21.499998 -4.531411
v -5.802700 23.499998 -4.531411
v -4.636033 23.499998 -5.699418
v -4.636033 21.499998 -5.699418
v -6.750000 21.499998 -3.583022
v -6.750000 23.499998 -3.583022
v -5.802700 23.499998 -4.531411
v -5.802700 21.499998 -4.531411
v -2.396362 21.499998 6.647452
v -2.396362 23.499998 6.647452
v -3.689088 23.499998 6.647453
v -3.689088 21.499998 6.647453
v -5.802698 21.499998 4.531415
v -5.802698 23.499998 4.531415
v -6.750000 23.499998 3.583024
v -6.750000 21.499998 3.583024
v -3.689088 25.499998 6.647453
v -3.689088 27.499998 6.647453
v -4.636033 27.499998 5.699426
v -4.636033 25.499998 5.699426
v -5.802698 25.499998 4.531415
v -5.802698 27.499998 4.531415
v -6.750000 27.499998 3.583024
v -6.750000 25.499998 3.583024
v -2.396362 25.499998 6.647452
v -2.396362 27.499998 6.647452
v -3.689088 27.499998 6.647453
v -3.689088 25.499998 6.647453
v -6.050328 24.349998 4.778759
v -6.050328 24.649998 4.778759
v -7.100000 24.649998 3.727881
v -7.100000 24.349998 3.727881
v -3.834179 24.349998 6.997453
v -3.834179 24.649998 6.997453
v -4.883662 24.649998 5.946772
v -4.883662 24.349998 5.946772
v -1.646363 24.142792 -7.497693
v -1.646363 24.349998 -6.997450
v -1.646363 24.649998 -6.997450
v -1.646363 24.857271 -7.497852
v -4.883662 24.349998 5.946772
v -4.883662 24.649998 5.946772
v -6.050328 24.649998 4.778759
v -6.050328 24.349998 4.778759
v -4.883662 24.349998 -5.946763
v -4.883662 24.649998 -5.946763
v -3.834181 24.649998 -6.997450
v -3.834181 24.349998 -6.997450
v -1.896362 24.349998 6.997452
v -1.896362 24.649998 6.997452
v -3.834179 24.649998 6.997453
v -3.834179 24.349998 6.997453
v -5.979577 27.999998 4.708089
v -5.979576 28.499998 4.708089
v -7.000000 28.499998 3.686493
v -7.000000 27.999998 3.686493
v -6.600000 36.349995 -1.943245
v -7.100000 36.349995 -1.943245
v -7.100000 36.649998 -1.943245
v -6.600000 36.649998 -1.943245
v -1.646363 25.250414 -7.398283
v -1.646363 24.999998 -6.897450
v -1.646363 27.999998 -6.897450
v -1.645370 27.996727 -7.398589
v -4.636033 25.499998 5.699426
v -4.636033 27.499998 5.699426
v -5.802698 27.499998 4.531415
v -5.802698 25.499998 4.531415
v -4.636033 25.499998 -5.699418
v -4.636033 27.499998 -5.699418
v -3.689088 27.499998 -6.647450
v -3.689088 25.499998 -6.647450
v -6.750000 25.499998 -2.343245
v -6.750000 27.499998 -2.343245
v -6.750000 27.499998 -3.583021
v -6.750000 25.499998 -3.583021
v -5.802700 25.499998 -4.531411
v -5.802700 27.499998 -4.531411
v -4.636033 27.499998 -5.699418
v -4.636033 25.499998 -5.699418
v -6.750000 25.499998 -3.583021
v -6.750000 27.499998 -3.583021
v -5.802700 27.499998 -4.531411
v -5.802700 25.499998 -4.531411
v -7.000000 27.999998 -3.686491
v -7.000000 28.499998 -3.686491
v -5.979578 28.499998 -4.708086
v -5.979578 27.999998 -4.708086
v -4.812911 27.999998 5.876101
v -4.812910 28.499998 5.876096
v -5.979576 28.499998 4.708089
v -5.979577 27.999998 4.708089
v -3.792725 27.999998 6.897453
v -3.792725 28.499998 6.897453
v -4.812910 28.499998 5.876096
v -4.812911 27.999998 5.876101
v -6.250000 29.499998 -2.343245
v -6.250000 31.499998 -2.343245
v -6.250000 31.499998 -3.376083
v -6.250000 29.499998 -3.376083
v -7.000000 27.999998 -1.843245
v -7.000000 28.499998 -1.843245
v -7.000000 28.499998 -3.686491
v -7.000000 27.999998 -3.686491
v -6.250000 29.499998 3.376085
v -6.250000 31.499998 3.376085
v -6.250000 31.499998 2.343247
v -6.250000 29.499998 2.343247
v -5.979578 27.999998 -4.708086
v -5.979578 28.499998 -4.708086
v -4.812911 28.499998 -5.876093
v -4.812911 27.999998 -5.876093
v -1.645370 27.996727 -7.398589
v -1.646363 27.999998 -6.897450
v -1.646363 28.487112 -6.910336
v -1.645195 28.691523 -7.413082
v -4.812911 27.999998 -5.876093
v -4.812911 28.499998 -5.876093
v -3.792726 28.499998 -6.897450
v -3.792726 27.999998 -6.897450
v -1.541504 29.194838 6.910312
v -1.542725 28.987112 6.410338
v -1.646362 28.487112 6.910338
v -1.645195 28.691525 7.413084
v -1.792726 28.999998 -6.397450
v -1.896363 28.499998 -6.897450
v -3.792726 28.499998 -6.897450
v -3.585451 28.999998 -6.397450
v -6.500000 28.999998 1.843247
v -7.000000 28.499998 1.843247
v -7.000000 28.499998 3.686493
v -6.500000 28.999998 3.479554
v -5.625821 28.999998 -4.354735
v -5.979578 28.499998 -4.708086
v -7.000000 28.499998 -3.686491
v -6.500000 28.999998 -3.479552
v -4.459153 28.999998 5.522746
v -4.812910 28.499998 5.876096
v -3.792725 28.499998 6.897453
v -3.585450 28.999998 6.397453
v -3.585451 28.999998 -6.397450
v -3.792726 28.499998 -6.897450
v -4.812911 28.499998 -5.876093
v -4.459154 28.999998 -5.522742
v -4.459154 28.999998 -5.522742
v -4.812911 28.499998 -5.876093
v -5.979578 28.499998 -4.708086
v -5.625821 28.999998 -4.354735
v -6.500000 28.999998 3.479554
v -7.000000 28.499998 3.686493
v -5.979576 28.499998 4.708089
v -5.625820 28.999998 4.354738
v -5.625820 28.999998 4.354738
v -5.979576 28.499998 4.708089
v -4.812910 28.499998 5.876096
v -4.459153 28.999998 5.522746
v -1.896362 27.999998 6.897452
v -1.896362 28.499998 6.897452
v -3.792725 28.499998 6.897453
v -3.792725 27.999998 6.897453
v -1.645369 27.996727 7.398592
v -1.646362 27.999998 6.897452
v -1.646362 24.999998 6.897452
v -1.646362 25.250414 7.398285
v -1.541505 29.194838 -6.910311
v -1.542726 28.987112 -6.410336
v -1.542726 31.999998 -6.397450
v -1.541687 31.751482 -6.896087
v -3.585450 28.999998 6.397453
v -3.792725 28.499998 6.897453
v -1.896362 28.499998 6.897452
v -1.792725 28.999998 6.397452
v -3.792726 27.999998 -6.897450
v -3.792726 28.499998 -6.897450
v -1.896363 28.499998 -6.897450
v -1.896363 27.999998 -6.897450
v -3.481812 29.499998 6.147453
v -3.481812 31.499998 6.147453
v -4.282275 31.499998 5.346070
v -4.282275 29.499998 5.346070
v -3.689088 25.499998 -6.647450
v -3.689088 27.499998 -6.647450
v -2.396363 27.499998 -6.647450
v -2.396363 25.499998 -6.647450
v -1.646362 24.142792 7.497695
v -1.646362 24.349998 6.997452
v -1.646362 24.249998 6.897452
v -1.646362 24.042850 7.397555
v -3.834181 24.349998 -6.997450
v -3.834181 24.649998 -6.997450
v -1.896363 24.649998 -6.997450
v -1.896363 24.349998 -6.997450
v 0.001953 27.993498 7.897452
v 0.002319 28.911329 7.901834
v -1.143220 28.900599 7.911522
v -1.143751 27.993479 7.897452
v -1.646362 21.249649 7.397289
v -1.646362 20.999998 6.897452
v -1.646362 20.749998 6.897452
v -1.646362 20.956976 7.397142
v -3.834181 20.349998 -6.997450
v -3.834181 20.649998 -6.997450
v -1.896363 20.649998 -6.997451
v -1.896363 20.349998 -6.997451
v -3.689088 21.499998 -6.647450
v -3.689088 23.499998 -6.647450
v -2.396363 23.499998 -6.647450
v -2.396363 21.499998 -6.647450
v -3.689088 17.499998 -6.647450
v -3.689088 19.499998 -6.647450
v -2.396363 19.499998 -6.647451
v -2.396363 17.499998 -6.647451
v -1.645218 17.194860 7.410368
v -1.646362 16.987112 6.910338
v -1.750000 16.487112 7.410338
v -1.748901 16.691545 7.913141
v -1.646362 20.143181 7.496758
v -1.646362 20.349998 6.997452
v -1.646362 20.249998 6.897452
v -1.646362 20.043289 7.396492
v -1.748902 16.691545 -7.913140
v -1.750000 16.487112 -7.410337
v -1.646363 16.987112 -6.910337
v -1.645219 17.194860 -7.410367
v -3.792725 16.999998 6.897452
v -4.000000 16.499998 7.397452
v -2.000000 16.499998 7.397452
v -1.896362 16.999998 6.897452
v -1.748901 16.691545 7.913141
v -1.750000 16.487112 7.410338
v -1.750000 15.999999 7.397452
v -1.749065 15.996728 7.898654
v -4.000000 15.999999 -7.397450
v -4.000000 16.499998 -7.397450
v -2.000000 16.499998 -7.397451
v -2.000000 15.999999 -7.397451
v -3.896363 13.499999 -7.147450
v -3.896363 15.499999 -7.147450
v -2.500000 15.499999 -7.147451
v -2.500000 13.499999 -7.147451
v -1.749065 15.996728 7.898654
v -1.750000 15.999999 7.397452
v -1.750000 12.999999 7.397452
v -1.750000 13.250452 7.898358
v -4.041455 12.349999 -7.497450
v -4.041455 12.649999 -7.497450
v -2.000000 12.649999 -7.497451
v -2.000000 12.349999 -7.497451
v -1.750000 12.142732 7.997842
v -1.750000 12.349999 7.497452
v -1.750000 12.249999 7.397452
v -1.750000 12.042770 7.897747
v -3.896363 9.499999 -7.147450
v -3.896363 11.499999 -7.147450
v -2.500000 11.499999 -7.147451
v -2.500000 9.499999 -7.147451
v -1.750000 9.250084 7.897621
v -1.750000 8.999999 7.397452
v -1.750000 8.749999 7.397452
v -1.750000 8.957159 7.897582
v -4.041455 8.349999 -7.497450
v -4.041455 8.649999 -7.497450
v -2.000000 8.649999 -7.497451
v -2.000000 8.349999 -7.497451
v -1.750000 8.142860 7.997531
v -1.750000 8.349999 7.497452
v -1.750000 8.249999 7.397452
v -1.750000 8.042867 7.897515
v -3.896363 5.500000 -7.147451
v -3.896363 7.500000 -7.147450
v -2.500000 7.500000 -7.147451
v -2.500000 5.500000 -7.147451
v -1.750000 7.749972 7.897505
v -1.750000 7.999999 7.397452
v -1.750000 5.249999 7.397451
v -1.750000 5.249999 7.897499
v -4.041455 4.350000 -7.497451
v -4.041455 4.650000 -7.497451
v -2.000000 4.650000 -7.497451
v -2.000000 4.350000 -7.497451
v 0.000000 4.349999 7.497451
v 0.000000 4.649999 7.497451
v -2.000000 4.649999 7.497451
v -2.000000 4.349999 7.497451
v -2.500000 3.500000 -7.397451
v -2.500000 3.500000 -7.897451
v -4.207275 3.500000 -7.897451
v -4.000000 3.500000 -7.397451
v -6.600000 32.649998 1.943247
v -7.100000 32.649998 1.943247
v -7.100000 32.349995 1.943247
v -6.600000 32.349995 1.943247
v -7.600000 4.650000 2.046716
v -8.100000 4.650000 2.046716
v -8.100000 4.349999 2.046716
v -7.600000 4.349999 2.046716
v -1.541686 31.751482 6.896089
v -1.542725 31.999998 6.397452
v -1.542725 28.987112 6.410338
v -1.541504 29.194838 6.910312
v -7.500000 16.499998 -1.946715
v -7.965689 16.682024 -1.946715
v -7.458359 17.199764 -1.843245
v -7.000000 16.999998 -1.843245
v -5.448942 29.499998 4.178063
v -5.448942 31.499998 4.178063
v -6.250000 31.499998 3.376085
v -6.250000 29.499998 3.376085
v -6.000000 47.999996 -1.843244
v -6.500000 47.999996 -1.843244
v -6.461940 48.691338 -1.843244
v -6.000000 48.499996 -1.843244
v -6.000000 40.999996 1.843248
v -6.461940 41.191338 1.843248
v -6.961940 40.691338 1.843248
v -6.500000 40.499996 1.843248
v -5.500000 48.999996 -1.843244
v -5.691342 49.461937 -1.843244
v -4.918308 49.499996 -1.843244
v -4.918308 48.999996 -1.843244
v -6.100000 44.649998 1.943248
v -6.600000 44.649998 1.943248
v -6.600000 44.349995 1.943248
v -6.100000 44.349995 1.943248
v -6.600000 32.349995 -1.943245
v -7.100000 32.349995 -1.943245
v -7.100000 32.649998 -1.943245
v -6.600000 32.649998 -1.943245
v -7.000000 16.999998 1.843247
v -7.458359 17.199764 1.843247
v -7.965689 16.682024 1.946716
v -7.500000 16.499998 1.946716
v -6.500000 40.499996 -1.843244
v -6.961940 40.691338 -1.843244
v -6.461940 41.191338 -1.843244
v -6.000000 40.999996 -1.843244
v -7.600000 4.349999 -2.046715
v -8.100000 4.349999 -2.046715
v -8.100000 4.650000 -2.046715
v -7.600000 4.650000 -2.046715
v -8.000000 4.000000 -1.946715
v -7.500000 4.000000 -1.946715
v -6.000000 47.999996 1.843248
v -6.500000 47.999996 1.843248
v -6.500000 44.999996 1.843248
v -6.000000 44.999996 1.843248
v -6.100000 44.349995 -1.943244
v -6.600000 44.349995 -1.943244
v -6.600000 44.649998 -1.943244
v -6.100000 44.649998 -1.943244
v -6.500000 28.999998 1.843247
v -6.961940 29.191339 1.843247
v -7.461940 28.691339 1.843247
v -7.000000 28.499998 1.843247
v -6.500000 32.999996 -1.843245
v -7.000000 32.999996 -1.843245
v -7.000000 35.999996 -1.843245
v -6.500000 35.999996 -1.843245
v -7.600000 4.349999 3.934819
v -7.600000 4.650000 3.934819
v -7.600000 4.650000 2.046716
v -7.600000 4.349999 2.046716
v -6.686683 3.500000 4.707682
v -7.040440 3.500000 5.061032
v -7.040440 1.000000 5.061032
v -6.686683 1.000000 4.707682
v -7.250000 5.500000 3.789962
v -7.250000 7.500000 3.789962
v -7.250000 7.500000 2.446716
v -7.250000 5.500000 2.446716
v -7.600000 8.349999 3.934819
v -7.600000 8.649999 3.934819
v -7.600000 8.649999 2.046716
v -7.600000 8.349999 2.046716
v -7.250000 9.499999 3.789962
v -7.250000 11.499999 3.789962
v -7.250000 11.499999 2.446716
v -7.250000 9.499999 2.446716
v -7.600000 12.349999 3.934819
v -7.600000 12.649999 3.934819
v -7.600000 12.649999 2.046716
v -7.600000 12.349999 2.046716
v -7.500000 15.999999 3.893431
v -7.500000 16.499998 3.893431
v -7.500000 16.499998 1.946716
v -7.500000 15.999999 1.946716
v -7.250000 13.499999 3.789962
v -7.250000 15.499999 3.789962
v -7.250000 15.499999 2.446716
v -7.250000 13.499999 2.446716
v -6.750000 17.499998 3.583024
v -6.750000 19.499998 3.583024
v -6.750000 19.499998 2.343247
v -6.750000 17.499998 2.343247
v -7.100000 20.349998 3.727881
v -7.100000 20.649998 3.727881
v -7.100000 20.649998 1.943247
v -7.100000 20.349998 1.943247
v -7.100000 24.349998 3.727881
v -7.100000 24.649998 3.727881
v -7.100000 24.649998 1.943247
v -7.100000 24.349998 1.943247
v -6.750000 21.499998 3.583024
v -6.750000 23.499998 3.583024
v -6.750000 23.499998 2.343247
v -6.750000 21.499998 2.343247
v -6.750000 25.499998 3.583024
v -6.750000 27.499998 3.583024
v -6.750000 27.499998 2.343247
v -6.750000 25.499998 2.343247
v -7.000000 27.999998 3.686493
v -7.000000 28.499998 3.686493
v -7.000000 28.499998 1.843247
v -7.000000 27.999998 1.843247
v -7.500000 5.000000 -1.946715
v -8.000000 5.000000 -1.946715
v -8.000000 8.000000 -1.946715
v -7.500000 8.000000 -1.946715
v 0.002443 29.412437 -7.397662
v 0.002319 28.911331 -7.901833
v -1.143221 28.900597 -7.911521
v -1.039642 29.405531 -7.405623
v -5.448943 29.499998 -4.178060
v -5.448943 31.499998 -4.178060
v -4.282276 31.499998 -5.346067
v -4.282276 29.499998 -5.346067
v -5.500000 48.999996 1.843248
v -5.691342 49.461937 1.843248
v -6.461940 48.691338 1.843248
v -6.000000 48.499996 1.843248
v -7.000000 16.999998 -3.686491
v -7.500000 16.499998 -3.893430
v -7.500000 16.499998 -1.946715
v -7.000000 16.999998 -1.843245
v -6.250000 29.499998 -3.376083
v -6.250000 31.499998 -3.376083
v -5.448943 31.499998 -4.178060
v -5.448943 29.499998 -4.178060
v -3.481813 29.499998 -6.147450
v -3.481813 31.499998 -6.147450
v -2.292726 31.499998 -6.147450
v -2.292726 29.499998 -6.147450
v -6.500000 28.999998 -3.479552
v -7.000000 28.499998 -3.686491
v -7.000000 28.499998 -1.843245
v -6.500000 28.999998 -1.843245
v -4.918307 48.999996 1.843248
v -4.918307 49.499996 1.843248
v -7.600000 8.349999 -2.046715
v -8.100000 8.349999 -2.046715
v -8.100000 8.649999 -2.046715
v -7.600000 8.649999 -2.046715
v -6.500000 43.999996 -1.843244
v -6.000000 43.999996 -1.843244
v -7.000000 28.499998 1.843247
v -7.461940 28.691339 1.843247
v -7.500000 27.999998 1.843247
v -7.000000 27.999998 1.843247
v -7.500000 8.999999 -1.946715
v -8.000000 8.999999 -1.946715
v -8.000000 11.999999 -1.946715
v -7.500000 11.999999 -1.946715
v -7.500000 24.999998 1.843247
v -7.000000 24.999998 1.843247
v -6.500000 39.999996 -1.843245
v -7.000000 39.999996 -1.843245
v -7.600000 12.349999 -2.046715
v -8.100000 12.349999 -2.046715
v -8.100000 12.649999 -2.046715
v -7.600000 12.649999 -2.046715
v -7.000000 23.999998 1.843247
v -7.500000 23.999998 1.843247
v -7.500000 20.999998 1.843247
v -7.000000 20.999998 1.843247
v -7.500000 15.999999 -1.946715
v -8.000000 15.999999 -1.946715
v -7.965689 16.682024 -1.946715
v -7.500000 16.499998 -1.946715
v -7.100000 24.649998 1.943247
v -7.600000 24.649998 1.943247
v -7.600000 24.349998 1.943247
v -7.100000 24.349998 1.943247
v -7.500000 12.999999 -1.946715
v -8.000000 12.999999 -1.946715
v -3.751642 48.999996 0.000002
v -3.751642 49.499996 0.000002
v -3.751642 49.499996 1.843248
v -3.751642 48.999996 1.843248
v -2.500000 5.500000 -7.147451
v -2.000000 5.000000 -7.397451
v -4.000000 5.000000 -7.397451
v -3.896363 5.500000 -7.147451
v -7.250000 5.500000 2.446716
v -7.500000 5.000000 1.946716
v -7.500000 5.000000 3.893431
v -7.250000 5.500000 3.789962
v -6.156456 5.500000 -4.884762
v -6.333334 5.000000 -5.061437
v -7.500000 5.000000 -3.893430
v -7.250000 5.500000 -3.789961
v -4.989788 5.500000 6.052770
v -5.166666 5.000000 6.229445
v -4.000000 4.999999 7.397452
v -3.896362 5.499999 7.147452
v -3.928960 7.684291 -7.226083
v -3.967403 7.815709 -7.318818
v -2.447214 7.821115 -7.308008
v -2.589443 7.678885 -7.236894
v -7.328663 7.684275 3.822519
v -7.421337 7.815724 3.860874
v -7.410557 7.821114 2.393929
v -7.339443 7.678885 2.536159
v -7.328663 7.684275 -3.822518
v -7.421338 7.815724 -3.860873
v -6.270052 7.821114 -4.998228
v -6.219738 7.678885 -4.947970
v -3.928959 7.684290 7.226085
v -3.967402 7.815708 7.318820
v -5.103384 7.821114 6.166236
v -5.053070 7.678885 6.115979
v -2.500000 9.499999 -7.147451
v -2.000000 8.999999 -7.397451
v -4.000000 8.999999 -7.397450
v -3.896363 9.499999 -7.147450
v -7.250000 9.499999 2.446716
v -7.500000 8.999999 1.946716
v -7.500000 8.999999 3.893431
v -7.250000 9.499999 3.789962
v -6.156456 9.499999 -4.884761
v -6.333334 8.999999 -5.061437
v -7.500000 8.999999 -3.893430
v -7.250000 9.499999 -3.789961
v -4.989788 9.499999 6.052770
v -5.166666 8.999999 6.229445
v -4.000000 8.999999 7.397452
v -3.896362 9.499999 7.147452
v -3.928960 11.684290 -7.226083
v -3.967403 11.815708 -7.318818
v -2.447214 11.821114 -7.308008
v -2.589443 11.678885 -7.236894
v -7.328663 11.684275 3.822519
v -7.421337 11.815723 3.860875
v -7.410557 11.821114 2.393930
v -7.339443 11.678885 2.536159
v -7.328663 11.684275 -3.822517
v -7.421338 11.815723 -3.860873
v -6.270052 11.821114 -4.998228
v -6.219738 11.678885 -4.947970
v -3.928959 11.684290 7.226085
v -3.967402 11.815708 7.318820
v -5.103384 11.821114 6.166236
v -5.053070 11.678885 6.115979
v -2.500000 13.499999 -7.147451
v -2.000000 12.999999 -7.397451
v -4.000000 12.999999 -7.397450
v -3.896363 13.499999 -7.147450
v -7.250000 13.499999 2.446716
v -7.500000 12.999999 1.946716
v -7.500000 12.999999 3.893431
v -7.250000 13.499999 3.789962
v -6.156456 13.499999 -4.884761
v -6.333334 12.999999 -5.061437
v -7.500000 12.999999 -3.893430
v -7.250000 13.499999 -3.789961
v -4.989788 13.499999 6.052770
v -5.166666 12.999999 6.229445
v -4.000000 12.999999 7.397452
v -3.896362 13.499999 7.147452
v -3.928960 15.684290 -7.226083
v -3.967403 15.815708 -7.318818
v -2.447214 15.821114 -7.308008
v -2.589443 15.678885 -7.236894
v -7.328663 15.684275 3.822519
v -7.421337 15.815723 3.860875
v -7.410557 15.821114 2.393930
v -7.339443 15.678885 2.536159
v -7.328663 15.684275 -3.822517
v -7.421338 15.815723 -3.860873
v -6.270052 15.821114 -4.998228
v -6.219738 15.678885 -4.947970
v -3.928959 15.684290 7.226085
v -3.967403 15.815708 7.318820
v -5.103384 15.821114 6.166236
v -5.053071 15.678885 6.115979
v -3.896363 5.500000 -7.147451
v -4.000000 5.000000 -7.397451
v -5.166667 5.000000 -6.229444
v -4.989789 5.500000 -6.052769
v -4.989789 5.500000 -6.052769
v -5.166667 5.000000 -6.229444
v -6.333334 5.000000 -5.061437
v -6.156456 5.500000 -4.884762
v -7.250000 5.500000 3.789962
v -7.500000 5.000000 3.893431
v -6.333333 5.000000 5.061438
v -6.156455 5.500000 4.884763
v -6.156455 5.500000 4.884763
v -6.333333 5.000000 5.061438
v -5.166666 5.000000 6.229445
v -4.989788 5.500000 6.052770
v -5.053071 7.678885 -6.115977
v -5.103385 7.821114 -6.166234
v -3.967403 7.815709 -7.318818
v -3.928960 7.684291 -7.226083
v -6.219738 7.678885 -4.947970
v -6.270052 7.821114 -4.998228
v -5.103385 7.821114 -6.166234
v -5.053071 7.678885 -6.115977
v -6.219737 7.678885 4.947972
v -6.270051 7.821114 4.998230
v -7.421337 7.815724 3.860874
v -7.328663 7.684275 3.822519
v -5.053070 7.678885 6.115979
v -5.103384 7.821114 6.166236
v -6.270051 7.821114 4.998230
v -6.219737 7.678885 4.947972
v -3.896363 9.499999 -7.147450
v -4.000000 8.999999 -7.397450
v -5.166667 8.999999 -6.229444
v -4.989789 9.499999 -6.052768
v -4.989789 9.499999 -6.052768
v -5.166667 8.999999 -6.229444
v -6.333334 8.999999 -5.061437
v -6.156456 9.499999 -4.884761
v -7.250000 9.499999 3.789962
v -7.500000 8.999999 3.893431
v -6.333333 8.999999 5.061439
v -6.156455 9.499999 4.884763
v -6.156455 9.499999 4.884763
v -6.333333 8.999999 5.061439
v -5.166666 8.999999 6.229445
v -4.989788 9.499999 6.052770
v -5.053071 11.678885 -6.115977
v -5.103385 11.821114 -6.166234
v -3.967403 11.815708 -7.318818
v -3.928960 11.684290 -7.226083
v -6.219738 11.678885 -4.947970
v -6.270052 11.821114 -4.998228
v -5.103385 11.821114 -6.166234
v -5.053071 11.678885 -6.115977
v -6.219737 11.678885 4.947972
v -6.270051 11.821114 4.998230
v -7.421337 11.815723 3.860875
v -7.328663 11.684275 3.822519
v -5.053070 11.678885 6.115979
v -5.103384 11.821114 6.166236
v -6.270051 11.821114 4.998230
v -6.219737 11.678885 4.947972
v -3.896363 13.499999 -7.147450
v -4.000000 12.999999 -7.397450
v -5.166667 12.999999 -6.229444
v -4.989789 13.499999 -6.052768
v -4.989789 13.499999 -6.052768
v -5.166667 12.999999 -6.229444
v -6.333334 12.999999 -5.061437
v -6.156456 13.499999 -4.884761
v -7.250000 13.499999 3.789962
v -7.500000 12.999999 3.893431
v -6.333333 12.999999 5.061439
v -6.156455 13.499999 4.884763
v -6.156455 13.499999 4.884763
v -6.333333 12.999999 5.061439
v -5.166666 12.999999 6.229445
v -4.989788 13.499999 6.052770
v -5.053071 15.678885 -6.115977
v -5.103385 15.821114 -6.166234
v -3.967403 15.815708 -7.318818
v -3.928960 15.684290 -7.226083
v -6.219738 15.678885 -4.947970
v -6.270052 15.821114 -4.998228
v -5.103385 15.821114 -6.166234
v -5.053071 15.678885 -6.115977
v -6.219737 15.678885 4.947972
v -6.270051 15.821114 4.998230
v -7.421337 15.815723 3.860875
v -7.328663 15.684275 3.822519
v -5.053071 15.678885 6.115979
v -5.103384 15.821114 6.166236
v -6.270051 15.821114 4.998230
v -6.219737 15.678885 4.947972
v -2.396363 17.499998 -6.647451
v -1.896363 16.999998 -6.897451
v -3.792726 16.999998 -6.897450
v -3.689088 17.499998 -6.647450
v -6.750000 17.499998 2.343247
v -7.000000 16.999998 1.843247
v -7.000000 16.999998 3.686493
v -6.750000 17.499998 3.583024
v -5.802700 17.499998 -4.531411
v -5.979578 16.999998 -4.708086
v -7.000000 16.999998 -3.686491
v -6.750000 17.499998 -3.583022
v -4.636033 17.499998 5.699426
v -4.812911 16.999998 5.876101
v -3.792725 16.999998 6.897452
v -3.689088 17.499998 6.647452
v -3.689088 17.499998 -6.647450
v -3.792726 16.999998 -6.897450
v -4.812911 16.999998 -5.876093
v -4.636033 17.499998 -5.699418
v -4.636033 17.499998 -5.699418
v -4.812911 16.999998 -5.876093
v -5.979578 16.999998 -4.708086
v -5.802700 17.499998 -4.531411
v -6.750000 17.499998 3.583024
v -7.000000 16.999998 3.686493
v -5.979577 16.999998 4.708089
v -5.802698 17.499998 4.531414
v -5.802698 17.499998 4.531414
v -5.979577 16.999998 4.708089
v -4.812911 16.999998 5.876101
v -4.636033 17.499998 5.699426
v -3.721685 19.684288 -6.726083
v -3.760129 19.815708 -6.818818
v -2.343576 19.821114 -6.808008
v -2.485806 19.678883 -6.736894
v -6.828663 19.684273 3.615580
v -6.921337 19.815723 3.653936
v -6.910557 19.821114 2.290460
v -6.839443 19.678883 2.432689
v -6.828663 19.684273 -3.615578
v -6.921338 19.815723 -3.653934
v -5.916296 19.821114 -4.644877
v -5.865982 19.678885 -4.594620
v -3.721684 19.684288 6.726085
v -3.760128 19.815708 6.818820
v -4.749629 19.821112 5.812892
v -4.699315 19.678883 5.762635
v -4.699315 19.678883 -5.762627
v -4.749629 19.821114 -5.812884
v -3.760129 19.815708 -6.818818
v -3.721685 19.684288 -6.726083
v -5.865982 19.678885 -4.594620
v -5.916296 19.821114 -4.644877
v -4.749629 19.821114 -5.812884
v -4.699315 19.678883 -5.762627
v -5.865980 19.678883 4.594623
v -5.916295 19.821114 4.644880
v -6.921337 19.815723 3.653936
v -6.828663 19.684273 3.615580
v -4.699315 19.678883 5.762635
v -4.749629 19.821112 5.812892
v -5.916295 19.821114 4.644880
v -5.865980 19.678883 4.594623
v -2.396363 21.499998 -6.647450
v -1.896363 20.999998 -6.897450
v -3.792726 20.999998 -6.897450
v -3.689088 21.499998 -6.647450
v -6.750000 21.499998 2.343247
v -7.000000 20.999998 1.843247
v -7.000000 20.999998 3.686493
v -6.750000 21.499998 3.583024
v -5.802700 21.499998 -4.531411
v -5.979578 20.999998 -4.708086
v -7.000000 20.999998 -3.686491
v -6.750000 21.499998 -3.583022
v -4.636033 21.499998 5.699426
v -4.812911 20.999998 5.876101
v -3.792725 20.999998 6.897453
v -3.689088 21.499998 6.647453
v -3.689088 21.499998 -6.647450
v -3.792726 20.999998 -6.897450
v -4.812911 20.999998 -5.876093
v -4.636033 21.499998 -5.699418
v -4.636033 21.499998 -5.699418
v -4.812911 20.999998 -5.876093
v -5.979578 20.999998 -4.708086
v -5.802700 21.499998 -4.531411
v -6.750000 21.499998 3.583024
v -7.000000 20.999998 3.686493
v -5.979577 20.999998 4.708089
v -5.802698 21.499998 4.531415
v -5.802698 21.499998 4.531415
v -5.979577 20.999998 4.708089
v -4.812911 20.999998 5.876101
v -4.636033 21.499998 5.699426
v -3.721685 23.684288 -6.726082
v -3.760129 23.815708 -6.818818
v -2.343576 23.821114 -6.808008
v -2.485806 23.678883 -6.736893
v -6.828663 23.684273 3.615580
v -6.921337 23.815723 3.653936
v -6.910557 23.821114 2.290460
v -6.839443 23.678883 2.432689
v -6.828663 23.684273 -3.615578
v -6.921338 23.815723 -3.653934
v -5.916296 23.821114 -4.644877
v -5.865982 23.678885 -4.594620
v -3.721684 23.684288 6.726085
v -3.760128 23.815708 6.818820
v -4.749629 23.821112 5.812892
v -4.699315 23.678883 5.762635
v -4.699315 23.678883 -5.762627
v -4.749629 23.821114 -5.812884
v -3.760129 23.815708 -6.818818
v -3.721685 23.684288 -6.726082
v -5.865982 23.678885 -4.594620
v -5.916296 23.821114 -4.644877
v -4.749629 23.821114 -5.812884
v -4.699315 23.678883 -5.762627
v -5.865980 23.678883 4.594624
v -5.916295 23.821114 4.644880
v -6.921337 23.815723 3.653936
v -6.828663 23.684273 3.615580
v -4.699315 23.678883 5.762635
v -4.749629 23.821112 5.812892
v -5.916295 23.821114 4.644880
v -5.865980 23.678883 4.594624
v -2.396363 25.499998 -6.647450
v -1.896363 24.999998 -6.897450
v -3.792726 24.999998 -6.897450
v -3.689088 25.499998 -6.647450
v -6.750000 25.499998 2.343247
v -7.000000 24.999998 1.843247
v -7.000000 24.999998 3.686493
v -6.750000 25.499998 3.583024
v -5.802700 25.499998 -4.531411
v -5.979578 24.999998 -4.708086
v -7.000000 24.999998 -3.686491
v -6.750000 25.499998 -3.583021
v -4.636033 25.499998 5.699426
v -4.812911 24.999998 5.876101
v -3.792725 24.999998 6.897453
v -3.689088 25.499998 6.647453
v -3.689088 25.499998 -6.647450
v -3.792726 24.999998 -6.897450
v -4.812911 24.999998 -5.876093
v -4.636033 25.499998 -5.699418
v -4.636033 25.499998 -5.699418
v -4.812911 24.999998 -5.876093
v -5.979578 24.999998 -4.708086
v -5.802700 25.499998 -4.531411
v -6.750000 25.499998 3.583024
v -7.000000 24.999998 3.686493
v -5.979577 24.999998 4.708089
v -5.802698 25.499998 4.531415
v -5.802698 25.499998 4.531415
v -5.979577 24.999998 4.708089
v -4.812911 24.999998 5.876101
v -4.636033 25.499998 5.699426
v -3.721685 27.684288 -6.726082
v -3.760129 27.815708 -6.818818
v -2.343576 27.821114 -6.808008
v -2.485806 27.678883 -6.736893
v -6.828663 27.684273 3.615581
v -6.921337 27.815723 3.653936
v -6.910557 27.821114 2.290460
v -6.839443 27.678883 2.432690
v -6.828663 27.684273 -3.615578
v -6.921338 27.815723 -3.653934
v -5.916296 27.821114 -4.644877
v -5.865982 27.678885 -4.594620
v -3.721684 27.684288 6.726085
v -3.760128 27.815708 6.818820
v -4.749629 27.821112 5.812892
v -4.699315 27.678883 5.762635
v -4.699315 27.678883 -5.762627
v -4.749629 27.821114 -5.812884
v -3.760129 27.815708 -6.818818
v -3.721685 27.684288 -6.726082
v -5.865982 27.678885 -4.594620
v -5.916296 27.821114 -4.644877
v -4.749629 27.821114 -5.812884
v -4.699315 27.678883 -5.762627
v -5.865980 27.678883 4.594624
v -5.916295 27.821114 4.644880
v -6.921337 27.815723 3.653936
v -6.828663 27.684273 3.615581
v -4.699315 27.678883 5.762635
v -4.749629 27.821112 5.812892
v -5.916295 27.821114 4.644880
v -5.865980 27.678883 4.594624
v -3.896362 5.499999 7.147452
v -4.000000 4.999999 7.397452
v -2.000000 4.999999 7.397451
v -2.500000 5.499999 7.147451
v -2.589442 7.678885 7.236895
v -2.447213 7.821114 7.308009
v -3.967402 7.815708 7.318820
v -3.928959 7.684290 7.226085
v -3.896362 9.499999 7.147452
v -4.000000 8.999999 7.397452
v -2.000000 8.999999 7.397452
v -2.500000 9.499999 7.147452
v -2.589442 11.678885 7.236895
v -2.447213 11.821114 7.308009
v -3.967402 11.815708 7.318820
v -3.928959 11.684290 7.226085
v -3.896362 13.499999 7.147452
v -4.000000 12.999999 7.397452
v -2.000000 12.999999 7.397452
v -2.500000 13.499999 7.147452
v -2.589442 15.678885 7.236895
v -2.447213 15.821114 7.308009
v -3.967403 15.815708 7.318820
v -3.928959 15.684290 7.226085
v -3.689088 17.499998 6.647452
v -3.792725 16.999998 6.897452
v -1.896362 16.999998 6.897452
v -2.396362 17.499998 6.647452
v -2.485805 19.678883 6.736895
v -2.343576 19.821114 6.808009
v -3.760128 19.815708 6.818820
v -3.721684 19.684288 6.726085
v -2.485805 23.678883 6.736895
v -2.343576 23.821114 6.808010
v -3.760128 23.815708 6.818820
v -3.721684 23.684288 6.726085
v -3.689088 21.499998 6.647453
v -3.792725 20.999998 6.897453
v -1.896362 20.999998 6.897452
v -2.396362 21.499998 6.647452
v -3.689088 25.499998 6.647453
v -3.792725 24.999998 6.897453
v -1.896362 24.999998 6.897452
v -2.396362 25.499998 6.647452
v -2.485805 27.678883 6.736895
v -2.343576 27.821114 6.808010
v -3.760128 27.815708 6.818820
v -3.721684 27.684288 6.726085
v -2.396363 27.499998 -6.647450
v -1.896363 27.999998 -6.897450
v -1.896363 24.999998 -6.897450
v -2.396363 25.499998 -6.647450
v -2.396362 25.499998 6.647452
v -1.896362 24.999998 6.897452
v -1.896362 27.999998 6.897452
v -2.396362 27.499998 6.647452
v -2.396362 21.499998 6.647452
v -1.896362 20.999998 6.897452
v -1.896362 23.999998 6.897452
v -2.396362 23.499998 6.647452
v -2.396363 23.499998 -6.647450
v -1.896363 23.999998 -6.897450
v -1.896363 20.999998 -6.897450
v -2.396363 21.499998 -6.647450
v -2.396363 19.499998 -6.647451
v -1.896363 19.999998 -6.897451
v -1.896363 16.999998 -6.897451
v -2.396363 17.499998 -6.647451
v -2.396362 17.499998 6.647452
v -1.896362 16.999998 6.897452
v -1.896362 19.999998 6.897452
v -2.396362 19.499998 6.647452
v -2.500000 15.499999 -7.147451
v -2.000000 15.999999 -7.397451
v -2.000000 12.999999 -7.397451
v -2.500000 13.499999 -7.147451
v -2.500000 13.499999 7.147452
v -2.000000 12.999999 7.397452
v -2.000000 15.999999 7.397452
v -2.500000 15.499999 7.147452
v -2.500000 11.499999 -7.147451
v -2.000000 11.999999 -7.397451
v -2.000000 8.999999 -7.397451
v -2.500000 9.499999 -7.147451
v -2.500000 9.499999 7.147452
v -2.000000 8.999999 7.397452
v -2.000000 11.999999 7.397452
v -2.500000 11.499999 7.147452
v -2.500000 7.500000 -7.147451
v -2.000000 8.000000 -7.397451
v -2.000000 5.000000 -7.397451
v -2.500000 5.500000 -7.147451
v -2.500000 5.499999 7.147451
v -2.000000 4.999999 7.397451
v -2.000000 7.999999 7.397452
v -2.500000 7.499999 7.147452
v -7.250000 7.500000 2.446716
v -7.500000 8.000000 1.946716
v -7.500000 5.000000 1.946716
v -7.250000 5.500000 2.446716
v -7.250000 11.499999 2.446716
v -7.500000 11.999999 1.946716
v -7.500000 8.999999 1.946716
v -7.250000 9.499999 2.446716
v -7.250000 15.499999 2.446716
v -7.500000 15.999999 1.946716
v -7.500000 12.999999 1.946716
v -7.250000 13.499999 2.446716
v -6.750000 19.499998 2.343247
v -7.000000 19.999998 1.843247
v -7.000000 16.999998 1.843247
v -6.750000 17.499998 2.343247
v -6.750000 23.499998 2.343247
v -7.000000 23.999998 1.843247
v -7.000000 20.999998 1.843247
v -6.750000 21.499998 2.343247
v -6.750000 27.499998 2.343247
v -7.000000 27.999998 1.843247
v -7.000000 24.999998 1.843247
v -6.750000 25.499998 2.343247
v -7.250000 5.500000 -3.789961
v -7.500000 5.000000 -3.893430
v -7.500000 5.000000 -1.946715
v -7.250000 5.500000 -2.446715
v -7.339443 7.678885 -2.536158
v -7.410557 7.821114 -2.393929
v -7.421338 7.815724 -3.860873
v -7.328663 7.684275 -3.822518
v -7.250000 9.499999 -3.789961
v -7.500000 8.999999 -3.893430
v -7.500000 8.999999 -1.946715
v -7.250000 9.499999 -2.446715
v -7.339443 11.678885 -2.536157
v -7.410557 11.821114 -2.393928
v -7.421338 11.815723 -3.860873
v -7.328663 11.684275 -3.822517
v -7.250000 13.499999 -3.789961
v -7.500000 12.999999 -3.893430
v -7.500000 12.999999 -1.946715
v -7.250000 13.499999 -2.446715
v -7.339443 15.678885 -2.536157
v -7.410557 15.821114 -2.393928
v -7.421338 15.815723 -3.860873
v -7.328663 15.684275 -3.822517
v -6.750000 17.499998 -3.583022
v -7.000000 16.999998 -3.686491
v -7.000000 16.999998 -1.843245
v -6.750000 17.499998 -2.343245
v -6.839443 19.678883 -2.432688
v -6.910557 19.821114 -2.290458
v -6.921338 19.815723 -3.653934
v -6.828663 19.684273 -3.615578
v -6.750000 21.499998 -3.583022
v -7.000000 20.999998 -3.686491
v -7.000000 20.999998 -1.843245
v -6.750000 21.499998 -2.343245
v -6.839443 23.678883 -2.432688
v -6.910557 23.821114 -2.290458
v -6.921338 23.815723 -3.653934
v -6.828663 23.684273 -3.615578
v -6.750000 25.499998 -3.583021
v -7.000000 24.999998 -3.686491
v -7.000000 24.999998 -1.843245
v -6.750000 25.499998 -2.343245
v -6.839443 27.678883 -2.432687
v -6.910557 27.821114 -2.290458
v -6.921338 27.815723 -3.653934
v -6.828663 27.684273 -3.615578
v -6.750000 25.499998 -2.343245
v -7.000000 24.999998 -1.843245
v -7.000000 27.999998 -1.843245
v -6.750000 27.499998 -2.343245
v -6.750000 21.499998 -2.343245
v -7.000000 20.999998 -1.843245
v -7.000000 23.999998 -1.843245
v -6.750000 23.499998 -2.343245
v -6.750000 17.499998 -2.343245
v -7.000000 16.999998 -1.843245
v -7.000000 19.999998 -1.843245
v -6.750000 19.499998 -2.343245
v -7.250000 13.499999 -2.446715
v -7.500000 12.999999 -1.946715
v -7.500000 15.999999 -1.946715
v -7.250000 15.499999 -2.446715
v -7.250000 9.499999 -2.446715
v -7.500000 8.999999 -1.946715
v -7.500000 11.999999 -1.946715
v -7.250000 11.499999 -2.446715
v -7.250000 5.500000 -2.446715
v -7.500000 5.000000 -1.946715
v -7.500000 8.000000 -1.946715
v -7.250000 7.500000 -2.446715
v -4.529905 32.349995 -5.593412
v -4.529905 32.649998 -5.593412
v -3.626906 32.649998 -6.497450
v -3.626906 32.349995 -6.497450
v -1.792725 32.349995 6.497452
v -1.792725 32.649998 6.497452
v -3.626905 32.649998 6.497453
v -3.626905 32.349995 6.497453
v -3.626905 32.349995 6.497453
v -3.626905 32.649998 6.497453
v -4.529904 32.649998 5.593416
v -4.529904 32.349995 5.593416
v -6.600000 32.349995 -1.943245
v -6.600000 32.649998 -1.943245
v -6.600000 32.649998 -3.520940
v -6.600000 32.349995 -3.520940
v -6.600000 32.349995 -3.520940
v -6.600000 32.649998 -3.520940
v -5.696572 32.649998 -4.425406
v -5.696572 32.349995 -4.425406
v -6.600000 32.349995 3.520942
v -6.600000 32.649998 3.520942
v -6.600000 32.649998 1.943247
v -6.600000 32.349995 1.943247
v -3.626906 32.349995 -6.497450
v -3.626906 32.649998 -6.497450
v -1.792726 32.649998 -6.497450
v -1.792726 32.349995 -6.497450
v -4.529904 32.349995 5.593416
v -4.529904 32.649998 5.593416
v -5.696571 32.649998 4.425408
v -5.696571 32.349995 4.425408
v -7.100000 20.649998 1.943247
v -7.600000 20.649998 1.943247
v -7.600000 20.349998 1.943247
v -7.100000 20.349998 1.943247
v -1.542725 32.143208 6.996677
v -1.542725 32.349995 6.497452
v -1.542725 32.249996 6.397452
v -1.542725 32.043312 6.896425
v -7.000000 16.999998 -1.843245
v -7.458359 17.199764 -1.843245
v -7.500000 19.999998 -1.843245
v -7.000000 19.999998 -1.843245
v -4.282276 29.499998 -5.346067
v -4.282276 31.499998 -5.346067
v -3.481813 31.499998 -6.147450
v -3.481813 29.499998 -6.147450
v -4.282275 29.499998 5.346070
v -4.282275 31.499998 5.346070
v -5.448942 31.499998 4.178063
v -5.448942 29.499998 4.178063
v -2.292725 29.499998 6.147452
v -2.292725 31.499998 6.147452
v -3.481812 31.499998 6.147453
v -3.481812 29.499998 6.147453
v -7.000000 19.999998 1.843247
v -7.500000 19.999998 1.843247
v -7.458359 17.199764 1.843247
v -7.000000 16.999998 1.843247
v -4.282276 33.499996 -5.346067
v -4.282276 35.499996 -5.346066
v -3.481813 35.499996 -6.147449
v -3.481813 33.499996 -6.147450
v -2.292725 33.499996 6.147452
v -2.292725 35.499996 6.147453
v -3.481812 35.499996 6.147453
v -3.481812 33.499996 6.147453
v -1.542725 33.249561 6.897120
v -1.542725 32.999996 6.397452
v -1.542725 32.749996 6.397452
v -1.542725 32.956924 6.897011
v -3.481812 33.499996 6.147453
v -3.481812 35.499996 6.147453
v -4.282275 35.499996 5.346071
v -4.282275 33.499996 5.346070
v -6.250000 33.499996 -2.343245
v -6.250000 35.499996 -2.343245
v -6.250000 35.499996 -3.376083
v -6.250000 33.499996 -3.376083
v -6.250000 33.499996 -3.376083
v -6.250000 35.499996 -3.376083
v -5.448943 35.499996 -4.178060
v -5.448943 33.499996 -4.178060
v -6.250000 33.499996 3.376085
v -6.250000 35.499996 3.376085
v -6.250000 35.499996 2.343247
v -6.250000 33.499996 2.343247
v -3.481813 33.499996 -6.147450
v -3.481813 35.499996 -6.147449
v -2.292726 35.499996 -6.147450
v -2.292726 33.499996 -6.147450
v -4.282275 33.499996 5.346070
v -4.282275 35.499996 5.346071
v -5.448942 35.499996 4.178063
v -5.448942 33.499996 4.178063
v -7.100000 20.349998 -1.943245
v -7.600000 20.349998 -1.943245
v -7.600000 20.649998 -1.943245
v -7.100000 20.649998 -1.943245
v -1.542726 32.143208 -6.996675
v -1.542726 32.349995 -6.497450
v -1.542726 32.649998 -6.497450
v -1.542726 32.856865 -6.996866
v -5.696572 32.349995 -4.425406
v -5.696572 32.649998 -4.425406
v -4.529905 32.649998 -5.593412
v -4.529905 32.349995 -5.593412
v -5.696571 32.349995 4.425408
v -5.696571 32.649998 4.425408
v -6.600000 32.649998 3.520942
v -6.600000 32.349995 3.520942
v -3.928519 41.499996 4.992721
v -3.928519 43.499996 4.992721
v -5.095185 43.499996 3.824714
v -5.095185 41.499996 3.824714
v -5.750000 41.499996 -3.169143
v -5.750000 43.499996 -3.169143
v -5.095187 43.499996 -3.824709
v -5.095187 41.499996 -3.824709
v -3.928520 41.499996 -4.992716
v -3.928520 43.499996 -4.992716
v -3.274539 43.499996 -5.647449
v -3.274539 41.499996 -5.647449
v -3.419630 44.349995 5.997453
v -3.419630 44.649998 5.997453
v -4.176148 44.649998 5.240066
v -4.176148 44.349995 5.240066
v -7.500000 15.999999 1.946716
v -8.000000 15.999999 1.946716
v -8.000000 12.999999 1.946716
v -7.500000 12.999999 1.946716
v -1.792725 44.349995 5.997453
v -1.792725 44.649998 5.997453
v -3.419630 44.649998 5.997453
v -3.419630 44.349995 5.997453
v -6.100000 44.349995 3.314003
v -6.100000 44.649998 3.314003
v -6.100000 44.649998 1.943248
v -6.100000 44.349995 1.943248
v -4.176149 44.349995 -5.240062
v -4.176149 44.649998 -5.240062
v -3.419631 44.649998 -5.997449
v -3.419631 44.349995 -5.997449
v -6.100000 44.349995 -1.943244
v -6.100000 44.649998 -1.943244
v -6.100000 44.649998 -3.314001
v -6.100000 44.349995 -3.314001
v -1.542726 33.249561 -6.897118
v -1.542726 32.999996 -6.397450
v -1.542726 35.999996 -6.397450
v -1.542726 35.750122 -6.897199
v -5.448943 33.499996 -4.178060
v -5.448943 35.499996 -4.178060
v -4.282276 35.499996 -5.346066
v -4.282276 33.499996 -5.346067
v -5.448942 33.499996 4.178063
v -5.448942 35.499996 4.178063
v -6.250000 35.499996 3.376085
v -6.250000 33.499996 3.376085
v -7.100000 24.349998 -1.943245
v -7.600000 24.349998 -1.943245
v -7.600000 24.649998 -1.943245
v -7.100000 24.649998 -1.943245
v -6.100000 44.349995 -3.314001
v -6.100000 44.649998 -3.314001
v -5.342816 44.649998 -4.072054
v -5.342816 44.349995 -4.072054
v -4.176148 44.349995 5.240066
v -4.176148 44.649998 5.240066
v -5.342814 44.649998 4.072059
v -5.342814 44.349995 4.072059
v -1.542725 44.857105 6.497444
v -1.542725 44.649998 5.997453
v -1.542725 44.349995 5.997453
v -1.542725 44.142891 6.497441
v -5.625820 39.999996 4.354739
v -5.625820 40.499996 4.354739
v -6.500000 40.499996 3.479555
v -6.500000 39.999996 3.479555
v -6.000000 40.999996 -3.272613
v -6.500000 40.499996 -3.479552
v -6.500000 40.499996 -1.843244
v -6.000000 40.999996 -1.843244
v -7.000000 39.999996 1.843248
v -6.500000 39.999996 1.843248
v -4.918308 48.999996 -1.843244
v -4.918308 49.499996 -1.843244
v -3.751642 49.499996 -1.843244
v -3.751642 48.999996 -1.843244
v -1.542726 40.707088 -6.897415
v -1.542726 40.499996 -6.397450
v -1.542726 40.999996 -5.897450
v -1.542726 41.207092 -6.397424
v -3.378175 40.999996 5.897453
v -3.585450 40.499996 6.397453
v -1.792725 40.499996 6.397453
v -1.792725 40.999996 5.897453
v -5.272063 40.999996 4.001389
v -5.625820 40.499996 4.354739
v -4.459153 40.499996 5.522746
v -4.105397 40.999996 5.169396
v -6.000000 40.999996 3.272616
v -6.500000 40.499996 3.479555
v -5.625820 40.499996 4.354739
v -5.272063 40.999996 4.001389
v -4.105398 40.999996 -5.169392
v -4.459154 40.499996 -5.522742
v -5.625821 40.499996 -4.354735
v -5.272065 40.999996 -4.001384
v -3.378176 40.999996 -5.897449
v -3.585451 40.499996 -6.397449
v -4.459154 40.499996 -5.522742
v -4.105398 40.999996 -5.169392
v -4.105397 40.999996 5.169396
v -4.459153 40.499996 5.522746
v -3.585450 40.499996 6.397453
v -3.378175 40.999996 5.897453
v -5.272065 40.999996 -4.001384
v -5.625821 40.499996 -4.354735
v -6.500000 40.499996 -3.479552
v -6.000000 40.999996 -3.272613
v -6.000000 40.999996 1.843248
v -6.500000 40.499996 1.843248
v -6.500000 40.499996 3.479555
v -6.000000 40.999996 3.272616
v -1.792726 40.999996 -5.897450
v -1.792726 40.499996 -6.397450
v -3.585451 40.499996 -6.397449
v -3.378176 40.999996 -5.897449
v -1.542725 41.207092 6.397427
v -1.542725 40.999996 5.897453
v -1.542725 40.499996 6.397453
v -1.542725 40.707088 6.897418
v -3.585450 39.999996 6.397453
v -3.585450 40.499996 6.397453
v -4.459153 40.499996 5.522746
v -4.459153 39.999996 5.522746
v -2.292725 41.499996 5.647453
v -2.292725 43.499996 5.647453
v -3.274538 43.499996 5.647453
v -3.274538 41.499996 5.647453
v -6.500000 39.999996 3.479555
v -6.500000 40.499996 3.479555
v -6.500000 40.499996 1.843248
v -6.500000 39.999996 1.843248
v -6.500000 39.999996 -3.479552
v -6.500000 40.499996 -3.479552
v -5.625821 40.499996 -4.354735
v -5.625821 39.999996 -4.354735
v -5.095187 41.499996 -3.824709
v -5.095187 43.499996 -3.824709
v -3.928520 43.499996 -4.992716
v -3.928520 41.499996 -4.992716
v -6.500000 39.999996 -1.843245
v -6.500000 40.499996 -1.843244
v -6.500000 40.499996 -3.479552
v -6.500000 39.999996 -3.479552
v -3.585451 39.999996 -6.397449
v -3.585451 40.499996 -6.397449
v -1.792726 40.499996 -6.397450
v -1.792726 39.999996 -6.397450
v -1.542725 43.750008 6.397433
v -1.542725 43.999996 5.897453
v -1.542725 40.999996 5.897453
v -1.542725 41.207092 6.397427
v -5.342814 44.349995 4.072059
v -5.342814 44.649998 4.072059
v -6.100000 44.649998 3.314003
v -6.100000 44.349995 3.314003
v -5.750000 41.499996 3.169146
v -5.750000 43.499996 3.169146
v -5.750000 43.499996 2.343247
v -5.750000 41.499996 2.343247
v -1.542725 39.999996 6.897407
v -1.542725 39.999996 6.397453
v -1.542725 36.999996 6.397453
v -1.542725 37.249966 6.897392
v -4.459154 39.999996 -5.522742
v -4.459154 40.499996 -5.522742
v -3.585451 40.499996 -6.397449
v -3.585451 39.999996 -6.397449
v -7.500000 16.499998 1.946716
v -7.965689 16.682024 1.946716
v -6.600000 36.649998 1.943248
v -7.100000 36.649998 1.943248
v -7.100000 36.349995 1.943247
v -6.600000 36.349995 1.943247
v -7.000000 20.999998 -1.843245
v -7.500000 20.999998 -1.843245
v -7.500000 23.999998 -1.843245
v -7.000000 23.999998 -1.843245
v -3.274538 41.499996 5.647453
v -3.274538 43.499996 5.647453
v -3.928519 43.499996 4.992721
v -3.928519 41.499996 4.992721
v -5.095185 41.499996 3.824714
v -5.095185 43.499996 3.824714
v -5.750000 43.499996 3.169146
v -5.750000 41.499996 3.169146
v -4.459153 39.999996 5.522746
v -4.459153 40.499996 5.522746
v -5.625820 40.499996 4.354739
v -5.625820 39.999996 4.354739
v -1.792725 39.999996 6.397453
v -1.792725 40.499996 6.397453
v -3.585450 40.499996 6.397453
v -3.585450 39.999996 6.397453
v -1.542726 41.207092 -6.397424
v -1.542726 40.999996 -5.897450
v -1.542726 43.999996 -5.897450
v -1.542726 43.750008 -6.397430
v -5.625821 39.999996 -4.354735
v -5.625821 40.499996 -4.354735
v -4.459154 40.499996 -5.522742
v -4.459154 39.999996 -5.522742
v -1.542726 39.999996 -6.897404
v -1.542726 39.999996 -6.397450
v -1.542726 40.499996 -6.397450
v -1.542726 40.707088 -6.897415
v -5.750000 41.499996 -2.343244
v -5.750000 43.499996 -2.343244
v -5.750000 43.499996 -3.169143
v -5.750000 41.499996 -3.169143
v -3.274539 41.499996 -5.647449
v -3.274539 43.499996 -5.647449
v -2.292726 43.499996 -5.647450
v -2.292726 41.499996 -5.647450
v -6.600000 36.349995 3.520942
v -6.600000 36.649998 3.520942
v -6.600000 36.649998 1.943248
v -6.600000 36.349995 1.943247
v -6.600000 36.349995 -1.943245
v -6.600000 36.649998 -1.943245
v -6.600000 36.649998 -3.520940
v -6.600000 36.349995 -3.520940
v -3.626906 36.349995 -6.497449
v -3.626906 36.649998 -6.497449
v -1.792726 36.649998 -6.497450
v -1.792726 36.349995 -6.497450
v -4.529904 36.349995 5.593416
v -4.529904 36.649998 5.593416
v -5.696571 36.649998 4.425409
v -5.696571 36.349995 4.425409
v -5.696571 36.349995 4.425409
v -5.696571 36.649998 4.425409
v -6.600000 36.649998 3.520942
v -6.600000 36.349995 3.520942
v -5.696572 36.349995 -4.425405
v -5.696572 36.649998 -4.425405
v -4.529905 36.649998 -5.593412
v -4.529905 36.349995 -5.593412
v -3.751642 48.999996 1.843248
v -3.751642 49.499996 1.843248
v -4.918307 49.499996 1.843248
v -4.918307 48.999996 1.843248
v -4.529905 36.349995 -5.593412
v -4.529905 36.649998 -5.593412
v -3.626906 36.649998 -6.497449
v -3.626906 36.349995 -6.497449
v -3.626905 36.349995 6.497453
v -3.626905 36.649998 6.497453
v -4.529904 36.649998 5.593416
v -4.529904 36.349995 5.593416
v -1.542725 36.857063 6.997345
v -1.542725 36.649998 6.497453
v -1.542725 36.349995 6.497453
v -1.542725 36.142944 6.997310
v -1.542726 36.857063 -6.997342
v -1.542726 36.649998 -6.497450
v -1.542726 36.749996 -6.397450
v -1.542726 36.957073 -6.897369
v -6.500000 36.999996 -1.843245
v -7.000000 36.999996 -1.843245
v -6.600000 36.349995 -3.520940
v -6.600000 36.649998 -3.520940
v -5.696572 36.649998 -4.425405
v -5.696572 36.349995 -4.425405
v -1.792725 36.349995 6.497453
v -1.792725 36.649998 6.497453
v -3.626905 36.649998 6.497453
v -3.626905 36.349995 6.497453
v -3.251642 48.899998 2.343248
v -4.918307 48.899998 2.343248
v -4.564552 48.899998 3.294680
v -3.397883 48.899998 4.462690
v -4.105398 47.999996 -5.169392
v -4.105398 48.499996 -5.169392
v -3.378176 48.499996 -5.897449
v -3.378176 47.999996 -5.897449
v -1.542725 48.707104 6.397449
v -1.542725 48.499996 5.897453
v -1.542725 47.999996 5.897453
v -1.542725 47.999996 6.397449
v -4.918307 48.899998 2.343248
v -5.000000 48.899998 2.343248
v -5.000000 48.899998 2.858737
v -4.564552 48.899998 3.294680
v -4.105397 47.999996 5.169396
v -4.105397 48.499996 5.169396
v -5.272063 48.499996 4.001389
v -5.272063 47.999996 4.001389
v -5.272065 47.999996 -4.001384
v -5.272065 48.499996 -4.001384
v -4.105398 48.499996 -5.169392
v -4.105398 47.999996 -5.169392
v -7.600000 12.649999 2.046716
v -8.100000 12.649999 2.046716
v -8.100000 12.349999 2.046716
v -7.600000 12.349999 2.046716
v -1.792725 47.999996 5.897453
v -1.792725 48.499996 5.897453
v -3.378175 48.499996 5.897453
v -3.378175 47.999996 5.897453
v -7.000000 24.999998 -1.843245
v -7.500000 24.999998 -1.843245
v -7.500000 27.999998 -1.843245
v -7.000000 27.999998 -1.843245
v -6.000000 44.999996 -1.843244
v -6.500000 44.999996 -1.843244
v -3.397885 48.899998 -4.462690
v -4.564553 48.899998 -3.294683
v -4.918308 48.899998 -2.343244
v -3.251642 48.899998 -2.343244
v -7.500000 11.999999 1.946716
v -8.000000 11.999999 1.946716
v -8.000000 8.999999 1.946716
v -7.500000 8.999999 1.946716
v -5.095187 45.499996 -3.824709
v -5.095187 47.499996 -3.824709
v -3.928520 47.499996 -4.992716
v -3.928520 45.499996 -4.992716
v -5.095185 45.499996 3.824714
v -5.095185 47.499996 3.824714
v -5.750000 47.499996 3.169147
v -5.750000 45.499996 3.169147
v -1.542726 45.249992 -6.397445
v -1.542726 44.999996 -5.897450
v -1.542726 47.999996 -5.897450
v -1.542726 47.999996 -6.397446
v -6.500000 28.999998 -1.843245
v -6.961940 29.191339 -1.843245
v -7.000000 31.999998 -1.843245
v -6.500000 31.999998 -1.843245
v -3.378176 47.999996 -5.897449
v -3.378176 48.499996 -5.897449
v -1.792726 48.499996 -5.897450
v -1.792726 47.999996 -5.897450
v -6.000000 47.999996 3.272616
v -6.000000 48.499996 3.272616
v -6.000000 48.499996 1.843248
v -6.000000 47.999996 1.843248
v -7.461940 28.691339 -1.843245
v -7.000000 28.499998 -1.843245
v -1.542726 47.999996 -6.397446
v -1.542726 47.999996 -5.897450
v -1.542726 48.499996 -5.897450
v -1.542726 48.707104 -6.397447
v -3.378175 47.999996 5.897453
v -3.378175 48.499996 5.897453
v -4.105397 48.499996 5.169396
v -4.105397 47.999996 5.169396
v -4.564553 48.899998 -3.294683
v -5.000000 48.899998 -2.858735
v -5.000000 48.899998 -2.343244
v -4.918308 48.899998 -2.343244
v -5.272063 47.999996 4.001389
v -5.272063 48.499996 4.001389
v -6.000000 48.499996 3.272616
v -6.000000 47.999996 3.272616
v -7.600000 8.649999 2.046716
v -8.100000 8.649999 2.046716
v -8.100000 8.349999 2.046716
v -7.600000 8.349999 2.046716
v -6.000000 47.999996 -3.272613
v -6.000000 48.499996 -3.272613
v -5.272065 48.499996 -4.001384
v -5.272065 47.999996 -4.001384
v -6.000000 47.999996 -1.843244
v -6.000000 48.499996 -1.843244
v -6.000000 48.499996 -3.272613
v -6.000000 47.999996 -3.272613
v -3.481812 37.499996 6.147453
v -3.481812 39.499996 6.147453
v -4.282275 39.499996 5.346071
v -4.282275 37.499996 5.346071
v -1.542726 37.249966 -6.897389
v -1.542726 36.999996 -6.397450
v -1.542726 39.999996 -6.397450
v -1.542726 39.999996 -6.897404
v -6.500000 35.999996 1.843247
v -7.000000 35.999996 1.843247
v -7.000000 32.999996 1.843247
v -6.500000 32.999996 1.843247
v -6.250000 37.499996 -3.376083
v -6.250000 39.499996 -3.376082
v -5.448943 39.499996 -4.178060
v -5.448943 37.499996 -4.178060
v -2.292725 37.499996 6.147453
v -2.292725 39.499996 6.147453
v -3.481812 39.499996 6.147453
v -3.481812 37.499996 6.147453
v -6.250000 37.499996 3.376085
v -6.250000 39.499996 3.376086
v -6.250000 39.499996 2.343247
v -6.250000 37.499996 2.343247
v -6.250000 37.499996 -2.343245
v -6.250000 39.499996 -2.343244
v -6.250000 39.499996 -3.376082
v -6.250000 37.499996 -3.376083
v -3.481813 37.499996 -6.147449
v -3.481813 39.499996 -6.147449
v -2.292726 39.499996 -6.147450
v -2.292726 37.499996 -6.147450
v -4.282275 37.499996 5.346071
v -4.282275 39.499996 5.346071
v -5.448942 39.499996 4.178063
v -5.448942 37.499996 4.178063
v -5.448942 37.499996 4.178063
v -5.448942 39.499996 4.178063
v -6.250000 39.499996 3.376086
v -6.250000 37.499996 3.376085
v 0.000000 39.999996 7.397452
v 0.000000 40.914207 7.397453
v -1.042712 40.914211 7.397453
v -1.042708 39.999996 7.397453
v -5.448943 37.499996 -4.178060
v -5.448943 39.499996 -4.178060
v -4.282276 39.499996 -5.346066
v -4.282276 37.499996 -5.346066
v -6.000000 48.499996 -1.843244
v -6.461940 48.691338 -1.843244
v -5.691342 49.461937 -1.843244
v -5.500000 48.999996 -1.843244
v -4.282276 37.499996 -5.346066
v -4.282276 39.499996 -5.346066
v -3.481813 39.499996 -6.147449
v -3.481813 37.499996 -6.147449
v -5.750000 45.499996 -3.169143
v -5.750000 47.499996 -3.169143
v -3.928519 45.499996 4.992721
v -3.928519 47.499996 4.992721
v -5.095185 47.499996 3.824714
v -5.095185 45.499996 3.824714
v -3.274539 45.499996 -5.647449
v -3.274539 47.499996 -5.647449
v -2.292726 47.499996 -5.647450
v -2.292726 45.499996 -5.647450
v -5.750000 45.499996 3.169147
v -5.750000 47.499996 3.169147
v -5.750000 47.499996 2.343248
v -5.750000 45.499996 2.343248
v -3.274538 45.499996 5.647453
v -3.274538 47.499996 5.647453
v -3.928519 47.499996 4.992721
v -3.928519 45.499996 4.992721
v -5.750000 45.499996 -2.343244
v -5.750000 47.499996 -2.343244
v -5.750000 47.499996 -3.169143
v -5.750000 45.499996 -3.169143
v -2.292725 45.499996 5.647453
v -2.292725 47.499996 5.647453
v -3.274538 47.499996 5.647453
v -3.274538 45.499996 5.647453
v -3.928520 45.499996 -4.992716
v -3.928520 47.499996 -4.992716
v -3.274539 47.499996 -5.647449
v -3.274539 45.499996 -5.647449
v -3.751642 48.999996 -1.843244
v -3.751642 49.499996 -1.843244
v -3.751642 49.499996 0.000002
v -3.751642 48.999996 0.000002
v -1.542725 45.249992 6.397448
v -1.542725 44.999996 5.897453
v -1.542725 44.749996 5.897453
v -1.542725 44.957104 6.397446
v -3.419631 44.349995 -5.997449
v -3.419631 44.649998 -5.997449
v -1.792726 44.649998 -5.997450
v -1.792726 44.349995 -5.997450
v -1.542726 44.142891 -6.497438
v -1.542726 44.349995 -5.997450
v -1.542726 44.649998 -5.997450
v -1.542726 44.857105 -6.497441
v -6.000000 43.999996 1.843248
v -6.500000 43.999996 1.843248
v -5.342816 44.349995 -4.072054
v -5.342816 44.649998 -4.072054
v -4.176149 44.649998 -5.240062
v -4.176149 44.349995 -5.240062
v -1.542725 49.499992 5.604559
v -1.542725 48.999996 5.397453
v -1.542725 48.499996 5.897453
v -1.542725 48.707104 6.397449
v -5.500000 48.999996 1.843248
v -6.000000 48.499996 1.843248
v -6.000000 48.499996 3.272616
v -5.500000 48.999996 3.065677
v -4.918310 48.999996 -3.648033
v -5.272065 48.499996 -4.001384
v -6.000000 48.499996 -3.272613
v -5.500000 48.999996 -3.065674
v -5.500000 48.999996 3.065677
v -6.000000 48.499996 3.272616
v -5.272063 48.499996 4.001389
v -4.918307 48.999996 3.648031
v -3.170901 48.999996 5.397454
v -3.378175 48.499996 5.897453
v -1.792725 48.499996 5.897453
v -1.792725 48.999996 5.397453
v -5.500000 48.999996 -3.065674
v -6.000000 48.499996 -3.272613
v -6.000000 48.499996 -1.843244
v -5.500000 48.999996 -1.843244
v -6.500000 31.999998 1.843247
v -7.000000 31.999998 1.843247
v -3.751642 48.999996 -4.816041
v -4.105398 48.499996 -5.169392
v -5.272065 48.499996 -4.001384
v -4.918310 48.999996 -3.648033
v -3.170901 48.999996 -5.397449
v -3.378176 48.499996 -5.897449
v -4.105398 48.499996 -5.169392
v -3.751642 48.999996 -4.816041
v -1.792726 48.999996 -5.397449
v -1.792726 48.499996 -5.897450
v -3.378176 48.499996 -5.897449
v -3.170901 48.999996 -5.397449
v -3.751640 48.999996 4.816039
v -4.105397 48.499996 5.169396
v -3.378175 48.499996 5.897453
v -3.170901 48.999996 5.397454
v -4.918307 48.999996 3.648031
v -5.272063 48.499996 4.001389
v -4.105397 48.499996 5.169396
v -3.751640 48.999996 4.816039
v -1.542726 48.707104 -6.397447
v -1.542726 48.499996 -5.897450
v -1.542726 48.999996 -5.397449
v -1.542726 49.499992 -5.604555
v 0.000000 48.899998 -4.897450
v -1.792726 48.899998 -4.897449
v -1.792725 48.899998 4.897453
v 0.000000 48.899998 4.897453
v -2.292726 29.499998 -6.147450
v -1.792726 28.999998 -6.397450
v -3.585451 28.999998 -6.397450
v -3.481813 29.499998 -6.147450
v -6.250000 29.499998 2.343247
v -6.500000 28.999998 1.843247
v -6.500000 28.999998 3.479554
v -6.250000 29.499998 3.376085
v -5.448943 29.499998 -4.178060
v -5.625821 28.999998 -4.354735
v -6.500000 28.999998 -3.479552
v -6.250000 29.499998 -3.376083
v -4.282275 29.499998 5.346070
v -4.459153 28.999998 5.522746
v -3.585450 28.999998 6.397453
v -3.481812 29.499998 6.147453
v -3.481813 29.499998 -6.147450
v -3.585451 28.999998 -6.397450
v -4.459154 28.999998 -5.522742
v -4.282276 29.499998 -5.346067
v -4.282276 29.499998 -5.346067
v -4.459154 28.999998 -5.522742
v -5.625821 28.999998 -4.354735
v -5.448943 29.499998 -4.178060
v -6.250000 29.499998 3.376085
v -6.500000 28.999998 3.479554
v -5.625820 28.999998 4.354738
v -5.448942 29.499998 4.178063
v -5.448942 29.499998 4.178063
v -5.625820 28.999998 4.354738
v -4.459153 28.999998 5.522746
v -4.282275 29.499998 5.346070
v -3.481812 29.499998 6.147453
v -3.585450 28.999998 6.397453
v -1.792725 28.999998 6.397452
v -2.292725 29.499998 6.147452
v -6.250000 29.499998 -2.343245
v -6.500000 28.999998 -1.843245
v -6.500000 31.999998 -1.843245
v -6.250000 31.499998 -2.343245
v -6.250000 31.499998 2.343247
v -6.500000 31.999998 1.843247
v -6.500000 28.999998 1.843247
v -6.250000 29.499998 2.343247
v -2.292725 29.499998 6.147452
v -1.792725 28.999998 6.397452
v -1.792725 31.999998 6.397452
v -2.292725 31.499998 6.147452
v -6.250000 29.499998 -3.376083
v -6.500000 28.999998 -3.479552
v -6.500000 28.999998 -1.843245
v -6.250000 29.499998 -2.343245
v -2.292726 31.499998 -6.147450
v -1.792726 31.999998 -6.397450
v -1.792726 28.999998 -6.397450
v -2.292726 29.499998 -6.147450
v -3.514410 31.684288 -6.226082
v -3.552854 31.815708 -6.318818
v -2.239939 31.821114 -6.308008
v -2.382168 31.678883 -6.236893
v -6.328663 31.684273 3.408642
v -6.421337 31.815723 3.446998
v -6.410557 31.821114 2.290461
v -6.339443 31.678883 2.432690
v -6.328663 31.684273 -3.408639
v -6.421338 31.815723 -3.446995
v -5.562539 31.821114 -4.291526
v -5.512225 31.678885 -4.241269
v -3.514409 31.684288 6.226085
v -3.552853 31.815708 6.318820
v -4.395871 31.821114 5.459537
v -4.345557 31.678885 5.409279
v -4.345558 31.678883 -5.409276
v -4.395872 31.821114 -5.459533
v -3.552854 31.815708 -6.318818
v -3.514410 31.684288 -6.226082
v -5.512225 31.678885 -4.241269
v -5.562539 31.821114 -4.291526
v -4.395872 31.821114 -5.459533
v -4.345558 31.678883 -5.409276
v -5.512224 31.678885 4.241272
v -5.562538 31.821112 4.291529
v -6.421337 31.815723 3.446998
v -6.328663 31.684273 3.408642
v -4.345557 31.678885 5.409279
v -4.395871 31.821114 5.459537
v -5.562538 31.821112 4.291529
v -5.512224 31.678885 4.241272
v -2.382168 31.678883 6.236895
v -2.239938 31.821112 6.308010
v -3.552853 31.815708 6.318820
v -3.514409 31.684288 6.226085
v -6.339443 31.678883 -2.432687
v -6.410557 31.821112 -2.290458
v -6.421338 31.815723 -3.446995
v -6.328663 31.684273 -3.408639
v -2.292726 33.499996 -6.147450
v -1.792726 32.999996 -6.397450
v -3.585451 32.999996 -6.397450
v -3.481813 33.499996 -6.147450
v -6.250000 33.499996 2.343247
v -6.500000 32.999996 1.843247
v -6.500000 32.999996 3.479555
v -6.250000 33.499996 3.376085
v -5.448943 33.499996 -4.178060
v -5.625821 32.999996 -4.354735
v -6.500000 32.999996 -3.479552
v -6.250000 33.499996 -3.376083
v -4.282275 33.499996 5.346070
v -4.459153 32.999996 5.522746
v -3.585450 32.999996 6.397453
v -3.481812 33.499996 6.147453
v -3.481813 33.499996 -6.147450
v -3.585451 32.999996 -6.397450
v -4.459154 32.999996 -5.522742
v -4.282276 33.499996 -5.346067
v -4.282276 33.499996 -5.346067
v -4.459154 32.999996 -5.522742
v -5.625821 32.999996 -4.354735
v -5.448943 33.499996 -4.178060
v -6.250000 33.499996 3.376085
v -6.500000 32.999996 3.479555
v -5.625820 32.999996 4.354738
v -5.448942 33.499996 4.178063
v -5.448942 33.499996 4.178063
v -5.625820 32.999996 4.354738
v -4.459153 32.999996 5.522746
v -4.282275 33.499996 5.346070
v -6.250000 35.499996 2.343247
v -6.500000 35.999996 1.843247
v -6.500000 32.999996 1.843247
v -6.250000 33.499996 2.343247
v -3.481812 33.499996 6.147453
v -3.585450 32.999996 6.397453
v -1.792725 32.999996 6.397452
v -2.292725 33.499996 6.147452
v -2.292725 33.499996 6.147452
v -1.792725 32.999996 6.397452
v -1.792725 35.999996 6.397453
v -2.292725 35.499996 6.147453
v -6.250000 33.499996 -2.343245
v -6.500000 32.999996 -1.843245
v -6.500000 35.999996 -1.843245
v -6.250000 35.499996 -2.343245
v -6.250000 33.499996 -3.376083
v -6.500000 32.999996 -3.479552
v -6.500000 32.999996 -1.843245
v -6.250000 33.499996 -2.343245
v -2.292726 35.499996 -6.147450
v -1.792726 35.999996 -6.397450
v -1.792726 32.999996 -6.397450
v -2.292726 33.499996 -6.147450
v -3.514410 35.684288 -6.226082
v -3.552854 35.815704 -6.318817
v -2.239939 35.821110 -6.308007
v -2.382168 35.678883 -6.236893
v -6.328663 35.684273 3.408642
v -6.421337 35.815720 3.446998
v -6.410557 35.821110 2.290461
v -6.339443 35.678883 2.432690
v -6.328663 35.684273 -3.408639
v -6.421338 35.815720 -3.446995
v -5.562539 35.821110 -4.291526
v -5.512225 35.678883 -4.241269
v -3.514409 35.684288 6.226086
v -3.552853 35.815704 6.318821
v -4.395871 35.821110 5.459537
v -4.345557 35.678883 5.409280
v -4.345558 35.678883 -5.409276
v -4.395872 35.821110 -5.459533
v -3.552854 35.815704 -6.318817
v -3.514410 35.684288 -6.226082
v -5.512225 35.678883 -4.241269
v -5.562539 35.821110 -4.291526
v -4.395872 35.821110 -5.459533
v -4.345558 35.678883 -5.409276
v -5.512224 35.678883 4.241272
v -5.562538 35.821110 4.291530
v -6.421337 35.815720 3.446998
v -6.328663 35.684273 3.408642
v -4.345557 35.678883 5.409280
v -4.395871 35.821110 5.459537
v -5.562538 35.821110 4.291530
v -5.512224 35.678883 4.241272
v -2.382168 35.678883 6.236896
v -2.239938 35.821110 6.308010
v -3.552853 35.815704 6.318821
v -3.514409 35.684288 6.226086
v -2.292725 41.499996 5.647453
v -1.792725 40.999996 5.897453
v -1.792725 43.999996 5.897453
v -2.292725 43.499996 5.647453
v -6.339443 35.678883 -2.432687
v -6.410557 35.821110 -2.290458
v -6.421338 35.815720 -3.446995
v -6.328663 35.684273 -3.408639
v -5.750000 43.499996 2.343247
v -6.000000 43.999996 1.843248
v -6.000000 40.999996 1.843248
v -5.750000 41.499996 2.343247
v -5.750000 41.499996 -3.169143
v -6.000000 40.999996 -3.272613
v -6.000000 40.999996 -1.843244
v -5.750000 41.499996 -2.343244
v -3.514410 39.684288 -6.226082
v -3.552854 39.815704 -6.318817
v -2.239939 39.821110 -6.308007
v -2.382168 39.678883 -6.236893
v -3.274538 41.499996 5.647453
v -3.378175 40.999996 5.897453
v -1.792725 40.999996 5.897453
v -2.292725 41.499996 5.647453
v -5.095185 41.499996 3.824714
v -5.272063 40.999996 4.001389
v -4.105397 40.999996 5.169396
v -3.928519 41.499996 4.992721
v -5.750000 41.499996 3.169146
v -6.000000 40.999996 3.272616
v -5.272063 40.999996 4.001389
v -5.095185 41.499996 3.824714
v -3.928520 41.499996 -4.992716
v -4.105398 40.999996 -5.169392
v -5.272065 40.999996 -4.001384
v -5.095187 41.499996 -3.824709
v -3.274539 41.499996 -5.647449
v -3.378176 40.999996 -5.897449
v -4.105398 40.999996 -5.169392
v -3.928520 41.499996 -4.992716
v -3.928519 41.499996 4.992721
v -4.105397 40.999996 5.169396
v -3.378175 40.999996 5.897453
v -3.274538 41.499996 5.647453
v -5.095187 41.499996 -3.824709
v -5.272065 40.999996 -4.001384
v -6.000000 40.999996 -3.272613
v -5.750000 41.499996 -3.169143
v -5.750000 41.499996 2.343247
v -6.000000 40.999996 1.843248
v -6.000000 40.999996 3.272616
v -5.750000 41.499996 3.169146
v -2.292726 41.499996 -5.647450
v -1.792726 40.999996 -5.897450
v -3.378176 40.999996 -5.897449
v -3.274539 41.499996 -5.647449
v -3.991800 43.678883 5.055930
v -4.042115 43.821110 5.106187
v -5.208781 43.821110 3.938179
v -5.158467 43.678883 3.887923
v -3.307135 43.684288 5.726086
v -3.345578 43.815704 5.818821
v -4.042115 43.821110 5.106187
v -3.991800 43.678883 5.055930
v -2.292726 43.499996 -5.647450
v -1.792726 43.999996 -5.897450
v -1.792726 40.999996 -5.897450
v -2.292726 41.499996 -5.647450
v -5.750000 41.499996 -2.343244
v -6.000000 40.999996 -1.843244
v -6.000000 43.999996 -1.843244
v -5.750000 43.499996 -2.343244
v -3.307136 43.684288 -5.726082
v -3.345579 43.815704 -5.818817
v -2.239939 43.821110 -5.808007
v -2.382168 43.678883 -5.736893
v -3.991802 43.678883 -5.055925
v -4.042116 43.821110 -5.106183
v -3.345579 43.815704 -5.818817
v -3.307136 43.684288 -5.726082
v -5.158469 43.678883 -3.887919
v -5.208783 43.821110 -3.938175
v -4.042116 43.821110 -5.106183
v -3.991802 43.678883 -5.055925
v -6.339443 39.678883 -2.432687
v -6.410557 39.821110 -2.290458
v -6.421338 39.815720 -3.446995
v -6.328663 39.684273 -3.408639
v -5.839443 43.678883 -2.432687
v -5.910557 43.821110 -2.290458
v -5.921338 43.815720 -3.240056
v -5.828663 43.684273 -3.201700
v -2.382168 43.678883 5.736896
v -2.239938 43.821110 5.808010
v -3.345578 43.815704 5.818821
v -3.307135 43.684288 5.726086
v -5.158467 43.678883 3.887923
v -5.208781 43.821110 3.938179
v -5.921337 43.815720 3.240059
v -5.828663 43.684273 3.201703
v -5.828663 43.684273 -3.201700
v -5.921338 43.815720 -3.240056
v -5.208783 43.821110 -3.938175
v -5.158469 43.678883 -3.887919
v -5.828663 43.684273 3.201703
v -5.921337 43.815720 3.240059
v -5.910557 43.821110 2.290461
v -5.839443 43.678883 2.432690
v -2.382168 39.678883 6.236896
v -2.239938 39.821110 6.308010
v -3.552853 39.815704 6.318821
v -3.514409 39.684288 6.226086
v -4.345557 39.678883 5.409280
v -4.395871 39.821110 5.459537
v -5.562538 39.821110 4.291530
v -5.512224 39.678883 4.241272
v -5.512224 39.678883 4.241272
v -5.562538 39.821110 4.291530
v -6.421337 39.815720 3.446998
v -6.328663 39.684273 3.408642
v -5.512225 39.678883 -4.241269
v -5.562539 39.821110 -4.291526
v -4.395872 39.821110 -5.459533
v -4.345558 39.678883 -5.409276
v -4.345558 39.678883 -5.409276
v -4.395872 39.821110 -5.459533
v -3.552854 39.815704 -6.318817
v -3.514410 39.684288 -6.226082
v -3.514409 39.684288 6.226086
v -3.552853 39.815704 6.318821
v -4.395871 39.821110 5.459537
v -4.345557 39.678883 5.409280
v -6.328663 39.684273 -3.408639
v -6.421338 39.815720 -3.446995
v -5.562539 39.821110 -4.291526
v -5.512225 39.678883 -4.241269
v -6.328663 39.684273 3.408642
v -6.421337 39.815720 3.446998
v -6.410557 39.821110 2.290461
v -6.339443 39.678883 2.432690
v -2.292726 37.499996 -6.147450
v -1.792726 36.999996 -6.397450
v -3.585451 36.999996 -6.397449
v -3.481813 37.499996 -6.147449
v -6.250000 37.499996 2.343247
v -6.500000 36.999996 1.843248
v -6.500000 36.999996 3.479555
v -6.250000 37.499996 3.376085
v -5.448943 37.499996 -4.178060
v -5.625821 36.999996 -4.354735
v -6.500000 36.999996 -3.479552
v -6.250000 37.499996 -3.376083
v -4.282275 37.499996 5.346071
v -4.459153 36.999996 5.522746
v -3.585450 36.999996 6.397453
v -3.481812 37.499996 6.147453
v -3.481813 37.499996 -6.147449
v -3.585451 36.999996 -6.397449
v -4.459154 36.999996 -5.522742
v -4.282276 37.499996 -5.346066
v -4.282276 37.499996 -5.346066
v -4.459154 36.999996 -5.522742
v -5.625821 36.999996 -4.354735
v -5.448943 37.499996 -4.178060
v -6.250000 37.499996 3.376085
v -6.500000 36.999996 3.479555
v -5.625820 36.999996 4.354739
v -5.448942 37.499996 4.178063
v -5.448942 37.499996 4.178063
v -5.625820 36.999996 4.354739
v -4.459153 36.999996 5.522746
v -4.282275 37.499996 5.346071
v -3.481812 37.499996 6.147453
v -3.585450 36.999996 6.397453
v -1.792725 36.999996 6.397453
v -2.292725 37.499996 6.147453
v -6.250000 37.499996 -3.376083
v -6.500000 36.999996 -3.479552
v -6.500000 36.999996 -1.843245
v -6.250000 37.499996 -2.343245
v -2.292726 39.499996 -6.147450
v -1.792726 39.999996 -6.397450
v -1.792726 36.999996 -6.397450
v -2.292726 37.499996 -6.147450
v -3.991800 47.678883 5.055930
v -4.042115 47.821110 5.106187
v -5.208781 47.821110 3.938180
v -5.158467 47.678883 3.887923
v -3.307135 47.684288 5.726086
v -3.345578 47.815704 5.818821
v -4.042115 47.821110 5.106187
v -3.991800 47.678883 5.055930
v -3.307136 47.684288 -5.726082
v -3.345579 47.815704 -5.818817
v -2.239939 47.821110 -5.808007
v -2.382168 47.678883 -5.736893
v -3.991802 47.678883 -5.055925
v -4.042116 47.821110 -5.106183
v -3.345579 47.815704 -5.818817
v -3.307136 47.684288 -5.726082
v -5.158469 47.678883 -3.887918
v -5.208783 47.821110 -3.938175
v -4.042116 47.821110 -5.106183
v -3.991802 47.678883 -5.055925
v -5.839443 47.678883 -2.432687
v -5.910557 47.821110 -2.290458
v -5.921338 47.815720 -3.240056
v -5.828663 47.684273 -3.201700
v -2.382168 47.678883 5.736896
v -2.239938 47.821110 5.808010
v -3.345578 47.815704 5.818821
v -3.307135 47.684288 5.726086
v -5.158467 47.678883 3.887923
v -5.208781 47.821110 3.938180
v -5.921337 47.815720 3.240059
v -5.828663 47.684273 3.201703
v -5.828663 47.684273 -3.201700
v -5.921338 47.815720 -3.240056
v -5.208783 47.821110 -3.938175
v -5.158469 47.678883 -3.887918
v -5.828663 47.684273 3.201703
v -5.921337 47.815720 3.240059
v -5.910557 47.821110 2.290461
v -5.839443 47.678883 2.432690
v -6.250000 39.499996 2.343247
v -6.500000 39.999996 1.843248
v -6.500000 36.999996 1.843248
v -6.250000 37.499996 2.343247
v -2.292725 37.499996 6.147453
v -1.792725 36.999996 6.397453
v -1.792725 39.999996 6.397453
v -2.292725 39.499996 6.147453
v -6.250000 37.499996 -2.343245
v -6.500000 36.999996 -1.843245
v -6.500000 39.999996 -1.843245
v -6.250000 39.499996 -2.343244
v -5.750000 45.499996 2.343248
v -6.000000 44.999996 1.843248
v -6.000000 44.999996 3.272616
v -5.750000 45.499996 3.169147
v -5.095187 45.499996 -3.824709
v -5.272065 44.999996 -4.001384
v -6.000000 44.999996 -3.272613
v -5.750000 45.499996 -3.169143
v -5.750000 45.499996 3.169147
v -6.000000 44.999996 3.272616
v -5.272063 44.999996 4.001389
v -5.095185 45.499996 3.824714
v -2.292726 47.499996 -5.647450
v -1.792726 47.999996 -5.897450
v -1.792726 44.999996 -5.897450
v -2.292726 45.499996 -5.647450
v -5.750000 47.499996 2.343248
v -6.000000 47.999996 1.843248
v -6.000000 44.999996 1.843248
v -5.750000 45.499996 2.343248
v -3.274538 45.499996 5.647453
v -3.378175 44.999996 5.897453
v -1.792725 44.999996 5.897453
v -2.292725 45.499996 5.647453
v -5.750000 45.499996 -3.169143
v -6.000000 44.999996 -3.272613
v -6.000000 44.999996 -1.843244
v -5.750000 45.499996 -2.343244
v -3.928520 45.499996 -4.992716
v -4.105398 44.999996 -5.169392
v -5.272065 44.999996 -4.001384
v -5.095187 45.499996 -3.824709
v -3.274539 45.499996 -5.647449
v -3.378176 44.999996 -5.897449
v -4.105398 44.999996 -5.169392
v -3.928520 45.499996 -4.992716
v -2.292726 45.499996 -5.647450
v -1.792726 44.999996 -5.897450
v -3.378176 44.999996 -5.897449
v -3.274539 45.499996 -5.647449
v -5.750000 45.499996 -2.343244
v -6.000000 44.999996 -1.843244
v -6.000000 47.999996 -1.843244
v -5.750000 47.499996 -2.343244
v -3.928519 45.499996 4.992721
v -4.105397 44.999996 5.169396
v -3.378175 44.999996 5.897453
v -3.274538 45.499996 5.647453
v -5.095185 45.499996 3.824714
v -5.272063 44.999996 4.001389
v -4.105397 44.999996 5.169396
v -3.928519 45.499996 4.992721
v -2.292725 45.499996 5.647453
v -1.792725 44.999996 5.897453
v -1.792725 47.999996 5.897453
v -2.292725 47.499996 5.647453
v -3.967403 7.815709 -7.318818
v -4.000000 8.000000 -7.397450
v -2.000000 8.000000 -7.397451
v -2.447214 7.821115 -7.308008
v -7.421337 7.815724 3.860874
v -7.500000 8.000000 3.893431
v -7.500000 8.000000 1.946716
v -7.410557 7.821114 2.393929
v -7.421338 7.815724 -3.860873
v -7.500000 8.000000 -3.893430
v -6.333334 8.000000 -5.061437
v -6.270052 7.821114 -4.998228
v -3.967402 7.815708 7.318820
v -4.000000 7.999999 7.397452
v -5.166666 8.000000 6.229445
v -5.103384 7.821114 6.166236
v -3.967403 11.815708 -7.318818
v -4.000000 11.999999 -7.397450
v -2.000000 11.999999 -7.397451
v -2.447214 11.821114 -7.308008
v -7.421337 11.815723 3.860875
v -7.500000 11.999999 3.893431
v -7.500000 11.999999 1.946716
v -7.410557 11.821114 2.393930
v -7.421338 11.815723 -3.860873
v -7.500000 11.999999 -3.893430
v -6.333334 11.999999 -5.061437
v -6.270052 11.821114 -4.998228
v -3.967402 11.815708 7.318820
v -4.000000 11.999999 7.397452
v -5.166666 11.999999 6.229445
v -5.103384 11.821114 6.166236
v -3.967403 15.815708 -7.318818
v -4.000000 15.999999 -7.397450
v -2.000000 15.999999 -7.397451
v -2.447214 15.821114 -7.308008
v -7.421337 15.815723 3.860875
v -7.500000 15.999999 3.893431
v -7.500000 15.999999 1.946716
v -7.410557 15.821114 2.393930
v -7.421338 15.815723 -3.860873
v -7.500000 15.999999 -3.893430
v -6.333334 15.999999 -5.061437
v -6.270052 15.821114 -4.998228
v -3.967403 15.815708 7.318820
v -4.000000 15.999999 7.397452
v -5.166667 15.999999 6.229445
v -5.103384 15.821114 6.166236
v -5.103385 7.821114 -6.166234
v -5.166667 8.000000 -6.229444
v -4.000000 8.000000 -7.397450
v -3.967403 7.815709 -7.318818
v -6.270052 7.821114 -4.998228
v -6.333334 8.000000 -5.061437
v -5.166667 8.000000 -6.229444
v -5.103385 7.821114 -6.166234
v -6.270051 7.821114 4.998230
v -6.333333 8.000000 5.061439
v -7.500000 8.000000 3.893431
v -7.421337 7.815724 3.860874
v -5.103384 7.821114 6.166236
v -5.166666 8.000000 6.229445
v -6.333333 8.000000 5.061439
v -6.270051 7.821114 4.998230
v -5.103385 11.821114 -6.166234
v -5.166667 11.999999 -6.229444
v -4.000000 11.999999 -7.397450
v -3.967403 11.815708 -7.318818
v -6.270052 11.821114 -4.998228
v -6.333334 11.999999 -5.061437
v -5.166667 11.999999 -6.229444
v -5.103385 11.821114 -6.166234
v -6.270051 11.821114 4.998230
v -6.333333 11.999999 5.061439
v -7.500000 11.999999 3.893431
v -7.421337 11.815723 3.860875
v -5.103384 11.821114 6.166236
v -5.166666 11.999999 6.229445
v -6.333333 11.999999 5.061439
v -6.270051 11.821114 4.998230
v -5.103385 15.821114 -6.166234
v -5.166667 15.999999 -6.229444
v -4.000000 15.999999 -7.397450
v -3.967403 15.815708 -7.318818
v -6.270052 15.821114 -4.998228
v -6.333334 15.999999 -5.061437
v -5.166667 15.999999 -6.229444
v -5.103385 15.821114 -6.166234
v -6.270051 15.821114 4.998230
v -6.333333 15.999999 5.061439
v -7.500000 15.999999 3.893431
v -7.421337 15.815723 3.860875
v -5.103384 15.821114 6.166236
v -5.166667 15.999999 6.229445
v -6.333333 15.999999 5.061439
v -6.270051 15.821114 4.998230
v -3.760129 19.815708 -6.818818
v -3.792726 19.999998 -6.897450
v -1.896363 19.999998 -6.897451
v -2.343576 19.821114 -6.808008
v -6.921337 19.815723 3.653936
v -7.000000 19.999998 3.686493
v -7.000000 19.999998 1.843247
v -6.910557 19.821114 2.290460
v -6.921338 19.815723 -3.653934
v -7.000000 19.999998 -3.686491
v -5.979578 19.999998 -4.708086
v -5.916296 19.821114 -4.644877
v -3.760128 19.815708 6.818820
v -3.792725 19.999998 6.897452
v -4.812911 19.999998 5.876101
v -4.749629 19.821112 5.812892
v -4.749629 19.821114 -5.812884
v -4.812911 19.999998 -5.876093
v -3.792726 19.999998 -6.897450
v -3.760129 19.815708 -6.818818
v -5.916296 19.821114 -4.644877
v -5.979578 19.999998 -4.708086
v -4.812911 19.999998 -5.876093
v -4.749629 19.821114 -5.812884
v -5.916295 19.821114 4.644880
v -5.979577 19.999998 4.708089
v -7.000000 19.999998 3.686493
v -6.921337 19.815723 3.653936
v -4.749629 19.821112 5.812892
v -4.812911 19.999998 5.876101
v -5.979577 19.999998 4.708089
v -5.916295 19.821114 4.644880
v -3.760129 23.815708 -6.818818
v -3.792726 23.999998 -6.897450
v -1.896363 23.999998 -6.897450
v -2.343576 23.821114 -6.808008
v -6.921337 23.815723 3.653936
v -7.000000 23.999998 3.686493
v -7.000000 23.999998 1.843247
v -6.910557 23.821114 2.290460
v -6.921338 23.815723 -3.653934
v -7.000000 23.999998 -3.686491
v -5.979578 23.999998 -4.708086
v -5.916296 23.821114 -4.644877
v -3.760128 23.815708 6.818820
v -3.792725 23.999998 6.897453
v -4.812911 23.999998 5.876101
v -4.749629 23.821112 5.812892
v -4.749629 23.821114 -5.812884
v -4.812911 23.999998 -5.876093
v -3.792726 23.999998 -6.897450
v -3.760129 23.815708 -6.818818
v -5.916296 23.821114 -4.644877
v -5.979578 23.999998 -4.708086
v -4.812911 23.999998 -5.876093
v -4.749629 23.821114 -5.812884
v -5.916295 23.821114 4.644880
v -5.979577 23.999998 4.708089
v -7.000000 23.999998 3.686493
v -6.921337 23.815723 3.653936
v -4.749629 23.821112 5.812892
v -4.812911 23.999998 5.876101
v -5.979577 23.999998 4.708089
v -5.916295 23.821114 4.644880
v -3.760129 27.815708 -6.818818
v -3.792726 27.999998 -6.897450
v -1.896363 27.999998 -6.897450
v -2.343576 27.821114 -6.808008
v -6.921337 27.815723 3.653936
v -7.000000 27.999998 3.686493
v -7.000000 27.999998 1.843247
v -6.910557 27.821114 2.290460
v -6.921338 27.815723 -3.653934
v -7.000000 27.999998 -3.686491
v -5.979578 27.999998 -4.708086
v -5.916296 27.821114 -4.644877
v -3.760128 27.815708 6.818820
v -3.792725 27.999998 6.897453
v -4.812911 27.999998 5.876101
v -4.749629 27.821112 5.812892
v -4.749629 27.821114 -5.812884
v -4.812911 27.999998 -5.876093
v -3.792726 27.999998 -6.897450
v -3.760129 27.815708 -6.818818
v -5.916296 27.821114 -4.644877
v -5.979578 27.999998 -4.708086
v -4.812911 27.999998 -5.876093
v -4.749629 27.821114 -5.812884
v -5.916295 27.821114 4.644880
v -5.979577 27.999998 4.708089
v -7.000000 27.999998 3.686493
v -6.921337 27.815723 3.653936
v -4.749629 27.821112 5.812892
v -4.812911 27.999998 5.876101
v -5.979577 27.999998 4.708089
v -5.916295 27.821114 4.644880
v -2.447213 7.821114 7.308009
v -2.000000 7.999999 7.397452
v -4.000000 7.999999 7.397452
v -3.967402 7.815708 7.318820
v -2.447213 11.821114 7.308009
v -2.000000 11.999999 7.397452
v -4.000000 11.999999 7.397452
v -3.967402 11.815708 7.318820
v -2.447213 15.821114 7.308009
v -2.000000 15.999999 7.397452
v -4.000000 15.999999 7.397452
v -3.967403 15.815708 7.318820
v -2.343576 19.821114 6.808009
v -1.896362 19.999998 6.897452
v -3.792725 19.999998 6.897452
v -3.760128 19.815708 6.818820
v -2.343576 23.821114 6.808010
v -1.896362 23.999998 6.897452
v -3.792725 23.999998 6.897453
v -3.760128 23.815708 6.818820
v -2.343576 27.821114 6.808010
v -1.896362 27.999998 6.897452
v -3.792725 27.999998 6.897453
v -3.760128 27.815708 6.818820
v -7.410557 7.821114 -2.393929
v -7.500000 8.000000 -1.946715
v -7.500000 8.000000 -3.893430
v -7.421338 7.815724 -3.860873
v -7.410557 11.821114 -2.393928
v -7.500000 11.999999 -1.946715
v -7.500000 11.999999 -3.893430
v -7.421338 11.815723 -3.860873
v -7.410557 15.821114 -2.393928
v -7.500000 15.999999 -1.946715
v -7.500000 15.999999 -3.893430
v -7.421338 15.815723 -3.860873
v -6.910557 19.821114 -2.290458
v -7.000000 19.999998 -1.843245
v -7.000000 19.999998 -3.686491
v -6.921338 19.815723 -3.653934
v -6.910557 23.821114 -2.290458
v -7.000000 23.999998 -1.843245
v -7.000000 23.999998 -3.686491
v -6.921338 23.815723 -3.653934
v -6.910557 27.821114 -2.290458
v -7.000000 27.999998 -1.843245
v -7.000000 27.999998 -3.686491
v -6.921338 27.815723 -3.653934
v -2.589443 7.678885 -7.236894
v -2.500000 7.500000 -7.147451
v -3.896363 7.500000 -7.147450
v -3.928960 7.684291 -7.226083
v -7.339443 7.678885 2.536159
v -7.250000 7.500000 2.446716
v -7.250000 7.500000 3.789962
v -7.328663 7.684275 3.822519
v -6.219738 7.678885 -4.947970
v -6.156456 7.500000 -4.884761
v -7.250000 7.500000 -3.789961
v -7.328663 7.684275 -3.822518
v -5.053070 7.678885 6.115979
v -4.989788 7.500000 6.052770
v -3.896362 7.499999 7.147452
v -3.928959 7.684290 7.226085
v -2.589443 11.678885 -7.236894
v -2.500000 11.499999 -7.147451
v -3.896363 11.499999 -7.147450
v -3.928960 11.684290 -7.226083
v -7.339443 11.678885 2.536159
v -7.250000 11.499999 2.446716
v -7.250000 11.499999 3.789962
v -7.328663 11.684275 3.822519
v -6.219738 11.678885 -4.947970
v -6.156456 11.499999 -4.884761
v -7.250000 11.499999 -3.789961
v -7.328663 11.684275 -3.822517
v -5.053070 11.678885 6.115979
v -4.989788 11.499999 6.052770
v -3.896362 11.499999 7.147452
v -3.928959 11.684290 7.226085
v -2.589443 15.678885 -7.236894
v -2.500000 15.499999 -7.147451
v -3.896363 15.499999 -7.147450
v -3.928960 15.684290 -7.226083
v -7.339443 15.678885 2.536159
v -7.250000 15.499999 2.446716
v -7.250000 15.499999 3.789962
v -7.328663 15.684275 3.822519
v -6.219738 15.678885 -4.947970
v -6.156456 15.499999 -4.884761
v -7.250000 15.499999 -3.789961
v -7.328663 15.684275 -3.822517
v -5.053071 15.678885 6.115979
v -4.989789 15.499999 6.052770
v -3.896362 15.499999 7.147452
v -3.928959 15.684290 7.226085
v -3.928960 7.684291 -7.226083
v -3.896363 7.500000 -7.147450
v -4.989789 7.500000 -6.052768
v -5.053071 7.678885 -6.115977
v -5.053071 7.678885 -6.115977
v -4.989789 7.500000 -6.052768
v -6.156456 7.500000 -4.884761
v -6.219738 7.678885 -4.947970
v -7.328663 7.684275 3.822519
v -7.250000 7.500000 3.789962
v -6.156455 7.500000 4.884763
v -6.219737 7.678885 4.947972
v -6.219737 7.678885 4.947972
v -6.156455 7.500000 4.884763
v -4.989788 7.500000 6.052770
v -5.053070 7.678885 6.115979
v -3.928960 11.684290 -7.226083
v -3.896363 11.499999 -7.147450
v -4.989789 11.499999 -6.052768
v -5.053071 11.678885 -6.115977
v -5.053071 11.678885 -6.115977
v -4.989789 11.499999 -6.052768
v -6.156456 11.499999 -4.884761
v -6.219738 11.678885 -4.947970
v -7.328663 11.684275 3.822519
v -7.250000 11.499999 3.789962
v -6.156455 11.499999 4.884763
v -6.219737 11.678885 4.947972
v -6.219737 11.678885 4.947972
v -6.156455 11.499999 4.884763
v -4.989788 11.499999 6.052770
v -5.053070 11.678885 6.115979
v -3.928960 15.684290 -7.226083
v -3.896363 15.499999 -7.147450
v -4.989789 15.499999 -6.052768
v -5.053071 15.678885 -6.115977
v -5.053071 15.678885 -6.115977
v -4.989789 15.499999 -6.052768
v -6.156456 15.499999 -4.884761
v -6.219738 15.678885 -4.947970
v -7.328663 15.684275 3.822519
v -7.250000 15.499999 3.789962
v -6.156455 15.499999 4.884763
v -6.219737 15.678885 4.947972
v -6.219737 15.678885 4.947972
v -6.156455 15.499999 4.884763
v -4.989789 15.499999 6.052770
v -5.053071 15.678885 6.115979
v -2.485806 19.678883 -6.736894
v -2.396363 19.499998 -6.647451
v -3.689088 19.499998 -6.647450
v -3.721685 19.684288 -6.726083
v -6.839443 19.678883 2.432689
v -6.750000 19.499998 2.343247
v -6.750000 19.499998 3.583024
v -6.828663 19.684273 3.615580
v -5.865982 19.678885 -4.594620
v -5.802700 19.499998 -4.531411
v -6.750000 19.499998 -3.583022
v -6.828663 19.684273 -3.615578
v -4.699315 19.678883 5.762635
v -4.636033 19.499998 5.699426
v -3.689088 19.499998 6.647452
v -3.721684 19.684288 6.726085
v -3.721685 19.684288 -6.726083
v -3.689088 19.499998 -6.647450
v -4.636033 19.499998 -5.699418
v -4.699315 19.678883 -5.762627
v -4.699315 19.678883 -5.762627
v -4.636033 19.499998 -5.699418
v -5.802700 19.499998 -4.531411
v -5.865982 19.678885 -4.594620
v -6.828663 19.684273 3.615580
v -6.750000 19.499998 3.583024
v -5.802698 19.499998 4.531414
v -5.865980 19.678883 4.594623
v -5.865980 19.678883 4.594623
v -5.802698 19.499998 4.531414
v -4.636033 19.499998 5.699426
v -4.699315 19.678883 5.762635
v -2.485806 23.678883 -6.736893
v -2.396363 23.499998 -6.647450
v -3.689088 23.499998 -6.647450
v -3.721685 23.684288 -6.726082
v -6.839443 23.678883 2.432689
v -6.750000 23.499998 2.343247
v -6.750000 23.499998 3.583024
v -6.828663 23.684273 3.615580
v -5.865982 23.678885 -4.594620
v -5.802700 23.499998 -4.531411
v -6.750000 23.499998 -3.583022
v -6.828663 23.684273 -3.615578
v -4.699315 23.678883 5.762635
v -4.636033 23.499998 5.699426
v -3.689088 23.499998 6.647453
v -3.721684 23.684288 6.726085
v -3.721685 23.684288 -6.726082
v -3.689088 23.499998 -6.647450
v -4.636033 23.499998 -5.699418
v -4.699315 23.678883 -5.762627
v -4.699315 23.678883 -5.762627
v -4.636033 23.499998 -5.699418
v -5.802700 23.499998 -4.531411
v -5.865982 23.678885 -4.594620
v -6.828663 23.684273 3.615580
v -6.750000 23.499998 3.583024
v -5.802698 23.499998 4.531415
v -5.865980 23.678883 4.594624
v -5.865980 23.678883 4.594624
v -5.802698 23.499998 4.531415
v -4.636033 23.499998 5.699426
v -4.699315 23.678883 5.762635
v -2.485806 27.678883 -6.736893
v -2.396363 27.499998 -6.647450
v -3.689088 27.499998 -6.647450
v -3.721685 27.684288 -6.726082
v -6.839443 27.678883 2.432690
v -6.750000 27.499998 2.343247
v -6.750000 27.499998 3.583024
v -6.828663 27.684273 3.615581
v -5.865982 27.678885 -4.594620
v -5.802700 27.499998 -4.531411
v -6.750000 27.499998 -3.583021
v -6.828663 27.684273 -3.615578
v -4.699315 27.678883 5.762635
v -4.636033 27.499998 5.699426
v -3.689088 27.499998 6.647453
v -3.721684 27.684288 6.726085
v -3.721685 27.684288 -6.726082
v -3.689088 27.499998 -6.647450
v -4.636033 27.499998 -5.699418
v -4.699315 27.678883 -5.762627
v -4.699315 27.678883 -5.762627
v -4.636033 27.499998 -5.699418
v -5.802700 27.499998 -4.531411
v -5.865982 27.678885 -4.594620
v -6.828663 27.684273 3.615581
v -6.750000 27.499998 3.583024
v -5.802698 27.499998 4.531415
v -5.865980 27.678883 4.594624
v -5.865980 27.678883 4.594624
v -5.802698 27.499998 4.531415
v -4.636033 27.499998 5.699426
v -4.699315 27.678883 5.762635
v -3.928959 7.684290 7.226085
v -3.896362 7.499999 7.147452
v -2.500000 7.499999 7.147452
v -2.589442 7.678885 7.236895
v -3.928959 11.684290 7.226085
v -3.896362 11.499999 7.147452
v -2.500000 11.499999 7.147452
v -2.589442 11.678885 7.236895
v -3.928959 15.684290 7.226085
v -3.896362 15.499999 7.147452
v -2.500000 15.499999 7.147452
v -2.589442 15.678885 7.236895
v -3.721684 19.684288 6.726085
v -3.689088 19.499998 6.647452
v -2.396362 19.499998 6.647452
v -2.485805 19.678883 6.736895
v -3.721684 23.684288 6.726085
v -3.689088 23.499998 6.647453
v -2.396362 23.499998 6.647452
v -2.485805 23.678883 6.736895
v -3.721684 27.684288 6.726085
v -3.689088 27.499998 6.647453
v -2.396362 27.499998 6.647452
v -2.485805 27.678883 6.736895
v -7.328663 7.684275 -3.822518
v -7.250000 7.500000 -3.789961
v -7.250000 7.500000 -2.446715
v -7.339443 7.678885 -2.536158
v -7.328663 11.684275 -3.822517
v -7.250000 11.499999 -3.789961
v -7.250000 11.499999 -2.446715
v -7.339443 11.678885 -2.536157
v -7.328663 15.684275 -3.822517
v -7.250000 15.499999 -3.789961
v -7.250000 15.499999 -2.446715
v -7.339443 15.678885 -2.536157
v -6.828663 19.684273 -3.615578
v -6.750000 19.499998 -3.583022
v -6.750000 19.499998 -2.343245
v -6.839443 19.678883 -2.432688
v -6.828663 23.684273 -3.615578
v -6.750000 23.499998 -3.583022
v -6.750000 23.499998 -2.343245
v -6.839443 23.678883 -2.432688
v -6.828663 27.684273 -3.615578
v -6.750000 27.499998 -3.583021
v -6.750000 27.499998 -2.343245
v -6.839443 27.678883 -2.432687
v -2.447214 7.821115 -7.308008
v -2.000000 8.000000 -7.397451
v -2.500000 7.500000 -7.147451
v -2.589443 7.678885 -7.236894
v -7.410557 7.821114 2.393929
v -7.500000 8.000000 1.946716
v -7.250000 7.500000 2.446716
v -7.339443 7.678885 2.536159
v -2.447214 11.821114 -7.308008
v -2.000000 11.999999 -7.397451
v -2.500000 11.499999 -7.147451
v -2.589443 11.678885 -7.236894
v -7.410557 11.821114 2.393930
v -7.500000 11.999999 1.946716
v -7.250000 11.499999 2.446716
v -7.339443 11.678885 2.536159
v -2.447214 15.821114 -7.308008
v -2.000000 15.999999 -7.397451
v -2.500000 15.499999 -7.147451
v -2.589443 15.678885 -7.236894
v -7.410557 15.821114 2.393930
v -7.500000 15.999999 1.946716
v -7.250000 15.499999 2.446716
v -7.339443 15.678885 2.536159
v -2.343576 19.821114 -6.808008
v -1.896363 19.999998 -6.897451
v -2.396363 19.499998 -6.647451
v -2.485806 19.678883 -6.736894
v -6.910557 19.821114 2.290460
v -7.000000 19.999998 1.843247
v -6.750000 19.499998 2.343247
v -6.839443 19.678883 2.432689
v -2.343576 23.821114 -6.808008
v -1.896363 23.999998 -6.897450
v -2.396363 23.499998 -6.647450
v -2.485806 23.678883 -6.736893
v -6.910557 23.821114 2.290460
v -7.000000 23.999998 1.843247
v -6.750000 23.499998 2.343247
v -6.839443 23.678883 2.432689
v -2.343576 27.821114 -6.808008
v -1.896363 27.999998 -6.897450
v -2.396363 27.499998 -6.647450
v -2.485806 27.678883 -6.736893
v -6.910557 27.821114 2.290460
v -7.000000 27.999998 1.843247
v -6.750000 27.499998 2.343247
v -6.839443 27.678883 2.432690
v -2.589442 7.678885 7.236895
v -2.500000 7.499999 7.147452
v -2.000000 7.999999 7.397452
v -2.447213 7.821114 7.308009
v -2.589442 11.678885 7.236895
v -2.500000 11.499999 7.147452
v -2.000000 11.999999 7.397452
v -2.447213 11.821114 7.308009
v -2.589442 15.678885 7.236895
v -2.500000 15.499999 7.147452
v -2.000000 15.999999 7.397452
v -2.447213 15.821114 7.308009
v -2.485805 19.678883 6.736895
v -2.396362 19.499998 6.647452
v -1.896362 19.999998 6.897452
v -2.343576 19.821114 6.808009
v -2.485805 23.678883 6.736895
v -2.396362 23.499998 6.647452
v -1.896362 23.999998 6.897452
v -2.343576 23.821114 6.808010
v -2.485805 27.678883 6.736895
v -2.396362 27.499998 6.647452
v -1.896362 27.999998 6.897452
v -2.343576 27.821114 6.808010
v -7.339443 7.678885 -2.536158
v -7.250000 7.500000 -2.446715
v -7.500000 8.000000 -1.946715
v -7.410557 7.821114 -2.393929
v -7.339443 11.678885 -2.536157
v -7.250000 11.499999 -2.446715
v -7.500000 11.999999 -1.946715
v -7.410557 11.821114 -2.393928
v -7.339443 15.678885 -2.536157
v -7.250000 15.499999 -2.446715
v -7.500000 15.999999 -1.946715
v -7.410557 15.821114 -2.393928
v -6.839443 19.678883 -2.432688
v -6.750000 19.499998 -2.343245
v -7.000000 19.999998 -1.843245
v -6.910557 19.821114 -2.290458
v -6.839443 23.678883 -2.432688
v -6.750000 23.499998 -2.343245
v -7.000000 23.999998 -1.843245
v -6.910557 23.821114 -2.290458
v -6.839443 27.678883 -2.432687
v -6.750000 27.499998 -2.343245
v -7.000000 27.999998 -1.843245
v -6.910557 27.821114 -2.290458
v -3.552854 31.815708 -6.318818
v -3.585451 31.999998 -6.397450
v -1.792726 31.999998 -6.397450
v -2.239939 31.821114 -6.308008
v -6.421337 31.815723 3.446998
v -6.500000 31.999998 3.479555
v -6.500000 31.999998 1.843247
v -6.410557 31.821114 2.290461
v -6.421338 31.815723 -3.446995
v -6.500000 31.999998 -3.479552
v -5.625821 31.999998 -4.354735
v -5.562539 31.821114 -4.291526
v -3.552853 31.815708 6.318820
v -3.585450 31.999998 6.397453
v -4.459153 31.999998 5.522746
v -4.395871 31.821114 5.459537
v -4.395872 31.821114 -5.459533
v -4.459154 31.999998 -5.522742
v -3.585451 31.999998 -6.397450
v -3.552854 31.815708 -6.318818
v -5.562539 31.821114 -4.291526
v -5.625821 31.999998 -4.354735
v -4.459154 31.999998 -5.522742
v -4.395872 31.821114 -5.459533
v -5.562538 31.821112 4.291529
v -5.625820 31.999998 4.354738
v -6.500000 31.999998 3.479555
v -6.421337 31.815723 3.446998
v -4.395871 31.821114 5.459537
v -4.459153 31.999998 5.522746
v -5.625820 31.999998 4.354738
v -5.562538 31.821112 4.291529
v -2.239938 31.821112 6.308010
v -1.792725 31.999998 6.397452
v -3.585450 31.999998 6.397453
v -3.552853 31.815708 6.318820
v -6.410557 31.821112 -2.290458
v -6.500000 31.999998 -1.843245
v -6.500000 31.999998 -3.479552
v -6.421338 31.815723 -3.446995
v -3.552854 35.815704 -6.318817
v -3.585451 35.999996 -6.397449
v -1.792726 35.999996 -6.397450
v -2.239939 35.821110 -6.308007
v -6.421337 35.815720 3.446998
v -6.500000 35.999996 3.479555
v -6.500000 35.999996 1.843247
v -6.410557 35.821110 2.290461
v -6.421338 35.815720 -3.446995
v -6.500000 35.999996 -3.479552
v -5.625821 35.999996 -4.354735
v -5.562539 35.821110 -4.291526
v -3.552853 35.815704 6.318821
v -3.585450 35.999996 6.397453
v -4.459153 35.999996 5.522746
v -4.395871 35.821110 5.459537
v -4.395872 35.821110 -5.459533
v -4.459154 35.999996 -5.522742
v -3.585451 35.999996 -6.397449
v -3.552854 35.815704 -6.318817
v -5.562539 35.821110 -4.291526
v -5.625821 35.999996 -4.354735
v -4.459154 35.999996 -5.522742
v -4.395872 35.821110 -5.459533
v -5.562538 35.821110 4.291530
v -5.625820 35.999996 4.354739
v -6.500000 35.999996 3.479555
v -6.421337 35.815720 3.446998
v -4.395871 35.821110 5.459537
v -4.459153 35.999996 5.522746
v -5.625820 35.999996 4.354739
v -5.562538 35.821110 4.291530
v -2.239938 35.821110 6.308010
v -1.792725 35.999996 6.397453
v -3.585450 35.999996 6.397453
v -3.552853 35.815704 6.318821
v -6.410557 35.821110 -2.290458
v -6.500000 35.999996 -1.843245
v -6.500000 35.999996 -3.479552
v -6.421338 35.815720 -3.446995
v -3.552854 39.815704 -6.318817
v -3.585451 39.999996 -6.397449
v -1.792726 39.999996 -6.397450
v -2.239939 39.821110 -6.308007
v -4.042115 43.821110 5.106187
v -4.105397 43.999996 5.169396
v -5.272063 43.999996 4.001389
v -5.208781 43.821110 3.938179
v -3.345578 43.815704 5.818821
v -3.378175 43.999996 5.897453
v -4.105397 43.999996 5.169396
v -4.042115 43.821110 5.106187
v -3.345579 43.815704 -5.818817
v -3.378176 43.999996 -5.897449
v -1.792726 43.999996 -5.897450
v -2.239939 43.821110 -5.808007
v -4.042116 43.821110 -5.106183
v -4.105398 43.999996 -5.169392
v -3.378176 43.999996 -5.897449
v -3.345579 43.815704 -5.818817
v -5.208783 43.821110 -3.938175
v -5.272065 43.999996 -4.001384
v -4.105398 43.999996 -5.169392
v -4.042116 43.821110 -5.106183
v -6.410557 39.821110 -2.290458
v -6.500000 39.999996 -1.843245
v -6.500000 39.999996 -3.479552
v -6.421338 39.815720 -3.446995
v -5.910557 43.821110 -2.290458
v -6.000000 43.999996 -1.843244
v -6.000000 43.999996 -3.272613
v -5.921338 43.815720 -3.240056
v -2.239938 43.821110 5.808010
v -1.792725 43.999996 5.897453
v -3.378175 43.999996 5.897453
v -3.345578 43.815704 5.818821
v -5.208781 43.821110 3.938179
v -5.272063 43.999996 4.001389
v -6.000000 43.999996 3.272616
v -5.921337 43.815720 3.240059
v -5.921338 43.815720 -3.240056
v -6.000000 43.999996 -3.272613
v -5.272065 43.999996 -4.001384
v -5.208783 43.821110 -3.938175
v -5.921337 43.815720 3.240059
v -6.000000 43.999996 3.272616
v -6.000000 43.999996 1.843248
v -5.910557 43.821110 2.290461
v -2.239938 39.821110 6.308010
v -1.792725 39.999996 6.397453
v -3.585450 39.999996 6.397453
v -3.552853 39.815704 6.318821
v -4.395871 39.821110 5.459537
v -4.459153 39.999996 5.522746
v -5.625820 39.999996 4.354739
v -5.562538 39.821110 4.291530
v -5.562538 39.821110 4.291530
v -5.625820 39.999996 4.354739
v -6.500000 39.999996 3.479555
v -6.421337 39.815720 3.446998
v -5.562539 39.821110 -4.291526
v -5.625821 39.999996 -4.354735
v -4.459154 39.999996 -5.522742
v -4.395872 39.821110 -5.459533
v -4.395872 39.821110 -5.459533
v -4.459154 39.999996 -5.522742
v -3.585451 39.999996 -6.397449
v -3.552854 39.815704 -6.318817
v -3.552853 39.815704 6.318821
v -3.585450 39.999996 6.397453
v -4.459153 39.999996 5.522746
v -4.395871 39.821110 5.459537
v -6.421338 39.815720 -3.446995
v -6.500000 39.999996 -3.479552
v -5.625821 39.999996 -4.354735
v -5.562539 39.821110 -4.291526
v -6.421337 39.815720 3.446998
v -6.500000 39.999996 3.479555
v -6.500000 39.999996 1.843248
v -6.410557 39.821110 2.290461
v -4.042115 47.821110 5.106187
v -4.105397 47.999996 5.169396
v -5.272063 47.999996 4.001389
v -5.208781 47.821110 3.938180
v -3.345578 47.815704 5.818821
v -3.378175 47.999996 5.897453
v -4.105397 47.999996 5.169396
v -4.042115 47.821110 5.106187
v -3.345579 47.815704 -5.818817
v -3.378176 47.999996 -5.897449
v -1.792726 47.999996 -5.897450
v -2.239939 47.821110 -5.808007
v -4.042116 47.821110 -5.106183
v -4.105398 47.999996 -5.169392
v -3.378176 47.999996 -5.897449
v -3.345579 47.815704 -5.818817
v -5.208783 47.821110 -3.938175
v -5.272065 47.999996 -4.001384
v -4.105398 47.999996 -5.169392
v -4.042116 47.821110 -5.106183
v -5.910557 47.821110 -2.290458
v -6.000000 47.999996 -1.843244
v -6.000000 47.999996 -3.272613
v -5.921338 47.815720 -3.240056
v -2.239938 47.821110 5.808010
v -1.792725 47.999996 5.897453
v -3.378175 47.999996 5.897453
v -3.345578 47.815704 5.818821
v -5.208781 47.821110 3.938180
v -5.272063 47.999996 4.001389
v -6.000000 47.999996 3.272616
v -5.921337 47.815720 3.240059
v -5.921338 47.815720 -3.240056
v -6.000000 47.999996 -3.272613
v -5.272065 47.999996 -4.001384
v -5.208783 47.821110 -3.938175
v -5.921337 47.815720 3.240059
v -6.000000 47.999996 3.272616
v -6.000000 47.999996 1.843248
v -5.910557 47.821110 2.290461
v -2.382168 31.678883 -6.236893
v -2.292726 31.499998 -6.147450
v -3.481813 31.499998 -6.147450
v -3.514410 31.684288 -6.226082
v -6.339443 31.678883 2.432690
v -6.250000 31.499998 2.343247
v -6.250000 31.499998 3.376085
v -6.328663 31.684273 3.408642
v -5.512225 31.678885 -4.241269
v -5.448943 31.499998 -4.178060
v -6.250000 31.499998 -3.376083
v -6.328663 31.684273 -3.408639
v -4.345557 31.678885 5.409279
v -4.282275 31.499998 5.346070
v -3.481812 31.499998 6.147453
v -3.514409 31.684288 6.226085
v -3.514410 31.684288 -6.226082
v -3.481813 31.499998 -6.147450
v -4.282276 31.499998 -5.346067
v -4.345558 31.678883 -5.409276
v -4.345558 31.678883 -5.409276
v -4.282276 31.499998 -5.346067
v -5.448943 31.499998 -4.178060
v -5.512225 31.678885 -4.241269
v -6.328663 31.684273 3.408642
v -6.250000 31.499998 3.376085
v -5.448942 31.499998 4.178063
v -5.512224 31.678885 4.241272
v -5.512224 31.678885 4.241272
v -5.448942 31.499998 4.178063
v -4.282275 31.499998 5.346070
v -4.345557 31.678885 5.409279
v -3.514409 31.684288 6.226085
v -3.481812 31.499998 6.147453
v -2.292725 31.499998 6.147452
v -2.382168 31.678883 6.236895
v -6.328663 31.684273 -3.408639
v -6.250000 31.499998 -3.376083
v -6.250000 31.499998 -2.343245
v -6.339443 31.678883 -2.432687
v -2.382168 35.678883 -6.236893
v -2.292726 35.499996 -6.147450
v -3.481813 35.499996 -6.147449
v -3.514410 35.684288 -6.226082
v -6.339443 35.678883 2.432690
v -6.250000 35.499996 2.343247
v -6.250000 35.499996 3.376085
v -6.328663 35.684273 3.408642
v -5.512225 35.678883 -4.241269
v -5.448943 35.499996 -4.178060
v -6.250000 35.499996 -3.376083
v -6.328663 35.684273 -3.408639
v -4.345557 35.678883 5.409280
v -4.282275 35.499996 5.346071
v -3.481812 35.499996 6.147453
v -3.514409 35.684288 6.226086
v -3.514410 35.684288 -6.226082
v -3.481813 35.499996 -6.147449
v -4.282276 35.499996 -5.346066
v -4.345558 35.678883 -5.409276
v -4.345558 35.678883 -5.409276
v -4.282276 35.499996 -5.346066
v -5.448943 35.499996 -4.178060
v -5.512225 35.678883 -4.241269
v -6.328663 35.684273 3.408642
v -6.250000 35.499996 3.376085
v -5.448942 35.499996 4.178063
v -5.512224 35.678883 4.241272
v -5.512224 35.678883 4.241272
v -5.448942 35.499996 4.178063
v -4.282275 35.499996 5.346071
v -4.345557 35.678883 5.409280
v -3.514409 35.684288 6.226086
v -3.481812 35.499996 6.147453
v -2.292725 35.499996 6.147453
v -2.382168 35.678883 6.236896
v -6.328663 35.684273 -3.408639
v -6.250000 35.499996 -3.376083
v -6.250000 35.499996 -2.343245
v -6.339443 35.678883 -2.432687
v -2.382168 39.678883 -6.236893
v -2.292726 39.499996 -6.147450
v -3.481813 39.499996 -6.147449
v -3.514410 39.684288 -6.226082
v -5.158467 43.678883 3.887923
v -5.095185 43.499996 3.824714
v -3.928519 43.499996 4.992721
v -3.991800 43.678883 5.055930
v -3.991800 43.678883 5.055930
v -3.928519 43.499996 4.992721
v -3.274538 43.499996 5.647453
v -3.307135 43.684288 5.726086
v -2.382168 43.678883 -5.736893
v -2.292726 43.499996 -5.647450
v -3.274539 43.499996 -5.647449
v -3.307136 43.684288 -5.726082
v -3.307136 43.684288 -5.726082
v -3.274539 43.499996 -5.647449
v -3.928520 43.499996 -4.992716
v -3.991802 43.678883 -5.055925
v -3.991802 43.678883 -5.055925
v -3.928520 43.499996 -4.992716
v -5.095187 43.499996 -3.824709
v -5.158469 43.678883 -3.887919
v -6.328663 39.684273 -3.408639
v -6.250000 39.499996 -3.376082
v -6.250000 39.499996 -2.343244
v -6.339443 39.678883 -2.432687
v -5.828663 43.684273 -3.201700
v -5.750000 43.499996 -3.169143
v -5.750000 43.499996 -2.343244
v -5.839443 43.678883 -2.432687
v -3.307135 43.684288 5.726086
v -3.274538 43.499996 5.647453
v -2.292725 43.499996 5.647453
v -2.382168 43.678883 5.736896
v -5.828663 43.684273 3.201703
v -5.750000 43.499996 3.169146
v -5.095185 43.499996 3.824714
v -5.158467 43.678883 3.887923
v -5.158469 43.678883 -3.887919
v -5.095187 43.499996 -3.824709
v -5.750000 43.499996 -3.169143
v -5.828663 43.684273 -3.201700
v -5.839443 43.678883 2.432690
v -5.750000 43.499996 2.343247
v -5.750000 43.499996 3.169146
v -5.828663 43.684273 3.201703
v -3.514409 39.684288 6.226086
v -3.481812 39.499996 6.147453
v -2.292725 39.499996 6.147453
v -2.382168 39.678883 6.236896
v -5.512224 39.678883 4.241272
v -5.448942 39.499996 4.178063
v -4.282275 39.499996 5.346071
v -4.345557 39.678883 5.409280
v -6.328663 39.684273 3.408642
v -6.250000 39.499996 3.376086
v -5.448942 39.499996 4.178063
v -5.512224 39.678883 4.241272
v -4.345558 39.678883 -5.409276
v -4.282276 39.499996 -5.346066
v -5.448943 39.499996 -4.178060
v -5.512225 39.678883 -4.241269
v -3.514410 39.684288 -6.226082
v -3.481813 39.499996 -6.147449
v -4.282276 39.499996 -5.346066
v -4.345558 39.678883 -5.409276
v -4.345557 39.678883 5.409280
v -4.282275 39.499996 5.346071
v -3.481812 39.499996 6.147453
v -3.514409 39.684288 6.226086
v -5.512225 39.678883 -4.241269
v -5.448943 39.499996 -4.178060
v -6.250000 39.499996 -3.376082
v -6.328663 39.684273 -3.408639
v -6.339443 39.678883 2.432690
v -6.250000 39.499996 2.343247
v -6.250000 39.499996 3.376086
v -6.328663 39.684273 3.408642
v -5.158467 47.678883 3.887923
v -5.095185 47.499996 3.824714
v -3.928519 47.499996 4.992721
v -3.991800 47.678883 5.055930
v -3.991800 47.678883 5.055930
v -3.928519 47.499996 4.992721
v -3.274538 47.499996 5.647453
v -3.307135 47.684288 5.726086
v -2.382168 47.678883 -5.736893
v -2.292726 47.499996 -5.647450
v -3.274539 47.499996 -5.647449
v -3.307136 47.684288 -5.726082
v -3.307136 47.684288 -5.726082
v -3.274539 47.499996 -5.647449
v -3.928520 47.499996 -4.992716
v -3.991802 47.678883 -5.055925
v -3.991802 47.678883 -5.055925
v -3.928520 47.499996 -4.992716
v -5.095187 47.499996 -3.824709
v -5.158469 47.678883 -3.887918
v -5.828663 47.684273 -3.201700
v -5.750000 47.499996 -3.169143
v -5.750000 47.499996 -2.343244
v -5.839443 47.678883 -2.432687
v -3.307135 47.684288 5.726086
v -3.274538 47.499996 5.647453
v -2.292725 47.499996 5.647453
v -2.382168 47.678883 5.736896
v -5.828663 47.684273 3.201703
v -5.750000 47.499996 3.169147
v -5.095185 47.499996 3.824714
v -5.158467 47.678883 3.887923
v -5.158469 47.678883 -3.887918
v -5.095187 47.499996 -3.824709
v -5.750000 47.499996 -3.169143
v -5.828663 47.684273 -3.201700
v -5.839443 47.678883 2.432690
v -5.750000 47.499996 2.343248
v -5.750000 47.499996 3.169147
v -5.828663 47.684273 3.201703
v -6.339443 31.678883 -2.432687
v -6.250000 31.499998 -2.343245
v -6.500000 31.999998 -1.843245
v -6.410557 31.821112 -2.290458
v -6.410557 31.821114 2.290461
v -6.500000 31.999998 1.843247
v -6.250000 31.499998 2.343247
v -6.339443 31.678883 2.432690
v -2.382168 31.678883 6.236895
v -2.292725 31.499998 6.147452
v -1.792725 31.999998 6.397452
v -2.239938 31.821112 6.308010
v -2.239939 31.821114 -6.308008
v -1.792726 31.999998 -6.397450
v -2.292726 31.499998 -6.147450
v -2.382168 31.678883 -6.236893
v -6.410557 35.821110 2.290461
v -6.500000 35.999996 1.843247
v -6.250000 35.499996 2.343247
v -6.339443 35.678883 2.432690
v -2.382168 35.678883 6.236896
v -2.292725 35.499996 6.147453
v -1.792725 35.999996 6.397453
v -2.239938 35.821110 6.308010
v -6.339443 35.678883 -2.432687
v -6.250000 35.499996 -2.343245
v -6.500000 35.999996 -1.843245
v -6.410557 35.821110 -2.290458
v -2.239939 35.821110 -6.308007
v -1.792726 35.999996 -6.397450
v -2.292726 35.499996 -6.147450
v -2.382168 35.678883 -6.236893
v -2.382168 43.678883 5.736896
v -2.292725 43.499996 5.647453
v -1.792725 43.999996 5.897453
v -2.239938 43.821110 5.808010
v -5.910557 43.821110 2.290461
v -6.000000 43.999996 1.843248
v -5.750000 43.499996 2.343247
v -5.839443 43.678883 2.432690
v -2.239939 39.821110 -6.308007
v -1.792726 39.999996 -6.397450
v -2.292726 39.499996 -6.147450
v -2.382168 39.678883 -6.236893
v -2.239939 43.821110 -5.808007
v -1.792726 43.999996 -5.897450
v -2.292726 43.499996 -5.647450
v -2.382168 43.678883 -5.736893
v -5.839443 43.678883 -2.432687
v -5.750000 43.499996 -2.343244
v -6.000000 43.999996 -1.843244
v -5.910557 43.821110 -2.290458
v -6.339443 39.678883 -2.432687
v -6.250000 39.499996 -2.343244
v -6.500000 39.999996 -1.843245
v -6.410557 39.821110 -2.290458
v -2.382168 39.678883 6.236896
v -2.292725 39.499996 6.147453
v -1.792725 39.999996 6.397453
v -2.239938 39.821110 6.308010
v -6.410557 39.821110 2.290461
v -6.500000 39.999996 1.843248
v -6.250000 39.499996 2.343247
v -6.339443 39.678883 2.432690
v -2.239939 47.821110 -5.808007
v -1.792726 47.999996 -5.897450
v -2.292726 47.499996 -5.647450
v -2.382168 47.678883 -5.736893
v -5.839443 47.678883 -2.432687
v -5.750000 47.499996 -2.343244
v -6.000000 47.999996 -1.843244
v -5.910557 47.821110 -2.290458
v -2.382168 47.678883 5.736896
v -2.292725 47.499996 5.647453
v -1.792725 47.999996 5.897453
v -2.239938 47.821110 5.808010
v -5.910557 47.821110 2.290461
v -6.000000 47.999996 1.843248
v -5.750000 47.499996 2.343248
v -5.839443 47.678883 2.432690
v -6.961940 29.191339 0.000001
v -7.000000 31.999998 0.000001
v -7.000000 31.999998 -1.843245
v -6.961940 29.191339 -1.843245
v -6.961940 29.191339 -1.843245
v -7.461940 28.691339 -1.843245
v -7.461940 28.691339 0.000001
v -6.961940 29.191339 0.000001
v -7.500000 27.999998 1.843247
v -7.461940 28.691339 1.843247
v -7.461940 28.691339 0.000001
v -7.500000 27.999998 0.000001
v -7.500000 24.999998 1.843247
v -7.500000 27.999998 1.843247
v -7.500000 27.999998 0.000001
v -7.500000 24.999998 0.000001
v -7.500000 20.999998 1.843247
v -7.500000 23.999998 1.843247
v -7.500000 23.999998 0.000001
v -7.500000 20.999998 0.000001
v -7.600000 24.349998 1.943247
v -7.600000 24.649998 1.943247
v -7.600000 24.649998 0.000001
v -7.600000 24.349998 0.000001
v -7.600000 20.349998 1.943247
v -7.600000 20.649998 1.943247
v -7.600000 20.649998 0.000001
v -7.600000 20.349998 0.000001
v -7.458359 17.199764 1.843247
v -7.500000 19.999998 1.843247
v -7.500000 19.999998 0.000001
v -7.461940 17.191339 0.000001
v -7.458359 17.199764 -1.843245
v -7.965689 16.682024 -1.946715
v -7.961940 16.691339 0.000001
v -7.461940 17.191339 0.000001
v -8.000000 12.999999 1.946716
v -8.000000 15.999999 1.946716
v -8.000000 15.999999 0.000001
v -8.000000 12.999999 0.000001
v -8.000000 15.999999 1.946716
v -7.965689 16.682024 1.946716
v -7.961940 16.691339 0.000001
v -8.000000 15.999999 0.000001
v -8.100000 12.349999 2.046716
v -8.100000 12.649999 2.046716
v -8.100000 12.649999 0.000001
v -8.100000 12.349999 0.000001
v -8.000000 8.999999 1.946716
v -8.000000 11.999999 1.946716
v -8.000000 11.999999 0.000001
v -8.000000 8.999999 0.000001
v -8.100000 8.349999 2.046716
v -8.100000 8.649999 2.046716
v -8.100000 8.649999 0.000001
v -8.100000 8.349999 0.000001
v -8.000000 5.000000 1.946716
v -8.000000 8.000000 1.946716
v -8.000000 8.000000 0.000001
v -8.000000 5.000000 0.000000
v -8.000000 1.000000 1.946716
v -8.000000 4.000000 1.946716
v -8.000000 4.000000 0.000000
v -8.000000 1.000000 0.000000
v -8.100000 4.349999 2.046716
v -8.100000 4.650000 2.046716
v -8.100000 4.650000 0.000000
v -8.100000 4.349999 0.000000
v -7.461940 28.691339 1.843247
v -6.961940 29.191339 1.843247
v -7.461940 17.191339 0.000001
v -7.961940 16.691339 0.000001
v -7.965689 16.682024 1.946716
v -7.458359 17.199764 1.843247
v -7.461940 28.691339 -1.843245
v -7.500000 27.999998 -1.843245
v -7.500000 27.999998 -1.843245
v -7.500000 24.999998 -1.843245
v -7.500000 23.999998 -1.843245
v -7.500000 20.999998 -1.843245
v -7.600000 24.649998 -1.943245
v -7.600000 24.349998 -1.943245
v -7.600000 20.649998 -1.943245
v -7.600000 20.349998 -1.943245
v -7.461940 17.191339 0.000001
v -7.500000 19.999998 0.000001
v -7.500000 19.999998 -1.843245
v -7.458359 17.199764 -1.843245
v -8.000000 15.999999 -1.946715
v -8.000000 12.999999 -1.946715
v -8.000000 15.999999 0.000001
v -7.961940 16.691339 0.000001
v -7.965689 16.682024 -1.946715
v -8.000000 15.999999 -1.946715
v -8.100000 12.649999 -2.046715
v -8.100000 12.349999 -2.046715
v -8.000000 11.999999 -1.946715
v -8.000000 8.999999 -1.946715
v -8.100000 8.649999 -2.046715
v -8.100000 8.349999 -2.046715
v -8.000000 8.000000 -1.946715
v -8.000000 5.000000 -1.946715
v -8.000000 4.000000 -1.946715
v -8.000000 1.000000 -1.946715
v -8.100000 4.650000 -2.046715
v -8.100000 4.349999 -2.046715
v -7.100000 32.349995 0.000001
v -7.100000 32.649998 0.000001
v -7.100000 32.649998 -1.943245
v -7.100000 32.349995 -1.943245
v -6.961940 29.191339 1.843247
v -7.000000 31.999998 1.843247
v -7.000000 32.999996 1.843247
v -7.000000 35.999996 1.843247
v -7.000000 35.999996 0.000001
v -7.000000 32.999996 0.000001
v -7.100000 32.349995 1.943247
v -7.100000 32.649998 1.943247
v -6.461940 41.191338 0.000002
v -6.500000 43.999996 0.000002
v -6.500000 43.999996 -1.843244
v -6.461940 41.191338 -1.843244
v -6.600000 44.349995 0.000002
v -6.600000 44.649998 0.000002
v -6.600000 44.649998 -1.943244
v -6.600000 44.349995 -1.943244
v -7.000000 35.999996 -1.843245
v -7.000000 32.999996 -1.843245
v -6.461940 41.191338 0.000002
v -6.961940 40.691338 0.000002
v -6.961940 40.691338 1.843248
v -6.461940 41.191338 1.843248
v -6.461940 41.191338 -1.843244
v -6.961940 40.691338 -1.843244
v -7.000000 39.999996 0.000002
v -6.961940 40.691338 0.000002
v -6.961940 40.691338 -1.843244
v -7.000000 39.999996 -1.843245
v -7.000000 39.999996 1.843248
v -6.961940 40.691338 1.843248
v -6.961940 40.691338 0.000002
v -7.000000 39.999996 0.000002
v -6.461940 41.191338 1.843248
v -6.500000 43.999996 1.843248
v -6.500000 43.999996 0.000002
v -6.461940 41.191338 0.000002
v -7.100000 36.349995 0.000001
v -7.100000 36.649998 0.000001
v -7.100000 36.649998 -1.943245
v -7.100000 36.349995 -1.943245
v -7.100000 36.349995 1.943247
v -7.100000 36.649998 1.943248
v -6.500000 47.999996 1.843248
v -6.461940 48.691338 1.843248
v -6.461940 48.691338 0.000002
v -6.500000 47.999996 0.000002
v -3.751642 49.499996 -1.843244
v -4.918308 49.499996 -1.843244
v -4.918308 49.499996 0.000002
v -3.751642 49.499996 0.000002
v -3.751642 49.499996 0.000002
v -4.918308 49.499996 0.000002
v -4.918307 49.499996 1.843248
v -3.751642 49.499996 1.843248
v -6.500000 47.999996 0.000002
v -6.461940 48.691338 0.000002
v -6.461940 48.691338 -1.843244
v -6.500000 47.999996 -1.843244
v -6.500000 44.999996 1.843248
v -6.500000 47.999996 1.843248
v -6.500000 47.999996 0.000002
v -6.500000 44.999996 0.000002
v -4.918308 49.499996 0.000002
v -5.691342 49.461937 0.000002
v -5.691342 49.461937 1.843248
v -4.918307 49.499996 1.843248
v -4.918308 49.499996 -1.843244
v -5.691342 49.461937 -1.843244
v -5.691342 49.461937 0.000002
v -4.918308 49.499996 0.000002
v -7.000000 36.999996 1.843248
v -7.000000 39.999996 1.843248
v -7.000000 39.999996 0.000002
v -7.000000 36.999996 0.000002
v -7.000000 39.999996 -1.843245
v -7.000000 36.999996 -1.843245
v -6.500000 47.999996 -1.843244
v -6.500000 44.999996 -1.843244
v -6.600000 44.349995 1.943248
v -6.600000 44.649998 1.943248
v -5.691342 49.461937 0.000002
v -6.461940 48.691338 0.000002
v -6.461940 48.691338 1.843248
v -5.691342 49.461937 1.843248
v -5.691342 49.461937 -1.843244
v -6.461940 48.691338 -1.843244
v -6.461940 48.691338 0.000002
v -5.691342 49.461937 0.000002
v -7.500000 4.000000 1.946716
v -8.000000 4.000000 1.946716
v -7.000000 36.999996 1.843248
v -6.500000 36.999996 1.843248
v -7.000000 28.499998 -1.843245
v -7.461940 28.691339 -1.843245
v -6.961940 29.191339 -1.843245
v -6.500000 28.999998 -1.843245
v -7.500000 8.000000 1.946716
v -8.000000 8.000000 1.946716
v -8.000000 5.000000 1.946716
v -7.500000 5.000000 1.946716
v -4.000000 3.500000 -7.397451
v -4.000000 4.000000 -7.397451
v -2.000000 4.000000 -7.397451
v -2.500000 3.500000 -7.397451
v -7.500000 3.500000 3.893431
v -7.500000 4.000000 3.893431
v -7.500000 4.000000 1.946716
v -7.500000 3.500000 2.446716
v -7.500000 3.500000 -3.893430
v -7.500000 4.000000 -3.893430
v -6.333334 4.000000 -5.061437
v -6.686684 3.500000 -4.707681
v -4.000000 3.500000 7.397452
v -4.000000 4.000000 7.397452
v -5.166666 4.000000 6.229445
v -4.813316 3.500000 6.583201
v -4.813317 3.500000 -6.583200
v -5.166667 4.000000 -6.229444
v -4.000000 4.000000 -7.397451
v -4.000000 3.500000 -7.397451
v -6.686683 3.500000 4.707682
v -6.333333 4.000000 5.061438
v -7.500000 4.000000 3.893431
v -7.500000 3.500000 3.893431
v -4.813316 3.500000 6.583201
v -5.166666 4.000000 6.229445
v -5.166666 1.000000 6.229445
v -4.813316 1.000000 6.583201
v -6.686683 1.000000 4.707682
v -6.333333 1.000000 5.061438
v -6.333333 4.000000 5.061438
v -6.686683 3.500000 4.707682
v -6.686684 3.500000 -4.707681
v -6.333334 4.000000 -5.061437
v -6.333334 1.000000 -5.061437
v -6.686684 1.000000 -4.707681
v -4.813317 1.000000 -6.583200
v -5.166667 1.000000 -6.229444
v -5.166667 4.000000 -6.229444
v -4.813317 3.500000 -6.583200
v -2.500000 3.500000 7.397451
v -2.000000 4.000000 7.397451
v -4.000000 4.000000 7.397452
v -4.000000 3.500000 7.397452
v -2.500000 3.500000 -7.397451
v -2.000000 4.000000 -7.397451
v -2.000000 1.000000 -7.397451
v -2.500000 1.000000 -7.397451
v -2.500000 1.000000 7.397451
v -2.000000 1.000000 7.397451
v -2.000000 4.000000 7.397451
v -2.500000 3.500000 7.397451
v -7.500000 1.000000 1.946716
v -7.500000 1.000000 2.446716
v -7.500000 3.500000 -2.446715
v -7.500000 4.000000 -1.946715
v -7.500000 4.000000 -3.893430
v -7.500000 3.500000 -3.893430
v -7.500000 1.000000 -2.446715
v -7.500000 1.000000 -1.946715
v -7.500000 4.000000 -1.946715
v -7.500000 3.500000 -2.446715
v -8.000000 1.000000 -2.446715
v -8.000000 3.500000 -2.446715
v -8.000001 3.500000 -4.100369
v -8.000001 1.000000 -4.100369
v -2.500000 1.000000 7.897451
v -2.500000 3.500000 7.897451
v -4.207274 3.500000 7.897452
v -4.207274 1.000000 7.897452
v -5.167073 1.000000 -6.936551
v -5.167073 3.500000 -6.936551
v -4.207275 3.500000 -7.897451
v -4.207275 1.000000 -7.897451
v -7.040440 1.000000 5.061032
v -7.040440 3.500000 5.061032
v -8.000000 3.500000 4.100369
v -8.000000 1.000000 4.100369
v -4.207274 1.000000 7.897452
v -4.207274 3.500000 7.897452
v -5.167072 3.500000 6.936552
v -5.167072 1.000000 6.936552
v -8.000001 1.000000 -4.100369
v -8.000001 3.500000 -4.100369
v -7.040441 3.500000 -5.061031
v -7.040441 1.000000 -5.061031
v -4.207275 1.000000 -7.897451
v -4.207275 3.500000 -7.897451
v -2.500000 3.500000 -7.897451
v -2.500000 1.000000 -7.897451
v -8.000000 1.000000 4.100369
v -8.000000 3.500000 4.100369
v -8.000000 3.500000 2.446716
v -8.000000 1.000000 2.446716
v -4.813317 3.500000 -6.583200
v -5.167073 3.500000 -6.936551
v -5.167073 1.000000 -6.936551
v -4.813317 1.000000 -6.583200
v -6.686684 3.500000 -4.707681
v -7.040441 3.500000 -5.061031
v -8.000001 3.500000 -4.100369
v -7.500000 3.500000 -3.893430
v -6.686683 1.000000 4.707682
v -7.040440 1.000000 5.061032
v -7.500000 1.000000 -3.893430
v -8.000001 1.000000 -4.100369
v -7.040441 1.000000 -5.061031
v -6.686684 1.000000 -4.707681
v -4.000000 3.500000 7.397452
v -4.207274 3.500000 7.897452
v -2.500000 3.500000 7.897451
v -2.500000 3.500000 7.397451
v -4.813316 3.500000 6.583201
v -5.167072 3.500000 6.936552
v -4.000000 1.000000 7.397452
v -4.207274 1.000000 7.897452
v -5.167072 1.000000 6.936552
v -4.813316 1.000000 6.583201
v -2.500000 1.000000 -7.397451
v -2.500000 1.000000 -7.897451
v -2.500000 3.500000 -7.897451
v -2.500000 3.500000 -7.397451
v -2.500000 1.000000 7.397451
v -2.500000 1.000000 7.897451
v -4.000000 3.500000 -7.397451
v -4.207275 3.500000 -7.897451
v -5.167073 3.500000 -6.936551
v -4.813317 3.500000 -6.583200
v -7.500000 1.000000 -2.446715
v -8.000000 1.000000 -2.446715
v -2.500000 3.500000 7.397451
v -2.500000 3.500000 7.897451
v -2.500000 1.000000 7.897451
v -2.500000 1.000000 7.397451
v -7.500000 3.500000 3.893431
v -8.000000 3.500000 4.100369
v -7.040440 3.500000 5.061032
v -6.686683 3.500000 4.707682
v -7.500000 1.000000 2.446716
v -8.000000 1.000000 2.446716
v -8.000000 3.500000 2.446716
v -7.500000 3.500000 2.446716
v -4.813316 1.000000 6.583201
v -5.167072 1.000000 6.936552
v -5.167072 3.500000 6.936552
v -4.813316 3.500000 6.583201
v -7.500000 3.500000 -3.893430
v -8.000001 3.500000 -4.100369
v -8.000000 3.500000 -2.446715
v -7.500000 3.500000 -2.446715
v -8.000000 0.500000 0.000000
v -8.000000 0.500000 1.946716
v -8.100000 0.650000 -1.596715
v -8.100000 0.500000 -1.596715
v -8.100000 0.500000 -0.350000
v -8.100000 0.650000 -0.350000
v -2.000000 4.249999 7.397451
v -2.000000 4.000000 7.397451
v 0.000000 4.000000 7.397451
v 0.000000 4.249999 7.397451
v -2.000000 4.250000 -7.397451
v -4.000000 4.000000 -7.397451
v -4.000000 4.250000 -7.397451
v -7.500000 4.250000 1.946716
v -7.500000 4.250000 3.893431
v -6.333334 4.250000 -5.061437
v -6.333334 4.000000 -5.061437
v -7.500000 4.000000 -3.893430
v -7.500000 4.250000 -3.893430
v -5.166666 4.250000 6.229445
v -5.166666 4.000000 6.229445
v -4.000000 4.000000 7.397452
v -4.000000 4.249999 7.397452
v 0.000000 4.749999 7.397451
v 0.000000 4.999999 7.397451
v -2.000000 4.999999 7.397451
v -2.000000 4.749999 7.397451
v -4.000000 4.750000 -7.397451
v -4.000000 5.000000 -7.397451
v -2.000000 5.000000 -7.397451
v -2.000000 4.750000 -7.397451
v -7.500000 4.750000 3.893431
v -7.500000 5.000000 3.893431
v -7.500000 5.000000 1.946716
v -7.500000 4.750000 1.946716
v -7.500000 4.750000 -3.893430
v -7.500000 5.000000 -3.893430
v -6.333334 5.000000 -5.061437
v -6.333334 4.750000 -5.061437
v -4.000000 4.749999 7.397452
v -4.000000 4.999999 7.397452
v -5.166666 5.000000 6.229445
v -5.166666 4.750000 6.229445
v -1.750000 8.042867 7.897515
v -1.750000 8.249999 7.397452
v -1.750000 7.999999 7.397452
v -1.750000 7.749972 7.897505
v -2.000000 8.249999 -7.397451
v -2.000000 8.000000 -7.397451
v -4.000000 8.000000 -7.397450
v -4.000000 8.249999 -7.397450
v -7.500000 8.249999 1.946716
v -7.500000 8.000000 1.946716
v -7.500000 8.000000 3.893431
v -7.500000 8.249999 3.893431
v -6.333334 8.249999 -5.061437
v -6.333334 8.000000 -5.061437
v -7.500000 8.000000 -3.893430
v -7.500000 8.249999 -3.893430
v -5.166666 8.249999 6.229445
v -5.166666 8.000000 6.229445
v -4.000000 7.999999 7.397452
v -4.000000 8.249999 7.397452
v 0.000000 9.499999 8.397450
v 0.000000 11.499999 8.397450
v -1.249885 11.499999 8.397450
v -1.249912 9.499999 8.397450
v -4.000000 8.749999 -7.397450
v -4.000000 8.999999 -7.397450
v -2.000000 8.999999 -7.397451
v -2.000000 8.749999 -7.397451
v -7.500000 8.749999 3.893431
v -7.500000 8.999999 3.893431
v -7.500000 8.999999 1.946716
v -7.500000 8.749999 1.946716
v -7.500000 8.749999 -3.893430
v -7.500000 8.999999 -3.893430
v -6.333334 8.999999 -5.061437
v -6.333334 8.749999 -5.061437
v -4.000000 8.749999 7.397452
v -4.000000 8.999999 7.397452
v -5.166666 8.999999 6.229445
v -5.166666 8.749999 6.229445
v -1.750000 12.042770 7.897747
v -1.750000 12.249999 7.397452
v -1.750000 11.999999 7.397452
v -1.750000 11.749887 7.897675
v -2.000000 12.249999 -7.397451
v -2.000000 11.999999 -7.397451
v -4.000000 11.999999 -7.397450
v -4.000000 12.249999 -7.397450
v -7.500000 12.249999 1.946716
v -7.500000 11.999999 1.946716
v -7.500000 11.999999 3.893431
v -7.500000 12.249999 3.893431
v -6.333334 12.249999 -5.061437
v -6.333334 11.999999 -5.061437
v -7.500000 11.999999 -3.893430
v -7.500000 12.249999 -3.893430
v -5.166666 12.249999 6.229445
v -5.166666 11.999999 6.229445
v -4.000000 11.999999 7.397452
v -4.000000 12.249999 7.397452
v -1.750000 13.250452 7.898358
v -1.750000 12.999999 7.397452
v -1.750000 12.749999 7.397452
v -1.750000 12.957388 7.898135
v -4.000000 12.749999 -7.397450
v -4.000000 12.999999 -7.397450
v -2.000000 12.999999 -7.397451
v -2.000000 12.749999 -7.397451
v -7.500000 12.749999 3.893431
v -7.500000 12.999999 3.893431
v -7.500000 12.999999 1.946716
v -7.500000 12.749999 1.946716
v -7.500000 12.749999 -3.893430
v -7.500000 12.999999 -3.893430
v -6.333334 12.999999 -5.061437
v -6.333334 12.749999 -5.061437
v -4.000000 12.749999 7.397452
v -4.000000 12.999999 7.397452
v -5.166666 12.999999 6.229445
v -5.166666 12.749999 6.229445
v -4.000000 4.250000 -7.397451
v -4.000000 4.000000 -7.397451
v -5.166667 4.000000 -6.229444
v -5.166667 4.250000 -6.229444
v -5.166667 4.250000 -6.229444
v -6.333334 4.250000 -5.061437
v -7.500000 4.250000 3.893431
v -7.500000 4.000000 3.893431
v -6.333333 4.000000 5.061438
v -6.333333 4.250000 5.061438
v -5.166666 4.000000 6.229445
v -5.166666 4.250000 6.229445
v -5.166667 4.750000 -6.229444
v -5.166667 5.000000 -6.229444
v -4.000000 5.000000 -7.397451
v -4.000000 4.750000 -7.397451
v -6.333334 4.750000 -5.061437
v -6.333334 5.000000 -5.061437
v -5.166667 5.000000 -6.229444
v -5.166667 4.750000 -6.229444
v -6.333333 4.750000 5.061438
v -6.333333 5.000000 5.061438
v -7.500000 5.000000 3.893431
v -7.500000 4.750000 3.893431
v -5.166666 4.750000 6.229445
v -5.166666 5.000000 6.229445
v -4.000000 8.249999 -7.397450
v -4.000000 8.000000 -7.397450
v -5.166667 8.000000 -6.229444
v -5.166667 8.249999 -6.229444
v -5.166667 8.249999 -6.229444
v -5.166667 8.000000 -6.229444
v -6.333334 8.000000 -5.061437
v -6.333334 8.249999 -5.061437
v -7.500000 8.249999 3.893431
v -7.500000 8.000000 3.893431
v -6.333333 8.000000 5.061439
v -6.333333 8.249999 5.061439
v -5.166666 8.000000 6.229445
v -5.166666 8.249999 6.229445
v -5.166667 8.749999 -6.229444
v -5.166667 8.999999 -6.229444
v -4.000000 8.999999 -7.397450
v -4.000000 8.749999 -7.397450
v -6.333334 8.749999 -5.061437
v -6.333334 8.999999 -5.061437
v -5.166667 8.999999 -6.229444
v -5.166667 8.749999 -6.229444
v -6.333333 8.749999 5.061439
v -6.333333 8.999999 5.061439
v -7.500000 8.999999 3.893431
v -7.500000 8.749999 3.893431
v -5.166666 8.749999 6.229445
v -5.166666 8.999999 6.229445
v -4.000000 12.249999 -7.397450
v -4.000000 11.999999 -7.397450
v -5.166667 11.999999 -6.229444
v -5.166667 12.249999 -6.229444
v -5.166667 12.249999 -6.229444
v -5.166667 11.999999 -6.229444
v -6.333334 11.999999 -5.061437
v -6.333334 12.249999 -5.061437
v -7.500000 12.249999 3.893431
v -7.500000 11.999999 3.893431
v -6.333333 11.999999 5.061439
v -6.333333 12.249999 5.061439
v -5.166666 11.999999 6.229445
v -5.166666 12.249999 6.229445
v -5.166667 12.749999 -6.229444
v -5.166667 12.999999 -6.229444
v -4.000000 12.999999 -7.397450
v -4.000000 12.749999 -7.397450
v -6.333334 12.749999 -5.061437
v -6.333334 12.999999 -5.061437
v -5.166667 12.999999 -6.229444
v -5.166667 12.749999 -6.229444
v -6.333333 12.749999 5.061439
v -6.333333 12.999999 5.061439
v -7.500000 12.999999 3.893431
v -7.500000 12.749999 3.893431
v -5.166666 12.749999 6.229445
v -5.166666 12.999999 6.229445
v -1.646362 20.043289 7.396492
v -1.646362 20.249998 6.897452
v -1.646362 19.999998 6.897452
v -1.645388 19.751453 7.396149
v -1.896363 20.249998 -6.897451
v -1.896363 19.999998 -6.897451
v -3.792726 19.999998 -6.897450
v -3.792726 20.249998 -6.897450
v -7.000000 20.249998 1.843247
v -7.000000 19.999998 1.843247
v -7.000000 19.999998 3.686493
v -7.000000 20.249998 3.686493
v -5.979578 20.249998 -4.708086
v -5.979578 19.999998 -4.708086
v -7.000000 19.999998 -3.686491
v -7.000000 20.249998 -3.686491
v -4.812911 20.249998 5.876101
v -4.812911 19.999998 5.876101
v -3.792725 19.999998 6.897452
v -3.792725 20.249998 6.897452
v -3.792726 20.249998 -6.897450
v -3.792726 19.999998 -6.897450
v -4.812911 19.999998 -5.876093
v -4.812911 20.249998 -5.876093
v -4.812911 20.249998 -5.876093
v -4.812911 19.999998 -5.876093
v -5.979578 19.999998 -4.708086
v -5.979578 20.249998 -4.708086
v -7.000000 20.249998 3.686493
v -7.000000 19.999998 3.686493
v -5.979577 19.999998 4.708089
v -5.979577 20.249998 4.708089
v -5.979577 20.249998 4.708089
v -5.979577 19.999998 4.708089
v -4.812911 19.999998 5.876101
v -4.812911 20.249998 5.876101
v -1.646362 24.042850 7.397555
v -1.646362 24.249998 6.897452
v -1.646362 23.999998 6.897452
v -1.646362 23.750013 7.397423
v 0.000000 21.499464 7.897452
v 0.000000 23.499998 7.897452
v -1.146158 23.499998 7.897452
v -1.146156 21.499464 7.897452
v -3.792726 20.749998 -6.897450
v -3.792726 20.999998 -6.897450
v -1.896363 20.999998 -6.897450
v -1.896363 20.749998 -6.897451
v -7.000000 20.749998 3.686493
v -7.000000 20.999998 3.686493
v -7.000000 20.999998 1.843247
v -7.000000 20.749998 1.843247
v -7.000000 20.749998 -3.686491
v -7.000000 20.999998 -3.686491
v -5.979578 20.999998 -4.708086
v -5.979578 20.749998 -4.708086
v -3.792725 20.749998 6.897452
v -3.792725 20.999998 6.897453
v -4.812911 20.999998 5.876101
v -4.812911 20.749998 5.876101
v -4.812911 20.749998 -5.876093
v -4.812911 20.999998 -5.876093
v -3.792726 20.999998 -6.897450
v -3.792726 20.749998 -6.897450
v -5.979578 20.749998 -4.708086
v -5.979578 20.999998 -4.708086
v -4.812911 20.999998 -5.876093
v -4.812911 20.749998 -5.876093
v -5.979577 20.749998 4.708089
v -5.979577 20.999998 4.708089
v -7.000000 20.999998 3.686493
v -7.000000 20.749998 3.686493
v -4.812911 20.749998 5.876101
v -4.812911 20.999998 5.876101
v -5.979577 20.999998 4.708089
v -5.979577 20.749998 4.708089
v -1.896363 24.249998 -6.897450
v -1.896363 23.999998 -6.897450
v -3.792726 23.999998 -6.897450
v -3.792726 24.249998 -6.897450
v -7.000000 24.249998 1.843247
v -7.000000 23.999998 1.843247
v -7.000000 23.999998 3.686493
v -7.000000 24.249998 3.686493
v -5.979578 24.249998 -4.708086
v -5.979578 23.999998 -4.708086
v -7.000000 23.999998 -3.686491
v -7.000000 24.249998 -3.686491
v -4.812911 24.249998 5.876101
v -4.812911 23.999998 5.876101
v -3.792725 23.999998 6.897453
v -3.792725 24.249998 6.897453
v -3.792726 24.249998 -6.897450
v -3.792726 23.999998 -6.897450
v -4.812911 23.999998 -5.876093
v -4.812911 24.249998 -5.876093
v -4.812911 24.249998 -5.876093
v -4.812911 23.999998 -5.876093
v -5.979578 23.999998 -4.708086
v -5.979578 24.249998 -4.708086
v -7.000000 24.249998 3.686493
v -7.000000 23.999998 3.686493
v -5.979577 23.999998 4.708089
v -5.979577 24.249998 4.708089
v -5.979577 24.249998 4.708089
v -5.979577 23.999998 4.708089
v -4.812911 23.999998 5.876101
v -4.812911 24.249998 5.876101
v -1.646362 25.250414 7.398285
v -1.646362 24.999998 6.897452
v -1.646362 24.749998 6.897452
v -1.646362 24.957350 7.398046
v -3.792726 24.749998 -6.897450
v -3.792726 24.999998 -6.897450
v -1.896363 24.999998 -6.897450
v -1.896363 24.749998 -6.897450
v -7.000000 24.749998 3.686493
v -7.000000 24.999998 3.686493
v -7.000000 24.999998 1.843247
v -7.000000 24.749998 1.843247
v -7.000000 24.749998 -3.686491
v -7.000000 24.999998 -3.686491
v -5.979578 24.999998 -4.708086
v -5.979578 24.749998 -4.708086
v -3.792725 24.749998 6.897453
v -3.792725 24.999998 6.897453
v -4.812911 24.999998 5.876101
v -4.812911 24.749998 5.876101
v -4.812911 24.749998 -5.876093
v -4.812911 24.999998 -5.876093
v -3.792726 24.999998 -6.897450
v -3.792726 24.749998 -6.897450
v -5.979578 24.749998 -4.708086
v -5.979578 24.999998 -4.708086
v -4.812911 24.999998 -5.876093
v -4.812911 24.749998 -5.876093
v -5.979577 24.749998 4.708089
v -5.979577 24.999998 4.708089
v -7.000000 24.999998 3.686493
v -7.000000 24.749998 3.686493
v -4.812911 24.749998 5.876101
v -4.812911 24.999998 5.876101
v -5.979577 24.999998 4.708089
v -5.979577 24.749998 4.708089
v 0.000000 33.499462 7.397452
v 0.000000 35.499996 7.397452
v -1.042633 35.499996 7.397453
v -1.042603 33.499462 7.397452
v -4.000000 4.249999 7.397452
v -4.000000 4.000000 7.397452
v 0.000000 4.250000 -7.397452
v -4.000000 4.999999 7.397452
v -4.000000 4.749999 7.397452
v 0.000000 5.000000 -7.397452
v 0.000000 4.750000 -7.397452
v -4.000000 8.249999 7.397452
v -4.000000 7.999999 7.397452
v -2.000000 7.999999 7.397452
v -2.000000 8.249999 7.397452
v -1.750000 7.749973 -7.897504
v -1.750000 8.000000 -7.397451
v -1.750000 8.249999 -7.397451
v -1.750000 8.042867 -7.897514
v -2.000000 8.749999 7.397452
v -2.000000 8.999999 7.397452
v -4.000000 8.999999 7.397452
v -4.000000 8.749999 7.397452
v -1.750000 8.957159 -7.897580
v -1.750000 8.749999 -7.397451
v -1.750000 8.999999 -7.397451
v -1.750000 9.250084 -7.897621
v -4.000000 12.249999 7.397452
v -4.000000 11.999999 7.397452
v -2.000000 11.999999 7.397452
v -2.000000 12.249999 7.397452
v -1.750000 11.749887 -7.897675
v -1.750000 11.999999 -7.397451
v -1.750000 12.249999 -7.397451
v -1.750000 12.042771 -7.897745
v -2.000000 12.749999 7.397452
v -2.000000 12.999999 7.397452
v -4.000000 12.999999 7.397452
v -4.000000 12.749999 7.397452
v -1.750000 12.957388 -7.898134
v -1.750000 12.749999 -7.397451
v -1.750000 12.999999 -7.397451
v -1.750000 13.250452 -7.898357
v -3.792725 20.249998 6.897452
v -3.792725 19.999998 6.897452
v -1.896362 19.999998 6.897452
v -1.896362 20.249998 6.897452
v -1.645389 19.751453 -7.396147
v -1.646363 19.999998 -6.897451
v -1.646363 20.249998 -6.897451
v -1.646363 20.043289 -7.396492
v -3.792725 24.249998 6.897453
v -3.792725 23.999998 6.897453
v -1.896362 23.999998 6.897452
v -1.896362 24.249998 6.897452
v -1.896362 20.749998 6.897452
v -1.896362 20.999998 6.897452
v -3.792725 20.999998 6.897453
v -3.792725 20.749998 6.897452
v -1.646363 20.956974 -7.397139
v -1.646363 20.749998 -6.897451
v -1.646363 20.999998 -6.897450
v -1.646363 21.249649 -7.397287
v -1.646363 23.750013 -7.397421
v -1.646363 23.999998 -6.897450
v -1.646363 24.249998 -6.897450
v -1.646363 24.042850 -7.397553
v -1.896362 24.749998 6.897452
v -1.896362 24.999998 6.897452
v -3.792725 24.999998 6.897453
v -3.792725 24.749998 6.897453
v -1.646363 24.957350 -7.398043
v -1.646363 24.749998 -6.897450
v -1.646363 24.999998 -6.897450
v -1.646363 25.250414 -7.398283
v -7.500000 4.750000 1.946716
v -8.000000 4.750000 1.946716
v -8.000000 4.250000 1.946716
v -7.500000 4.250000 1.946716
v -7.500000 4.250000 -1.946715
v -8.000000 4.250000 -1.946715
v -6.000000 44.749996 1.843248
v -6.500000 44.749996 1.843248
v -7.000000 32.749996 -1.843245
v -6.500000 32.749996 -1.843245
v -6.500000 36.249996 -1.843245
v -7.000000 36.249996 -1.843245
v -8.000000 4.750000 -1.946715
v -7.500000 4.750000 -1.946715
v -7.500000 8.249999 -1.946715
v -8.000000 8.249999 -1.946715
v -6.000000 44.249996 -1.843244
v -6.500000 44.249996 -1.843244
v -8.000000 8.749999 -1.946715
v -7.500000 8.749999 -1.946715
v -7.500000 12.249999 -1.946715
v -8.000000 12.249999 -1.946715
v -7.000000 24.749998 1.843247
v -7.500000 24.749998 1.843247
v -7.500000 24.249998 1.843247
v -7.000000 24.249998 1.843247
v -8.000000 12.749999 -1.946715
v -7.500000 12.749999 -1.946715
v -7.000000 20.749998 1.843247
v -7.500000 20.749998 1.843247
v -7.500000 4.250000 -3.893430
v -7.500000 4.000000 -3.893430
v -7.500000 4.000000 -1.946715
v -7.500000 4.250000 -1.946715
v -7.500000 4.750000 -1.946715
v -7.500000 5.000000 -1.946715
v -7.500000 5.000000 -3.893430
v -7.500000 4.750000 -3.893430
v -7.500000 8.249999 -3.893430
v -7.500000 8.000000 -3.893430
v -7.500000 8.000000 -1.946715
v -7.500000 8.249999 -1.946715
v -7.500000 8.749999 -1.946715
v -7.500000 8.999999 -1.946715
v -7.500000 8.999999 -3.893430
v -7.500000 8.749999 -3.893430
v -7.500000 12.249999 -3.893430
v -7.500000 11.999999 -3.893430
v -7.500000 11.999999 -1.946715
v -7.500000 12.249999 -1.946715
v -7.500000 12.749999 -1.946715
v -7.500000 12.999999 -1.946715
v -7.500000 12.999999 -3.893430
v -7.500000 12.749999 -3.893430
v -7.000000 20.249998 -3.686491
v -7.000000 19.999998 -3.686491
v -7.000000 19.999998 -1.843245
v -7.000000 20.249998 -1.843245
v -7.000000 20.749998 -1.843245
v -7.000000 20.999998 -1.843245
v -7.000000 20.999998 -3.686491
v -7.000000 20.749998 -3.686491
v -7.000000 24.249998 -3.686491
v -7.000000 23.999998 -3.686491
v -7.000000 23.999998 -1.843245
v -7.000000 24.249998 -1.843245
v -7.000000 24.749998 -1.843245
v -7.000000 24.999998 -1.843245
v -7.000000 24.999998 -3.686491
v -7.000000 24.749998 -3.686491
v -1.542725 32.043312 6.896425
v -1.542725 32.249996 6.397452
v -1.542725 31.999998 6.397452
v -1.541686 31.751482 6.896089
v -1.792726 32.249996 -6.397450
v -1.792726 31.999998 -6.397450
v -3.585451 31.999998 -6.397450
v -3.585451 32.249996 -6.397450
v -6.500000 32.249996 1.843247
v -6.500000 31.999998 1.843247
v -6.500000 31.999998 3.479555
v -6.500000 32.249996 3.479555
v -5.625821 32.249996 -4.354735
v -5.625821 31.999998 -4.354735
v -6.500000 31.999998 -3.479552
v -6.500000 32.249996 -3.479552
v -4.459153 32.249996 5.522746
v -4.459153 31.999998 5.522746
v -3.585450 31.999998 6.397453
v -3.585450 32.249996 6.397453
v -3.585451 32.249996 -6.397450
v -3.585451 31.999998 -6.397450
v -4.459154 31.999998 -5.522742
v -4.459154 32.249996 -5.522742
v -4.459154 32.249996 -5.522742
v -4.459154 31.999998 -5.522742
v -5.625821 31.999998 -4.354735
v -5.625821 32.249996 -4.354735
v -6.500000 32.249996 3.479555
v -6.500000 31.999998 3.479555
v -5.625820 31.999998 4.354738
v -5.625820 32.249996 4.354738
v -5.625820 32.249996 4.354738
v -5.625820 31.999998 4.354738
v -4.459153 31.999998 5.522746
v -4.459153 32.249996 5.522746
v -1.542725 36.042965 6.897264
v -1.542725 36.249996 6.397453
v -1.542725 35.999996 6.397453
v -1.542725 35.750122 6.897202
v -3.585450 32.249996 6.397453
v -3.585450 31.999998 6.397453
v -1.792725 31.999998 6.397452
v -1.792725 32.249996 6.397452
v -1.541687 31.751482 -6.896087
v -1.542726 31.999998 -6.397450
v -1.542726 32.249996 -6.397450
v -1.542726 32.043312 -6.896423
v -7.500000 20.249998 1.843247
v -7.000000 20.249998 1.843247
v -7.000000 20.249998 -1.843245
v -7.500000 20.249998 -1.843245
v -6.500000 32.249996 -3.479552
v -6.500000 31.999998 -3.479552
v -6.500000 31.999998 -1.843245
v -6.500000 32.249996 -1.843245
v -3.585451 32.749996 -6.397450
v -3.585451 32.999996 -6.397450
v -1.792726 32.999996 -6.397450
v -1.792726 32.749996 -6.397450
v -6.500000 32.749996 3.479555
v -6.500000 32.999996 3.479555
v -6.500000 32.999996 1.843247
v -6.500000 32.749996 1.843247
v -6.500000 32.749996 -3.479552
v -6.500000 32.999996 -3.479552
v -5.625821 32.999996 -4.354735
v -5.625821 32.749996 -4.354735
v -3.585450 32.749996 6.397453
v -3.585450 32.999996 6.397453
v -4.459153 32.999996 5.522746
v -4.459153 32.749996 5.522746
v -4.459154 32.749996 -5.522742
v -4.459154 32.999996 -5.522742
v -3.585451 32.999996 -6.397450
v -3.585451 32.749996 -6.397450
v -5.625821 32.749996 -4.354735
v -5.625821 32.999996 -4.354735
v -4.459154 32.999996 -5.522742
v -4.459154 32.749996 -5.522742
v -5.625820 32.749996 4.354738
v -5.625820 32.999996 4.354738
v -6.500000 32.999996 3.479555
v -6.500000 32.749996 3.479555
v -4.459153 32.749996 5.522746
v -4.459153 32.999996 5.522746
v -5.625820 32.999996 4.354738
v -5.625820 32.749996 4.354738
v -1.792725 32.749996 6.397452
v -1.792725 32.999996 6.397452
v -3.585450 32.999996 6.397453
v -3.585450 32.749996 6.397453
v -1.542726 32.956924 -6.897009
v -1.542726 32.749996 -6.397450
v -1.542726 32.999996 -6.397450
v -1.542726 33.249561 -6.897118
v -6.500000 32.749996 -1.843245
v -6.500000 32.999996 -1.843245
v -6.500000 32.999996 -3.479552
v -6.500000 32.749996 -3.479552
v -1.792726 36.249996 -6.397450
v -1.792726 35.999996 -6.397450
v -3.585451 35.999996 -6.397449
v -3.585451 36.249996 -6.397449
v -6.500000 36.249996 1.843247
v -6.500000 35.999996 1.843247
v -6.500000 35.999996 3.479555
v -6.500000 36.249996 3.479555
v -5.625821 36.249996 -4.354735
v -5.625821 35.999996 -4.354735
v -6.500000 35.999996 -3.479552
v -6.500000 36.249996 -3.479552
v -4.459153 36.249996 5.522746
v -4.459153 35.999996 5.522746
v -3.585450 35.999996 6.397453
v -3.585450 36.249996 6.397453
v -3.585451 36.249996 -6.397449
v -3.585451 35.999996 -6.397449
v -4.459154 35.999996 -5.522742
v -4.459154 36.249996 -5.522742
v -4.459154 36.249996 -5.522742
v -4.459154 35.999996 -5.522742
v -5.625821 35.999996 -4.354735
v -5.625821 36.249996 -4.354735
v -6.500000 36.249996 3.479555
v -6.500000 35.999996 3.479555
v -5.625820 35.999996 4.354739
v -5.625820 36.249996 4.354739
v -5.625820 36.249996 4.354739
v -5.625820 35.999996 4.354739
v -4.459153 35.999996 5.522746
v -4.459153 36.249996 5.522746
v -3.585450 36.249996 6.397453
v -3.585450 35.999996 6.397453
v -1.792725 35.999996 6.397453
v -1.792725 36.249996 6.397453
v -1.542726 35.750122 -6.897199
v -1.542726 35.999996 -6.397450
v -1.542726 36.249996 -6.397450
v -1.542726 36.042965 -6.897261
v -6.500000 36.249996 -3.479552
v -6.500000 35.999996 -3.479552
v -6.500000 35.999996 -1.843245
v -6.500000 36.249996 -1.843245
v -6.500000 36.749996 1.843248
v -7.000000 36.749996 1.843248
v -7.500000 20.749998 -1.843245
v -7.000000 20.749998 -1.843245
v -7.000000 24.249998 -1.843245
v -7.500000 24.249998 -1.843245
v -7.000000 36.749996 -1.843245
v -6.500000 36.749996 -1.843245
v -1.542726 43.750008 -6.397430
v -1.542726 43.999996 -5.897450
v -1.542726 44.249996 -5.897450
v -1.542726 44.042892 -6.397435
v -5.272063 44.249996 4.001389
v -5.272063 43.999996 4.001389
v -4.105397 43.999996 5.169396
v -4.105397 44.249996 5.169396
v -4.105397 44.249996 5.169396
v -4.105397 43.999996 5.169396
v -3.378175 43.999996 5.897453
v -3.378175 44.249996 5.897453
v -1.792726 44.249996 -5.897450
v -1.792726 43.999996 -5.897450
v -3.378176 43.999996 -5.897449
v -3.378176 44.249996 -5.897449
v -3.378176 44.249996 -5.897449
v -3.378176 43.999996 -5.897449
v -4.105398 43.999996 -5.169392
v -4.105398 44.249996 -5.169392
v -7.500000 12.749999 1.946716
v -8.000000 12.749999 1.946716
v -4.105398 44.249996 -5.169392
v -4.105398 43.999996 -5.169392
v -5.272065 43.999996 -4.001384
v -5.272065 44.249996 -4.001384
v -7.500000 24.749998 -1.843245
v -7.000000 24.749998 -1.843245
v -6.000000 44.249996 -3.272613
v -6.000000 43.999996 -3.272613
v -6.000000 43.999996 -1.843244
v -6.000000 44.249996 -1.843244
v -3.378175 44.249996 5.897453
v -3.378175 43.999996 5.897453
v -1.792725 43.999996 5.897453
v -1.792725 44.249996 5.897453
v -6.500000 44.749996 -1.843244
v -6.000000 44.749996 -1.843244
v -6.000000 44.249996 3.272616
v -6.000000 43.999996 3.272616
v -5.272063 43.999996 4.001389
v -5.272063 44.249996 4.001389
v -5.272065 44.249996 -4.001384
v -5.272065 43.999996 -4.001384
v -6.000000 43.999996 -3.272613
v -6.000000 44.249996 -3.272613
v -6.000000 44.249996 1.843248
v -6.000000 43.999996 1.843248
v -6.000000 43.999996 3.272616
v -6.000000 44.249996 3.272616
v -1.542725 44.042892 6.397438
v -1.542725 44.249996 5.897453
v -1.542725 43.999996 5.897453
v -1.542725 43.750008 6.397433
v -8.000000 12.249999 1.946716
v -7.500000 12.249999 1.946716
v -1.542725 37.249966 6.897392
v -1.542725 36.999996 6.397453
v -1.542725 36.749996 6.397453
v -1.542725 36.957073 6.897372
v -3.585451 36.749996 -6.397449
v -3.585451 36.999996 -6.397449
v -1.792726 36.999996 -6.397450
v -1.792726 36.749996 -6.397450
v -6.500000 36.749996 3.479555
v -6.500000 36.999996 3.479555
v -6.500000 36.999996 1.843248
v -6.500000 36.749996 1.843248
v -6.500000 36.749996 -3.479552
v -6.500000 36.999996 -3.479552
v -5.625821 36.999996 -4.354735
v -5.625821 36.749996 -4.354735
v -3.585450 36.749996 6.397453
v -3.585450 36.999996 6.397453
v -4.459153 36.999996 5.522746
v -4.459153 36.749996 5.522746
v -4.459154 36.749996 -5.522742
v -4.459154 36.999996 -5.522742
v -3.585451 36.999996 -6.397449
v -3.585451 36.749996 -6.397449
v -5.625821 36.749996 -4.354735
v -5.625821 36.999996 -4.354735
v -4.459154 36.999996 -5.522742
v -4.459154 36.749996 -5.522742
v -5.625820 36.749996 4.354739
v -5.625820 36.999996 4.354739
v -6.500000 36.999996 3.479555
v -6.500000 36.749996 3.479555
v -4.459153 36.749996 5.522746
v -4.459153 36.999996 5.522746
v -5.625820 36.999996 4.354739
v -5.625820 36.749996 4.354739
v -1.792725 36.749996 6.397453
v -1.792725 36.999996 6.397453
v -3.585450 36.999996 6.397453
v -3.585450 36.749996 6.397453
v -1.542726 36.957073 -6.897369
v -1.542726 36.749996 -6.397450
v -1.542726 36.999996 -6.397450
v -1.542726 37.249966 -6.897389
v -6.500000 32.249996 -1.843245
v -7.000000 32.249996 -1.843245
v -6.500000 36.749996 -1.843245
v -6.500000 36.999996 -1.843245
v -6.500000 36.999996 -3.479552
v -6.500000 36.749996 -3.479552
v -7.500000 8.749999 1.946716
v -8.000000 8.749999 1.946716
v -8.000000 8.249999 1.946716
v -7.500000 8.249999 1.946716
v -7.000000 36.249996 1.843247
v -6.500000 36.249996 1.843247
v 0.000000 45.499996 6.897452
v 0.000000 47.999996 6.897452
v -1.042723 47.999996 6.897453
v -1.042722 45.499996 6.897453
v -6.000000 44.749996 3.272616
v -6.000000 44.999996 3.272616
v -6.000000 44.999996 1.843248
v -6.000000 44.749996 1.843248
v -6.000000 44.749996 -3.272613
v -6.000000 44.999996 -3.272613
v -5.272065 44.999996 -4.001384
v -5.272065 44.749996 -4.001384
v -5.272063 44.749996 4.001389
v -5.272063 44.999996 4.001389
v -6.000000 44.999996 3.272616
v -6.000000 44.749996 3.272616
v -1.792725 44.749996 5.897453
v -1.792725 44.999996 5.897453
v -3.378175 44.999996 5.897453
v -3.378175 44.749996 5.897453
v -6.000000 44.749996 -1.843244
v -6.000000 44.999996 -1.843244
v -6.000000 44.999996 -3.272613
v -6.000000 44.749996 -3.272613
v -6.500000 32.749996 1.843247
v -7.000000 32.749996 1.843247
v -5.272065 44.749996 -4.001384
v -5.272065 44.999996 -4.001384
v -4.105398 44.999996 -5.169392
v -4.105398 44.749996 -5.169392
v -4.105398 44.749996 -5.169392
v -4.105398 44.999996 -5.169392
v -3.378176 44.999996 -5.897449
v -3.378176 44.749996 -5.897449
v -3.378176 44.749996 -5.897449
v -3.378176 44.999996 -5.897449
v -1.792726 44.999996 -5.897450
v -1.792726 44.749996 -5.897450
v -3.378175 44.749996 5.897453
v -3.378175 44.999996 5.897453
v -4.105397 44.999996 5.169396
v -4.105397 44.749996 5.169396
v -4.105397 44.749996 5.169396
v -4.105397 44.999996 5.169396
v -5.272063 44.999996 4.001389
v -5.272063 44.749996 4.001389
v -1.542726 44.957104 -6.397443
v -1.542726 44.749996 -5.897450
v -1.542726 44.999996 -5.897450
v -1.542726 45.249992 -6.397445
v -6.500000 44.249996 1.843248
v -6.000000 44.249996 1.843248
v -7.000000 32.249996 1.843247
v -6.500000 32.249996 1.843247
v -8.000000 0.750000 -0.250000
v -8.000000 0.750000 -1.696715
v -8.000000 4.250000 -1.946715
v -8.000000 4.250000 0.000000
v -8.000000 4.750000 0.000000
v -8.000000 4.750000 -1.946715
v -8.000000 8.249999 -1.946715
v -8.000000 8.249999 0.000001
v -8.000000 8.749999 0.000001
v -8.000000 8.749999 -1.946715
v -8.000000 12.249999 -1.946715
v -8.000000 12.249999 0.000001
v -8.000000 12.749999 0.000001
v -8.000000 12.749999 -1.946715
v -7.500000 20.249998 -1.843245
v -7.500000 19.999998 -1.843245
v -7.500000 19.999998 0.000001
v -7.500000 20.249998 0.000001
v -7.500000 20.749998 0.000001
v -7.500000 20.749998 -1.843245
v -7.500000 24.249998 -1.843245
v -7.500000 24.249998 0.000001
v -7.500000 24.749998 0.000001
v -7.500000 24.749998 -1.843245
v -8.000000 4.250000 1.946716
v -8.000000 4.750000 1.946716
v -8.000000 8.249999 1.946716
v -8.000000 8.749999 1.946716
v -8.000000 12.249999 1.946716
v -8.000000 12.749999 1.946716
v -7.500000 19.999998 1.843247
v -7.500000 20.249998 1.843247
v -7.500000 20.749998 1.843247
v -7.500000 24.249998 1.843247
v -7.500000 24.749998 1.843247
v -7.000000 32.249996 -1.843245
v -7.000000 31.999998 -1.843245
v -7.000000 31.999998 0.000001
v -7.000000 32.249996 0.000001
v -7.000000 31.999998 1.843247
v -7.000000 32.249996 1.843247
v -7.000000 32.749996 0.000001
v -7.000000 32.749996 -1.843245
v -7.000000 32.749996 1.843247
v -7.000000 36.249996 -1.843245
v -7.000000 36.249996 0.000001
v -7.000000 36.249996 1.843247
v -6.500000 44.249996 -1.843244
v -6.500000 43.999996 -1.843244
v -6.500000 43.999996 0.000002
v -6.500000 44.249996 0.000002
v -6.500000 43.999996 1.843248
v -6.500000 44.249996 1.843248
v -7.000000 36.749996 0.000001
v -7.000000 36.749996 -1.843245
v -7.000000 36.749996 1.843248
v -6.500000 44.749996 1.843248
v -6.500000 44.749996 0.000002
v -6.500000 44.749996 -1.843244
v -8.000000 0.500000 -0.250000
v -8.000000 0.500000 -1.946715
v -8.000000 0.500000 -1.696715
v -2.000000 4.349999 7.497451
v -2.000000 4.249999 7.397451
v 0.000000 4.249999 7.397451
v 0.000000 4.349999 7.497451
v -2.000000 4.350000 -7.497451
v -2.000000 4.250000 -7.397451
v -4.000000 4.250000 -7.397451
v -4.041455 4.350000 -7.497451
v -7.600000 4.349999 2.046716
v -7.500000 4.250000 1.946716
v -7.500000 4.250000 3.893431
v -7.600000 4.349999 3.934819
v -6.404085 4.349999 -5.132107
v -6.333334 4.250000 -5.061437
v -7.500000 4.250000 -3.893430
v -7.600000 4.349999 -3.934818
v -5.237417 4.349999 6.300115
v -5.166666 4.250000 6.229445
v -4.000000 4.249999 7.397452
v -4.041454 4.349999 7.497452
v 0.000000 4.649999 7.497451
v 0.000000 4.749999 7.397451
v -2.000000 4.749999 7.397451
v -2.000000 4.649999 7.497451
v -4.041455 4.650000 -7.497451
v -4.000000 4.750000 -7.397451
v -2.000000 4.750000 -7.397451
v -2.000000 4.650000 -7.497451
v -7.600000 4.650000 3.934819
v -7.500000 4.750000 3.893431
v -7.500000 4.750000 1.946716
v -7.600000 4.650000 2.046716
v -7.600000 4.650000 -3.934818
v -7.500000 4.750000 -3.893430
v -6.333334 4.750000 -5.061437
v -6.404085 4.650000 -5.132107
v -4.041454 4.649999 7.497452
v -4.000000 4.749999 7.397452
v -5.166666 4.750000 6.229445
v -5.237417 4.650000 6.300115
v 0.000000 7.935788 8.497451
v 0.000000 9.064210 8.497451
v -1.249946 9.064211 8.497451
v -1.249957 7.935788 8.497451
v -2.000000 8.349999 -7.497451
v -2.000000 8.249999 -7.397451
v -4.000000 8.249999 -7.397450
v -4.041455 8.349999 -7.497450
v -7.600000 8.349999 2.046716
v -7.500000 8.249999 1.946716
v -7.500000 8.249999 3.893431
v -7.600000 8.349999 3.934819
v -6.404085 8.349999 -5.132107
v -6.333334 8.249999 -5.061437
v -7.500000 8.249999 -3.893430
v -7.600000 8.349999 -3.934818
v -5.237417 8.349999 6.300116
v -5.166666 8.249999 6.229445
v -4.000000 8.249999 7.397452
v -4.041454 8.349999 7.497452
v -1.750000 8.957159 7.897582
v -1.750000 8.749999 7.397452
v -1.750000 8.649999 7.497452
v -1.750000 8.857146 7.997552
v -4.041455 8.649999 -7.497450
v -4.000000 8.749999 -7.397450
v -2.000000 8.749999 -7.397451
v -2.000000 8.649999 -7.497451
v -7.600000 8.649999 3.934819
v -7.500000 8.749999 3.893431
v -7.500000 8.749999 1.946716
v -7.600000 8.649999 2.046716
v -7.600000 8.649999 -3.934818
v -7.500000 8.749999 -3.893430
v -6.333334 8.749999 -5.061437
v -6.404085 8.649999 -5.132107
v -4.041454 8.649999 7.497452
v -4.000000 8.749999 7.397452
v -5.166666 8.749999 6.229445
v -5.237417 8.649999 6.300116
v 0.000000 11.935788 8.497451
v 0.000000 13.064210 8.497451
v -1.249737 13.064211 8.497451
v -1.249801 11.935787 8.497451
v -2.000000 12.349999 -7.497451
v -2.000000 12.249999 -7.397451
v -4.000000 12.249999 -7.397450
v -4.041455 12.349999 -7.497450
v -7.600000 12.349999 2.046716
v -7.500000 12.249999 1.946716
v -7.500000 12.249999 3.893431
v -7.600000 12.349999 3.934819
v -6.404085 12.349999 -5.132107
v -6.333334 12.249999 -5.061437
v -7.500000 12.249999 -3.893430
v -7.600000 12.349999 -3.934818
v -5.237417 12.349999 6.300116
v -5.166666 12.249999 6.229445
v -4.000000 12.249999 7.397452
v -4.041454 12.349999 7.497452
v -1.750000 12.957388 7.898135
v -1.750000 12.749999 7.397452
v -1.750000 12.649999 7.497452
v -1.750000 12.857319 7.997968
v -4.041455 12.649999 -7.497450
v -4.000000 12.749999 -7.397450
v -2.000000 12.749999 -7.397451
v -2.000000 12.649999 -7.497451
v -7.600000 12.649999 3.934819
v -7.500000 12.749999 3.893431
v -7.500000 12.749999 1.946716
v -7.600000 12.649999 2.046716
v -7.600000 12.649999 -3.934818
v -7.500000 12.749999 -3.893430
v -6.333334 12.749999 -5.061437
v -6.404085 12.649999 -5.132107
v -4.041454 12.649999 7.497452
v -4.000000 12.749999 7.397452
v -5.166666 12.749999 6.229445
v -5.237417 12.649999 6.300116
v -4.041455 4.350000 -7.497451
v -4.000000 4.250000 -7.397451
v -5.166667 4.250000 -6.229444
v -5.237418 4.349999 -6.300114
v -5.237418 4.349999 -6.300114
v -5.166667 4.250000 -6.229444
v -6.333334 4.250000 -5.061437
v -6.404085 4.349999 -5.132107
v -7.600000 4.349999 3.934819
v -7.500000 4.250000 3.893431
v -6.333333 4.250000 5.061438
v -6.404084 4.349999 5.132108
v -6.404084 4.349999 5.132108
v -6.333333 4.250000 5.061438
v -5.166666 4.250000 6.229445
v -5.237417 4.349999 6.300115
v -5.237418 4.650000 -6.300114
v -5.166667 4.750000 -6.229444
v -4.000000 4.750000 -7.397451
v -4.041455 4.650000 -7.497451
v -6.404085 4.650000 -5.132107
v -6.333334 4.750000 -5.061437
v -5.166667 4.750000 -6.229444
v -5.237418 4.650000 -6.300114
v -6.404084 4.650000 5.132108
v -6.333333 4.750000 5.061438
v -7.500000 4.750000 3.893431
v -7.600000 4.650000 3.934819
v -5.237417 4.650000 6.300115
v -5.166666 4.750000 6.229445
v -6.333333 4.750000 5.061438
v -6.404084 4.650000 5.132108
v -4.041455 8.349999 -7.497450
v -4.000000 8.249999 -7.397450
v -5.166667 8.249999 -6.229444
v -5.237418 8.349999 -6.300114
v -5.237418 8.349999 -6.300114
v -5.166667 8.249999 -6.229444
v -6.333334 8.249999 -5.061437
v -6.404085 8.349999 -5.132107
v -7.600000 8.349999 3.934819
v -7.500000 8.249999 3.893431
v -6.333333 8.249999 5.061439
v -6.404084 8.349999 5.132109
v -6.404084 8.349999 5.132109
v -6.333333 8.249999 5.061439
v -5.166666 8.249999 6.229445
v -5.237417 8.349999 6.300116
v -5.237418 8.649999 -6.300114
v -5.166667 8.749999 -6.229444
v -4.000000 8.749999 -7.397450
v -4.041455 8.649999 -7.497450
v -6.404085 8.649999 -5.132107
v -6.333334 8.749999 -5.061437
v -5.166667 8.749999 -6.229444
v -5.237418 8.649999 -6.300114
v -6.404084 8.649999 5.132109
v -6.333333 8.749999 5.061439
v -7.500000 8.749999 3.893431
v -7.600000 8.649999 3.934819
v -5.237417 8.649999 6.300116
v -5.166666 8.749999 6.229445
v -6.333333 8.749999 5.061439
v -6.404084 8.649999 5.132109
v -4.041455 12.349999 -7.497450
v -4.000000 12.249999 -7.397450
v -5.166667 12.249999 -6.229444
v -5.237418 12.349999 -6.300114
v -5.237418 12.349999 -6.300114
v -5.166667 12.249999 -6.229444
v -6.333334 12.249999 -5.061437
v -6.404085 12.349999 -5.132107
v -7.600000 12.349999 3.934819
v -7.500000 12.249999 3.893431
v -6.333333 12.249999 5.061439
v -6.404084 12.349999 5.132109
v -6.404084 12.349999 5.132109
v -6.333333 12.249999 5.061439
v -5.166666 12.249999 6.229445
v -5.237417 12.349999 6.300116
v -5.237418 12.649999 -6.300114
v -5.166667 12.749999 -6.229444
v -4.000000 12.749999 -7.397450
v -4.041455 12.649999 -7.497450
v -6.404085 12.649999 -5.132107
v -6.333334 12.749999 -5.061437
v -5.166667 12.749999 -6.229444
v -5.237418 12.649999 -6.300114
v -6.404084 12.649999 5.132109
v -6.333333 12.749999 5.061439
v -7.500000 12.749999 3.893431
v -7.600000 12.649999 3.934819
v -5.237417 12.649999 6.300116
v -5.166666 12.749999 6.229445
v -6.333333 12.749999 5.061439
v -6.404084 12.649999 5.132109
v 0.000000 19.935787 7.997452
v 0.000000 21.064209 7.997452
v -1.146102 21.064209 7.997452
v -1.146044 19.935787 7.997452
v -1.896363 20.349998 -6.997451
v -1.896363 20.249998 -6.897451
v -3.792726 20.249998 -6.897450
v -3.834181 20.349998 -6.997450
v -7.100000 20.349998 1.943247
v -7.000000 20.249998 1.843247
v -7.000000 20.249998 3.686493
v -7.100000 20.349998 3.727881
v -6.050329 20.349998 -4.778757
v -5.979578 20.249998 -4.708086
v -7.000000 20.249998 -3.686491
v -7.100000 20.349998 -3.727879
v -4.883662 20.349998 5.946771
v -4.812911 20.249998 5.876101
v -3.792725 20.249998 6.897452
v -3.834179 20.349998 6.997452
v -3.834181 20.349998 -6.997450
v -3.792726 20.249998 -6.897450
v -4.812911 20.249998 -5.876093
v -4.883662 20.349998 -5.946764
v -4.883662 20.349998 -5.946764
v -4.812911 20.249998 -5.876093
v -5.979578 20.249998 -4.708086
v -6.050329 20.349998 -4.778757
v -7.100000 20.349998 3.727881
v -7.000000 20.249998 3.686493
v -5.979577 20.249998 4.708089
v -6.050328 20.349998 4.778759
v -6.050328 20.349998 4.778759
v -5.979577 20.249998 4.708089
v -4.812911 20.249998 5.876101
v -4.883662 20.349998 5.946771
v 0.000000 23.935787 7.997452
v 0.000000 25.064209 7.997452
v -1.146060 25.064209 7.997452
v -1.146112 23.935787 7.997452
v -1.646362 20.956976 7.397142
v -1.646362 20.749998 6.897452
v -1.646362 20.649998 6.997452
v -1.646362 20.856903 7.496969
v -3.834181 20.649998 -6.997450
v -3.792726 20.749998 -6.897450
v -1.896363 20.749998 -6.897451
v -1.896363 20.649998 -6.997451
v -7.100000 20.649998 3.727881
v -7.000000 20.749998 3.686493
v -7.000000 20.749998 1.843247
v -7.100000 20.649998 1.943247
v -7.100000 20.649998 -3.727879
v -7.000000 20.749998 -3.686491
v -5.979578 20.749998 -4.708086
v -6.050329 20.649998 -4.778757
v -3.834179 20.649998 6.997452
v -3.792725 20.749998 6.897452
v -4.812911 20.749998 5.876101
v -4.883662 20.649998 5.946771
v -4.883662 20.649998 -5.946764
v -4.812911 20.749998 -5.876093
v -3.792726 20.749998 -6.897450
v -3.834181 20.649998 -6.997450
v -6.050329 20.649998 -4.778757
v -5.979578 20.749998 -4.708086
v -4.812911 20.749998 -5.876093
v -4.883662 20.649998 -5.946764
v -6.050328 20.649998 4.778759
v -5.979577 20.749998 4.708089
v -7.000000 20.749998 3.686493
v -7.100000 20.649998 3.727881
v -4.883662 20.649998 5.946771
v -4.812911 20.749998 5.876101
v -5.979577 20.749998 4.708089
v -6.050328 20.649998 4.778759
v -1.896363 24.349998 -6.997450
v -1.896363 24.249998 -6.897450
v -3.792726 24.249998 -6.897450
v -3.834181 24.349998 -6.997450
v -7.100000 24.349998 1.943247
v -7.000000 24.249998 1.843247
v -7.000000 24.249998 3.686493
v -7.100000 24.349998 3.727881
v -6.050329 24.349998 -4.778756
v -5.979578 24.249998 -4.708086
v -7.000000 24.249998 -3.686491
v -7.100000 24.349998 -3.727879
v -4.883662 24.349998 5.946772
v -4.812911 24.249998 5.876101
v -3.792725 24.249998 6.897453
v -3.834179 24.349998 6.997453
v -3.834181 24.349998 -6.997450
v -3.792726 24.249998 -6.897450
v -4.812911 24.249998 -5.876093
v -4.883662 24.349998 -5.946763
v -4.883662 24.349998 -5.946763
v -4.812911 24.249998 -5.876093
v -5.979578 24.249998 -4.708086
v -6.050329 24.349998 -4.778756
v -7.100000 24.349998 3.727881
v -7.000000 24.249998 3.686493
v -5.979577 24.249998 4.708089
v -6.050328 24.349998 4.778759
v -6.050328 24.349998 4.778759
v -5.979577 24.249998 4.708089
v -4.812911 24.249998 5.876101
v -4.883662 24.349998 5.946772
v -1.646362 24.957350 7.398046
v -1.646362 24.749998 6.897452
v -1.646362 24.649998 6.997452
v -1.646362 24.857269 7.497854
v -3.834181 24.649998 -6.997450
v -3.792726 24.749998 -6.897450
v -1.896363 24.749998 -6.897450
v -1.896363 24.649998 -6.997450
v -7.100000 24.649998 3.727881
v -7.000000 24.749998 3.686493
v -7.000000 24.749998 1.843247
v -7.100000 24.649998 1.943247
v -7.100000 24.649998 -3.727879
v -7.000000 24.749998 -3.686491
v -5.979578 24.749998 -4.708086
v -6.050329 24.649998 -4.778756
v -3.834179 24.649998 6.997453
v -3.792725 24.749998 6.897453
v -4.812911 24.749998 5.876101
v -4.883662 24.649998 5.946772
v -4.883662 24.649998 -5.946763
v -4.812911 24.749998 -5.876093
v -3.792726 24.749998 -6.897450
v -3.834181 24.649998 -6.997450
v -6.050329 24.649998 -4.778756
v -5.979578 24.749998 -4.708086
v -4.812911 24.749998 -5.876093
v -4.883662 24.649998 -5.946763
v -6.050328 24.649998 4.778759
v -5.979577 24.749998 4.708089
v -7.000000 24.749998 3.686493
v -7.100000 24.649998 3.727881
v -4.883662 24.649998 5.946772
v -4.812911 24.749998 5.876101
v -5.979577 24.749998 4.708089
v -6.050328 24.649998 4.778759
v -1.542725 32.956924 6.897011
v -1.542725 32.749996 6.397452
v -1.542725 32.649998 6.497452
v -1.542725 32.856865 6.996868
v -4.041454 4.349999 7.497452
v -4.000000 4.249999 7.397452
v -2.000000 4.249999 7.397451
v -2.000000 4.349999 7.497451
v 0.000000 4.350000 -7.497452
v 0.000000 4.250000 -7.397452
v -2.000000 4.250000 -7.397451
v -2.000000 4.350000 -7.497451
v -2.000000 4.649999 7.497451
v -2.000000 4.749999 7.397451
v -4.000000 4.749999 7.397452
v -4.041454 4.649999 7.497452
v -2.000000 4.650000 -7.497451
v -2.000000 4.750000 -7.397451
v 0.000000 4.750000 -7.397452
v 0.000000 4.650000 -7.497452
v -4.041454 8.349999 7.497452
v -4.000000 8.249999 7.397452
v -2.000000 8.249999 7.397452
v -2.000000 8.349999 7.497452
v -1.750000 8.042867 -7.897514
v -1.750000 8.249999 -7.397451
v -1.750000 8.349999 -7.497451
v -1.750000 8.142860 -7.997530
v -2.000000 8.649999 7.497452
v -2.000000 8.749999 7.397452
v -4.000000 8.749999 7.397452
v -4.041454 8.649999 7.497452
v -1.750000 8.857146 -7.997551
v -1.750000 8.649999 -7.497451
v -1.750000 8.749999 -7.397451
v -1.750000 8.957159 -7.897580
v -4.041454 12.349999 7.497452
v -4.000000 12.249999 7.397452
v -2.000000 12.249999 7.397452
v -2.000000 12.349999 7.497452
v -1.750000 12.042771 -7.897745
v -1.750000 12.249999 -7.397451
v -1.750000 12.349999 -7.497451
v -1.750000 12.142732 -7.997841
v -2.000000 12.649999 7.497452
v -2.000000 12.749999 7.397452
v -4.000000 12.749999 7.397452
v -4.041454 12.649999 7.497452
v -1.750000 12.857319 -7.997967
v -1.750000 12.649999 -7.497451
v -1.750000 12.749999 -7.397451
v -1.750000 12.957388 -7.898134
v -3.834179 20.349998 6.997452
v -3.792725 20.249998 6.897452
v -1.896362 20.249998 6.897452
v -1.896362 20.349998 6.997452
v -1.646363 20.043289 -7.396492
v -1.646363 20.249998 -6.897451
v -1.646363 20.349998 -6.997451
v -1.646363 20.143181 -7.496758
v -3.834179 24.349998 6.997453
v -3.792725 24.249998 6.897453
v -1.896362 24.249998 6.897452
v -1.896362 24.349998 6.997452
v -1.896362 20.649998 6.997452
v -1.896362 20.749998 6.897452
v -3.792725 20.749998 6.897452
v -3.834179 20.649998 6.997452
v -1.646363 20.856905 -7.496968
v -1.646363 20.649998 -6.997451
v -1.646363 20.749998 -6.897451
v -1.646363 20.956974 -7.397139
v -1.646363 24.042850 -7.397553
v -1.646363 24.249998 -6.897450
v -1.646363 24.349998 -6.997450
v -1.646363 24.142792 -7.497693
v -1.896362 24.649998 6.997452
v -1.896362 24.749998 6.897452
v -3.792725 24.749998 6.897453
v -3.834179 24.649998 6.997453
v -1.646363 24.857271 -7.497852
v -1.646363 24.649998 -6.997450
v -1.646363 24.749998 -6.897450
v -1.646363 24.957350 -7.398043
v -7.600000 4.650000 2.046716
v -7.500000 4.750000 1.946716
v -8.000000 4.750000 1.946716
v -8.100000 4.650000 2.046716
v -8.100000 4.349999 2.046716
v -8.000000 4.250000 1.946716
v -7.500000 4.250000 1.946716
v -7.600000 4.349999 2.046716
v -7.600000 4.349999 -2.046715
v -7.500000 4.250000 -1.946715
v -8.000000 4.250000 -1.946715
v -8.100000 4.349999 -2.046715
v -6.100000 44.649998 1.943248
v -6.000000 44.749996 1.843248
v -6.500000 44.749996 1.843248
v -6.600000 44.649998 1.943248
v -7.100000 32.649998 -1.943245
v -7.000000 32.749996 -1.843245
v -6.500000 32.749996 -1.843245
v -6.600000 32.649998 -1.943245
v -6.600000 36.349995 -1.943245
v -6.500000 36.249996 -1.843245
v -7.000000 36.249996 -1.843245
v -7.100000 36.349995 -1.943245
v -8.100000 4.650000 -2.046715
v -8.000000 4.750000 -1.946715
v -7.500000 4.750000 -1.946715
v -7.600000 4.650000 -2.046715
v -7.600000 8.349999 -2.046715
v -7.500000 8.249999 -1.946715
v -8.000000 8.249999 -1.946715
v -8.100000 8.349999 -2.046715
v -6.100000 44.349995 -1.943244
v -6.000000 44.249996 -1.843244
v -6.500000 44.249996 -1.843244
v -6.600000 44.349995 -1.943244
v -8.100000 8.649999 -2.046715
v -8.000000 8.749999 -1.946715
v -7.500000 8.749999 -1.946715
v -7.600000 8.649999 -2.046715
v -7.600000 12.349999 -2.046715
v -7.500000 12.249999 -1.946715
v -8.000000 12.249999 -1.946715
v -8.100000 12.349999 -2.046715
v -7.100000 24.649998 1.943247
v -7.000000 24.749998 1.843247
v -7.500000 24.749998 1.843247
v -7.600000 24.649998 1.943247
v -7.600000 24.349998 1.943247
v -7.500000 24.249998 1.843247
v -7.000000 24.249998 1.843247
v -7.100000 24.349998 1.943247
v -8.100000 12.649999 -2.046715
v -8.000000 12.749999 -1.946715
v -7.500000 12.749999 -1.946715
v -7.600000 12.649999 -2.046715
v -7.100000 20.649998 1.943247
v -7.000000 20.749998 1.843247
v -7.500000 20.749998 1.843247
v -7.600000 20.649998 1.943247
v -7.600000 4.349999 -3.934818
v -7.500000 4.250000 -3.893430
v -7.500000 4.250000 -1.946715
v -7.600000 4.349999 -2.046715
v -7.600000 4.650000 -2.046715
v -7.500000 4.750000 -1.946715
v -7.500000 4.750000 -3.893430
v -7.600000 4.650000 -3.934818
v -7.600000 8.349999 -3.934818
v -7.500000 8.249999 -3.893430
v -7.500000 8.249999 -1.946715
v -7.600000 8.349999 -2.046715
v -7.600000 8.649999 -2.046715
v -7.500000 8.749999 -1.946715
v -7.500000 8.749999 -3.893430
v -7.600000 8.649999 -3.934818
v -7.600000 12.349999 -3.934818
v -7.500000 12.249999 -3.893430
v -7.500000 12.249999 -1.946715
v -7.600000 12.349999 -2.046715
v -7.600000 12.649999 -2.046715
v -7.500000 12.749999 -1.946715
v -7.500000 12.749999 -3.893430
v -7.600000 12.649999 -3.934818
v -7.100000 20.349998 -3.727879
v -7.000000 20.249998 -3.686491
v -7.000000 20.249998 -1.843245
v -7.100000 20.349998 -1.943245
v -7.100000 20.649998 -1.943245
v -7.000000 20.749998 -1.843245
v -7.000000 20.749998 -3.686491
v -7.100000 20.649998 -3.727879
v -7.100000 24.349998 -3.727879
v -7.000000 24.249998 -3.686491
v -7.000000 24.249998 -1.843245
v -7.100000 24.349998 -1.943245
v -7.100000 24.649998 -1.943245
v -7.000000 24.749998 -1.843245
v -7.000000 24.749998 -3.686491
v -7.100000 24.649998 -3.727879
v 0.000000 31.935785 7.497454
v 0.000000 33.064209 7.497454
v -1.042511 33.064213 7.497453
v -1.042441 31.935781 7.497453
v -1.792726 32.349995 -6.497450
v -1.792726 32.249996 -6.397450
v -3.585451 32.249996 -6.397450
v -3.626906 32.349995 -6.497450
v -6.600000 32.349995 1.943247
v -6.500000 32.249996 1.843247
v -6.500000 32.249996 3.479555
v -6.600000 32.349995 3.520942
v -5.696572 32.349995 -4.425406
v -5.625821 32.249996 -4.354735
v -6.500000 32.249996 -3.479552
v -6.600000 32.349995 -3.520940
v -4.529904 32.349995 5.593416
v -4.459153 32.249996 5.522746
v -3.585450 32.249996 6.397453
v -3.626905 32.349995 6.497453
v -3.626906 32.349995 -6.497450
v -3.585451 32.249996 -6.397450
v -4.459154 32.249996 -5.522742
v -4.529905 32.349995 -5.593412
v -4.529905 32.349995 -5.593412
v -4.459154 32.249996 -5.522742
v -5.625821 32.249996 -4.354735
v -5.696572 32.349995 -4.425406
v -6.600000 32.349995 3.520942
v -6.500000 32.249996 3.479555
v -5.625820 32.249996 4.354738
v -5.696571 32.349995 4.425408
v -5.696571 32.349995 4.425408
v -5.625820 32.249996 4.354738
v -4.459153 32.249996 5.522746
v -4.529904 32.349995 5.593416
v -1.542725 36.142944 6.997310
v -1.542725 36.349995 6.497453
v -1.542725 36.249996 6.397453
v -1.542725 36.042965 6.897264
v -3.626905 32.349995 6.497453
v -3.585450 32.249996 6.397453
v -1.792725 32.249996 6.397452
v -1.792725 32.349995 6.497452
v -1.542726 32.043312 -6.896423
v -1.542726 32.249996 -6.397450
v -1.542726 32.349995 -6.497450
v -1.542726 32.143208 -6.996675
v -7.600000 20.349998 1.943247
v -7.500000 20.249998 1.843247
v -7.000000 20.249998 1.843247
v -7.100000 20.349998 1.943247
v -7.100000 20.349998 -1.943245
v -7.000000 20.249998 -1.843245
v -7.500000 20.249998 -1.843245
v -7.600000 20.349998 -1.943245
v -6.600000 32.349995 -3.520940
v -6.500000 32.249996 -3.479552
v -6.500000 32.249996 -1.843245
v -6.600000 32.349995 -1.943245
v -3.626906 32.649998 -6.497450
v -3.585451 32.749996 -6.397450
v -1.792726 32.749996 -6.397450
v -1.792726 32.649998 -6.497450
v -6.600000 32.649998 3.520942
v -6.500000 32.749996 3.479555
v -6.500000 32.749996 1.843247
v -6.600000 32.649998 1.943247
v -6.600000 32.649998 -3.520940
v -6.500000 32.749996 -3.479552
v -5.625821 32.749996 -4.354735
v -5.696572 32.649998 -4.425406
v -3.626905 32.649998 6.497453
v -3.585450 32.749996 6.397453
v -4.459153 32.749996 5.522746
v -4.529904 32.649998 5.593416
v -4.529905 32.649998 -5.593412
v -4.459154 32.749996 -5.522742
v -3.585451 32.749996 -6.397450
v -3.626906 32.649998 -6.497450
v -5.696572 32.649998 -4.425406
v -5.625821 32.749996 -4.354735
v -4.459154 32.749996 -5.522742
v -4.529905 32.649998 -5.593412
v -5.696571 32.649998 4.425408
v -5.625820 32.749996 4.354738
v -6.500000 32.749996 3.479555
v -6.600000 32.649998 3.520942
v -4.529904 32.649998 5.593416
v -4.459153 32.749996 5.522746
v -5.625820 32.749996 4.354738
v -5.696571 32.649998 4.425408
v -1.792725 32.649998 6.497452
v -1.792725 32.749996 6.397452
v -3.585450 32.749996 6.397453
v -3.626905 32.649998 6.497453
v -1.542726 32.856865 -6.996866
v -1.542726 32.649998 -6.497450
v -1.542726 32.749996 -6.397450
v -1.542726 32.956924 -6.897009
v -6.600000 32.649998 -1.943245
v -6.500000 32.749996 -1.843245
v -6.500000 32.749996 -3.479552
v -6.600000 32.649998 -3.520940
v -1.792726 36.349995 -6.497450
v -1.792726 36.249996 -6.397450
v -3.585451 36.249996 -6.397449
v -3.626906 36.349995 -6.497449
v -6.600000 36.349995 1.943247
v -6.500000 36.249996 1.843247
v -6.500000 36.249996 3.479555
v -6.600000 36.349995 3.520942
v -5.696572 36.349995 -4.425405
v -5.625821 36.249996 -4.354735
v -6.500000 36.249996 -3.479552
v -6.600000 36.349995 -3.520940
v -4.529904 36.349995 5.593416
v -4.459153 36.249996 5.522746
v -3.585450 36.249996 6.397453
v -3.626905 36.349995 6.497453
v -3.626906 36.349995 -6.497449
v -3.585451 36.249996 -6.397449
v -4.459154 36.249996 -5.522742
v -4.529905 36.349995 -5.593412
v -4.529905 36.349995 -5.593412
v -4.459154 36.249996 -5.522742
v -5.625821 36.249996 -4.354735
v -5.696572 36.349995 -4.425405
v -6.600000 36.349995 3.520942
v -6.500000 36.249996 3.479555
v -5.625820 36.249996 4.354739
v -5.696571 36.349995 4.425409
v -5.696571 36.349995 4.425409
v -5.625820 36.249996 4.354739
v -4.459153 36.249996 5.522746
v -4.529904 36.349995 5.593416
v -3.626905 36.349995 6.497453
v -3.585450 36.249996 6.397453
v -1.792725 36.249996 6.397453
v -1.792725 36.349995 6.497453
v -1.542726 36.042965 -6.897261
v -1.542726 36.249996 -6.397450
v -1.542726 36.349995 -6.497450
v -1.542726 36.142944 -6.997307
v -6.600000 36.349995 -3.520940
v -6.500000 36.249996 -3.479552
v -6.500000 36.249996 -1.843245
v -6.600000 36.349995 -1.943245
v -6.600000 36.649998 1.943248
v -6.500000 36.749996 1.843248
v -7.000000 36.749996 1.843248
v -7.100000 36.649998 1.943248
v -7.600000 20.649998 -1.943245
v -7.500000 20.749998 -1.843245
v -7.000000 20.749998 -1.843245
v -7.100000 20.649998 -1.943245
v -7.100000 24.349998 -1.943245
v -7.000000 24.249998 -1.843245
v -7.500000 24.249998 -1.843245
v -7.600000 24.349998 -1.943245
v -7.100000 36.649998 -1.943245
v -7.000000 36.749996 -1.843245
v -6.500000 36.749996 -1.843245
v -6.600000 36.649998 -1.943245
v -1.542726 44.042892 -6.397435
v -1.542726 44.249996 -5.897450
v -1.542726 44.349995 -5.997450
v -1.542726 44.142891 -6.497438
v -5.342814 44.349995 4.072059
v -5.272063 44.249996 4.001389
v -4.105397 44.249996 5.169396
v -4.176148 44.349995 5.240066
v -4.176148 44.349995 5.240066
v -4.105397 44.249996 5.169396
v -3.378175 44.249996 5.897453
v -3.419630 44.349995 5.997453
v -1.792726 44.349995 -5.997450
v -1.792726 44.249996 -5.897450
v -3.378176 44.249996 -5.897449
v -3.419631 44.349995 -5.997449
v -3.419631 44.349995 -5.997449
v -3.378176 44.249996 -5.897449
v -4.105398 44.249996 -5.169392
v -4.176149 44.349995 -5.240062
v -7.600000 12.649999 2.046716
v -7.500000 12.749999 1.946716
v -8.000000 12.749999 1.946716
v -8.100000 12.649999 2.046716
v -4.176149 44.349995 -5.240062
v -4.105398 44.249996 -5.169392
v -5.272065 44.249996 -4.001384
v -5.342816 44.349995 -4.072054
v -7.600000 24.649998 -1.943245
v -7.500000 24.749998 -1.843245
v -7.000000 24.749998 -1.843245
v -7.100000 24.649998 -1.943245
v -6.100000 44.349995 -3.314001
v -6.000000 44.249996 -3.272613
v -6.000000 44.249996 -1.843244
v -6.100000 44.349995 -1.943244
v -3.419630 44.349995 5.997453
v -3.378175 44.249996 5.897453
v -1.792725 44.249996 5.897453
v -1.792725 44.349995 5.997453
v -6.600000 44.649998 -1.943244
v -6.500000 44.749996 -1.843244
v -6.000000 44.749996 -1.843244
v -6.100000 44.649998 -1.943244
v -6.100000 44.349995 3.314003
v -6.000000 44.249996 3.272616
v -5.272063 44.249996 4.001389
v -5.342814 44.349995 4.072059
v -5.342816 44.349995 -4.072054
v -5.272065 44.249996 -4.001384
v -6.000000 44.249996 -3.272613
v -6.100000 44.349995 -3.314001
v -6.100000 44.349995 1.943248
v -6.000000 44.249996 1.843248
v -6.000000 44.249996 3.272616
v -6.100000 44.349995 3.314003
v -1.542725 44.142891 6.497441
v -1.542725 44.349995 5.997453
v -1.542725 44.249996 5.897453
v -1.542725 44.042892 6.397438
v -8.100000 12.349999 2.046716
v -8.000000 12.249999 1.946716
v -7.500000 12.249999 1.946716
v -7.600000 12.349999 2.046716
v -1.542725 36.957073 6.897372
v -1.542725 36.749996 6.397453
v -1.542725 36.649998 6.497453
v -1.542725 36.857063 6.997345
v -3.626906 36.649998 -6.497449
v -3.585451 36.749996 -6.397449
v -1.792726 36.749996 -6.397450
v -1.792726 36.649998 -6.497450
v -6.600000 36.649998 3.520942
v -6.500000 36.749996 3.479555
v -6.500000 36.749996 1.843248
v -6.600000 36.649998 1.943248
v -6.600000 36.649998 -3.520940
v -6.500000 36.749996 -3.479552
v -5.625821 36.749996 -4.354735
v -5.696572 36.649998 -4.425405
v -3.626905 36.649998 6.497453
v -3.585450 36.749996 6.397453
v -4.459153 36.749996 5.522746
v -4.529904 36.649998 5.593416
v -4.529905 36.649998 -5.593412
v -4.459154 36.749996 -5.522742
v -3.585451 36.749996 -6.397449
v -3.626906 36.649998 -6.497449
v -5.696572 36.649998 -4.425405
v -5.625821 36.749996 -4.354735
v -4.459154 36.749996 -5.522742
v -4.529905 36.649998 -5.593412
v -5.696571 36.649998 4.425409
v -5.625820 36.749996 4.354739
v -6.500000 36.749996 3.479555
v -6.600000 36.649998 3.520942
v -4.529904 36.649998 5.593416
v -4.459153 36.749996 5.522746
v -5.625820 36.749996 4.354739
v -5.696571 36.649998 4.425409
v -1.792725 36.649998 6.497453
v -1.792725 36.749996 6.397453
v -3.585450 36.749996 6.397453
v -3.626905 36.649998 6.497453
v -1.042674 35.935780 -7.497451
v -1.042687 37.064213 -7.497451
v 0.000000 37.064209 -7.497453
v 0.000000 35.935783 -7.497453
v -6.600000 32.349995 -1.943245
v -6.500000 32.249996 -1.843245
v -7.000000 32.249996 -1.843245
v -7.100000 32.349995 -1.943245
v -6.600000 36.649998 -1.943245
v -6.500000 36.749996 -1.843245
v -6.500000 36.749996 -3.479552
v -6.600000 36.649998 -3.520940
v -7.600000 8.649999 2.046716
v -7.500000 8.749999 1.946716
v -8.000000 8.749999 1.946716
v -8.100000 8.649999 2.046716
v -8.100000 8.349999 2.046716
v -8.000000 8.249999 1.946716
v -7.500000 8.249999 1.946716
v -7.600000 8.349999 2.046716
v -7.100000 36.349995 1.943247
v -7.000000 36.249996 1.843247
v -6.500000 36.249996 1.843247
v -6.600000 36.349995 1.943247
v -1.542725 44.957104 6.397446
v -1.542725 44.749996 5.897453
v -1.542725 44.649998 5.997453
v -1.542725 44.857105 6.497444
v -6.100000 44.649998 3.314003
v -6.000000 44.749996 3.272616
v -6.000000 44.749996 1.843248
v -6.100000 44.649998 1.943248
v -6.100000 44.649998 -3.314001
v -6.000000 44.749996 -3.272613
v -5.272065 44.749996 -4.001384
v -5.342816 44.649998 -4.072054
v -5.342814 44.649998 4.072059
v -5.272063 44.749996 4.001389
v -6.000000 44.749996 3.272616
v -6.100000 44.649998 3.314003
v -1.792725 44.649998 5.997453
v -1.792725 44.749996 5.897453
v -3.378175 44.749996 5.897453
v -3.419630 44.649998 5.997453
v -6.100000 44.649998 -1.943244
v -6.000000 44.749996 -1.843244
v -6.000000 44.749996 -3.272613
v -6.100000 44.649998 -3.314001
v -6.600000 32.649998 1.943247
v -6.500000 32.749996 1.843247
v -7.000000 32.749996 1.843247
v -7.100000 32.649998 1.943247
v -5.342816 44.649998 -4.072054
v -5.272065 44.749996 -4.001384
v -4.105398 44.749996 -5.169392
v -4.176149 44.649998 -5.240062
v -4.176149 44.649998 -5.240062
v -4.105398 44.749996 -5.169392
v -3.378176 44.749996 -5.897449
v -3.419631 44.649998 -5.997449
v -3.419631 44.649998 -5.997449
v -3.378176 44.749996 -5.897449
v -1.792726 44.749996 -5.897450
v -1.792726 44.649998 -5.997450
v -3.419630 44.649998 5.997453
v -3.378175 44.749996 5.897453
v -4.105397 44.749996 5.169396
v -4.176148 44.649998 5.240066
v -4.176148 44.649998 5.240066
v -4.105397 44.749996 5.169396
v -5.272063 44.749996 4.001389
v -5.342814 44.649998 4.072059
v -1.542726 44.857105 -6.497441
v -1.542726 44.649998 -5.997450
v -1.542726 44.749996 -5.897450
v -1.542726 44.957104 -6.397443
v -6.600000 44.349995 1.943248
v -6.500000 44.249996 1.843248
v -6.000000 44.249996 1.843248
v -6.100000 44.349995 1.943248
v -7.100000 32.349995 1.943247
v -7.000000 32.249996 1.843247
v -6.500000 32.249996 1.843247
v -6.600000 32.349995 1.943247
v -8.100000 0.650000 -0.350000
v -8.000000 0.750000 -0.250000
v -8.000000 0.750000 -1.696715
v -8.100000 0.650000 -1.596715
v -8.100000 4.349999 -2.046715
v -8.000000 4.250000 -1.946715
v -8.000000 4.250000 0.000000
v -8.100000 4.349999 0.000000
v -8.100000 4.650000 0.000000
v -8.000000 4.750000 0.000000
v -8.000000 4.750000 -1.946715
v -8.100000 4.650000 -2.046715
v -8.100000 8.349999 -2.046715
v -8.000000 8.249999 -1.946715
v -8.000000 8.249999 0.000001
v -8.100000 8.349999 0.000001
v -8.100000 8.649999 0.000001
v -8.000000 8.749999 0.000001
v -8.000000 8.749999 -1.946715
v -8.100000 8.649999 -2.046715
v -8.100000 12.349999 -2.046715
v -8.000000 12.249999 -1.946715
v -8.000000 12.249999 0.000001
v -8.100000 12.349999 0.000001
v -8.100000 12.649999 0.000001
v -8.000000 12.749999 0.000001
v -8.000000 12.749999 -1.946715
v -8.100000 12.649999 -2.046715
v -7.600000 20.349998 -1.943245
v -7.500000 20.249998 -1.843245
v -7.500000 20.249998 0.000001
v -7.600000 20.349998 0.000001
v -7.600000 20.649998 0.000001
v -7.500000 20.749998 0.000001
v -7.500000 20.749998 -1.843245
v -7.600000 20.649998 -1.943245
v -7.600000 24.349998 -1.943245
v -7.500000 24.249998 -1.843245
v -7.500000 24.249998 0.000001
v -7.600000 24.349998 0.000001
v -7.600000 24.649998 0.000001
v -7.500000 24.749998 0.000001
v -7.500000 24.749998 -1.843245
v -7.600000 24.649998 -1.943245
v -8.100000 4.349999 0.000000
v -8.000000 4.250000 0.000000
v -8.000000 4.250000 1.946716
v -8.100000 4.349999 2.046716
v -8.100000 4.650000 2.046716
v -8.000000 4.750000 1.946716
v -8.000000 4.750000 0.000000
v -8.100000 4.650000 0.000000
v -8.100000 8.349999 0.000001
v -8.000000 8.249999 0.000001
v -8.000000 8.249999 1.946716
v -8.100000 8.349999 2.046716
v -8.100000 8.649999 2.046716
v -8.000000 8.749999 1.946716
v -8.000000 8.749999 0.000001
v -8.100000 8.649999 0.000001
v -8.100000 12.349999 0.000001
v -8.000000 12.249999 0.000001
v -8.000000 12.249999 1.946716
v -8.100000 12.349999 2.046716
v -8.100000 12.649999 2.046716
v -8.000000 12.749999 1.946716
v -8.000000 12.749999 0.000001
v -8.100000 12.649999 0.000001
v -7.600000 20.349998 0.000001
v -7.500000 20.249998 0.000001
v -7.500000 20.249998 1.843247
v -7.600000 20.349998 1.943247
v -7.600000 20.649998 1.943247
v -7.500000 20.749998 1.843247
v -7.500000 20.749998 0.000001
v -7.600000 20.649998 0.000001
v -7.600000 24.349998 0.000001
v -7.500000 24.249998 0.000001
v -7.500000 24.249998 1.843247
v -7.600000 24.349998 1.943247
v -7.600000 24.649998 1.943247
v -7.500000 24.749998 1.843247
v -7.500000 24.749998 0.000001
v -7.600000 24.649998 0.000001
v -7.100000 32.349995 -1.943245
v -7.000000 32.249996 -1.843245
v -7.000000 32.249996 0.000001
v -7.100000 32.349995 0.000001
v -7.100000 32.349995 0.000001
v -7.000000 32.249996 0.000001
v -7.000000 32.249996 1.843247
v -7.100000 32.349995 1.943247
v -7.100000 32.649998 0.000001
v -7.000000 32.749996 0.000001
v -7.000000 32.749996 -1.843245
v -7.100000 32.649998 -1.943245
v -7.100000 32.649998 1.943247
v -7.000000 32.749996 1.843247
v -7.000000 32.749996 0.000001
v -7.100000 32.649998 0.000001
v -7.100000 36.349995 -1.943245
v -7.000000 36.249996 -1.843245
v -7.000000 36.249996 0.000001
v -7.100000 36.349995 0.000001
v -7.100000 36.349995 0.000001
v -7.000000 36.249996 0.000001
v -7.000000 36.249996 1.843247
v -7.100000 36.349995 1.943247
v -6.600000 44.349995 -1.943244
v -6.500000 44.249996 -1.843244
v -6.500000 44.249996 0.000002
v -6.600000 44.349995 0.000002
v -6.600000 44.349995 0.000002
v -6.500000 44.249996 0.000002
v -6.500000 44.249996 1.843248
v -6.600000 44.349995 1.943248
v -7.100000 36.649998 0.000001
v -7.000000 36.749996 0.000001
v -7.000000 36.749996 -1.843245
v -7.100000 36.649998 -1.943245
v -7.100000 36.649998 1.943248
v -7.000000 36.749996 1.843248
v -7.000000 36.749996 0.000001
v -7.100000 36.649998 0.000001
v -6.600000 44.649998 1.943248
v -6.500000 44.749996 1.843248
v -6.500000 44.749996 0.000002
v -6.600000 44.649998 0.000002
v -6.600000 44.649998 0.000002
v -6.500000 44.749996 0.000002
v -6.500000 44.749996 -1.843244
v -6.600000 44.649998 -1.943244
v -8.100000 0.500000 -0.350000
v -8.000000 0.500000 -0.250000
v -8.000000 0.750000 -0.250000
v -8.100000 0.650000 -0.350000
v -8.100000 0.650000 -1.596715
v -8.000000 0.750000 -1.696715
v -8.000000 0.500000 -1.696715
v -8.100000 0.500000 -1.596715
v 0.000000 3.353553 6.892426
v 0.000000 3.505025 7.043898
v -1.528595 3.528595 7.067468
v -1.377124 3.377123 6.915996
v -1.377124 3.377123 6.915996
v -1.528595 3.528595 7.067468
v -1.505025 1.000000 7.043898
v -1.353553 1.000000 6.892426
v -1.000000 3.000000 6.397451
v -1.000000 3.000000 5.897451
v -1.000000 3.000000 5.897451
v -1.000000 3.000000 6.397451
v -1.000000 1.000000 6.397451
v -1.000000 1.000000 5.897451
v 0.000000 3.646446 7.043898
v 0.000000 4.000000 7.397451
v -2.000000 4.000000 7.397451
v -1.646446 3.646446 7.043898
v -1.646446 3.646446 7.043898
v -2.000000 4.000000 7.397451
v -2.000000 1.000000 7.397451
v -1.646446 1.000000 7.043898
v -1.353553 3.353553 6.751005
v -1.000000 3.000000 6.397451
v 0.000000 3.000000 6.397451
v 0.000000 3.353553 6.751004
v -1.353553 1.000000 6.751005
v -1.000000 1.000000 6.397451
v -1.000000 3.000000 6.397451
v -1.353553 3.353553 6.751005
v 0.000000 3.505025 7.043898
v 0.000000 3.646446 7.043898
v -1.646446 3.646446 7.043898
v -1.528595 3.528595 7.067468
v -1.528595 3.528595 7.067468
v -1.646446 3.646446 7.043898
v -1.646446 1.000000 7.043898
v -1.505025 1.000000 7.043898
v -1.377124 3.377123 6.915996
v -1.353553 3.353553 6.751005
v 0.000000 3.353553 6.751004
v 0.000000 3.353553 6.892426
v -1.353553 1.000000 6.892426
v -1.353553 1.000000 6.751005
v -1.353553 3.353553 6.751005
v -1.377124 3.377123 6.915996
v -3.251642 48.999996 -2.343244
v -3.751642 48.999996 -1.843244
v -3.751642 48.999996 0.000002
v -3.251642 48.999996 0.000002
v -3.251642 48.999996 2.343248
v -3.751642 48.999996 1.843248
v -4.918307 48.999996 1.843248
v -4.918307 48.999996 2.343248
v -4.918308 48.999996 -2.343244
v -4.918308 48.999996 -1.843244
v -1.542725 49.499992 5.147453
v -1.542725 48.999996 5.147453
v -1.542725 48.999996 5.397453
v -1.542725 49.499992 5.604559
v -5.000000 48.999996 2.343248
v -5.500000 48.999996 1.843248
v -5.500000 48.999996 3.065677
v -5.000000 48.999996 2.858737
v -4.564553 48.999996 -3.294683
v -4.918310 48.999996 -3.648033
v -5.500000 48.999996 -3.065674
v -5.000000 48.999996 -2.858735
v -5.000000 48.999996 2.858737
v -5.500000 48.999996 3.065677
v -4.918307 48.999996 3.648031
v -4.564552 48.999996 3.294680
v -2.963624 48.999996 4.897454
v -3.170901 48.999996 5.397454
v -1.792725 48.999996 5.397453
v -1.792725 48.999996 4.897453
v -5.000000 48.999996 -2.858735
v -5.500000 48.999996 -3.065674
v -5.500000 48.999996 -1.843244
v -5.000000 48.999996 -2.343244
v -3.397885 48.999996 -4.462690
v -3.751642 48.999996 -4.816041
v -4.918310 48.999996 -3.648033
v -4.564553 48.999996 -3.294683
v -2.963626 48.999996 -4.897449
v -3.170901 48.999996 -5.397449
v -3.751642 48.999996 -4.816041
v -3.397885 48.999996 -4.462690
v -1.792726 48.999996 -4.897449
v -1.792726 48.999996 -5.397449
v -3.170901 48.999996 -5.397449
v -2.963626 48.999996 -4.897449
v -3.397883 48.999996 4.462690
v -3.751640 48.999996 4.816039
v -4.564552 48.999996 3.294680
v -4.918307 48.999996 3.648031
v -3.751640 48.999996 4.816039
v -3.397883 48.999996 4.462690
v -1.542726 49.499992 -5.604555
v -1.542726 48.999996 -5.397449
v -1.542726 48.999996 -5.147449
v -1.542726 49.499992 -5.147449
v -5.500000 48.999996 1.843248
v -5.000000 48.999996 2.343248
v -3.251642 48.899998 -2.343244
v -3.251642 48.999996 -2.343244
v -3.251642 48.999996 0.000002
v -3.251642 48.899998 0.000002
v -3.251642 48.899998 2.343248
v -3.251642 48.999996 2.343248
v -4.918307 48.999996 2.343248
v -4.918307 48.899998 2.343248
v -4.918308 48.899998 -2.343244
v -4.918308 48.999996 -2.343244
v -3.251642 48.999996 -2.343244
v -3.251642 48.899998 -2.343244
v -3.251642 48.899998 0.000002
v -3.251642 48.999996 0.000002
v -3.251642 48.999996 2.343248
v -3.251642 48.899998 2.343248
v -1.792725 48.899998 4.897453
v -1.792725 48.999996 4.897453
v 0.000000 48.999996 4.897453
v 0.000000 48.899998 4.897453
v -5.000000 48.899998 2.343248
v -5.000000 48.999996 2.343248
v -5.000000 48.999996 2.858737
v -5.000000 48.899998 2.858737
v -4.564553 48.899998 -3.294683
v -4.564553 48.999996 -3.294683
v -5.000000 48.999996 -2.858735
v -5.000000 48.899998 -2.858735
v -5.000000 48.899998 2.858737
v -5.000000 48.999996 2.858737
v -4.564552 48.999996 3.294680
v -4.564552 48.899998 3.294680
v -2.963624 48.899998 4.897454
v -2.963624 48.999996 4.897454
v -1.792725 48.999996 4.897453
v -1.792725 48.899998 4.897453
v -5.000000 48.899998 -2.858735
v -5.000000 48.999996 -2.858735
v -5.000000 48.999996 -2.343244
v -5.000000 48.899998 -2.343244
v -3.397885 48.899998 -4.462690
v -3.397885 48.999996 -4.462690
v -4.564553 48.999996 -3.294683
v -4.564553 48.899998 -3.294683
v -2.963626 48.899998 -4.897449
v -2.963626 48.999996 -4.897449
v -3.397885 48.999996 -4.462690
v -3.397885 48.899998 -4.462690
v -1.792726 48.899998 -4.897449
v -1.792726 48.999996 -4.897449
v -2.963626 48.999996 -4.897449
v -2.963626 48.899998 -4.897449
v -3.397883 48.899998 4.462690
v -3.397883 48.999996 4.462690
v -2.963624 48.999996 4.897454
v -2.963624 48.899998 4.897454
v -4.564552 48.899998 3.294680
v -4.564552 48.999996 3.294680
v -3.397883 48.999996 4.462690
v -3.397883 48.899998 4.462690
v 0.000000 48.899998 -4.897450
v 0.000000 48.999996 -4.897450
v -1.792726 48.999996 -4.897449
v -1.792726 48.899998 -4.897449
v -4.918307 48.899998 2.343248
v -4.918307 48.999996 2.343248
v -5.000000 48.999996 2.343248
v -5.000000 48.899998 2.343248
v -5.000000 48.899998 -2.343244
v -5.000000 48.999996 -2.343244
v -1.750000 5.249999 7.397451
v -2.000000 4.999999 7.397451
v 0.000000 4.999999 7.397451
v 0.000000 5.249999 7.397451
v 0.000000 5.250000 -7.397452
v 0.000000 5.000000 -7.397452
v -2.000000 5.000000 -7.397451
v -1.750000 5.250000 -7.397451
v -1.646362 28.487112 6.910338
v -1.896362 28.499998 6.897452
v -1.896362 27.999998 6.897452
v -1.646362 27.999998 6.897452
v -1.646363 28.487112 -6.910336
v -1.896363 28.499998 -6.897450
v -1.792726 28.999998 -6.397450
v -1.542726 28.987112 -6.410336
v -1.542725 28.987112 6.410338
v -1.792725 28.999998 6.397452
v -1.896362 28.499998 6.897452
v -1.646362 28.487112 6.910338
v -1.646363 27.999998 -6.897450
v -1.896363 27.999998 -6.897450
v -1.896363 28.499998 -6.897450
v -1.646363 28.487112 -6.910336
v -1.646363 24.999998 -6.897450
v -1.896363 24.999998 -6.897450
v -1.896363 27.999998 -6.897450
v -1.646363 27.999998 -6.897450
v -1.646362 24.649998 6.997452
v -1.896362 24.649998 6.997452
v -1.896362 24.349998 6.997452
v -1.646362 24.349998 6.997452
v -1.646363 24.349998 -6.997450
v -1.896363 24.349998 -6.997450
v -1.896363 24.649998 -6.997450
v -1.646363 24.649998 -6.997450
v -1.646362 27.999998 6.897452
v -1.896362 27.999998 6.897452
v -1.896362 24.999998 6.897452
v -1.646362 24.999998 6.897452
v -1.646362 23.999998 6.897452
v -1.896362 23.999998 6.897452
v -1.896362 20.999998 6.897452
v -1.646362 20.999998 6.897452
v -1.646363 20.349998 -6.997451
v -1.896363 20.349998 -6.997451
v -1.896363 20.649998 -6.997451
v -1.646363 20.649998 -6.997451
v -1.646363 20.999998 -6.897450
v -1.896363 20.999998 -6.897450
v -1.896363 23.999998 -6.897450
v -1.646363 23.999998 -6.897450
v -1.646363 16.987112 -6.910337
v -1.896363 16.999998 -6.897451
v -1.896363 19.999998 -6.897451
v -1.646363 19.999998 -6.897451
v -1.646362 19.999998 6.897452
v -1.896362 19.999998 6.897452
v -1.896362 16.999998 6.897452
v -1.646362 16.987112 6.910338
v -1.646362 20.649998 6.997452
v -1.896362 20.649998 6.997452
v -1.896362 20.349998 6.997452
v -1.646362 20.349998 6.997452
v -1.750000 16.487112 -7.410337
v -2.000000 16.499998 -7.397451
v -1.896363 16.999998 -6.897451
v -1.646363 16.987112 -6.910337
v -1.646362 16.987112 6.910338
v -1.896362 16.999998 6.897452
v -2.000000 16.499998 7.397452
v -1.750000 16.487112 7.410338
v -1.750000 16.487112 7.410338
v -2.000000 16.499998 7.397452
v -2.000000 15.999999 7.397452
v -1.750000 15.999999 7.397452
v -1.750000 15.999999 -7.397451
v -2.000000 15.999999 -7.397451
v -2.000000 16.499998 -7.397451
v -1.750000 16.487112 -7.410337
v -1.750000 12.999999 -7.397451
v -2.000000 12.999999 -7.397451
v -2.000000 15.999999 -7.397451
v -1.750000 15.999999 -7.397451
v -1.750000 15.999999 7.397452
v -2.000000 15.999999 7.397452
v -2.000000 12.999999 7.397452
v -1.750000 12.999999 7.397452
v -1.750000 12.349999 -7.497451
v -2.000000 12.349999 -7.497451
v -2.000000 12.649999 -7.497451
v -1.750000 12.649999 -7.497451
v -1.750000 12.649999 7.497452
v -2.000000 12.649999 7.497452
v -2.000000 12.349999 7.497452
v -1.750000 12.349999 7.497452
v -1.750000 8.999999 -7.397451
v -2.000000 8.999999 -7.397451
v -2.000000 11.999999 -7.397451
v -1.750000 11.999999 -7.397451
v -1.750000 11.999999 7.397452
v -2.000000 11.999999 7.397452
v -2.000000 8.999999 7.397452
v -1.750000 8.999999 7.397452
v -1.750000 8.349999 -7.497451
v -2.000000 8.349999 -7.497451
v -2.000000 8.649999 -7.497451
v -1.750000 8.649999 -7.497451
v -1.750000 8.649999 7.497452
v -2.000000 8.649999 7.497452
v -2.000000 8.349999 7.497452
v -1.750000 8.349999 7.497452
v -1.750000 5.250000 -7.397451
v -2.000000 5.000000 -7.397451
v -2.000000 8.000000 -7.397451
v -1.750000 8.000000 -7.397451
v -1.750000 7.999999 7.397452
v -2.000000 7.999999 7.397452
v -2.000000 4.999999 7.397451
v -1.750000 5.249999 7.397451
v -1.542725 31.999998 6.397452
v -1.792725 31.999998 6.397452
v -1.792725 28.999998 6.397452
v -1.542725 28.987112 6.410338
v -1.542726 28.987112 -6.410336
v -1.792726 28.999998 -6.397450
v -1.792726 31.999998 -6.397450
v -1.542726 31.999998 -6.397450
v -1.542726 32.349995 -6.497450
v -1.792726 32.349995 -6.497450
v -1.792726 32.649998 -6.497450
v -1.542726 32.649998 -6.497450
v -1.542725 32.649998 6.497452
v -1.792725 32.649998 6.497452
v -1.792725 32.349995 6.497452
v -1.542725 32.349995 6.497452
v -1.542725 35.999996 6.397453
v -1.792725 35.999996 6.397453
v -1.792725 32.999996 6.397452
v -1.542725 32.999996 6.397452
v -1.542726 32.999996 -6.397450
v -1.792726 32.999996 -6.397450
v -1.792726 35.999996 -6.397450
v -1.542726 35.999996 -6.397450
v -1.542725 43.999996 5.897453
v -1.792725 43.999996 5.897453
v -1.792725 40.999996 5.897453
v -1.542725 40.999996 5.897453
v -1.542725 40.499996 6.397453
v -1.792725 40.499996 6.397453
v -1.792725 39.999996 6.397453
v -1.542725 39.999996 6.397453
v -1.542726 39.999996 -6.397450
v -1.792726 39.999996 -6.397450
v -1.792726 40.499996 -6.397450
v -1.542726 40.499996 -6.397450
v -1.542726 40.499996 -6.397450
v -1.792726 40.499996 -6.397450
v -1.792726 40.999996 -5.897450
v -1.542726 40.999996 -5.897450
v -1.542725 40.999996 5.897453
v -1.792725 40.999996 5.897453
v -1.792725 40.499996 6.397453
v -1.542725 40.499996 6.397453
v -1.542726 40.999996 -5.897450
v -1.792726 40.999996 -5.897450
v -1.792726 43.999996 -5.897450
v -1.542726 43.999996 -5.897450
v -1.542725 44.649998 5.997453
v -1.792725 44.649998 5.997453
v -1.792725 44.349995 5.997453
v -1.542725 44.349995 5.997453
v -1.542726 44.349995 -5.997450
v -1.792726 44.349995 -5.997450
v -1.792726 44.649998 -5.997450
v -1.542726 44.649998 -5.997450
v -1.542726 36.349995 -6.497450
v -1.792726 36.349995 -6.497450
v -1.792726 36.649998 -6.497450
v -1.542726 36.649998 -6.497450
v -1.542725 36.649998 6.497453
v -1.792725 36.649998 6.497453
v -1.792725 36.349995 6.497453
v -1.542725 36.349995 6.497453
v -1.542726 36.999996 -6.397450
v -1.792726 36.999996 -6.397450
v -1.792726 39.999996 -6.397450
v -1.542726 39.999996 -6.397450
v -1.542725 39.999996 6.397453
v -1.792725 39.999996 6.397453
v -1.792725 36.999996 6.397453
v -1.542725 36.999996 6.397453
v -1.542726 44.999996 -5.897450
v -1.792726 44.999996 -5.897450
v -1.792726 47.999996 -5.897450
v -1.542726 47.999996 -5.897450
v -1.542725 47.999996 5.897453
v -1.792725 47.999996 5.897453
v -1.792725 44.999996 5.897453
v -1.542725 44.999996 5.897453
v -1.542725 48.999996 5.397453
v -1.792725 48.999996 5.397453
v -1.792725 48.499996 5.897453
v -1.542725 48.499996 5.897453
v -1.542726 48.499996 -5.897450
v -1.792726 48.499996 -5.897450
v -1.792726 48.999996 -5.397449
v -1.542726 48.999996 -5.397449
v -1.542725 48.499996 5.897453
v -1.792725 48.499996 5.897453
v -1.792725 47.999996 5.897453
v -1.542725 47.999996 5.897453
v -1.542726 47.999996 -5.897450
v -1.792726 47.999996 -5.897450
v -1.792726 48.499996 -5.897450
v -1.542726 48.499996 -5.897450
v -1.750000 8.249999 7.397452
v -2.000000 8.249999 7.397452
v -2.000000 8.249999 -7.397451
v -1.750000 8.249999 -7.397451
v -2.000000 8.749999 7.397452
v -1.750000 8.749999 7.397452
v -1.750000 8.749999 -7.397451
v -2.000000 8.749999 -7.397451
v -1.750000 12.249999 7.397452
v -2.000000 12.249999 7.397452
v -2.000000 12.249999 -7.397451
v -1.750000 12.249999 -7.397451
v -2.000000 12.749999 7.397452
v -1.750000 12.749999 7.397452
v -1.750000 12.749999 -7.397451
v -2.000000 12.749999 -7.397451
v -1.646362 20.249998 6.897452
v -1.896362 20.249998 6.897452
v -1.896362 19.999998 6.897452
v -1.646362 19.999998 6.897452
v -1.646363 19.999998 -6.897451
v -1.896363 19.999998 -6.897451
v -1.896363 20.249998 -6.897451
v -1.646363 20.249998 -6.897451
v -1.646362 24.249998 6.897452
v -1.896362 24.249998 6.897452
v -1.896362 20.749998 6.897452
v -1.646362 20.749998 6.897452
v -1.646363 20.749998 -6.897451
v -1.896363 20.749998 -6.897451
v -1.896363 24.249998 -6.897450
v -1.646363 24.249998 -6.897450
v -1.896362 24.749998 6.897452
v -1.646362 24.749998 6.897452
v -1.646363 24.749998 -6.897450
v -1.896363 24.749998 -6.897450
v -1.792725 32.749996 6.397452
v -1.542725 32.749996 6.397452
v -1.542725 32.249996 6.397452
v -1.792725 32.249996 6.397452
v -1.792725 31.999998 6.397452
v -1.542725 31.999998 6.397452
v -1.542726 31.999998 -6.397450
v -1.792726 31.999998 -6.397450
v -1.792726 32.249996 -6.397450
v -1.542726 32.249996 -6.397450
v -1.542725 36.249996 6.397453
v -1.792725 36.249996 6.397453
v -1.542726 32.749996 -6.397450
v -1.792726 32.749996 -6.397450
v -1.792726 36.249996 -6.397450
v -1.542726 36.249996 -6.397450
v -1.792726 44.249996 -5.897450
v -1.542726 44.249996 -5.897450
v -1.542725 44.249996 5.897453
v -1.792725 44.249996 5.897453
v -1.792725 36.749996 6.397453
v -1.542725 36.749996 6.397453
v -1.542726 36.749996 -6.397450
v -1.792726 36.749996 -6.397450
v -1.792725 44.749996 5.897453
v -1.542725 44.749996 5.897453
v -1.542726 44.749996 -5.897450
v -1.792726 44.749996 -5.897450
v -1.750000 8.349999 7.497452
v -2.000000 8.349999 7.497452
v -2.000000 8.249999 7.397452
v -1.750000 8.249999 7.397452
v -1.750000 8.249999 -7.397451
v -2.000000 8.249999 -7.397451
v -2.000000 8.349999 -7.497451
v -1.750000 8.349999 -7.497451
v -1.750000 8.749999 7.397452
v -2.000000 8.749999 7.397452
v -2.000000 8.649999 7.497452
v -1.750000 8.649999 7.497452
v -1.750000 8.649999 -7.497451
v -2.000000 8.649999 -7.497451
v -2.000000 8.749999 -7.397451
v -1.750000 8.749999 -7.397451
v -1.750000 12.349999 7.497452
v -2.000000 12.349999 7.497452
v -2.000000 12.249999 7.397452
v -1.750000 12.249999 7.397452
v -1.750000 12.249999 -7.397451
v -2.000000 12.249999 -7.397451
v -2.000000 12.349999 -7.497451
v -1.750000 12.349999 -7.497451
v -1.750000 12.749999 7.397452
v -2.000000 12.749999 7.397452
v -2.000000 12.649999 7.497452
v -1.750000 12.649999 7.497452
v -1.750000 12.649999 -7.497451
v -2.000000 12.649999 -7.497451
v -2.000000 12.749999 -7.397451
v -1.750000 12.749999 -7.397451
v -1.646362 20.349998 6.997452
v -1.896362 20.349998 6.997452
v -1.896362 20.249998 6.897452
v -1.646362 20.249998 6.897452
v -1.646363 20.249998 -6.897451
v -1.896363 20.249998 -6.897451
v -1.896363 20.349998 -6.997451
v -1.646363 20.349998 -6.997451
v -1.646362 24.349998 6.997452
v -1.896362 24.349998 6.997452
v -1.896362 24.249998 6.897452
v -1.646362 24.249998 6.897452
v -1.646362 20.749998 6.897452
v -1.896362 20.749998 6.897452
v -1.896362 20.649998 6.997452
v -1.646362 20.649998 6.997452
v -1.646363 20.649998 -6.997451
v -1.896363 20.649998 -6.997451
v -1.896363 20.749998 -6.897451
v -1.646363 20.749998 -6.897451
v -1.646363 24.249998 -6.897450
v -1.896363 24.249998 -6.897450
v -1.896363 24.349998 -6.997450
v -1.646363 24.349998 -6.997450
v -1.646362 24.749998 6.897452
v -1.896362 24.749998 6.897452
v -1.896362 24.649998 6.997452
v -1.646362 24.649998 6.997452
v -1.646363 24.649998 -6.997450
v -1.896363 24.649998 -6.997450
v -1.896363 24.749998 -6.897450
v -1.646363 24.749998 -6.897450
v -1.542725 32.749996 6.397452
v -1.792725 32.749996 6.397452
v -1.792725 32.649998 6.497452
v -1.542725 32.649998 6.497452
v -1.542725 32.349995 6.497452
v -1.792725 32.349995 6.497452
v -1.792725 32.249996 6.397452
v -1.542725 32.249996 6.397452
v -1.542726 32.249996 -6.397450
v -1.792726 32.249996 -6.397450
v -1.792726 32.349995 -6.497450
v -1.542726 32.349995 -6.497450
v -1.542725 36.349995 6.497453
v -1.792725 36.349995 6.497453
v -1.792725 36.249996 6.397453
v -1.542725 36.249996 6.397453
v -1.542726 32.649998 -6.497450
v -1.792726 32.649998 -6.497450
v -1.792726 32.749996 -6.397450
v -1.542726 32.749996 -6.397450
v -1.542726 36.249996 -6.397450
v -1.792726 36.249996 -6.397450
v -1.792726 36.349995 -6.497450
v -1.542726 36.349995 -6.497450
v -1.542726 44.249996 -5.897450
v -1.792726 44.249996 -5.897450
v -1.792726 44.349995 -5.997450
v -1.542726 44.349995 -5.997450
v -1.542725 44.349995 5.997453
v -1.792725 44.349995 5.997453
v -1.792725 44.249996 5.897453
v -1.542725 44.249996 5.897453
v -1.542725 36.749996 6.397453
v -1.792725 36.749996 6.397453
v -1.792725 36.649998 6.497453
v -1.542725 36.649998 6.497453
v -1.542726 36.649998 -6.497450
v -1.792726 36.649998 -6.497450
v -1.792726 36.749996 -6.397450
v -1.542726 36.749996 -6.397450
v -1.542725 44.749996 5.897453
v -1.792725 44.749996 5.897453
v -1.792725 44.649998 5.997453
v -1.542725 44.649998 5.997453
v -1.542726 44.649998 -5.997450
v -1.792726 44.649998 -5.997450
v -1.792726 44.749996 -5.897450
v -1.542726 44.749996 -5.897450
v 0.000000 48.999996 5.147453
v 0.000000 48.999996 4.897453
v -1.542725 48.999996 5.147453
v -1.542726 48.999996 -5.147449
v 0.000000 48.999996 -4.897450
v 0.000000 48.999996 -5.147450
v -1.792725 48.999996 5.397453
v -1.542725 48.999996 5.397453
v -1.542726 48.999996 -5.397449
v -1.792726 48.999996 -5.397449
v 0.000000 5.749999 8.397450
v 0.000000 7.499999 8.397450
v -1.249967 7.499999 8.397450
v -1.249968 5.749999 8.397450
v -1.249969 5.750000 -8.397450
v -1.249968 7.500000 -8.397450
v 0.000000 7.500000 -8.397451
v 0.000000 5.750000 -8.397451
v -1.039641 29.405531 7.405624
v -1.143220 28.900599 7.911522
v 0.002319 28.911329 7.901834
v 0.002443 29.412437 7.397663
v -1.143752 27.993479 -7.897450
v -1.143221 28.900597 -7.911521
v 0.002319 28.911331 -7.901833
v 0.001953 27.993498 -7.897451
v -1.039642 29.405531 -7.405623
v -1.040144 31.501606 -7.397450
v 0.002075 31.501600 -7.397451
v 0.002443 29.412437 -7.397662
v 0.002443 29.412437 7.397663
v 0.002075 31.501600 7.397452
v -1.040143 31.501606 7.397452
v -1.039641 29.405531 7.405624
v -1.145985 25.164209 -7.897451
v -1.145879 25.499998 -7.897450
v 0.000000 25.499998 -7.897451
v 0.000000 25.164209 -7.897451
v 0.000000 25.064209 7.997452
v 0.000000 25.164209 7.897452
v -1.145984 25.164209 7.897452
v -1.146060 25.064209 7.997452
v -1.146061 25.064211 -7.997451
v -1.145985 25.164209 -7.897451
v 0.000000 25.164209 -7.897451
v 0.000000 25.064209 -7.997451
v -1.645195 28.691525 7.413084
v -1.646362 28.487112 6.910338
v -1.646362 27.999998 6.897452
v -1.645369 27.996727 7.398592
v -1.146144 23.835787 7.897452
v -1.146158 23.499998 7.897452
v 0.000000 23.499998 7.897452
v 0.000000 23.835787 7.897452
v -1.146103 21.064211 -7.997451
v -1.146139 21.164209 -7.897451
v 0.000000 21.164209 -7.897451
v 0.000000 21.064209 -7.997451
v 0.000000 23.835787 -7.897451
v 0.000000 23.499998 -7.897451
v -1.146159 23.499998 -7.897450
v -1.146145 23.835787 -7.897451
v 0.000000 19.835787 -7.897452
v 0.001923 19.501600 -7.897451
v -1.143896 19.501606 -7.897451
v -1.145963 19.835787 -7.897451
v -1.143420 17.405373 7.905844
v -1.247011 16.900272 8.411793
v 0.002153 16.911165 8.401901
v 0.002278 17.412603 7.897594
v -1.146138 21.164209 7.897452
v -1.146102 21.064209 7.997452
v -1.143422 17.405373 -7.905844
v -1.143896 19.501606 -7.897451
v 0.001923 19.501600 -7.897451
v 0.002278 17.412603 -7.897594
v -1.645388 19.751453 7.396149
v -1.646362 19.999998 6.897452
v -1.646362 16.987112 6.910338
v -1.645218 17.194860 7.410368
v 0.000000 13.499999 8.397450
v 0.001862 15.993499 8.397451
v -1.247526 15.993480 8.397451
v -1.249540 13.499999 8.397450
v 0.001862 15.993499 8.397451
v 0.002153 16.911165 8.401901
v -1.247011 16.900272 8.411793
v -1.247526 15.993480 8.397451
v -1.249653 13.164211 -8.397450
v -1.249541 13.499999 -8.397451
v 0.000000 13.499999 -8.397451
v 0.000000 13.164210 -8.397451
v -1.249541 13.499999 -8.397451
v -1.247527 15.993480 -8.397449
v 0.001862 15.993499 -8.397450
v 0.000000 13.499999 -8.397451
v -1.249738 13.064211 -8.497451
v -1.249653 13.164211 -8.397450
v 0.000000 13.164210 -8.397451
v 0.000000 13.064210 -8.497452
v 0.000000 13.064210 8.497451
v 0.000000 13.164210 8.397450
v -1.249653 13.164211 8.397450
v -1.249737 13.064211 8.497451
v 0.000000 11.835788 -8.397451
v 0.000000 11.499999 -8.397451
v -1.249886 11.499999 -8.397451
v -1.249850 11.835787 -8.397450
v -1.249849 11.835787 8.397450
v -1.249885 11.499999 8.397450
v -1.249947 9.064211 -8.497451
v -1.249933 9.164211 -8.397450
v 0.000000 9.164210 -8.397451
v 0.000000 9.064210 -8.497452
v 0.000000 9.064210 8.497451
v 0.000000 9.164210 8.397450
v -1.249932 9.164211 8.397450
v -1.249946 9.064211 8.497451
v 0.000000 25.499998 7.897452
v 0.001953 27.993498 7.897452
v -1.143751 27.993479 7.897452
v -1.145878 25.499998 7.897452
v 0.000000 5.250000 -7.897498
v 0.000000 5.250000 -7.397452
v -1.750000 5.250000 -7.397451
v -1.750000 5.250000 -7.897499
v -1.145879 25.499998 -7.897450
v -1.143752 27.993479 -7.897450
v 0.001953 27.993498 -7.897451
v 0.000000 25.499998 -7.897451
v -1.645195 28.691523 -7.413082
v -1.646363 28.487112 -6.910336
v -1.542726 28.987112 -6.410336
v -1.541505 29.194838 -6.910311
v -1.042512 33.064213 -7.497451
v -1.042565 33.164211 -7.397451
v 0.000000 33.164207 -7.397453
v 0.000000 33.064209 -7.497453
v 0.000000 33.064209 7.497454
v 0.000000 33.164207 7.397454
v -1.042563 33.164211 7.397453
v -1.042511 33.064213 7.497453
v -1.042655 35.835781 7.397453
v -1.042633 35.499996 7.397453
v 0.000000 35.499996 7.397452
v 0.000000 35.835785 7.397455
v 0.000000 35.835785 -7.397453
v 0.000000 35.499996 -7.397450
v -1.042634 35.499996 -7.397450
v -1.042657 35.835781 -7.397451
v -1.042715 41.414211 6.897453
v -1.042712 40.914211 7.397453
v 0.000000 40.914207 7.397453
v 0.000000 41.414207 6.897453
v -1.042704 37.499996 -7.397450
v -1.042709 39.999996 -7.397450
v 0.000000 39.999996 -7.397450
v 0.000000 37.499996 -7.397450
v 0.000000 41.414207 -6.897451
v 0.000000 40.914207 -7.397451
v -1.042713 40.914211 -7.397450
v -1.042716 41.414211 -6.897450
v -1.042716 41.414211 -6.897450
v -1.042719 43.499996 -6.897450
v 0.000000 43.499996 -6.897450
v 0.000000 41.414207 -6.897451
v 0.000000 37.499996 7.397452
v 0.000000 39.999996 7.397452
v -1.042708 39.999996 7.397453
v -1.042702 37.499996 7.397453
v 0.000000 43.835785 -6.897453
v 0.000000 43.499996 -6.897450
v -1.042719 43.499996 -6.897450
v -1.042720 43.835781 -6.897451
v -1.042720 43.935780 6.997453
v -1.042719 43.835781 6.897453
v 0.000000 43.835785 6.897455
v 0.000000 43.935783 6.997455
v -1.042723 45.064213 -6.997451
v -1.042723 45.164211 -6.897451
v 0.000000 45.164207 -6.897453
v 0.000000 45.064209 -6.997453
v 0.000000 35.935783 -7.497453
v 0.000000 35.835785 -7.397453
v -1.042657 35.835781 -7.397451
v -1.042674 35.935780 -7.497451
v -1.042672 35.935780 7.497453
v -1.042655 35.835781 7.397453
v 0.000000 35.835785 7.397455
v 0.000000 35.935783 7.497455
v -1.042709 39.999996 -7.397450
v -1.042713 40.914211 -7.397450
v 0.000000 40.914207 -7.397451
v 0.000000 39.999996 -7.397450
v -1.542725 40.707088 6.897418
v -1.542725 40.499996 6.397453
v -1.542725 39.999996 6.397453
v -1.542725 39.999996 6.897407
v -1.042724 47.999996 -6.897450
v -1.042725 48.914211 -6.897450
v 0.000000 48.914207 -6.897451
v 0.000000 47.999996 -6.897450
v 0.000000 47.999996 6.897452
v 0.000000 48.914207 6.897454
v -1.042723 48.914211 6.897453
v -1.042723 47.999996 6.897453
v 0.000000 49.999996 -5.811661
v 0.000000 48.914207 -6.897451
v -1.042725 48.914211 -6.897450
v -1.042725 49.999996 -5.811663
v -1.042724 49.999996 5.811666
v -1.042723 48.914211 6.897453
v 0.000000 48.914207 6.897454
v 0.000000 49.999996 5.811664
v 0.000000 45.164207 6.897455
v 0.000000 45.499996 6.897452
v -1.042722 45.499996 6.897453
v -1.042722 45.164211 6.897453
v -1.042349 31.835783 7.397453
v -1.040143 31.501606 7.397452
v 0.002075 31.501600 7.397452
v 0.000000 31.835787 7.397454
v -1.249963 7.835787 8.397450
v -1.249967 7.499999 8.397450
v -1.750000 11.749887 7.897675
v -1.750000 11.999999 7.397452
v -1.750000 8.999999 7.397452
v -1.750000 9.250084 7.897621
v -1.249913 9.499999 -8.397451
v -1.249886 11.499999 -8.397451
v 0.000000 7.935789 -8.497452
v 0.000000 7.835789 -8.397451
v -1.249964 7.835788 -8.397450
v -1.249958 7.935789 -8.497451
v 0.000000 9.164210 8.397450
v 0.000000 9.499999 8.397450
v -1.249912 9.499999 8.397450
v -1.249932 9.164211 8.397450
v 0.000000 11.935788 -8.497452
v 0.000000 11.835788 -8.397451
v -1.249850 11.835787 -8.397450
v -1.249802 11.935787 -8.497451
v 0.000000 13.164210 8.397450
v 0.000000 13.499999 8.397450
v -1.249540 13.499999 8.397450
v -1.249653 13.164211 8.397450
v -1.146044 19.935787 7.997452
v -1.145962 19.835787 7.897452
v 0.002278 17.412603 7.897594
v 0.001923 19.501600 7.897451
v -1.143895 19.501606 7.897452
v -1.143420 17.405373 7.905844
v 0.000000 19.935787 -7.997452
v 0.000000 19.835787 -7.897452
v -1.145963 19.835787 -7.897451
v -1.146046 19.935787 -7.997451
v -1.646362 23.750013 7.397423
v -1.646362 23.999998 6.897452
v -1.646362 20.999998 6.897452
v -1.646362 21.249649 7.397289
v -1.146158 21.499464 -7.897450
v -1.146159 23.499998 -7.897450
v 0.000000 23.499998 -7.897451
v 0.000000 21.499464 -7.897451
v 0.002278 17.412603 -7.897594
v 0.002153 16.911165 -8.401900
v -1.247012 16.900272 -8.411791
v -1.143422 17.405373 -7.905844
v 0.000000 21.164209 7.897452
v 0.000000 21.499464 7.897452
v -1.146156 21.499464 7.897452
v -1.146138 21.164209 7.897452
v -1.146112 23.935787 7.997452
v -1.146144 23.835787 7.897452
v -1.542725 35.750122 6.897202
v -1.542725 35.999996 6.397453
v -1.542725 32.999996 6.397452
v -1.542725 33.249561 6.897120
v 0.000000 31.835787 -7.397453
v 0.002075 31.501600 -7.397451
v -1.040144 31.501606 -7.397450
v -1.042350 31.835783 -7.397451
v 0.000000 31.935785 -7.497453
v 0.000000 31.835787 -7.397453
v -1.042350 31.835783 -7.397451
v -1.042442 31.935781 -7.497451
v -1.042565 33.164211 -7.397451
v -1.042604 33.499462 -7.397450
v 0.000000 33.499462 -7.397451
v 0.000000 33.164207 -7.397453
v -1.042604 33.499462 -7.397450
v -1.042634 35.499996 -7.397450
v 0.000000 35.499996 -7.397450
v 0.000000 33.499462 -7.397451
v -1.042719 43.835781 6.897453
v -1.042717 43.499996 6.897453
v 0.000000 43.499996 6.897452
v 0.000000 43.835785 6.897455
v 0.000000 45.064209 6.997455
v 0.000000 45.164207 6.897455
v -1.042722 45.164211 6.897453
v -1.042721 45.064213 6.997453
v 0.000000 41.414207 6.897453
v 0.000000 43.499996 6.897452
v -1.042717 43.499996 6.897453
v -1.042715 41.414211 6.897453
v -1.042723 45.164211 -6.897451
v -1.042724 45.499996 -6.897450
v 0.000000 45.499996 -6.897450
v 0.000000 45.164207 -6.897453
v 0.000000 37.164207 7.397455
v 0.000000 37.499996 7.397452
v -1.042702 37.499996 7.397453
v -1.042695 37.164211 7.397453
v -1.542725 47.999996 6.397449
v -1.542725 47.999996 5.897453
v -1.542725 44.999996 5.897453
v -1.542725 45.249992 6.397448
v -1.042724 45.499996 -6.897450
v -1.042724 47.999996 -6.897450
v 0.000000 47.999996 -6.897450
v 0.000000 45.499996 -6.897450
v -1.750000 8.857146 7.997552
v -1.750000 8.649999 7.497452
v -1.750000 8.349999 7.497452
v -1.750000 8.142860 7.997531
v -1.249958 7.935789 -8.497451
v -1.249947 9.064211 -8.497451
v 0.000000 9.064210 -8.497452
v 0.000000 7.935789 -8.497452
v 0.000000 7.835789 -8.397451
v 0.000000 7.500000 -8.397451
v -1.249968 7.500000 -8.397450
v -1.249964 7.835788 -8.397450
v -1.249957 7.935788 8.497451
v -1.249963 7.835787 8.397450
v 0.000000 7.835788 8.397450
v 0.000000 7.935788 8.497451
v -1.750000 12.857319 7.997968
v -1.750000 12.649999 7.497452
v -1.750000 12.349999 7.497452
v -1.750000 12.142732 7.997842
v -1.249802 11.935787 -8.497451
v -1.249738 13.064211 -8.497451
v 0.000000 13.064210 -8.497452
v 0.000000 11.935788 -8.497452
v -1.249933 9.164211 -8.397450
v -1.249913 9.499999 -8.397451
v 0.000000 9.499999 -8.397451
v 0.000000 9.164210 -8.397451
v -1.249801 11.935787 8.497451
v -1.249849 11.835787 8.397450
v -1.646362 20.856903 7.496969
v -1.646362 20.649998 6.997452
v -1.646362 20.349998 6.997452
v -1.646362 20.143181 7.496758
v -1.146046 19.935787 -7.997451
v -1.146103 21.064211 -7.997451
v 0.000000 21.064209 -7.997451
v 0.000000 19.935787 -7.997452
v -1.646362 24.857269 7.497854
v -1.646362 24.649998 6.997452
v -1.646362 24.349998 6.997452
v -1.646362 24.142792 7.497695
v -1.247527 15.993480 -8.397449
v -1.247012 16.900272 -8.411791
v 0.002153 16.911165 -8.401900
v 0.001862 15.993499 -8.397450
v -1.146139 21.164209 -7.897451
v -1.146158 21.499464 -7.897450
v 0.000000 21.499464 -7.897451
v 0.000000 21.164209 -7.897451
v -1.146113 23.935787 -7.997451
v -1.146061 25.064211 -7.997451
v 0.000000 25.064209 -7.997451
v 0.000000 23.935787 -7.997451
v 0.000000 23.935787 -7.997451
v 0.000000 23.835787 -7.897451
v -1.146145 23.835787 -7.897451
v -1.146113 23.935787 -7.997451
v 0.000000 25.164209 7.897452
v 0.000000 25.499998 7.897452
v -1.145878 25.499998 7.897452
v -1.145984 25.164209 7.897452
v 0.000000 33.164207 7.397454
v 0.000000 33.499462 7.397452
v -1.042603 33.499462 7.397452
v -1.042563 33.164211 7.397453
v -1.542725 32.856865 6.996868
v -1.542725 32.649998 6.497452
v -1.542725 32.349995 6.497452
v -1.542725 32.143208 6.996677
v -1.042442 31.935781 -7.497451
v -1.042512 33.064213 -7.497451
v 0.000000 33.064209 -7.497453
v 0.000000 31.935785 -7.497453
v -1.042696 37.164211 -7.397451
v -1.042704 37.499996 -7.397450
v 0.000000 37.499996 -7.397450
v 0.000000 37.164207 -7.397453
v -1.042441 31.935781 7.497453
v -1.042349 31.835783 7.397453
v 0.000000 31.835787 7.397454
v 0.000000 31.935785 7.497454
v 0.000000 37.064209 7.497455
v 0.000000 37.164207 7.397455
v -1.042695 37.164211 7.397453
v -1.042685 37.064213 7.497453
v -1.042722 43.935780 -6.997451
v -1.042723 45.064213 -6.997451
v 0.000000 45.064209 -6.997453
v 0.000000 43.935783 -6.997453
v 0.000000 43.935783 -6.997453
v 0.000000 43.835785 -6.897453
v -1.042720 43.835781 -6.897451
v -1.042722 43.935780 -6.997451
v 0.000000 35.935783 7.497455
v 0.000000 37.064209 7.497455
v -1.042685 37.064213 7.497453
v -1.042672 35.935780 7.497453
v -1.542726 36.142944 -6.997307
v -1.542726 36.349995 -6.497450
v -1.542726 36.649998 -6.497450
v -1.542726 36.857063 -6.997342
v 0.000000 43.935783 6.997455
v 0.000000 45.064209 6.997455
v -1.042721 45.064213 6.997453
v -1.042720 43.935780 6.997453
v -1.042687 37.064213 -7.497451
v -1.042696 37.164211 -7.397451
v 0.000000 37.164207 -7.397453
v 0.000000 37.064209 -7.497453
v -1.042724 49.999996 5.647453
v -1.042724 49.999996 5.811666
v -1.042725 49.999996 -5.811663
v -1.042725 49.999996 -5.647449
v -1.542726 49.499992 -5.147449
v -1.542726 48.999996 -5.147449
v 0.000000 48.999996 -5.147450
v 0.000000 49.499992 -5.147450
v -1.750000 5.249999 7.897499
v -1.750000 5.249999 7.397451
v 0.000000 5.249999 7.397451
v 0.000000 5.249999 7.897497
v -1.249968 5.749999 8.397450
v -1.750000 5.249999 7.897499
v 0.000000 5.249999 7.897497
v 0.000000 5.749999 8.397450
v 0.000000 5.750000 -8.397451
v 0.000000 5.250000 -7.897498
v -1.750000 5.250000 -7.897499
v -1.249969 5.750000 -8.397450
v -1.645369 27.996727 7.398592
v -1.143751 27.993479 7.897452
v -1.143220 28.900599 7.911522
v -1.645195 28.691525 7.413084
v -1.541505 29.194838 -6.910311
v -1.039642 29.405531 -7.405623
v -1.143221 28.900597 -7.911521
v -1.645195 28.691523 -7.413082
v -1.039641 29.405531 7.405624
v -1.541504 29.194838 6.910312
v -1.645195 28.691525 7.413084
v -1.143220 28.900599 7.911522
v -1.143752 27.993479 -7.897450
v -1.645370 27.996727 -7.398589
v -1.645195 28.691523 -7.413082
v -1.143221 28.900597 -7.911521
v -1.145879 25.499998 -7.897450
v -1.646363 25.250414 -7.398283
v -1.645370 27.996727 -7.398589
v -1.143752 27.993479 -7.897450
v -1.646362 24.142792 7.497695
v -1.146112 23.935787 7.997452
v -1.146060 25.064209 7.997452
v -1.646362 24.857269 7.497854
v -1.146113 23.935787 -7.997451
v -1.646363 24.142792 -7.497693
v -1.646363 24.857271 -7.497852
v -1.146061 25.064211 -7.997451
v -1.646362 25.250414 7.398285
v -1.145878 25.499998 7.897452
v -1.143751 27.993479 7.897452
v -1.645369 27.996727 7.398592
v -1.646362 21.249649 7.397289
v -1.146156 21.499464 7.897452
v -1.146158 23.499998 7.897452
v -1.646362 23.750013 7.397423
v -1.146046 19.935787 -7.997451
v -1.646363 20.143181 -7.496758
v -1.646363 20.856905 -7.496968
v -1.146103 21.064211 -7.997451
v -1.146158 21.499464 -7.897450
v -1.646363 21.249649 -7.397287
v -1.646363 23.750013 -7.397421
v -1.146159 23.499998 -7.897450
v -1.143422 17.405373 -7.905844
v -1.645219 17.194860 -7.410367
v -1.645389 19.751453 -7.396147
v -1.143896 19.501606 -7.897451
v -1.645218 17.194860 7.410368
v -1.143420 17.405373 7.905844
v -1.143895 19.501606 7.897452
v -1.645388 19.751453 7.396149
v -1.646362 20.143181 7.496758
v -1.146044 19.935787 7.997452
v -1.146102 21.064209 7.997452
v -1.646362 20.856903 7.496969
v -1.645219 17.194860 -7.410367
v -1.143422 17.405373 -7.905844
v -1.247012 16.900272 -8.411791
v -1.748902 16.691545 -7.913140
v -1.143420 17.405373 7.905844
v -1.645218 17.194860 7.410368
v -1.748901 16.691545 7.913141
v -1.247011 16.900272 8.411793
v -1.749065 15.996728 7.898654
v -1.247526 15.993480 8.397451
v -1.247011 16.900272 8.411793
v -1.748901 16.691545 7.913141
v -1.247527 15.993480 -8.397449
v -1.749066 15.996728 -7.898652
v -1.748902 16.691545 -7.913140
v -1.247012 16.900272 -8.411791
v -1.249541 13.499999 -8.397451
v -1.750000 13.250452 -7.898357
v -1.749066 15.996728 -7.898652
v -1.247527 15.993480 -8.397449
v -1.750000 13.250452 7.898358
v -1.249540 13.499999 8.397450
v -1.247526 15.993480 8.397451
v -1.749065 15.996728 7.898654
v -1.249802 11.935787 -8.497451
v -1.750000 12.142732 -7.997841
v -1.750000 12.857319 -7.997967
v -1.249738 13.064211 -8.497451
v -1.750000 12.142732 7.997842
v -1.249801 11.935787 8.497451
v -1.249737 13.064211 8.497451
v -1.750000 12.857319 7.997968
v -1.249913 9.499999 -8.397451
v -1.750000 9.250084 -7.897621
v -1.750000 11.749887 -7.897675
v -1.249886 11.499999 -8.397451
v -1.750000 9.250084 7.897621
v -1.249912 9.499999 8.397450
v -1.249885 11.499999 8.397450
v -1.750000 11.749887 7.897675
v -1.249958 7.935789 -8.497451
v -1.750000 8.142860 -7.997530
v -1.750000 8.857146 -7.997551
v -1.249947 9.064211 -8.497451
v -1.750000 8.142860 7.997531
v -1.249957 7.935788 8.497451
v -1.249946 9.064211 8.497451
v -1.750000 8.857146 7.997552
v -1.249969 5.750000 -8.397450
v -1.750000 5.250000 -7.897499
v -1.750000 7.749973 -7.897504
v -1.249968 7.500000 -8.397450
v -1.750000 5.249999 7.897499
v -1.249968 5.749999 8.397450
v -1.249967 7.499999 8.397450
v -1.750000 7.749972 7.897505
v -1.541504 29.194838 6.910312
v -1.039641 29.405531 7.405624
v -1.040143 31.501606 7.397452
v -1.541686 31.751482 6.896089
v -1.039642 29.405531 -7.405623
v -1.541505 29.194838 -6.910311
v -1.541687 31.751482 -6.896087
v -1.040144 31.501606 -7.397450
v -1.042442 31.935781 -7.497451
v -1.542726 32.143208 -6.996675
v -1.542726 32.856865 -6.996866
v -1.042512 33.064213 -7.497451
v -1.542725 32.143208 6.996677
v -1.042441 31.935781 7.497453
v -1.042511 33.064213 7.497453
v -1.542725 32.856865 6.996868
v -1.542725 33.249561 6.897120
v -1.042603 33.499462 7.397452
v -1.042633 35.499996 7.397453
v -1.542725 35.750122 6.897202
v -1.042604 33.499462 -7.397450
v -1.542726 33.249561 -6.897118
v -1.542726 35.750122 -6.897199
v -1.042634 35.499996 -7.397450
v -1.042717 43.499996 6.897453
v -1.542725 43.750008 6.397433
v -1.542725 41.207092 6.397427
v -1.042715 41.414211 6.897453
v -1.542725 39.999996 6.897407
v -1.042708 39.999996 7.397453
v -1.042712 40.914211 7.397453
v -1.542725 40.707088 6.897418
v -1.042709 39.999996 -7.397450
v -1.542726 39.999996 -6.897404
v -1.542726 40.707088 -6.897415
v -1.042713 40.914211 -7.397450
v -1.042713 40.914211 -7.397450
v -1.542726 40.707088 -6.897415
v -1.542726 41.207092 -6.397424
v -1.042716 41.414211 -6.897450
v -1.542725 40.707088 6.897418
v -1.042712 40.914211 7.397453
v -1.042715 41.414211 6.897453
v -1.542725 41.207092 6.397427
v -1.542726 43.750008 -6.397430
v -1.042719 43.499996 -6.897450
v -1.042716 41.414211 -6.897450
v -1.542726 41.207092 -6.397424
v -1.042721 45.064213 6.997453
v -1.542725 44.857105 6.497444
v -1.542725 44.142891 6.497441
v -1.042720 43.935780 6.997453
v -1.042722 43.935780 -6.997451
v -1.542726 44.142891 -6.497438
v -1.542726 44.857105 -6.497441
v -1.042723 45.064213 -6.997451
v -1.542726 36.857063 -6.997342
v -1.042687 37.064213 -7.497451
v -1.042674 35.935780 -7.497451
v -1.542726 36.142944 -6.997307
v -1.042685 37.064213 7.497453
v -1.542725 36.857063 6.997345
v -1.542725 36.142944 6.997310
v -1.042672 35.935780 7.497453
v -1.042704 37.499996 -7.397450
v -1.542726 37.249966 -6.897389
v -1.542726 39.999996 -6.897404
v -1.042709 39.999996 -7.397450
v -1.542725 37.249966 6.897392
v -1.042702 37.499996 7.397453
v -1.042708 39.999996 7.397453
v -1.542725 39.999996 6.897407
v -1.042724 45.499996 -6.897450
v -1.542726 45.249992 -6.397445
v -1.542726 47.999996 -6.397446
v -1.042724 47.999996 -6.897450
v -1.542725 45.249992 6.397448
v -1.042722 45.499996 6.897453
v -1.042723 47.999996 6.897453
v -1.542725 47.999996 6.397449
v -1.542725 48.707104 6.397449
v -1.042723 48.914211 6.897453
v -1.042724 49.999996 5.811666
v -1.542725 49.499992 5.604559
v -1.042725 48.914211 -6.897450
v -1.542726 48.707104 -6.397447
v -1.542726 49.499992 -5.604555
v -1.042725 49.999996 -5.811663
v -1.042723 48.914211 6.897453
v -1.542725 48.707104 6.397449
v -1.542725 47.999996 6.397449
v -1.042723 47.999996 6.897453
v -1.042724 47.999996 -6.897450
v -1.542726 47.999996 -6.397446
v -1.542726 48.707104 -6.397447
v -1.042725 48.914211 -6.897450
v -1.750000 7.749972 7.897505
v -1.249967 7.499999 8.397450
v -1.249963 7.835787 8.397450
v -1.750000 8.042867 7.897515
v -1.249968 7.500000 -8.397450
v -1.750000 7.749973 -7.897504
v -1.750000 8.042867 -7.897514
v -1.249964 7.835788 -8.397450
v -1.750000 8.957159 7.897582
v -1.249932 9.164211 8.397450
v -1.249912 9.499999 8.397450
v -1.750000 9.250084 7.897621
v -1.249933 9.164211 -8.397450
v -1.750000 8.957159 -7.897580
v -1.750000 9.250084 -7.897621
v -1.249913 9.499999 -8.397451
v -1.750000 11.749887 7.897675
v -1.249885 11.499999 8.397450
v -1.249849 11.835787 8.397450
v -1.750000 12.042770 7.897747
v -1.249886 11.499999 -8.397451
v -1.750000 11.749887 -7.897675
v -1.750000 12.042771 -7.897745
v -1.249850 11.835787 -8.397450
v -1.750000 12.957388 7.898135
v -1.249653 13.164211 8.397450
v -1.249540 13.499999 8.397450
v -1.750000 13.250452 7.898358
v -1.249653 13.164211 -8.397450
v -1.750000 12.957388 -7.898134
v -1.750000 13.250452 -7.898357
v -1.249541 13.499999 -8.397451
v -1.645388 19.751453 7.396149
v -1.143895 19.501606 7.897452
v -1.145962 19.835787 7.897452
v -1.646362 20.043289 7.396492
v -1.143896 19.501606 -7.897451
v -1.645389 19.751453 -7.396147
v -1.646363 20.043289 -7.396492
v -1.145963 19.835787 -7.897451
v -1.646362 23.750013 7.397423
v -1.146158 23.499998 7.897452
v -1.146144 23.835787 7.897452
v -1.646362 24.042850 7.397555
v -1.646362 20.956976 7.397142
v -1.146138 21.164209 7.897452
v -1.146156 21.499464 7.897452
v -1.646362 21.249649 7.397289
v -1.146139 21.164209 -7.897451
v -1.646363 20.956974 -7.397139
v -1.646363 21.249649 -7.397287
v -1.146158 21.499464 -7.897450
v -1.146159 23.499998 -7.897450
v -1.646363 23.750013 -7.397421
v -1.646363 24.042850 -7.397553
v -1.146145 23.835787 -7.897451
v -1.646362 24.957350 7.398046
v -1.145984 25.164209 7.897452
v -1.145878 25.499998 7.897452
v -1.646362 25.250414 7.398285
v -1.145985 25.164209 -7.897451
v -1.646363 24.957350 -7.398043
v -1.646363 25.250414 -7.398283
v -1.145879 25.499998 -7.897450
v -1.542725 32.956924 6.897011
v -1.042563 33.164211 7.397453
v -1.042603 33.499462 7.397452
v -1.542725 33.249561 6.897120
v -1.541686 31.751482 6.896089
v -1.040143 31.501606 7.397452
v -1.042349 31.835783 7.397453
v -1.542725 32.043312 6.896425
v -1.040144 31.501606 -7.397450
v -1.541687 31.751482 -6.896087
v -1.542726 32.043312 -6.896423
v -1.042350 31.835783 -7.397451
v -1.542725 35.750122 6.897202
v -1.042633 35.499996 7.397453
v -1.042655 35.835781 7.397453
v -1.542725 36.042965 6.897264
v -1.042565 33.164211 -7.397451
v -1.542726 32.956924 -6.897009
v -1.542726 33.249561 -6.897118
v -1.042604 33.499462 -7.397450
v -1.042634 35.499996 -7.397450
v -1.542726 35.750122 -6.897199
v -1.542726 36.042965 -6.897261
v -1.042657 35.835781 -7.397451
v -1.542726 44.042892 -6.397435
v -1.042720 43.835781 -6.897451
v -1.042719 43.499996 -6.897450
v -1.542726 43.750008 -6.397430
v -1.042719 43.835781 6.897453
v -1.542725 44.042892 6.397438
v -1.542725 43.750008 6.397433
v -1.042717 43.499996 6.897453
v -1.542725 36.957073 6.897372
v -1.042695 37.164211 7.397453
v -1.042702 37.499996 7.397453
v -1.542725 37.249966 6.897392
v -1.042696 37.164211 -7.397451
v -1.542726 36.957073 -6.897369
v -1.542726 37.249966 -6.897389
v -1.042704 37.499996 -7.397450
v -1.542725 44.957104 6.397446
v -1.042722 45.164211 6.897453
v -1.042722 45.499996 6.897453
v -1.542725 45.249992 6.397448
v -1.042723 45.164211 -6.897451
v -1.542726 44.957104 -6.397443
v -1.542726 45.249992 -6.397445
v -1.042724 45.499996 -6.897450
v -1.750000 8.042867 7.897515
v -1.249963 7.835787 8.397450
v -1.249957 7.935788 8.497451
v -1.750000 8.142860 7.997531
v -1.249964 7.835788 -8.397450
v -1.750000 8.042867 -7.897514
v -1.750000 8.142860 -7.997530
v -1.249958 7.935789 -8.497451
v -1.750000 8.857146 7.997552
v -1.249946 9.064211 8.497451
v -1.249932 9.164211 8.397450
v -1.750000 8.957159 7.897582
v -1.249947 9.064211 -8.497451
v -1.750000 8.857146 -7.997551
v -1.750000 8.957159 -7.897580
v -1.249933 9.164211 -8.397450
v -1.750000 12.042770 7.897747
v -1.249849 11.835787 8.397450
v -1.249801 11.935787 8.497451
v -1.750000 12.142732 7.997842
v -1.249850 11.835787 -8.397450
v -1.750000 12.042771 -7.897745
v -1.750000 12.142732 -7.997841
v -1.249802 11.935787 -8.497451
v -1.750000 12.857319 7.997968
v -1.249737 13.064211 8.497451
v -1.249653 13.164211 8.397450
v -1.750000 12.957388 7.898135
v -1.249738 13.064211 -8.497451
v -1.750000 12.857319 -7.997967
v -1.750000 12.957388 -7.898134
v -1.249653 13.164211 -8.397450
v -1.646362 20.043289 7.396492
v -1.145962 19.835787 7.897452
v -1.146044 19.935787 7.997452
v -1.646362 20.143181 7.496758
v -1.145963 19.835787 -7.897451
v -1.646363 20.043289 -7.396492
v -1.646363 20.143181 -7.496758
v -1.146046 19.935787 -7.997451
v -1.646362 24.042850 7.397555
v -1.146144 23.835787 7.897452
v -1.146112 23.935787 7.997452
v -1.646362 24.142792 7.497695
v -1.646362 20.856903 7.496969
v -1.146102 21.064209 7.997452
v -1.146138 21.164209 7.897452
v -1.646362 20.956976 7.397142
v -1.146103 21.064211 -7.997451
v -1.646363 20.856905 -7.496968
v -1.646363 20.956974 -7.397139
v -1.146139 21.164209 -7.897451
v -1.146145 23.835787 -7.897451
v -1.646363 24.042850 -7.397553
v -1.646363 24.142792 -7.497693
v -1.146113 23.935787 -7.997451
v -1.646362 24.857269 7.497854
v -1.146060 25.064209 7.997452
v -1.145984 25.164209 7.897452
v -1.646362 24.957350 7.398046
v -1.146061 25.064211 -7.997451
v -1.646363 24.857271 -7.497852
v -1.646363 24.957350 -7.398043
v -1.145985 25.164209 -7.897451
v -1.542725 32.856865 6.996868
v -1.042511 33.064213 7.497453
v -1.042563 33.164211 7.397453
v -1.542725 32.956924 6.897011
v -1.542725 32.043312 6.896425
v -1.042349 31.835783 7.397453
v -1.042441 31.935781 7.497453
v -1.542725 32.143208 6.996677
v -1.042350 31.835783 -7.397451
v -1.542726 32.043312 -6.896423
v -1.542726 32.143208 -6.996675
v -1.042442 31.935781 -7.497451
v -1.542725 36.042965 6.897264
v -1.042655 35.835781 7.397453
v -1.042672 35.935780 7.497453
v -1.542725 36.142944 6.997310
v -1.042512 33.064213 -7.497451
v -1.542726 32.856865 -6.996866
v -1.542726 32.956924 -6.897009
v -1.042565 33.164211 -7.397451
v -1.042657 35.835781 -7.397451
v -1.542726 36.042965 -6.897261
v -1.542726 36.142944 -6.997307
v -1.042674 35.935780 -7.497451
v -1.542726 44.142891 -6.497438
v -1.042722 43.935780 -6.997451
v -1.042720 43.835781 -6.897451
v -1.542726 44.042892 -6.397435
v -1.042720 43.935780 6.997453
v -1.542725 44.142891 6.497441
v -1.542725 44.042892 6.397438
v -1.042719 43.835781 6.897453
v -1.542725 36.857063 6.997345
v -1.042685 37.064213 7.497453
v -1.042695 37.164211 7.397453
v -1.542725 36.957073 6.897372
v -1.042687 37.064213 -7.497451
v -1.542726 36.857063 -6.997342
v -1.542726 36.957073 -6.897369
v -1.042696 37.164211 -7.397451
v -1.542725 44.857105 6.497444
v -1.042721 45.064213 6.997453
v -1.042722 45.164211 6.897453
v -1.542725 44.957104 6.397446
v -1.042723 45.064213 -6.997451
v -1.542726 44.857105 -6.497441
v -1.542726 44.957104 -6.397443
v -1.042723 45.164211 -6.897451
v -1.542725 49.499992 5.147453
v -1.042724 49.999996 5.647453
v 0.000000 49.999996 5.647453
v 0.000000 49.499992 5.147453
v 0.000000 49.499992 -5.147450
v 0.000000 49.999996 -5.647450
v -1.042725 49.999996 -5.647449
v -1.542726 49.499992 -5.147449
v -1.542725 49.499992 5.604559
v -1.042724 49.999996 5.811666
v -1.042724 49.999996 5.647453
v -1.542725 49.499992 5.147453
v -1.042725 49.999996 -5.811663
v -1.542726 49.499992 -5.604555
v -1.542726 49.499992 -5.147449
v -1.042725 49.999996 -5.647449
v 0.000000 49.499992 5.147453
v 0.000000 48.999996 5.147453
v -1.542725 48.999996 5.147453
v -1.542725 49.499992 5.147453
v 1.792726 48.899998 -4.897449
v 1.792725 48.899998 4.897453
v 2.963624 48.899998 4.897454
v 3.397883 48.899998 4.462690
v 3.251642 48.899998 2.343248
v 3.251642 48.899998 0.000002
v 3.251642 48.899998 -2.343244
v 3.397885 48.899998 -4.462690
v 2.963626 48.899998 -4.897449
v -1.792726 48.899998 -4.897449
v -2.963626 48.899998 -4.897449
v -3.397885 48.899998 -4.462690
v -3.251642 48.899998 -2.343244
v -3.251642 48.899998 0.000002
v -3.251642 48.899998 2.343248
v -3.397883 48.899998 4.462690
v -2.963624 48.899998 4.897454
v -1.792725 48.899998 4.897453
vn -0.0000 -0.0000 -1.0000
vn -0.0000 -0.0000 1.0000
vn 1.0000 -0.0000 -0.0000
vn 0.7075 -0.0000 0.7067
vn -0.0000 -1.0000 -0.0000
vn -0.0000 1.0000 -0.0000
vn -0.7067 -0.0000 -0.7075
vn 0.7075 -0.0000 -0.7067
vn 1.0000 0.0001 -0.0025
vn 1.0000 0.0002 -0.0010
vn 1.0000 0.0002 -0.0013
vn 1.0000 0.0002 -0.0006
vn 1.0000 0.0001 0.0006
vn 1.0000 0.0002 -0.0009
vn 1.0000 0.0002 -0.0021
vn -0.0000 0.7071 -0.7071
vn 0.7071 0.7071 -0.0000
vn 0.5003 0.7071 -0.4997
vn 0.5003 0.7071 0.4997
vn 1.0000 -0.0000 -0.0023
vn 1.0000 -0.0000 -0.0027
vn 1.0000 0.0001 -0.0012
vn 1.0000 0.0002 -0.0007
vn 1.0000 0.0002 0.0008
vn 1.0000 0.0002 -0.0022
vn 1.0000 -0.0001 -0.0020
vn 0.9876 0.1463 -0.0572
vn 0.9875 0.1463 -0.0579
vn 0.9875 0.1463 -0.0584
vn 0.9876 0.1463 -0.0577
vn 1.0000 -0.0003 -0.0004
vn 1.0000 0.0002 0.0010
vn 1.0000 0.0002 0.0005
vn 1.0000 0.0001 0.0013
vn 1.0000 0.0004 0.0025
vn 1.0000 0.0002 0.0009
vn 1.0000 -0.0000 -0.0024
vn 1.0000 -0.0000 -0.0021
vn -0.0000 0.7071 0.7071
vn 0.0004 -0.0163 0.9999
vn -0.0043 -0.0101 0.9999
vn -0.0009 -0.0152 0.9999
vn -0.0076 -0.0051 1.0000
vn -0.0090 -0.0039 1.0000
vn 0.9876 0.1462 -0.0579
vn 0.9876 0.1462 -0.0578
vn 0.9877 0.1452 0.0584
vn 0.9876 0.1460 0.0579
vn 0.9877 0.1454 0.0581
vn 0.9875 0.1467 0.0577
vn 0.9874 0.1470 0.0576
vn 0.9875 0.1463 0.0579
vn 1.0000 -0.0000 0.0021
vn 1.0000 0.0002 0.0018
vn 1.0000 0.0002 0.0006
vn 1.0000 0.0001 0.0012
vn 1.0000 0.0005 0.0025
vn 1.0000 -0.0001 0.0025
vn -0.0628 0.1421 -0.9879
vn -0.0589 0.1426 -0.9880
vn -0.0613 0.1420 -0.9880
vn -0.0565 0.1432 -0.9881
vn -0.0550 0.1431 -0.9882
vn -0.0568 0.1474 0.9874
vn -0.0589 0.1426 0.9880
vn -0.0576 0.1461 0.9876
vn -0.0601 0.1392 0.9884
vn -0.0610 0.1379 0.9886
vn -0.7067 -0.0000 0.7075
vn -0.0006 0.7074 -0.7068
vn -0.0000 0.7085 -0.7057
vn -0.0007 0.7077 -0.7065
vn 0.0004 0.7090 -0.7052
vn 0.0007 0.7093 -0.7049
vn -1.0000 -0.0000 -0.0000
vn -0.0000 0.4472 -0.8944
vn 0.8944 0.4472 -0.0000
vn 0.6328 0.4472 -0.6321
vn 0.6328 0.4472 0.6321
vn -0.0552 -0.4336 -0.8994
vn -0.0000 -0.5137 -0.8580
vn 0.0011 -0.4966 -0.8680
vn -0.0005 -0.5214 -0.8533
vn 0.0239 -0.6199 -0.7843
vn 0.8997 -0.4331 -0.0543
vn 0.8581 -0.5135 -0.0000
vn 0.8684 -0.4958 0.0012
vn 0.8533 -0.5215 -0.0006
vn 0.7848 -0.6193 0.0229
vn 0.5930 -0.4410 -0.6736
vn 0.6071 -0.5135 -0.6064
vn 0.6110 -0.5056 -0.6092
vn 0.6039 -0.5204 -0.6037
vn 0.6124 -0.5863 -0.5303
vn 0.6744 -0.4410 0.5922
vn 0.6070 -0.5137 0.6063
vn 0.6098 -0.5057 0.6102
vn 0.6043 -0.5206 0.6032
vn 0.5307 -0.5867 0.6117
vn 0.5621 -0.6274 -0.5389
vn 0.6070 -0.5137 -0.6063
vn 0.6049 -0.5240 -0.5996
vn 0.6084 -0.5047 -0.6125
vn 0.6443 -0.3898 -0.6579
vn 0.6328 -0.4472 -0.6321
vn 0.5399 -0.6269 0.5618
vn 0.6071 -0.5135 0.6064
vn 0.6004 -0.5238 0.6043
vn 0.6133 -0.5045 0.6077
vn 0.6586 -0.3900 0.6436
vn 0.6328 -0.4472 0.6321
vn 0.6003 -0.5238 0.6043
vn 0.5621 -0.6273 -0.5389
vn -0.0536 -0.4326 -0.9000
vn 0.0013 -0.4952 -0.8688
vn -0.0006 -0.5220 -0.8529
vn 0.0221 -0.6196 -0.7846
vn 0.9003 -0.4321 -0.0525
vn 0.8693 -0.4943 0.0015
vn 0.8529 -0.5221 -0.0007
vn 0.7851 -0.6190 0.0209
vn 0.5952 -0.4404 -0.6722
vn 0.6117 -0.5044 -0.6095
vn 0.6033 -0.5214 -0.6035
vn 0.6098 -0.5877 -0.5318
vn 0.6729 -0.4404 0.5944
vn 0.6101 -0.5045 0.6109
vn 0.6041 -0.5216 0.6025
vn 0.5322 -0.5881 0.6091
vn 0.5602 -0.6270 -0.5413
vn 0.6043 -0.5256 -0.5987
vn 0.6088 -0.5032 -0.6133
vn 0.6461 -0.3907 -0.6557
vn 0.5422 -0.6265 0.5599
vn 0.5995 -0.5254 0.6037
vn 0.6140 -0.5031 0.6081
vn 0.6564 -0.3908 0.6453
vn 0.5603 -0.6270 -0.5413
vn 0.6461 -0.3906 -0.6557
vn 0.7851 -0.6191 0.0210
vn -0.0000 0.4472 0.8944
vn -0.0300 -0.6162 0.7870
vn -0.0000 -0.5137 0.8579
vn -0.0036 -0.5254 0.8508
vn 0.0036 -0.5065 0.8622
vn 0.0078 -0.3968 0.9179
vn -0.0000 -0.5137 0.8580
vn -0.0277 -0.6163 0.7870
vn -0.0037 -0.5264 0.8503
vn 0.0037 -0.5059 0.8626
vn 0.0061 -0.3978 0.9175
vn -0.0037 -0.5264 0.8502
vn 0.0061 -0.3977 0.9175
vn 0.4472 -0.0000 -0.8944
vn 0.4472 -0.0000 0.8944
vn 0.8944 -0.0000 0.4472
vn 0.7874 -0.6158 0.0288
vn 0.8581 -0.5136 -0.0000
vn 0.8507 -0.5257 0.0037
vn 0.8625 -0.5061 -0.0036
vn 0.9176 -0.3974 -0.0069
vn 0.8580 -0.5136 -0.0000
vn 0.7874 -0.6159 0.0264
vn 0.8500 -0.5267 0.0038
vn 0.8629 -0.5054 -0.0037
vn 0.9172 -0.3985 -0.0052
vn 0.8944 -0.0000 -0.4472
vn -0.0517 -0.4315 -0.9006
vn 0.0017 -0.4936 -0.8697
vn -0.0008 -0.5227 -0.8525
vn 0.0199 -0.6193 -0.7849
vn -0.0000 -0.5137 -0.8579
vn 0.9018 -0.4295 -0.0480
vn 0.8714 -0.4905 0.0024
vn 0.8518 -0.5238 -0.0013
vn 0.7859 -0.6182 0.0160
vn 0.5981 -0.4395 -0.6702
vn 0.6126 -0.5028 -0.6099
vn 0.6024 -0.5227 -0.6032
vn 0.6063 -0.5895 -0.5338
vn 0.6709 -0.4395 0.5973
vn 0.6105 -0.5029 0.6119
vn 0.6038 -0.5229 0.6016
vn 0.5342 -0.5899 0.6055
vn 0.5578 -0.6264 -0.5445
vn 0.6035 -0.5278 -0.5977
vn 0.6094 -0.5013 -0.6142
vn 0.6484 -0.3918 -0.6528
vn 0.5454 -0.6259 0.5574
vn 0.6071 -0.5136 0.6064
vn 0.5985 -0.5275 0.6029
vn 0.6150 -0.5012 0.6088
vn 0.6535 -0.3920 0.6475
vn -0.0251 -0.6163 0.7871
vn -0.0038 -0.5275 0.8496
vn 0.0038 -0.5053 0.8630
vn 0.0042 -0.3989 0.9170
vn 0.7876 -0.6159 0.0202
vn 0.8484 -0.5294 0.0039
vn 0.8639 -0.5037 -0.0040
vn 0.9160 -0.4011 -0.0008
vn -0.0009 -0.5227 -0.8525
vn 0.9018 -0.4295 -0.0481
vn 0.8715 -0.4905 0.0024
vn 0.5981 -0.4395 -0.6701
vn 0.6126 -0.5028 -0.6098
vn 0.6063 -0.5894 -0.5339
vn 0.6105 -0.5029 0.6118
vn 0.6484 -0.3918 -0.6527
vn 0.5454 -0.6260 0.5574
vn -0.0038 -0.5275 0.8495
vn 0.8638 -0.5037 -0.0040
vn 0.6680 -0.4383 0.6014
vn 0.6109 -0.5006 0.6133
vn 0.6035 -0.5249 0.6003
vn 0.5373 -0.5921 0.6006
vn -0.0467 -0.4286 -0.9023
vn 0.0027 -0.4894 -0.8720
vn -0.0015 -0.5246 -0.8514
vn 0.0145 -0.6183 -0.7858
vn -0.0000 -0.5138 -0.8579
vn 0.5544 -0.6255 -0.5489
vn 0.6021 -0.5308 -0.5964
vn 0.6105 -0.4986 -0.6154
vn 0.6514 -0.3936 -0.6486
vn 0.7880 -0.6155 0.0114
vn 0.8458 -0.5334 0.0036
vn 0.8653 -0.5012 -0.0040
vn 0.9142 -0.4051 0.0054
vn -0.0184 -0.6163 0.7873
vn -0.0039 -0.5305 0.8477
vn 0.0040 -0.5034 0.8641
vn -0.0006 -0.4019 0.9157
vn 0.5498 -0.6251 0.5541
vn 0.5972 -0.5306 0.6015
vn 0.6162 -0.4985 0.6098
vn 0.6494 -0.3937 0.6505
vn 0.6023 -0.4383 -0.6672
vn 0.6141 -0.5005 -0.6103
vn 0.6011 -0.5247 -0.6029
vn 0.6014 -0.5917 -0.5369
vn 0.9040 -0.4256 -0.0413
vn 0.8746 -0.4848 0.0041
vn 0.8503 -0.5263 -0.0023
vn 0.7872 -0.6166 0.0091
vn 0.5985 -0.5276 0.6029
vn 0.6535 -0.3921 0.6475
vn 0.6484 -0.3919 -0.6527
vn 0.6038 -0.5230 0.6016
vn 0.5342 -0.5898 0.6056
vn 0.6024 -0.5228 -0.6032
vn 0.6063 -0.5894 -0.5338
vn 0.6035 -0.5249 0.6002
vn -0.0468 -0.4286 -0.9023
vn 0.5544 -0.6256 -0.5489
vn 0.0040 -0.5034 0.8640
vn 0.6022 -0.4383 -0.6672
vn 0.6011 -0.5246 -0.6029
vn 0.6071 -0.5136 -0.6064
vn 0.7872 -0.6167 0.0091
vn 0.0041 -0.4864 -0.8737
vn -0.0034 -0.4232 -0.9060
vn -0.0034 -0.4405 -0.8977
vn -0.0049 -0.4187 -0.9081
vn 0.0005 -0.3687 -0.9295
vn 0.8734 -0.4869 0.0037
vn 0.9059 -0.4234 -0.0035
vn 0.8974 -0.4413 -0.0036
vn 0.9081 -0.4188 -0.0051
vn 0.9294 -0.3691 0.0006
vn 0.6267 -0.4683 -0.6228
vn 0.6395 -0.4198 -0.6440
vn 0.6391 -0.4245 -0.6414
vn 0.6398 -0.4155 -0.6465
vn 0.6515 -0.3699 -0.6623
vn 0.6235 -0.4683 0.6260
vn 0.6448 -0.4197 0.6388
vn 0.6421 -0.4244 0.6384
vn 0.6473 -0.4154 0.6391
vn 0.6631 -0.3697 0.6508
vn 0.8974 -0.4412 -0.0036
vn 0.6398 -0.4156 -0.6465
vn 0.6405 -0.3847 -0.6646
vn 0.6448 -0.4197 -0.6388
vn 0.6467 -0.4150 -0.6400
vn 0.6430 -0.4240 -0.6378
vn 0.6452 -0.4577 -0.6117
vn 0.6653 -0.3849 0.6398
vn 0.6395 -0.4198 0.6440
vn 0.6408 -0.4151 0.6459
vn 0.6385 -0.4240 0.6423
vn 0.6125 -0.4577 0.6444
vn 0.0032 -0.4876 -0.8731
vn -0.0037 -0.4234 -0.9059
vn -0.0038 -0.4420 -0.8970
vn -0.0052 -0.4186 -0.9082
vn 0.0007 -0.3690 -0.9294
vn -0.0036 -0.4234 -0.9059
vn 0.8728 -0.4881 0.0027
vn 0.9058 -0.4236 -0.0038
vn 0.8966 -0.4428 -0.0040
vn 0.9081 -0.4186 -0.0053
vn 0.9293 -0.3694 0.0008
vn 0.6254 -0.4680 -0.6243
vn 0.6392 -0.4198 -0.6444
vn 0.6386 -0.4252 -0.6415
vn 0.6396 -0.4148 -0.6472
vn 0.6521 -0.3703 -0.6616
vn 0.6392 -0.4197 -0.6444
vn 0.6250 -0.4681 0.6247
vn 0.6452 -0.4197 0.6384
vn 0.6422 -0.4251 0.6379
vn 0.6479 -0.4147 0.6389
vn 0.6624 -0.3700 0.6513
vn 0.6452 -0.4197 0.6385
vn 0.6422 -0.3838 -0.6635
vn 0.6452 -0.4197 -0.6384
vn 0.6474 -0.4142 -0.6398
vn 0.6431 -0.4245 -0.6373
vn 0.6443 -0.4583 -0.6123
vn 0.6642 -0.3840 0.6414
vn 0.6392 -0.4198 0.6444
vn 0.6405 -0.4143 0.6466
vn 0.6380 -0.4246 0.6424
vn 0.6130 -0.4582 0.6436
vn -0.0037 -0.4235 -0.9059
vn 0.9059 -0.4236 -0.0038
vn -0.0052 -0.4186 -0.9081
vn 0.0160 -0.3895 0.9209
vn -0.0034 -0.4232 0.9060
vn -0.0039 -0.4182 0.9084
vn -0.0042 -0.4260 0.9047
vn -0.0262 -0.4596 0.8877
vn 0.0150 -0.3893 0.9210
vn -0.0037 -0.4234 0.9059
vn -0.0042 -0.4180 0.9084
vn -0.0044 -0.4264 0.9045
vn -0.0258 -0.4600 0.8875
vn -0.0036 -0.4234 0.9059
vn 0.9209 -0.3895 -0.0154
vn 0.9059 -0.4234 0.0035
vn 0.9083 -0.4182 0.0041
vn 0.9046 -0.4262 0.0043
vn 0.8876 -0.4598 0.0260
vn 0.8877 -0.4598 0.0260
vn 0.9060 -0.4234 0.0035
vn 0.9084 -0.4182 0.0041
vn 0.8877 -0.4598 0.0259
vn 0.9210 -0.3893 -0.0143
vn 0.9058 -0.4236 0.0038
vn 0.9084 -0.4180 0.0044
vn 0.9044 -0.4267 0.0045
vn 0.8874 -0.4602 0.0256
vn -0.0018 -0.3734 -0.9277
vn 0.0041 -0.4212 -0.9070
vn 0.0027 -0.4160 -0.9094
vn 0.0062 -0.4258 -0.9048
vn 0.0084 -0.4682 -0.8836
vn 0.0044 -0.4212 -0.9069
vn 0.9275 -0.3737 -0.0011
vn 0.9069 -0.4213 0.0045
vn 0.9094 -0.4159 0.0028
vn 0.9047 -0.4261 0.0063
vn 0.8836 -0.4681 0.0081
vn 0.9069 -0.4213 0.0046
vn 0.6567 -0.3717 -0.6562
vn 0.6447 -0.4204 -0.6385
vn 0.6450 -0.4160 -0.6410
vn 0.6442 -0.4251 -0.6358
vn 0.6318 -0.4677 -0.6181
vn 0.6570 -0.3715 0.6560
vn 0.6393 -0.4203 0.6440
vn 0.6418 -0.4159 0.6443
vn 0.6365 -0.4251 0.6435
vn 0.6187 -0.4678 0.6311
vn 0.6392 -0.4203 0.6440
vn 0.0041 -0.4211 -0.9070
vn 0.0044 -0.4212 -0.9070
vn 0.6318 -0.4678 -0.6180
vn 0.6366 -0.4251 0.6435
vn 0.6394 -0.4578 -0.6178
vn 0.6392 -0.4203 -0.6440
vn 0.6375 -0.4246 -0.6429
vn 0.6412 -0.4154 -0.6452
vn 0.6354 -0.3856 -0.6690
vn 0.6393 -0.4202 -0.6440
vn 0.6186 -0.4577 0.6386
vn 0.6447 -0.4203 0.6385
vn 0.6436 -0.4247 0.6367
vn 0.6459 -0.4155 0.6404
vn 0.6696 -0.3858 0.6347
vn 0.6447 -0.4204 0.6385
vn 0.6393 -0.4203 -0.6440
vn 0.6354 -0.3857 -0.6690
vn 0.6696 -0.3858 0.6346
vn -0.0004 -0.3737 -0.9276
vn 0.0049 -0.4213 -0.9069
vn 0.0030 -0.4156 -0.9095
vn 0.0066 -0.4263 -0.9046
vn 0.0078 -0.4680 -0.8837
vn 0.0048 -0.4213 -0.9069
vn 0.9274 -0.3741 0.0004
vn 0.9068 -0.4215 0.0053
vn 0.9096 -0.4155 0.0032
vn 0.9044 -0.4267 0.0068
vn 0.8838 -0.4679 0.0074
vn 0.9068 -0.4215 0.0050
vn 0.6581 -0.3723 -0.6545
vn 0.6448 -0.4203 -0.6384
vn 0.6456 -0.4153 -0.6409
vn 0.6444 -0.4259 -0.6351
vn 0.6313 -0.4674 -0.6189
vn 0.6451 -0.4204 -0.6381
vn 0.6553 -0.3720 0.6574
vn 0.6391 -0.4203 0.6441
vn 0.6416 -0.4153 0.6449
vn 0.6358 -0.4259 0.6437
vn 0.6196 -0.4675 0.6305
vn 0.6388 -0.4203 0.6444
vn 0.6376 -0.4583 -0.6193
vn 0.6388 -0.4203 -0.6444
vn 0.6367 -0.4253 -0.6432
vn 0.6411 -0.4147 -0.6457
vn 0.6364 -0.3849 -0.6685
vn 0.6200 -0.4583 0.6369
vn 0.6451 -0.4204 0.6381
vn 0.6439 -0.4254 0.6359
vn 0.6464 -0.4148 0.6404
vn 0.6691 -0.3851 0.6356
vn 0.6553 -0.3721 0.6574
vn 0.6196 -0.4675 0.6306
vn -0.0131 -0.4620 0.8868
vn 0.0044 -0.4212 0.9070
vn 0.0051 -0.4283 0.9036
vn 0.0037 -0.4155 0.9096
vn 0.0175 -0.3754 0.9267
vn -0.0117 -0.4626 0.8865
vn 0.0048 -0.4213 0.9069
vn 0.0056 -0.4290 0.9033
vn 0.0040 -0.4151 0.9098
vn 0.0169 -0.3753 0.9267
vn 0.8867 -0.4622 0.0124
vn 0.9069 -0.4213 -0.0046
vn 0.9035 -0.4286 -0.0054
vn 0.9096 -0.4154 -0.0039
vn 0.9266 -0.3756 -0.0172
vn 0.8863 -0.4629 0.0109
vn 0.9068 -0.4215 -0.0050
vn 0.9031 -0.4294 -0.0059
vn 0.9098 -0.4150 -0.0041
vn 0.9267 -0.3754 -0.0165
vn 0.9068 -0.4214 -0.0050
vn 0.8864 -0.4629 0.0109
vn -0.0000 -0.4472 -0.8944
vn 0.8944 -0.4472 -0.0000
vn -0.0000 -0.4472 0.8944
vn 0.0022 -0.4889 -0.8723
vn -0.0039 -0.4237 -0.9058
vn -0.0043 -0.4436 -0.8962
vn -0.0055 -0.4185 -0.9082
vn 0.0009 -0.3693 -0.9293
vn -0.0039 -0.4236 -0.9058
vn 0.8710 -0.4912 0.0004
vn 0.9056 -0.4241 -0.0043
vn 0.8946 -0.4467 -0.0052
vn 0.9083 -0.4182 -0.0059
vn 0.9290 -0.3701 0.0012
vn 0.6237 -0.4676 -0.6264
vn 0.6387 -0.4197 -0.6449
vn 0.6378 -0.4261 -0.6416
vn 0.6393 -0.4139 -0.6480
vn 0.6527 -0.3707 -0.6607
vn 0.6388 -0.4197 -0.6448
vn 0.6271 -0.4677 0.6230
vn 0.6457 -0.4196 0.6380
vn 0.6424 -0.4260 0.6370
vn 0.6488 -0.4138 0.6386
vn 0.6615 -0.3705 0.6520
vn 0.6456 -0.4196 0.6380
vn 0.6444 -0.3827 -0.6620
vn 0.6457 -0.4196 -0.6380
vn 0.6484 -0.4133 -0.6394
vn 0.6432 -0.4253 -0.6367
vn 0.6432 -0.4589 -0.6129
vn 0.6627 -0.3829 0.6436
vn 0.6387 -0.4197 0.6449
vn 0.6401 -0.4133 0.6476
vn 0.6374 -0.4254 0.6424
vn 0.6137 -0.4588 0.6425
vn 0.0138 -0.3891 0.9211
vn -0.0039 -0.4236 0.9058
vn -0.0046 -0.4178 0.9085
vn -0.0046 -0.4268 0.9043
vn -0.0255 -0.4605 0.8873
vn 0.9212 -0.3889 -0.0117
vn 0.9056 -0.4241 0.0043
vn 0.9086 -0.4175 0.0052
vn 0.9039 -0.4278 0.0050
vn 0.8869 -0.4614 0.0247
vn 0.0022 -0.4890 -0.8723
vn 0.6237 -0.4677 -0.6263
vn 0.6388 -0.4197 -0.6449
vn 0.6271 -0.4677 0.6229
vn 0.6457 -0.4197 0.6380
vn 0.6424 -0.4260 0.6371
vn 0.6615 -0.3705 0.6521
vn 0.6137 -0.4589 0.6425
vn 0.6299 -0.4671 0.6206
vn 0.6464 -0.4196 0.6373
vn 0.6427 -0.4273 0.6358
vn 0.6499 -0.4124 0.6384
vn 0.6602 -0.3712 0.6529
vn 0.6464 -0.4195 0.6373
vn -0.0003 -0.4923 -0.8704
vn -0.0045 -0.4242 -0.9056
vn -0.0055 -0.4479 -0.8941
vn -0.0061 -0.4180 -0.9084
vn 0.0014 -0.3700 -0.9290
vn 0.6475 -0.3814 -0.6598
vn 0.6464 -0.4195 -0.6373
vn 0.6498 -0.4119 -0.6388
vn 0.6433 -0.4264 -0.6359
vn 0.6417 -0.4596 -0.6140
vn 0.6464 -0.4196 -0.6373
vn 0.9215 -0.3882 -0.0079
vn 0.9053 -0.4248 0.0051
vn 0.9090 -0.4168 0.0064
vn 0.9032 -0.4292 0.0056
vn 0.8861 -0.4629 0.0232
vn 0.0109 -0.3886 0.9214
vn -0.0045 -0.4242 0.9056
vn -0.0055 -0.4173 0.9088
vn -0.0051 -0.4280 0.9038
vn -0.0244 -0.4617 0.8867
vn 0.6605 -0.3816 0.6466
vn 0.6380 -0.4196 0.6457
vn 0.6395 -0.4119 0.6491
vn 0.6366 -0.4265 0.6425
vn 0.6148 -0.4595 0.6410
vn 0.6214 -0.4670 -0.6291
vn 0.6380 -0.4196 -0.6457
vn 0.6366 -0.4274 -0.6420
vn 0.6391 -0.4125 -0.6491
vn 0.6536 -0.3714 -0.6595
vn 0.8686 -0.4956 -0.0028
vn 0.9053 -0.4248 -0.0051
vn 0.8919 -0.4523 -0.0069
vn 0.9086 -0.4177 -0.0067
vn 0.9286 -0.3710 0.0017
vn 0.6456 -0.4196 0.6381
vn 0.8710 -0.4913 0.0004
vn 0.9083 -0.4183 -0.0059
vn 0.6603 -0.3712 0.6529
vn -0.0055 -0.4479 -0.8940
vn 0.0109 -0.3885 0.9214
vn -0.0045 -0.4242 0.9055
vn 0.6605 -0.3816 0.6467
vn 0.6396 -0.4119 0.6491
vn 0.6148 -0.4596 0.6410
vn 0.6380 -0.4196 0.6456
vn 0.6213 -0.4670 -0.6292
vn 0.8686 -0.4955 -0.0028
vn 0.9086 -0.4176 -0.0067
vn 0.0013 -0.3741 -0.9274
vn 0.0052 -0.4214 -0.9068
vn 0.0034 -0.4152 -0.9097
vn 0.0070 -0.4269 -0.9043
vn 0.0070 -0.4678 -0.8838
vn 0.0052 -0.4215 -0.9068
vn 0.9270 -0.3749 0.0044
vn 0.9067 -0.4217 0.0060
vn 0.9101 -0.4144 0.0042
vn 0.9037 -0.4281 0.0078
vn 0.8841 -0.4673 0.0057
vn 0.6598 -0.3731 -0.6523
vn 0.6459 -0.4205 -0.6372
vn 0.6464 -0.4144 -0.6406
vn 0.6446 -0.4270 -0.6341
vn 0.6305 -0.4669 -0.6200
vn 0.6456 -0.4204 -0.6375
vn 0.6531 -0.3729 0.6591
vn 0.6380 -0.4204 0.6452
vn 0.6414 -0.4143 0.6457
vn 0.6349 -0.4270 0.6439
vn 0.6207 -0.4669 0.6298
vn 0.6382 -0.4204 0.6449
vn 0.6352 -0.4589 -0.6212
vn 0.6382 -0.4204 -0.6449
vn 0.6356 -0.4263 -0.6437
vn 0.6411 -0.4138 -0.6464
vn 0.6376 -0.3841 -0.6678
vn 0.6220 -0.4588 0.6345
vn 0.6456 -0.4205 0.6375
vn 0.6444 -0.4263 0.6349
vn 0.6471 -0.4139 0.6403
vn 0.6684 -0.3842 0.6368
vn 0.6456 -0.4204 0.6375
vn -0.0101 -0.4632 0.8862
vn 0.0052 -0.4215 0.9068
vn 0.0062 -0.4297 0.9029
vn 0.0042 -0.4147 0.9100
vn 0.0161 -0.3752 0.9268
vn 0.0052 -0.4214 0.9068
vn 0.8856 -0.4644 0.0070
vn 0.9067 -0.4217 -0.0060
vn 0.9022 -0.4313 -0.0075
vn 0.9103 -0.4139 -0.0047
vn 0.9268 -0.3754 -0.0146
vn 0.0013 -0.3740 -0.9274
vn 0.6379 -0.4204 0.6452
vn 0.6220 -0.4589 0.6345
vn 0.6444 -0.4263 0.6348
vn 0.6684 -0.3842 0.6369
vn -0.0101 -0.4633 0.8862
vn 0.0063 -0.4298 0.9029
vn 0.0042 -0.4146 0.9100
vn 0.0052 -0.4214 0.9069
vn 0.9268 -0.3753 -0.0146
vn 0.6500 -0.3741 0.6615
vn 0.6374 -0.4205 0.6457
vn 0.6409 -0.4130 0.6470
vn 0.6336 -0.4286 0.6441
vn 0.6223 -0.4661 0.6289
vn 0.0057 -0.3750 -0.9270
vn 0.0063 -0.4217 -0.9067
vn 0.0046 -0.4140 -0.9103
vn 0.0081 -0.4285 -0.9035
vn 0.0052 -0.4671 -0.8842
vn 0.0063 -0.4218 -0.9067
vn 0.6320 -0.4595 -0.6241
vn 0.6374 -0.4205 -0.6457
vn 0.6340 -0.4276 -0.6444
vn 0.6410 -0.4125 -0.6473
vn 0.6393 -0.3831 -0.6667
vn 0.8846 -0.4663 0.0011
vn 0.9065 -0.4221 -0.0075
vn 0.9007 -0.4343 -0.0100
vn 0.9111 -0.4123 -0.0054
vn 0.9268 -0.3755 -0.0120
vn -0.0058 -0.4649 0.8853
vn 0.0063 -0.4217 0.9067
vn 0.0080 -0.4319 0.9019
vn 0.0049 -0.4135 0.9105
vn 0.0141 -0.3751 0.9269
vn 0.6248 -0.4595 0.6312
vn 0.6464 -0.4205 0.6366
vn 0.6451 -0.4276 0.6333
vn 0.6479 -0.4126 0.6403
vn 0.6674 -0.3832 0.6386
vn 0.6621 -0.3744 -0.6492
vn 0.6464 -0.4205 -0.6366
vn 0.6477 -0.4131 -0.6401
vn 0.6448 -0.4286 -0.6329
vn 0.6296 -0.4661 -0.6216
vn 0.6464 -0.4206 -0.6366
vn 0.9264 -0.3764 0.0103
vn 0.9065 -0.4222 0.0076
vn 0.9108 -0.4127 0.0062
vn 0.9026 -0.4304 0.0090
vn 0.8846 -0.4663 0.0034
vn 0.6456 -0.4205 -0.6375
vn 0.6500 -0.3742 0.6614
vn 0.6374 -0.4204 0.6457
vn 0.6222 -0.4661 0.6290
vn 0.0081 -0.4286 -0.9035
vn 0.6394 -0.3831 -0.6667
vn 0.9065 -0.4221 -0.0076
vn 0.0063 -0.4218 0.9067
vn 0.6621 -0.3743 -0.6492
vn 0.9108 -0.4127 0.0061
vn 0.9999 -0.0135 -0.0000
vn 0.9985 0.0550 -0.0000
vn 0.9999 -0.0138 0.0016
vn 0.9999 -0.0142 0.0010
vn 0.9999 -0.0135 0.0020
vn 0.9999 -0.0147 -0.0005
vn 0.9999 -0.0149 -0.0000
vn 0.7051 0.7091 0.0019
vn 0.7107 0.7035 -0.0001
vn 0.7088 0.7054 0.0001
vn 0.7125 0.7017 -0.0003
vn 0.7161 0.6980 -0.0022
vn 0.9984 0.0559 -0.0010
vn 0.9986 0.0526 -0.0008
vn 0.9986 0.0537 -0.0005
vn 0.9987 0.0515 -0.0012
vn 0.9988 0.0493 -0.0007
vn 0.9986 0.0525 -0.0009
vn 0.7159 0.6982 0.0003
vn 0.7107 0.7035 0.0001
vn 0.7126 0.7016 -0.0007
vn 0.7091 0.7052 0.0009
vn 0.7054 0.7088 0.0004
vn 0.9999 -0.0146 -0.0018
vn 0.9999 -0.0142 -0.0010
vn 0.9999 -0.0150 -0.0023
vn 0.9999 -0.0134 0.0003
vn 0.9999 -0.0138 -0.0002
vn 0.9988 0.0488 -0.0000
vn 0.9986 0.0526 0.0008
vn 0.9987 0.0513 0.0007
vn 0.9986 0.0538 0.0009
vn 0.9984 0.0563 0.0017
vn 0.9986 0.0527 0.0009
vn 0.9999 -0.0136 -0.0000
vn 0.0492 0.9988 -0.0000
vn 0.7067 -0.0000 0.7075
vn 0.7067 -0.0000 -0.7075
vn 1.0000 -0.0028 -0.0000
vn 1.0000 -0.0019 0.0002
vn 1.0000 -0.0041 0.0001
vn 1.0000 0.0006 0.0002
vn 1.0000 -0.0007 0.0004
vn 1.0000 -0.0018 0.0002
vn 1.0000 -0.0028 0.0008
vn 1.0000 -0.0018 -0.0001
vn 1.0000 -0.0042 0.0015
vn 1.0000 0.0008 -0.0020
vn 1.0000 -0.0006 -0.0013
vn 1.0000 -0.0018 -0.0002
vn 1.0000 -0.0030 0.0001
vn 1.0000 -0.0020 0.0002
vn 1.0000 -0.0044 0.0001
vn 1.0000 -0.0008 0.0004
vn 1.0000 -0.0031 0.0010
vn 1.0000 -0.0019 -0.0002
vn 1.0000 -0.0045 0.0016
vn 1.0000 0.0007 -0.0022
vn 1.0000 -0.0006 -0.0014
vn -0.0000 -0.7071 0.7071
vn -0.0000 -0.7071 -0.7071
vn 0.7071 -0.7071 -0.0000
vn 0.5003 -0.7071 -0.4997
vn 0.5003 -0.7071 0.4997
vn 0.7071 -0.0000 0.7071
vn 0.7071 -0.0000 -0.7071
vn -0.7071 -0.0000 0.7071
vn 0.0651 0.2294 0.9711
vn -0.0081 0.0942 0.9955
vn -0.0087 0.1165 0.9931
vn -0.0074 0.0848 0.9964
vn -0.0487 -0.0861 0.9951
vn -0.0081 0.0941 0.9955
vn -0.0663 0.0648 0.9957
vn 0.0928 -0.0050 0.9957
vn 0.0864 -0.0025 0.9963
vn 0.0979 -0.0081 0.9952
vn 0.2720 -0.0374 0.9616
vn 0.0928 -0.0049 0.9957
vn -0.0335 -0.9991 -0.0244
vn 0.0079 -0.9971 0.0761
vn 0.0090 -0.9978 0.0656
vn 0.0070 -0.9963 0.0860
vn 0.0636 -0.9852 0.1590
vn -0.9789 -0.0203 0.2031
vn -0.9971 0.0046 0.0764
vn -0.9967 0.0025 0.0816
vn -0.9975 0.0075 0.0696
vn -0.9982 0.0277 -0.0524
vn -0.9971 0.0046 0.0763
vn -0.7075 -0.0000 0.7067
vn -0.7075 -0.0000 -0.7067
vn -0.0113 -0.0288 0.9995
vn 0.0261 -0.0130 0.9996
vn 0.0079 -0.0177 0.9998
vn 0.0437 -0.0086 0.9990
vn 0.0629 0.0026 0.9980
vn 0.0629 -0.0204 -0.9978
vn 0.0261 -0.0130 -0.9996
vn 0.0424 -0.0205 -0.9989
vn 0.0103 -0.0058 -0.9999
vn -0.0106 -0.0055 -0.9999
vn 0.0261 -0.0131 -0.9996
vn -0.0215 -0.0040 -0.9998
vn 0.0257 0.0021 -0.9997
vn 0.0228 0.0011 -0.9997
vn 0.0287 0.0032 -0.9996
vn 0.0728 0.0087 -0.9973
vn 0.0557 -0.0184 0.9983
vn 0.0257 0.0021 0.9997
vn 0.0283 0.0023 0.9996
vn 0.0230 0.0020 0.9997
vn -0.0029 0.0229 0.9997
vn -0.0007 0.7093 0.7049
vn -0.0000 0.7086 0.7057
vn 0.0007 0.7079 0.7064
vn -0.0000 0.7085 0.7057
vn -0.0001 -0.0039 -1.0000
vn -0.0043 -0.0101 -0.9999
vn -0.0006 -0.0054 -1.0000
vn -0.0080 -0.0149 -0.9999
vn -0.0085 -0.0164 -0.9998
vn -0.0064 0.0014 -1.0000
vn -0.0038 0.0020 -1.0000
vn -0.0094 -0.0002 -1.0000
vn 0.0017 0.0043 -1.0000
vn -0.0012 0.0026 -1.0000
vn -0.0061 0.0030 1.0000
vn -0.0038 0.0020 1.0000
vn -0.0091 0.0030 1.0000
vn 0.0015 0.0010 1.0000
vn -0.0015 0.0009 1.0000
vn 1.0000 0.0002 0.0020
vn 1.0000 -0.0001 0.0023
vn -0.0007 0.7094 0.7048
vn -0.0000 0.7084 0.7058
vn -0.0002 0.7089 0.7053
vn 0.0002 0.7079 0.7063
vn 0.0007 0.7074 0.7068
vn -0.0063 0.0012 -1.0000
vn -0.0036 0.0020 -1.0000
vn -0.0086 -0.0003 -1.0000
vn 0.0014 0.0044 -1.0000
vn -0.0009 0.0029 -1.0000
vn 1.0000 -0.0000 0.0020
vn 0.0006 -0.0170 0.9999
vn -0.0040 -0.0103 0.9999
vn -0.0013 -0.0152 0.9999
vn -0.0068 -0.0054 1.0000
vn -0.0086 -0.0036 1.0000
vn 0.9877 0.1455 0.0580
vn 0.9875 0.1463 0.0578
vn 0.9876 0.1458 0.0580
vn 0.9874 0.1471 0.0575
vn 0.9874 0.1474 0.0573
vn 0.9876 0.1463 0.0578
vn -0.0000 -0.7072 -0.7071
vn -0.0000 -0.7071 -0.7072
vn -0.0060 0.0032 1.0000
vn -0.0036 0.0020 1.0000
vn -0.0085 0.0034 1.0000
vn 0.0013 0.0007 1.0000
vn -0.0012 0.0008 1.0000
vn -0.0006 0.7076 -0.7066
vn -0.0000 0.7084 -0.7058
vn 0.0006 0.7091 -0.7051
vn -0.0002 -0.0036 -1.0000
vn -0.0040 -0.0103 -0.9999
vn -0.0008 -0.0058 -1.0000
vn -0.0072 -0.0148 -0.9999
vn -0.0078 -0.0170 -0.9998
vn -0.0000 0.7072 0.7071
vn -0.0000 0.7072 -0.7071
vn 0.7014 -0.0147 0.7126
vn 0.7035 -0.0124 0.7105
vn 0.7016 -0.0144 0.7124
vn 0.7052 -0.0106 0.7090
vn 0.7054 -0.0105 0.7087
vn 0.7036 -0.0123 0.7105
vn 0.6819 0.5824 -0.4424
vn 0.6817 0.5827 -0.4424
vn 0.6816 0.5827 0.4427
vn 0.7023 -0.0106 -0.7118
vn 0.7035 -0.0123 -0.7106
vn 0.7051 -0.0146 -0.7089
vn 0.7052 0.0006 -0.7091
vn 0.7056 0.0004 -0.7086
vn 0.7062 0.0002 -0.7080
vn 0.7057 0.0004 -0.7085
vn 0.7066 -0.0002 0.7076
vn 0.7068 -0.0000 0.7075
vn 0.7066 -0.0000 -0.7076
vn 0.7068 -0.0002 -0.7074
vn 0.7048 0.0005 0.7094
vn 0.7057 0.0004 0.7085
vn 0.7055 0.0003 0.7087
vn 0.7059 0.0004 0.7083
vn 0.7065 0.0002 0.7077
vn 0.7070 -0.0000 0.7072
vn 0.7073 -0.0000 -0.7070
vn 0.7074 -0.0002 -0.7068
vn 0.7070 -0.0000 -0.7072
vn 0.7066 0.0038 -0.7076
vn 0.7047 0.0033 -0.7095
vn 0.7055 0.0031 -0.7087
vn 0.7042 0.0036 -0.7099
vn 0.7027 0.0033 -0.7115
vn 0.7069 0.0039 0.7073
vn 0.7047 0.0034 0.7095
vn 0.7053 0.0033 0.7089
vn 0.7040 0.0033 0.7102
vn 0.7023 0.0029 0.7118
vn 0.7072 -0.0002 0.7070
vn 0.7074 -0.0000 0.7068
vn 0.6816 0.5828 -0.4425
vn 0.6815 0.5830 -0.4425
vn 0.6816 0.5827 0.4425
vn 0.6816 0.5826 0.4427
vn 0.7017 -0.0147 0.7124
vn 0.7036 -0.0125 0.7105
vn 0.7052 -0.0108 0.7090
vn 0.7037 -0.0125 0.7104
vn 0.7025 -0.0109 -0.7116
vn 0.7036 -0.0125 -0.7104
vn 0.7049 0.0005 -0.7093
vn 0.7055 0.0004 -0.7087
vn 0.7060 0.0003 -0.7082
vn 0.7065 0.0002 -0.7077
vn 0.7058 0.0003 -0.7084
vn 0.7049 0.0004 0.7093
vn 0.7056 0.0003 0.7086
vn 0.7054 0.0003 0.7088
vn 0.7060 0.0004 0.7083
vn 0.7064 0.0003 0.7078
vn 0.7067 -0.0001 -0.7075
vn 0.7065 -0.0001 0.7077
vn 0.7069 -0.0000 -0.7073
vn 0.7069 -0.0000 0.7073
vn 0.7071 -0.0000 0.7072
vn 0.7071 0.0040 0.7071
vn 0.7047 0.0033 0.7095
vn 0.7052 0.0032 0.7090
vn 0.7039 0.0033 0.7103
vn 0.7021 0.0028 0.7121
vn 0.7054 0.0030 -0.7088
vn 0.7041 0.0035 -0.7101
vn 0.7024 0.0032 -0.7118
vn 0.7046 0.0033 -0.7096
vn 0.7074 -0.0000 -0.7069
vn 0.7075 -0.0002 -0.7067
vn 0.7073 -0.0002 0.7069
vn 0.7075 -0.0000 0.7068
vn 0.7072 -0.0000 0.7070
vn 0.7073 -0.0000 0.7070
vn 0.7072 -0.0000 -0.7070
vn 0.7071 0.5000 -0.5000
vn 0.7071 0.5000 0.5000
vn 0.7072 -0.0000 -0.7071
vn 0.7072 -0.0000 0.7071
vn 0.7071 -0.0000 -0.7072
vn 0.7069 -0.0001 0.7073
vn 0.7069 -0.0001 -0.7073
vn 0.7068 -0.0002 0.7074
vn 0.7068 0.0001 0.7074
vn 0.7068 0.0001 -0.7074
vn 0.7069 -0.0002 -0.7073
vn 0.7062 -0.0002 0.7080
vn 0.7064 0.0002 0.7078
vn 0.7062 -0.0002 -0.7080
vn 0.7063 -0.0005 -0.7079
vn 0.7081 -0.0035 0.7062
vn 0.7081 -0.0037 0.7061
vn 0.7082 -0.0032 0.7060
vn 0.7081 -0.0047 0.7061
vn 0.7081 -0.0044 0.7061
vn 0.7081 -0.0039 0.7061
vn 0.7082 -0.0040 -0.7060
vn 0.7081 -0.0038 -0.7061
vn 0.7083 -0.0049 -0.7058
vn 0.7078 -0.0027 -0.7064
vn 0.7080 -0.0036 -0.7062
vn 0.7081 -0.0039 -0.7061
vn 0.7070 -0.0004 0.7072
vn 0.7071 -0.0004 -0.7071
vn 0.7071 -0.0003 -0.7072
vn 0.7060 -0.0006 0.7082
vn 0.7063 -0.0002 0.7080
vn 0.7063 -0.0003 -0.7079
vn 0.7063 -0.0006 -0.7079
vn 0.7063 -0.0001 -0.7080
vn 0.7072 -0.0003 0.7070
vn 0.7073 -0.0001 0.7069
vn 0.7082 -0.0039 0.7060
vn 0.7082 -0.0043 0.7060
vn 0.7085 -0.0047 -0.7057
vn 0.7078 -0.0033 -0.7064
vn 0.7072 -0.0001 0.7070
vn 0.7072 -0.0001 -0.7070
vn 0.7072 -0.0003 -0.7070
vn 0.7073 -0.0001 -0.7070
vn 0.7070 -0.5001 0.5000
vn 0.7070 -0.5000 0.5001
vn 0.7070 -0.5000 -0.5001
vn 0.7070 -0.5001 -0.5000
vn 0.7070 0.5000 0.5002
vn 0.7070 0.5001 0.5000
vn 0.7070 0.5002 -0.5001
vn 0.7070 0.5000 -0.5002
vn 0.7066 -0.5007 0.5000
vn 0.7068 -0.5000 0.5004
vn 0.7067 -0.5001 -0.5004
vn 0.7067 -0.5006 -0.5000
vn 0.7065 0.5002 0.5007
vn 0.7070 0.4996 0.5007
vn 0.7061 0.5010 0.5004
vn 0.7065 0.5003 0.5005
vn 0.7065 0.5004 0.5005
vn 0.7066 0.5003 -0.5005
vn 0.7065 0.5003 -0.5006
vn 0.7062 0.5013 -0.4999
vn 0.7068 0.4992 -0.5013
vn 0.7065 0.5002 -0.5007
vn 0.7072 -0.5007 0.4992
vn 0.7072 -0.5005 0.4993
vn 0.7071 -0.5009 0.4991
vn 0.7073 -0.5000 0.4998
vn 0.7074 -0.5001 0.4995
vn 0.7073 -0.5005 0.4993
vn 0.7073 -0.5002 -0.4996
vn 0.7072 -0.5006 -0.4992
vn 0.7067 -0.5006 0.5000
vn 0.7068 -0.5004 0.5000
vn 0.7068 -0.5010 0.4994
vn 0.7068 -0.4999 0.5005
vn 0.7068 -0.5004 0.5001
vn 0.7067 -0.5005 0.5000
vn 0.7073 0.4992 0.5004
vn 0.7073 0.4997 0.5000
vn 0.7073 0.4995 -0.5002
vn 0.7074 0.4992 -0.5003
vn 0.7068 -0.5005 -0.5000
vn 0.7066 0.5000 0.5007
vn 0.7066 0.5001 0.5006
vn 0.7070 0.4995 0.5007
vn 0.7062 0.5009 0.5004
vn 0.7066 0.5003 0.5005
vn 0.7066 0.5002 0.5006
vn 0.7065 0.5004 -0.5004
vn 0.7065 0.5002 -0.5005
vn 0.7063 0.5012 -0.5000
vn 0.7068 0.4992 -0.5012
vn 0.7066 0.5000 -0.5007
vn 0.7066 0.5001 -0.5006
vn 0.7075 0.4993 0.5002
vn 0.7072 -0.5008 0.4990
vn 0.7075 -0.5001 0.4994
vn 0.7074 -0.5002 -0.4995
vn 0.7073 -0.5007 -0.4990
vn 0.7071 -0.5002 0.4998
vn 0.7072 -0.5000 0.4999
vn 0.7074 0.4996 -0.5000
vn 0.7075 0.4992 -0.5002
vn 0.7071 -0.5000 -0.4999
vn 0.7072 -0.5002 -0.4998
vn 0.7071 -0.5000 -0.5000
vn 0.7071 -0.5000 0.5000
vn 0.7072 0.4999 0.5000
vn 0.7071 0.4999 0.5000
vn 0.7072 0.4999 -0.5000
vn 0.7072 0.4999 -0.5001
vn -1.0000 0.0002 -0.0006
vn -1.0000 0.0002 -0.0009
vn -1.0000 0.0001 0.0006
vn -1.0000 0.0001 -0.0025
vn -1.0000 0.0002 -0.0013
vn -1.0000 0.0002 -0.0010
vn -1.0000 0.0002 -0.0021
vn -0.7071 0.7071 -0.0000
vn -0.5003 0.7071 -0.4997
vn -0.5003 0.7071 0.4997
vn -1.0000 -0.0000 -0.0023
vn -1.0000 0.0002 -0.0007
vn -1.0000 0.0002 0.0008
vn -1.0000 -0.0000 -0.0027
vn -1.0000 0.0001 -0.0012
vn -1.0000 -0.0001 -0.0020
vn -1.0000 0.0002 -0.0022
vn -0.9875 0.1463 -0.0584
vn -0.9876 0.1463 -0.0577
vn -0.9876 0.1463 -0.0572
vn -0.9875 0.1463 -0.0579
vn -1.0000 0.0001 0.0013
vn -1.0000 0.0002 0.0009
vn -1.0000 0.0004 0.0025
vn -1.0000 -0.0003 -0.0004
vn -1.0000 0.0002 0.0005
vn -1.0000 0.0002 0.0010
vn -1.0000 -0.0000 -0.0021
vn -1.0000 -0.0000 -0.0024
vn 0.0076 -0.0051 1.0000
vn 0.0043 -0.0101 0.9999
vn 0.0090 -0.0039 1.0000
vn -0.0004 -0.0163 0.9999
vn 0.0009 -0.0152 0.9999
vn -0.9876 0.1462 -0.0578
vn -0.9876 0.1462 -0.0579
vn -0.9874 0.1470 0.0576
vn -0.9875 0.1463 0.0579
vn -0.9877 0.1454 0.0581
vn -0.9876 0.1459 0.0580
vn -1.0000 0.0002 0.0018
vn -1.0000 -0.0000 0.0021
vn -1.0000 0.0001 0.0012
vn -1.0000 0.0005 0.0025
vn -1.0000 0.0002 0.0006
vn -1.0000 -0.0001 0.0025
vn 0.0565 0.1432 -0.9881
vn 0.0589 0.1426 -0.9880
vn 0.0550 0.1431 -0.9882
vn 0.0628 0.1421 -0.9879
vn 0.0613 0.1420 -0.9880
vn 0.0601 0.1393 0.9884
vn 0.0589 0.1426 0.9880
vn 0.0610 0.1379 0.9886
vn 0.0567 0.1474 0.9874
vn 0.0576 0.1460 0.9876
vn -0.0005 0.7091 -0.7051
vn -0.0006 0.7095 -0.7047
vn 0.0006 0.7075 -0.7067
vn 0.0005 0.7079 -0.7063
vn -0.8944 0.4472 -0.0000
vn -0.6328 0.4472 -0.6321
vn -0.6328 0.4472 0.6321
vn 0.0005 -0.5214 -0.8533
vn -0.0239 -0.6199 -0.7843
vn 0.0552 -0.4336 -0.8994
vn -0.0011 -0.4966 -0.8680
vn -0.8533 -0.5215 -0.0006
vn -0.8581 -0.5135 -0.0000
vn -0.7848 -0.6193 0.0229
vn -0.8997 -0.4331 -0.0543
vn -0.8684 -0.4958 0.0012
vn -0.6040 -0.5204 -0.6037
vn -0.6071 -0.5135 -0.6064
vn -0.6124 -0.5863 -0.5303
vn -0.5930 -0.4410 -0.6736
vn -0.6110 -0.5056 -0.6092
vn -0.6043 -0.5206 0.6032
vn -0.6070 -0.5137 0.6063
vn -0.5307 -0.5867 0.6117
vn -0.6744 -0.4410 0.5922
vn -0.6098 -0.5057 0.6102
vn -0.7848 -0.6194 0.0229
vn -0.6084 -0.5047 -0.6125
vn -0.6070 -0.5137 -0.6063
vn -0.6443 -0.3898 -0.6579
vn -0.5621 -0.6274 -0.5389
vn -0.6049 -0.5240 -0.5996
vn -0.6328 -0.4472 -0.6321
vn -0.6133 -0.5045 0.6077
vn -0.6071 -0.5135 0.6064
vn -0.6586 -0.3900 0.6436
vn -0.5399 -0.6269 0.5618
vn -0.6003 -0.5238 0.6043
vn -0.6328 -0.4472 0.6321
vn -0.6444 -0.3898 -0.6579
vn -0.5621 -0.6273 -0.5389
vn 0.0006 -0.5220 -0.8529
vn -0.0221 -0.6196 -0.7846
vn 0.0536 -0.4326 -0.9000
vn -0.0013 -0.4952 -0.8688
vn -0.8529 -0.5221 -0.0007
vn -0.7851 -0.6190 0.0209
vn -0.9003 -0.4321 -0.0525
vn -0.8693 -0.4943 0.0015
vn -0.6033 -0.5214 -0.6035
vn -0.6098 -0.5877 -0.5318
vn -0.5952 -0.4404 -0.6722
vn -0.6117 -0.5044 -0.6095
vn -0.6041 -0.5216 0.6025
vn -0.5322 -0.5881 0.6091
vn -0.6729 -0.4404 0.5944
vn -0.6101 -0.5045 0.6109
vn -0.6088 -0.5032 -0.6133
vn -0.6461 -0.3907 -0.6557
vn -0.5602 -0.6270 -0.5413
vn -0.6043 -0.5256 -0.5987
vn -0.6140 -0.5031 0.6081
vn -0.6564 -0.3908 0.6453
vn -0.5422 -0.6265 0.5599
vn -0.5995 -0.5254 0.6037
vn -0.7851 -0.6191 0.0210
vn -0.6461 -0.3906 -0.6557
vn -0.5603 -0.6270 -0.5413
vn -0.0036 -0.5065 0.8622
vn -0.0078 -0.3968 0.9179
vn 0.0300 -0.6162 0.7870
vn 0.0036 -0.5254 0.8508
vn -0.0037 -0.5059 0.8626
vn -0.0061 -0.3978 0.9175
vn 0.0277 -0.6163 0.7870
vn 0.0037 -0.5264 0.8502
vn -0.0061 -0.3977 0.9175
vn -0.4472 -0.0000 -0.8944
vn -0.4472 -0.0000 0.8944
vn -0.8944 -0.0000 0.4472
vn -0.8625 -0.5061 -0.0036
vn -0.9176 -0.3974 -0.0069
vn -0.7874 -0.6158 0.0288
vn -0.8507 -0.5257 0.0037
vn -0.8581 -0.5136 -0.0000
vn -0.8507 -0.5256 0.0037
vn -0.8580 -0.5136 -0.0000
vn -0.8629 -0.5054 -0.0037
vn -0.9172 -0.3985 -0.0052
vn -0.7874 -0.6159 0.0264
vn -0.8500 -0.5267 0.0038
vn -0.9172 -0.3984 -0.0052
vn -0.8501 -0.5267 0.0038
vn -0.8944 -0.0000 -0.4472
vn 0.0008 -0.5227 -0.8525
vn -0.0199 -0.6193 -0.7849
vn 0.0517 -0.4315 -0.9006
vn -0.0017 -0.4936 -0.8697
vn -0.8518 -0.5239 -0.0013
vn -0.7859 -0.6182 0.0160
vn -0.9018 -0.4295 -0.0480
vn -0.8714 -0.4905 0.0024
vn -0.6025 -0.5227 -0.6032
vn -0.6063 -0.5894 -0.5338
vn -0.5981 -0.4395 -0.6702
vn -0.6126 -0.5028 -0.6098
vn -0.6038 -0.5229 0.6016
vn -0.5342 -0.5898 0.6055
vn -0.6709 -0.4395 0.5973
vn -0.6105 -0.5029 0.6119
vn -0.6094 -0.5013 -0.6142
vn -0.6484 -0.3918 -0.6528
vn -0.5578 -0.6264 -0.5445
vn -0.6035 -0.5278 -0.5977
vn -0.6150 -0.5012 0.6088
vn -0.6535 -0.3920 0.6475
vn -0.5454 -0.6259 0.5574
vn -0.5985 -0.5275 0.6029
vn -0.6071 -0.5136 0.6064
vn -0.0038 -0.5053 0.8630
vn -0.0042 -0.3989 0.9170
vn 0.0251 -0.6163 0.7871
vn 0.0038 -0.5275 0.8496
vn -0.8639 -0.5037 -0.0040
vn -0.9160 -0.4011 -0.0008
vn -0.7876 -0.6159 0.0202
vn -0.8484 -0.5294 0.0039
vn -0.8518 -0.5238 -0.0013
vn -0.9018 -0.4295 -0.0481
vn -0.8715 -0.4905 0.0024
vn -0.6063 -0.5894 -0.5339
vn -0.5981 -0.4395 -0.6701
vn -0.5342 -0.5899 0.6055
vn -0.6105 -0.5029 0.6118
vn -0.6484 -0.3918 -0.6527
vn -0.5454 -0.6260 0.5574
vn 0.0038 -0.5275 0.8495
vn -0.8638 -0.5037 -0.0040
vn -0.6035 -0.5249 0.6003
vn -0.5373 -0.5921 0.6006
vn -0.6680 -0.4383 0.6014
vn -0.6109 -0.5006 0.6133
vn 0.0015 -0.5246 -0.8514
vn -0.0145 -0.6183 -0.7858
vn 0.0467 -0.4286 -0.9023
vn -0.0027 -0.4894 -0.8720
vn -0.6105 -0.4986 -0.6154
vn -0.6514 -0.3936 -0.6486
vn -0.5544 -0.6255 -0.5489
vn -0.6021 -0.5308 -0.5964
vn -0.8653 -0.5012 -0.0040
vn -0.9142 -0.4051 0.0054
vn -0.7880 -0.6155 0.0114
vn -0.8458 -0.5334 0.0036
vn -0.0040 -0.5034 0.8641
vn 0.0006 -0.4019 0.9157
vn 0.0184 -0.6163 0.7873
vn 0.0039 -0.5305 0.8477
vn -0.6162 -0.4985 0.6098
vn -0.6494 -0.3937 0.6505
vn -0.5498 -0.6251 0.5541
vn -0.5972 -0.5306 0.6015
vn -0.6011 -0.5247 -0.6029
vn -0.6014 -0.5917 -0.5369
vn -0.6023 -0.4383 -0.6672
vn -0.6141 -0.5005 -0.6103
vn -0.8503 -0.5263 -0.0023
vn -0.7872 -0.6166 0.0091
vn -0.9040 -0.4256 -0.0413
vn -0.8746 -0.4848 0.0041
vn -0.6150 -0.5012 0.6087
vn -0.6484 -0.3919 -0.6527
vn -0.6038 -0.5230 0.6016
vn -0.5342 -0.5898 0.6056
vn -0.6024 -0.5228 -0.6032
vn -0.6035 -0.5249 0.6002
vn -0.6110 -0.5006 0.6133
vn 0.0468 -0.4286 -0.9023
vn -0.5544 -0.6256 -0.5489
vn -0.0040 -0.5034 0.8640
vn -0.6011 -0.5246 -0.6029
vn -0.6071 -0.5136 -0.6064
vn -0.6022 -0.4383 -0.6672
vn -0.7872 -0.6167 0.0091
vn 0.0049 -0.4187 -0.9081
vn 0.0034 -0.4232 -0.9060
vn -0.0005 -0.3687 -0.9295
vn -0.0041 -0.4864 -0.8737
vn 0.0034 -0.4405 -0.8977
vn -0.9081 -0.4188 -0.0051
vn -0.9059 -0.4234 -0.0035
vn -0.9294 -0.3691 0.0006
vn -0.8734 -0.4869 0.0037
vn -0.8974 -0.4413 -0.0036
vn -0.6398 -0.4155 -0.6465
vn -0.6395 -0.4198 -0.6440
vn -0.6515 -0.3699 -0.6623
vn -0.6267 -0.4683 -0.6228
vn -0.6391 -0.4245 -0.6414
vn -0.6473 -0.4154 0.6391
vn -0.6448 -0.4197 0.6388
vn -0.6631 -0.3697 0.6508
vn -0.6235 -0.4683 0.6260
vn -0.6421 -0.4244 0.6384
vn -0.8974 -0.4412 -0.0036
vn -0.6398 -0.4156 -0.6465
vn -0.6430 -0.4240 -0.6378
vn -0.6448 -0.4197 -0.6388
vn -0.6452 -0.4577 -0.6117
vn -0.6405 -0.3847 -0.6646
vn -0.6466 -0.4150 -0.6400
vn -0.6385 -0.4240 0.6423
vn -0.6395 -0.4198 0.6440
vn -0.6125 -0.4577 0.6444
vn -0.6653 -0.3849 0.6398
vn -0.6408 -0.4151 0.6459
vn -0.6467 -0.4150 -0.6400
vn 0.0052 -0.4186 -0.9082
vn 0.0036 -0.4234 -0.9059
vn -0.0007 -0.3690 -0.9294
vn -0.0032 -0.4876 -0.8731
vn 0.0038 -0.4420 -0.8970
vn 0.0037 -0.4234 -0.9059
vn -0.9082 -0.4186 -0.0053
vn -0.9058 -0.4236 -0.0038
vn -0.9293 -0.3694 0.0008
vn -0.8728 -0.4881 0.0027
vn -0.8966 -0.4428 -0.0040
vn -0.6396 -0.4148 -0.6472
vn -0.6392 -0.4197 -0.6444
vn -0.6521 -0.3703 -0.6616
vn -0.6254 -0.4680 -0.6243
vn -0.6386 -0.4252 -0.6415
vn -0.6392 -0.4198 -0.6444
vn -0.6479 -0.4147 0.6389
vn -0.6452 -0.4197 0.6385
vn -0.6624 -0.3700 0.6513
vn -0.6250 -0.4681 0.6247
vn -0.6422 -0.4251 0.6379
vn -0.6452 -0.4197 0.6384
vn -0.6431 -0.4245 -0.6373
vn -0.6452 -0.4197 -0.6384
vn -0.6443 -0.4583 -0.6123
vn -0.6422 -0.3838 -0.6635
vn -0.6474 -0.4142 -0.6398
vn -0.6380 -0.4246 0.6424
vn -0.6392 -0.4198 0.6444
vn -0.6130 -0.4582 0.6436
vn -0.6642 -0.3840 0.6414
vn -0.6405 -0.4143 0.6466
vn 0.0037 -0.4235 -0.9059
vn -0.9059 -0.4236 -0.0038
vn -0.6624 -0.3700 0.6514
vn 0.0052 -0.4186 -0.9081
vn 0.0042 -0.4260 0.9047
vn 0.0034 -0.4232 0.9060
vn 0.0262 -0.4596 0.8877
vn -0.0160 -0.3895 0.9209
vn 0.0039 -0.4182 0.9084
vn 0.0044 -0.4264 0.9045
vn 0.0036 -0.4234 0.9059
vn 0.0258 -0.4600 0.8875
vn -0.0150 -0.3893 0.9210
vn 0.0042 -0.4180 0.9084
vn 0.0037 -0.4234 0.9059
vn -0.9046 -0.4262 0.0043
vn -0.9059 -0.4234 0.0035
vn -0.8876 -0.4598 0.0260
vn -0.9209 -0.3895 -0.0154
vn -0.9083 -0.4182 0.0041
vn -0.9060 -0.4234 0.0035
vn -0.9044 -0.4267 0.0045
vn -0.9058 -0.4236 0.0038
vn -0.8874 -0.4602 0.0256
vn -0.9210 -0.3893 -0.0143
vn -0.9084 -0.4180 0.0044
vn -0.8874 -0.4603 0.0256
vn -0.0062 -0.4258 -0.9048
vn -0.0044 -0.4212 -0.9069
vn -0.0084 -0.4682 -0.8836
vn 0.0018 -0.3734 -0.9277
vn -0.0027 -0.4160 -0.9094
vn -0.9047 -0.4261 0.0063
vn -0.9069 -0.4213 0.0046
vn -0.8836 -0.4681 0.0081
vn -0.9275 -0.3737 -0.0011
vn -0.9094 -0.4159 0.0028
vn -0.6442 -0.4251 -0.6358
vn -0.6447 -0.4204 -0.6385
vn -0.6318 -0.4678 -0.6180
vn -0.6567 -0.3717 -0.6562
vn -0.6450 -0.4160 -0.6410
vn -0.6365 -0.4251 0.6435
vn -0.6393 -0.4203 0.6440
vn -0.6187 -0.4678 0.6311
vn -0.6570 -0.3715 0.6561
vn -0.6418 -0.4159 0.6443
vn -0.0044 -0.4212 -0.9070
vn -0.9047 -0.4261 0.0064
vn -0.6366 -0.4251 0.6435
vn -0.6570 -0.3715 0.6560
vn -0.6568 -0.3717 -0.6562
vn -0.6412 -0.4154 -0.6452
vn -0.6393 -0.4202 -0.6440
vn -0.6354 -0.3856 -0.6690
vn -0.6394 -0.4578 -0.6178
vn -0.6375 -0.4246 -0.6429
vn -0.6392 -0.4203 -0.6440
vn -0.6459 -0.4155 0.6404
vn -0.6447 -0.4204 0.6385
vn -0.6696 -0.3858 0.6347
vn -0.6186 -0.4577 0.6386
vn -0.6436 -0.4247 0.6367
vn -0.6393 -0.4203 -0.6440
vn -0.6696 -0.3858 0.6346
vn -0.6447 -0.4203 0.6385
vn -0.6354 -0.3857 -0.6690
vn -0.6186 -0.4578 0.6386
vn -0.0066 -0.4263 -0.9046
vn -0.0048 -0.4213 -0.9069
vn -0.0078 -0.4680 -0.8837
vn 0.0004 -0.3737 -0.9276
vn -0.0030 -0.4156 -0.9095
vn -0.9044 -0.4267 0.0068
vn -0.9068 -0.4215 0.0050
vn -0.8838 -0.4679 0.0074
vn -0.9274 -0.3740 0.0004
vn -0.9096 -0.4155 0.0032
vn -0.9069 -0.4214 0.0050
vn -0.6444 -0.4259 -0.6351
vn -0.6451 -0.4204 -0.6381
vn -0.6312 -0.4674 -0.6189
vn -0.6581 -0.3723 -0.6545
vn -0.6456 -0.4153 -0.6409
vn -0.6358 -0.4259 0.6437
vn -0.6388 -0.4203 0.6444
vn -0.6196 -0.4675 0.6305
vn -0.6553 -0.3720 0.6574
vn -0.6416 -0.4153 0.6449
vn -0.6411 -0.4147 -0.6457
vn -0.6388 -0.4203 -0.6444
vn -0.6364 -0.3849 -0.6685
vn -0.6376 -0.4583 -0.6193
vn -0.6367 -0.4253 -0.6432
vn -0.6464 -0.4148 0.6403
vn -0.6451 -0.4204 0.6381
vn -0.6691 -0.3851 0.6356
vn -0.6200 -0.4583 0.6369
vn -0.6439 -0.4254 0.6359
vn -0.6313 -0.4674 -0.6189
vn -0.6196 -0.4674 0.6306
vn -0.6553 -0.3721 0.6574
vn -0.6417 -0.4152 0.6449
vn -0.0037 -0.4155 0.9096
vn -0.0044 -0.4212 0.9070
vn -0.0175 -0.3754 0.9267
vn 0.0131 -0.4620 0.8868
vn -0.0051 -0.4283 0.9036
vn -0.0040 -0.4151 0.9098
vn -0.0048 -0.4213 0.9069
vn -0.0169 -0.3753 0.9267
vn 0.0117 -0.4626 0.8865
vn -0.0056 -0.4290 0.9033
vn -0.9096 -0.4154 -0.0039
vn -0.9069 -0.4213 -0.0046
vn -0.9266 -0.3756 -0.0172
vn -0.8867 -0.4622 0.0124
vn -0.9035 -0.4286 -0.0054
vn -0.9098 -0.4150 -0.0041
vn -0.9068 -0.4214 -0.0050
vn -0.9267 -0.3755 -0.0164
vn -0.8864 -0.4629 0.0109
vn -0.9031 -0.4294 -0.0059
vn -0.9068 -0.4215 -0.0050
vn -0.8944 -0.4472 -0.0000
vn 0.0055 -0.4185 -0.9082
vn 0.0039 -0.4236 -0.9058
vn -0.0009 -0.3693 -0.9293
vn -0.0022 -0.4889 -0.8723
vn 0.0043 -0.4437 -0.8962
vn 0.0039 -0.4237 -0.9058
vn -0.9083 -0.4182 -0.0059
vn -0.9056 -0.4241 -0.0043
vn -0.9290 -0.3701 0.0012
vn -0.8710 -0.4912 0.0004
vn -0.8946 -0.4467 -0.0052
vn -0.6393 -0.4139 -0.6480
vn -0.6387 -0.4197 -0.6449
vn -0.6527 -0.3707 -0.6607
vn -0.6237 -0.4676 -0.6264
vn -0.6378 -0.4261 -0.6416
vn -0.6488 -0.4138 0.6386
vn -0.6457 -0.4196 0.6380
vn -0.6615 -0.3705 0.6520
vn -0.6271 -0.4677 0.6230
vn -0.6424 -0.4260 0.6370
vn -0.6432 -0.4253 -0.6367
vn -0.6457 -0.4196 -0.6380
vn -0.6432 -0.4589 -0.6129
vn -0.6444 -0.3827 -0.6620
vn -0.6484 -0.4133 -0.6394
vn -0.6374 -0.4254 0.6424
vn -0.6387 -0.4197 0.6449
vn -0.6137 -0.4588 0.6425
vn -0.6627 -0.3829 0.6436
vn -0.6401 -0.4133 0.6476
vn 0.0046 -0.4268 0.9043
vn 0.0039 -0.4236 0.9058
vn 0.0255 -0.4605 0.8873
vn -0.0138 -0.3891 0.9211
vn 0.0046 -0.4178 0.9085
vn -0.9039 -0.4278 0.0050
vn -0.9056 -0.4241 0.0043
vn -0.8869 -0.4614 0.0247
vn -0.9212 -0.3889 -0.0117
vn -0.9086 -0.4175 0.0052
vn -0.0022 -0.4890 -0.8723
vn 0.0043 -0.4436 -0.8962
vn -0.6237 -0.4677 -0.6263
vn -0.6615 -0.3705 0.6521
vn -0.6271 -0.4677 0.6229
vn -0.6424 -0.4260 0.6371
vn -0.6457 -0.4197 0.6380
vn -0.6137 -0.4589 0.6425
vn -0.6499 -0.4124 0.6384
vn -0.6464 -0.4195 0.6373
vn -0.6602 -0.3712 0.6529
vn -0.6299 -0.4671 0.6206
vn -0.6427 -0.4273 0.6358
vn -0.6464 -0.4196 0.6373
vn 0.0061 -0.4180 -0.9084
vn 0.0045 -0.4242 -0.9056
vn -0.0014 -0.3700 -0.9290
vn 0.0003 -0.4923 -0.8704
vn 0.0055 -0.4479 -0.8941
vn -0.6433 -0.4264 -0.6359
vn -0.6464 -0.4196 -0.6373
vn -0.6417 -0.4596 -0.6140
vn -0.6475 -0.3814 -0.6598
vn -0.6498 -0.4119 -0.6388
vn -0.6464 -0.4195 -0.6373
vn -0.9032 -0.4292 0.0056
vn -0.9053 -0.4248 0.0051
vn -0.8861 -0.4629 0.0232
vn -0.9215 -0.3882 -0.0079
vn -0.9090 -0.4168 0.0064
vn 0.0051 -0.4280 0.9038
vn 0.0045 -0.4242 0.9056
vn 0.0244 -0.4617 0.8867
vn -0.0109 -0.3886 0.9214
vn 0.0055 -0.4173 0.9088
vn -0.6366 -0.4265 0.6425
vn -0.6380 -0.4196 0.6457
vn -0.6148 -0.4595 0.6410
vn -0.6605 -0.3815 0.6467
vn -0.6395 -0.4119 0.6491
vn -0.6391 -0.4125 -0.6491
vn -0.6380 -0.4196 -0.6457
vn -0.6536 -0.3714 -0.6595
vn -0.6213 -0.4670 -0.6292
vn -0.6366 -0.4274 -0.6420
vn -0.9086 -0.4177 -0.0067
vn -0.9053 -0.4248 -0.0051
vn -0.9286 -0.3710 0.0017
vn -0.8686 -0.4956 -0.0028
vn -0.8919 -0.4523 -0.0069
vn -0.6603 -0.3712 0.6529
vn 0.0055 -0.4479 -0.8940
vn 0.0045 -0.4242 0.9055
vn -0.0109 -0.3885 0.9214
vn -0.6605 -0.3816 0.6467
vn -0.6396 -0.4119 0.6491
vn -0.6536 -0.3715 -0.6594
vn -0.0070 -0.4269 -0.9043
vn -0.0052 -0.4215 -0.9068
vn -0.0070 -0.4678 -0.8838
vn -0.0013 -0.3741 -0.9274
vn -0.0034 -0.4152 -0.9097
vn -0.0052 -0.4214 -0.9068
vn -0.9037 -0.4281 0.0078
vn -0.9067 -0.4217 0.0060
vn -0.8841 -0.4673 0.0057
vn -0.9270 -0.3749 0.0044
vn -0.9101 -0.4144 0.0042
vn -0.6446 -0.4270 -0.6341
vn -0.6456 -0.4204 -0.6375
vn -0.6305 -0.4669 -0.6200
vn -0.6598 -0.3731 -0.6523
vn -0.6464 -0.4144 -0.6406
vn -0.6349 -0.4270 0.6439
vn -0.6382 -0.4204 0.6449
vn -0.6207 -0.4669 0.6298
vn -0.6531 -0.3729 0.6591
vn -0.6414 -0.4143 0.6457
vn -0.6411 -0.4138 -0.6464
vn -0.6382 -0.4204 -0.6449
vn -0.6376 -0.3841 -0.6678
vn -0.6352 -0.4589 -0.6212
vn -0.6356 -0.4263 -0.6437
vn -0.6471 -0.4139 0.6403
vn -0.6456 -0.4204 0.6375
vn -0.6684 -0.3842 0.6368
vn -0.6220 -0.4588 0.6345
vn -0.6444 -0.4263 0.6349
vn -0.6456 -0.4205 0.6375
vn -0.0042 -0.4147 0.9100
vn -0.0052 -0.4214 0.9068
vn -0.0161 -0.3752 0.9268
vn 0.0101 -0.4633 0.8862
vn -0.0062 -0.4297 0.9029
vn -0.0052 -0.4215 0.9068
vn -0.9103 -0.4139 -0.0047
vn -0.9067 -0.4217 -0.0060
vn -0.9268 -0.3754 -0.0146
vn -0.8856 -0.4644 0.0070
vn -0.9022 -0.4313 -0.0075
vn -0.0013 -0.3740 -0.9274
vn -0.9271 -0.3749 0.0044
vn -0.6684 -0.3842 0.6369
vn -0.6220 -0.4589 0.6345
vn -0.0042 -0.4146 0.9100
vn -0.0052 -0.4214 0.9069
vn -0.0063 -0.4298 0.9029
vn -0.9268 -0.3753 -0.0146
vn -0.6336 -0.4286 0.6441
vn -0.6374 -0.4205 0.6457
vn -0.6223 -0.4661 0.6289
vn -0.6500 -0.3741 0.6615
vn -0.6409 -0.4130 0.6470
vn -0.0081 -0.4285 -0.9035
vn -0.0063 -0.4218 -0.9067
vn -0.0052 -0.4671 -0.8842
vn -0.0057 -0.3750 -0.9270
vn -0.0046 -0.4140 -0.9103
vn -0.0063 -0.4217 -0.9067
vn -0.6410 -0.4125 -0.6473
vn -0.6374 -0.4205 -0.6457
vn -0.6393 -0.3830 -0.6667
vn -0.6320 -0.4595 -0.6241
vn -0.6340 -0.4276 -0.6444
vn -0.9067 -0.4218 -0.0060
vn -0.9111 -0.4123 -0.0054
vn -0.9065 -0.4221 -0.0075
vn -0.9268 -0.3755 -0.0120
vn -0.8846 -0.4663 0.0011
vn -0.9007 -0.4343 -0.0100
vn -0.9065 -0.4221 -0.0076
vn -0.0049 -0.4135 0.9105
vn -0.0063 -0.4217 0.9067
vn -0.0141 -0.3751 0.9269
vn 0.0058 -0.4649 0.8853
vn -0.0080 -0.4319 0.9019
vn -0.6479 -0.4126 0.6403
vn -0.6464 -0.4205 0.6366
vn -0.6674 -0.3832 0.6386
vn -0.6248 -0.4595 0.6312
vn -0.6451 -0.4276 0.6333
vn -0.6448 -0.4286 -0.6329
vn -0.6464 -0.4206 -0.6366
vn -0.6296 -0.4661 -0.6216
vn -0.6621 -0.3744 -0.6492
vn -0.6477 -0.4131 -0.6401
vn -0.6464 -0.4205 -0.6366
vn -0.9026 -0.4304 0.0090
vn -0.9065 -0.4222 0.0076
vn -0.8846 -0.4663 0.0034
vn -0.9264 -0.3764 0.0103
vn -0.9108 -0.4127 0.0062
vn -0.6456 -0.4205 -0.6375
vn -0.6222 -0.4661 0.6290
vn -0.6500 -0.3742 0.6615
vn -0.6374 -0.4204 0.6457
vn -0.0081 -0.4286 -0.9035
vn -0.6394 -0.3831 -0.6667
vn -0.0063 -0.4218 0.9067
vn -0.6621 -0.3743 -0.6492
vn -0.9065 -0.4222 0.0075
vn -0.9999 -0.0135 -0.0000
vn -0.9985 0.0550 -0.0000
vn -0.9999 -0.0147 -0.0005
vn -0.9999 -0.0142 0.0010
vn -0.9999 -0.0149 -0.0000
vn -0.9999 -0.0138 0.0016
vn -0.9999 -0.0135 0.0020
vn -0.7125 0.7017 -0.0003
vn -0.7107 0.7035 -0.0001
vn -0.7161 0.6980 -0.0022
vn -0.7051 0.7091 0.0019
vn -0.7088 0.7054 0.0001
vn -0.9987 0.0515 -0.0012
vn -0.9986 0.0525 -0.0009
vn -0.9988 0.0493 -0.0007
vn -0.9984 0.0559 -0.0010
vn -0.9986 0.0537 -0.0005
vn -0.9986 0.0526 -0.0008
vn -0.7091 0.7052 0.0009
vn -0.7107 0.7035 0.0001
vn -0.7054 0.7088 0.0004
vn -0.7159 0.6982 0.0003
vn -0.7126 0.7016 -0.0007
vn -0.9999 -0.0134 0.0003
vn -0.9999 -0.0142 -0.0010
vn -0.9999 -0.0138 -0.0002
vn -0.9999 -0.0146 -0.0018
vn -0.9999 -0.0150 -0.0023
vn -0.9986 0.0538 0.0009
vn -0.9986 0.0527 0.0009
vn -0.9984 0.0563 0.0017
vn -0.9988 0.0488 -0.0000
vn -0.9987 0.0513 0.0007
vn -0.9986 0.0526 0.0008
vn -0.9999 -0.0136 -0.0000
vn -0.0492 0.9988 -0.0000
vn -1.0000 0.0006 0.0002
vn -1.0000 -0.0018 0.0002
vn -1.0000 -0.0007 0.0004
vn -1.0000 -0.0028 -0.0000
vn -1.0000 -0.0041 0.0001
vn -1.0000 -0.0019 0.0002
vn -1.0000 0.0008 -0.0020
vn -1.0000 -0.0018 -0.0002
vn -1.0000 -0.0006 -0.0013
vn -1.0000 -0.0028 0.0008
vn -1.0000 -0.0042 0.0015
vn -1.0000 -0.0018 -0.0001
vn -1.0000 -0.0008 0.0004
vn -1.0000 -0.0030 0.0001
vn -1.0000 -0.0044 0.0001
vn -1.0000 -0.0020 0.0002
vn -1.0000 0.0007 -0.0022
vn -1.0000 -0.0019 -0.0002
vn -1.0000 -0.0006 -0.0014
vn -1.0000 -0.0031 0.0010
vn -1.0000 -0.0045 0.0016
vn -0.7071 -0.7071 -0.0000
vn -0.5003 -0.7071 -0.4997
vn -0.5003 -0.7071 0.4997
vn -0.7071 -0.0000 -0.7071
vn 0.0074 0.0848 0.9964
vn 0.0081 0.0941 0.9955
vn 0.0486 -0.0861 0.9951
vn -0.0651 0.2295 0.9711
vn 0.0087 0.1166 0.9931
vn 0.0081 0.0942 0.9955
vn -0.0979 -0.0081 0.9952
vn -0.0928 -0.0050 0.9957
vn -0.2720 -0.0374 0.9616
vn 0.0663 0.0649 0.9957
vn -0.0864 -0.0025 0.9963
vn -0.0071 -0.9963 0.0860
vn -0.0079 -0.9971 0.0761
vn -0.0636 -0.9852 0.1590
vn 0.0335 -0.9991 -0.0244
vn -0.0090 -0.9978 0.0656
vn -0.0080 -0.9971 0.0761
vn 0.9975 0.0075 0.0696
vn 0.9971 0.0046 0.0763
vn 0.9982 0.0277 -0.0524
vn 0.9789 -0.0203 0.2031
vn 0.9967 0.0025 0.0816
vn 0.9971 0.0046 0.0764
vn -0.0437 -0.0086 0.9990
vn -0.0261 -0.0130 0.9996
vn -0.0629 0.0026 0.9980
vn 0.0113 -0.0288 0.9995
vn -0.0079 -0.0177 0.9998
vn -0.0103 -0.0057 -0.9999
vn -0.0261 -0.0131 -0.9996
vn 0.0106 -0.0055 -0.9999
vn -0.0629 -0.0204 -0.9978
vn -0.0424 -0.0205 -0.9989
vn -0.0261 -0.0130 -0.9996
vn -0.0287 0.0032 -0.9996
vn -0.0257 0.0021 -0.9997
vn -0.0728 0.0087 -0.9973
vn 0.0215 -0.0040 -0.9998
vn -0.0228 0.0011 -0.9997
vn -0.0230 0.0020 0.9997
vn -0.0257 0.0021 0.9997
vn 0.0029 0.0229 0.9997
vn -0.0557 -0.0184 0.9983
vn -0.0283 0.0023 0.9996
vn -0.0007 0.7079 0.7064
vn 0.0007 0.7093 0.7049
vn 0.0080 -0.0149 -0.9999
vn 0.0043 -0.0101 -0.9999
vn 0.0085 -0.0164 -0.9998
vn 0.0001 -0.0039 -1.0000
vn 0.0006 -0.0054 -1.0000
vn -0.0017 0.0043 -1.0000
vn 0.0038 0.0020 -1.0000
vn 0.0012 0.0026 -1.0000
vn 0.0064 0.0014 -1.0000
vn 0.0094 -0.0003 -1.0000
vn -0.0015 0.0010 1.0000
vn 0.0038 0.0020 1.0000
vn 0.0015 0.0009 1.0000
vn 0.0061 0.0030 1.0000
vn 0.0091 0.0030 1.0000
vn -1.0000 -0.0001 0.0023
vn -1.0000 0.0002 0.0020
vn -0.0002 0.7079 0.7063
vn -0.0007 0.7074 0.7068
vn 0.0007 0.7094 0.7048
vn 0.0002 0.7089 0.7053
vn -0.0014 0.0044 -1.0000
vn 0.0036 0.0020 -1.0000
vn 0.0009 0.0029 -1.0000
vn 0.0063 0.0012 -1.0000
vn 0.0086 -0.0003 -1.0000
vn -1.0000 -0.0000 0.0020
vn 0.0068 -0.0054 1.0000
vn 0.0040 -0.0103 0.9999
vn 0.0086 -0.0036 1.0000
vn -0.0006 -0.0170 0.9999
vn 0.0013 -0.0152 0.9999
vn -0.9874 0.1471 0.0575
vn -0.9875 0.1463 0.0578
vn -0.9874 0.1474 0.0573
vn -0.9877 0.1455 0.0580
vn -0.9876 0.1458 0.0580
vn -0.9876 0.1462 0.0578
vn -0.0013 0.0007 1.0000
vn 0.0036 0.0020 1.0000
vn 0.0013 0.0009 1.0000
vn 0.0059 0.0032 1.0000
vn 0.0085 0.0034 1.0000
vn -0.0006 0.7091 -0.7051
vn 0.0006 0.7076 -0.7066
vn 0.0072 -0.0148 -0.9999
vn 0.0040 -0.0103 -0.9999
vn 0.0078 -0.0170 -0.9998
vn 0.0002 -0.0035 -1.0000
vn 0.0008 -0.0058 -1.0000
vn -0.7052 -0.0106 0.7090
vn -0.7035 -0.0124 0.7106
vn -0.7014 -0.0147 0.7126
vn -0.7035 -0.0124 0.7105
vn -0.6817 0.5827 -0.4424
vn -0.6819 0.5824 -0.4424
vn -0.6816 0.5827 0.4427
vn -0.6816 0.5827 0.4426
vn -0.7051 -0.0146 -0.7089
vn -0.7036 -0.0124 -0.7105
vn -0.7023 -0.0106 -0.7118
vn -0.7035 -0.0123 -0.7106
vn -0.7059 0.0004 -0.7083
vn -0.7056 0.0004 -0.7086
vn -0.7065 0.0002 -0.7078
vn -0.7048 0.0005 -0.7094
vn -0.7054 0.0004 -0.7088
vn -0.7057 0.0004 -0.7085
vn -0.7068 -0.0000 0.7075
vn -0.7068 -0.0000 0.7074
vn -0.7068 -0.0002 -0.7074
vn -0.7066 -0.0000 -0.7076
vn -0.7060 0.0005 0.7082
vn -0.7059 0.0004 0.7083
vn -0.7065 0.0002 0.7077
vn -0.7049 0.0005 0.7093
vn -0.7055 0.0003 0.7087
vn -0.7057 0.0004 0.7085
vn -0.7070 -0.0000 0.7072
vn -0.7074 -0.0002 -0.7068
vn -0.7071 0.0001 -0.7071
vn -0.7073 -0.0000 -0.7070
vn -0.7070 -0.0000 -0.7072
vn -0.7043 0.0036 -0.7099
vn -0.7048 0.0033 -0.7094
vn -0.7026 0.0033 -0.7115
vn -0.7065 0.0038 -0.7077
vn -0.7054 0.0031 -0.7088
vn -0.7047 0.0033 -0.7095
vn -0.7040 0.0033 0.7102
vn -0.7048 0.0034 0.7094
vn -0.7023 0.0029 0.7119
vn -0.7069 0.0039 0.7073
vn -0.7052 0.0033 0.7090
vn -0.7047 0.0033 0.7095
vn -0.7074 -0.0000 0.7068
vn -0.6815 0.5830 -0.4425
vn -0.6816 0.5828 -0.4425
vn -0.6816 0.5826 0.4427
vn -0.6817 0.5828 0.4422
vn -0.7052 -0.0108 0.7090
vn -0.7037 -0.0125 0.7104
vn -0.7017 -0.0147 0.7124
vn -0.7036 -0.0125 -0.7104
vn -0.7025 -0.0109 -0.7116
vn -0.7060 0.0003 -0.7082
vn -0.7058 0.0003 -0.7084
vn -0.7065 0.0002 -0.7077
vn -0.7049 0.0005 -0.7093
vn -0.7055 0.0004 -0.7087
vn -0.7060 0.0004 0.7083
vn -0.7049 0.0004 0.7093
vn -0.7056 0.0003 0.7086
vn -0.7067 -0.0001 -0.7075
vn -0.7065 -0.0001 0.7077
vn -0.7069 -0.0000 -0.7073
vn -0.7069 -0.0000 0.7073
vn -0.7071 -0.0000 0.7072
vn -0.7039 0.0033 0.7103
vn -0.7021 0.0028 0.7121
vn -0.7070 0.0040 0.7072
vn -0.7041 0.0035 -0.7101
vn -0.7046 0.0033 -0.7096
vn -0.7024 0.0032 -0.7118
vn -0.7066 0.0038 -0.7076
vn -0.7054 0.0030 -0.7088
vn -0.7075 -0.0002 -0.7067
vn -0.7074 -0.0000 -0.7069
vn -0.7075 -0.0000 0.7068
vn -0.7073 -0.0002 0.7069
vn -0.7073 -0.0000 0.7070
vn -0.7072 -0.0000 0.7070
vn -0.7072 -0.0000 -0.7070
vn -0.7071 0.5000 -0.5000
vn -0.7071 0.5000 0.5000
vn -0.7072 -0.0000 -0.7071
vn -0.7072 -0.0000 0.7071
vn -0.7071 -0.0000 -0.7072
vn -0.7069 -0.0001 0.7073
vn -0.7069 -0.0001 -0.7073
vn -0.7068 0.0001 0.7074
vn -0.7068 -0.0002 0.7074
vn -0.7069 -0.0002 -0.7073
vn -0.7068 0.0001 -0.7074
vn -0.7064 0.0002 0.7078
vn -0.7062 -0.0002 0.7080
vn -0.7063 -0.0005 -0.7079
vn -0.7062 -0.0002 -0.7080
vn -0.7081 -0.0048 0.7061
vn -0.7081 -0.0037 0.7061
vn -0.7081 -0.0044 0.7061
vn -0.7080 -0.0036 0.7062
vn -0.7082 -0.0032 0.7060
vn -0.7081 -0.0038 0.7061
vn -0.7078 -0.0032 -0.7064
vn -0.7081 -0.0039 -0.7061
vn -0.7079 -0.0034 -0.7063
vn -0.7084 -0.0044 -0.7058
vn -0.7084 -0.0047 -0.7058
vn -0.7081 -0.0038 -0.7061
vn -0.7070 -0.0004 0.7072
vn -0.7071 -0.0004 -0.7071
vn -0.7071 -0.0003 -0.7072
vn -0.7063 -0.0002 0.7080
vn -0.7062 -0.0003 0.7080
vn -0.7063 -0.0006 -0.7079
vn -0.7063 -0.0001 -0.7080
vn -0.7062 -0.0003 -0.7080
vn -0.7062 0.0002 -0.7080
vn -0.7063 0.0005 -0.7079
vn -0.7063 -0.0003 -0.7079
vn -0.7073 -0.0001 0.7069
vn -0.7072 -0.0003 0.7070
vn -0.7081 -0.0047 0.7061
vn -0.7082 -0.0039 0.7060
vn -0.7078 -0.0033 -0.7064
vn -0.7082 -0.0041 -0.7060
vn -0.7080 -0.0036 -0.7062
vn -0.7085 -0.0047 -0.7057
vn -0.7085 -0.0050 -0.7057
vn -0.7072 -0.0001 0.7070
vn -0.7072 -0.0003 -0.7070
vn -0.7072 -0.0001 -0.7070
vn -0.7073 -0.0001 -0.7070
vn -0.7070 -0.5000 0.5001
vn -0.7070 -0.5001 0.5000
vn -0.7070 -0.5001 -0.5000
vn -0.7070 -0.5000 -0.5001
vn -0.7070 0.5001 0.5000
vn -0.7070 0.5000 0.5002
vn -0.7070 0.5000 -0.5002
vn -0.7070 0.5002 -0.5001
vn -0.7067 -0.5003 0.5002
vn -0.7066 -0.5007 0.5000
vn -0.7067 -0.5006 -0.5000
vn -0.7067 -0.5001 -0.5004
vn -0.7065 0.5005 0.5004
vn -0.7065 0.5002 0.5007
vn -0.7068 0.4992 -0.5013
vn -0.7065 0.5003 -0.5006
vn -0.7065 0.5002 -0.5007
vn -0.7066 0.5003 -0.5005
vn -0.7062 0.5013 -0.4999
vn -0.7073 -0.5005 0.4993
vn -0.7072 -0.5007 0.4992
vn -0.7073 -0.5005 -0.4993
vn -0.7073 -0.5002 -0.4996
vn -0.7067 -0.5006 0.5000
vn -0.7068 -0.5004 0.5000
vn -0.7073 0.4994 0.5003
vn -0.7073 0.4992 0.5004
vn -0.7074 0.4992 -0.5003
vn -0.7073 0.4994 -0.5003
vn -0.7067 -0.5008 -0.4998
vn -0.7068 -0.5004 -0.5001
vn -0.7067 -0.5005 -0.5000
vn -0.7068 -0.5001 -0.5003
vn -0.7070 -0.4998 -0.5004
vn -0.7068 -0.5005 -0.5000
vn -0.7061 0.5009 0.5005
vn -0.7066 0.5002 0.5005
vn -0.7066 0.5003 0.5005
vn -0.7066 0.5001 0.5006
vn -0.7070 0.4995 0.5007
vn -0.7066 0.5002 0.5006
vn -0.7068 0.4992 -0.5012
vn -0.7066 0.5001 -0.5006
vn -0.7066 0.5000 -0.5007
vn -0.7065 0.5004 -0.5004
vn -0.7063 0.5012 -0.5000
vn -0.7065 0.5002 -0.5005
vn -0.7075 0.4993 0.5002
vn -0.7075 -0.5001 0.4994
vn -0.7072 -0.5008 0.4990
vn -0.7073 -0.5007 -0.4990
vn -0.7074 -0.5002 -0.4995
vn -0.7072 -0.5000 0.4999
vn -0.7071 -0.5002 0.4998
vn -0.7074 0.4996 -0.5000
vn -0.7072 -0.5002 -0.4998
vn -0.7071 -0.5000 -0.4999
vn -0.7071 -0.5000 -0.5000
vn -0.7071 -0.5000 0.5000
vn -0.7071 0.4999 0.5000
vn -0.7072 0.4999 0.5000
vn -0.7072 0.4999 -0.5001
vn -0.7072 0.4999 -0.5000
vt 0.401063 0.237500
vt 0.392021 0.237500
vt 0.401063 0.225783
vt 0.405584 0.225783
vt 0.405584 0.224733
vt 0.401063 0.224733
vt 0.434948 0.151280
vt 0.431119 0.151280
vt 0.431119 0.152330
vt 0.434948 0.152330
vt 0.437500 0.187500
vt 0.390860 0.228756
vt 0.387500 0.228756
vt 0.409361 0.237500
vt 0.409361 0.228756
vt 0.801480 0.237500
vt 0.806119 0.237500
vt 0.806119 0.227007
vt 0.801480 0.227007
vt 0.027224 0.846760
vt 0.030584 0.846760
vt 0.030584 0.839765
vt 0.027224 0.839765
vt 0.059948 0.780303
vt 0.056119 0.780303
vt 0.056119 0.787298
vt 0.059948 0.787298
vt 0.449172 0.151280
vt 0.442607 0.151280
vt 0.442607 0.152330
vt 0.449172 0.152330
vt 0.416421 0.225783
vt 0.421840 0.225783
vt 0.421840 0.224733
vt 0.416421 0.224733
vt 0.426480 0.225783
vt 0.431119 0.225783
vt 0.431119 0.224733
vt 0.426480 0.224733
vt 0.401063 0.211792
vt 0.405584 0.211792
vt 0.405584 0.210742
vt 0.401063 0.210742
vt 0.434948 0.165271
vt 0.431119 0.165271
vt 0.431119 0.166321
vt 0.434948 0.166321
vt 0.072531 0.780303
vt 0.067607 0.780303
vt 0.067607 0.787298
vt 0.072531 0.787298
vt 0.041421 0.846760
vt 0.046840 0.846760
vt 0.046840 0.839765
vt 0.041421 0.839765
vt 0.427060 0.222635
vt 0.427060 0.213016
vt 0.427060 0.213016
vt 0.027224 0.832769
vt 0.030584 0.832769
vt 0.030584 0.825774
vt 0.027224 0.825774
vt 0.059948 0.794294
vt 0.056119 0.794294
vt 0.056119 0.801289
vt 0.059948 0.801289
vt 0.449172 0.165271
vt 0.442607 0.165271
vt 0.442607 0.166321
vt 0.449172 0.166321
vt 0.416421 0.211792
vt 0.421840 0.211792
vt 0.421840 0.210742
vt 0.416421 0.210742
vt 0.427060 0.211792
vt 0.427060 0.210742
vt 0.401063 0.197800
vt 0.405584 0.197800
vt 0.405584 0.196751
vt 0.401063 0.196751
vt 0.434948 0.179262
vt 0.431119 0.179262
vt 0.431119 0.180312
vt 0.434948 0.180312
vt 0.072531 0.794294
vt 0.067607 0.794294
vt 0.067607 0.801289
vt 0.072531 0.801289
vt 0.041421 0.832769
vt 0.046840 0.832769
vt 0.046840 0.825774
vt 0.041421 0.825774
vt 0.427060 0.209518
vt 0.427060 0.199025
vt 0.427060 0.199025
vt 0.526063 0.185034
vt 0.530584 0.185034
vt 0.530584 0.183285
vt 0.526063 0.183285
vt 0.027224 0.818778
vt 0.030584 0.818778
vt 0.030584 0.811783
vt 0.027224 0.811783
vt 0.449172 0.179262
vt 0.442607 0.179262
vt 0.442607 0.180312
vt 0.449172 0.180312
vt 0.416421 0.197801
vt 0.421840 0.197800
vt 0.421840 0.196751
vt 0.416421 0.196751
vt 0.427060 0.197800
vt 0.427059 0.196751
vt 0.427060 0.196751
vt 0.059948 0.808285
vt 0.056119 0.808285
vt 0.056119 0.815280
vt 0.059948 0.815280
vt 0.072531 0.808285
vt 0.067607 0.808285
vt 0.067607 0.815280
vt 0.072531 0.815280
vt 0.041421 0.818778
vt 0.046840 0.818778
vt 0.046840 0.811783
vt 0.041421 0.811783
vt 0.427060 0.195527
vt 0.427060 0.185034
vt 0.427060 0.185034
vt 0.536003 0.185034
vt 0.536003 0.183285
vt 0.541421 0.185034
vt 0.546840 0.185034
vt 0.546840 0.183285
vt 0.541421 0.183285
vt 0.036003 0.804787
vt 0.041421 0.804787
vt 0.041421 0.797792
vt 0.036003 0.797792
vt 0.427059 0.185034
vt 0.427060 0.183330
vt 0.574172 0.192029
vt 0.567607 0.192029
vt 0.567607 0.193778
vt 0.574172 0.193778
vt 0.563778 0.192029
vt 0.563778 0.193778
vt 0.559948 0.192029
vt 0.559948 0.193778
vt 0.036003 0.818778
vt 0.036003 0.811783
vt 0.063778 0.808285
vt 0.063778 0.815280
vt 0.411003 0.197800
vt 0.411003 0.196751
vt 0.556119 0.192029
vt 0.556119 0.193778
vt 0.031263 0.804787
vt 0.031263 0.797792
vt 0.036003 0.832769
vt 0.036003 0.825774
vt 0.438778 0.179262
vt 0.438778 0.180312
vt 0.411003 0.211792
vt 0.411003 0.210742
vt 0.063778 0.794294
vt 0.063778 0.801289
vt 0.036003 0.846760
vt 0.036003 0.839765
vt 0.438778 0.165271
vt 0.438778 0.166321
vt 0.411003 0.225783
vt 0.411003 0.224733
vt 0.063778 0.780303
vt 0.063778 0.787298
vt 0.402224 0.228756
vt 0.402224 0.237500
vt 0.813778 0.139563
vt 0.809948 0.139563
vt 0.809948 0.150056
vt 0.813778 0.150056
vt 0.786003 0.237500
vt 0.791421 0.237500
vt 0.791421 0.227007
vt 0.786003 0.227007
vt 0.438778 0.151280
vt 0.438778 0.152330
vt 0.451975 0.206895
vt 0.455737 0.206895
vt 0.455737 0.206020
vt 0.451976 0.206020
vt 0.605355 0.230142
vt 0.605355 0.236775
vt 0.606996 0.237500
vt 0.606996 0.230505
vt 0.607236 0.166041
vt 0.605481 0.159871
vt 0.603714 0.159685
vt 0.605567 0.166202
vt 0.536003 0.181536
vt 0.531263 0.181536
vt 0.610268 0.150323
vt 0.612500 0.145869
vt 0.611373 0.144405
vt 0.608820 0.149499
vt 0.546160 0.181536
vt 0.541421 0.181536
vt 0.607714 0.155416
vt 0.606267 0.154592
vt 0.061110 0.822276
vt 0.057760 0.822276
vt 0.057760 0.829271
vt 0.061110 0.829271
vt 0.449512 0.207244
vt 0.443288 0.207244
vt 0.443288 0.208294
vt 0.449512 0.208294
vt 0.406263 0.169819
vt 0.411003 0.169819
vt 0.411003 0.168769
vt 0.406263 0.168769
vt 0.416421 0.169819
vt 0.416421 0.168769
vt 0.072871 0.822276
vt 0.068288 0.822276
vt 0.068288 0.829271
vt 0.072871 0.829271
vt 0.046160 0.804787
vt 0.046160 0.797792
vt 0.426139 0.181581
vt 0.426139 0.171043
vt 0.028144 0.804787
vt 0.028144 0.797792
vt 0.064939 0.822276
vt 0.064939 0.829271
vt 0.064939 0.836267
vt 0.061110 0.836267
vt 0.061110 0.843262
vt 0.064939 0.843262
vt 0.426139 0.167545
vt 0.426139 0.157052
vt 0.068288 0.836267
vt 0.068288 0.843262
vt 0.436110 0.207244
vt 0.432760 0.207244
vt 0.432760 0.208294
vt 0.436110 0.208294
vt 0.439939 0.207244
vt 0.439939 0.208294
vt 0.426139 0.169819
vt 0.426139 0.168769
vt 0.426139 0.169819
vt 0.421160 0.169819
vt 0.421160 0.168769
vt 0.401982 0.169819
vt 0.401982 0.168769
vt 0.406263 0.155828
vt 0.411003 0.155828
vt 0.411003 0.154778
vt 0.406263 0.154778
vt 0.416421 0.155828
vt 0.416421 0.154778
vt 0.401982 0.155828
vt 0.401982 0.154778
vt 0.041421 0.790796
vt 0.046160 0.790796
vt 0.046160 0.783801
vt 0.041421 0.783801
vt 0.028144 0.790796
vt 0.031263 0.790796
vt 0.031263 0.783801
vt 0.028144 0.783801
vt 0.036003 0.790796
vt 0.036003 0.783801
vt 0.072871 0.836267
vt 0.072871 0.843262
vt 0.057760 0.836267
vt 0.057760 0.843262
vt 0.068288 0.850258
vt 0.064939 0.850258
vt 0.064939 0.857253
vt 0.068288 0.857253
vt 0.061110 0.850258
vt 0.057760 0.850258
vt 0.057760 0.857253
vt 0.061110 0.857253
vt 0.072871 0.850258
vt 0.072871 0.857253
vt 0.436110 0.221236
vt 0.432760 0.221236
vt 0.432760 0.222285
vt 0.436110 0.222285
vt 0.443288 0.221236
vt 0.439939 0.221236
vt 0.439939 0.222285
vt 0.443288 0.222285
vt 0.426139 0.155828
vt 0.426139 0.154778
vt 0.426139 0.154778
vt 0.421160 0.155828
vt 0.421160 0.154778
vt 0.449512 0.221236
vt 0.449512 0.222285
vt 0.561110 0.234002
vt 0.557760 0.234002
vt 0.557760 0.235751
vt 0.561110 0.235751
vt 0.457378 0.168073
vt 0.426139 0.153554
vt 0.426139 0.143061
vt 0.041421 0.776805
vt 0.046160 0.776805
vt 0.046160 0.769810
vt 0.041421 0.769810
vt 0.028144 0.776805
vt 0.031263 0.776805
vt 0.031263 0.769810
vt 0.028144 0.769810
vt 0.036003 0.776805
vt 0.036003 0.769810
vt 0.531263 0.143061
vt 0.536003 0.143061
vt 0.536003 0.141312
vt 0.531263 0.141312
vt 0.564939 0.234002
vt 0.564939 0.235751
vt 0.568288 0.234002
vt 0.568288 0.235751
vt 0.082378 0.794822
vt 0.082378 0.798796
vt 0.526982 0.143061
vt 0.526982 0.141312
vt 0.082378 0.774455
vt 0.082378 0.778430
vt 0.541421 0.143061
vt 0.541421 0.141312
vt 0.426139 0.143061
vt 0.426139 0.141357
vt 0.546160 0.143061
vt 0.546160 0.141312
vt 0.450673 0.237455
vt 0.450333 0.235706
vt 0.597829 0.184002
vt 0.591945 0.184002
vt 0.591265 0.185751
vt 0.597489 0.185751
vt 0.582378 0.155178
vt 0.582378 0.149455
vt 0.580737 0.148731
vt 0.580737 0.155178
vt 0.585248 0.176857
vt 0.582378 0.173796
vt 0.580737 0.174520
vt 0.584086 0.178093
vt 0.589077 0.142308
vt 0.591945 0.139249
vt 0.591265 0.137500
vt 0.587916 0.141072
vt 0.545479 0.139563
vt 0.541421 0.139563
vt 0.589077 0.180943
vt 0.587916 0.182179
vt 0.585248 0.146394
vt 0.584086 0.145158
vt 0.574512 0.234002
vt 0.574512 0.235751
vt 0.450333 0.234002
vt 0.450333 0.223509
vt 0.450333 0.223509
vt 0.473650 0.184002
vt 0.473650 0.184002
vt 0.568968 0.237500
vt 0.574852 0.237500
vt 0.550559 0.143061
vt 0.550559 0.141312
vt 0.091945 0.764249
vt 0.089077 0.767308
vt 0.089077 0.767308
vt 0.091945 0.764249
vt 0.049399 0.776805
vt 0.049399 0.769810
vt 0.450333 0.221236
vt 0.450333 0.220886
vt 0.450333 0.220886
vt 0.425559 0.155828
vt 0.425559 0.154778
vt 0.455737 0.234002
vt 0.451976 0.234002
vt 0.451977 0.235720
vt 0.455737 0.235751
vt 0.450333 0.209518
vt 0.450333 0.208644
vt 0.425559 0.169819
vt 0.425559 0.168769
vt 0.049399 0.790796
vt 0.049399 0.783801
vt 0.049399 0.804787
vt 0.049399 0.797792
vt 0.450333 0.195482
vt 0.449993 0.193733
vt 0.450333 0.207244
vt 0.450333 0.206895
vt 0.450333 0.207244
vt 0.482038 0.229630
vt 0.480397 0.229268
vt 0.568288 0.195527
vt 0.574512 0.195527
vt 0.449993 0.192029
vt 0.551480 0.185034
vt 0.551480 0.183285
vt 0.050320 0.818778
vt 0.050320 0.811783
vt 0.449993 0.181536
vt 0.449993 0.181536
vt 0.426480 0.197800
vt 0.426480 0.196751
vt 0.449993 0.179262
vt 0.449993 0.178913
vt 0.449993 0.178913
vt 0.050320 0.832769
vt 0.050320 0.825774
vt 0.449993 0.167545
vt 0.449993 0.166671
vt 0.426480 0.211792
vt 0.426480 0.210742
vt 0.449993 0.165271
vt 0.449993 0.164922
vt 0.050320 0.846760
vt 0.050320 0.839765
vt 0.449993 0.164047
vt 0.449993 0.154428
vt 0.455737 0.151280
vt 0.455737 0.152330
vt 0.425320 0.228756
vt 0.421840 0.228756
vt 0.457378 0.155178
vt 0.392021 0.224733
vt 0.392021 0.225783
vt 0.450673 0.237500
vt 0.450673 0.237500
vt 0.450673 0.237500
vt 0.484273 0.179235
vt 0.485745 0.178381
vt 0.085248 0.771394
vt 0.085248 0.771394
vt 0.459019 0.168073
vt 0.459019 0.155178
vt 0.084863 0.793073
vt 0.085248 0.793073
vt 0.459019 0.155178
vt 0.482236 0.166041
vt 0.480567 0.166202
vt 0.401063 0.225783
vt 0.401063 0.224733
vt 0.401063 0.227007
vt 0.455737 0.155178
vt 0.387500 0.225783
vt 0.387500 0.224733
vt 0.433789 0.148307
vt 0.433789 0.139563
vt 0.012500 0.846760
vt 0.015860 0.846760
vt 0.015860 0.839765
vt 0.012500 0.839765
vt 0.387500 0.211792
vt 0.392021 0.211792
vt 0.392021 0.210742
vt 0.387500 0.210742
vt 0.012500 0.832769
vt 0.015860 0.832769
vt 0.015860 0.825774
vt 0.012500 0.825774
vt 0.387500 0.197800
vt 0.392021 0.197800
vt 0.392021 0.196751
vt 0.387500 0.196751
vt 0.512500 0.185034
vt 0.517021 0.185034
vt 0.517021 0.183285
vt 0.512500 0.183285
vt 0.012500 0.818778
vt 0.015860 0.818778
vt 0.015860 0.811783
vt 0.012500 0.811783
vt 0.014140 0.804787
vt 0.017260 0.804787
vt 0.017260 0.797792
vt 0.014140 0.797792
vt 0.389140 0.169819
vt 0.393421 0.169819
vt 0.393421 0.168769
vt 0.389140 0.168769
vt 0.389140 0.155828
vt 0.393421 0.155828
vt 0.393421 0.154778
vt 0.389140 0.154778
vt 0.014140 0.790796
vt 0.017260 0.790796
vt 0.017260 0.783801
vt 0.014140 0.783801
vt 0.014140 0.776805
vt 0.017260 0.776805
vt 0.017260 0.769810
vt 0.014140 0.769810
vt 0.514140 0.143061
vt 0.518421 0.143061
vt 0.518421 0.141312
vt 0.514140 0.141312
vt 0.401063 0.223509
vt 0.401063 0.213016
vt 0.478714 0.184002
vt 0.475293 0.184033
vt 0.474954 0.185782
vt 0.478714 0.185751
vt 0.085248 0.801857
vt 0.089077 0.805943
vt 0.089077 0.805943
vt 0.085248 0.801857
vt 0.459863 0.155178
vt 0.612500 0.184551
vt 0.610745 0.178381
vt 0.609273 0.179235
vt 0.611126 0.185751
vt 0.091945 0.809002
vt 0.096188 0.809002
vt 0.091945 0.809002
vt 0.582378 0.168073
vt 0.580737 0.168073
vt 0.460248 0.155178
vt 0.393421 0.141312
vt 0.393421 0.143061
vt 0.401063 0.209518
vt 0.401063 0.199025
vt 0.393421 0.153554
vt 0.401063 0.197801
vt 0.401063 0.196751
vt 0.393421 0.157052
vt 0.393421 0.167545
vt 0.401063 0.185034
vt 0.401063 0.183285
vt 0.401063 0.195527
vt 0.089077 0.786626
vt 0.089077 0.780178
vt 0.800320 0.221760
vt 0.796840 0.221760
vt 0.796840 0.223509
vt 0.801480 0.223509
vt 0.765860 0.221760
vt 0.762500 0.221760
vt 0.762500 0.223509
vt 0.767021 0.223509
vt 0.411003 0.221760
vt 0.405584 0.221760
vt 0.405584 0.223509
vt 0.411003 0.223509
vt 0.438778 0.155303
vt 0.442607 0.155303
vt 0.442607 0.153554
vt 0.438778 0.153554
vt 0.921825 0.964139
vt 0.925098 0.964139
vt 0.925435 0.963641
vt 0.921855 0.963641
vt 0.887511 0.964139
vt 0.890637 0.964139
vt 0.890976 0.963641
vt 0.887489 0.963642
vt 0.905573 0.964139
vt 0.911003 0.964139
vt 0.911003 0.963641
vt 0.905594 0.963641
vt 0.942622 0.912924
vt 0.938778 0.912924
vt 0.938778 0.913422
vt 0.942592 0.913422
vt 0.800320 0.207769
vt 0.796840 0.207769
vt 0.796840 0.209518
vt 0.801480 0.209518
vt 0.765860 0.207769
vt 0.762500 0.207769
vt 0.762500 0.209518
vt 0.767021 0.209518
vt 0.411003 0.207769
vt 0.405584 0.207769
vt 0.405584 0.209518
vt 0.411003 0.209518
vt 0.438778 0.169294
vt 0.442607 0.169294
vt 0.442607 0.167545
vt 0.438778 0.167545
vt 0.921825 0.950148
vt 0.925098 0.950148
vt 0.925435 0.949650
vt 0.921855 0.949650
vt 0.887511 0.950148
vt 0.890637 0.950148
vt 0.890975 0.949650
vt 0.887489 0.949650
vt 0.905573 0.950148
vt 0.911003 0.950148
vt 0.911003 0.949650
vt 0.905594 0.949650
vt 0.942622 0.926915
vt 0.938778 0.926915
vt 0.938778 0.927413
vt 0.942592 0.927413
vt 0.800320 0.193778
vt 0.796840 0.193778
vt 0.796840 0.195527
vt 0.801480 0.195527
vt 0.765860 0.193778
vt 0.762500 0.193778
vt 0.762500 0.195527
vt 0.767021 0.195527
vt 0.411003 0.193778
vt 0.405584 0.193778
vt 0.405584 0.195527
vt 0.411003 0.195527
vt 0.438778 0.183285
vt 0.442607 0.183285
vt 0.442607 0.181536
vt 0.438778 0.181536
vt 0.921825 0.936157
vt 0.925098 0.936157
vt 0.925435 0.935659
vt 0.921855 0.935659
vt 0.887511 0.936157
vt 0.890637 0.936157
vt 0.890975 0.935659
vt 0.887489 0.935659
vt 0.905573 0.936157
vt 0.911003 0.936157
vt 0.911003 0.935659
vt 0.905594 0.935659
vt 0.942623 0.940906
vt 0.938778 0.940906
vt 0.938778 0.941404
vt 0.942592 0.941403
vt 0.421840 0.221760
vt 0.416421 0.221760
vt 0.416421 0.223509
vt 0.421840 0.223509
vt 0.431119 0.155303
vt 0.434948 0.155303
vt 0.434948 0.153554
vt 0.431119 0.153554
vt 0.916421 0.964139
vt 0.916421 0.963641
vt 0.934948 0.912924
vt 0.931130 0.912924
vt 0.931108 0.913422
vt 0.934948 0.913422
vt 0.421840 0.207769
vt 0.416421 0.207769
vt 0.416421 0.209518
vt 0.421840 0.209518
vt 0.431119 0.169294
vt 0.434948 0.169294
vt 0.434948 0.167545
vt 0.431119 0.167545
vt 0.916421 0.950148
vt 0.916421 0.949650
vt 0.934948 0.926915
vt 0.931130 0.926915
vt 0.931108 0.927413
vt 0.934948 0.927413
vt 0.421840 0.193778
vt 0.416421 0.193778
vt 0.416421 0.195527
vt 0.421840 0.195527
vt 0.431119 0.183285
vt 0.434948 0.183285
vt 0.434948 0.181536
vt 0.431119 0.181536
vt 0.916421 0.936157
vt 0.916421 0.935659
vt 0.934948 0.940906
vt 0.931130 0.940906
vt 0.931108 0.941404
vt 0.934948 0.941404
vt 0.799399 0.179787
vt 0.796160 0.179787
vt 0.796160 0.181536
vt 0.800559 0.181536
vt 0.767260 0.179787
vt 0.764140 0.179787
vt 0.764140 0.181536
vt 0.768421 0.181536
vt 0.411003 0.179787
vt 0.406263 0.179787
vt 0.406263 0.181536
vt 0.411003 0.181536
vt 0.439939 0.197276
vt 0.443288 0.197276
vt 0.443288 0.195527
vt 0.439939 0.195527
vt 0.421160 0.179787
vt 0.416421 0.179787
vt 0.416421 0.181536
vt 0.421160 0.181536
vt 0.432760 0.197276
vt 0.436110 0.197276
vt 0.436110 0.195527
vt 0.432760 0.195527
vt 0.921145 0.922166
vt 0.924176 0.922166
vt 0.924514 0.921668
vt 0.921175 0.921668
vt 0.889151 0.922166
vt 0.892036 0.922166
vt 0.892375 0.921668
vt 0.889130 0.921668
vt 0.906252 0.922166
vt 0.911003 0.922166
vt 0.911003 0.921668
vt 0.906274 0.921668
vt 0.943303 0.954897
vt 0.939939 0.954897
vt 0.939939 0.955395
vt 0.943273 0.955395
vt 0.916421 0.922166
vt 0.916421 0.921668
vt 0.936110 0.954897
vt 0.932771 0.954897
vt 0.932750 0.955394
vt 0.936110 0.955395
vt 0.799399 0.165796
vt 0.796160 0.165796
vt 0.796160 0.167545
vt 0.800559 0.167545
vt 0.767260 0.165796
vt 0.764140 0.165796
vt 0.764140 0.167545
vt 0.768421 0.167545
vt 0.411003 0.165796
vt 0.406263 0.165796
vt 0.406263 0.167545
vt 0.411003 0.167545
vt 0.439939 0.211267
vt 0.443288 0.211267
vt 0.443288 0.209518
vt 0.439939 0.209518
vt 0.421160 0.165796
vt 0.416421 0.165796
vt 0.416421 0.167545
vt 0.421160 0.167545
vt 0.432760 0.211267
vt 0.436110 0.211267
vt 0.436110 0.209518
vt 0.432760 0.209518
vt 0.921145 0.908175
vt 0.924176 0.908175
vt 0.924514 0.907677
vt 0.921175 0.907677
vt 0.889151 0.908175
vt 0.892036 0.908175
vt 0.892375 0.907677
vt 0.889130 0.907677
vt 0.906252 0.908175
vt 0.911003 0.908175
vt 0.911003 0.907677
vt 0.906274 0.907677
vt 0.943303 0.968888
vt 0.939939 0.968888
vt 0.939939 0.969386
vt 0.943273 0.969386
vt 0.916421 0.908175
vt 0.916421 0.907677
vt 0.936110 0.968888
vt 0.932771 0.968888
vt 0.932750 0.969386
vt 0.936110 0.969386
vt 0.799399 0.151805
vt 0.796160 0.151805
vt 0.796160 0.153554
vt 0.800559 0.153554
vt 0.767260 0.151805
vt 0.764140 0.151805
vt 0.764140 0.153554
vt 0.768421 0.153554
vt 0.411003 0.151805
vt 0.406263 0.151805
vt 0.406263 0.153554
vt 0.411003 0.153554
vt 0.439939 0.225258
vt 0.443288 0.225258
vt 0.443288 0.223509
vt 0.439939 0.223509
vt 0.421160 0.151805
vt 0.416421 0.151805
vt 0.416421 0.153554
vt 0.421160 0.153554
vt 0.432760 0.225258
vt 0.436110 0.225258
vt 0.436110 0.223509
vt 0.432760 0.223509
vt 0.921145 0.894184
vt 0.924176 0.894184
vt 0.924514 0.893686
vt 0.921175 0.893686
vt 0.889151 0.894184
vt 0.892036 0.894184
vt 0.892375 0.893686
vt 0.889130 0.893686
vt 0.906252 0.894184
vt 0.911003 0.894184
vt 0.911003 0.893686
vt 0.906274 0.893686
vt 0.943303 0.982879
vt 0.939939 0.982879
vt 0.939939 0.983377
vt 0.943273 0.983377
vt 0.916421 0.894184
vt 0.916421 0.893686
vt 0.936110 0.982879
vt 0.932771 0.982879
vt 0.932750 0.983377
vt 0.936110 0.983377
vt 0.817607 0.155303
vt 0.822531 0.155303
vt 0.824172 0.153554
vt 0.817607 0.153554
vt 0.947217 0.912924
vt 0.947695 0.913422
vt 0.817607 0.169294
vt 0.822531 0.169294
vt 0.824172 0.167545
vt 0.817607 0.167545
vt 0.947217 0.926915
vt 0.947695 0.927413
vt 0.817607 0.183285
vt 0.822531 0.183285
vt 0.824172 0.181536
vt 0.817607 0.181536
vt 0.947217 0.940906
vt 0.947695 0.941404
vt 0.818288 0.197276
vt 0.822871 0.197276
vt 0.824512 0.195527
vt 0.818288 0.195527
vt 0.947556 0.954897
vt 0.948034 0.955395
vt 0.947555 0.968888
vt 0.948034 0.969386
vt 0.818288 0.211267
vt 0.822871 0.211267
vt 0.824512 0.209518
vt 0.818288 0.209518
vt 0.818288 0.225258
vt 0.822871 0.225258
vt 0.824512 0.223509
vt 0.818288 0.223509
vt 0.947555 0.982879
vt 0.948034 0.983377
vt 0.799399 0.144810
vt 0.800559 0.143061
vt 0.822871 0.232253
vt 0.824512 0.234002
vt 0.822871 0.218262
vt 0.824512 0.220011
vt 0.799399 0.158801
vt 0.800559 0.157052
vt 0.799399 0.172792
vt 0.800559 0.171043
vt 0.822871 0.204271
vt 0.824512 0.206020
vt 0.800320 0.186783
vt 0.801480 0.185034
vt 0.822531 0.190280
vt 0.824172 0.192029
vt 0.800320 0.200774
vt 0.801480 0.199025
vt 0.822531 0.176289
vt 0.824172 0.178038
vt 0.800320 0.214765
vt 0.801480 0.213016
vt 0.822531 0.162298
vt 0.824172 0.164047
vt 0.765860 0.214765
vt 0.767021 0.213016
vt 0.765860 0.200774
vt 0.767021 0.199025
vt 0.765860 0.186783
vt 0.767021 0.185034
vt 0.767260 0.172792
vt 0.768421 0.171043
vt 0.767260 0.158801
vt 0.768421 0.157052
vt 0.767260 0.144810
vt 0.768421 0.143061
vt 0.780584 0.221760
vt 0.777224 0.221760
vt 0.776063 0.223509
vt 0.780584 0.223509
vt 0.902447 0.964139
vt 0.902108 0.963641
vt 0.780584 0.207769
vt 0.777224 0.207769
vt 0.776063 0.209518
vt 0.780584 0.209518
vt 0.902447 0.950148
vt 0.902108 0.949650
vt 0.780584 0.193778
vt 0.777224 0.193778
vt 0.776063 0.195527
vt 0.780584 0.195527
vt 0.902447 0.936157
vt 0.902108 0.935659
vt 0.781263 0.179787
vt 0.778144 0.179787
vt 0.776982 0.181536
vt 0.781263 0.181536
vt 0.903367 0.922166
vt 0.903028 0.921669
vt 0.781263 0.165796
vt 0.778144 0.165796
vt 0.776982 0.167545
vt 0.781263 0.167545
vt 0.903368 0.908175
vt 0.903028 0.907677
vt 0.781263 0.151805
vt 0.778144 0.151805
vt 0.776982 0.153554
vt 0.781263 0.153554
vt 0.903368 0.894184
vt 0.903028 0.893686
vt 0.778144 0.144810
vt 0.776982 0.143061
vt 0.778144 0.158801
vt 0.776982 0.157052
vt 0.778144 0.172792
vt 0.776982 0.171043
vt 0.777224 0.186783
vt 0.776063 0.185034
vt 0.777224 0.200774
vt 0.776063 0.199025
vt 0.777224 0.214765
vt 0.776063 0.213016
vt 0.416421 0.139563
vt 0.420480 0.139563
vt 0.449852 0.237500
vt 0.443968 0.237500
vt 0.443968 0.237500
vt 0.449852 0.237500
vt 0.466945 0.139249
vt 0.464077 0.142308
vt 0.457378 0.173796
vt 0.460248 0.176857
vt 0.457378 0.149455
vt 0.466945 0.184002
vt 0.472829 0.184002
vt 0.460248 0.146394
vt 0.393421 0.169819
vt 0.450673 0.237500
vt 0.450673 0.237500
vt 0.401982 0.181536
vt 0.401982 0.171043
vt 0.041421 0.764563
vt 0.045479 0.764563
vt 0.073211 0.862500
vt 0.068968 0.862500
vt 0.068968 0.862500
vt 0.073211 0.862500
vt 0.393421 0.171043
vt 0.393421 0.181536
vt 0.401982 0.169819
vt 0.473650 0.184002
vt 0.464077 0.180943
vt 0.089077 0.769783
vt 0.085248 0.773868
vt 0.085248 0.773869
vt 0.089077 0.769783
vt 0.084019 0.798072
vt 0.085248 0.799383
vt 0.085248 0.799383
vt 0.084019 0.798072
vt 0.089077 0.803468
vt 0.092625 0.807253
vt 0.467625 0.140998
vt 0.464077 0.144783
vt 0.392021 0.185034
vt 0.392021 0.195527
vt 0.472829 0.140998
vt 0.472829 0.140998
vt 0.459019 0.150179
vt 0.464077 0.178468
vt 0.467625 0.182253
vt 0.459019 0.173072
vt 0.460248 0.174383
vt 0.460248 0.148869
vt 0.473650 0.140998
vt 0.584019 0.173072
vt 0.584019 0.168073
vt 0.089077 0.793073
vt 0.473650 0.184002
vt 0.473650 0.182253
vt 0.592625 0.140998
vt 0.597829 0.140998
vt 0.597829 0.139249
vt 0.585248 0.148869
vt 0.589077 0.144783
vt 0.584019 0.150179
vt 0.589077 0.178468
vt 0.585248 0.174383
vt 0.592625 0.182253
vt 0.584019 0.155178
vt 0.597829 0.182253
vt 0.473650 0.140998
vt 0.473650 0.139249
vt 0.096188 0.765998
vt 0.092625 0.765998
vt 0.473650 0.140998
vt 0.084019 0.775179
vt 0.084019 0.778429
vt 0.084019 0.778430
vt 0.392021 0.183285
vt 0.401982 0.167545
vt 0.401982 0.157052
vt 0.084019 0.794822
vt 0.084019 0.794822
vt 0.096188 0.807253
vt 0.085248 0.780178
vt 0.450673 0.237500
vt 0.466341 0.153746
vt 0.465238 0.147793
vt 0.461409 0.151576
vt 0.460248 0.154003
vt 0.460194 0.152698
vt 0.460194 0.153950
vt 0.392021 0.196751
vt 0.392021 0.197801
vt 0.401982 0.153554
vt 0.401982 0.143061
vt 0.465829 0.175801
vt 0.465718 0.169601
vt 0.460248 0.169248
vt 0.461409 0.171675
vt 0.392021 0.199025
vt 0.392021 0.209518
vt 0.085248 0.799383
vt 0.401982 0.141312
vt 0.460194 0.169301
vt 0.460194 0.170553
vt 0.392021 0.210742
vt 0.455737 0.237500
vt 0.452314 0.237500
vt 0.452314 0.237500
vt 0.459863 0.168073
vt 0.096188 0.807253
vt 0.096188 0.765998
vt 0.473650 0.140998
vt 0.472829 0.182253
vt 0.472829 0.182253
vt 0.473650 0.182253
vt 0.473650 0.182253
vt 0.473650 0.142747
vt 0.584863 0.155178
vt 0.584863 0.151405
vt 0.585248 0.172314
vt 0.584863 0.171847
vt 0.585248 0.150937
vt 0.593019 0.143016
vt 0.597829 0.142747
vt 0.584863 0.168073
vt 0.589077 0.176257
vt 0.585248 0.172314
vt 0.593019 0.180235
vt 0.589077 0.176257
vt 0.597829 0.180504
vt 0.589077 0.146994
vt 0.585248 0.150937
vt 0.589077 0.146994
vt 0.473650 0.180504
vt 0.478714 0.178756
vt 0.478714 0.144495
vt 0.472829 0.144495
vt 0.472829 0.178756
vt 0.846188 0.184002
vt 0.841945 0.184002
vt 0.841945 0.184002
vt 0.847829 0.184002
vt 0.832378 0.153430
vt 0.832378 0.149455
vt 0.832378 0.155178
vt 0.464077 0.142308
vt 0.420479 0.139563
vt 0.464077 0.180943
vt 0.464077 0.180943
vt 0.460248 0.146394
vt 0.818968 0.237500
vt 0.823211 0.237500
vt 0.824852 0.237500
vt 0.818968 0.237500
vt 0.832378 0.169822
vt 0.832378 0.168073
vt 0.823211 0.237500
vt 0.832378 0.173796
vt 0.966960 0.934002
vt 0.970871 0.934002
vt 0.971351 0.934002
vt 0.966930 0.934002
vt 0.957389 0.899443
vt 0.957378 0.903087
vt 0.957378 0.903601
vt 0.957367 0.899466
vt 0.957378 0.923780
vt 0.960248 0.926857
vt 0.960248 0.926857
vt 0.957378 0.923812
vt 0.966934 0.889260
vt 0.964077 0.892308
vt 0.966956 0.889237
vt 0.916421 0.889563
vt 0.920464 0.889563
vt 0.920495 0.889563
vt 0.964077 0.930943
vt 0.960248 0.896394
vt 0.960248 0.896394
vt 0.947894 0.987500
vt 0.943983 0.987500
vt 0.943953 0.987500
vt 0.948374 0.987500
vt 0.957378 0.920164
vt 0.957378 0.919650
vt 0.971351 0.934002
vt 0.966930 0.934002
vt 0.957389 0.899444
vt 0.957378 0.903087
vt 0.957378 0.903601
vt 0.957367 0.899466
vt 0.957378 0.923780
vt 0.957378 0.923812
vt 0.966934 0.889260
vt 0.966956 0.889237
vt 0.920495 0.889563
vt 0.964077 0.930943
vt 0.947894 0.987500
vt 0.943983 0.987500
vt 0.943953 0.987500
vt 0.948374 0.987500
vt 0.846188 0.140998
vt 0.847829 0.140998
vt 0.957378 0.920164
vt 0.957378 0.919650
vt 0.834019 0.153430
vt 0.834019 0.153429
vt 0.834019 0.155178
vt 0.834019 0.173072
vt 0.834019 0.169822
vt 0.834019 0.168073
vt 0.834019 0.173072
vt 0.966960 0.934002
vt 0.970871 0.934002
vt 0.971351 0.934002
vt 0.842625 0.140998
vt 0.842625 0.140998
vt 0.460248 0.148868
vt 0.464077 0.144783
vt 0.464077 0.144783
vt 0.464077 0.178468
vt 0.460248 0.174383
vt 0.467625 0.182253
vt 0.467625 0.140998
vt 0.459019 0.173072
vt 0.834019 0.150179
vt 0.846188 0.182253
vt 0.842625 0.182253
vt 0.847829 0.182253
vt 0.964077 0.894783
vt 0.960248 0.898869
vt 0.960248 0.898869
vt 0.964077 0.894783
vt 0.967640 0.890998
vt 0.967610 0.890998
vt 0.834019 0.169822
vt 0.967609 0.932236
vt 0.970865 0.932253
vt 0.971349 0.932253
vt 0.967641 0.932271
vt 0.964077 0.928468
vt 0.964077 0.928468
vt 0.960248 0.924383
vt 0.957389 0.923808
vt 0.957368 0.923785
vt 0.957378 0.919650
vt 0.959019 0.920171
vt 0.959025 0.923078
vt 0.959014 0.923066
vt 0.959019 0.919653
vt 0.970865 0.890998
vt 0.971349 0.890998
vt 0.959019 0.900195
vt 0.959019 0.900163
vt 0.959019 0.903080
vt 0.959019 0.903598
vt 0.943983 0.987500
vt 0.948374 0.987500
vt 0.960248 0.896394
vt 0.964077 0.892308
vt 0.957378 0.899471
vt 0.957378 0.899439
vt 0.964077 0.930943
vt 0.920464 0.889563
vt 0.920495 0.889563
vt 0.966956 0.889237
vt 0.957378 0.903601
vt 0.964077 0.894783
vt 0.960248 0.898869
vt 0.967640 0.890998
vt 0.967609 0.932236
vt 0.970865 0.932253
vt 0.971348 0.932253
vt 0.967641 0.932271
vt 0.959019 0.920171
vt 0.959019 0.919653
vt 0.970865 0.890998
vt 0.959019 0.900195
vt 0.959019 0.903080
vt 0.959019 0.903598
vt 0.460248 0.174383
vt 0.460248 0.148869
vt 0.846188 0.182253
vt 0.846188 0.140998
vt 0.796855 0.213641
vt 0.800435 0.213641
vt 0.796840 0.213016
vt 0.762489 0.213642
vt 0.765976 0.213641
vt 0.762500 0.213016
vt 0.405594 0.213641
vt 0.411003 0.213641
vt 0.411003 0.213016
vt 0.405584 0.213016
vt 0.442592 0.163422
vt 0.438778 0.163422
vt 0.438778 0.164047
vt 0.442607 0.164047
vt 0.796855 0.199650
vt 0.800435 0.199650
vt 0.796840 0.199025
vt 0.762489 0.199650
vt 0.765975 0.199650
vt 0.762500 0.199025
vt 0.405594 0.199650
vt 0.411003 0.199650
vt 0.411003 0.199025
vt 0.405584 0.199025
vt 0.442592 0.177413
vt 0.438778 0.177413
vt 0.438778 0.178038
vt 0.442607 0.178038
vt 0.796855 0.185659
vt 0.800435 0.185659
vt 0.796840 0.185034
vt 0.762489 0.185659
vt 0.765975 0.185659
vt 0.762500 0.185034
vt 0.405594 0.185659
vt 0.411003 0.185659
vt 0.411003 0.185034
vt 0.405584 0.185034
vt 0.442592 0.191403
vt 0.438778 0.191404
vt 0.438778 0.192029
vt 0.442607 0.192029
vt 0.416421 0.213641
vt 0.421855 0.213641
vt 0.421840 0.213016
vt 0.416421 0.213016
vt 0.434948 0.163422
vt 0.431108 0.163422
vt 0.431119 0.164047
vt 0.434948 0.164047
vt 0.416421 0.199650
vt 0.421855 0.199650
vt 0.421840 0.199025
vt 0.416421 0.199025
vt 0.434948 0.177413
vt 0.431108 0.177413
vt 0.431119 0.178038
vt 0.434948 0.178038
vt 0.416421 0.185659
vt 0.421855 0.185659
vt 0.421840 0.185034
vt 0.416421 0.185034
vt 0.434948 0.191404
vt 0.431108 0.191404
vt 0.431119 0.192029
vt 0.434948 0.192029
vt 0.796175 0.171668
vt 0.799514 0.171668
vt 0.796160 0.171043
vt 0.764130 0.171668
vt 0.767375 0.171668
vt 0.764140 0.171043
vt 0.406274 0.171668
vt 0.411003 0.171668
vt 0.411003 0.171043
vt 0.406263 0.171043
vt 0.443273 0.205395
vt 0.439939 0.205395
vt 0.439939 0.206020
vt 0.443288 0.206020
vt 0.416421 0.171668
vt 0.421175 0.171668
vt 0.421160 0.171043
vt 0.416421 0.171043
vt 0.436110 0.205395
vt 0.432750 0.205394
vt 0.432760 0.206020
vt 0.436110 0.206020
vt 0.796175 0.157677
vt 0.799514 0.157677
vt 0.796160 0.157052
vt 0.764130 0.157677
vt 0.767375 0.157677
vt 0.764140 0.157052
vt 0.406274 0.157677
vt 0.411003 0.157677
vt 0.411003 0.157052
vt 0.406263 0.157052
vt 0.443273 0.219386
vt 0.439939 0.219386
vt 0.439939 0.220011
vt 0.443288 0.220011
vt 0.416421 0.157677
vt 0.421175 0.157677
vt 0.421160 0.157052
vt 0.416421 0.157052
vt 0.436110 0.219386
vt 0.432750 0.219386
vt 0.432760 0.220011
vt 0.436110 0.220011
vt 0.796175 0.143686
vt 0.799514 0.143686
vt 0.796160 0.143061
vt 0.764130 0.143686
vt 0.767375 0.143686
vt 0.764140 0.143061
vt 0.406274 0.143686
vt 0.411003 0.143686
vt 0.411003 0.143061
vt 0.406263 0.143061
vt 0.443273 0.233377
vt 0.439939 0.233377
vt 0.439939 0.234002
vt 0.443288 0.234002
vt 0.416421 0.143686
vt 0.421175 0.143686
vt 0.421160 0.143061
vt 0.416421 0.143061
vt 0.436110 0.233377
vt 0.432750 0.233377
vt 0.432760 0.234002
vt 0.436110 0.234002
vt 0.822695 0.163422
vt 0.817592 0.163422
vt 0.817607 0.164047
vt 0.822695 0.177413
vt 0.817592 0.177413
vt 0.817607 0.178038
vt 0.822695 0.191404
vt 0.817592 0.191403
vt 0.817607 0.192029
vt 0.823034 0.205395
vt 0.818273 0.205395
vt 0.818288 0.206020
vt 0.823034 0.219386
vt 0.818273 0.219386
vt 0.818288 0.220011
vt 0.823034 0.233377
vt 0.818273 0.233377
vt 0.818288 0.234002
vt 0.777108 0.213641
vt 0.780594 0.213641
vt 0.780584 0.213016
vt 0.777108 0.199650
vt 0.780594 0.199650
vt 0.780584 0.199025
vt 0.777108 0.185659
vt 0.780594 0.185659
vt 0.780584 0.185034
vt 0.778028 0.171669
vt 0.781274 0.171668
vt 0.781263 0.171043
vt 0.778028 0.157677
vt 0.781274 0.157677
vt 0.781263 0.157052
vt 0.778028 0.143686
vt 0.781274 0.143686
vt 0.781263 0.143061
vt 0.800098 0.214139
vt 0.796825 0.214139
vt 0.796840 0.214765
vt 0.765637 0.214139
vt 0.762511 0.214139
vt 0.762500 0.214765
vt 0.411003 0.214139
vt 0.405573 0.214139
vt 0.405584 0.214765
vt 0.411003 0.214765
vt 0.438778 0.162924
vt 0.442622 0.162924
vt 0.442607 0.162298
vt 0.438778 0.162298
vt 0.800098 0.200148
vt 0.796825 0.200148
vt 0.796840 0.200774
vt 0.765637 0.200148
vt 0.762511 0.200148
vt 0.762500 0.200774
vt 0.411003 0.200148
vt 0.405573 0.200148
vt 0.405584 0.200774
vt 0.411003 0.200774
vt 0.438778 0.176915
vt 0.442622 0.176915
vt 0.442607 0.176289
vt 0.438778 0.176289
vt 0.800098 0.186157
vt 0.796825 0.186157
vt 0.796840 0.186783
vt 0.765637 0.186157
vt 0.762511 0.186157
vt 0.762500 0.186783
vt 0.411003 0.186157
vt 0.405573 0.186157
vt 0.405584 0.186783
vt 0.411003 0.186783
vt 0.438778 0.190906
vt 0.442623 0.190906
vt 0.442607 0.190280
vt 0.438778 0.190280
vt 0.421825 0.214139
vt 0.416421 0.214139
vt 0.416421 0.214765
vt 0.421840 0.214765
vt 0.431130 0.162924
vt 0.434948 0.162924
vt 0.434948 0.162298
vt 0.431119 0.162298
vt 0.421825 0.200148
vt 0.416421 0.200148
vt 0.416421 0.200774
vt 0.421840 0.200774
vt 0.431130 0.176915
vt 0.434948 0.176915
vt 0.434948 0.176289
vt 0.431119 0.176289
vt 0.421825 0.186157
vt 0.416421 0.186157
vt 0.416421 0.186783
vt 0.421840 0.186783
vt 0.431130 0.190906
vt 0.434948 0.190906
vt 0.434948 0.190280
vt 0.431119 0.190280
vt 0.799176 0.172166
vt 0.796145 0.172166
vt 0.796160 0.172792
vt 0.767036 0.172166
vt 0.764151 0.172166
vt 0.764140 0.172792
vt 0.411003 0.172166
vt 0.406252 0.172166
vt 0.406263 0.172792
vt 0.411003 0.172792
vt 0.439939 0.204897
vt 0.443303 0.204897
vt 0.443288 0.204271
vt 0.439939 0.204271
vt 0.421145 0.172166
vt 0.416421 0.172166
vt 0.416421 0.172792
vt 0.421160 0.172792
vt 0.432771 0.204897
vt 0.436110 0.204897
vt 0.436110 0.204271
vt 0.432760 0.204271
vt 0.799176 0.158175
vt 0.796145 0.158175
vt 0.796160 0.158801
vt 0.767036 0.158175
vt 0.764151 0.158175
vt 0.764140 0.158801
vt 0.411003 0.158175
vt 0.406252 0.158175
vt 0.406263 0.158801
vt 0.411003 0.158801
vt 0.439939 0.218888
vt 0.443303 0.218888
vt 0.443288 0.218262
vt 0.439939 0.218262
vt 0.421145 0.158175
vt 0.416421 0.158175
vt 0.416421 0.158801
vt 0.421160 0.158801
vt 0.432771 0.218888
vt 0.436110 0.218888
vt 0.436110 0.218262
vt 0.432760 0.218262
vt 0.799176 0.144184
vt 0.796145 0.144184
vt 0.796160 0.144810
vt 0.767036 0.144184
vt 0.764151 0.144184
vt 0.764140 0.144810
vt 0.411003 0.144184
vt 0.406252 0.144184
vt 0.406263 0.144810
vt 0.411003 0.144810
vt 0.439939 0.232879
vt 0.443303 0.232879
vt 0.443288 0.232253
vt 0.439939 0.232253
vt 0.421145 0.144184
vt 0.416421 0.144184
vt 0.416421 0.144810
vt 0.421160 0.144810
vt 0.432771 0.232879
vt 0.436110 0.232879
vt 0.436110 0.232253
vt 0.432760 0.232253
vt 0.817622 0.162924
vt 0.822217 0.162924
vt 0.817607 0.162298
vt 0.817622 0.176915
vt 0.822217 0.176915
vt 0.817607 0.176289
vt 0.817623 0.190906
vt 0.822217 0.190906
vt 0.817607 0.190280
vt 0.818303 0.204897
vt 0.822556 0.204897
vt 0.818288 0.204271
vt 0.818303 0.218888
vt 0.822555 0.218888
vt 0.818288 0.218262
vt 0.818303 0.232879
vt 0.822555 0.232879
vt 0.818288 0.232253
vt 0.780573 0.214139
vt 0.777447 0.214139
vt 0.780584 0.214765
vt 0.780573 0.200148
vt 0.777447 0.200148
vt 0.780584 0.200774
vt 0.780573 0.186157
vt 0.777447 0.186157
vt 0.780584 0.186783
vt 0.781252 0.172166
vt 0.778367 0.172166
vt 0.781263 0.172792
vt 0.781252 0.158175
vt 0.778368 0.158175
vt 0.781263 0.158801
vt 0.781252 0.144184
vt 0.778368 0.144184
vt 0.781263 0.144810
vt 0.841930 0.184002
vt 0.846351 0.184002
vt 0.832367 0.149466
vt 0.832378 0.153601
vt 0.457378 0.173812
vt 0.466956 0.139237
vt 0.464077 0.142308
vt 0.420495 0.139563
vt 0.464077 0.180943
vt 0.457367 0.149466
vt 0.823374 0.237500
vt 0.818953 0.237500
vt 0.832378 0.169650
vt 0.832378 0.173812
vt 0.841930 0.184002
vt 0.846351 0.184002
vt 0.832367 0.149466
vt 0.832378 0.153601
vt 0.457378 0.173812
vt 0.460248 0.176857
vt 0.466956 0.139237
vt 0.420495 0.139563
vt 0.457367 0.149466
vt 0.823374 0.237500
vt 0.818953 0.237500
vt 0.832378 0.169650
vt 0.832378 0.173812
vt 0.846351 0.184002
vt 0.464077 0.144783
vt 0.467610 0.140998
vt 0.842641 0.182271
vt 0.846349 0.182253
vt 0.467641 0.182271
vt 0.832378 0.169650
vt 0.832368 0.173785
vt 0.834019 0.169653
vt 0.834014 0.173066
vt 0.846349 0.140998
vt 0.842610 0.140998
vt 0.459019 0.150163
vt 0.459014 0.173066
vt 0.834019 0.150163
vt 0.834019 0.153598
vt 0.823374 0.237500
vt 0.457378 0.149439
vt 0.420495 0.139563
vt 0.466956 0.139237
vt 0.457368 0.173785
vt 0.832378 0.149439
vt 0.832378 0.153601
vt 0.460248 0.148869
vt 0.842641 0.182271
vt 0.846348 0.182253
vt 0.467641 0.182271
vt 0.834019 0.169653
vt 0.834019 0.153598
vt 0.845871 0.184002
vt 0.841960 0.184002
vt 0.841945 0.184002
vt 0.832378 0.153087
vt 0.832389 0.149443
vt 0.457378 0.173780
vt 0.466934 0.139260
vt 0.466945 0.139249
vt 0.420464 0.139563
vt 0.457389 0.149443
vt 0.460248 0.146394
vt 0.818983 0.237500
vt 0.822894 0.237500
vt 0.832378 0.173780
vt 0.832378 0.170164
vt 0.832378 0.153087
vt 0.832389 0.149444
vt 0.457378 0.173780
vt 0.466934 0.139260
vt 0.457389 0.149444
vt 0.818983 0.237500
vt 0.822894 0.237500
vt 0.832378 0.173780
vt 0.832378 0.170164
vt 0.845871 0.184002
vt 0.841960 0.184002
vt 0.467640 0.140998
vt 0.845865 0.182253
vt 0.842609 0.182236
vt 0.467609 0.182236
vt 0.464077 0.178468
vt 0.832389 0.173808
vt 0.834025 0.173078
vt 0.834019 0.170171
vt 0.842640 0.140998
vt 0.845865 0.140998
vt 0.459019 0.150195
vt 0.459025 0.173078
vt 0.834019 0.153080
vt 0.834019 0.150195
vt 0.818983 0.237500
vt 0.457378 0.149471
vt 0.420464 0.139563
vt 0.457389 0.173808
vt 0.832378 0.149471
vt 0.460248 0.148869
vt 0.467640 0.140998
vt 0.845865 0.182253
vt 0.842609 0.182236
vt 0.467609 0.182236
vt 0.834019 0.170171
vt 0.842640 0.140998
vt 0.845865 0.140998
vt 0.459019 0.150195
vt 0.834019 0.153080
vt 0.834019 0.150195
vt 0.457378 0.161626
vt 0.455737 0.161626
vt 0.455737 0.168073
vt 0.397702 0.143061
vt 0.397702 0.141312
vt 0.397702 0.153554
vt 0.397702 0.167545
vt 0.397702 0.157052
vt 0.397702 0.155828
vt 0.397702 0.154778
vt 0.397702 0.169819
vt 0.397702 0.168769
vt 0.397702 0.181536
vt 0.397702 0.171043
vt 0.483991 0.172211
vt 0.482420 0.172718
vt 0.396542 0.195527
vt 0.396542 0.185034
vt 0.396542 0.183285
vt 0.396542 0.197801
vt 0.396542 0.196751
vt 0.396542 0.209518
vt 0.396542 0.199025
vt 0.396542 0.211792
vt 0.396542 0.210742
vt 0.392021 0.223509
vt 0.396542 0.223509
vt 0.396542 0.213016
vt 0.392021 0.213016
vt 0.396542 0.237500
vt 0.396542 0.227007
vt 0.392021 0.227007
vt 0.396542 0.225783
vt 0.396542 0.224733
vt 0.459019 0.161626
vt 0.085248 0.786626
vt 0.460248 0.161626
vt 0.459863 0.155178
vt 0.459863 0.161626
vt 0.460248 0.168073
vt 0.796840 0.228756
vt 0.800320 0.228756
vt 0.796840 0.227007
vt 0.762500 0.228756
vt 0.765860 0.228756
vt 0.767021 0.227007
vt 0.762500 0.227007
vt 0.780584 0.228756
vt 0.784361 0.228756
vt 0.780584 0.227007
vt 0.817607 0.148307
vt 0.814938 0.148307
vt 0.817607 0.150056
vt 0.793063 0.228756
vt 0.808789 0.148307
vt 0.806119 0.148307
vt 0.806119 0.150056
vt 0.814938 0.139563
vt 0.808789 0.139563
vt 0.784361 0.237500
vt 0.793063 0.237500
vt 0.822531 0.148307
vt 0.824172 0.150056
vt 0.800320 0.237500
vt 0.822531 0.139563
vt 0.824172 0.139563
vt 0.765860 0.237500
vt 0.767021 0.237500
vt 0.777224 0.228756
vt 0.776063 0.227007
vt 0.777224 0.237500
vt 0.776063 0.237500
vt 0.405584 0.237500
vt 0.405584 0.228756
vt 0.447531 0.139563
vt 0.442607 0.139563
vt 0.442607 0.148307
vt 0.447531 0.148307
vt 0.418063 0.237500
vt 0.421840 0.237500
vt 0.418063 0.228756
vt 0.431119 0.139563
vt 0.431119 0.148307
vt 0.439938 0.139563
vt 0.439938 0.148307
vt 0.425320 0.237500
vt 0.387500 0.237500
vt 0.390860 0.237500
vt 0.400250 0.237500
vt 0.397355 0.237500
vt 0.824172 0.150931
vt 0.830737 0.150931
vt 0.830737 0.150056
vt 0.801480 0.226132
vt 0.796840 0.226132
vt 0.767021 0.226132
vt 0.762500 0.226132
vt 0.786003 0.226132
vt 0.780584 0.226132
vt 0.813778 0.150931
vt 0.817607 0.150931
vt 0.830737 0.152680
vt 0.824172 0.152680
vt 0.830737 0.153554
vt 0.796840 0.224383
vt 0.801480 0.224383
vt 0.762500 0.224383
vt 0.767021 0.224383
vt 0.405584 0.224383
vt 0.411003 0.224383
vt 0.442607 0.152680
vt 0.438778 0.152680
vt 0.449993 0.164922
vt 0.801480 0.212141
vt 0.796840 0.212141
vt 0.767021 0.212141
vt 0.762500 0.212141
vt 0.411003 0.212141
vt 0.405584 0.212141
vt 0.438778 0.164922
vt 0.442607 0.164922
vt 0.455737 0.167545
vt 0.451634 0.167545
vt 0.451634 0.178038
vt 0.455737 0.178038
vt 0.796840 0.210392
vt 0.801480 0.210392
vt 0.762500 0.210392
vt 0.767021 0.210392
vt 0.405584 0.210392
vt 0.411003 0.210392
vt 0.442607 0.166671
vt 0.438778 0.166671
vt 0.449993 0.178913
vt 0.449993 0.178038
vt 0.801480 0.198150
vt 0.796840 0.198150
vt 0.767021 0.198150
vt 0.762500 0.198150
vt 0.411003 0.198150
vt 0.405584 0.198150
vt 0.438778 0.178913
vt 0.442607 0.178913
vt 0.449993 0.180662
vt 0.796840 0.196401
vt 0.801480 0.196401
vt 0.762500 0.196401
vt 0.767021 0.196401
vt 0.405584 0.196401
vt 0.411003 0.196401
vt 0.442607 0.180662
vt 0.438778 0.180662
vt 0.791421 0.226132
vt 0.806119 0.150931
vt 0.809948 0.150931
vt 0.416421 0.224383
vt 0.421840 0.224383
vt 0.434948 0.152680
vt 0.431119 0.152680
vt 0.421840 0.212141
vt 0.416421 0.212141
vt 0.431119 0.164922
vt 0.434948 0.164922
vt 0.416421 0.210392
vt 0.421840 0.210392
vt 0.434948 0.166671
vt 0.431119 0.166671
vt 0.421840 0.198150
vt 0.416421 0.198150
vt 0.431119 0.178913
vt 0.434948 0.178913
vt 0.416421 0.196401
vt 0.421840 0.196401
vt 0.434948 0.180662
vt 0.431119 0.180662
vt 0.450333 0.206895
vt 0.450333 0.206020
vt 0.800559 0.170168
vt 0.796160 0.170168
vt 0.768421 0.170168
vt 0.764140 0.170168
vt 0.411003 0.170168
vt 0.406263 0.170168
vt 0.439939 0.206895
vt 0.443288 0.206895
vt 0.421160 0.170168
vt 0.416421 0.170168
vt 0.432760 0.206895
vt 0.436110 0.206895
vt 0.450333 0.220886
vt 0.450333 0.220011
vt 0.455737 0.209518
vt 0.451975 0.209518
vt 0.451975 0.220011
vt 0.455737 0.220011
vt 0.796160 0.168419
vt 0.800559 0.168419
vt 0.764140 0.168419
vt 0.768421 0.168419
vt 0.406263 0.168419
vt 0.411003 0.168419
vt 0.443288 0.208644
vt 0.439939 0.208644
vt 0.416421 0.168419
vt 0.421160 0.168419
vt 0.436110 0.208644
vt 0.432760 0.208644
vt 0.800559 0.156177
vt 0.796160 0.156177
vt 0.768421 0.156177
vt 0.764140 0.156177
vt 0.411003 0.156177
vt 0.406263 0.156177
vt 0.439939 0.220886
vt 0.443288 0.220886
vt 0.421160 0.156177
vt 0.416421 0.156177
vt 0.432760 0.220886
vt 0.436110 0.220886
vt 0.450333 0.222635
vt 0.796160 0.154428
vt 0.800559 0.154428
vt 0.764140 0.154428
vt 0.768421 0.154428
vt 0.406263 0.154428
vt 0.411003 0.154428
vt 0.443288 0.222635
vt 0.439939 0.222635
vt 0.416421 0.154428
vt 0.421160 0.154428
vt 0.436110 0.222635
vt 0.432760 0.222635
vt 0.452315 0.237500
vt 0.452315 0.237500
vt 0.806119 0.226132
vt 0.817607 0.152680
vt 0.806119 0.224383
vt 0.806119 0.223509
vt 0.817607 0.164922
vt 0.824172 0.164922
vt 0.427060 0.212141
vt 0.427060 0.212141
vt 0.824172 0.166671
vt 0.817607 0.166671
vt 0.427060 0.210392
vt 0.427060 0.209518
vt 0.817607 0.178913
vt 0.824172 0.178913
vt 0.427060 0.198150
vt 0.824172 0.180662
vt 0.817607 0.180662
vt 0.427060 0.196401
vt 0.818288 0.206895
vt 0.824512 0.206895
vt 0.426139 0.171043
vt 0.426139 0.170168
vt 0.818288 0.220886
vt 0.824512 0.220886
vt 0.824512 0.208644
vt 0.818288 0.208644
vt 0.426139 0.168419
vt 0.426139 0.156177
vt 0.824512 0.222635
vt 0.818288 0.222635
vt 0.426139 0.154428
vt 0.426139 0.153554
vt 0.392021 0.224383
vt 0.392021 0.226132
vt 0.401063 0.226132
vt 0.401063 0.224383
vt 0.401063 0.212141
vt 0.401063 0.210392
vt 0.401063 0.198150
vt 0.393421 0.154428
vt 0.393421 0.156177
vt 0.401063 0.196401
vt 0.393421 0.168419
vt 0.776063 0.226132
vt 0.776063 0.224383
vt 0.780584 0.224383
vt 0.780584 0.212141
vt 0.776063 0.212141
vt 0.776063 0.210392
vt 0.780584 0.210392
vt 0.780584 0.198150
vt 0.776063 0.198150
vt 0.776063 0.196401
vt 0.780584 0.196401
vt 0.781263 0.170168
vt 0.776982 0.170168
vt 0.776982 0.168419
vt 0.781263 0.168419
vt 0.781263 0.156177
vt 0.776982 0.156177
vt 0.776982 0.154428
vt 0.781263 0.154428
vt 0.818968 0.237500
vt 0.824852 0.237500
vt 0.393421 0.170168
vt 0.401982 0.170168
vt 0.401982 0.168419
vt 0.401982 0.156177
vt 0.473650 0.182253
vt 0.392021 0.196401
vt 0.401982 0.154428
vt 0.847829 0.140998
vt 0.392021 0.198150
vt 0.392021 0.210392
vt 0.392021 0.212141
vt 0.478714 0.140998
vt 0.475291 0.140998
vt 0.847829 0.182253
vt 0.473650 0.182253
vt 0.397122 0.237500
vt 0.400482 0.237500
vt 0.396542 0.226132
vt 0.396542 0.224383
vt 0.396542 0.212141
vt 0.396542 0.210392
vt 0.396542 0.198150
vt 0.396542 0.196401
vt 0.397702 0.170168
vt 0.397702 0.168419
vt 0.397702 0.156177
vt 0.397702 0.154428
vt 0.455737 0.150931
vt 0.449172 0.150931
vt 0.421840 0.226132
vt 0.426480 0.226132
vt 0.387500 0.226132
vt 0.405584 0.226132
vt 0.411003 0.226132
vt 0.442607 0.150931
vt 0.438778 0.150931
vt 0.449172 0.152680
vt 0.455737 0.152680
vt 0.426480 0.224383
vt 0.387500 0.224383
vt 0.455737 0.165271
vt 0.451634 0.165271
vt 0.451634 0.166321
vt 0.455737 0.166321
vt 0.426480 0.212141
vt 0.387500 0.212141
vt 0.449993 0.166671
vt 0.449993 0.166321
vt 0.449993 0.166321
vt 0.426480 0.210392
vt 0.387500 0.210392
vt 0.455737 0.179262
vt 0.451635 0.179262
vt 0.451635 0.180312
vt 0.455737 0.180312
vt 0.426480 0.198150
vt 0.387500 0.198150
vt 0.449993 0.180661
vt 0.449993 0.180312
vt 0.426480 0.196401
vt 0.392021 0.196401
vt 0.387500 0.196401
vt 0.416421 0.226132
vt 0.434948 0.150931
vt 0.431119 0.150931
vt 0.455737 0.207244
vt 0.451975 0.207244
vt 0.451975 0.208294
vt 0.455737 0.208294
vt 0.425559 0.170168
vt 0.389140 0.170168
vt 0.393421 0.170168
vt 0.455737 0.221236
vt 0.451975 0.221236
vt 0.451975 0.222285
vt 0.455737 0.222285
vt 0.450333 0.208644
vt 0.450333 0.208294
vt 0.450333 0.208644
vt 0.425559 0.168419
vt 0.393421 0.168419
vt 0.389140 0.168419
vt 0.425559 0.156177
vt 0.389140 0.156177
vt 0.450333 0.222635
vt 0.450333 0.222285
vt 0.450333 0.222285
vt 0.425559 0.154428
vt 0.389140 0.154428
vt 0.431119 0.226132
vt 0.431119 0.224383
vt 0.449172 0.164922
vt 0.427060 0.212141
vt 0.449172 0.166671
vt 0.427059 0.210392
vt 0.427060 0.210392
vt 0.449172 0.178913
vt 0.427060 0.198150
vt 0.427060 0.197800
vt 0.449172 0.180662
vt 0.427060 0.196401
vt 0.449512 0.206895
vt 0.426139 0.170168
vt 0.449512 0.220886
vt 0.449512 0.208644
vt 0.426139 0.168769
vt 0.426139 0.168419
vt 0.426139 0.156177
vt 0.449512 0.222635
vt 0.426139 0.154428
vt 0.426139 0.154428
vt 0.401063 0.226132
vt 0.401063 0.224383
vt 0.401063 0.196401
vt 0.401982 0.170168
vt 0.401982 0.168419
vt 0.452315 0.237500
vt 0.452315 0.237500
vt 0.455737 0.237500
vt 0.466945 0.184002
vt 0.475291 0.184002
vt 0.478714 0.184002
vt 0.475291 0.184002
vt 0.473650 0.140998
vt 0.473650 0.140998
vt 0.955737 0.898043
vt 0.951062 0.898043
vt 0.950565 0.898572
vt 0.955737 0.898572
vt 0.951062 0.889563
vt 0.950565 0.889563
vt 0.455737 0.146559
vt 0.452455 0.146559
vt 0.452455 0.139563
vt 0.830737 0.148820
vt 0.825333 0.148820
vt 0.825333 0.139563
vt 0.451294 0.147795
vt 0.455737 0.147795
vt 0.451294 0.139563
vt 0.950333 0.898820
vt 0.955737 0.898820
vt 0.950333 0.889563
vt 0.955737 0.897795
vt 0.951294 0.897795
vt 0.951294 0.889563
vt 0.840718 0.169601
vt 0.841328 0.161626
vt 0.839077 0.161626
vt 0.839077 0.168073
vt 0.841341 0.153746
vt 0.835248 0.154003
vt 0.835248 0.155178
vt 0.839077 0.155178
vt 0.835248 0.169248
vt 0.835248 0.168073
vt 0.473650 0.143621
vt 0.473650 0.142747
vt 0.835194 0.153950
vt 0.835194 0.152698
vt 0.834863 0.151405
vt 0.834863 0.155178
vt 0.836409 0.171675
vt 0.835194 0.170553
vt 0.834863 0.171847
vt 0.835248 0.172314
vt 0.836409 0.151576
vt 0.835248 0.150937
vt 0.843194 0.145167
vt 0.847829 0.144495
vt 0.847829 0.142747
vt 0.843019 0.143016
vt 0.835194 0.169301
vt 0.834863 0.168073
vt 0.840829 0.175801
vt 0.835248 0.172314
vt 0.839077 0.176257
vt 0.843194 0.178084
vt 0.839077 0.176257
vt 0.843019 0.180235
vt 0.847829 0.178756
vt 0.847829 0.180504
vt 0.840238 0.147793
vt 0.839077 0.146994
vt 0.839077 0.146994
vt 0.835248 0.150937
vt 0.473650 0.179630
vt 0.853714 0.144495
vt 0.853714 0.178756
vt 0.824993 0.154428
vt 0.830737 0.154428
vt 0.806119 0.222635
vt 0.802060 0.222635
vt 0.575333 0.235706
vt 0.575333 0.234002
vt 0.598310 0.185796
vt 0.598650 0.184047
vt 0.575673 0.237455
vt 0.551139 0.143061
vt 0.551139 0.141357
vt 0.801139 0.153554
vt 0.801139 0.143061
vt 0.825333 0.234002
vt 0.825333 0.223509
vt 0.825333 0.220011
vt 0.825333 0.209518
vt 0.801139 0.167545
vt 0.801139 0.157052
vt 0.801139 0.181581
vt 0.801139 0.171043
vt 0.825333 0.206020
vt 0.825333 0.195482
vt 0.607038 0.229630
vt 0.605397 0.229268
vt 0.575333 0.195482
vt 0.574993 0.193733
vt 0.574993 0.192029
vt 0.552059 0.185034
vt 0.552060 0.183330
vt 0.802060 0.195527
vt 0.802060 0.185034
vt 0.824993 0.192029
vt 0.824993 0.181536
vt 0.802060 0.209518
vt 0.802060 0.199025
vt 0.824993 0.178038
vt 0.824993 0.167545
vt 0.802060 0.213016
vt 0.824993 0.164047
vt 0.825673 0.237500
vt 0.825673 0.237500
vt 0.848650 0.184002
vt 0.848650 0.184002
vt 0.848650 0.140998
vt 0.575673 0.237500
vt 0.598650 0.184002
vt 0.598650 0.184002
vt 0.598650 0.182253
vt 0.597829 0.182253
vt 0.598650 0.140998
vt 0.598650 0.139249
vt 0.597829 0.140998
vt 0.848650 0.182253
vt 0.598650 0.142747
vt 0.597829 0.142747
vt 0.598650 0.180504
vt 0.597829 0.180505
vt 0.824993 0.164922
vt 0.802060 0.212141
vt 0.824993 0.166671
vt 0.802060 0.210392
vt 0.824993 0.178913
vt 0.802060 0.198150
vt 0.824993 0.180662
vt 0.802060 0.196401
vt 0.825333 0.206895
vt 0.801139 0.170168
vt 0.825333 0.220886
vt 0.825333 0.208644
vt 0.801139 0.168419
vt 0.801139 0.156177
vt 0.825333 0.222635
vt 0.801139 0.154428
vt 0.825673 0.237500
vt 0.848650 0.182253
vt 0.848650 0.140998
vt 0.853714 0.143621
vt 0.848650 0.143621
vt 0.848650 0.179630
vt 0.853714 0.179630
vt 0.848650 0.142747
vt 0.847829 0.142747
vt 0.848650 0.180504
vt 0.847829 0.180505
vt 0.455737 0.156566
vt 0.451634 0.156566
vt 0.451634 0.164047
vt 0.455737 0.164047
vt 0.428219 0.220497
vt 0.431119 0.220497
vt 0.431119 0.213016
vt 0.428219 0.213016
vt 0.452316 0.237470
vt 0.451977 0.235720
vt 0.427300 0.143061
vt 0.429958 0.143061
vt 0.429958 0.141312
vt 0.427300 0.141343
vt 0.475293 0.184002
vt 0.475293 0.184002
vt 0.452316 0.237500
vt 0.452316 0.237500
vt 0.427299 0.154428
vt 0.429958 0.154428
vt 0.429958 0.153554
vt 0.427300 0.153554
vt 0.451975 0.222285
vt 0.451975 0.222635
vt 0.455737 0.222635
vt 0.427299 0.154778
vt 0.429958 0.154778
vt 0.427299 0.154428
vt 0.451975 0.220886
vt 0.455737 0.220886
vt 0.427299 0.168769
vt 0.429958 0.168769
vt 0.429958 0.168419
vt 0.427299 0.168419
vt 0.429958 0.156177
vt 0.427299 0.156177
vt 0.427299 0.157052
vt 0.429958 0.157052
vt 0.429958 0.170168
vt 0.427299 0.170168
vt 0.427300 0.171043
vt 0.429958 0.171043
vt 0.451976 0.195496
vt 0.455737 0.195527
vt 0.455737 0.193778
vt 0.451637 0.193746
vt 0.451975 0.208644
vt 0.455737 0.208644
vt 0.427300 0.181567
vt 0.429958 0.181536
vt 0.427300 0.171043
vt 0.450333 0.195482
vt 0.455737 0.181536
vt 0.451635 0.181536
vt 0.451636 0.192029
vt 0.455737 0.192029
vt 0.451637 0.193746
vt 0.428220 0.196401
vt 0.431119 0.196401
vt 0.431119 0.195527
vt 0.428220 0.195527
vt 0.431119 0.185034
vt 0.428221 0.185034
vt 0.428220 0.196751
vt 0.431119 0.196751
vt 0.428220 0.196401
vt 0.451635 0.180312
vt 0.451635 0.180661
vt 0.455737 0.180662
vt 0.431119 0.198150
vt 0.428220 0.198150
vt 0.428220 0.199025
vt 0.431119 0.199025
vt 0.451634 0.178913
vt 0.455737 0.178913
vt 0.451634 0.178038
vt 0.428219 0.210742
vt 0.431119 0.210742
vt 0.431119 0.210392
vt 0.428219 0.210392
vt 0.451634 0.166321
vt 0.451634 0.166671
vt 0.455737 0.166671
vt 0.455737 0.223509
vt 0.451976 0.223509
vt 0.431119 0.222635
vt 0.427300 0.153554
vt 0.427300 0.143061
vt 0.473310 0.185796
vt 0.473650 0.184047
vt 0.475292 0.184002
vt 0.475292 0.184002
vt 0.452315 0.237500
vt 0.452314 0.237500
vt 0.452315 0.237500
vt 0.475291 0.184002
vt 0.475291 0.184002
vt 0.475291 0.140998
vt 0.478714 0.139249
vt 0.475291 0.139249
vt 0.475291 0.184002
vt 0.478714 0.182253
vt 0.475291 0.182253
vt 0.475291 0.184002
vt 0.475291 0.182253
vt 0.475291 0.182253
vt 0.475291 0.140998
vt 0.478714 0.140998
vt 0.475291 0.140998
vt 0.478714 0.182253
vt 0.475291 0.182253
vt 0.452314 0.237500
vt 0.452314 0.237500
vt 0.475291 0.182253
vt 0.475291 0.140998
vt 0.478714 0.180504
vt 0.475291 0.180504
vt 0.475291 0.142747
vt 0.478714 0.142747
vt 0.475291 0.140998
vt 0.452316 0.237500
vt 0.451634 0.164922
vt 0.455737 0.164922
vt 0.449993 0.167545
vt 0.428220 0.209518
vt 0.431119 0.209518
vt 0.431119 0.211792
vt 0.428219 0.211792
vt 0.428219 0.212141
vt 0.431119 0.212141
vt 0.451634 0.166671
vt 0.451634 0.167545
vt 0.431119 0.197800
vt 0.428220 0.197800
vt 0.428220 0.198150
vt 0.451635 0.180662
vt 0.451975 0.207244
vt 0.451976 0.195496
vt 0.451976 0.206020
vt 0.429958 0.169819
vt 0.427299 0.169819
vt 0.427299 0.167545
vt 0.429958 0.167545
vt 0.427299 0.157052
vt 0.480355 0.223509
vt 0.480384 0.227516
vt 0.482026 0.227878
vt 0.481996 0.223509
vt 0.451975 0.209518
vt 0.451975 0.221236
vt 0.475292 0.184002
vt 0.475292 0.184002
vt 0.475292 0.184002
vt 0.475292 0.184002
vt 0.475291 0.140998
vt 0.452314 0.237500
vt 0.449993 0.165272
vt 0.428219 0.211792
vt 0.451634 0.164922
vt 0.428220 0.197800
vt 0.428220 0.196751
vt 0.451635 0.179262
vt 0.451634 0.178913
vt 0.450333 0.208294
vt 0.427299 0.169819
vt 0.450333 0.221236
vt 0.428221 0.185034
vt 0.428221 0.183317
vt 0.427299 0.168419
vt 0.427299 0.155828
vt 0.429958 0.155828
vt 0.427299 0.154778
vt 0.451976 0.223509
vt 0.452315 0.237500
vt 0.475292 0.184002
vt 0.475291 0.184002
vt 0.475291 0.142963
vt 0.478714 0.142963
vt 0.475291 0.142747
vt 0.478714 0.180288
vt 0.475291 0.180288
vt 0.478714 0.179630
vt 0.455737 0.154428
vt 0.478714 0.143621
vt 0.468194 0.145167
vt 0.468194 0.178084
vt 0.466328 0.161626
s 0
usemtl Placeable
f 81/55/35 82/55/35 83/55/35
f 84/56/36 85/56/36 86/56/36
f 87/55/35 88/55/35 89/55/35
f 90/56/36 91/56/36 92/56/36
f 93/57/37 94/58/37 95/59/37
f 93/57/37 95/59/37 96/60/37
f 97/61/38 98/62/38 99/63/38
f 97/61/38 99/63/38 100/64/38
f 101/65/39 102/65/39 103/65/39
f 101/65/39 103/65/39 104/65/39
f 105/66/40 106/67/40 107/67/40
f 105/66/40 107/67/40 108/66/40
f 109/68/41 110/69/41 111/69/41
f 109/68/41 111/69/41 112/68/41
f 113/70/35 114/71/35 115/72/35
f 113/70/35 115/72/35 116/73/35
f 117/65/39 118/65/39 119/65/39
f 117/65/39 119/65/39 120/65/39
f 121/74/37 122/75/37 123/76/37
f 121/74/37 123/76/37 124/77/37
f 125/78/38 126/79/38 127/80/38
f 125/78/38 127/80/38 128/81/38
f 129/82/36 130/83/36 131/84/36
f 129/82/36 131/84/36 132/85/36
f 133/86/42 134/87/42 135/88/42
f 133/86/42 135/88/42 136/89/42
f 137/90/35 138/91/35 139/92/35
f 137/90/35 139/92/35 140/93/35
f 141/94/37 142/95/37 143/96/37
f 141/94/37 143/96/37 144/97/37
f 145/98/38 146/99/38 147/100/38
f 145/98/38 147/100/38 148/101/38
f 149/102/36 150/103/36 151/104/36
f 149/102/36 151/104/36 152/105/36
f 153/106/42 154/107/42 155/108/42
f 153/106/42 155/108/42 156/109/42
f 157/110/37 158/111/37 159/112/37
f 157/110/37 159/112/37 160/110/37
f 161/113/37 162/114/37 163/115/37
f 161/113/37 163/115/37 164/116/37
f 165/117/38 166/118/38 167/119/38
f 165/117/38 167/119/38 168/120/38
f 169/121/36 170/122/36 171/123/36
f 169/121/36 171/123/36 172/124/36
f 173/125/42 174/126/42 175/127/42
f 173/125/42 175/127/42 176/128/42
f 177/129/37 178/130/37 179/130/37
f 177/129/37 179/130/37 180/129/37
f 181/131/37 182/132/37 183/133/37
f 181/131/37 183/133/37 184/134/37
f 185/135/38 186/136/38 187/137/38
f 185/135/38 187/137/38 188/138/38
f 189/139/36 190/140/36 191/141/36
f 189/139/36 191/141/36 192/142/36
f 193/143/42 194/144/42 195/145/42
f 193/143/42 195/145/42 196/146/42
f 197/147/37 198/148/37 199/149/37
f 197/147/37 199/149/37 200/147/37
f 201/150/37 202/151/37 203/152/37
f 201/150/37 203/152/37 204/153/37
f 205/154/37 206/155/37 207/156/37
f 205/154/37 207/156/37 208/157/37
f 209/158/36 210/159/36 211/160/36
f 209/158/36 211/160/36 212/161/36
f 213/162/42 214/163/42 215/164/42
f 213/162/42 215/164/42 216/165/42
f 217/166/37 218/167/37 219/168/37
f 217/166/37 219/168/37 220/166/37
f 221/169/38 222/170/38 223/171/38
f 221/169/38 223/171/38 224/172/38
f 225/173/36 226/174/36 227/175/36
f 225/173/36 227/175/36 228/176/36
f 229/177/42 230/178/42 231/179/42
f 229/177/42 231/179/42 232/180/42
f 233/181/43 234/182/44 235/183/45
f 233/181/46 235/183/47 236/181/48
f 237/151/42 238/184/42 239/185/42
f 237/151/42 239/185/42 240/152/42
f 241/186/42 242/187/42 243/188/42
f 241/186/42 243/188/42 244/189/42
f 245/184/42 246/186/42 247/189/42
f 245/184/42 247/189/42 248/185/42
f 249/190/42 250/191/42 251/192/42
f 249/190/42 251/192/42 252/193/42
f 253/194/49 254/195/49 255/195/49
f 253/194/49 255/195/49 256/194/49
f 257/196/36 258/197/36 259/198/36
f 257/196/36 259/198/36 260/199/36
f 261/197/38 262/200/38 263/201/38
f 261/197/38 263/201/38 264/198/38
f 265/200/38 266/202/38 267/203/38
f 265/200/38 267/203/38 268/201/38
f 269/155/42 270/204/42 271/205/42
f 269/155/42 271/205/42 272/156/42
f 270/204/42 273/177/42 274/180/42
f 270/204/42 274/180/42 271/205/42
f 275/174/38 276/206/38 277/207/38
f 275/174/38 277/207/38 278/175/38
f 279/206/38 280/169/38 281/172/38
f 279/206/38 281/172/38 282/207/38
f 283/132/42 284/208/42 285/209/42
f 283/132/42 285/209/42 286/133/42
f 287/208/42 288/162/42 289/165/42
f 287/208/42 289/165/42 290/209/42
f 291/202/38 292/210/38 293/211/38
f 291/202/38 293/211/38 294/203/38
f 295/212/42 296/190/42 297/193/42
f 295/212/42 297/193/42 298/213/42
f 299/114/42 300/214/42 301/215/42
f 299/114/42 301/215/42 302/115/42
f 303/214/42 304/143/42 305/146/42
f 303/214/42 305/146/42 306/215/42
f 307/159/38 308/216/38 309/217/38
f 307/159/38 309/217/38 310/160/38
f 311/216/38 312/135/38 313/138/38
f 311/216/38 313/138/38 314/217/38
f 315/95/42 316/218/42 317/219/42
f 315/95/42 317/219/42 318/96/42
f 319/218/42 320/125/42 321/128/42
f 319/218/42 321/128/42 322/219/42
f 323/140/38 324/220/38 325/221/38
f 323/140/38 325/221/38 326/141/38
f 327/220/38 328/117/38 329/120/38
f 327/220/38 329/120/38 330/221/38
f 331/75/42 332/222/42 333/223/42
f 331/75/42 333/223/42 334/76/42
f 335/222/42 336/106/42 337/109/42
f 335/222/42 337/109/42 338/223/42
f 339/122/38 340/224/38 341/225/38
f 339/122/38 341/225/38 342/123/38
f 343/224/38 344/98/38 345/101/38
f 343/224/38 345/101/38 346/225/38
f 347/58/42 348/226/42 349/227/42
f 347/58/42 349/227/42 350/59/42
f 351/226/42 352/86/42 353/89/42
f 351/226/42 353/89/42 354/227/42
f 355/103/38 356/228/38 357/229/38
f 355/103/38 357/229/38 358/104/38
f 359/228/38 360/78/38 361/81/38
f 359/228/38 361/81/38 362/229/38
f 363/230/36 364/231/36 365/231/36
f 363/230/36 365/231/36 366/230/36
f 367/232/38 368/233/38 369/234/38
f 367/232/38 369/234/38 370/235/38
f 371/65/39 117/65/39 120/65/39
f 371/65/39 120/65/39 372/65/39
f 373/236/42 374/237/42 375/238/42
f 373/236/42 375/238/42 376/239/42
f 377/83/38 378/240/38 379/241/38
f 377/83/38 379/241/38 380/84/38
f 381/240/38 382/61/38 383/64/38
f 381/240/38 383/64/38 384/241/38
f 385/242/36 386/243/36 387/244/36
f 385/242/36 387/244/36 388/245/36
f 389/246/50 390/247/50 391/248/50
f 389/246/50 391/248/50 392/249/50
f 393/250/51 394/251/51 395/252/51
f 393/250/51 395/252/51 396/253/51
f 397/254/52 398/255/52 399/152/52
f 397/254/52 399/152/52 400/185/52
f 401/256/53 402/257/53 403/258/53
f 401/256/53 403/258/53 404/259/53
f 405/260/52 406/261/52 407/189/52
f 405/260/52 407/189/52 408/188/52
f 409/261/52 410/254/52 411/185/52
f 409/261/52 411/185/52 412/189/52
f 413/251/53 414/262/53 415/263/53
f 413/251/53 415/263/53 416/252/53
f 417/262/53 418/256/53 419/259/53
f 417/262/53 419/259/53 420/263/53
f 421/264/38 422/265/38 423/266/38
f 421/264/38 423/266/38 424/267/38
f 425/268/36 426/269/36 427/270/36
f 425/268/36 427/270/36 428/271/36
f 429/272/42 430/273/42 431/274/42
f 429/272/42 431/274/42 432/275/42
f 433/273/42 434/276/42 435/277/42
f 433/273/42 435/277/42 436/274/42
f 437/278/36 438/279/36 439/280/36
f 437/278/36 439/280/36 440/281/36
f 441/191/42 442/282/42 443/283/42
f 441/191/42 443/283/42 444/192/42
f 445/284/54 446/285/54 447/285/54
f 445/284/54 447/285/54 448/284/54
f 449/286/37 450/212/37 451/213/37
f 449/286/37 451/213/37 452/287/37
f 453/288/38 454/264/38 455/267/38
f 453/288/38 455/267/38 456/289/38
f 457/279/38 458/288/38 459/289/38
f 457/279/38 459/289/38 460/280/38
f 461/290/38 462/291/38 463/292/38
f 461/290/38 463/292/38 464/293/38
f 465/294/37 466/295/37 467/295/37
f 465/294/37 467/295/37 468/294/37
f 469/296/38 470/290/38 471/293/38
f 469/296/38 471/293/38 472/297/38
f 473/298/38 474/299/38 475/300/38
f 473/298/38 475/300/38 476/301/38
f 477/269/38 478/302/38 479/303/38
f 477/269/38 479/303/38 480/270/38
f 481/304/37 482/305/37 483/305/37
f 481/304/37 483/305/37 484/306/37
f 485/302/38 486/298/38 487/301/38
f 485/302/38 487/301/38 488/303/38
f 489/276/42 490/307/42 491/308/42
f 489/276/42 491/308/42 492/277/42
f 493/309/37 494/272/37 495/275/37
f 493/309/37 495/275/37 496/310/37
f 497/311/42 498/312/42 499/313/42
f 497/311/42 499/313/42 500/314/42
f 501/312/42 502/315/42 503/316/42
f 501/312/42 503/316/42 504/313/42
f 505/317/37 506/311/37 507/314/37
f 505/317/37 507/314/37 508/318/37
f 509/319/42 510/320/42 511/321/42
f 509/319/42 511/321/42 512/322/42
f 513/323/37 514/324/37 515/325/37
f 513/323/37 515/325/37 516/326/37
f 517/327/42 518/319/42 519/322/42
f 517/327/42 519/322/42 520/328/42
f 521/324/42 522/327/42 523/328/42
f 521/324/42 523/328/42 524/325/42
f 525/329/36 526/296/36 527/297/36
f 525/329/36 527/297/36 528/330/36
f 529/291/38 530/331/38 531/332/38
f 529/291/38 531/332/38 532/292/38
f 533/333/38 534/334/38 535/335/38
f 533/333/38 535/335/38 536/336/38
f 537/337/38 538/338/38 539/339/38
f 537/337/38 539/339/38 540/340/38
f 541/341/36 542/333/36 543/336/36
f 541/341/36 543/336/36 544/342/36
f 545/343/38 546/344/38 547/345/38
f 545/343/38 547/345/38 548/346/38
f 549/347/38 550/348/38 551/349/38
f 549/347/38 551/349/38 552/350/38
f 553/351/37 554/352/37 555/353/37
f 553/351/37 555/353/37 556/351/37
f 557/348/38 558/343/38 559/346/38
f 557/348/38 559/346/38 560/349/38
f 561/315/42 562/354/42 563/355/42
f 561/315/42 563/355/42 564/316/42
f 565/356/36 566/347/36 567/350/36
f 565/356/36 567/350/36 568/357/36
f 569/358/38 570/359/38 571/360/38
f 569/358/38 571/360/38 572/361/38
f 573/362/35 574/362/35 575/362/35
f 573/362/35 575/362/35 576/362/35
f 577/363/55 578/364/48 579/364/56
f 577/363/57 579/364/58 580/363/48
f 581/334/38 582/337/38 583/340/38
f 581/334/38 583/340/38 584/335/38
f 585/365/42 586/366/42 587/367/42
f 585/365/42 587/367/42 588/368/42
f 589/369/37 590/370/37 591/371/37
f 589/369/37 591/371/37 592/372/37
f 593/373/42 594/365/42 595/368/42
f 593/373/42 595/368/42 596/374/42
f 597/370/42 598/373/42 599/374/42
f 597/370/42 599/374/42 600/371/42
f 601/375/42 602/376/42 603/377/42
f 601/375/42 603/377/42 604/378/42
f 605/379/38 606/358/38 607/361/38
f 605/379/38 607/361/38 608/380/38
f 609/381/38 610/379/38 611/380/38
f 609/381/38 611/380/38 612/382/38
f 613/383/37 614/384/37 615/384/37
f 613/383/37 615/384/37 616/383/37
f 617/385/37 618/375/37 619/378/37
f 617/385/37 619/378/37 620/386/37
f 621/387/37 622/388/37 623/388/37
f 621/387/37 623/388/37 624/387/37
f 625/376/42 626/389/42 627/390/42
f 625/376/42 627/390/42 628/377/42
f 629/391/59 630/392/59 631/392/59
f 629/391/60 631/392/60 632/391/60
f 633/389/42 634/393/42 635/394/42
f 633/389/42 635/394/42 636/390/42
f 637/395/61 638/396/62 639/396/61
f 637/395/63 639/396/63 640/395/64
f 641/397/50 642/398/50 643/399/50
f 641/397/50 643/399/50 644/400/50
f 645/401/51 646/402/51 647/403/51
f 645/401/51 647/403/51 648/404/51
f 649/405/52 650/406/52 651/407/52
f 649/405/52 651/407/52 652/408/52
f 653/409/53 654/410/53 655/411/53
f 653/409/53 655/411/53 656/412/53
f 657/413/52 658/414/52 659/390/52
f 657/413/52 659/390/52 660/394/52
f 661/415/52 662/405/52 663/408/52
f 661/415/52 663/408/52 664/416/52
f 665/402/53 666/417/53 667/418/53
f 665/402/53 667/418/53 668/403/53
f 669/417/53 670/409/53 671/412/53
f 669/417/53 671/412/53 672/418/53
f 673/419/36 674/381/36 675/382/36
f 673/419/36 675/382/36 676/420/36
f 677/421/65 678/422/66 679/423/67
f 677/421/68 679/423/69 680/421/70
f 681/424/71 682/425/71 683/425/71
f 681/424/72 683/425/72 684/424/72
f 685/426/73 686/427/73 687/420/73
f 685/426/73 687/420/73 688/382/73
f 689/393/35 690/428/35 691/429/35
f 689/393/35 691/429/35 692/394/35
f 693/430/38 694/431/38 695/432/38
f 693/430/38 695/432/38 696/433/38
f 697/366/35 698/434/35 699/435/35
f 697/366/35 699/435/35 700/367/35
f 701/436/37 702/437/37 703/438/37
f 701/436/37 703/438/37 704/436/37
f 705/354/35 706/439/35 707/440/35
f 705/354/35 707/440/35 708/355/35
f 709/441/74 710/442/75 711/443/76
f 709/441/77 711/443/78 712/444/75
f 713/445/37 714/446/37 715/446/37
f 713/445/37 715/446/37 716/445/37
f 717/307/35 718/447/35 719/448/35
f 717/307/35 719/448/35 720/308/35
f 721/320/35 722/449/35 723/450/35
f 721/320/35 723/450/35 724/321/35
f 725/282/35 726/451/35 727/452/35
f 725/282/35 727/452/35 728/283/35
f 729/453/79 730/454/79 731/454/79
f 729/453/80 731/454/80 732/453/80
f 733/455/37 734/456/37 735/456/37
f 733/455/37 735/456/37 736/457/37
f 737/458/81 738/459/82 739/459/83
f 737/458/84 739/459/85 740/458/86
f 741/460/73 742/461/73 743/199/73
f 741/460/73 743/199/73 744/198/73
f 745/454/87 746/462/87 747/462/87
f 745/454/88 747/462/88 748/454/88
f 749/187/35 750/463/35 751/464/35
f 749/187/35 751/464/35 752/188/35
f 753/178/35 754/465/35 755/466/35
f 753/178/35 755/466/35 756/179/35
f 757/462/65 758/467/70 759/468/89
f 757/462/90 759/468/91 760/462/66
f 761/163/35 762/469/35 763/470/35
f 761/163/35 763/470/35 764/164/35
f 765/471/37 766/472/37 767/473/37
f 765/471/37 767/473/37 768/471/37
f 769/144/35 770/474/35 771/475/35
f 769/144/35 771/475/35 772/145/35
f 773/476/37 774/477/37 775/477/37
f 773/476/37 775/477/37 776/476/37
f 777/126/35 778/478/35 779/479/35
f 777/126/35 779/479/35 780/127/35
f 781/480/37 782/481/37 783/481/37
f 781/480/37 783/481/37 784/480/37
f 785/107/35 786/482/35 787/483/35
f 785/107/35 787/483/35 788/108/35
f 789/484/37 790/485/37 791/485/37
f 789/484/37 791/485/37 792/484/37
f 793/87/35 794/90/35 795/93/35
f 793/87/35 795/93/35 796/88/35
f 797/486/36 798/82/36 799/85/36
f 797/486/36 799/85/36 800/487/36
f 801/488/40 802/489/40 803/489/40
f 801/488/40 803/489/40 804/488/40
f 805/490/36 806/490/36 807/490/36
f 805/490/36 807/490/36 808/490/36
f 809/491/36 810/492/36 811/492/36
f 809/491/36 811/492/36 812/491/36
f 813/493/92 814/494/92 815/495/92
f 813/493/87 815/495/87 816/493/87
f 817/496/93 818/497/94 819/497/95
f 817/496/96 819/497/97 820/496/94
f 821/498/38 822/387/38 823/387/38
f 821/498/38 823/387/38 824/499/38
f 825/500/35 826/500/35 827/500/35
f 825/500/35 827/500/35 828/500/35
f 829/501/36 830/490/36 831/490/36
f 829/501/36 831/490/36 832/501/36
f 833/502/35 834/503/35 835/503/35
f 833/502/35 835/503/35 836/502/35
f 837/501/36 838/501/36 839/504/36
f 837/501/36 839/504/36 840/504/36
f 841/362/35 842/362/35 843/362/35
f 841/362/35 843/362/35 844/362/35
f 845/505/98 846/506/99 847/506/100
f 845/505/101 847/506/102 848/505/99
f 849/362/35 850/500/35 851/500/35
f 849/362/35 851/500/35 852/362/35
f 853/507/35 854/508/35 855/508/35
f 853/507/35 855/508/35 856/507/35
f 81/55/35 857/509/35 858/509/35
f 81/55/35 858/509/35 82/55/35
f 859/501/36 860/501/36 861/501/36
f 859/501/36 861/501/36 862/501/36
f 863/500/35 864/500/35 865/500/35
f 863/500/35 865/500/35 866/500/35
f 867/490/36 868/510/36 869/510/36
f 867/490/36 869/510/36 870/490/36
f 871/362/35 872/362/35 873/362/35
f 871/362/35 873/362/35 874/362/35
f 875/511/37 876/492/37 877/491/37
f 875/511/37 877/491/37 878/512/37
f 879/513/103 880/514/103 881/514/103
f 879/513/103 881/514/103 882/513/103
f 883/515/37 884/516/37 885/517/37
f 883/515/37 885/517/37 886/518/37
f 887/519/37 888/520/37 889/521/37
f 887/519/37 889/521/37 890/522/37
f 891/523/37 892/524/37 893/525/37
f 891/523/37 893/525/37 894/526/37
f 895/527/37 896/528/37 897/529/37
f 895/527/37 897/529/37 898/530/37
f 899/531/37 900/532/37 901/533/37
f 899/531/37 901/533/37 902/534/37
f 903/535/37 904/536/37 905/537/37
f 903/535/37 905/537/37 906/538/37
f 907/539/37 908/540/37 909/541/37
f 907/539/37 909/541/37 910/542/37
f 911/543/37 912/544/37 913/545/37
f 911/543/37 913/545/37 914/546/37
f 915/547/37 916/548/37 917/549/37
f 915/547/37 917/549/37 918/550/37
f 919/551/37 920/552/37 921/553/37
f 919/551/37 921/553/37 922/554/37
f 923/555/37 924/556/37 925/557/37
f 923/555/37 925/557/37 926/558/37
f 927/559/37 928/560/37 929/561/37
f 927/559/37 929/561/37 930/562/37
f 931/563/35 932/564/35 933/564/35
f 931/563/35 933/564/35 934/563/35
f 935/565/104 936/566/105 937/567/106
f 935/565/107 937/567/108 938/568/105
f 939/569/42 940/570/42 941/571/42
f 939/569/42 941/571/42 942/572/42
f 943/573/36 944/501/36 945/501/36
f 943/573/36 945/501/36 946/573/36
f 947/574/51 948/575/51 949/576/51
f 947/574/51 949/576/51 950/577/51
f 951/384/42 952/569/42 953/572/42
f 951/384/42 953/572/42 954/384/42
f 955/578/35 956/579/35 957/579/35
f 955/578/35 957/579/35 958/580/35
f 959/406/51 960/581/51 961/582/51
f 959/406/51 961/582/51 962/407/51
f 963/583/36 943/573/36 946/573/36
f 963/583/36 946/573/36 964/583/36
f 965/94/35 966/97/35 967/97/35
f 965/94/35 967/97/35 968/94/35
f 969/500/35 970/500/35 971/500/35
f 969/500/35 971/500/35 972/500/35
f 973/584/36 974/585/36 975/585/36
f 973/584/36 975/585/36 976/584/36
f 977/586/35 978/587/35 979/587/35
f 977/586/35 979/587/35 980/586/35
f 981/585/36 982/588/36 983/588/36
f 981/585/36 983/588/36 984/585/36
f 985/362/35 986/362/35 987/362/35
f 985/362/35 987/362/35 988/362/35
f 989/501/36 990/501/36 991/501/36
f 989/501/36 991/501/36 992/501/36
f 993/589/35 994/590/35 995/590/35
f 993/589/35 995/590/35 996/589/35
f 997/591/36 998/592/36 999/592/36
f 997/591/36 999/592/36 1000/591/36
f 1001/593/35 1002/594/35 1003/594/35
f 1001/593/35 1003/594/35 1004/593/35
f 1005/549/36 1006/548/36 1007/548/36
f 1005/549/36 1007/548/36 1008/549/36
f 1009/595/35 1010/593/35 1011/593/35
f 1009/595/35 1011/593/35 1012/595/35
f 1013/596/109 1014/597/109 1015/597/109
f 1013/596/109 1015/597/109 1016/596/109
f 1017/598/110 1018/599/110 1019/600/110
f 1017/598/110 1019/600/110 1020/601/110
f 1021/602/111 1022/603/111 1023/604/111
f 1021/602/111 1023/604/111 1024/605/111
f 1025/606/112 1026/607/112 1027/608/112
f 1025/606/112 1027/608/112 1028/609/112
f 1029/610/113 1030/611/113 1031/612/113
f 1029/610/113 1031/612/113 1032/613/113
f 1033/614/114 1034/615/115 1035/616/116
f 1033/614/117 1035/616/118 1036/617/115
f 1037/618/119 1038/619/120 1039/620/121
f 1037/618/122 1039/620/123 1040/621/120
f 1041/622/124 1042/623/125 1043/624/126
f 1041/622/127 1043/624/128 1044/625/125
f 1045/626/129 1046/627/130 1047/628/131
f 1045/626/132 1047/628/133 1048/629/130
f 1049/630/110 1050/631/110 1051/632/110
f 1049/630/110 1051/632/110 1052/633/110
f 1053/634/111 1054/635/111 1055/636/111
f 1053/634/111 1055/636/111 1056/637/111
f 1057/638/112 1058/639/112 1059/640/112
f 1057/638/112 1059/640/112 1060/641/112
f 1061/642/113 1062/643/113 1063/644/113
f 1061/642/113 1063/644/113 1064/645/113
f 1065/646/114 1066/647/115 1067/648/116
f 1065/646/117 1067/648/118 1068/649/115
f 1069/650/119 1070/651/120 1071/652/121
f 1069/650/122 1071/652/123 1072/653/120
f 1073/654/124 1074/655/125 1075/656/126
f 1073/654/127 1075/656/128 1076/657/125
f 1077/658/129 1078/659/130 1079/660/131
f 1077/658/132 1079/660/133 1080/661/130
f 1081/662/110 1082/663/110 1083/664/110
f 1081/662/110 1083/664/110 1084/665/110
f 1085/666/111 1086/667/111 1087/668/111
f 1085/666/111 1087/668/111 1088/669/111
f 1089/670/112 1090/671/112 1091/672/112
f 1089/670/112 1091/672/112 1092/673/112
f 1093/674/113 1094/675/113 1095/676/113
f 1093/674/113 1095/676/113 1096/677/113
f 1097/678/114 1098/679/115 1099/680/116
f 1097/678/117 1099/680/118 1100/681/115
f 1101/682/119 1102/683/120 1103/684/121
f 1101/682/122 1103/684/123 1104/685/120
f 1105/686/124 1106/687/125 1107/688/126
f 1105/686/127 1107/688/128 1108/689/125
f 1109/690/129 1110/691/130 1111/692/131
f 1109/690/132 1111/692/133 1112/693/130
f 1113/694/112 1114/695/112 1115/696/112
f 1113/694/112 1115/696/112 1116/697/112
f 1117/695/112 1118/606/112 1119/609/112
f 1117/695/112 1119/609/112 1120/696/112
f 1121/698/113 1122/699/113 1123/700/113
f 1121/698/113 1123/700/113 1124/701/113
f 1125/699/113 1126/610/113 1127/613/113
f 1125/699/113 1127/613/113 1128/700/113
f 1129/702/134 1130/614/135 1131/617/136
f 1129/702/137 1131/617/138 1132/703/135
f 1133/623/139 1134/702/139 1135/703/139
f 1133/623/139 1135/703/139 1136/624/139
f 1137/704/140 1138/705/141 1139/706/142
f 1137/704/143 1139/706/144 1140/707/141
f 1141/627/145 1142/704/145 1143/707/145
f 1141/627/145 1143/707/145 1144/628/145
f 1145/708/112 1146/709/112 1147/710/112
f 1145/708/112 1147/710/112 1148/711/112
f 1149/709/112 1150/638/112 1151/641/112
f 1149/709/112 1151/641/112 1152/710/112
f 1153/712/113 1154/713/113 1155/714/113
f 1153/712/113 1155/714/113 1156/715/113
f 1157/713/113 1158/642/113 1159/645/113
f 1157/713/113 1159/645/113 1160/714/113
f 1161/716/134 1162/646/135 1163/649/136
f 1161/716/137 1163/649/138 1164/717/135
f 1165/655/139 1166/716/139 1167/717/139
f 1165/655/139 1167/717/139 1168/656/139
f 1169/718/140 1170/719/141 1171/720/146
f 1169/718/143 1171/720/144 1172/721/141
f 1173/659/145 1174/718/145 1175/721/145
f 1173/659/145 1175/721/145 1176/660/145
f 1177/722/112 1178/723/112 1179/724/112
f 1177/722/112 1179/724/112 1180/725/112
f 1181/723/112 1182/670/112 1183/673/112
f 1181/723/112 1183/673/112 1184/724/112
f 1185/726/113 1186/727/113 1187/728/113
f 1185/726/113 1187/728/113 1188/729/113
f 1189/727/113 1190/674/113 1191/677/113
f 1189/727/113 1191/677/113 1192/728/113
f 1193/730/147 1194/678/135 1195/681/136
f 1193/730/137 1195/681/138 1196/731/135
f 1197/687/139 1198/730/139 1199/731/139
f 1197/687/139 1199/731/139 1200/688/139
f 1201/732/140 1202/733/141 1203/734/146
f 1201/732/143 1203/734/144 1204/735/141
f 1205/691/145 1206/732/145 1207/735/145
f 1205/691/145 1207/735/145 1208/692/145
f 1209/736/110 1210/737/110 1211/738/110
f 1209/736/110 1211/738/110 1212/739/110
f 1213/740/111 1214/741/111 1215/742/111
f 1213/740/111 1215/742/111 1216/743/111
f 1217/744/112 1218/745/112 1219/746/112
f 1217/744/112 1219/746/112 1220/747/112
f 1221/748/113 1222/749/113 1223/750/113
f 1221/748/113 1223/750/113 1224/751/113
f 1225/752/112 1226/753/112 1227/754/112
f 1225/752/112 1227/754/112 1228/755/112
f 1229/753/112 1230/744/112 1231/747/112
f 1229/753/112 1231/747/112 1232/754/112
f 1233/756/113 1234/757/113 1235/758/113
f 1233/756/113 1235/758/113 1236/759/113
f 1237/757/113 1238/748/113 1239/751/113
f 1237/757/113 1239/751/113 1240/758/113
f 1241/760/148 1242/761/115 1243/762/149
f 1241/760/150 1243/762/151 1244/763/115
f 1245/764/152 1246/765/120 1247/766/153
f 1245/764/154 1247/766/155 1248/767/120
f 1249/768/156 1250/769/125 1251/770/157
f 1249/768/158 1251/770/159 1252/771/125
f 1253/772/160 1254/773/130 1255/774/161
f 1253/772/162 1255/774/163 1256/775/130
f 1257/776/164 1258/760/135 1259/763/165
f 1257/776/166 1259/763/167 1260/777/135
f 1261/769/139 1262/776/139 1263/777/139
f 1261/769/139 1263/777/139 1264/770/139
f 1265/778/168 1266/779/141 1267/780/169
f 1265/778/170 1267/780/171 1268/781/141
f 1269/773/145 1270/778/145 1271/781/145
f 1269/773/145 1271/781/145 1272/774/145
f 1273/782/110 1274/783/110 1275/784/110
f 1273/782/110 1275/784/110 1276/785/110
f 1277/786/111 1278/787/111 1279/788/111
f 1277/786/111 1279/788/111 1280/789/111
f 1281/790/112 1282/791/112 1283/792/112
f 1281/790/112 1283/792/112 1284/793/112
f 1285/794/113 1286/795/113 1287/796/113
f 1285/794/113 1287/796/113 1288/797/113
f 1289/798/112 1290/799/112 1291/800/112
f 1289/798/112 1291/800/112 1292/801/112
f 1293/799/112 1294/790/112 1295/793/112
f 1293/799/112 1295/793/112 1296/800/112
f 1297/802/113 1298/803/113 1299/804/113
f 1297/802/113 1299/804/113 1300/805/113
f 1301/803/113 1302/794/113 1303/797/113
f 1301/803/113 1303/797/113 1304/804/113
f 1305/806/148 1306/807/115 1307/808/149
f 1305/806/150 1307/808/151 1308/809/115
f 1309/810/152 1310/811/120 1311/812/153
f 1309/810/154 1311/812/155 1312/813/120
f 1313/814/156 1314/815/125 1315/816/157
f 1313/814/158 1315/816/159 1316/817/125
f 1317/818/160 1318/819/130 1319/820/161
f 1317/818/162 1319/820/163 1320/821/130
f 1321/822/172 1322/806/135 1323/809/165
f 1321/822/166 1323/809/173 1324/823/135
f 1325/815/139 1326/822/139 1327/823/139
f 1325/815/139 1327/823/139 1328/816/139
f 1329/824/168 1330/825/141 1331/826/169
f 1329/824/170 1331/826/171 1332/827/141
f 1333/819/145 1334/824/145 1335/827/145
f 1333/819/145 1335/827/145 1336/820/145
f 1337/828/110 1338/829/110 1339/830/110
f 1337/828/110 1339/830/110 1340/831/110
f 1341/832/111 1342/833/111 1343/834/111
f 1341/832/111 1343/834/111 1344/835/111
f 1345/836/112 1346/837/112 1347/838/112
f 1345/836/112 1347/838/112 1348/839/112
f 1349/840/113 1350/841/113 1351/842/113
f 1349/840/113 1351/842/113 1352/843/113
f 1353/844/112 1354/845/112 1355/846/112
f 1353/844/112 1355/846/112 1356/847/112
f 1357/845/112 1358/836/112 1359/839/112
f 1357/845/112 1359/839/112 1360/846/112
f 1361/848/113 1362/849/113 1363/850/113
f 1361/848/113 1363/850/113 1364/851/113
f 1365/849/113 1366/840/113 1367/843/113
f 1365/849/113 1367/843/113 1368/850/113
f 1369/852/148 1370/853/115 1371/854/149
f 1369/852/150 1371/854/151 1372/855/115
f 1373/856/152 1374/857/120 1375/858/153
f 1373/856/154 1375/858/174 1376/859/120
f 1377/860/156 1378/861/125 1379/862/157
f 1377/860/158 1379/862/159 1380/863/125
f 1381/864/160 1382/865/130 1383/866/161
f 1381/864/162 1383/866/163 1384/867/130
f 1385/868/164 1386/852/135 1387/855/165
f 1385/868/166 1387/855/167 1388/869/135
f 1389/861/139 1390/868/139 1391/869/139
f 1389/861/139 1391/869/139 1392/862/139
f 1393/870/168 1394/871/141 1395/872/169
f 1393/870/170 1395/872/171 1396/873/141
f 1397/865/145 1398/870/145 1399/873/145
f 1397/865/145 1399/873/145 1400/866/145
f 1401/874/175 1402/875/175 1403/876/175
f 1401/874/175 1403/876/175 1404/877/175
f 1405/878/176 1406/626/177 1407/629/178
f 1405/878/179 1407/629/180 1408/879/181
f 1409/880/175 1410/881/175 1411/882/175
f 1409/880/175 1411/882/175 1412/883/175
f 1413/884/176 1414/658/177 1415/661/178
f 1413/884/179 1415/661/180 1416/885/181
f 1417/886/175 1418/887/175 1419/888/175
f 1417/886/175 1419/888/175 1420/889/175
f 1421/890/176 1422/690/177 1423/693/178
f 1421/890/179 1423/693/180 1424/891/181
f 1425/892/175 1426/893/175 1427/894/175
f 1425/892/175 1427/894/175 1428/895/175
f 1429/896/182 1430/772/181 1431/775/183
f 1429/896/184 1431/775/185 1432/897/181
f 1433/898/182 1434/818/181 1435/821/186
f 1433/898/184 1435/821/187 1436/899/181
f 1437/900/175 1438/901/175 1439/902/175
f 1437/900/175 1439/902/175 1440/903/175
f 1441/904/175 1442/905/175 1443/906/175
f 1441/904/175 1443/906/175 1444/907/175
f 1445/908/182 1446/864/181 1447/867/186
f 1445/908/184 1447/867/185 1448/909/181
f 1449/910/188 1450/828/188 1451/831/188
f 1449/910/188 1451/831/188 1452/911/188
f 1453/905/189 1454/912/189 1455/913/189
f 1453/905/189 1455/913/189 1456/906/189
f 1457/901/189 1458/914/189 1459/915/189
f 1457/901/189 1459/915/189 1460/902/189
f 1461/916/188 1462/782/188 1463/785/188
f 1461/916/188 1463/785/188 1464/917/188
f 1465/918/188 1466/736/188 1467/739/188
f 1465/918/188 1467/739/188 1468/919/188
f 1469/893/189 1470/920/189 1471/921/189
f 1469/893/189 1471/921/189 1472/894/189
f 1473/922/188 1474/662/188 1475/665/188
f 1473/922/188 1475/665/188 1476/923/188
f 1477/887/189 1478/924/189 1479/925/189
f 1477/887/189 1479/925/189 1480/888/189
f 1481/926/188 1482/630/188 1483/633/188
f 1481/926/188 1483/633/188 1484/927/188
f 1485/881/189 1486/928/189 1487/929/189
f 1485/881/189 1487/929/189 1488/882/189
f 1489/930/188 1490/598/188 1491/601/188
f 1489/930/188 1491/601/188 1492/931/188
f 1493/875/189 1494/932/189 1495/933/189
f 1493/875/189 1495/933/189 1496/876/189
f 1497/934/190 1498/602/190 1499/605/190
f 1497/934/190 1499/605/190 1500/935/190
f 1501/936/190 1502/634/190 1503/637/190
f 1501/936/190 1503/637/190 1504/937/190
f 1505/938/190 1506/666/190 1507/669/190
f 1505/938/190 1507/669/190 1508/939/190
f 1509/940/190 1510/740/190 1511/743/190
f 1509/940/190 1511/743/190 1512/941/190
f 1513/942/190 1514/786/190 1515/789/190
f 1513/942/190 1515/789/190 1516/943/190
f 1517/944/190 1518/832/190 1519/835/190
f 1517/944/190 1519/835/190 1520/945/190
f 1521/946/111 1522/947/111 1523/948/111
f 1521/946/111 1523/948/111 1524/949/111
f 1525/950/191 1526/622/192 1527/625/193
f 1525/950/194 1527/625/195 1528/951/120
f 1529/952/111 1530/953/111 1531/954/111
f 1529/952/111 1531/954/111 1532/955/111
f 1533/956/191 1534/654/196 1535/657/193
f 1533/956/194 1535/657/195 1536/957/120
f 1537/958/111 1538/959/111 1539/960/111
f 1537/958/111 1539/960/111 1540/961/111
f 1541/962/191 1542/686/196 1543/689/193
f 1541/962/194 1543/689/195 1544/963/120
f 1545/964/111 1546/965/111 1547/966/111
f 1545/964/111 1547/966/111 1548/967/111
f 1549/968/197 1550/768/192 1551/771/198
f 1549/968/199 1551/771/200 1552/969/120
f 1553/970/111 1554/971/111 1555/972/111
f 1553/970/111 1555/972/111 1556/973/111
f 1557/974/197 1558/814/192 1559/817/198
f 1557/974/199 1559/817/200 1560/975/120
f 1561/976/111 1562/977/111 1563/978/111
f 1561/976/111 1563/978/111 1564/979/111
f 1565/980/197 1566/860/192 1567/863/198
f 1565/980/199 1567/863/200 1568/981/120
f 1569/977/201 1570/982/201 1571/983/201
f 1569/977/201 1571/983/201 1572/978/201
f 1573/971/201 1574/984/201 1575/985/201
f 1573/971/201 1575/985/201 1576/972/201
f 1577/965/201 1578/986/201 1579/987/201
f 1577/965/201 1579/987/201 1580/966/201
f 1581/959/201 1582/988/201 1583/989/201
f 1581/959/201 1583/989/201 1584/960/201
f 1585/953/201 1586/990/201 1587/991/201
f 1585/953/201 1587/991/201 1588/954/201
f 1589/947/201 1590/992/201 1591/993/201
f 1589/947/201 1591/993/201 1592/948/201
f 1593/994/42 1594/995/42 1595/995/42
f 1593/994/42 1595/995/42 1596/994/42
f 1597/996/36 1598/997/36 1599/998/36
f 1597/996/36 1599/998/36 1600/999/36
f 1601/1000/38 1602/1001/38 1603/1001/38
f 1601/1000/38 1603/1001/38 1604/1000/38
f 1605/362/37 1606/1002/37 1607/1002/37
f 1605/362/37 1607/1002/37 1608/362/37
f 1609/1002/42 1610/1003/42 1611/1003/42
f 1609/1002/42 1611/1003/42 1612/1002/42
f 1613/1004/37 1614/490/37 1615/490/37
f 1613/1004/37 1615/490/37 1616/1004/37
f 1617/1005/35 1618/1006/35 1619/1006/35
f 1617/1005/35 1619/1006/35 1620/1005/35
f 1621/1001/38 1622/1007/38 1623/1007/38
f 1621/1001/38 1623/1007/38 1624/1001/38
f 1625/545/36 1626/1008/36 1627/1008/36
f 1625/545/36 1627/1008/36 1628/545/36
f 1629/1009/37 1630/1010/37 1631/1010/37
f 1629/1009/37 1631/1010/37 1632/1009/37
f 1633/1011/35 1634/1012/35 1635/1012/35
f 1633/1011/35 1635/1012/35 1636/1011/35
f 1637/1013/42 1638/1014/42 1639/1014/42
f 1637/1013/42 1639/1014/42 1640/1013/42
f 1641/431/38 1642/498/38 1643/499/38
f 1641/431/38 1643/499/38 1644/432/38
f 1645/1015/36 1646/1016/36 1647/1017/36
f 1645/1015/36 1647/1017/36 1648/1018/36
f 1649/1019/36 1650/1020/36 1651/1020/36
f 1649/1019/36 1651/1020/36 1652/1019/36
f 1653/1013/42 1654/1014/42 1655/1014/42
f 1653/1013/42 1655/1014/42 1656/1013/42
f 1657/1015/36 1658/1016/36 1659/1017/36
f 1657/1015/36 1659/1017/36 1660/1018/36
f 1661/493/37 1662/493/37 1663/493/37
f 1661/493/37 1663/493/37 1664/493/37
f 1665/430/38 1666/431/38 1667/432/38
f 1665/430/38 1667/432/38 1668/433/38
f 1669/383/37 1670/384/37 1671/384/37
f 1669/383/37 1671/384/37 1672/383/37
f 1673/384/42 1674/569/42 1675/572/42
f 1673/384/42 1675/572/42 1676/384/42
f 1677/387/37 1678/388/37 1679/388/37
f 1677/387/37 1679/388/37 1680/387/37
f 1681/578/35 1682/579/35 1683/579/35
f 1681/578/35 1683/579/35 1684/580/35
f 1685/431/38 1686/498/38 1687/499/38
f 1685/431/38 1687/499/38 1688/432/38
f 1689/1021/35 1690/310/35 1691/310/35
f 1689/1021/35 1691/310/35 1692/1021/35
f 1693/1022/37 1694/1022/37 1695/1022/37
f 1693/1022/37 1695/1022/37 1696/1022/37
f 1697/1003/42 1698/1023/42 1699/1023/42
f 1697/1003/42 1699/1023/42 1700/1003/42
f 1701/1007/38 1702/1004/38 1703/1004/38
f 1701/1007/38 1703/1004/38 1704/1007/38
f 1705/1024/38 1706/1025/38 1707/1026/38
f 1705/1024/38 1707/1026/38 1708/1027/38
f 1709/1028/42 1710/1029/42 1711/1030/42
f 1709/1028/42 1711/1030/42 1712/1031/42
f 1713/1032/42 1714/1033/42 1715/1033/42
f 1713/1032/42 1715/1033/42 1716/1032/42
f 1717/1034/38 1718/1035/38 1719/1035/38
f 1717/1034/38 1719/1035/38 1720/1034/38
f 1721/1036/36 1722/1037/36 1723/1037/36
f 1721/1036/36 1723/1037/36 1724/1036/36
f 1725/1038/36 1726/1034/36 1727/1034/36
f 1725/1038/36 1727/1034/36 1728/1039/36
f 1729/1040/37 1730/501/37 1731/501/37
f 1729/1040/37 1731/501/37 1732/1040/37
f 1733/1041/42 1734/1042/42 1735/1042/42
f 1733/1041/42 1735/1042/42 1736/1041/42
f 1737/500/37 1738/1043/37 1739/1043/37
f 1737/500/37 1739/1043/37 1740/500/37
f 1741/425/37 1742/425/37 1743/425/37
f 1741/425/37 1743/425/37 1744/425/37
f 1745/569/42 1746/570/42 1747/571/42
f 1745/569/42 1747/571/42 1748/572/42
f 1749/498/38 1750/387/38 1751/387/38
f 1749/498/38 1751/387/38 1752/499/38
f 1753/317/35 1754/318/35 1755/318/35
f 1753/317/35 1755/318/35 1756/317/35
f 1757/1043/42 1758/1044/42 1759/1044/42
f 1757/1043/42 1759/1044/42 1760/1043/42
f 1761/1035/38 1762/1045/38 1763/1045/38
f 1761/1035/38 1763/1045/38 1764/1035/38
f 1765/1046/37 1766/1046/37 1767/1046/37
f 1765/1046/37 1767/1046/37 1768/1046/37
f 1769/417/38 1770/402/38 1771/402/38
f 1769/417/38 1771/402/38 1772/417/38
f 1773/1047/51 1774/1048/51 1775/581/51
f 1773/1047/51 1775/581/51 1776/406/51
f 1777/490/36 1778/490/36 1779/490/36
f 1777/490/36 1779/490/36 1780/490/36
f 1781/503/35 1782/1049/35 1783/1049/35
f 1781/503/35 1783/1049/35 1784/503/35
f 1785/1050/37 1786/1051/37 1787/1051/37
f 1785/1050/37 1787/1051/37 1788/1050/37
f 1789/1052/73 1790/1053/73 1791/1054/73
f 1789/1052/73 1791/1054/73 1792/410/73
f 1793/1055/53 1794/1056/53 1795/409/53
f 1793/1055/53 1795/409/53 1796/417/53
f 1797/1057/53 1798/1055/53 1799/417/53
f 1797/1057/53 1799/417/53 1800/402/53
f 1801/1058/52 1802/1059/52 1803/405/52
f 1801/1058/52 1803/405/52 1804/415/52
f 1805/1060/52 1806/1058/52 1807/415/52
f 1805/1060/52 1807/415/52 1808/398/52
f 1809/1056/53 1810/1052/53 1811/410/53
f 1809/1056/53 1811/410/53 1812/409/53
f 1813/1059/52 1814/1047/52 1815/406/52
f 1813/1059/52 1815/406/52 1816/405/52
f 1817/1061/51 1818/1057/51 1819/402/51
f 1817/1061/51 1819/402/51 1820/401/51
f 1821/1062/50 1822/1060/50 1823/398/50
f 1821/1062/50 1823/398/50 1824/397/50
f 1825/1063/37 1826/1064/37 1827/1064/37
f 1825/1063/37 1827/1064/37 1828/1063/37
f 1829/410/38 1830/409/38 1831/409/38
f 1829/410/38 1831/409/38 1832/410/38
f 1833/1065/36 1834/1066/36 1835/1066/36
f 1833/1065/36 1835/1066/36 1836/1065/36
f 1837/402/37 1838/401/37 1839/401/37
f 1837/402/37 1839/401/37 1840/402/37
f 1841/406/42 1842/405/42 1843/405/42
f 1841/406/42 1843/405/42 1844/406/42
f 1845/1029/42 1846/1032/42 1847/1032/42
f 1845/1029/42 1847/1032/42 1848/1030/42
f 1849/581/37 1850/406/37 1851/406/37
f 1849/581/37 1851/406/37 1852/581/37
f 1853/398/35 1854/397/35 1855/397/35
f 1853/398/35 1855/397/35 1856/398/35
f 1857/1067/37 1858/1067/37 1859/1067/37
f 1857/1067/37 1859/1067/37 1860/1067/37
f 1861/1045/38 1862/1040/38 1863/1040/38
f 1861/1045/38 1863/1040/38 1864/1045/38
f 1865/1068/37 1866/1069/37 1867/1070/37
f 1865/1068/37 1867/1070/37 1868/1068/37
f 1869/493/37 1870/493/37 1871/493/37
f 1869/493/37 1871/493/37 1872/493/37
f 1873/414/42 1874/413/42 1875/413/42
f 1873/414/42 1875/413/42 1876/414/42
f 1877/1071/36 1878/1036/36 1879/1036/36
f 1877/1071/36 1879/1036/36 1880/1071/36
f 1881/490/36 1882/490/36 1883/490/36
f 1881/490/36 1883/490/36 1884/490/36
f 1885/1072/35 1886/1073/35 1887/1073/35
f 1885/1072/35 1887/1073/35 1888/1072/35
f 1889/1066/38 1890/1024/38 1891/1027/38
f 1889/1066/38 1891/1027/38 1892/1066/38
f 1893/1025/38 1894/1068/38 1895/1068/38
f 1893/1025/38 1895/1068/38 1896/1026/38
f 1897/409/38 1898/417/38 1899/417/38
f 1897/409/38 1899/417/38 1900/409/38
f 1901/427/36 1902/426/36 1903/426/36
f 1901/427/36 1903/426/36 1904/427/36
f 1905/1051/37 1906/1051/37 1907/1051/37
f 1905/1051/37 1907/1051/37 1908/1051/37
f 1909/405/42 1910/415/42 1911/415/42
f 1909/405/42 1911/415/42 1912/405/42
f 1913/425/37 1914/1050/37 1915/1050/37
f 1913/425/37 1915/1050/37 1916/425/37
f 1917/1074/37 1918/1028/37 1919/1031/37
f 1917/1074/37 1919/1031/37 1920/1075/37
f 1921/1033/35 1922/1076/35 1923/1076/35
f 1921/1033/35 1923/1076/35 1924/1033/35
f 1925/1004/37 1926/490/37 1927/490/37
f 1925/1004/37 1927/490/37 1928/1004/37
f 1929/362/37 1930/1002/37 1931/1002/37
f 1929/362/37 1931/1002/37 1932/362/37
f 1933/1005/35 1934/1006/35 1935/1006/35
f 1933/1005/35 1935/1006/35 1936/1005/35
f 1937/1001/38 1938/1007/38 1939/1007/38
f 1937/1001/38 1939/1007/38 1940/1001/38
f 1941/1007/38 1942/1004/38 1943/1004/38
f 1941/1007/38 1943/1004/38 1944/1007/38
f 1945/1003/42 1946/1023/42 1947/1023/42
f 1945/1003/42 1947/1023/42 1948/1003/42
f 1949/597/36 1950/1077/36 1951/1077/36
f 1949/597/36 1951/1077/36 1952/597/36
f 1953/994/42 1954/995/42 1955/995/42
f 1953/994/42 1955/995/42 1956/994/42
f 1957/1000/38 1958/1001/38 1959/1001/38
f 1957/1000/38 1959/1001/38 1960/1000/38
f 1961/1078/37 1962/1009/37 1963/1009/37
f 1961/1078/37 1963/1009/37 1964/1009/37
f 1965/1050/37 1966/1022/37 1967/1022/37
f 1965/1050/37 1967/1022/37 1968/1022/37
f 1969/362/35 1970/362/35 1971/362/35
f 1969/362/35 1971/362/35 1972/362/35
f 1973/1002/42 1974/1003/42 1975/1003/42
f 1973/1002/42 1975/1003/42 1976/1002/42
f 1977/996/36 1978/997/36 1979/997/36
f 1977/996/36 1979/997/36 1980/996/36
f 1981/1079/40 1982/1080/40 1983/1081/40
f 1981/1079/40 1983/1081/40 1984/1082/40
f 1985/1058/42 1986/1060/42 1987/1060/42
f 1985/1058/42 1987/1060/42 1988/1058/42
f 1989/1063/37 1990/1063/37 1991/1063/37
f 1989/1063/37 1991/1063/37 1992/1063/37
f 1993/1082/40 1994/1081/40 1995/1083/40
f 1993/1082/40 1995/1083/40 1996/1084/40
f 1997/1056/38 1998/1055/38 1999/1055/38
f 1997/1056/38 1999/1055/38 2000/1056/38
f 2001/1059/42 2002/1058/42 2003/1058/42
f 2001/1059/42 2003/1058/42 2004/1059/42
f 2005/1085/36 2006/1086/36 2007/1086/36
f 2005/1085/36 2007/1086/36 2008/1085/36
f 2009/1053/36 2010/1052/36 2011/1052/36
f 2009/1053/36 2011/1052/36 2012/1053/36
f 2013/1087/35 2014/1088/35 2015/1088/35
f 2013/1087/35 2015/1088/35 2016/1087/35
f 2017/500/35 2018/500/35 2019/500/35
f 2017/500/35 2019/500/35 2020/500/35
f 2021/1089/40 2022/1090/40 2023/1091/40
f 2021/1089/40 2023/1091/40 2024/1092/40
f 2025/1093/36 2026/1094/36 2027/1094/36
f 2025/1093/36 2027/1094/36 2028/1093/36
f 2029/1095/42 2030/1032/42 2031/1032/42
f 2029/1095/42 2031/1032/42 2032/1030/42
f 2033/1026/38 2034/1068/38 2035/1068/38
f 2033/1026/38 2035/1068/38 2036/1026/38
f 2037/1051/37 2038/1051/37 2039/1051/37
f 2037/1051/37 2039/1051/37 2040/1051/37
f 2041/362/35 2042/362/35 2043/362/35
f 2041/362/35 2043/362/35 2044/362/35
f 2045/1060/35 2046/1062/35 2047/1062/35
f 2045/1060/35 2047/1062/35 2048/1060/35
f 2049/1057/37 2050/1061/37 2051/1061/37
f 2049/1057/37 2051/1061/37 2052/1057/37
f 2053/1088/35 2054/1096/35 2055/1096/35
f 2053/1088/35 2055/1096/35 2056/1088/35
f 2057/1051/37 2058/1051/37 2059/1051/37
f 2057/1051/37 2059/1051/37 2060/1051/37
f 2061/1052/38 2062/1056/38 2063/1056/38
f 2061/1052/38 2063/1056/38 2064/1052/38
f 2065/1092/40 2066/1091/40 2067/1097/40
f 2065/1092/40 2067/1097/40 2068/1098/40
f 2069/1055/38 2070/1057/38 2071/1057/38
f 2069/1055/38 2071/1057/38 2072/1055/38
f 2073/1099/36 2074/520/36 2075/520/36
f 2073/1099/36 2075/520/36 2076/1099/36
f 2077/1047/42 2078/1059/42 2079/1059/42
f 2077/1047/42 2079/1059/42 2080/1047/42
f 2081/1048/37 2082/1047/37 2083/1047/37
f 2081/1048/37 2083/1047/37 2084/1048/37
f 2085/430/38 2086/431/38 2087/431/38
f 2085/430/38 2087/431/38 2088/433/38
f 2089/425/37 2090/425/37 2091/425/37
f 2089/425/37 2091/425/37 2092/425/37
f 2093/490/36 2094/490/36 2095/490/36
f 2093/490/36 2095/490/36 2096/490/36
f 2097/384/42 2098/569/42 2099/569/42
f 2097/384/42 2099/569/42 2100/384/42
f 2101/1015/36 2102/1016/36 2103/1017/36
f 2101/1015/36 2103/1017/36 2104/1018/36
f 2105/387/37 2106/388/37 2107/388/37
f 2105/387/37 2107/388/37 2108/387/37
f 2109/383/37 2110/384/37 2111/384/37
f 2109/383/37 2111/384/37 2112/383/37
f 2113/578/35 2114/579/35 2115/579/35
f 2113/578/35 2115/579/35 2116/580/35
f 2117/431/38 2118/498/38 2119/498/38
f 2117/431/38 2119/498/38 2120/431/38
f 2121/498/38 2122/387/38 2123/387/38
f 2121/498/38 2123/387/38 2124/498/38
f 2125/1100/36 2126/1101/36 2127/1102/36
f 2125/1100/36 2127/1102/36 2128/1100/36
f 2129/569/42 2130/570/42 2131/571/42
f 2129/569/42 2131/571/42 2132/569/42
f 2133/500/35 2134/1103/35 2135/1103/35
f 2133/500/35 2135/1103/35 2136/500/35
f 2137/1013/42 2138/1014/42 2139/1014/42
f 2137/1013/42 2139/1014/42 2140/1013/42
f 2141/1031/42 2029/1095/42 2032/1030/42
f 2141/1031/42 2032/1030/42 2142/1031/42
f 2143/1027/38 2144/1026/38 2145/1026/38
f 2143/1027/38 2145/1026/38 2146/1027/38
f 2147/1033/35 2148/1076/35 2149/1104/35
f 2147/1033/35 2149/1104/35 2150/1033/35
f 2151/1068/37 2152/1069/37 2153/1070/37
f 2151/1068/37 2153/1070/37 2154/1068/37
f 2155/1066/38 2156/1027/38 2157/1027/38
f 2155/1066/38 2157/1027/38 2158/1066/38
f 2159/1074/37 2160/1031/37 2161/1031/37
f 2159/1074/37 2161/1031/37 2162/1075/37
f 2163/1105/36 2164/1066/36 2165/1066/36
f 2163/1105/36 2165/1066/36 2166/1105/36
f 2167/1032/42 2168/1033/42 2169/1033/42
f 2167/1032/42 2169/1033/42 2170/1032/42
f 2171/1049/109 2172/596/109 2173/596/109
f 2171/1049/109 2173/596/109 2174/1049/109
f 2175/1067/37 2176/1106/37 2177/1106/37
f 2175/1067/37 2177/1106/37 2178/1067/37
f 2179/1042/35 2180/1107/35 2181/1108/35
f 2179/1042/35 2181/1108/35 2182/1042/35
f 2183/1109/37 2184/1110/37 2185/1110/37
f 2183/1109/37 2185/1110/37 2186/1109/37
f 2187/501/36 2188/501/36 2189/501/36
f 2187/501/36 2189/501/36 2190/501/36
f 2191/1044/42 2192/1041/42 2193/1041/42
f 2191/1044/42 2193/1041/42 2194/1044/42
f 2195/1111/37 2196/1063/37 2197/1063/37
f 2195/1111/37 2197/1063/37 2198/1111/37
f 2199/1112/51 2200/1113/51 2201/1057/51
f 2199/1112/51 2201/1057/51 2202/1061/51
f 2203/1114/52 2204/1115/52 2205/1047/52
f 2203/1114/52 2205/1047/52 2206/1059/52
f 2207/1113/53 2208/1116/53 2209/1055/53
f 2207/1113/53 2209/1055/53 2210/1057/53
f 2211/1117/73 2212/1118/73 2213/1053/73
f 2211/1117/73 2213/1053/73 2214/1052/73
f 2215/1115/51 2216/1119/51 2217/1048/51
f 2215/1115/51 2217/1048/51 2218/1047/51
f 2219/490/36 2220/490/36 2221/490/36
f 2219/490/36 2221/490/36 2222/490/36
f 2223/1120/52 2224/1121/52 2225/1059/52
f 2223/1120/52 2225/1059/52 2226/1058/52
f 2227/1122/52 2228/1123/52 2229/1058/52
f 2227/1122/52 2229/1058/52 2230/1060/52
f 2231/1124/50 2232/1122/50 2233/1060/50
f 2231/1124/50 2233/1060/50 2234/1062/50
f 2235/1125/53 2236/1117/53 2237/1052/53
f 2235/1125/53 2237/1052/53 2238/1056/53
f 2239/1126/53 2240/1127/53 2241/1056/53
f 2239/1126/53 2241/1056/53 2242/1055/53
f 2243/1051/37 2244/1128/37 2245/1128/37
f 2243/1051/37 2245/1128/37 2246/1051/37
f 2247/1129/40 2248/1130/40 2249/1131/40
f 2247/1129/40 2249/1131/40 2250/1132/40
f 2251/1133/110 2252/1134/110 2253/1135/110
f 2251/1133/110 2253/1135/110 2254/1136/110
f 2255/1137/111 2256/1138/111 2257/1138/111
f 2255/1137/111 2257/1138/111 2258/1139/111
f 2259/1003/112 2260/1002/112 2261/1002/112
f 2259/1003/112 2261/1002/112 2262/1003/112
f 2263/1140/113 2264/1000/113 2265/1000/113
f 2263/1140/113 2265/1000/113 2266/1140/113
f 2267/1141/112 2268/994/112 2269/994/112
f 2267/1141/112 2269/994/112 2270/1141/112
f 2271/1142/112 2272/1003/112 2273/1003/112
f 2271/1142/112 2273/1003/112 2274/1143/112
f 2275/1004/113 2276/1144/113 2277/1007/113
f 2275/1004/113 2277/1007/113 2278/1004/113
f 2279/1144/113 2280/1140/113 2281/1140/113
f 2279/1144/113 2281/1140/113 2282/1007/113
f 2283/1145/175 2284/1146/175 2285/1147/175
f 2283/1145/175 2285/1147/175 2286/1148/175
f 2287/1149/201 2288/1149/201 2289/1150/201
f 2287/1149/201 2289/1150/201 2290/1150/201
f 2291/1137/190 2292/1137/190 2293/1139/190
f 2291/1137/190 2293/1139/190 2294/1139/190
f 2295/1146/189 2296/1151/189 2297/1147/189
f 2295/1146/189 2297/1147/189 2298/1147/189
f 2299/1152/111 2300/1149/111 2301/1150/111
f 2299/1152/111 2301/1150/111 2302/1152/111
f 2303/1133/188 2304/1133/188 2305/1136/188
f 2303/1133/188 2305/1136/188 2306/1136/188
f 2307/1153/202 2308/1154/115 2309/1155/203
f 2307/1153/204 2309/1155/205 2310/1156/206
f 2311/1157/207 2312/1158/120 2313/1159/208
f 2311/1157/209 2313/1159/210 2314/1160/120
f 2315/1161/211 2316/1162/125 2317/1163/212
f 2315/1161/213 2317/1163/214 2318/1164/125
f 2319/1165/215 2320/1166/130 2321/1166/216
f 2319/1165/217 2321/1166/218 2322/1167/130
f 2323/1168/219 2324/1169/135 2325/1170/220
f 2323/1168/221 2325/1170/222 2326/1168/135
f 2327/1162/139 2328/1171/139 2329/1171/139
f 2327/1162/139 2329/1171/139 2330/1163/139
f 2331/1172/223 2332/1157/224 2333/1160/225
f 2331/1172/226 2333/1160/227 2334/1173/141
f 2335/1166/145 2336/1172/145 2337/1173/145
f 2335/1166/145 2337/1173/145 2338/1166/145
f 2339/1174/228 2340/1175/177 2341/1176/229
f 2339/1174/230 2341/1176/231 2342/1177/181
f 2343/1178/232 2344/1161/192 2345/1164/233
f 2343/1178/234 2345/1164/235 2346/1179/120
f 2347/1133/110 2348/1134/110 2349/1135/110
f 2347/1133/110 2349/1135/110 2350/1136/110
f 2351/1137/111 2352/1138/111 2353/1138/111
f 2351/1137/111 2353/1138/111 2354/1139/111
f 2355/1003/112 2356/1002/112 2357/1002/112
f 2355/1003/112 2357/1002/112 2358/1003/112
f 2359/1140/113 2360/1000/113 2361/1000/113
f 2359/1140/113 2361/1000/113 2362/1140/113
f 2363/1141/112 2364/994/112 2365/994/112
f 2363/1141/112 2365/994/112 2366/1141/112
f 2367/1142/112 2368/1003/112 2369/1003/112
f 2367/1142/112 2369/1003/112 2370/1143/112
f 2371/1004/113 2372/1144/113 2373/1007/113
f 2371/1004/113 2373/1007/113 2374/1004/113
f 2375/1144/113 2376/1140/113 2377/1140/113
f 2375/1144/113 2377/1140/113 2378/1007/113
f 2379/1137/190 2380/1137/190 2381/1139/190
f 2379/1137/190 2381/1139/190 2382/1139/190
f 2383/1145/175 2384/1146/175 2385/1147/175
f 2383/1145/175 2385/1147/175 2386/1148/175
f 2387/1146/189 2388/1151/189 2389/1147/189
f 2387/1146/189 2389/1147/189 2390/1147/189
f 2391/1149/201 2392/1149/201 2393/1150/201
f 2391/1149/201 2393/1150/201 2394/1150/201
f 2395/1152/111 2396/1149/111 2397/1150/111
f 2395/1152/111 2397/1150/111 2398/1152/111
f 2399/1133/188 2400/1133/188 2401/1136/188
f 2399/1133/188 2401/1136/188 2402/1136/188
f 2403/1153/202 2404/1154/115 2405/1180/203
f 2403/1153/236 2405/1180/205 2406/1181/206
f 2407/1182/237 2408/1183/120 2409/1184/238
f 2407/1182/209 2409/1184/210 2410/1185/120
f 2411/1186/239 2412/1163/125 2413/1162/240
f 2411/1186/213 2413/1162/241 2414/1187/125
f 2415/1188/215 2416/1166/130 2417/1166/242
f 2415/1188/217 2417/1166/218 2418/1189/130
f 2419/1168/219 2420/1169/135 2421/1190/220
f 2419/1168/221 2421/1190/243 2422/1168/135
f 2423/1163/139 2424/1171/139 2425/1191/139
f 2423/1163/139 2425/1191/139 2426/1162/139
f 2427/1173/244 2428/1182/224 2429/1185/225
f 2427/1173/226 2429/1185/227 2430/1173/141
f 2431/1166/145 2432/1173/145 2433/1173/145
f 2431/1166/145 2433/1173/145 2434/1166/145
f 2435/1192/228 2436/1193/177 2437/1194/245
f 2435/1192/230 2437/1194/231 2438/1195/181
f 2439/1196/189 2440/1196/189 2441/1197/189
f 2439/1196/189 2441/1197/189 2442/1197/189
f 2443/1198/232 2444/1186/120 2445/1187/233
f 2443/1198/246 2445/1187/235 2446/1199/120
f 2447/1200/190 2448/1201/190 2449/1202/190
f 2447/1200/190 2449/1202/190 2450/1202/190
f 2451/1203/111 2452/1204/111 2453/1205/111
f 2451/1203/111 2453/1205/111 2454/1206/111
f 2455/1207/202 2456/1208/115 2457/1209/203
f 2455/1207/236 2457/1209/205 2458/1181/206
f 2459/1210/175 2460/1196/175 2461/1197/175
f 2459/1210/175 2461/1197/175 2462/1211/175
f 2463/1212/113 2464/1213/113 2465/1214/113
f 2463/1212/113 2465/1214/113 2466/1045/113
f 2467/1040/113 2468/1212/113 2469/1045/113
f 2467/1040/113 2469/1045/113 2470/1040/113
f 2471/1215/112 2472/1216/112 2473/1044/112
f 2471/1215/112 2473/1044/112 2474/1215/112
f 2475/1217/112 2476/1215/112 2477/1215/112
f 2475/1217/112 2477/1215/112 2478/1217/112
f 2479/1213/113 2480/1218/113 2481/1034/113
f 2479/1213/113 2481/1034/113 2482/1214/113
f 2483/1216/112 2484/1219/112 2485/1043/112
f 2483/1216/112 2485/1043/112 2486/1044/112
f 2487/1201/111 2488/1220/111 2489/1220/111
f 2487/1201/111 2489/1220/111 2490/1202/111
f 2491/1221/110 2492/1222/110 2493/1222/110
f 2491/1221/110 2493/1222/110 2494/1223/110
f 2495/1224/145 2496/1225/145 2497/1226/145
f 2495/1224/145 2497/1226/145 2498/1227/145
f 2499/1228/247 2500/1224/130 2501/1227/248
f 2499/1228/249 2501/1227/250 2502/1229/130
f 2503/1221/188 2504/1221/188 2505/1223/188
f 2503/1221/188 2505/1223/188 2506/1223/188
f 2507/1204/201 2508/1230/201 2509/1205/201
f 2507/1204/201 2509/1205/201 2510/1205/201
f 2511/1231/251 2512/1232/115 2513/1233/252
f 2511/1231/253 2513/1233/254 2514/1234/255
f 2515/1235/256 2516/1231/135 2517/1234/257
f 2515/1235/258 2517/1234/259 2518/1236/135
f 2519/1237/139 2520/1235/139 2521/1236/139
f 2519/1237/139 2521/1236/139 2522/1237/139
f 2523/1178/232 2524/1238/120 2525/1239/233
f 2523/1178/246 2525/1239/235 2526/1240/120
f 2527/1241/260 2528/1242/120 2529/1243/261
f 2527/1241/262 2529/1243/263 2530/1244/120
f 2531/1245/264 2532/1228/177 2533/1229/265
f 2531/1245/266 2533/1229/267 2534/1246/181
f 2535/1225/268 2536/1247/141 2537/1248/269
f 2535/1225/270 2537/1248/271 2538/1226/141
f 2539/1242/272 2540/1237/125 2541/1237/273
f 2539/1242/274 2541/1237/275 2542/1243/125
f 2543/1247/276 2544/1249/120 2545/1250/277
f 2543/1247/278 2545/1250/279 2546/1248/192
f 2547/1192/228 2548/1251/181 2549/1194/245
f 2547/1192/230 2549/1194/231 2550/1252/181
f 2551/1166/145 2552/1253/145 2553/1253/145
f 2551/1166/145 2553/1253/145 2554/1254/145
f 2555/1253/244 2556/1255/224 2557/1256/280
f 2555/1253/226 2557/1256/281 2558/1253/141
f 2559/1162/139 2560/1257/139 2561/1191/139
f 2559/1162/139 2561/1191/139 2562/1162/139
f 2563/1168/219 2564/1258/135 2565/1259/220
f 2563/1168/221 2565/1259/282 2566/1168/135
f 2567/1165/215 2568/1166/130 2569/1254/216
f 2567/1165/283 2569/1254/284 2570/1260/130
f 2571/1238/239 2572/1162/125 2573/1162/212
f 2571/1238/285 2573/1162/286 2574/1239/125
f 2575/1255/237 2576/1183/120 2577/1261/238
f 2575/1255/209 2577/1261/210 2578/1256/120
f 2579/1133/110 2580/1134/110 2581/1135/110
f 2579/1133/110 2581/1135/110 2582/1136/110
f 2583/1137/111 2584/1138/111 2585/1138/111
f 2583/1137/111 2585/1138/111 2586/1139/111
f 2587/1003/112 2588/1002/112 2589/1002/112
f 2587/1003/112 2589/1002/112 2590/1003/112
f 2591/1140/113 2592/1000/113 2593/1000/113
f 2591/1140/113 2593/1000/113 2594/1140/113
f 2595/1141/112 2596/994/112 2597/994/112
f 2595/1141/112 2597/994/112 2598/1141/112
f 2599/1142/112 2600/1003/112 2601/1003/112
f 2599/1142/112 2601/1003/112 2602/1143/112
f 2603/1004/113 2604/1144/113 2605/1007/113
f 2603/1004/113 2605/1007/113 2606/1004/113
f 2607/1144/113 2608/1140/113 2609/1140/113
f 2607/1144/113 2609/1140/113 2610/1007/113
f 2611/1145/175 2612/1146/175 2613/1147/175
f 2611/1145/175 2613/1147/175 2614/1148/175
f 2615/1152/111 2616/1149/111 2617/1150/111
f 2615/1152/111 2617/1150/111 2618/1152/111
f 2619/1133/188 2620/1133/188 2621/1136/188
f 2619/1133/188 2621/1136/188 2622/1136/188
f 2623/1262/145 2624/1263/145 2625/1225/145
f 2623/1262/145 2625/1225/145 2626/1262/145
f 2627/1264/247 2628/1262/130 2629/1262/248
f 2627/1264/287 2629/1262/250 2630/1229/130
f 2631/1265/288 2632/1266/115 2633/1267/252
f 2631/1265/253 2633/1267/254 2634/1268/115
f 2635/1236/289 2636/1265/135 2637/1268/257
f 2635/1236/258 2637/1268/259 2638/1236/135
f 2639/1237/139 2640/1236/139 2641/1236/139
f 2639/1237/139 2641/1236/139 2642/1237/139
f 2643/1269/260 2644/1242/120 2645/1243/261
f 2643/1269/262 2645/1243/263 2646/1270/120
f 2647/1271/264 2648/1264/181 2649/1229/265
f 2647/1271/290 2649/1229/267 2650/1246/181
f 2651/1263/268 2652/1272/141 2653/1248/269
f 2651/1263/270 2653/1248/271 2654/1225/141
f 2655/1242/291 2656/1237/125 2657/1237/273
f 2655/1242/292 2657/1237/275 2658/1243/293
f 2659/1272/276 2660/1273/120 2661/1274/277
f 2659/1272/278 2661/1274/294 2662/1248/192
f 2663/1137/190 2664/1137/190 2665/1139/190
f 2663/1137/190 2665/1139/190 2666/1139/190
f 2667/1146/189 2668/1151/189 2669/1147/189
f 2667/1146/189 2669/1147/189 2670/1147/189
f 2671/1149/201 2672/1149/201 2673/1150/201
f 2671/1149/201 2673/1150/201 2674/1150/201
f 2675/1201/111 2676/1220/111 2677/1220/111
f 2675/1201/111 2677/1220/111 2678/1202/111
f 2679/1275/112 2680/1043/112 2681/1043/112
f 2679/1275/112 2681/1043/112 2682/1044/112
f 2683/1040/113 2684/1276/113 2685/1045/113
f 2683/1040/113 2685/1045/113 2686/1040/113
f 2687/1277/188 2688/1221/188 2689/1223/188
f 2687/1277/188 2689/1223/188 2690/1223/188
f 2691/1200/190 2692/1201/190 2693/1202/190
f 2691/1200/190 2693/1202/190 2694/1202/190
f 2695/1210/175 2696/1278/175 2697/1197/175
f 2695/1210/175 2697/1197/175 2698/1211/175
f 2699/1206/111 2700/1204/111 2701/1205/111
f 2699/1206/111 2701/1205/111 2702/1206/111
f 2703/1215/112 2704/1275/112 2705/1044/112
f 2703/1215/112 2705/1044/112 2706/1215/112
f 2707/1217/112 2708/1215/112 2709/1215/112
f 2707/1217/112 2709/1215/112 2710/1217/112
f 2711/1221/110 2712/1222/110 2713/1222/110
f 2711/1221/110 2713/1222/110 2714/1223/110
f 2715/1204/201 2716/1230/201 2717/1205/201
f 2715/1204/201 2717/1205/201 2718/1205/201
f 2719/1214/113 2720/1218/113 2721/1034/113
f 2719/1214/113 2721/1034/113 2722/1214/113
f 2723/1276/113 2724/1214/113 2725/1214/113
f 2723/1276/113 2725/1214/113 2726/1045/113
f 2727/1278/189 2728/1278/189 2729/1197/189
f 2727/1278/189 2729/1197/189 2730/1197/189
f 2731/1279/295 2732/1280/296 2733/931/297
f 2731/1279/298 2733/931/299 2734/1281/296
f 2735/1282/300 2736/1283/301 2737/935/302
f 2735/1282/303 2737/935/304 2738/1284/301
f 2739/1285/305 2740/1286/306 2741/1287/307
f 2739/1285/308 2741/1287/309 2742/1288/306
f 2743/1289/310 2744/1290/311 2745/1291/312
f 2743/1289/313 2745/1291/314 2746/1292/311
f 2747/1293/295 2748/1294/296 2749/927/297
f 2747/1293/298 2749/927/299 2750/1295/296
f 2751/1296/300 2752/1297/301 2753/937/315
f 2751/1296/303 2753/937/304 2754/1298/301
f 2755/1299/305 2756/1300/306 2757/1301/307
f 2755/1299/316 2757/1301/309 2758/1302/306
f 2759/1303/310 2760/1304/311 2761/1305/312
f 2759/1303/313 2761/1305/314 2762/1306/311
f 2763/1307/295 2764/1308/296 2765/923/297
f 2763/1307/298 2765/923/299 2766/1309/296
f 2767/1310/300 2768/1311/301 2769/939/315
f 2767/1310/303 2769/939/304 2770/1312/301
f 2771/1313/305 2772/1314/306 2773/1315/307
f 2771/1313/316 2773/1315/309 2774/1316/306
f 2775/1317/310 2776/1318/311 2777/1319/312
f 2775/1317/313 2777/1319/314 2778/1320/311
f 2779/1321/317 2780/1322/318 2781/1323/319
f 2779/1321/320 2781/1323/321 2782/1324/318
f 2783/1286/139 2784/1321/139 2785/1324/139
f 2783/1286/139 2785/1324/139 2786/1287/139
f 2787/1325/322 2788/1326/323 2789/1327/324
f 2787/1325/325 2789/1327/326 2790/1328/323
f 2791/1290/145 2792/1325/145 2793/1328/145
f 2791/1290/145 2793/1328/145 2794/1291/145
f 2795/1329/317 2796/1330/318 2797/1331/319
f 2795/1329/320 2797/1331/321 2798/1332/318
f 2799/1300/139 2800/1329/139 2801/1332/139
f 2799/1300/139 2801/1332/139 2802/1301/139
f 2803/1333/322 2804/1334/323 2805/1335/324
f 2803/1333/325 2805/1335/326 2806/1336/323
f 2807/1304/145 2808/1333/145 2809/1336/145
f 2807/1304/145 2809/1336/145 2810/1305/145
f 2811/1337/317 2812/1338/318 2813/1339/319
f 2811/1337/320 2813/1339/321 2814/1340/318
f 2815/1314/139 2816/1337/139 2817/1340/139
f 2815/1314/139 2817/1340/139 2818/1315/139
f 2819/1341/322 2820/1342/323 2821/1343/324
f 2819/1341/325 2821/1343/326 2822/1344/323
f 2823/1318/145 2824/1341/145 2825/1344/145
f 2823/1318/145 2825/1344/145 2826/1319/145
f 2827/1345/327 2828/1346/328 2829/919/329
f 2827/1345/330 2829/919/331 2830/1347/332
f 2831/1348/333 2832/1349/334 2833/941/335
f 2831/1348/336 2833/941/337 2834/1350/334
f 2835/1351/338 2836/1352/339 2837/1353/340
f 2835/1351/341 2837/1353/342 2838/1354/343
f 2839/1355/344 2840/1356/345 2841/1357/346
f 2839/1355/347 2841/1357/348 2842/1358/349
f 2843/1359/350 2844/1360/351 2845/1361/352
f 2843/1359/353 2845/1361/354 2846/1362/351
f 2847/1352/139 2848/1359/139 2849/1362/139
f 2847/1352/139 2849/1362/139 2850/1353/139
f 2851/1363/355 2852/1364/356 2853/1365/357
f 2851/1363/358 2853/1365/359 2854/1366/356
f 2855/1356/145 2856/1363/145 2857/1366/145
f 2855/1356/145 2857/1366/145 2858/1357/145
f 2859/1367/327 2860/1368/360 2861/917/329
f 2859/1367/330 2861/917/331 2862/1369/332
f 2863/1370/333 2864/1371/334 2865/943/335
f 2863/1370/336 2865/943/337 2866/1372/361
f 2867/1373/338 2868/1374/339 2869/1375/340
f 2867/1373/341 2869/1375/342 2870/1376/343
f 2871/1377/344 2872/1378/345 2873/1379/346
f 2871/1377/347 2873/1379/348 2874/1380/349
f 2875/1381/350 2876/1382/351 2877/1383/352
f 2875/1381/353 2877/1383/354 2878/1384/351
f 2879/1374/139 2880/1381/139 2881/1384/139
f 2879/1374/139 2881/1384/139 2882/1375/139
f 2883/1385/355 2884/1386/356 2885/1387/357
f 2883/1385/358 2885/1387/359 2886/1388/356
f 2887/1378/145 2888/1385/145 2889/1388/145
f 2887/1378/145 2889/1388/145 2890/1379/145
f 2891/1389/327 2892/1390/328 2893/911/329
f 2891/1389/362 2893/911/331 2894/1391/332
f 2895/1392/333 2896/1393/334 2897/945/335
f 2895/1392/336 2897/945/337 2898/1394/361
f 2899/1395/338 2900/1396/339 2901/1397/340
f 2899/1395/341 2901/1397/342 2902/1398/343
f 2903/1399/344 2904/1400/345 2905/1401/346
f 2903/1399/347 2905/1401/348 2906/1402/349
f 2907/1403/350 2908/1404/351 2909/1405/352
f 2907/1403/353 2909/1405/354 2910/1406/351
f 2911/1396/139 2912/1403/139 2913/1406/139
f 2911/1396/139 2913/1406/139 2914/1397/139
f 2915/1407/355 2916/1408/356 2917/1409/357
f 2915/1407/358 2917/1409/359 2918/1410/356
f 2919/1400/145 2920/1407/145 2921/1410/145
f 2919/1400/145 2921/1410/145 2922/1401/145
f 2923/1411/363 2924/1412/364 2925/1413/365
f 2923/1411/366 2925/1413/367 2926/933/364
f 2927/1414/363 2928/1415/364 2929/1416/365
f 2927/1414/366 2929/1416/367 2930/929/364
f 2931/1417/363 2932/1418/364 2933/1419/365
f 2931/1417/366 2933/1419/367 2934/925/364
f 2935/1420/368 2936/1421/369 2937/1422/370
f 2935/1420/371 2937/1422/372 2938/921/373
f 2939/1423/368 2940/1424/369 2941/1425/370
f 2939/1423/371 2941/1425/372 2942/915/373
f 2943/1426/368 2944/1427/373 2945/1428/370
f 2943/1426/371 2945/1428/372 2946/913/373
f 2947/1429/374 2948/1430/375 2949/1431/376
f 2947/1429/377 2949/1431/378 2950/993/375
f 2951/1432/374 2952/1433/375 2953/1434/376
f 2951/1432/377 2953/1434/379 2954/991/375
f 2955/1435/374 2956/1436/380 2957/1437/381
f 2955/1435/377 2957/1437/382 2958/989/375
f 2959/1438/383 2960/1439/384 2961/1440/385
f 2959/1438/386 2961/1440/387 2962/987/384
f 2963/1441/383 2964/1442/384 2965/1443/385
f 2963/1441/386 2965/1443/387 2966/985/384
f 2967/1444/383 2968/1445/384 2969/1446/385
f 2967/1444/386 2969/1446/387 2970/983/384
f 2971/1447/388 2972/1448/389 2973/1449/390
f 2971/1447/391 2973/1449/392 2974/930/393
f 2975/1450/394 2976/1451/395 2977/1452/396
f 2975/1450/397 2977/1452/398 2978/934/399
f 2979/1453/400 2980/1454/401 2981/1455/402
f 2979/1453/403 2981/1455/404 2982/1456/401
f 2983/1457/405 2984/1458/406 2985/1459/407
f 2983/1457/408 2985/1459/409 2986/1460/410
f 2987/1461/388 2988/1462/411 2989/1463/390
f 2987/1461/391 2989/1463/392 2990/926/412
f 2991/1464/394 2992/1465/395 2993/1466/396
f 2991/1464/397 2993/1466/398 2994/936/399
f 2995/1467/400 2996/1468/401 2997/1469/402
f 2995/1467/403 2997/1469/413 2998/1470/401
f 2999/1471/405 3000/1472/406 3001/1473/407
f 2999/1471/414 3001/1473/409 3002/1474/406
f 3003/1475/388 3004/1476/389 3005/1477/390
f 3003/1475/391 3005/1477/392 3006/922/393
f 3007/1478/394 3008/1479/395 3009/1480/396
f 3007/1478/397 3009/1480/398 3010/938/399
f 3011/1481/400 3012/1482/401 3013/1483/402
f 3011/1481/403 3013/1483/413 3014/1484/401
f 3015/1485/405 3016/1486/406 3017/1487/407
f 3015/1485/408 3017/1487/409 3018/1488/410
f 3019/1489/415 3020/1490/416 3021/1491/417
f 3019/1489/418 3021/1491/419 3022/1492/420
f 3023/1490/139 3024/1453/139 3025/1456/139
f 3023/1490/139 3025/1456/139 3026/1491/139
f 3027/1493/421 3028/1494/422 3029/1495/423
f 3027/1493/424 3029/1495/425 3030/1496/426
f 3031/1494/145 3032/1457/145 3033/1460/145
f 3031/1494/145 3033/1460/145 3034/1495/145
f 3035/1497/415 3036/1498/416 3037/1499/417
f 3035/1497/418 3037/1499/419 3038/1500/427
f 3039/1498/139 3040/1467/139 3041/1470/139
f 3039/1498/139 3041/1470/139 3042/1499/139
f 3043/1501/421 3044/1502/422 3045/1503/423
f 3043/1501/424 3045/1503/425 3046/1504/426
f 3047/1502/145 3048/1471/145 3049/1474/145
f 3047/1502/145 3049/1474/145 3050/1503/145
f 3051/1505/415 3052/1506/416 3053/1507/417
f 3051/1505/418 3053/1507/428 3054/1508/427
f 3055/1506/139 3056/1481/139 3057/1484/139
f 3055/1506/139 3057/1484/139 3058/1507/139
f 3059/1509/421 3060/1510/422 3061/1511/423
f 3059/1509/424 3061/1511/429 3062/1512/426
f 3063/1510/145 3064/1485/145 3065/1488/145
f 3063/1510/145 3065/1488/145 3066/1511/145
f 3067/1513/430 3068/1514/431 3069/1515/432
f 3067/1513/433 3069/1515/434 3070/918/435
f 3071/1516/436 3072/1517/437 3073/1518/438
f 3071/1516/439 3073/1518/440 3074/940/441
f 3075/1519/442 3076/1520/443 3077/1521/444
f 3075/1519/445 3077/1521/446 3078/1522/447
f 3079/1523/448 3080/1524/449 3081/1525/450
f 3079/1523/451 3081/1525/452 3082/1526/453
f 3083/1527/454 3084/1528/455 3085/1529/456
f 3083/1527/457 3085/1529/458 3086/1530/455
f 3087/1528/139 3088/1519/139 3089/1522/139
f 3087/1528/139 3089/1522/139 3090/1529/139
f 3091/1531/459 3092/1532/460 3093/1533/461
f 3091/1531/462 3093/1533/463 3094/1534/460
f 3095/1532/145 3096/1523/145 3097/1526/145
f 3095/1532/145 3097/1526/145 3098/1533/145
f 3099/1535/430 3100/1536/431 3101/1537/432
f 3099/1535/433 3101/1537/434 3102/916/435
f 3103/1538/436 3104/1539/437 3105/1540/438
f 3103/1538/439 3105/1540/440 3106/942/441
f 3107/1541/442 3108/1542/443 3109/1543/444
f 3107/1541/445 3109/1543/446 3110/1544/447
f 3111/1545/464 3112/1546/449 3113/1547/450
f 3111/1545/451 3113/1547/465 3114/1548/453
f 3115/1549/454 3116/1550/455 3117/1551/456
f 3115/1549/457 3117/1551/458 3118/1552/455
f 3119/1550/139 3120/1541/139 3121/1544/139
f 3119/1550/139 3121/1544/139 3122/1551/139
f 3123/1553/459 3124/1554/460 3125/1555/461
f 3123/1553/462 3125/1555/463 3126/1556/460
f 3127/1554/145 3128/1545/145 3129/1548/145
f 3127/1554/145 3129/1548/145 3130/1555/145
f 3131/1557/430 3132/1558/431 3133/1559/432
f 3131/1557/433 3133/1559/434 3134/910/435
f 3135/1560/436 3136/1561/437 3137/1562/438
f 3135/1560/439 3137/1562/440 3138/944/441
f 3139/1563/442 3140/1564/443 3141/1565/444
f 3139/1563/445 3141/1565/446 3142/1566/447
f 3143/1567/448 3144/1568/449 3145/1569/450
f 3143/1567/451 3145/1569/452 3146/1570/453
f 3147/1571/454 3148/1572/455 3149/1573/456
f 3147/1571/457 3149/1573/458 3150/1574/455
f 3151/1572/139 3152/1563/139 3153/1566/139
f 3151/1572/139 3153/1566/139 3154/1573/139
f 3155/1575/459 3156/1576/460 3157/1577/461
f 3155/1575/462 3157/1577/463 3158/1578/460
f 3159/1576/145 3160/1567/145 3161/1570/145
f 3159/1576/145 3161/1570/145 3162/1577/145
f 3163/1579/466 3164/1580/467 3165/932/468
f 3163/1579/469 3165/932/470 3166/1581/467
f 3167/1582/466 3168/1583/467 3169/928/468
f 3167/1582/469 3169/928/470 3170/1584/467
f 3171/1585/466 3172/1586/467 3173/924/468
f 3171/1585/469 3173/924/470 3174/1587/467
f 3175/1588/471 3176/1589/472 3177/920/473
f 3175/1588/474 3177/920/475 3178/1590/472
f 3179/1591/471 3180/1592/472 3181/914/473
f 3179/1591/474 3181/914/475 3182/1593/472
f 3183/1594/471 3184/1595/472 3185/912/473
f 3183/1594/474 3185/912/475 3186/1596/472
f 3187/1597/476 3188/1598/477 3189/992/478
f 3187/1597/479 3189/992/480 3190/1599/477
f 3191/1600/476 3192/1601/477 3193/990/478
f 3191/1600/479 3193/990/480 3194/1602/477
f 3195/1603/476 3196/1604/477 3197/988/478
f 3195/1603/479 3197/988/480 3198/1605/477
f 3199/1606/481 3200/1607/482 3201/986/483
f 3199/1606/484 3201/986/485 3202/1608/486
f 3203/1609/487 3204/1610/482 3205/984/483
f 3203/1609/484 3205/984/485 3206/1611/486
f 3207/1612/481 3208/1613/482 3209/982/483
f 3207/1612/484 3209/982/485 3210/1614/486
f 3211/1280/488 3212/1447/488 3213/930/488
f 3211/1280/488 3213/930/488 3214/931/488
f 3215/1283/489 3216/1450/489 3217/934/489
f 3215/1283/489 3217/934/489 3218/935/489
f 3219/1294/488 3220/1461/488 3221/926/488
f 3219/1294/488 3221/926/488 3222/927/488
f 3223/1297/489 3224/1464/489 3225/936/489
f 3223/1297/489 3225/936/489 3226/937/489
f 3227/1308/488 3228/1475/488 3229/922/488
f 3227/1308/488 3229/922/488 3230/923/488
f 3231/1311/489 3232/1478/489 3233/938/489
f 3231/1311/489 3233/938/489 3234/939/489
f 3235/1346/488 3236/1513/488 3237/918/488
f 3235/1346/488 3237/918/488 3238/919/488
f 3239/1349/489 3240/1516/489 3241/940/489
f 3239/1349/489 3241/940/489 3242/941/489
f 3243/1368/488 3244/1535/488 3245/916/488
f 3243/1368/488 3245/916/488 3246/917/488
f 3247/1371/489 3248/1538/489 3249/942/489
f 3247/1371/489 3249/942/489 3250/943/489
f 3251/1390/488 3252/1557/488 3253/910/488
f 3251/1390/488 3253/910/488 3254/911/488
f 3255/1393/489 3256/1560/489 3257/944/489
f 3255/1393/489 3257/944/489 3258/945/489
f 3259/1580/490 3260/1411/490 3261/933/490
f 3259/1580/490 3261/933/490 3262/932/490
f 3263/1583/490 3264/1414/490 3265/929/490
f 3263/1583/490 3265/929/490 3266/928/490
f 3267/1586/490 3268/1417/490 3269/925/490
f 3267/1586/490 3269/925/490 3270/924/490
f 3271/1589/490 3272/1420/490 3273/921/490
f 3271/1589/490 3273/921/490 3274/920/490
f 3275/1592/490 3276/1423/490 3277/915/490
f 3275/1592/490 3277/915/490 3278/914/490
f 3279/1595/490 3280/1426/490 3281/913/490
f 3279/1595/490 3281/913/490 3282/912/490
f 3283/1598/489 3284/1429/489 3285/993/489
f 3283/1598/489 3285/993/489 3286/992/489
f 3287/1601/489 3288/1432/489 3289/991/489
f 3287/1601/489 3289/991/489 3290/990/489
f 3291/1604/489 3292/1435/489 3293/989/489
f 3291/1604/489 3293/989/489 3294/988/489
f 3295/1607/489 3296/1438/489 3297/987/489
f 3295/1607/489 3297/987/489 3298/986/489
f 3299/1610/489 3300/1441/489 3301/985/489
f 3299/1610/489 3301/985/489 3302/984/489
f 3303/1613/489 3304/1444/489 3305/983/489
f 3303/1613/489 3305/983/489 3306/982/489
f 3307/1615/491 3308/1616/492 3309/1136/493
f 3307/1615/494 3309/1136/495 3310/1135/496
f 3311/1617/497 3312/1618/498 3313/1139/499
f 3311/1617/500 3313/1139/501 3314/1138/498
f 3315/1619/502 3316/1003/503 3317/1003/504
f 3315/1619/505 3317/1003/506 3318/1002/507
f 3319/1620/508 3320/1621/509 3321/1140/510
f 3319/1620/511 3321/1140/512 3322/1000/513
f 3323/994/514 3324/1622/515 3325/1141/516
f 3323/994/517 3325/1141/518 3326/994/515
f 3327/1003/139 3328/1623/139 3329/1143/139
f 3327/1003/139 3329/1143/139 3330/1003/139
f 3331/1007/519 3332/1624/520 3333/1004/521
f 3331/1007/522 3333/1004/523 3334/1007/520
f 3335/1621/145 3336/1007/145 3337/1007/145
f 3335/1621/145 3337/1007/145 3338/1140/145
f 3339/1625/524 3340/1626/525 3341/1148/526
f 3339/1625/527 3341/1148/528 3342/1147/525
f 3343/1627/529 3344/1628/530 3345/1152/531
f 3343/1627/532 3345/1152/533 3346/1150/530
f 3347/1629/534 3348/1630/496 3349/1136/493
f 3347/1629/494 3349/1136/495 3350/1135/496
f 3351/1631/497 3352/1632/498 3353/1139/499
f 3351/1631/500 3353/1139/501 3354/1138/498
f 3355/1633/535 3356/1634/503 3357/1003/504
f 3355/1633/505 3357/1003/506 3358/1002/536
f 3359/1635/537 3360/1621/538 3361/1140/539
f 3359/1635/511 3361/1140/540 3362/1000/513
f 3363/994/514 3364/1636/515 3365/1141/516
f 3363/994/517 3365/1141/518 3366/994/515
f 3367/1634/139 3368/1143/139 3369/1143/139
f 3367/1634/139 3369/1143/139 3370/1003/139
f 3371/1007/519 3372/1637/520 3373/1004/521
f 3371/1007/522 3373/1004/541 3374/1007/520
f 3375/1621/145 3376/1007/145 3377/1007/145
f 3375/1621/145 3377/1007/145 3378/1140/145
f 3379/1638/524 3380/1639/525 3381/1148/526
f 3379/1638/527 3381/1148/528 3382/1147/525
f 3383/1640/529 3384/1641/530 3385/1152/531
f 3383/1640/532 3385/1152/533 3386/1150/530
f 3387/1629/534 3388/1642/496 3389/1136/493
f 3387/1629/494 3389/1136/495 3390/1135/496
f 3391/1643/145 3392/1045/145 3393/1045/145
f 3391/1643/145 3393/1045/145 3394/1214/145
f 3395/1644/542 3396/1643/543 3397/1214/544
f 3395/1644/545 3397/1214/546 3398/1034/547
f 3399/1645/548 3400/1646/549 3401/1223/550
f 3399/1645/551 3401/1223/552 3402/1222/549
f 3403/1215/553 3404/1647/554 3405/1217/555
f 3403/1215/556 3405/1217/557 3406/1215/558
f 3407/1044/139 3408/1215/139 3409/1215/139
f 3407/1044/139 3409/1215/139 3410/1044/139
f 3411/1648/529 3412/1649/530 3413/1152/531
f 3411/1648/532 3413/1152/533 3414/1150/530
f 3415/1650/559 3416/1651/560 3417/1206/561
f 3415/1650/562 3417/1206/563 3418/1205/560
f 3419/1652/564 3420/1653/565 3421/1211/566
f 3419/1652/567 3421/1211/568 3422/1197/565
f 3423/1045/569 3424/1654/570 3425/1040/571
f 3423/1045/572 3425/1040/573 3426/1045/570
f 3427/1655/574 3428/1044/575 3429/1044/576
f 3427/1655/577 3429/1044/578 3430/1043/575
f 3431/1656/579 3432/1657/580 3433/1202/581
f 3431/1656/582 3433/1202/583 3434/1220/580
f 3435/1658/524 3436/1639/525 3437/1148/526
f 3435/1658/527 3437/1148/528 3438/1147/525
f 3439/1140/145 3440/1144/145 3441/1007/145
f 3439/1140/145 3441/1007/145 3442/1140/145
f 3443/1144/519 3444/1659/520 3445/1004/521
f 3443/1144/522 3445/1004/523 3446/1007/520
f 3447/1634/139 3448/1143/139 3449/1143/139
f 3447/1634/139 3449/1143/139 3450/1003/139
f 3451/994/514 3452/1660/515 3453/1141/516
f 3451/994/517 3453/1141/518 3454/994/515
f 3455/1661/537 3456/1140/509 3457/1140/539
f 3455/1661/511 3457/1140/540 3458/1000/584
f 3459/1662/535 3460/1634/503 3461/1003/504
f 3459/1662/505 3461/1003/506 3462/1002/536
f 3463/1663/585 3464/1664/498 3465/1139/499
f 3463/1663/586 3465/1139/501 3466/1138/498
f 3467/1214/145 3468/1665/145 3469/1045/145
f 3467/1214/145 3469/1045/145 3470/1214/145
f 3471/1644/542 3472/1214/547 3473/1214/544
f 3471/1644/545 3473/1214/587 3474/1034/547
f 3475/1666/548 3476/1667/549 3477/1223/588
f 3475/1666/551 3477/1223/552 3478/1222/549
f 3479/1215/553 3480/1668/554 3481/1217/555
f 3479/1215/556 3481/1217/557 3482/1215/558
f 3483/1044/139 3484/1215/139 3485/1215/139
f 3483/1044/139 3485/1215/139 3486/1044/139
f 3487/1669/559 3488/1651/560 3489/1206/561
f 3487/1669/562 3489/1206/563 3490/1205/560
f 3491/1652/589 3492/1653/565 3493/1211/566
f 3491/1652/567 3493/1211/568 3494/1197/590
f 3495/1665/591 3496/1654/570 3497/1040/592
f 3495/1665/572 3497/1040/593 3498/1045/594
f 3499/1655/595 3500/1044/575 3501/1044/576
f 3499/1655/577 3501/1044/578 3502/1043/575
f 3503/1656/596 3504/1670/580 3505/1202/581
f 3503/1656/597 3505/1202/583 3506/1220/580
f 3507/1671/598 3508/1672/599 3509/1673/600
f 3507/1671/601 3509/1673/602 3510/1133/603
f 3511/1674/604 3512/1675/605 3513/1138/606
f 3511/1674/607 3513/1138/608 3514/1137/605
f 3515/1634/609 3516/1676/610 3517/1002/611
f 3515/1634/612 3517/1002/613 3518/1634/614
f 3519/1621/615 3520/1677/616 3521/1678/617
f 3519/1621/618 3521/1678/619 3522/1621/620
f 3523/1679/621 3524/994/622 3525/994/623
f 3523/1679/624 3525/994/625 3526/1141/622
f 3527/1623/139 3528/1634/139 3529/1634/139
f 3527/1623/139 3529/1634/139 3530/1623/139
f 3531/1680/626 3532/1681/627 3533/1007/628
f 3531/1680/629 3533/1007/630 3534/1004/631
f 3535/1681/145 3536/1621/145 3537/1621/145
f 3535/1681/145 3537/1621/145 3538/1007/145
f 3539/1682/632 3540/1683/633 3541/1151/634
f 3539/1682/635 3541/1151/636 3542/1148/637
f 3543/1684/638 3544/1685/639 3545/1149/640
f 3543/1684/641 3545/1149/642 3546/1152/639
f 3547/1671/643 3548/1672/599 3549/1673/600
f 3547/1671/601 3549/1673/602 3550/1133/599
f 3551/1686/604 3552/1687/605 3553/1138/606
f 3551/1686/607 3553/1138/608 3554/1137/605
f 3555/1003/609 3556/1688/610 3557/1002/611
f 3555/1003/612 3557/1002/613 3558/1634/614
f 3559/1621/615 3560/1689/644 3561/1678/617
f 3559/1621/618 3561/1678/619 3562/1621/620
f 3563/1679/621 3564/994/622 3565/994/623
f 3563/1679/624 3565/994/625 3566/1141/622
f 3567/1623/139 3568/1003/139 3569/1634/139
f 3567/1623/139 3569/1634/139 3570/1623/139
f 3571/1690/645 3572/1007/631 3573/1007/646
f 3571/1690/629 3573/1007/647 3574/1004/631
f 3575/1007/145 3576/1621/145 3577/1621/145
f 3575/1007/145 3577/1621/145 3578/1007/145
f 3579/1691/648 3580/1692/637 3581/1151/649
f 3579/1691/650 3581/1151/636 3582/1148/651
f 3583/1693/638 3584/1694/639 3585/1149/640
f 3583/1693/641 3585/1149/652 3586/1152/639
f 3587/1695/643 3588/1696/599 3589/1673/600
f 3587/1695/601 3589/1673/602 3590/1133/603
f 3591/1665/145 3592/1213/145 3593/1214/145
f 3591/1665/145 3593/1214/145 3594/1276/145
f 3595/1213/653 3596/1697/654 3597/1218/655
f 3595/1213/656 3597/1218/657 3598/1214/654
f 3599/1698/658 3600/1699/659 3601/1222/660
f 3599/1698/661 3601/1222/662 3602/1221/663
f 3603/1700/664 3604/1701/665 3605/1215/666
f 3603/1700/667 3605/1215/668 3606/1217/665
f 3607/1701/139 3608/1044/139 3609/1044/139
f 3607/1701/139 3609/1044/139 3610/1215/139
f 3611/1702/638 3612/1685/639 3613/1149/640
f 3611/1702/641 3613/1149/652 3614/1152/639
f 3615/1703/669 3616/1704/670 3617/1230/671
f 3615/1703/672 3617/1230/673 3618/1206/670
f 3619/1705/674 3620/1706/675 3621/1196/676
f 3619/1705/677 3621/1196/678 3622/1210/675
f 3623/1707/679 3624/1665/680 3625/1276/681
f 3623/1707/682 3625/1276/683 3626/1040/680
f 3627/1044/684 3628/1708/685 3629/1043/686
f 3627/1044/687 3629/1043/688 3630/1044/689
f 3631/1709/690 3632/1710/691 3633/1220/692
f 3631/1709/693 3633/1220/694 3634/1200/691
f 3635/1711/648 3636/1692/637 3637/1151/649
f 3635/1711/650 3637/1151/636 3638/1148/637
f 3639/1144/145 3640/1621/145 3641/1140/145
f 3639/1144/145 3641/1140/145 3642/1144/145
f 3643/1712/645 3644/1144/631 3645/1144/646
f 3643/1712/629 3645/1144/647 3646/1004/631
f 3647/1142/139 3648/1634/139 3649/1003/139
f 3647/1142/139 3649/1003/139 3650/1623/139
f 3651/1713/621 3652/994/622 3653/994/623
f 3651/1713/624 3653/994/625 3654/1141/622
f 3655/1621/615 3656/1677/644 3657/1678/617
f 3655/1621/618 3657/1678/619 3658/1140/620
f 3659/1634/609 3660/1714/610 3661/1002/611
f 3659/1634/612 3661/1002/613 3662/1003/695
f 3663/1686/604 3664/1715/605 3665/1138/606
f 3663/1686/607 3665/1138/608 3666/1137/605
f 3667/1716/145 3668/1214/145 3669/1214/145
f 3667/1716/145 3669/1214/145 3670/1276/145
f 3671/1214/696 3672/1717/697 3673/1218/655
f 3671/1214/656 3673/1218/698 3674/1214/654
f 3675/1718/658 3676/1719/659 3677/1222/660
f 3675/1718/699 3677/1222/662 3678/1277/663
f 3679/1720/664 3680/1215/665 3681/1215/666
f 3679/1720/667 3681/1215/700 3682/1217/665
f 3683/1215/139 3684/1044/139 3685/1044/139
f 3683/1215/139 3685/1044/139 3686/1215/139
f 3687/1703/669 3688/1721/701 3689/1230/671
f 3687/1703/672 3689/1230/673 3690/1206/670
f 3691/1722/674 3692/1723/702 3693/1278/676
f 3691/1722/677 3693/1278/678 3694/1210/675
f 3695/1724/679 3696/1716/680 3697/1276/681
f 3695/1724/682 3697/1276/683 3698/1040/680
f 3699/1044/703 3700/1708/685 3701/1043/686
f 3699/1044/687 3701/1043/688 3702/1044/685
f 3703/1725/690 3704/1726/691 3705/1220/704
f 3703/1725/693 3705/1220/694 3706/1200/691
f 3707/1685/489 3708/1627/489 3709/1150/489
f 3707/1685/489 3709/1150/489 3710/1149/489
f 3711/1618/489 3712/1674/489 3713/1137/489
f 3711/1618/489 3713/1137/489 3714/1139/489
f 3715/1683/490 3716/1625/490 3717/1147/490
f 3715/1683/490 3717/1147/490 3718/1151/490
f 3719/1616/488 3720/1671/488 3721/1133/488
f 3719/1616/488 3721/1133/488 3722/1136/488
f 3723/1632/489 3724/1686/489 3725/1137/489
f 3723/1632/489 3725/1137/489 3726/1139/489
f 3727/1692/490 3728/1638/490 3729/1147/490
f 3727/1692/490 3729/1147/490 3730/1151/490
f 3731/1694/489 3732/1640/489 3733/1150/489
f 3731/1694/489 3733/1150/489 3734/1149/489
f 3735/1630/488 3736/1671/488 3737/1133/488
f 3735/1630/488 3737/1133/488 3738/1136/488
f 3739/1706/490 3740/1652/490 3741/1197/490
f 3739/1706/490 3741/1197/490 3742/1196/490
f 3743/1657/489 3744/1709/489 3745/1200/489
f 3743/1657/489 3745/1200/489 3746/1202/489
f 3747/1642/488 3748/1695/488 3749/1133/488
f 3747/1642/488 3749/1133/488 3750/1136/488
f 3751/1646/488 3752/1698/488 3753/1221/488
f 3751/1646/488 3753/1221/488 3754/1223/488
f 3755/1704/489 3756/1650/489 3757/1205/489
f 3755/1704/489 3757/1205/489 3758/1230/489
f 3759/1685/489 3760/1648/489 3761/1150/489
f 3759/1685/489 3761/1150/489 3762/1149/489
f 3763/1692/490 3764/1658/490 3765/1147/490
f 3763/1692/490 3765/1147/490 3766/1151/490
f 3767/1664/489 3768/1686/489 3769/1137/489
f 3767/1664/489 3769/1137/489 3770/1139/489
f 3771/1667/488 3772/1718/488 3773/1277/488
f 3771/1667/488 3773/1277/488 3774/1223/488
f 3775/1721/489 3776/1669/489 3777/1205/489
f 3775/1721/489 3777/1205/489 3778/1230/489
f 3779/1723/490 3780/1652/490 3781/1197/490
f 3779/1723/490 3781/1197/490 3782/1278/490
f 3783/1670/489 3784/1725/489 3785/1200/489
f 3783/1670/489 3785/1200/489 3786/1202/489
f 3787/1727/705 3788/362/705 3789/362/705
f 3787/1727/705 3789/362/705 3790/1727/705
f 3791/362/51 3792/1727/51 3793/1728/51
f 3791/362/51 3793/1728/51 3794/1729/51
f 3795/585/706 3796/1730/706 3797/1731/706
f 3795/585/706 3797/1731/706 3798/584/706
f 3799/588/37 3800/1732/37 3801/1730/37
f 3799/588/37 3801/1730/37 3802/585/37
f 3803/592/37 3804/1733/37 3805/1734/37
f 3803/592/37 3805/1734/37 3806/591/37
f 3807/548/37 3808/1735/37 3809/1736/37
f 3807/548/37 3809/1736/37 3810/549/37
f 3811/1008/37 3812/1737/37 3813/1738/37
f 3811/1008/37 3813/1738/37 3814/545/37
f 3815/1020/707 3816/1739/708 3817/1740/709
f 3815/1020/710 3817/1740/711 3818/1019/708
f 3819/497/712 3820/1741/713 3821/1742/714
f 3819/497/715 3821/1742/716 3822/496/713
f 3823/1037/37 3824/1743/37 3825/1744/37
f 3823/1037/37 3825/1744/37 3826/1036/37
f 3827/1036/717 3828/1744/718 3829/1745/719
f 3827/1036/720 3829/1745/721 3830/1071/722
f 3831/1086/37 3832/1746/37 3833/1747/37
f 3831/1086/37 3833/1747/37 3834/1085/37
f 3835/1094/37 3836/1748/37 3837/1749/37
f 3835/1094/37 3837/1749/37 3838/1093/37
f 3839/520/37 3840/1750/37 3841/1751/37
f 3839/520/37 3841/1751/37 3842/1099/37
f 3843/1752/37 3844/1753/37 3845/1754/37
f 3843/1752/37 3845/1754/37 3846/1755/37
f 3847/56/37 3848/1756/37 3849/1757/37
f 3847/56/37 3849/1757/37 3850/1758/37
f 3851/492/37 3852/1759/37 3853/1760/37
f 3851/492/37 3853/1760/37 3854/491/37
f 3792/1727/51 3855/490/51 3856/510/51
f 3792/1727/51 3856/510/51 3793/1728/51
f 3857/1741/723 3858/505/724 3859/506/725
f 3857/1741/726 3859/506/727 3860/1742/724
f 3796/1730/706 3861/1088/706 3862/1096/706
f 3796/1730/706 3862/1096/706 3797/1731/706
f 3800/1732/37 3863/1087/37 3864/1088/37
f 3800/1732/37 3864/1088/37 3801/1730/37
f 3804/1733/37 3865/1072/37 3866/1073/37
f 3804/1733/37 3866/1073/37 3805/1734/37
f 3808/1735/37 3867/317/37 3868/318/37
f 3808/1735/37 3868/318/37 3809/1736/37
f 3812/1737/37 3869/1021/37 3870/310/37
f 3812/1737/37 3870/310/37 3813/1738/37
f 3871/1739/728 3872/1011/729 3873/1012/730
f 3871/1739/731 3873/1012/732 3874/1740/729
f 3824/1743/37 3875/595/37 3876/593/37
f 3824/1743/37 3876/593/37 3825/1744/37
f 3877/1744/733 3878/593/734 3879/594/735
f 3877/1744/736 3879/594/737 3880/1745/738
f 3832/1746/37 3881/589/37 3882/590/37
f 3832/1746/37 3882/590/37 3833/1747/37
f 3836/1748/37 3883/586/37 3884/587/37
f 3836/1748/37 3884/587/37 3837/1749/37
f 3840/1750/37 3885/94/37 3886/97/37
f 3840/1750/37 3886/97/37 3841/1751/37
f 3844/1753/37 3887/563/37 3888/564/37
f 3844/1753/37 3888/564/37 3845/1754/37
f 3848/1756/37 3889/55/37 3890/509/37
f 3848/1756/37 3890/509/37 3849/1757/37
f 3852/1759/37 3891/507/37 3892/508/37
f 3852/1759/37 3892/508/37 3853/1760/37
f 3893/1727/37 3894/362/37 3895/362/37
f 3893/1727/37 3895/362/37 3896/1727/37
f 3897/490/705 3787/1727/705 3790/1727/705
f 3897/490/705 3790/1727/705 3898/490/705
f 3899/490/37 3900/1727/37 3901/1727/37
f 3899/490/37 3901/1727/37 3902/490/37
f 3903/490/37 3893/1727/37 3896/1727/37
f 3903/490/37 3896/1727/37 3904/490/37
f 3905/1761/705 3906/500/705 3907/500/705
f 3905/1761/705 3907/500/705 3908/1761/705
f 3909/1761/37 3910/500/37 3911/500/37
f 3909/1761/37 3911/500/37 3912/1761/37
f 3900/1727/37 3913/362/37 3914/362/37
f 3900/1727/37 3914/362/37 3901/1727/37
f 3915/1761/51 3916/504/51 3917/490/51
f 3915/1761/51 3917/490/51 3918/1727/51
f 3919/500/51 3915/1761/51 3918/1727/51
f 3919/500/51 3918/1727/51 3920/362/51
f 3921/1727/706 3922/362/706 3923/362/706
f 3921/1727/706 3923/362/706 3924/1727/706
f 3925/490/706 3926/1727/706 3927/1727/706
f 3925/490/706 3927/1727/706 3928/490/706
f 3929/504/739 3930/1761/739 3931/1761/739
f 3929/504/705 3931/1761/705 3932/504/705
f 3933/1727/37 3934/362/37 3935/362/37
f 3933/1727/37 3935/362/37 3936/1727/37
f 3937/490/37 3933/1727/37 3936/1727/37
f 3937/490/37 3936/1727/37 3938/490/37
f 3939/504/706 3940/1761/706 3941/1761/706
f 3939/504/706 3941/1761/706 3942/504/706
f 3943/1049/40 3944/596/40 3945/1762/40
f 3943/1049/40 3945/1762/40 3946/503/40
f 3944/596/40 3947/597/40 3948/1077/40
f 3944/596/40 3948/1077/40 3945/1762/40
f 3949/1761/706 3950/500/706 3951/500/706
f 3949/1761/706 3951/500/706 3952/1761/706
f 3953/504/37 3954/1761/37 3955/1761/37
f 3953/504/37 3955/1761/37 3956/504/37
f 3957/1763/740 3958/583/740 3959/1764/740
f 3957/1763/740 3959/1764/740 3960/1765/740
f 3961/1766/740 3962/1763/740 3963/1765/740
f 3961/1766/740 3963/1765/740 3964/1103/740
f 3965/490/37 3966/1727/37 3967/1727/37
f 3965/490/37 3967/1727/37 3968/490/37
f 3966/1727/37 3969/362/37 3970/362/37
f 3966/1727/37 3970/362/37 3967/1727/37
f 3954/1761/37 3971/500/37 3972/500/37
f 3954/1761/37 3972/500/37 3955/1761/37
f 3973/504/37 3909/1761/37 3912/1761/37
f 3973/504/37 3912/1761/37 3974/504/37
f 3975/1765/51 3976/1764/51 3977/504/51
f 3975/1765/51 3977/504/51 3978/1761/51
f 3979/1103/51 3980/1765/51 3981/1761/51
f 3979/1103/51 3981/1761/51 3982/500/51
f 3983/1758/36 85/56/36 84/56/36
f 3983/1758/36 84/56/36 3984/1758/36
f 3985/490/36 3986/490/36 3987/490/36
f 3985/490/36 3987/490/36 3988/490/36
f 3989/1729/35 3990/362/35 3991/362/35
f 3989/1729/35 3991/362/35 3992/1729/35
f 3993/1755/36 3994/1752/36 3995/1752/36
f 3993/1755/36 3995/1752/36 3996/1755/36
f 3997/1767/35 3998/1768/35 3999/73/35
f 3997/1767/35 3999/73/35 4000/1769/35
f 4001/1770/37 4002/1771/37 4003/1772/37
f 4001/1770/37 4003/1772/37 4004/1773/37
f 4005/1774/42 4006/1775/42 4007/239/42
f 4005/1774/42 4007/239/42 4008/1776/42
f 4009/1777/38 4010/1778/38 4011/235/38
f 4009/1777/38 4011/235/38 4012/1779/38
f 4013/1780/42 4014/1767/42 4015/1769/42
f 4013/1780/42 4015/1769/42 4016/238/42
f 4017/1781/38 4018/1782/38 4019/1783/38
f 4017/1781/38 4019/1783/38 4020/234/38
f 4021/1778/38 4022/1784/38 4023/232/38
f 4021/1778/38 4023/232/38 4024/235/38
f 4025/1785/38 4026/1781/38 4027/234/38
f 4025/1785/38 4027/234/38 4028/233/38
f 4029/1775/42 4030/1786/42 4031/236/42
f 4029/1775/42 4031/236/42 4032/239/42
f 4033/1787/42 4034/1780/42 4035/238/42
f 4033/1787/42 4035/238/42 4036/237/42
f 4037/1788/36 4038/1777/36 4039/1779/36
f 4037/1788/36 4039/1779/36 4040/1789/36
f 4041/1768/35 4042/1790/35 4043/70/35
f 4041/1768/35 4043/70/35 4044/73/35
f 4045/1791/36 4046/1788/36 4047/1789/36
f 4045/1791/36 4047/1789/36 4048/1792/36
f 4002/1771/37 4049/1793/37 4050/1794/37
f 4002/1771/37 4050/1794/37 4003/1772/37
f 4051/1795/37 4052/1774/37 4053/1776/37
f 4051/1795/37 4053/1776/37 4054/1796/37
f 4055/1797/37 4056/1795/37 4057/1796/37
f 4055/1797/37 4057/1796/37 4058/1798/37
f 4059/231/37 4060/1799/37 4061/1800/37
f 4059/231/37 4061/1800/37 4062/230/37
f 4063/1801/36 4064/1802/36 4065/1803/36
f 4063/1801/36 4065/1803/36 4066/1804/36
f 4067/1805/42 4068/1806/42 4069/489/42
f 4067/1805/42 4069/489/42 4070/1807/42
f 4071/514/38 4072/1808/38 4073/1809/38
f 4071/514/38 4073/1809/38 4074/513/38
f 4075/1802/38 4076/1810/38 4077/1811/38
f 4075/1802/38 4077/1811/38 4078/1803/38
f 4079/1799/42 4080/68/42 4081/69/42
f 4079/1799/42 4081/69/42 4082/1800/42
f 4083/1806/35 4084/1812/35 4085/488/35
f 4083/1806/35 4085/488/35 4086/489/35
f 4087/1813/37 4088/1814/37 4089/66/37
f 4087/1813/37 4089/66/37 4090/67/37
f 4091/1807/741 4092/1805/741 4093/1805/741
f 4091/1807/741 4093/1805/741 4094/1807/741
f 4095/69/40 4096/1800/40 4097/1800/40
f 4095/69/40 4097/1800/40 4098/69/40
f 4099/65/39 101/65/39 104/65/39
f 4099/65/39 104/65/39 4100/65/39
f 4101/65/39 4102/65/39 4103/65/39
f 4101/65/39 4103/65/39 4104/65/39
f 4105/1803/40 4106/1804/40 4107/1804/40
f 4105/1803/40 4107/1804/40 4108/1803/40
f 4109/1811/40 4105/1803/40 4108/1803/40
f 4109/1811/40 4108/1803/40 4110/1811/40
f 4111/65/39 4112/65/39 4113/65/39
f 4111/65/39 4113/65/39 4114/65/39
f 4115/1812/109 4116/488/109 4117/488/109
f 4115/1812/109 4117/488/109 4118/1812/109
f 4119/65/39 4111/65/39 4114/65/39
f 4119/65/39 4114/65/39 4120/65/39
f 4121/489/40 4122/1807/40 4123/1807/40
f 4121/489/40 4123/1807/40 4124/489/40
f 4125/65/39 4101/65/39 4104/65/39
f 4125/65/39 4104/65/39 4126/65/39
f 4127/1804/109 4128/1801/109 4129/1801/109
f 4127/1804/109 4129/1801/109 4130/1804/109
f 4131/1809/40 4132/513/40 4133/513/40
f 4131/1809/40 4133/513/40 4134/1809/40
f 4135/1814/35 4136/66/35 4137/66/35
f 4135/1814/35 4137/66/35 4138/1814/35
f 4139/1810/742 4140/1811/742 4141/1811/742
f 4139/1810/742 4141/1811/742 4142/1810/742
f 4143/1800/40 4144/230/40 4145/230/40
f 4143/1800/40 4145/230/40 4146/1800/40
f 3848/1756/37 3847/56/37 4147/56/37
f 3848/1756/37 4147/56/37 4148/1756/37
f 4149/1815/37 4150/1816/37 4151/1816/37
f 4149/1815/37 4151/1816/37 4152/1815/37
f 4153/1817/36 4154/1818/36 4155/1819/36
f 4153/1817/36 4155/1819/36 4156/1789/36
f 4157/1820/35 4158/1821/35 4159/1769/35
f 4157/1820/35 4159/1769/35 116/73/35
f 4160/1822/37 4161/1823/37 4004/1773/37
f 4160/1822/37 4004/1773/37 4003/1772/37
f 4162/1824/42 4163/1825/42 4164/1776/42
f 4162/1824/42 4164/1776/42 4165/239/42
f 4166/1826/38 4167/1827/38 4168/1779/38
f 4166/1826/38 4168/1779/38 4169/235/38
f 4170/1828/36 4171/1829/36 4172/876/36
f 4170/1828/36 4172/876/36 4173/1830/36
f 4174/1831/35 4175/1832/35 4176/601/35
f 4174/1831/35 4176/601/35 4177/600/35
f 4178/1833/37 4179/1834/37 4180/605/37
f 4178/1833/37 4180/605/37 4181/604/37
f 4182/1835/42 4183/1836/42 4184/609/42
f 4182/1835/42 4184/609/42 4185/608/42
f 4186/1837/38 4187/1838/38 4188/613/38
f 4186/1837/38 4188/613/38 4189/612/38
f 4190/1839/37 4191/484/37 4192/484/37
f 4190/1839/37 4192/484/37 4193/1839/37
f 4194/1840/35 4195/1841/35 4196/1281/35
f 4194/1840/35 4196/1281/35 4197/931/35
f 4198/1842/37 4199/1843/37 4200/1284/37
f 4198/1842/37 4200/1284/37 4201/935/37
f 4202/1844/42 4203/1845/42 4204/1288/42
f 4202/1844/42 4204/1288/42 4205/1287/42
f 4206/1846/38 4207/1847/38 4208/1292/38
f 4206/1846/38 4208/1292/38 4209/1291/38
f 4210/1848/36 4211/1849/36 4212/1850/36
f 4210/1848/36 4212/1850/36 4213/1851/36
f 4214/1852/35 4215/1853/35 4216/633/35
f 4214/1852/35 4216/633/35 4217/632/35
f 4218/1854/37 4219/1855/37 4220/637/37
f 4218/1854/37 4220/637/37 4221/636/37
f 4222/1856/42 4223/1857/42 4224/641/42
f 4222/1856/42 4224/641/42 4225/640/42
f 4226/1858/38 4227/1859/38 4228/645/38
f 4226/1858/38 4228/645/38 4229/644/38
f 4230/1860/37 4231/1861/37 4232/1861/37
f 4230/1860/37 4232/1861/37 4233/1860/37
f 4234/1862/35 4235/1863/35 4236/1295/35
f 4234/1862/35 4236/1295/35 4237/927/35
f 4238/1864/37 4239/1865/37 4240/1298/37
f 4238/1864/37 4240/1298/37 4241/937/37
f 4242/1866/42 4243/1867/42 4244/1302/42
f 4242/1866/42 4244/1302/42 4245/1301/42
f 4246/1868/38 4247/1869/38 4248/1306/38
f 4246/1868/38 4248/1306/38 4249/1305/38
f 4250/468/37 4251/1870/37 4252/1870/37
f 4250/468/37 4252/1870/37 4253/468/37
f 4254/1871/35 4255/1872/35 4256/665/35
f 4254/1871/35 4256/665/35 4257/664/35
f 4258/1873/37 4259/1874/37 4260/669/37
f 4258/1873/37 4260/669/37 4261/668/37
f 4262/1875/42 4263/1876/42 4264/673/42
f 4262/1875/42 4264/673/42 4265/672/42
f 4266/1877/38 4267/1878/38 4268/677/38
f 4266/1877/38 4268/677/38 4269/676/38
f 4270/1821/42 4271/1879/42 4272/238/42
f 4270/1821/42 4272/238/42 4273/1769/42
f 4274/1879/42 4275/1824/42 376/239/42
f 4274/1879/42 376/239/42 375/238/42
f 4276/1880/38 4277/1881/38 4278/234/38
f 4276/1880/38 4278/234/38 4279/1783/38
f 4277/1881/38 4280/1826/38 4281/235/38
f 4277/1881/38 4281/235/38 4278/234/38
f 4282/1882/42 4283/1883/42 4284/697/42
f 4282/1882/42 4284/697/42 4285/696/42
f 4286/1836/42 4287/1882/42 4288/696/42
f 4286/1836/42 4288/696/42 4289/609/42
f 4290/1884/38 4291/1885/38 4292/701/38
f 4290/1884/38 4292/701/38 4293/700/38
f 4294/1838/38 4290/1884/38 4293/700/38
f 4294/1838/38 4293/700/38 4295/613/38
f 4296/1886/42 4297/1887/42 4298/1324/42
f 4296/1886/42 4298/1324/42 4299/1323/42
f 4300/1887/42 4301/1844/42 4302/1287/42
f 4300/1887/42 4302/1287/42 4303/1324/42
f 4304/1888/38 4305/1889/38 4306/1328/38
f 4304/1888/38 4306/1328/38 4307/1327/38
f 4305/1889/38 4308/1846/38 4309/1291/38
f 4305/1889/38 4309/1291/38 4306/1328/38
f 4310/1890/42 4311/1891/42 4312/711/42
f 4310/1890/42 4312/711/42 4313/710/42
f 4314/1857/42 4315/1890/42 4316/710/42
f 4314/1857/42 4316/710/42 4317/641/42
f 4318/1892/38 4319/1893/38 4320/715/38
f 4318/1892/38 4320/715/38 4321/714/38
f 4322/1859/38 4318/1892/38 4321/714/38
f 4322/1859/38 4321/714/38 4323/645/38
f 4324/1894/42 4325/1895/42 4326/1332/42
f 4324/1894/42 4326/1332/42 4327/1331/42
f 4328/1895/42 4329/1866/42 4330/1301/42
f 4328/1895/42 4330/1301/42 4331/1332/42
f 4332/1896/38 4333/1897/38 4334/1336/38
f 4332/1896/38 4334/1336/38 4335/1335/38
f 4333/1897/38 4336/1868/38 4337/1305/38
f 4333/1897/38 4337/1305/38 4334/1336/38
f 4338/1898/42 4339/1899/42 4340/725/42
f 4338/1898/42 4340/725/42 4341/724/42
f 4342/1876/42 4343/1898/42 4344/724/42
f 4342/1876/42 4344/724/42 4345/673/42
f 4346/1900/38 4347/1901/38 4348/729/38
f 4346/1900/38 4348/729/38 4349/728/38
f 4350/1878/38 4346/1900/38 4349/728/38
f 4350/1878/38 4349/728/38 4351/677/38
f 4352/1902/743 4353/1903/744 4354/1903/745
f 4352/1902/746 4354/1903/747 4355/1902/748
f 4356/1904/35 4357/1905/35 4358/1347/35
f 4356/1904/35 4358/1347/35 4359/919/35
f 4360/1906/37 4361/1907/37 4362/1350/37
f 4360/1906/37 4362/1350/37 4363/941/37
f 4364/1908/42 4365/1909/42 4366/1354/42
f 4364/1908/42 4366/1354/42 4367/1353/42
f 4368/1910/38 4369/1911/38 4370/1358/38
f 4368/1910/38 4370/1358/38 4371/1357/38
f 4372/1912/42 4373/1913/42 4374/1362/42
f 4372/1912/42 4374/1362/42 4375/1361/42
f 4376/1913/42 4377/1908/42 4378/1353/42
f 4376/1913/42 4378/1353/42 4379/1362/42
f 4380/1914/38 4381/1915/38 4382/1366/38
f 4380/1914/38 4382/1366/38 4383/1365/38
f 4384/1915/38 4385/1910/38 4386/1357/38
f 4384/1915/38 4386/1357/38 4387/1366/38
f 4388/1916/37 4389/1917/37 4390/1917/37
f 4388/1916/37 4390/1917/37 4391/1916/37
f 4392/1918/36 4393/1919/36 4394/1920/36
f 4392/1918/36 4394/1920/36 4395/1921/36
f 4396/1922/35 4397/1923/35 4398/785/35
f 4396/1922/35 4398/785/35 4399/784/35
f 4400/1924/37 4401/1925/37 4402/789/37
f 4400/1924/37 4402/789/37 4403/788/37
f 4404/1926/42 4405/1927/42 4406/793/42
f 4404/1926/42 4406/793/42 4407/792/42
f 4408/1928/38 4409/1929/38 4410/797/38
f 4408/1928/38 4410/797/38 4411/796/38
f 4412/1930/42 4413/1931/42 4414/801/42
f 4412/1930/42 4414/801/42 4415/800/42
f 4416/1927/42 4417/1930/42 4418/800/42
f 4416/1927/42 4418/800/42 4419/793/42
f 4420/1932/38 4421/1933/38 4422/805/38
f 4420/1932/38 4422/805/38 4423/804/38
f 4424/1929/38 4425/1932/38 4426/804/38
f 4424/1929/38 4426/804/38 4427/797/38
f 4428/1934/35 4429/1935/35 4430/1369/35
f 4428/1934/35 4430/1369/35 4431/917/35
f 4432/1936/37 4433/1937/37 4434/1372/37
f 4432/1936/37 4434/1372/37 4435/943/37
f 4436/1938/42 4437/1939/42 4438/1376/42
f 4436/1938/42 4438/1376/42 4439/1375/42
f 4440/1940/38 4441/1941/38 4442/1380/38
f 4440/1940/38 4442/1380/38 4443/1379/38
f 4444/1942/42 4445/1943/42 4446/1384/42
f 4444/1942/42 4446/1384/42 4447/1383/42
f 4448/1943/42 4449/1938/42 4450/1375/42
f 4448/1943/42 4450/1375/42 4451/1384/42
f 4452/1944/38 4453/1945/38 4454/1388/38
f 4452/1944/38 4454/1388/38 4455/1387/38
f 4456/1945/38 4457/1940/38 4458/1379/38
f 4456/1945/38 4458/1379/38 4459/1388/38
f 4460/423/37 4461/1946/37 4462/1946/37
f 4460/423/37 4462/1946/37 4463/423/37
f 4464/1947/35 4465/1948/35 4466/831/35
f 4464/1947/35 4466/831/35 4467/830/35
f 4468/1949/37 4469/1950/37 4470/835/37
f 4468/1949/37 4470/835/37 4471/834/37
f 4472/1951/42 4473/1952/42 4474/839/42
f 4472/1951/42 4474/839/42 4475/838/42
f 4476/1953/38 4477/1954/38 4478/843/38
f 4476/1953/38 4478/843/38 4479/842/38
f 4480/1955/42 4481/1956/42 4482/847/42
f 4480/1955/42 4482/847/42 4483/846/42
f 4484/1952/42 4485/1955/42 4486/846/42
f 4484/1952/42 4486/846/42 4487/839/42
f 4488/1957/38 4489/1958/38 4490/851/38
f 4488/1957/38 4490/851/38 4491/850/38
f 4492/1954/38 4493/1957/38 4494/850/38
f 4492/1954/38 4494/850/38 4495/843/38
f 4496/1100/36 4497/1959/36 4498/1960/36
f 4496/1100/36 4498/1960/36 4499/1100/36
f 4500/1827/36 4153/1817/36 4156/1789/36
f 4500/1827/36 4156/1789/36 4501/1779/36
f 4502/1961/35 4157/1820/35 116/73/35
f 4502/1961/35 116/73/35 115/72/35
f 4171/1829/36 4503/1962/36 4504/877/36
f 4171/1829/36 4504/877/36 4172/876/36
f 4175/1832/35 4505/1963/35 4506/1964/35
f 4175/1832/35 4506/1964/35 4176/601/35
f 4507/1965/36 4508/1966/36 4509/933/36
f 4507/1965/36 4509/933/36 4510/1413/36
f 4511/112/37 4512/1967/37 4513/1968/37
f 4511/112/37 4513/1968/37 4514/112/37
f 4515/1969/36 4516/1970/36 4517/883/36
f 4515/1969/36 4517/883/36 4518/882/36
f 4519/1971/37 4520/1972/37 4521/147/37
f 4519/1971/37 4521/147/37 4522/1971/37
f 4523/1973/36 4524/1974/36 4525/929/36
f 4523/1973/36 4525/929/36 4526/1416/36
f 4527/149/37 4528/1975/37 4529/1975/37
f 4527/149/37 4529/1975/37 4530/149/37
f 4531/1976/36 4532/1977/36 4533/889/36
f 4531/1976/36 4533/889/36 4534/888/36
f 4535/1978/37 4536/181/37 4537/181/37
f 4535/1978/37 4537/181/37 4538/1978/37
f 4539/1979/36 4540/1980/36 4541/921/36
f 4539/1979/36 4541/921/36 4542/1422/36
f 4543/1981/749 4544/1982/750 4545/1982/751
f 4543/1981/752 4545/1982/753 4546/285/754
f 4547/1983/36 4548/1984/36 4549/915/36
f 4547/1983/36 4549/915/36 4550/1425/36
f 4551/1985/36 4552/1986/36 4553/903/36
f 4551/1985/36 4553/903/36 4554/902/36
f 4555/1987/37 4556/294/37 4557/294/37
f 4555/1987/37 4557/294/37 4558/1987/37
f 4559/295/37 4560/1988/37 4561/1988/37
f 4559/295/37 4561/1988/37 4562/295/37
f 4563/1989/36 4564/1990/36 4565/907/36
f 4563/1989/36 4565/907/36 4566/906/36
f 4567/1991/37 4568/1992/37 4569/363/37
f 4567/1991/37 4569/363/37 4570/1991/37
f 4571/1993/36 4572/1993/36 3995/1752/36
f 4571/1993/36 3995/1752/36 3994/1752/36
f 4573/1994/36 4574/1994/36 3983/1758/36
f 4573/1994/36 3983/1758/36 3984/1758/36
f 4575/1995/35 4576/1995/35 858/509/35
f 4575/1995/35 858/509/35 857/509/35
f 4577/501/36 4578/504/36 861/501/36
f 4577/501/36 861/501/36 860/501/36
f 4579/362/35 4580/362/35 871/362/35
f 4579/362/35 871/362/35 874/362/35
f 4581/362/35 4582/362/35 873/362/35
f 4581/362/35 873/362/35 872/362/35
f 4583/1996/35 4584/1996/35 931/563/35
f 4583/1996/35 931/563/35 934/563/35
f 4585/1997/35 4586/1997/35 933/564/35
f 4585/1997/35 933/564/35 932/564/35
f 4587/500/35 4588/500/35 4589/500/35
f 4587/500/35 4589/500/35 4590/500/35
f 4591/1998/35 4592/1998/35 977/586/35
f 4591/1998/35 977/586/35 980/586/35
f 4593/1999/35 4594/1999/35 979/587/35
f 4593/1999/35 979/587/35 978/587/35
f 4595/2000/36 4596/2000/36 983/588/36
f 4595/2000/36 983/588/36 982/588/36
f 4597/2001/36 4598/2001/36 997/591/36
f 4597/2001/36 997/591/36 1000/591/36
f 4599/2002/35 4600/2002/35 1009/595/35
f 4599/2002/35 1009/595/35 1012/595/35
f 4601/2003/36 4602/2003/36 999/592/36
f 4601/2003/36 999/592/36 998/592/36
f 4603/1825/37 4604/2004/37 4605/1796/37
f 4603/1825/37 4605/1796/37 4606/1776/37
f 4607/2005/37 4608/2006/37 4609/949/37
f 4607/2005/37 4609/949/37 4610/948/37
f 4611/2007/37 4612/2008/37 4613/993/37
f 4611/2007/37 4613/993/37 4614/1431/37
f 4615/2009/37 4616/2010/37 4617/955/37
f 4615/2009/37 4617/955/37 4618/954/37
f 4619/2011/37 4620/2012/37 4621/991/37
f 4619/2011/37 4621/991/37 4622/1434/37
f 4623/2013/37 4624/2014/37 4625/961/37
f 4623/2013/37 4625/961/37 4626/960/37
f 4627/2015/37 4628/2016/37 4629/987/37
f 4627/2015/37 4629/987/37 4630/1440/37
f 4631/2017/37 4632/2018/37 4633/973/37
f 4631/2017/37 4633/973/37 4634/972/37
f 4635/2019/37 4636/2020/37 4637/985/37
f 4635/2019/37 4637/985/37 4638/1443/37
f 4639/2021/37 4640/2022/37 4641/979/37
f 4639/2021/37 4641/979/37 4642/978/37
f 4643/1078/755 4644/493/756 4645/493/757
f 4643/1078/746 4645/493/758 4646/1078/744
f 4647/1136/35 4648/1135/35 4649/1135/35
f 4647/1136/35 4649/1135/35 4650/1136/35
f 4651/1139/37 4652/1138/37 4653/1138/37
f 4651/1139/37 4653/1138/37 4654/1139/37
f 4655/1003/42 4656/1002/42 4657/1002/42
f 4655/1003/42 4657/1002/42 4658/1003/42
f 4659/1140/38 4660/1000/38 4661/1000/38
f 4659/1140/38 4661/1000/38 4662/1140/38
f 4663/1141/42 4664/994/42 4665/994/42
f 4663/1141/42 4665/994/42 4666/1141/42
f 4667/1143/42 4668/1003/42 4669/1003/42
f 4667/1143/42 4669/1003/42 4670/1143/42
f 4671/1004/38 4672/1007/38 4673/1007/38
f 4671/1004/38 4673/1007/38 4674/1004/38
f 4675/1007/38 4676/1140/38 4677/1140/38
f 4675/1007/38 4677/1140/38 4678/1007/38
f 4679/493/37 4680/493/37 4681/493/37
f 4679/493/37 4681/493/37 4682/493/37
f 4683/2023/36 4684/2024/36 4685/1147/36
f 4683/2023/36 4685/1147/36 4686/1148/36
f 4687/425/759 4688/425/760 4689/425/761
f 4687/425/762 4689/425/763 4690/425/760
f 4691/2025/36 4692/2025/36 4693/1019/36
f 4691/2025/36 4693/1019/36 4694/1019/36
f 4695/2026/35 4696/2026/35 1635/1012/35
f 4695/2026/35 1635/1012/35 1634/1012/35
f 4697/1152/37 4698/1150/37 4699/1150/37
f 4697/1152/37 4699/1150/37 4700/1152/37
f 4701/1135/35 4702/1136/35 4703/1136/35
f 4701/1135/35 4703/1136/35 4704/1135/35
f 4705/1138/37 4706/1139/37 4707/1139/37
f 4705/1138/37 4707/1139/37 4708/1138/37
f 4709/1002/42 4710/1003/42 4711/1003/42
f 4709/1002/42 4711/1003/42 4712/1002/42
f 4713/1000/38 4714/1140/38 4715/1140/38
f 4713/1000/38 4715/1140/38 4716/1000/38
f 4717/994/42 4718/1141/42 4719/1141/42
f 4717/994/42 4719/1141/42 4720/994/42
f 4721/1003/42 4722/1143/42 4723/1143/42
f 4721/1003/42 4723/1143/42 4724/1003/42
f 4725/1007/38 4726/1004/38 4727/1004/38
f 4725/1007/38 4727/1004/38 4728/1007/38
f 4729/1140/38 4730/1007/38 4731/1007/38
f 4729/1140/38 4731/1007/38 4732/1140/38
f 4733/1147/36 4734/1148/36 4735/1148/36
f 4733/1147/36 4735/1148/36 4736/1147/36
f 4737/425/37 4738/425/37 4739/425/37
f 4737/425/37 4739/425/37 4740/425/37
f 4741/1150/37 4742/1152/37 4743/1152/37
f 4741/1150/37 4743/1152/37 4744/1150/37
f 4745/1136/35 4746/1135/35 4747/1135/35
f 4745/1136/35 4747/1135/35 4748/1136/35
f 4749/1139/37 4750/1138/37 4751/1138/37
f 4749/1139/37 4751/1138/37 4752/1139/37
f 4753/1003/42 4754/1002/42 4755/1002/42
f 4753/1003/42 4755/1002/42 4756/1003/42
f 4757/1140/38 4758/1000/38 4759/1000/38
f 4757/1140/38 4759/1000/38 4760/1140/38
f 4761/1141/42 4762/994/42 4763/994/42
f 4761/1141/42 4763/994/42 4764/1141/42
f 4765/1143/42 4766/1003/42 4767/1003/42
f 4765/1143/42 4767/1003/42 4768/1143/42
f 4769/1004/38 4770/1007/38 4771/1007/38
f 4769/1004/38 4771/1007/38 4772/1004/38
f 4773/1007/38 4774/1140/38 4775/1140/38
f 4773/1007/38 4775/1140/38 4776/1007/38
f 4777/1148/36 4778/1147/36 4779/1147/36
f 4777/1148/36 4779/1147/36 4780/1148/36
f 4781/425/37 4782/425/37 4783/425/37
f 4781/425/37 4783/425/37 4784/425/37
f 4785/1152/37 4786/1150/37 4787/1150/37
f 4785/1152/37 4787/1150/37 4788/1152/37
f 4789/490/36 4790/490/36 3987/490/36
f 4789/490/36 3987/490/36 3986/490/36
f 4791/2027/35 4792/2027/35 1885/1072/35
f 4791/2027/35 1885/1072/35 1888/1072/35
f 4793/2028/35 4794/2028/35 1887/1073/35
f 4793/2028/35 1887/1073/35 1886/1073/35
f 4795/362/35 4796/362/35 1969/362/35
f 4795/362/35 1969/362/35 1972/362/35
f 4797/1051/37 4798/2029/37 4799/2029/37
f 4797/1051/37 4799/2029/37 4800/1051/37
f 4801/1045/38 4802/1214/38 4803/1214/38
f 4801/1045/38 4803/1214/38 4804/1045/38
f 4805/1214/38 4806/1034/38 4807/1034/38
f 4805/1214/38 4807/1034/38 4808/1214/38
f 4809/1223/35 4810/1222/35 4811/1222/35
f 4809/1223/35 4811/1222/35 4812/1223/35
f 4813/1217/42 4814/1215/42 4815/1215/42
f 4813/1217/42 4815/1215/42 4816/1217/42
f 4817/2030/36 4818/2030/36 1723/1037/36
f 4817/2030/36 1723/1037/36 1722/1037/36
f 4819/1215/42 4820/1044/42 4821/1044/42
f 4819/1215/42 4821/1044/42 4822/1215/42
f 4823/2031/35 4824/2031/35 2013/1087/35
f 4823/2031/35 2013/1087/35 2016/1087/35
f 4825/1206/37 4826/1205/37 4827/1205/37
f 4825/1206/37 4827/1205/37 4828/1206/37
f 4829/1211/36 4830/2032/36 4831/1197/36
f 4829/1211/36 4831/1197/36 4832/1211/36
f 4833/500/35 4834/500/35 2017/500/35
f 4833/500/35 2017/500/35 2020/500/35
f 4835/1040/38 4836/1045/38 4837/1045/38
f 4835/1040/38 4837/1045/38 4838/1040/38
f 4839/1044/42 4840/1043/42 4841/1043/42
f 4839/1044/42 4841/1043/42 4842/1044/42
f 4843/1202/37 4844/1220/37 4845/1220/37
f 4843/1202/37 4845/1220/37 4846/1202/37
f 4847/1067/37 4848/1067/37 4849/1067/37
f 4847/1067/37 4849/1067/37 4850/1067/37
f 4851/2033/36 4852/2033/36 2025/1093/36
f 4851/2033/36 2025/1093/36 2028/1093/36
f 4853/493/37 4854/493/37 4855/493/37
f 4853/493/37 4855/493/37 4856/493/37
f 4857/1135/35 4858/1136/35 4859/1136/35
f 4857/1135/35 4859/1136/35 4860/1135/35
f 4861/1138/37 4862/1139/37 4863/1139/37
f 4861/1138/37 4863/1139/37 4864/1138/37
f 4865/1002/42 4866/1003/42 4867/1003/42
f 4865/1002/42 4867/1003/42 4868/1002/42
f 4869/1000/38 4870/1140/38 4871/1140/38
f 4869/1000/38 4871/1140/38 4872/1000/38
f 4873/994/42 4874/1141/42 4875/1141/42
f 4873/994/42 4875/1141/42 4876/994/42
f 4877/1003/42 4878/1143/42 4879/1143/42
f 4877/1003/42 4879/1143/42 4880/1003/42
f 4881/1007/38 4882/1004/38 4883/1004/38
f 4881/1007/38 4883/1004/38 4884/1007/38
f 4885/1140/38 4886/1007/38 4887/1007/38
f 4885/1140/38 4887/1007/38 4888/1140/38
f 4889/1147/36 4890/1148/36 4891/1148/36
f 4889/1147/36 4891/1148/36 4892/1147/36
f 4893/425/37 4894/425/37 4895/425/37
f 4893/425/37 4895/425/37 4896/425/37
f 4897/362/35 4898/362/35 4899/362/35
f 4897/362/35 4899/362/35 4900/362/35
f 4901/1150/37 4902/1152/37 4903/1152/37
f 4901/1150/37 4903/1152/37 4904/1150/37
f 4905/2034/36 4906/2034/36 2027/1094/36
f 4905/2034/36 2027/1094/36 2026/1094/36
f 4907/2035/36 4908/2035/36 3993/1755/36
f 4907/2035/36 3993/1755/36 3996/1755/36
f 4909/490/36 4910/490/36 2093/490/36
f 4909/490/36 2093/490/36 2096/490/36
f 4911/2036/36 4912/2037/36 4913/2037/36
f 4911/2036/36 4913/2037/36 4914/2036/36
f 4915/1220/37 4916/1202/37 4917/1202/37
f 4915/1220/37 4917/1202/37 4918/1220/37
f 4919/1043/42 4920/1044/42 4921/1044/42
f 4919/1043/42 4921/1044/42 4922/1043/42
f 4923/1045/38 4924/1040/38 4925/1040/38
f 4923/1045/38 4925/1040/38 4926/1045/38
f 4927/1197/36 4928/1211/36 4929/1211/36
f 4927/1197/36 4929/1211/36 4930/1197/36
f 4931/1205/37 4932/1206/37 4933/1206/37
f 4931/1205/37 4933/1206/37 4934/1205/37
f 4935/490/36 4936/490/36 2095/490/36
f 4935/490/36 2095/490/36 2094/490/36
f 4937/1044/42 4938/1215/42 4939/1215/42
f 4937/1044/42 4939/1215/42 4940/1044/42
f 4941/1215/42 4942/1217/42 4943/1217/42
f 4941/1215/42 4943/1217/42 4944/1215/42
f 4945/1222/35 4946/2038/35 4947/1223/35
f 4945/1222/35 4947/1223/35 4948/1222/35
f 4949/1034/38 4950/1214/38 4951/1214/38
f 4949/1034/38 4951/1214/38 4952/1034/38
f 4953/1214/38 4954/1045/38 4955/1045/38
f 4953/1214/38 4955/1045/38 4956/1214/38
f 4957/2039/37 4958/1051/37 4959/1051/37
f 4957/2039/37 4959/1051/37 4960/1051/37
f 4961/504/36 4962/501/36 4963/501/36
f 4961/504/36 4963/501/36 4964/501/36
f 4965/490/36 4966/490/36 4967/490/36
f 4965/490/36 4967/490/36 4968/490/36
f 4969/2040/37 4970/2041/37 3889/55/37
f 4969/2040/37 3889/55/37 3848/1756/37
f 4971/1995/37 4972/2042/37 3849/1757/37
f 4971/1995/37 3849/1757/37 3890/509/37
f 4973/2043/37 4974/1996/37 3887/563/37
f 4973/2043/37 3887/563/37 3844/1753/37
f 4975/1997/37 4976/2044/37 3845/1754/37
f 4975/1997/37 3845/1754/37 3888/564/37
f 4977/2045/37 4978/1998/37 3883/586/37
f 4977/2045/37 3883/586/37 3836/1748/37
f 4979/1999/37 4980/2046/37 3837/1749/37
f 4979/1999/37 3837/1749/37 3884/587/37
f 4981/2047/37 4982/2002/37 3875/595/37
f 4981/2047/37 3875/595/37 3824/1743/37
f 4983/2026/37 4984/2048/37 4985/1740/37
f 4983/2026/37 4985/1740/37 4986/1012/37
f 4987/2049/37 4988/2027/37 3865/1072/37
f 4987/2049/37 3865/1072/37 3804/1733/37
f 4989/2028/37 4990/2050/37 3805/1734/37
f 4989/2028/37 3805/1734/37 3866/1073/37
f 4991/2051/37 4992/2031/37 3863/1087/37
f 4991/2051/37 3863/1087/37 3800/1732/37
f 4972/2042/37 4993/1994/37 3850/1758/37
f 4972/2042/37 3850/1758/37 3849/1757/37
f 4994/1993/37 4973/2043/37 3844/1753/37
f 4994/1993/37 3844/1753/37 3843/1752/37
f 4976/2044/37 4995/2035/37 3846/1755/37
f 4976/2044/37 3846/1755/37 3845/1754/37
f 4996/2034/37 4977/2045/37 3836/1748/37
f 4996/2034/37 3836/1748/37 3835/1094/37
f 4980/2046/37 4997/2033/37 3838/1093/37
f 4980/2046/37 3838/1093/37 3837/1749/37
f 4998/2030/37 4981/2047/37 3824/1743/37
f 4998/2030/37 3824/1743/37 3823/1037/37
f 4984/2048/37 4999/2025/37 5000/1019/37
f 4984/2048/37 5000/1019/37 4985/1740/37
f 5001/2003/37 4987/2049/37 3804/1733/37
f 5001/2003/37 3804/1733/37 3803/592/37
f 4990/2050/37 5002/2001/37 3806/591/37
f 4990/2050/37 3806/591/37 3805/1734/37
f 5003/2000/37 4991/2051/37 3800/1732/37
f 5003/2000/37 3800/1732/37 3799/588/37
f 5004/362/37 5005/1727/37 5006/1727/37
f 5004/362/37 5006/1727/37 5007/362/37
f 5005/1727/37 5008/490/37 5009/490/37
f 5005/1727/37 5009/490/37 5006/1727/37
f 5010/1727/37 5011/362/37 3913/362/37
f 5010/1727/37 3913/362/37 3900/1727/37
f 5012/490/37 5010/1727/37 3900/1727/37
f 5012/490/37 3900/1727/37 3899/490/37
f 5013/362/37 5014/1727/37 3901/1727/37
f 5013/362/37 3901/1727/37 3914/362/37
f 5014/1727/37 5015/490/37 3902/490/37
f 5014/1727/37 3902/490/37 3901/1727/37
f 5016/500/37 5017/1761/37 5018/1761/37
f 5016/500/37 5018/1761/37 5019/500/37
f 5017/1761/37 5020/504/37 5021/504/37
f 5017/1761/37 5021/504/37 5018/1761/37
f 5022/1727/37 5023/362/37 3969/362/37
f 5022/1727/37 3969/362/37 3966/1727/37
f 5024/490/37 5022/1727/37 3966/1727/37
f 5024/490/37 3966/1727/37 3965/490/37
f 5025/504/37 5026/1761/37 3954/1761/37
f 5025/504/37 3954/1761/37 3953/504/37
f 5026/1761/37 5027/500/37 3971/500/37
f 5026/1761/37 3971/500/37 3954/1761/37
f 5028/2040/37 4969/2040/37 3848/1756/37
f 5028/2040/37 3848/1756/37 4148/1756/37
f 4970/2041/37 5029/2041/37 5030/55/37
f 4970/2041/37 5030/55/37 3889/55/37
f 5031/82/764 5032/486/764 5033/2052/764
f 5031/82/764 5033/2052/764 5034/2053/764
f 5035/90/765 5036/87/765 5037/2054/765
f 5035/90/765 5037/2054/765 5038/2055/765
f 5039/492/766 5040/511/766 5041/2056/766
f 5039/492/766 5041/2056/766 5042/1994/766
f 5043/226/767 5044/58/767 5045/2057/767
f 5043/226/767 5045/2057/767 5046/2058/767
f 5047/240/768 5048/83/768 5049/2059/768
f 5047/240/768 5049/2059/768 5050/2060/768
f 5051/487/73 5052/85/73 5053/2061/73
f 5051/487/73 5053/2061/73 5054/2062/73
f 5055/88/50 5056/93/50 5057/2063/50
f 5055/88/50 5057/2063/50 5058/1883/50
f 5059/512/51 5060/491/51 5061/1993/51
f 5059/512/51 5061/1993/51 5062/2064/51
f 5063/59/52 5064/227/52 5065/1836/52
f 5063/59/52 5065/1836/52 5066/1835/52
f 5067/84/53 5068/241/53 5069/1838/53
f 5067/84/53 5069/1838/53 5070/1837/53
f 5071/2065/36 5072/2066/36 5073/2067/36
f 5071/2065/36 5073/2067/36 5074/2068/36
f 5075/478/765 5076/126/765 5077/1886/765
f 5075/478/765 5077/1886/765 5078/2069/765
f 5079/520/766 5080/519/766 5081/2070/766
f 5079/520/766 5081/2070/766 5082/2035/766
f 5083/218/767 5084/95/767 5085/1845/767
f 5083/218/767 5085/1845/767 5086/1844/767
f 5087/224/768 5088/122/768 5089/1847/768
f 5087/224/768 5089/1847/768 5090/1846/768
f 5091/2071/37 5092/2072/37 5093/2073/37
f 5091/2071/37 5093/2073/37 5094/2071/37
f 5095/127/50 5096/479/50 5097/2074/50
f 5095/127/50 5097/2074/50 5098/1891/50
f 5099/522/51 5100/521/51 5101/2034/51
f 5099/522/51 5101/2034/51 5102/2075/51
f 5103/96/52 5104/219/52 5105/1857/52
f 5103/96/52 5105/1857/52 5106/1856/52
f 5107/123/53 5108/225/53 5109/1859/53
f 5107/123/53 5109/1859/53 5110/1858/53
f 5111/2076/36 5112/2077/36 5113/2078/36
f 5111/2076/36 5113/2078/36 5114/2079/36
f 5115/469/765 5116/163/765 5117/1894/765
f 5115/469/765 5117/1894/765 5118/2080/765
f 5119/528/766 5120/527/766 5121/2081/766
f 5119/528/766 5121/2081/766 5122/2033/766
f 5123/208/767 5124/132/767 5125/1867/767
f 5123/208/767 5125/1867/767 5126/1866/767
f 5127/216/768 5128/159/768 5129/1869/768
f 5127/216/768 5129/1869/768 5130/1868/768
f 5131/2082/37 5132/2083/37 5133/2083/37
f 5131/2082/37 5133/2083/37 5134/2082/37
f 5135/164/50 5136/470/50 5137/2084/50
f 5135/164/50 5137/2084/50 5138/1899/50
f 5139/530/51 5140/529/51 5141/2085/51
f 5139/530/51 5141/2085/51 5142/2086/51
f 5143/133/52 5144/209/52 5145/1876/52
f 5143/133/52 5145/1876/52 5146/1875/52
f 5147/160/53 5148/217/53 5149/1878/53
f 5147/160/53 5149/1878/53 5150/1877/53
f 5151/87/767 5152/86/767 5153/2087/767
f 5151/87/767 5153/2087/767 5154/2054/767
f 5155/86/767 5156/226/767 5157/2058/767
f 5155/86/767 5157/2058/767 5158/2087/767
f 5159/62/768 5160/61/768 5161/2088/768
f 5159/62/768 5161/2088/768 5162/2089/768
f 5163/61/768 5164/240/768 5165/2060/768
f 5163/61/768 5165/2060/768 5166/2088/768
f 5167/89/52 5168/88/52 5169/1883/52
f 5167/89/52 5169/1883/52 5170/1882/52
f 5171/227/52 5172/89/52 5173/1882/52
f 5171/227/52 5173/1882/52 5174/1836/52
f 5175/64/53 5176/63/53 5177/1885/53
f 5175/64/53 5177/1885/53 5178/1884/53
f 5179/241/53 5180/64/53 5181/1884/53
f 5179/241/53 5181/1884/53 5182/1838/53
f 5183/126/767 5184/125/767 5185/1887/767
f 5183/126/767 5185/1887/767 5186/1886/767
f 5187/125/767 5188/218/767 5189/1844/767
f 5187/125/767 5189/1844/767 5190/1887/767
f 5191/99/768 5192/98/768 5193/1889/768
f 5191/99/768 5193/1889/768 5194/1888/768
f 5195/98/768 5196/224/768 5197/1846/768
f 5195/98/768 5197/1846/768 5198/1889/768
f 5199/128/52 5200/127/52 5201/1891/52
f 5199/128/52 5201/1891/52 5202/1890/52
f 5203/219/52 5204/128/52 5205/1890/52
f 5203/219/52 5205/1890/52 5206/1857/52
f 5207/101/53 5208/100/53 5209/1893/53
f 5207/101/53 5209/1893/53 5210/1892/53
f 5211/225/53 5212/101/53 5213/1892/53
f 5211/225/53 5213/1892/53 5214/1859/53
f 5215/163/767 5216/162/767 5217/1895/767
f 5215/163/767 5217/1895/767 5218/1894/767
f 5219/162/767 5220/208/767 5221/1866/767
f 5219/162/767 5221/1866/767 5222/1895/767
f 5223/136/768 5224/135/768 5225/1897/768
f 5223/136/768 5225/1897/768 5226/1896/768
f 5227/135/768 5228/216/768 5229/1868/768
f 5227/135/768 5229/1868/768 5230/1897/768
f 5231/165/52 5232/164/52 5233/1899/52
f 5231/165/52 5233/1899/52 5234/1898/52
f 5235/209/52 5236/165/52 5237/1898/52
f 5235/209/52 5237/1898/52 5238/1876/52
f 5239/138/53 5240/137/53 5241/1901/53
f 5239/138/53 5241/1901/53 5242/1900/53
f 5243/217/53 5244/138/53 5245/1900/53
f 5243/217/53 5245/1900/53 5246/1878/53
f 5247/2090/36 5248/2091/36 5249/2092/36
f 5247/2090/36 5249/2092/36 5250/2093/36
f 5251/447/765 5252/307/765 5253/1912/765
f 5251/447/765 5253/1912/765 5254/2094/765
f 5255/544/766 5256/543/766 5257/2095/766
f 5255/544/766 5257/2095/766 5258/2096/766
f 5259/273/767 5260/272/767 5261/1909/767
f 5259/273/767 5261/1909/767 5262/1908/767
f 5263/302/768 5264/269/768 5265/1911/768
f 5263/302/768 5265/1911/768 5266/1910/768
f 5267/307/767 5268/276/767 5269/1913/767
f 5267/307/767 5269/1913/767 5270/1912/767
f 5271/276/767 5272/273/767 5273/1908/767
f 5271/276/767 5273/1908/767 5274/1913/767
f 5275/299/768 5276/298/768 5277/1915/768
f 5275/299/768 5277/1915/768 5278/1914/768
f 5279/298/768 5280/302/768 5281/1910/768
f 5279/298/768 5281/1910/768 5282/1915/768
f 5283/2097/36 5284/2098/36 5285/2099/36
f 5283/2097/36 5285/2099/36 5286/2100/36
f 5287/2101/37 5288/2102/37 5289/2102/37
f 5287/2101/37 5289/2102/37 5290/2103/37
f 5291/308/50 5292/448/50 5293/2104/50
f 5291/308/50 5293/2104/50 5294/1931/50
f 5295/546/51 5296/545/51 5297/2105/51
f 5295/546/51 5297/2105/51 5298/2106/51
f 5299/275/52 5300/274/52 5301/1927/52
f 5299/275/52 5301/1927/52 5302/1926/52
f 5303/270/53 5304/303/53 5305/1929/53
f 5303/270/53 5305/1929/53 5306/1928/53
f 5307/277/52 5308/308/52 5309/1931/52
f 5307/277/52 5309/1931/52 5310/1930/52
f 5311/274/52 5312/277/52 5313/1930/52
f 5311/274/52 5313/1930/52 5314/1927/52
f 5315/301/53 5316/300/53 5317/1933/53
f 5315/301/53 5317/1933/53 5318/1932/53
f 5319/303/53 5320/301/53 5321/1932/53
f 5319/303/53 5321/1932/53 5322/1929/53
f 5323/439/765 5324/354/765 5325/1942/765
f 5323/439/765 5325/1942/765 5326/2107/765
f 5327/548/766 5328/547/766 5329/2108/766
f 5327/548/766 5329/2108/766 5330/2001/766
f 5331/312/767 5332/311/767 5333/1939/767
f 5331/312/767 5333/1939/767 5334/1938/767
f 5335/348/768 5336/347/768 5337/1941/768
f 5335/348/768 5337/1941/768 5338/1940/768
f 5339/354/767 5340/315/767 5341/1943/767
f 5339/354/767 5341/1943/767 5342/1942/767
f 5343/315/767 5344/312/767 5345/1938/767
f 5343/315/767 5345/1938/767 5346/1943/767
f 5347/344/768 5348/343/768 5349/1945/768
f 5347/344/768 5349/1945/768 5350/1944/768
f 5351/343/768 5352/348/768 5353/1940/768
f 5351/343/768 5353/1940/768 5354/1945/768
f 5355/2109/37 5356/2110/37 5357/2111/37
f 5355/2109/37 5357/2111/37 5358/2109/37
f 5359/355/50 5360/440/50 5361/2112/50
f 5359/355/50 5361/2112/50 5362/1956/50
f 5363/550/51 5364/549/51 5365/2000/51
f 5363/550/51 5365/2000/51 5366/2113/51
f 5367/314/52 5368/313/52 5369/1952/52
f 5367/314/52 5369/1952/52 5370/1951/52
f 5371/350/53 5372/349/53 5373/1954/53
f 5371/350/53 5373/1954/53 5374/1953/53
f 5375/316/52 5376/355/52 5377/1956/52
f 5375/316/52 5377/1956/52 5378/1955/52
f 5379/313/52 5380/316/52 5381/1955/52
f 5379/313/52 5381/1955/52 5382/1952/52
f 5383/346/53 5384/345/53 5385/1958/53
f 5383/346/53 5385/1958/53 5386/1957/53
f 5387/349/53 5388/346/53 5389/1957/53
f 5387/349/53 5389/1957/53 5390/1954/53
f 5391/1009/37 5392/1010/37 5393/1010/37
f 5391/1009/37 5393/1010/37 5394/1009/37
f 5395/83/764 5396/82/764 5397/2053/764
f 5395/83/764 5397/2053/764 5398/2059/764
f 5399/91/765 5400/90/765 5401/2055/765
f 5399/91/765 5401/2055/765 5402/2114/765
f 5403/85/73 5404/84/73 5405/1837/73
f 5403/85/73 5405/1837/73 5406/2061/73
f 5407/93/50 5408/92/50 5409/2115/50
f 5407/93/50 5409/2115/50 5410/2063/50
f 5411/122/764 5412/121/764 5413/2116/764
f 5411/122/764 5413/2116/764 5414/1847/764
f 5415/2117/37 5416/129/37 5417/129/37
f 5415/2117/37 5417/129/37 5418/2117/37
f 5419/124/73 5420/123/73 5421/1858/73
f 5419/124/73 5421/1858/73 5422/2118/73
f 5423/130/37 5424/2119/37 5425/2120/37
f 5423/130/37 5425/2120/37 5426/130/37
f 5427/159/764 5428/158/764 5429/2121/764
f 5427/159/764 5429/2121/764 5430/1869/764
f 5431/2122/37 5432/2123/37 5433/166/37
f 5431/2122/37 5433/166/37 5434/2122/37
f 5435/161/73 5436/160/73 5437/1877/73
f 5435/161/73 5437/1877/73 5438/2124/73
f 5439/168/37 5440/2125/37 5441/2125/37
f 5439/168/37 5441/2125/37 5442/168/37
f 5443/269/764 5444/268/764 5445/2126/764
f 5443/269/764 5445/2126/764 5446/1911/764
f 5447/2127/37 5448/306/37 5449/306/37
f 5447/2127/37 5449/306/37 5450/2127/37
f 5451/347/764 5452/356/764 5453/2128/764
f 5451/347/764 5453/2128/764 5454/1941/764
f 5455/271/73 5456/270/73 5457/1928/73
f 5455/271/73 5457/1928/73 5458/2129/73
f 5459/2130/37 5460/2131/37 5461/2131/37
f 5459/2130/37 5461/2131/37 5462/305/37
f 5463/2132/37 5464/351/37 5465/351/37
f 5463/2132/37 5465/351/37 5466/2132/37
f 5467/357/73 5468/350/73 5469/1953/73
f 5467/357/73 5469/1953/73 5470/2133/73
f 5471/353/37 5472/2134/37 5473/2135/37
f 5471/353/37 5473/2135/37 5474/353/37
f 5475/491/73 5476/491/73 5477/1993/73
f 5475/491/73 5477/1993/73 5478/1993/73
f 5479/492/764 5480/492/764 5481/1994/764
f 5479/492/764 5481/1994/764 5482/1994/764
f 5483/507/765 5484/507/765 5485/1995/765
f 5483/507/765 5485/1995/765 5486/1995/765
f 5487/501/73 5488/504/73 5489/504/73
f 5487/501/73 5489/504/73 5490/501/73
f 5491/362/50 5492/362/50 5493/362/50
f 5491/362/50 5493/362/50 5494/362/50
f 5495/362/765 5496/362/765 5497/362/765
f 5495/362/765 5497/362/765 5498/362/765
f 5499/508/50 5500/508/50 5501/1996/50
f 5499/508/50 5501/1996/50 5502/1996/50
f 5503/94/765 5504/94/765 5505/1997/765
f 5503/94/765 5505/1997/765 5506/1997/765
f 5507/500/765 5508/500/765 5509/500/765
f 5507/500/765 5509/500/765 5510/500/765
f 5511/97/50 5512/97/50 5513/1998/50
f 5511/97/50 5513/1998/50 5514/1998/50
f 5515/589/765 5516/589/765 5517/1999/765
f 5515/589/765 5517/1999/765 5518/1999/765
f 5519/549/73 5520/549/73 5521/2000/73
f 5519/549/73 5521/2000/73 5522/2000/73
f 5523/548/764 5524/548/764 5525/2001/764
f 5523/548/764 5525/2001/764 5526/2001/764
f 5527/590/50 5528/590/50 5529/2002/50
f 5527/590/50 5529/2002/50 5530/2002/50
f 5531/545/73 5532/545/73 5533/2003/73
f 5531/545/73 5533/2003/73 5534/2003/73
f 5535/58/766 5536/57/766 5537/2136/766
f 5535/58/766 5537/2136/766 5538/2057/766
f 5539/60/51 5540/59/51 5541/1835/51
f 5539/60/51 5541/1835/51 5542/2137/51
f 5543/95/766 5544/94/766 5545/1997/766
f 5543/95/766 5545/1997/766 5546/1845/766
f 5547/97/51 5548/96/51 5549/1856/51
f 5547/97/51 5549/1856/51 5550/1998/51
f 5551/132/766 5552/131/766 5553/1999/766
f 5551/132/766 5553/1999/766 5554/1867/766
f 5555/134/51 5556/133/51 5557/1875/51
f 5555/134/51 5557/1875/51 5558/2138/51
f 5559/272/766 5560/309/766 5561/2139/766
f 5559/272/766 5561/2139/766 5562/1909/766
f 5563/310/51 5564/275/51 5565/1926/51
f 5563/310/51 5565/1926/51 5566/2140/51
f 5567/311/766 5568/317/766 5569/2028/766
f 5567/311/766 5569/2028/766 5570/1939/766
f 5571/318/51 5572/314/51 5573/1951/51
f 5571/318/51 5573/1951/51 5574/2031/51
f 5575/1100/36 5576/2141/36 5577/2142/36
f 5575/1100/36 5577/2142/36 5578/2143/36
f 5579/1006/765 5580/1005/765 5581/2144/765
f 5579/1006/765 5581/2144/765 5582/1006/765
f 5583/490/766 5584/1004/766 5585/1004/766
f 5583/490/766 5585/1004/766 5586/490/766
f 5587/1003/767 5588/1002/767 5589/1002/767
f 5587/1003/767 5589/1002/767 5590/1003/767
f 5591/1001/768 5592/1000/768 5593/1000/768
f 5591/1001/768 5593/1000/768 5594/1140/768
f 5595/995/767 5596/994/767 5597/994/767
f 5595/995/767 5597/994/767 5598/1141/767
f 5599/1023/767 5600/1003/767 5601/1003/767
f 5599/1023/767 5601/1003/767 5602/1143/767
f 5603/1004/768 5604/1007/768 5605/1007/768
f 5603/1004/768 5605/1007/768 5606/1004/768
f 5607/1007/768 5608/1001/768 5609/1140/768
f 5607/1007/768 5609/1140/768 5610/1007/768
f 5611/494/37 5612/1009/37 5613/1009/37
f 5611/494/37 5613/1009/37 5614/1009/37
f 5615/997/764 5616/996/764 5617/999/764
f 5615/997/764 5617/999/764 5618/998/764
f 5619/1050/37 5620/1022/37 5621/1022/37
f 5619/1050/37 5621/1022/37 5622/1022/37
f 5623/1008/764 5624/1008/764 5625/2025/764
f 5623/1008/764 5625/2025/764 5626/2025/764
f 5627/1021/765 5628/1021/765 5629/2026/765
f 5627/1021/765 5629/2026/765 5630/2026/765
f 5631/1002/766 5632/362/766 5633/362/766
f 5631/1002/766 5633/362/766 5634/1002/766
f 5635/1005/50 5636/1006/50 5637/1006/50
f 5635/1005/50 5637/1006/50 5638/2144/50
f 5639/1004/51 5640/490/51 5641/490/51
f 5639/1004/51 5641/490/51 5642/1004/51
f 5643/1002/52 5644/1003/52 5645/1003/52
f 5643/1002/52 5645/1003/52 5646/1002/52
f 5647/1000/53 5648/1001/53 5649/1140/53
f 5647/1000/53 5649/1140/53 5650/1000/53
f 5651/994/52 5652/995/52 5653/1141/52
f 5651/994/52 5653/1141/52 5654/994/52
f 5655/1003/52 5656/1023/52 5657/1143/52
f 5655/1003/52 5657/1143/52 5658/1003/52
f 5659/1007/53 5660/1004/53 5661/1004/53
f 5659/1007/53 5661/1004/53 5662/1007/53
f 5663/1001/53 5664/1007/53 5665/1007/53
f 5663/1001/53 5665/1007/53 5666/1140/53
f 5667/999/73 5668/998/73 5669/997/73
f 5667/999/73 5669/997/73 5670/996/73
f 5671/1022/37 5672/1022/37 5673/1022/37
f 5671/1022/37 5673/1022/37 5674/1022/37
f 5675/362/51 5676/1002/51 5677/1002/51
f 5675/362/51 5677/1002/51 5678/362/51
f 5679/1006/765 5680/1005/765 5681/2144/765
f 5679/1006/765 5681/2144/765 5682/1006/765
f 5683/490/766 5684/1004/766 5685/1004/766
f 5683/490/766 5685/1004/766 5686/490/766
f 5687/1003/767 5688/1002/767 5689/1002/767
f 5687/1003/767 5689/1002/767 5690/1003/767
f 5691/1001/768 5692/1000/768 5693/1000/768
f 5691/1001/768 5693/1000/768 5694/1140/768
f 5695/995/767 5696/994/767 5697/994/767
f 5695/995/767 5697/994/767 5698/1141/767
f 5699/1023/767 5700/1003/767 5701/1003/767
f 5699/1023/767 5701/1003/767 5702/1143/767
f 5703/1004/768 5704/1007/768 5705/1007/768
f 5703/1004/768 5705/1007/768 5706/1004/768
f 5707/1007/768 5708/1001/768 5709/1140/768
f 5707/1007/768 5709/1140/768 5710/1007/768
f 5711/997/764 5712/996/764 5713/996/764
f 5711/997/764 5713/996/764 5714/997/764
f 5715/1022/37 5716/1022/37 5717/1022/37
f 5715/1022/37 5717/1022/37 5718/1022/37
f 5719/1002/766 5720/362/766 5721/362/766
f 5719/1002/766 5721/362/766 5722/1002/766
f 5723/490/73 5724/490/73 5725/490/73
f 5723/490/73 5725/490/73 5726/490/73
f 5727/310/50 5728/310/50 5729/2027/50
f 5727/310/50 5729/2027/50 5730/2027/50
f 5731/317/765 5732/317/765 5733/2028/765
f 5731/317/765 5733/2028/765 5734/2028/765
f 5735/362/50 5736/362/50 5737/362/50
f 5735/362/50 5737/362/50 5738/362/50
f 5739/1110/37 5740/1109/37 5741/1109/37
f 5739/1110/37 5741/1109/37 5742/1110/37
f 5743/1045/768 5744/1035/768 5745/1214/768
f 5743/1045/768 5745/1214/768 5746/1045/768
f 5747/1035/768 5748/1034/768 5749/1034/768
f 5747/1035/768 5749/1034/768 5750/1214/768
f 5751/1107/765 5752/1042/765 5753/1217/765
f 5751/1107/765 5753/1217/765 5754/1108/765
f 5755/1042/767 5756/1041/767 5757/1215/767
f 5755/1042/767 5757/1215/767 5758/1217/767
f 5759/1085/73 5760/1085/73 5761/2030/73
f 5759/1085/73 5761/2030/73 5762/2030/73
f 5763/1041/767 5764/1044/767 5765/1044/767
f 5763/1041/767 5765/1044/767 5766/1215/767
f 5767/318/50 5768/318/50 5769/2031/50
f 5767/318/50 5769/2031/50 5770/2031/50
f 5771/1043/766 5772/500/766 5773/500/766
f 5771/1043/766 5773/500/766 5774/1043/766
f 5775/1034/764 5776/1038/764 5777/1038/764
f 5775/1034/764 5777/1038/764 5778/1034/764
f 5779/500/50 5780/500/50 5781/500/50
f 5779/500/50 5781/500/50 5782/500/50
f 5783/1040/768 5784/1045/768 5785/1045/768
f 5783/1040/768 5785/1045/768 5786/1040/768
f 5787/1044/767 5788/1043/767 5789/1043/767
f 5787/1044/767 5789/1043/767 5790/1044/767
f 5791/501/766 5792/1040/766 5793/1040/766
f 5791/501/766 5793/1040/766 5794/501/766
f 5795/1046/37 5796/1067/37 5797/1067/37
f 5795/1046/37 5797/1067/37 5798/1046/37
f 5799/1086/764 5800/1086/764 5801/2033/764
f 5799/1086/764 5801/2033/764 5802/2033/764
f 5803/1078/37 5804/1009/37 5805/1009/37
f 5803/1078/37 5805/1009/37 5806/1009/37
f 5807/1005/50 5808/1006/50 5809/1006/50
f 5807/1005/50 5809/1006/50 5810/2144/50
f 5811/1004/51 5812/490/51 5813/490/51
f 5811/1004/51 5813/490/51 5814/1004/51
f 5815/1002/52 5816/1003/52 5817/1003/52
f 5815/1002/52 5817/1003/52 5818/1002/52
f 5819/1000/53 5820/1001/53 5821/1140/53
f 5819/1000/53 5821/1140/53 5822/1000/53
f 5823/994/52 5824/995/52 5825/1141/52
f 5823/994/52 5825/1141/52 5826/994/52
f 5827/1003/52 5828/1023/52 5829/1143/52
f 5827/1003/52 5829/1143/52 5830/1003/52
f 5831/1007/53 5832/1004/53 5833/1004/53
f 5831/1007/53 5833/1004/53 5834/1007/53
f 5835/1001/53 5836/1007/53 5837/1007/53
f 5835/1001/53 5837/1007/53 5838/1140/53
f 5839/996/73 5840/997/73 5841/997/73
f 5839/996/73 5841/997/73 5842/996/73
f 5843/2145/35 5844/2146/35 5845/2146/35
f 5843/2145/35 5845/2146/35 5846/2147/35
f 5847/362/765 5848/362/765 5849/362/765
f 5847/362/765 5849/362/765 5850/362/765
f 5851/362/51 5852/1002/51 5853/1002/51
f 5851/362/51 5853/1002/51 5854/362/51
f 5855/1099/73 5856/1099/73 5857/2034/73
f 5855/1099/73 5857/2034/73 5858/2034/73
f 5859/520/764 5860/520/764 5861/2035/764
f 5859/520/764 5861/2035/764 5862/2035/764
f 5863/490/764 5864/490/764 5865/490/764
f 5863/490/764 5865/490/764 5866/490/764
f 5867/2148/37 5868/1046/37 5869/1046/37
f 5867/2148/37 5869/1046/37 5870/2149/37
f 5871/1040/51 5872/501/51 5873/501/51
f 5871/1040/51 5873/501/51 5874/1040/51
f 5875/1043/52 5876/1044/52 5877/1044/52
f 5875/1043/52 5877/1044/52 5878/1043/52
f 5879/1045/53 5880/1040/53 5881/1040/53
f 5879/1045/53 5881/1040/53 5882/1045/53
f 5883/1039/73 5884/1034/73 5885/1034/73
f 5883/1039/73 5885/1034/73 5886/1039/73
f 5887/500/51 5888/1043/51 5889/1043/51
f 5887/500/51 5889/1043/51 5890/500/51
f 5891/490/73 5892/490/73 5893/490/73
f 5891/490/73 5893/490/73 5894/490/73
f 5895/1044/52 5896/1041/52 5897/1215/52
f 5895/1044/52 5897/1215/52 5898/1044/52
f 5899/1041/52 5900/1042/52 5901/1217/52
f 5899/1041/52 5901/1217/52 5902/1215/52
f 5903/1042/50 5904/1108/50 5905/1107/50
f 5903/1042/50 5905/1107/50 5906/1217/50
f 5907/1034/53 5908/1035/53 5909/1214/53
f 5907/1034/53 5909/1214/53 5910/1034/53
f 5911/1035/53 5912/1045/53 5913/1045/53
f 5911/1035/53 5913/1045/53 5914/1214/53
f 5915/1110/37 5916/1109/37 5917/1109/37
f 5915/1110/37 5917/1109/37 5918/1110/37
f 5919/504/764 5920/501/764 5921/501/764
f 5919/504/764 5921/501/764 5922/504/764
f 5923/490/764 5924/490/764 5925/490/764
f 5923/490/764 5925/490/764 5926/490/764
f 5927/1816/51 5928/1815/51 5929/2041/51
f 5927/1816/51 5929/2041/51 5930/2040/51
f 5931/507/766 5932/1759/766 5933/2042/766
f 5931/507/766 5933/2042/766 5934/1995/766
f 5935/1760/51 5936/508/51 5937/1996/51
f 5935/1760/51 5937/1996/51 5938/2043/51
f 5939/94/766 5940/1750/766 5941/2044/766
f 5939/94/766 5941/2044/766 5942/1997/766
f 5943/1751/51 5944/97/51 5945/1998/51
f 5943/1751/51 5945/1998/51 5946/2045/51
f 5947/589/766 5948/1746/766 5949/2046/766
f 5947/589/766 5949/2046/766 5950/1999/766
f 5951/1747/51 5952/590/51 5953/2002/51
f 5951/1747/51 5953/2002/51 5954/2047/51
f 5955/1021/766 5956/1737/766 5957/2048/766
f 5955/1021/766 5957/2048/766 5958/2026/766
f 5959/1738/51 5960/310/51 5961/2027/51
f 5959/1738/51 5961/2027/51 5962/2049/51
f 5963/317/766 5964/1735/766 5965/2050/766
f 5963/317/766 5965/2050/766 5966/2028/766
f 5967/1736/51 5968/318/51 5969/2031/51
f 5967/1736/51 5969/2031/51 5970/2051/51
f 5971/1759/766 5972/492/766 5973/1994/766
f 5971/1759/766 5973/1994/766 5974/2042/766
f 5975/491/51 5976/1760/51 5977/2043/51
f 5975/491/51 5977/2043/51 5978/1993/51
f 5979/1750/766 5980/520/766 5981/2035/766
f 5979/1750/766 5981/2035/766 5982/2044/766
f 5983/1099/51 5984/1751/51 5985/2045/51
f 5983/1099/51 5985/2045/51 5986/2034/51
f 5987/1746/766 5988/1086/766 5989/2033/766
f 5987/1746/766 5989/2033/766 5990/2046/766
f 5991/1085/51 5992/1747/51 5993/2047/51
f 5991/1085/51 5993/2047/51 5994/2030/51
f 5995/1737/766 5996/1008/766 5997/2025/766
f 5995/1737/766 5997/2025/766 5998/2048/766
f 5999/545/51 6000/1738/51 6001/2049/51
f 5999/545/51 6001/2049/51 6002/2003/51
f 6003/1735/766 6004/548/766 6005/2001/766
f 6003/1735/766 6005/2001/766 6006/2050/766
f 6007/549/51 6008/1736/51 6009/2051/51
f 6007/549/51 6009/2051/51 6010/2000/51
f 6011/362/766 6012/1727/766 6013/1727/766
f 6011/362/766 6013/1727/766 6014/362/766
f 6015/1727/766 6016/490/766 6017/490/766
f 6015/1727/766 6017/490/766 6018/1727/766
f 6019/1727/51 6020/362/51 6021/362/51
f 6019/1727/51 6021/362/51 6022/1727/51
f 6023/490/51 6024/1727/51 6025/1727/51
f 6023/490/51 6025/1727/51 6026/490/51
f 6027/362/766 6028/1727/766 6029/1727/766
f 6027/362/766 6029/1727/766 6030/362/766
f 6031/1727/766 6032/490/766 6033/490/766
f 6031/1727/766 6033/490/766 6034/1727/766
f 6035/500/766 6036/1761/766 6037/1761/766
f 6035/500/766 6037/1761/766 6038/500/766
f 6039/1761/766 6040/504/766 6041/504/766
f 6039/1761/766 6041/504/766 6042/1761/766
f 6043/1727/51 6044/362/51 6045/362/51
f 6043/1727/51 6045/362/51 6046/1727/51
f 6047/490/51 6048/1727/51 6049/1727/51
f 6047/490/51 6049/1727/51 6050/490/51
f 6051/504/51 6052/1761/51 6053/1761/51
f 6051/504/51 6053/1761/51 6054/504/51
f 6055/1761/51 6056/500/51 6057/500/51
f 6055/1761/51 6057/500/51 6058/1761/51
f 6059/1816/769 6060/1816/769 6061/2040/769
f 6059/1816/769 6061/2040/769 6062/2040/769
f 6063/1815/770 6064/1815/770 6065/2041/770
f 6063/1815/770 6065/2041/770 6066/2041/770
f 6067/2150/764 6068/2151/764 6069/2152/764
f 6067/2150/764 6069/2152/764 6070/2153/764
f 6071/2151/771 6072/2154/771 6073/2155/771
f 6071/2151/771 6073/2155/771 6074/2152/771
f 6075/2156/39 6076/2157/39 6077/2157/39
f 6075/2156/39 6077/2157/39 6078/2156/39
f 6079/2157/109 6080/2158/109 6081/2158/109
f 6079/2157/109 6081/2158/109 6082/2157/109
f 6083/2159/764 6084/2160/764 6085/1789/764
f 6083/2159/764 6085/1789/764 6086/1819/764
f 6087/2160/771 6088/2161/771 6089/1792/771
f 6087/2160/771 6089/1792/771 6090/1789/771
f 6091/2162/764 6092/2163/764 6093/2156/764
f 6091/2162/764 6093/2156/764 6094/2157/764
f 6095/2164/771 6096/2162/771 6097/2157/771
f 6095/2164/771 6097/2157/771 6098/2158/771
f 6099/2153/772 6100/2152/773 6101/2165/774
f 6099/2153/775 6101/2165/776 6102/2166/777
f 6103/2152/778 6104/2155/779 6105/2167/780
f 6103/2152/781 6105/2167/782 6106/2165/783
f 6107/2151/784 6108/2150/785 6109/2168/786
f 6107/2151/787 6109/2168/788 6110/2169/785
f 6111/2154/789 6112/2151/790 6113/2169/791
f 6111/2154/792 6113/2169/793 6114/2170/794
f 6115/2171/40 6116/2172/40 6117/2173/40
f 6115/2171/40 6117/2173/40 6118/2174/40
f 6119/2175/40 6120/2176/40 6121/2177/40
f 6119/2175/40 6121/2177/40 6122/2178/40
f 6123/2179/40 6115/2171/40 6118/2174/40
f 6123/2179/40 6118/2174/40 6124/2180/40
f 6116/2172/40 6125/2175/40 6126/2178/40
f 6116/2172/40 6126/2178/40 6117/2173/40
f 6127/2181/37 6128/2182/37 6129/2182/37
f 6127/2181/37 6129/2182/37 6130/2181/37
f 6131/2183/40 6132/2184/40 6133/2185/40
f 6131/2183/40 6133/2185/40 6134/2186/40
f 6135/2187/40 6136/2188/40 6137/2189/40
f 6135/2187/40 6137/2189/40 6138/2190/40
f 6139/2184/40 6140/2191/40 6141/2192/40
f 6139/2184/40 6141/2192/40 6142/2185/40
f 6143/2193/40 6144/2194/40 6145/2195/40
f 6143/2193/40 6145/2195/40 6146/2196/40
f 6147/2188/40 6148/2197/40 6149/2198/40
f 6147/2188/40 6149/2198/40 6150/2189/40
f 6151/2199/40 6152/2187/40 6153/2200/40
f 6151/2199/40 6153/2200/40 6154/2201/40
f 6155/2202/40 6156/2199/40 6157/2203/40
f 6155/2202/40 6157/2203/40 6158/2204/40
f 6159/2205/40 6160/2202/40 6161/2204/40
f 6159/2205/40 6161/2204/40 6162/2206/40
f 6163/2207/40 6164/2193/40 6165/2196/40
f 6163/2207/40 6165/2196/40 6166/2208/40
f 6167/2191/40 6168/2207/40 6169/2209/40
f 6167/2191/40 6169/2209/40 6170/2210/40
f 6171/1128/37 6172/2211/37 6173/2211/37
f 6171/1128/37 6173/2211/37 6174/1128/37
f 6175/2176/40 6131/2183/40 6134/2186/40
f 6175/2176/40 6134/2186/40 6176/2177/40
f 6148/2197/40 6123/2179/40 6124/2180/40
f 6148/2197/40 6124/2180/40 6149/2198/40
f 6177/2171/109 6178/2172/109 6179/2172/109
f 6177/2171/109 6179/2172/109 6180/2171/109
f 6181/2175/36 6182/2176/36 6183/2176/36
f 6181/2175/36 6183/2176/36 6184/2175/36
f 6185/2179/35 6186/2171/35 6187/2171/35
f 6185/2179/35 6187/2171/35 6188/2179/35
f 6189/2172/109 6190/2175/109 6191/2175/109
f 6189/2172/109 6191/2175/109 6192/2172/109
f 6193/2194/35 6194/2212/35 6195/2212/35
f 6193/2194/35 6195/2212/35 6196/2194/35
f 6197/2183/109 6198/2184/109 6199/2184/109
f 6197/2183/109 6199/2184/109 6200/2183/109
f 6201/2187/795 6202/2188/795 6203/2188/795
f 6201/2187/795 6203/2188/795 6204/2187/795
f 6205/2184/796 6206/2191/796 6207/2191/796
f 6205/2184/796 6207/2191/796 6208/2184/796
f 6209/2193/35 6210/2194/35 6211/2194/35
f 6209/2193/35 6211/2194/35 6212/2193/35
f 6213/2188/109 6214/2197/109 6215/2197/109
f 6213/2188/109 6215/2197/109 6216/2188/109
f 6217/2199/795 6218/2187/795 6219/2187/795
f 6217/2199/795 6219/2187/795 6220/2199/795
f 6221/2202/795 6222/2199/795 6223/2199/795
f 6221/2202/795 6223/2199/795 6224/2202/795
f 6225/2205/36 6226/2202/36 6227/2202/36
f 6225/2205/36 6227/2202/36 6228/2205/36
f 6229/2207/796 6230/2193/796 6231/2193/796
f 6229/2207/796 6231/2193/796 6232/2207/796
f 6233/2191/796 6234/2207/796 6235/2207/796
f 6233/2191/796 6235/2207/796 6236/2191/796
f 6237/2213/36 6238/2205/36 6239/2205/36
f 6237/2213/36 6239/2205/36 6240/2213/36
f 6241/2176/36 6242/2183/36 6243/2183/36
f 6241/2176/36 6243/2183/36 6244/2176/36
f 6245/2197/35 6185/2179/35 6188/2179/35
f 6245/2197/35 6188/2179/35 6246/2197/35
f 6247/2214/36 6248/2215/36 6249/1830/36
f 6247/2214/36 6249/1830/36 6250/876/36
f 6251/2216/35 6252/2217/35 6253/601/35
f 6251/2216/35 6253/601/35 6254/1964/35
f 6255/2218/797 6256/2219/798 6257/419/799
f 6255/2218/800 6257/419/801 6258/420/798
f 6259/2220/50 6260/2221/50 6261/397/50
f 6259/2220/50 6261/397/50 6262/400/50
f 6263/2222/73 6264/2218/73 6265/420/73
f 6263/2222/73 6265/420/73 6266/427/73
f 6267/2223/802 6268/2224/803 6269/429/804
f 6267/2223/805 6269/429/806 6270/428/807
f 6271/2225/35 6272/2226/35 6273/911/35
f 6271/2225/35 6273/911/35 6274/831/35
f 6275/2111/36 6276/436/36 6277/356/36
f 6275/2111/36 6277/356/36 6278/357/36
f 6279/351/35 6280/353/35 6281/440/35
f 6279/351/35 6281/440/35 6282/439/35
f 6283/2227/36 6284/2228/36 6285/906/36
f 6283/2227/36 6285/906/36 6286/913/36
f 6287/2229/36 6288/2230/36 6289/902/36
f 6287/2229/36 6289/902/36 6290/915/36
f 6291/306/35 6292/305/35 6293/448/35
f 6291/306/35 6293/448/35 6294/447/35
f 6295/2231/35 6296/2232/35 6297/917/35
f 6295/2231/35 6297/917/35 6298/785/35
f 6299/2233/808 6300/2234/809 6301/919/810
f 6299/2233/811 6301/919/812 6302/739/809
f 6303/2235/813 6304/2236/814 6305/894/815
f 6303/2235/816 6305/894/817 6306/921/814
f 6307/2102/36 6308/457/36 6309/268/36
f 6307/2102/36 6309/268/36 6310/271/36
f 6311/2237/50 6312/2238/50 6313/246/50
f 6311/2237/50 6313/246/50 6314/249/50
f 6315/2239/73 6316/2240/73 6317/199/73
f 6315/2239/73 6317/199/73 6318/461/73
f 6319/2240/797 6320/2241/798 6321/196/799
f 6319/2240/800 6321/196/801 6322/199/798
f 6323/2242/802 6324/2243/803 6325/464/804
f 6323/2242/805 6325/464/806 6326/463/807
f 6327/2244/35 6328/2245/35 6329/923/35
f 6327/2244/35 6329/923/35 6330/665/35
f 6331/2246/36 6332/2247/36 6333/888/36
f 6331/2246/36 6333/888/36 6334/925/36
f 6335/166/35 6336/168/35 6337/470/35
f 6335/166/35 6337/470/35 6338/469/35
f 6339/2083/36 6340/471/36 6341/158/36
f 6339/2083/36 6341/158/36 6342/161/36
f 6343/2248/35 6344/2249/35 6345/927/35
f 6343/2248/35 6345/927/35 6346/633/35
f 6347/2250/36 6348/2251/36 6349/882/36
f 6347/2250/36 6349/882/36 6350/929/36
f 6351/129/35 6352/130/35 6353/479/35
f 6351/129/35 6353/479/35 6354/478/35
f 6355/2073/36 6356/480/36 6357/121/36
f 6355/2073/36 6357/121/36 6358/124/36
f 6359/2217/35 6360/2252/35 6361/931/35
f 6359/2217/35 6361/931/35 6362/601/35
f 6363/2253/36 6364/2214/36 6365/876/36
f 6363/2253/36 6365/876/36 6366/933/36
f 6367/2254/813 6368/2255/814 6369/1147/815
f 6367/2254/816 6369/1147/817 6370/1147/814
f 6371/2256/808 6372/2257/809 6373/1136/810
f 6371/2256/811 6373/1136/812 6374/1136/809
f 6375/1022/35 6376/1022/35 6377/1006/35
f 6375/1022/35 6377/1006/35 6378/1006/35
f 6379/1010/36 6380/1009/36 6381/996/36
f 6379/1010/36 6381/996/36 6382/999/36
f 6383/2254/36 6384/2254/36 6385/1147/36
f 6383/2254/36 6385/1147/36 6386/1147/36
f 6387/2257/35 6388/2257/35 6389/1136/35
f 6387/2257/35 6389/1136/35 6390/1136/35
f 6391/2258/36 6392/2258/36 6393/2032/36
f 6391/2258/36 6393/2032/36 6394/2032/36
f 6395/2259/36 6396/2259/36 6397/427/36
f 6395/2259/36 6397/427/36 6398/427/36
f 6399/2260/35 6400/2261/35 6401/397/35
f 6399/2260/35 6401/397/35 6402/397/35
f 6403/2261/50 6404/2262/50 6405/2263/50
f 6403/2261/50 6405/2263/50 6406/397/50
f 6407/2264/73 6408/2265/73 6409/1054/73
f 6407/2264/73 6409/1054/73 6410/2266/73
f 6411/2267/35 6412/2267/35 6413/2038/35
f 6411/2267/35 6413/2038/35 6414/2038/35
f 6415/1046/36 6416/1046/36 6417/1038/36
f 6415/1046/36 6417/1038/36 6418/1039/36
f 6419/1109/35 6420/1110/35 6421/1108/35
f 6419/1109/35 6421/1108/35 6422/1107/35
f 6423/1022/35 6424/1022/35 6425/1006/35
f 6423/1022/35 6425/1006/35 6426/1006/35
f 6427/1009/36 6428/1009/36 6429/996/36
f 6427/1009/36 6429/996/36 6430/996/36
f 6431/2257/35 6432/2257/35 6433/1136/35
f 6431/2257/35 6433/1136/35 6434/1136/35
f 6435/2254/36 6436/2254/36 6437/1147/36
f 6435/2254/36 6437/1147/36 6438/1147/36
f 6439/2267/35 6440/2267/35 6441/2038/35
f 6439/2267/35 6441/2038/35 6442/2038/35
f 6443/2258/36 6444/2258/36 6445/2032/36
f 6443/2258/36 6445/2032/36 6446/2032/36
f 6447/2268/73 6448/2264/73 6449/2266/73
f 6447/2268/73 6449/2266/73 6450/2269/73
f 6451/2262/50 6452/2270/50 6453/2271/50
f 6451/2262/50 6453/2271/50 6454/2263/50
f 6455/2264/36 6456/2264/36 6457/2266/36
f 6455/2264/36 6457/2266/36 6458/2266/36
f 6459/2262/35 6460/2262/35 6461/2263/35
f 6459/2262/35 6461/2263/35 6462/2263/35
f 6463/2272/36 6363/2253/36 6366/933/36
f 6463/2272/36 6366/933/36 6464/1966/36
f 6360/2252/35 6465/2273/35 6466/1840/35
f 6360/2252/35 6466/1840/35 6361/931/35
f 6348/2251/36 6467/2274/36 6468/1969/36
f 6348/2251/36 6468/1969/36 6349/882/36
f 6469/2275/35 6343/2248/35 6346/633/35
f 6469/2275/35 6346/633/35 6470/1853/35
f 6471/2276/36 6347/2250/36 6350/929/36
f 6471/2276/36 6350/929/36 6472/1974/36
f 6344/2249/35 6473/2277/35 6474/1862/35
f 6344/2249/35 6474/1862/35 6345/927/35
f 6475/2247/36 6476/2278/36 6477/1976/36
f 6475/2247/36 6477/1976/36 6478/888/36
f 6479/2279/35 6327/2244/35 6330/665/35
f 6479/2279/35 6330/665/35 6480/1872/35
f 6481/2280/36 6482/2235/36 6483/921/36
f 6481/2280/36 6483/921/36 6484/1980/36
f 6485/2234/35 6486/2281/35 6487/1904/35
f 6485/2234/35 6487/1904/35 6488/919/35
f 6489/2282/36 6287/2229/36 6290/915/36
f 6489/2282/36 6290/915/36 6490/1984/36
f 6288/2230/36 6491/2283/36 6492/1985/36
f 6288/2230/36 6492/1985/36 6289/902/36
f 6493/2284/35 6295/2231/35 6298/785/35
f 6493/2284/35 6298/785/35 6494/1923/35
f 6296/2232/35 6495/2285/35 6496/1934/35
f 6296/2232/35 6496/1934/35 6297/917/35
f 6284/2228/36 6497/2286/36 6498/1989/36
f 6284/2228/36 6498/1989/36 6285/906/36
f 6499/2287/35 6271/2225/35 6274/831/35
f 6499/2287/35 6274/831/35 6500/1948/35
f 6384/2254/36 6501/2254/36 6502/1147/36
f 6384/2254/36 6502/1147/36 6385/1147/36
f 6503/2288/36 6504/2254/36 6505/1147/36
f 6503/2288/36 6505/1147/36 6506/2024/36
f 6507/2257/35 6508/2257/35 6509/1136/35
f 6507/2257/35 6509/1136/35 6510/1136/35
f 6511/2254/36 6383/2254/36 6386/1147/36
f 6511/2254/36 6386/1147/36 6512/1147/36
f 6513/2257/35 6387/2257/35 6390/1136/35
f 6513/2257/35 6390/1136/35 6514/1136/35
f 6388/2257/35 6515/2257/35 6516/1136/35
f 6388/2257/35 6516/1136/35 6389/1136/35
f 6412/2267/35 6517/2289/35 6518/1223/35
f 6412/2267/35 6518/1223/35 6413/2038/35
f 6519/2258/36 6391/2258/36 6394/2032/36
f 6519/2258/36 6394/2032/36 6520/2032/36
f 6436/2254/36 6521/2254/36 6522/1147/36
f 6436/2254/36 6522/1147/36 6437/1147/36
f 6523/2257/35 6431/2257/35 6434/1136/35
f 6523/2257/35 6434/1136/35 6524/1136/35
f 6525/2258/36 6526/2290/36 6527/1197/36
f 6525/2258/36 6527/1197/36 6528/2032/36
f 6529/2267/35 6530/2267/35 6531/2038/35
f 6529/2267/35 6531/2038/35 6532/2038/35
f 6533/480/764 6534/481/764 6535/2116/764
f 6533/480/764 6535/2116/764 6536/121/764
f 6537/2117/765 6538/129/765 6539/478/765
f 6537/2117/765 6539/478/765 6540/2069/765
f 6541/2071/73 6542/2073/73 6543/124/73
f 6541/2071/73 6543/124/73 6544/2118/73
f 6545/130/50 6546/2120/50 6547/2074/50
f 6545/130/50 6547/2074/50 6548/479/50
f 6549/471/764 6550/473/764 6551/2121/764
f 6549/471/764 6551/2121/764 6552/158/764
f 6553/2122/765 6554/166/765 6555/469/765
f 6553/2122/765 6555/469/765 6556/2080/765
f 6557/2082/73 6558/2083/73 6559/161/73
f 6557/2082/73 6559/161/73 6560/2124/73
f 6561/168/50 6562/2125/50 6563/2084/50
f 6561/168/50 6563/2084/50 6564/470/50
f 6565/457/764 6566/456/764 6567/2126/764
f 6565/457/764 6567/2126/764 6568/268/764
f 6569/2127/765 6570/306/765 6571/447/765
f 6569/2127/765 6571/447/765 6572/2094/765
f 6573/436/764 6574/438/764 6575/2128/764
f 6573/436/764 6575/2128/764 6576/356/764
f 6577/2103/73 6578/2102/73 6579/271/73
f 6577/2103/73 6579/271/73 6580/2129/73
f 6581/305/50 6582/2131/50 6583/2104/50
f 6581/305/50 6583/2104/50 6584/448/50
f 6585/2132/765 6586/351/765 6587/439/765
f 6585/2132/765 6587/439/765 6588/2107/765
f 6589/2109/73 6590/2111/73 6591/357/73
f 6589/2109/73 6591/357/73 6592/2133/73
f 6593/353/50 6594/2135/50 6595/2112/50
f 6593/353/50 6595/2112/50 6596/440/50
f 6597/1009/73 6598/1010/73 6599/999/73
f 6597/1009/73 6599/999/73 6600/996/73
f 6601/1009/764 6602/1010/764 6603/999/764
f 6601/1009/764 6603/999/764 6604/996/764
f 6605/1022/765 6606/1022/765 6607/1006/765
f 6605/1022/765 6607/1006/765 6608/1006/765
f 6609/1009/764 6610/1009/764 6611/996/764
f 6609/1009/764 6611/996/764 6612/996/764
f 6613/1022/50 6614/1022/50 6615/1006/50
f 6613/1022/50 6615/1006/50 6616/1006/50
f 6617/1022/765 6618/1022/765 6619/1006/765
f 6617/1022/765 6619/1006/765 6620/1006/765
f 6621/1110/765 6622/1109/765 6623/1107/765
f 6621/1110/765 6623/1107/765 6624/1108/765
f 6625/1046/764 6626/1067/764 6627/1038/764
f 6625/1046/764 6627/1038/764 6628/1038/764
f 6629/1009/73 6630/1009/73 6631/996/73
f 6629/1009/73 6631/996/73 6632/996/73
f 6633/1022/50 6634/1022/50 6635/1006/50
f 6633/1022/50 6635/1006/50 6636/1006/50
f 6637/2149/73 6638/1046/73 6639/1039/73
f 6637/2149/73 6639/1039/73 6640/1039/73
f 6641/1110/50 6642/1109/50 6643/1107/50
f 6641/1110/50 6643/1107/50 6644/1108/50
f 6645/2291/40 6646/2292/40 6647/2194/40
f 6645/2291/40 6647/2194/40 6648/2212/40
f 6649/2293/40 6650/2294/40 6651/2213/40
f 6649/2293/40 6651/2213/40 6652/2205/40
f 6653/2292/40 6654/2295/40 6655/2296/40
f 6653/2292/40 6655/2296/40 6656/2194/40
f 6657/2297/40 6658/2293/40 6659/2205/40
f 6657/2297/40 6659/2205/40 6660/2298/40
f 6661/2299/36 6662/2300/36 6663/2301/36
f 6661/2299/36 6663/2301/36 6664/2302/36
f 6665/2303/35 6666/2304/35 6667/2305/35
f 6665/2303/35 6667/2305/35 6668/2306/35
f 6669/2307/818 6670/1100/819 6671/444/818
f 6669/2307/820 6671/444/820 6672/2308/821
f 6673/2309/822 6674/2310/823 6675/2311/824
f 6673/2309/825 6675/2311/826 6676/2312/823
f 6677/2313/827 6678/565/828 6679/565/829
f 6677/2313/830 6679/565/831 6680/2314/828
f 6681/1100/832 6682/2315/833 6683/2316/834
f 6681/1100/835 6683/2316/836 6684/1100/833
f 6685/2317/35 6686/2318/35 6687/2319/35
f 6685/2317/35 6687/2319/35 6688/2320/35
f 6689/2100/73 6690/2321/73 6691/2322/73
f 6689/2100/73 6691/2322/73 6692/2323/73
f 6693/2324/50 6694/2325/50 6695/2318/50
f 6693/2324/50 6695/2318/50 6696/2326/50
f 6697/396/837 6698/421/837 6699/421/837
f 6697/396/838 6699/421/838 6700/396/838
f 6701/2327/36 6702/2328/36 6703/1921/36
f 6701/2327/36 6703/1921/36 6704/1920/36
f 6705/2329/50 6706/2330/50 6707/2331/50
f 6705/2329/50 6707/2331/50 6708/2332/50
f 6709/2333/35 6710/2334/35 6711/2335/35
f 6709/2333/35 6711/2335/35 6712/2336/35
f 6713/2337/35 6714/2338/35 6715/2339/35
f 6713/2337/35 6715/2339/35 6716/2340/35
f 6717/2341/839 6718/2342/840 6719/2343/841
f 6717/2341/842 6719/2343/843 6720/2344/840
f 6721/2093/73 6722/2092/73 6723/2345/73
f 6721/2093/73 6723/2345/73 6724/2346/73
f 6725/2347/844 6726/2348/845 6727/2340/846
f 6725/2347/847 6727/2340/848 6728/2349/845
f 6729/1903/838 6730/2350/838 6731/2350/838
f 6729/1903/849 6731/2350/849 6732/1903/849
f 6733/2351/36 6734/2352/36 6735/2353/36
f 6733/2351/36 6735/2353/36 6736/2354/36
f 6737/2354/850 6738/2353/851 6739/2355/852
f 6737/2354/853 6739/2355/854 6740/2343/851
f 6741/2356/35 6742/2357/35 6743/2358/35
f 6741/2356/35 6743/2358/35 6744/2359/35
f 6745/2359/35 6746/2358/35 6747/2360/35
f 6745/2359/35 6747/2360/35 6748/2361/35
f 6749/2362/50 6750/2363/50 6751/2357/50
f 6749/2362/50 6751/2357/50 6752/2364/50
f 6753/2079/73 6754/2365/73 6755/2366/73
f 6753/2079/73 6755/2366/73 6756/2367/73
f 6757/2368/35 6758/2369/35 6759/2370/35
f 6757/2368/35 6759/2370/35 6760/2371/35
f 6761/2372/36 6762/2373/36 4213/1851/36
f 6761/2372/36 4213/1851/36 6763/2374/36
f 6764/2375/50 6765/2376/50 6766/2377/50
f 6764/2375/50 6766/2377/50 6767/2378/50
f 6768/2068/73 6769/2379/73 6770/2380/73
f 6768/2068/73 6770/2380/73 6771/2381/73
f 6772/2382/36 6773/2383/36 6774/442/36
f 6772/2382/36 6774/442/36 6775/441/36
f 6776/2384/39 6777/110/39 6778/110/39
f 6776/2384/39 6778/110/39 6779/2384/39
f 6780/2385/35 6781/2319/35 6782/2310/35
f 6780/2385/35 6782/2310/35 6783/2386/35
f 6784/2387/855 6785/2388/856 6786/2388/857
f 6784/2387/858 6786/2388/859 6787/2387/860
f 6788/2389/50 6789/2146/50 6790/565/50
f 6788/2389/50 6790/565/50 6791/2390/50
f 6792/2143/73 6793/2142/73 6794/2391/73
f 6792/2143/73 6794/2391/73 6795/1100/73
f 6796/2392/36 6797/1100/36 6798/1100/36
f 6796/2392/36 6798/1100/36 6799/2393/36
f 6800/565/35 6801/2394/35 6802/2395/35
f 6800/565/35 6802/2395/35 6803/565/35
f 6804/2396/73 6805/2036/73 6806/2397/73
f 6804/2396/73 6806/2397/73 6807/2398/73
f 6808/2399/35 6809/565/35 6810/565/35
f 6808/2399/35 6810/565/35 6811/2399/35
f 6812/2400/50 6813/2401/50 6814/2402/50
f 6812/2400/50 6814/2402/50 6815/565/50
f 6816/2403/35 6817/2400/35 6818/2400/35
f 6816/2403/35 6818/2400/35 6819/2403/35
f 6820/1100/36 6821/1101/36 6822/1101/36
f 6820/1100/36 6822/1101/36 6823/1100/36
f 6824/2400/35 6825/2404/35 6826/2403/35
f 6824/2400/35 6826/2403/35 6827/2400/35
f 6828/2405/764 6829/2406/764 6830/2036/764
f 6828/2405/764 6830/2036/764 6831/2407/764
f 6832/2403/50 6833/2408/50 6834/2400/50
f 6832/2403/50 6834/2400/50 6835/2409/50
f 6836/2146/861 6837/2145/861 6838/2394/861
f 6836/2146/862 6838/2394/862 6839/565/862
f 6840/2410/764 6841/1100/764 6842/1100/764
f 6840/2410/764 6842/1100/764 6843/2411/764
f 6844/2399/35 6845/565/35 6846/565/35
f 6844/2399/35 6846/565/35 6847/2402/35
f 6848/493/37 6849/493/37 6850/493/37
f 6848/493/37 6850/493/37 6851/493/37
f 6852/2412/35 6853/2400/35 6854/2400/35
f 6852/2412/35 6854/2400/35 6855/2412/35
f 6856/2036/36 6857/2413/36 6858/2413/36
f 6856/2036/36 6858/2413/36 6859/2036/36
f 6860/2414/50 6861/2415/50 6862/2409/50
f 6860/2414/50 6862/2409/50 6863/2400/50
f 6864/2416/73 6865/2417/73 6866/2036/73
f 6864/2416/73 6866/2036/73 6867/2413/73
f 6868/2036/36 6869/2418/36 6870/2037/36
f 6868/2036/36 6870/2037/36 6871/2036/36
f 6872/2419/36 6873/2143/36 6874/1100/36
f 6872/2419/36 6874/1100/36 6875/2316/36
f 6876/2420/36 6877/2421/36 6664/2302/36
f 6876/2420/36 6664/2302/36 6663/2301/36
f 6878/1861/37 6879/2422/37 6880/476/37
f 6878/1861/37 6880/476/37 6881/1861/37
f 6882/2423/35 6883/2424/35 6884/2371/35
f 6882/2423/35 6884/2371/35 6885/2370/35
f 6886/2425/765 6887/2426/765 6888/2427/765
f 6886/2425/765 6888/2427/765 6889/2428/765
f 6890/2381/36 6891/2429/36 6892/2430/36
f 6890/2381/36 6892/2430/36 4210/1848/36
f 6893/2431/765 6894/2432/765 6895/2433/765
f 6893/2431/765 6895/2433/765 6896/2368/765
f 6897/2367/36 6898/2434/36 6899/2352/36
f 6897/2367/36 6899/2352/36 6900/2351/36
f 6901/2435/764 6902/2090/764 6903/243/764
f 6901/2435/764 6903/243/764 6904/242/764
f 6905/2342/863 6906/2436/864 6907/2437/865
f 6905/2342/866 6907/2437/867 6908/244/864
f 6909/2438/765 6910/2439/765 6911/2338/765
f 6909/2438/765 6911/2338/765 6912/2337/765
f 6913/1917/37 6914/445/37 6915/445/37
f 6913/1917/37 6915/445/37 6916/1917/37
f 6917/2440/35 6918/2441/35 6919/2336/35
f 6917/2440/35 6919/2336/35 6920/2442/35
f 6921/2443/868 6922/2444/869 6923/2445/868
f 6921/2443/870 6923/2445/870 6924/2446/869
f 6925/2346/36 6926/2345/36 6927/2447/36
f 6925/2346/36 6927/2447/36 6928/1918/36
f 6929/2448/764 6930/2097/764 6931/2328/764
f 6929/2448/764 6931/2328/764 6932/2327/764
f 6933/493/37 6934/493/37 6935/493/37
f 6933/493/37 6935/493/37 6936/493/37
f 6937/565/35 6938/2449/35 6939/2314/35
f 6937/565/35 6939/2314/35 6940/565/35
f 6941/2146/765 6942/2450/765 6943/2449/765
f 6941/2146/765 6943/2449/765 6944/565/765
f 6945/2451/35 6946/565/35 6947/565/35
f 6945/2451/35 6947/565/35 6948/2452/35
f 6949/2452/35 6950/565/35 6951/565/35
f 6949/2452/35 6951/565/35 6952/2395/35
f 6953/2407/36 6954/2036/36 6955/2036/36
f 6953/2407/36 6955/2036/36 6956/2407/36
f 6957/2406/73 6958/2453/73 6959/2453/73
f 6957/2406/73 6959/2453/73 6960/2036/73
f 6961/2036/36 6962/2407/36 6963/2407/36
f 6961/2036/36 6963/2407/36 6964/2036/36
f 6965/2404/35 6966/2400/35 6967/2400/35
f 6965/2404/35 6967/2400/35 6968/2412/35
f 6969/1100/36 6970/2454/36 6971/1101/36
f 6969/1100/36 6971/1101/36 6972/1100/36
f 6973/1067/37 6974/1067/37 6975/1067/37
f 6973/1067/37 6975/1067/37 6976/1067/37
f 6977/2412/35 6978/2400/35 6979/2400/35
f 6977/2412/35 6979/2400/35 6980/2409/35
f 6981/2073/37 6982/2455/37 6983/480/37
f 6981/2073/37 6983/480/37 6984/2073/37
f 6985/2456/35 6986/2425/35 6987/2376/35
f 6985/2456/35 6987/2376/35 6988/2375/35
f 6989/2428/35 6990/2427/35 6991/2306/35
f 6989/2428/35 6991/2306/35 6992/2305/35
f 6993/2066/764 6994/2065/764 6995/2421/764
f 6993/2066/764 6995/2421/764 6996/2457/764
f 6997/2083/37 6998/471/37 6999/471/37
f 6997/2083/37 6999/471/37 7000/2083/37
f 7001/2458/35 7002/2431/35 7003/2363/35
f 7001/2458/35 7003/2363/35 7004/2459/35
f 7005/2378/35 7006/2377/35 7007/2424/35
f 7005/2378/35 7007/2424/35 7008/2423/35
f 7009/2460/764 7010/2076/764 7011/2373/764
f 7009/2460/764 7011/2373/764 7012/2461/764
f 7013/2462/37 7014/457/37 7015/457/37
f 7013/2462/37 7015/457/37 7016/2102/37
f 7017/2463/35 7018/2438/35 7019/2330/35
f 7017/2463/35 7019/2330/35 7020/2329/35
f 7021/2111/37 7022/2464/37 7023/436/37
f 7021/2111/37 7023/436/37 7024/2111/37
f 7025/2465/871 7026/2360/872 7027/726/873
f 7025/2465/874 7027/726/875 7028/2466/872
f 7029/2467/35 7030/2331/35 7031/2441/35
f 7029/2467/35 7031/2441/35 7032/2440/35
f 7033/2468/35 7034/2469/35 7035/2325/35
f 7033/2468/35 7035/2325/35 7036/2470/35
f 7037/2469/765 7038/2468/765 7039/2334/765
f 7037/2469/765 7039/2334/765 7040/2333/765
f 7041/2323/36 7042/2322/36 7043/2471/36
f 7041/2323/36 7043/2471/36 7044/2382/36
f 7045/1100/36 7046/2472/36 7047/1959/36
f 7045/1100/36 7047/1959/36 7048/1100/36
f 7049/1010/37 7050/1009/37 7051/1009/37
f 7049/1010/37 7051/1009/37 7052/1010/37
f 7053/2473/35 7054/2146/35 7055/2146/35
f 7053/2473/35 7055/2146/35 7056/2389/35
f 7057/2402/35 7058/565/35 7059/565/35
f 7057/2402/35 7059/565/35 7060/2399/35
f 7061/2141/764 7062/1100/764 7063/2143/764
f 7061/2141/764 7063/2143/764 7064/2419/764
f 7065/1100/876 7066/1101/876 7067/1101/876
f 7065/1100/73 7067/1101/73 7068/1100/73
f 7069/2403/35 7070/2408/35 7071/2408/35
f 7069/2403/35 7071/2408/35 7072/2403/35
f 7073/2408/765 7074/2403/765 7075/2404/765
f 7073/2408/765 7075/2404/765 7076/2400/765
f 7077/1100/36 7078/2410/36 7079/1101/36
f 7077/1100/36 7079/1101/36 7080/1100/36
f 7081/425/37 7082/1022/37 7083/1022/37
f 7081/425/37 7083/1022/37 7084/1022/37
f 7085/2406/36 7086/2405/36 7087/2453/36
f 7085/2406/36 7087/2453/36 7088/2406/36
f 7089/2147/877 7090/2146/877 7091/565/877
f 7089/2147/50 7091/565/50 7092/2474/50
f 7093/2475/40 7094/2476/40 7095/2417/40
f 7093/2475/40 7095/2417/40 7096/2477/40
f 7097/2478/40 7098/2479/40 7099/2415/40
f 7097/2478/40 7099/2415/40 7100/2414/40
f 7101/2211/36 7102/2480/36 7103/2480/36
f 7101/2211/36 7103/2480/36 7104/2211/36
f 7105/485/39 7106/2481/39 7107/2481/39
f 7105/485/39 7107/2481/39 7108/485/39
f 7109/2300/764 7110/2299/764 7111/2481/764
f 7109/2300/764 7111/2481/764 7112/485/764
f 7113/2304/765 7114/2303/765 7115/110/765
f 7113/2304/765 7115/110/765 7116/2384/765
f 7117/421/878 7118/396/879 7119/443/880
f 7117/421/881 7119/443/882 7120/442/883
f 7121/2388/884 7122/2387/884 7123/567/884
f 7121/2388/885 7123/567/885 7124/566/885
f 7125/2307/886 7126/2308/886 7127/396/886
f 7125/2307/886 7127/396/886 7128/395/886
f 7129/2309/887 7130/2312/888 7131/392/887
f 7129/2309/889 7131/392/889 7132/391/888
f 7133/2385/890 7134/2386/891 7135/364/890
f 7133/2385/892 7135/364/892 7136/363/893
f 7137/2464/894 7138/2111/894 7139/2099/894
f 7137/2464/895 7139/2099/895 7140/2098/895
f 7141/2468/896 7142/2470/896 7143/352/896
f 7141/2468/897 7143/352/897 7144/351/897
f 7145/422/898 7146/421/899 7147/442/900
f 7145/422/901 7147/442/902 7148/2383/899
f 7149/445/903 7150/1917/903 7151/1920/903
f 7149/445/769 7151/1920/769 7152/1919/769
f 7153/2463/904 7154/2329/904 7155/305/904
f 7153/2463/905 7155/305/905 7156/304/905
f 7157/2440/906 7158/2442/906 7159/295/906
f 7157/2440/770 7159/295/770 7160/294/770
f 7161/2347/907 7162/2349/908 7163/285/909
f 7161/2347/910 7163/285/911 7164/284/908
f 7165/2350/912 7166/1903/913 7167/2437/914
f 7165/2350/915 7167/2437/916 7168/2436/913
f 7169/457/917 7170/2462/917 7171/2092/917
f 7169/457/918 7171/2092/918 7172/2091/918
f 7173/459/919 7174/458/919 7175/2445/919
f 7173/459/920 7175/2445/920 7176/2444/920
f 7177/2341/921 7178/2344/921 7179/454/921
f 7177/2341/922 7179/454/922 7180/453/922
f 7181/462/923 7182/454/924 7183/2355/923
f 7181/462/925 7183/2355/925 7184/2353/926
f 7185/2465/927 7186/2466/928 7187/195/927
f 7185/2465/889 7187/195/889 7188/194/928
f 7189/2359/929 7190/2361/893 7191/182/930
f 7189/2359/931 7191/182/932 7192/181/933
f 7193/467/934 7194/462/935 7195/2353/936
f 7193/467/937 7195/2353/938 7196/2352/899
f 7197/2458/896 7198/2459/896 7199/167/896
f 7197/2458/939 7199/167/939 7200/166/939
f 7201/471/940 7202/2083/940 7203/2078/940
f 7201/471/741 7203/2078/741 7204/2077/741
f 7205/2423/941 7206/2370/941 7207/148/941
f 7205/2423/941 7207/148/941 7208/147/941
f 7209/2422/942 7210/1861/942 7211/1850/942
f 7209/2422/942 7211/1850/942 7212/1849/942
f 7213/2456/906 7214/2375/906 7215/130/906
f 7213/2456/906 7215/130/906 7216/129/906
f 7217/2455/903 7218/2073/903 7219/2067/903
f 7217/2455/903 7219/2067/903 7220/2066/903
f 7221/2303/906 7222/2306/906 7223/111/906
f 7221/2303/906 7223/111/906 7224/110/906
f 7225/485/903 7226/484/903 7227/2301/903
f 7225/485/943 7227/2301/943 7228/2300/943
f 7229/494/944 7230/493/945 7231/2316/946
f 7229/494/947 7231/2316/948 7232/2315/945
f 7233/2313/907 7234/2314/908 7235/425/949
f 7233/2313/950 7235/425/951 7236/424/952
f 7237/2473/953 7238/2389/953 7239/1022/953
f 7237/2473/954 7239/1022/954 7240/1022/954
f 7241/1009/955 7242/1010/955 7243/2142/955
f 7241/1009/956 7243/2142/956 7244/2141/956
f 7245/493/957 7246/493/957 7247/1960/957
f 7245/493/958 7247/1960/958 7248/1959/958
f 7249/2452/959 7250/2395/959 7251/425/959
f 7249/2452/904 7251/425/904 7252/425/904
f 7253/2407/769 7254/2407/769 7255/1067/769
f 7253/2407/769 7255/1067/769 7256/1067/769
f 7257/493/769 7258/493/769 7259/1102/769
f 7257/493/769 7259/1102/769 7260/1101/769
f 7261/2399/770 7262/2402/770 7263/1050/770
f 7261/2399/770 7263/1050/770 7264/425/770
f 7265/2402/960 7266/2401/960 7267/1051/960
f 7265/2402/960 7267/1051/960 7268/1050/960
f 7269/1064/961 7270/1063/961 7271/2396/961
f 7269/1064/961 7271/2396/961 7272/2398/961
f 7273/1051/770 7274/1051/770 7275/2403/770
f 7273/1051/770 7275/2403/770 7276/2403/770
f 7277/2453/769 7278/2405/769 7279/1046/769
f 7277/2453/769 7279/1046/769 7280/1046/769
f 7281/2403/770 7282/2403/770 7283/1110/770
f 7281/2403/770 7283/1110/770 7284/1109/770
f 7285/1022/959 7286/425/959 7287/2145/959
f 7285/1022/962 7287/2145/962 7288/2147/962
f 7289/1101/957 7290/2410/957 7291/1009/957
f 7289/1101/963 7291/1009/963 7292/1078/963
f 7293/2399/770 7294/2399/770 7295/425/770
f 7293/2399/770 7295/425/770 7296/425/770
f 7297/493/769 7298/493/769 7299/1101/769
f 7297/493/769 7299/1101/769 7300/1101/769
f 7301/2412/770 7302/2409/770 7303/1051/770
f 7301/2412/770 7303/1051/770 7304/1051/770
f 7305/1067/769 7306/1067/769 7307/2037/769
f 7305/1067/769 7307/2037/769 7308/2037/769
f 7309/1063/961 7310/1111/961 7311/2416/961
f 7309/1063/961 7311/2416/961 7312/2413/961
f 7313/2409/960 7314/2415/960 7315/1128/960
f 7313/2409/960 7315/1128/960 7316/1051/960
f 7317/2413/769 7318/2413/769 7319/1063/769
f 7317/2413/769 7319/1063/769 7320/1063/769
f 7321/2412/770 7322/2412/770 7323/1051/770
f 7321/2412/770 7323/1051/770 7324/1051/770
f 7325/484/903 7326/1839/903 7327/2420/903
f 7325/484/903 7327/2420/903 7328/2301/903
f 7329/2306/906 7330/2427/906 7331/1967/906
f 7329/2306/964 7331/1967/964 7332/112/964
f 7333/477/965 7334/476/965 7335/2430/965
f 7333/477/903 7335/2430/903 7336/2429/903
f 7337/2378/941 7338/2423/941 7339/1972/941
f 7337/2378/966 7339/1972/966 7340/1971/966
f 7341/1861/967 7342/1860/967 7343/2372/967
f 7341/1861/968 7343/2372/968 7344/2374/968
f 7345/2370/969 7346/2369/969 7347/1975/969
f 7345/2370/970 7347/1975/970 7348/149/970
f 7349/1870/971 7350/468/971 7351/2352/971
f 7349/1870/972 7351/2352/972 7352/2434/972
f 7353/2356/973 7354/2359/973 7355/181/973
f 7353/2356/974 7355/181/974 7356/1978/974
f 7357/1903/975 7358/1902/976 7359/242/977
f 7357/1903/978 7359/242/979 7360/245/980
f 7361/2339/981 7362/2338/982 7363/1982/983
f 7361/2339/984 7363/1982/985 7364/1981/986
f 7365/1917/903 7366/1916/903 7367/2327/903
f 7365/1917/903 7367/2327/903 7368/1920/903
f 7369/446/987 7370/445/987 7371/2447/987
f 7369/446/963 7371/2447/963 7372/2345/963
f 7373/2467/770 7374/2440/770 7375/294/770
f 7373/2467/988 7375/294/988 7376/1987/988
f 7377/2335/941 7378/2334/941 7379/1988/941
f 7377/2335/989 7379/1988/989 7380/295/989
f 7381/1946/990 7382/423/990 7383/2471/990
f 7381/1946/991 7383/2471/991 7384/2322/991
f 7385/2317/892 7386/2320/992 7387/1992/892
f 7385/2317/993 7387/1992/993 7388/1991/994
f 7389/493/995 7390/493/995 7391/1959/995
f 7389/493/996 7391/1959/996 7392/2472/996
f 7393/493/997 7394/1078/997 7395/2419/997
f 7393/493/998 7395/2419/998 7396/2316/998
f 7397/2314/999 7398/2449/981 7399/425/999
f 7397/2314/1000 7399/425/1000 7400/425/981
f 7401/493/1001 7402/493/1001 7403/2392/1001
f 7401/493/957 7403/2392/957 7404/2393/957
f 7405/2451/1002 7406/2452/1002 7407/425/1002
f 7405/2451/1003 7407/425/1003 7408/425/1003
f 7409/2395/959 7410/2394/959 7411/425/959
f 7409/2395/1004 7411/425/1004 7412/425/1004
f 7413/2029/770 7414/1051/770 7415/2403/770
f 7413/2029/770 7415/2403/770 7416/2404/770
f 7417/2407/769 7418/2407/769 7419/1067/769
f 7417/2407/769 7419/1067/769 7420/1067/769
f 7421/493/769 7422/493/769 7423/1101/769
f 7421/493/769 7423/1101/769 7424/2454/769
f 7425/2402/770 7426/2399/770 7427/425/770
f 7425/2402/770 7427/425/770 7428/425/770
f 7429/1106/769 7430/1067/769 7431/2037/769
f 7429/1106/769 7431/2037/769 7432/2418/769
f 7433/2404/770 7434/2412/770 7435/1051/770
f 7433/2404/770 7435/1051/770 7436/2039/770
f 7437/481/1005 7438/480/1005 7439/2066/1005
f 7437/481/1006 7439/2066/1006 7440/2457/1006
f 7441/2427/1007 7442/2426/1007 7443/129/1007
f 7441/2427/1008 7443/129/1008 7444/2117/1008
f 7445/2072/1009 7446/2071/1009 7447/2380/1009
f 7445/2072/1010 7447/2380/1010 7448/2379/1010
f 7449/2375/1011 7450/2378/1011 7451/2119/1011
f 7449/2375/1012 7451/2119/1012 7452/130/1012
f 7453/472/1013 7454/471/1013 7455/2460/1013
f 7453/472/1014 7455/2460/1014 7456/2461/1014
f 7457/2433/1015 7458/2432/1015 7459/2123/1015
f 7457/2433/1016 7459/2123/1016 7460/2122/1016
f 7461/2083/1017 7462/2082/1017 7463/2366/1018
f 7461/2083/1019 7463/2366/1020 7464/2365/1021
f 7465/2362/1022 7466/2364/1023 7467/2125/1024
f 7465/2362/1025 7467/2125/1026 7468/168/1023
f 7469/456/1027 7470/455/1028 7471/2435/1029
f 7469/456/1030 7471/2435/1031 7472/242/1032
f 7473/2338/1033 7474/2439/1033 7475/306/1033
f 7473/2338/1034 7475/306/1034 7476/2127/1034
f 7477/437/1035 7478/436/1036 7479/2448/1037
f 7477/437/1038 7479/2448/1039 7480/2327/1040
f 7481/2102/1041 7482/2101/1041 7483/2345/1041
f 7481/2102/1042 7483/2345/1042 7484/2092/1042
f 7485/2329/1043 7486/2332/1043 7487/2131/1043
f 7485/2329/1044 7487/2131/1044 7488/2130/1044
f 7489/2334/1045 7490/2468/1045 7491/351/1045
f 7489/2334/1045 7491/351/1045 7492/2132/1045
f 7493/2110/1046 7494/2109/1047 7495/2322/1048
f 7493/2110/1049 7495/2322/1050 7496/2321/1051
f 7497/2324/1052 7498/2326/1053 7499/2134/1054
f 7497/2324/1055 7499/2134/1056 7500/353/1057
f 7501/1010/1058 7502/1009/1058 7503/2391/1058
f 7501/1010/1058 7503/2391/1058 7504/2142/1058
f 7505/1010/1059 7506/1009/1059 7507/2141/1059
f 7505/1010/1060 7507/2141/1060 7508/2419/1060
f 7509/2449/1061 7510/2450/1061 7511/1022/1061
f 7509/2449/1062 7511/1022/1062 7512/1050/1062
f 7513/1009/1063 7514/494/1063 7515/2410/1063
f 7513/1009/1064 7515/2410/1064 7516/2411/1064
f 7517/2389/1065 7518/2390/1065 7519/1022/1065
f 7517/2389/1066 7519/1022/1066 7520/1022/1066
f 7521/2394/1067 7522/2145/1067 7523/1022/1067
f 7521/2394/1068 7523/1022/1068 7524/1022/1068
f 7525/1109/1069 7526/1110/1069 7527/2404/1069
f 7525/1109/1069 7527/2404/1069 7528/2403/1069
f 7529/2405/1070 7530/2407/1070 7531/1067/1070
f 7529/2405/1070 7531/1067/1070 7532/1046/1070
f 7533/1009/1071 7534/1078/1071 7535/1101/1071
f 7533/1009/1072 7535/1101/1072 7536/1101/1072
f 7537/2147/1073 7538/2474/1073 7539/1022/1073
f 7537/2147/1074 7539/1022/1074 7540/1050/1074
f 7541/1046/961 7542/2148/961 7543/2453/961
f 7541/1046/961 7543/2453/961 7544/2453/961
f 7545/2403/960 7546/2409/960 7547/1109/960
f 7545/2403/960 7547/1109/960 7548/1110/960
f 7549/2181/50 7550/2482/50 7551/2476/50
f 7549/2181/50 7551/2476/50 7552/2475/50
f 7553/2480/73 7554/2211/73 7555/2479/73
f 7553/2480/73 7555/2479/73 7556/2478/73
f 7557/2182/51 7558/2181/51 7559/2475/51
f 7557/2182/51 7559/2475/51 7560/2477/51
f 7561/2415/51 7562/2479/51 7563/2211/51
f 7561/2415/51 7563/2211/51 7564/1128/51
f 7565/2482/35 7566/2181/35 7567/2181/35
f 7565/2482/35 7567/2181/35 7568/2482/35
f 7569/57/109 7570/60/109 7571/59/109
f 7569/57/109 7571/59/109 7572/58/109
f 7573/61/795 7574/64/795 7575/63/795
f 7573/61/795 7575/63/795 7576/62/795
f 7577/65/39 7578/65/39 7579/65/39
f 7577/65/39 7579/65/39 7580/65/39
f 7581/66/40 7582/66/40 7583/67/40
f 7581/66/40 7583/67/40 7584/67/40
f 7585/68/742 7586/68/742 7587/69/742
f 7585/68/742 7587/69/742 7588/69/742
f 7589/70/35 7590/73/35 7591/72/35
f 7589/70/35 7591/72/35 7592/71/35
f 7593/65/39 7594/65/39 7595/65/39
f 7593/65/39 7595/65/39 7596/65/39
f 7597/74/109 7598/77/109 7599/76/109
f 7597/74/109 7599/76/109 7600/75/109
f 7601/78/795 7602/81/795 7603/80/795
f 7601/78/795 7603/80/795 7604/79/795
f 7605/82/36 7606/85/36 7607/84/36
f 7605/82/36 7607/84/36 7608/83/36
f 7609/86/796 7610/89/796 7611/88/796
f 7609/86/796 7611/88/796 7612/87/796
f 7613/90/35 7614/93/35 7615/92/35
f 7613/90/35 7615/92/35 7616/91/35
f 7617/94/109 7618/97/109 7619/96/109
f 7617/94/109 7619/96/109 7620/95/109
f 7621/98/795 7622/101/795 7623/100/795
f 7621/98/795 7623/100/795 7624/99/795
f 7625/102/36 7626/105/36 7627/104/36
f 7625/102/36 7627/104/36 7628/103/36
f 7629/106/796 7630/109/796 7631/108/796
f 7629/106/796 7631/108/796 7632/107/796
f 7633/110/109 7634/110/109 7635/112/109
f 7633/110/109 7635/112/109 7636/111/109
f 7637/113/109 7638/116/109 7639/115/109
f 7637/113/109 7639/115/109 7640/114/109
f 7641/117/795 7642/120/795 7643/119/795
f 7641/117/795 7643/119/795 7644/118/795
f 7645/121/36 7646/124/36 7647/123/36
f 7645/121/36 7647/123/36 7648/122/36
f 7649/125/796 7650/128/796 7651/127/796
f 7649/125/796 7651/127/796 7652/126/796
f 7653/129/109 7654/129/109 7655/130/109
f 7653/129/109 7655/130/109 7656/130/109
f 7657/131/109 7658/134/109 7659/133/109
f 7657/131/109 7659/133/109 7660/132/109
f 7661/135/795 7662/138/795 7663/137/795
f 7661/135/795 7663/137/795 7664/136/795
f 7665/139/36 7666/142/36 7667/141/36
f 7665/139/36 7667/141/36 7668/140/36
f 7669/143/796 7670/146/796 7671/145/796
f 7669/143/796 7671/145/796 7672/144/796
f 7673/147/109 7674/147/109 7675/149/109
f 7673/147/109 7675/149/109 7676/148/109
f 7677/150/109 7678/153/109 7679/152/109
f 7677/150/109 7679/152/109 7680/151/109
f 7681/154/109 7682/157/109 7683/156/109
f 7681/154/109 7683/156/109 7684/155/109
f 7685/158/36 7686/161/36 7687/160/36
f 7685/158/36 7687/160/36 7688/159/36
f 7689/162/796 7690/165/796 7691/164/796
f 7689/162/796 7691/164/796 7692/163/796
f 7693/166/109 7694/166/109 7695/168/109
f 7693/166/109 7695/168/109 7696/167/109
f 7697/169/795 7698/172/795 7699/171/795
f 7697/169/795 7699/171/795 7700/170/795
f 7701/173/36 7702/176/36 7703/175/36
f 7701/173/36 7703/175/36 7704/174/36
f 7705/177/796 7706/180/796 7707/179/796
f 7705/177/796 7707/179/796 7708/178/796
f 7709/181/1075 7710/181/1076 7711/183/1077
f 7709/181/1078 7711/183/1079 7712/182/1080
f 7713/151/796 7714/152/796 7715/185/796
f 7713/151/796 7715/185/796 7716/184/796
f 7717/186/796 7718/189/796 7719/188/796
f 7717/186/796 7719/188/796 7720/187/796
f 7721/184/796 7722/185/796 7723/189/796
f 7721/184/796 7723/189/796 7724/186/796
f 7725/190/796 7726/193/796 7727/192/796
f 7725/190/796 7727/192/796 7728/191/796
f 7729/194/1081 7730/194/1081 7731/195/1081
f 7729/194/1081 7731/195/1081 7732/195/1081
f 7733/196/36 7734/199/36 7735/198/36
f 7733/196/36 7735/198/36 7736/197/36
f 7737/197/795 7738/198/795 7739/201/795
f 7737/197/795 7739/201/795 7740/200/795
f 7741/200/795 7742/201/795 7743/203/795
f 7741/200/795 7743/203/795 7744/202/795
f 7745/155/796 7746/156/796 7747/205/796
f 7745/155/796 7747/205/796 7748/204/796
f 7748/204/796 7747/205/796 7749/180/796
f 7748/204/796 7749/180/796 7750/177/796
f 7751/174/795 7752/175/795 7753/207/795
f 7751/174/795 7753/207/795 7754/206/795
f 7755/206/795 7756/207/795 7757/172/795
f 7755/206/795 7757/172/795 7758/169/795
f 7759/132/796 7760/133/796 7761/209/796
f 7759/132/796 7761/209/796 7762/208/796
f 7763/208/796 7764/209/796 7765/165/796
f 7763/208/796 7765/165/796 7766/162/796
f 7767/202/795 7768/203/795 7769/211/795
f 7767/202/795 7769/211/795 7770/210/795
f 7771/212/796 7772/213/796 7773/193/796
f 7771/212/796 7773/193/796 7774/190/796
f 7775/114/796 7776/115/796 7777/215/796
f 7775/114/796 7777/215/796 7778/214/796
f 7779/214/796 7780/215/796 7781/146/796
f 7779/214/796 7781/146/796 7782/143/796
f 7783/159/795 7784/160/795 7785/217/795
f 7783/159/795 7785/217/795 7786/216/795
f 7787/216/795 7788/217/795 7789/138/795
f 7787/216/795 7789/138/795 7790/135/795
f 7791/95/796 7792/96/796 7793/219/796
f 7791/95/796 7793/219/796 7794/218/796
f 7795/218/796 7796/219/796 7797/128/796
f 7795/218/796 7797/128/796 7798/125/796
f 7799/140/795 7800/141/795 7801/221/795
f 7799/140/795 7801/221/795 7802/220/795
f 7803/220/795 7804/221/795 7805/120/795
f 7803/220/795 7805/120/795 7806/117/795
f 7807/75/796 7808/76/796 7809/223/796
f 7807/75/796 7809/223/796 7810/222/796
f 7811/222/796 7812/223/796 7813/109/796
f 7811/222/796 7813/109/796 7814/106/796
f 7815/122/795 7816/123/795 7817/225/795
f 7815/122/795 7817/225/795 7818/224/795
f 7819/224/795 7820/225/795 7821/101/795
f 7819/224/795 7821/101/795 7822/98/795
f 7823/58/796 7824/59/796 7825/227/796
f 7823/58/796 7825/227/796 7826/226/796
f 7827/226/796 7828/227/796 7829/89/796
f 7827/226/796 7829/89/796 7830/86/796
f 7831/103/795 7832/104/795 7833/229/795
f 7831/103/795 7833/229/795 7834/228/795
f 7835/228/795 7836/229/795 7837/81/795
f 7835/228/795 7837/81/795 7838/78/795
f 7839/230/36 7840/230/36 7841/231/36
f 7839/230/36 7841/231/36 7842/231/36
f 7843/232/795 7844/235/795 7845/234/795
f 7843/232/795 7845/234/795 7846/233/795
f 7847/65/39 7848/65/39 7594/65/39
f 7847/65/39 7594/65/39 7593/65/39
f 7849/236/796 7850/239/796 7851/238/796
f 7849/236/796 7851/238/796 7852/237/796
f 7853/83/795 7854/84/795 7855/241/795
f 7853/83/795 7855/241/795 7856/240/795
f 7857/240/795 7858/241/795 7859/64/795
f 7857/240/795 7859/64/795 7860/61/795
f 7861/242/36 7862/245/36 7863/244/36
f 7861/242/36 7863/244/36 7864/243/36
f 7865/246/50 7866/249/50 7867/248/50
f 7865/246/50 7867/248/50 7868/247/50
f 7869/250/1082 7870/253/1082 7871/252/1082
f 7869/250/1082 7871/252/1082 7872/251/1082
f 7873/254/1083 7874/185/1083 7875/152/1083
f 7873/254/1083 7875/152/1083 7876/255/1083
f 7877/256/1084 7878/259/1084 7879/258/1084
f 7877/256/1084 7879/258/1084 7880/257/1084
f 7881/260/1083 7882/188/1083 7883/189/1083
f 7881/260/1083 7883/189/1083 7884/261/1083
f 7885/261/1083 7886/189/1083 7887/185/1083
f 7885/261/1083 7887/185/1083 7888/254/1083
f 7889/251/1084 7890/252/1084 7891/263/1084
f 7889/251/1084 7891/263/1084 7892/262/1084
f 7893/262/1084 7894/263/1084 7895/259/1084
f 7893/262/1084 7895/259/1084 7896/256/1084
f 7897/264/795 7898/267/795 7899/266/795
f 7897/264/795 7899/266/795 7900/265/795
f 7901/268/36 7902/271/36 7903/270/36
f 7901/268/36 7903/270/36 7904/269/36
f 7905/272/796 7906/275/796 7907/274/796
f 7905/272/796 7907/274/796 7908/273/796
f 7909/273/796 7910/274/796 7911/277/796
f 7909/273/796 7911/277/796 7912/276/796
f 7913/278/36 7914/281/36 7915/280/36
f 7913/278/36 7915/280/36 7916/279/36
f 7917/191/796 7918/192/796 7919/283/796
f 7917/191/796 7919/283/796 7920/282/796
f 7921/284/1085 7922/284/1085 7923/285/1085
f 7921/284/1085 7923/285/1085 7924/285/1085
f 7925/286/109 7926/287/109 7927/213/109
f 7925/286/109 7927/213/109 7928/212/109
f 7929/288/795 7930/289/795 7931/267/795
f 7929/288/795 7931/267/795 7932/264/795
f 7933/279/795 7934/280/795 7935/289/795
f 7933/279/795 7935/289/795 7936/288/795
f 7937/290/795 7938/293/795 7939/292/795
f 7937/290/795 7939/292/795 7940/291/795
f 7941/294/109 7942/294/109 7943/295/109
f 7941/294/109 7943/295/109 7944/295/109
f 7945/296/795 7946/297/795 7947/293/795
f 7945/296/795 7947/293/795 7948/290/795
f 7949/298/795 7950/301/795 7951/300/795
f 7949/298/795 7951/300/795 7952/299/795
f 7953/269/795 7954/270/795 7955/303/795
f 7953/269/795 7955/303/795 7956/302/795
f 7957/304/109 7958/306/109 7959/305/109
f 7957/304/109 7959/305/109 7960/305/109
f 7961/302/795 7962/303/795 7963/301/795
f 7961/302/795 7963/301/795 7964/298/795
f 7965/276/796 7966/277/796 7967/308/796
f 7965/276/796 7967/308/796 7968/307/796
f 7969/309/109 7970/310/109 7971/275/109
f 7969/309/109 7971/275/109 7972/272/109
f 7973/311/796 7974/314/796 7975/313/796
f 7973/311/796 7975/313/796 7976/312/796
f 7977/312/796 7978/313/796 7979/316/796
f 7977/312/796 7979/316/796 7980/315/796
f 7981/317/109 7982/318/109 7983/314/109
f 7981/317/109 7983/314/109 7984/311/109
f 7985/319/796 7986/322/796 7987/321/796
f 7985/319/796 7987/321/796 7988/320/796
f 7989/323/109 7990/326/109 7991/325/109
f 7989/323/109 7991/325/109 7992/324/109
f 7993/327/796 7994/328/796 7995/322/796
f 7993/327/796 7995/322/796 7996/319/796
f 7997/324/796 7998/325/796 7999/328/796
f 7997/324/796 7999/328/796 8000/327/796
f 8001/329/36 8002/330/36 8003/297/36
f 8001/329/36 8003/297/36 8004/296/36
f 8005/291/795 8006/292/795 8007/332/795
f 8005/291/795 8007/332/795 8008/331/795
f 8009/333/795 8010/336/795 8011/335/795
f 8009/333/795 8011/335/795 8012/334/795
f 8013/337/795 8014/340/795 8015/339/795
f 8013/337/795 8015/339/795 8016/338/795
f 8017/341/36 8018/342/36 8019/336/36
f 8017/341/36 8019/336/36 8020/333/36
f 8021/343/795 8022/346/795 8023/345/795
f 8021/343/795 8023/345/795 8024/344/795
f 8025/347/795 8026/350/795 8027/349/795
f 8025/347/795 8027/349/795 8028/348/795
f 8029/351/109 8030/351/109 8031/353/109
f 8029/351/109 8031/353/109 8032/352/109
f 8033/348/795 8034/349/795 8035/346/795
f 8033/348/795 8035/346/795 8036/343/795
f 8037/315/796 8038/316/796 8039/355/796
f 8037/315/796 8039/355/796 8040/354/796
f 8041/356/36 8042/357/36 8043/350/36
f 8041/356/36 8043/350/36 8044/347/36
f 8045/358/795 8046/361/795 8047/360/795
f 8045/358/795 8047/360/795 8048/359/795
f 8049/362/35 8050/362/35 8051/362/35
f 8049/362/35 8051/362/35 8052/362/35
f 8053/363/1086 8054/363/1076 8055/364/1087
f 8053/363/1088 8055/364/1089 8056/364/1076
f 8057/334/795 8058/335/795 8059/340/795
f 8057/334/795 8059/340/795 8060/337/795
f 8061/365/796 8062/368/796 8063/367/796
f 8061/365/796 8063/367/796 8064/366/796
f 8065/369/109 8066/372/109 8067/371/109
f 8065/369/109 8067/371/109 8068/370/109
f 8069/373/796 8070/374/796 8071/368/796
f 8069/373/796 8071/368/796 8072/365/796
f 8073/370/796 8074/371/796 8075/374/796
f 8073/370/796 8075/374/796 8076/373/796
f 8077/375/796 8078/378/796 8079/377/796
f 8077/375/796 8079/377/796 8080/376/796
f 8081/379/795 8082/380/795 8083/361/795
f 8081/379/795 8083/361/795 8084/358/795
f 8085/381/795 8086/382/795 8087/380/795
f 8085/381/795 8087/380/795 8088/379/795
f 8089/383/109 8090/383/109 8091/384/109
f 8089/383/109 8091/384/109 8092/384/109
f 8093/385/109 8094/386/109 8095/378/109
f 8093/385/109 8095/378/109 8096/375/109
f 8097/387/109 8098/387/109 8099/388/109
f 8097/387/109 8099/388/109 8100/388/109
f 8101/376/796 8102/377/796 8103/390/796
f 8101/376/796 8103/390/796 8104/389/796
f 8105/391/1090 8106/391/1090 8107/392/1090
f 8105/391/1091 8107/392/1091 8108/392/1091
f 8109/389/796 8110/390/796 8111/394/796
f 8109/389/796 8111/394/796 8112/393/796
f 8113/395/1092 8114/395/1093 8115/396/1092
f 8113/395/1094 8115/396/1094 8116/396/1095
f 8117/397/50 8118/400/50 8119/399/50
f 8117/397/50 8119/399/50 8120/398/50
f 8121/401/1082 8122/404/1082 8123/403/1082
f 8121/401/1082 8123/403/1082 8124/402/1082
f 8125/405/1083 8126/408/1083 8127/407/1083
f 8125/405/1083 8127/407/1083 8128/406/1083
f 8129/409/1084 8130/412/1084 8131/411/1084
f 8129/409/1084 8131/411/1084 8132/410/1084
f 8133/413/1083 8134/394/1083 8135/390/1083
f 8133/413/1083 8135/390/1083 8136/414/1083
f 8137/415/1083 8138/416/1083 8139/408/1083
f 8137/415/1083 8139/408/1083 8140/405/1083
f 8141/402/1084 8142/403/1084 8143/418/1084
f 8141/402/1084 8143/418/1084 8144/417/1084
f 8145/417/1084 8146/418/1084 8147/412/1084
f 8145/417/1084 8147/412/1084 8148/409/1084
f 8149/419/36 8150/420/36 8151/382/36
f 8149/419/36 8151/382/36 8152/381/36
f 8153/421/1096 8154/421/1097 8155/423/1098
f 8153/421/1099 8155/423/1100 8156/422/1101
f 8157/424/1102 8158/424/1102 8159/425/1102
f 8157/424/1103 8159/425/1103 8160/425/1103
f 8161/426/73 8162/382/73 8163/420/73
f 8161/426/73 8163/420/73 8164/427/73
f 8165/393/35 8166/394/35 8167/429/35
f 8165/393/35 8167/429/35 8168/428/35
f 8169/430/795 8170/433/795 8171/432/795
f 8169/430/795 8171/432/795 8172/431/795
f 8173/366/35 8174/367/35 8175/435/35
f 8173/366/35 8175/435/35 8176/434/35
f 8177/436/109 8178/436/109 8179/438/109
f 8177/436/109 8179/438/109 8180/437/109
f 8181/354/35 8182/355/35 8183/440/35
f 8181/354/35 8183/440/35 8184/439/35
f 8185/441/1104 8186/444/1105 8187/443/1106
f 8185/441/1107 8187/443/1108 8188/442/1105
f 8189/445/109 8190/445/109 8191/446/109
f 8189/445/109 8191/446/109 8192/446/109
f 8193/307/35 8194/308/35 8195/448/35
f 8193/307/35 8195/448/35 8196/447/35
f 8197/320/35 8198/321/35 8199/450/35
f 8197/320/35 8199/450/35 8200/449/35
f 8201/282/35 8202/283/35 8203/452/35
f 8201/282/35 8203/452/35 8204/451/35
f 8205/453/1109 8206/453/1109 8207/454/1109
f 8205/453/1110 8207/454/1110 8208/454/1110
f 8209/455/109 8210/457/109 8211/456/109
f 8209/455/109 8211/456/109 8212/456/109
f 8213/458/1111 8214/458/1112 8215/459/1111
f 8213/458/1113 8215/459/1113 8216/459/1114
f 8217/460/73 8218/198/73 8219/199/73
f 8217/460/73 8219/199/73 8220/461/73
f 8221/454/1115 8222/454/1115 8223/462/1115
f 8221/454/1116 8223/462/1116 8224/462/1116
f 8225/187/35 8226/188/35 8227/464/35
f 8225/187/35 8227/464/35 8228/463/35
f 8229/178/35 8230/179/35 8231/466/35
f 8229/178/35 8231/466/35 8232/465/35
f 8233/462/1117 8234/462/1101 8235/468/1118
f 8233/462/1099 8235/468/1119 8236/467/1097
f 8237/163/35 8238/164/35 8239/470/35
f 8237/163/35 8239/470/35 8240/469/35
f 8241/471/109 8242/471/109 8243/473/109
f 8241/471/109 8243/473/109 8244/472/109
f 8245/144/35 8246/145/35 8247/475/35
f 8245/144/35 8247/475/35 8248/474/35
f 8249/476/109 8250/476/109 8251/477/109
f 8249/476/109 8251/477/109 8252/477/109
f 8253/126/35 8254/127/35 8255/479/35
f 8253/126/35 8255/479/35 8256/478/35
f 8257/480/109 8258/480/109 8259/481/109
f 8257/480/109 8259/481/109 8260/481/109
f 8261/107/35 8262/108/35 8263/483/35
f 8261/107/35 8263/483/35 8264/482/35
f 8265/484/109 8266/484/109 8267/485/109
f 8265/484/109 8267/485/109 8268/485/109
f 8269/87/35 8270/88/35 8271/93/35
f 8269/87/35 8271/93/35 8272/90/35
f 8273/486/36 8274/487/36 8275/85/36
f 8273/486/36 8275/85/36 8276/82/36
f 8277/488/40 8278/488/40 8279/489/40
f 8277/488/40 8279/489/40 8280/489/40
f 8281/490/36 8282/490/36 8283/490/36
f 8281/490/36 8283/490/36 8284/490/36
f 8285/491/36 8286/491/36 8287/492/36
f 8285/491/36 8287/492/36 8288/492/36
f 8289/493/1116 8290/493/1116 8291/495/1116
f 8289/493/1120 8291/495/1120 8292/494/1120
f 8293/496/1121 8294/496/1122 8295/497/1123
f 8293/496/1124 8295/497/1125 8296/497/1122
f 8297/498/795 8298/499/795 8299/387/795
f 8297/498/795 8299/387/795 8300/387/795
f 8301/500/35 8302/500/35 8303/500/35
f 8301/500/35 8303/500/35 8304/500/35
f 8305/501/36 8306/501/36 8307/490/36
f 8305/501/36 8307/490/36 8308/490/36
f 8309/502/35 8310/502/35 8311/503/35
f 8309/502/35 8311/503/35 8312/503/35
f 8313/501/36 8314/504/36 8315/504/36
f 8313/501/36 8315/504/36 8316/501/36
f 8317/362/35 8318/362/35 8319/362/35
f 8317/362/35 8319/362/35 8320/362/35
f 8321/505/1126 8322/505/1127 8323/506/1128
f 8321/505/1129 8323/506/1130 8324/506/1127
f 8325/362/35 8326/362/35 8327/500/35
f 8325/362/35 8327/500/35 8328/500/35
f 8329/507/35 8330/507/35 8331/508/35
f 8329/507/35 8331/508/35 8332/508/35
f 87/55/35 89/55/35 8333/509/35
f 87/55/35 8333/509/35 8334/509/35
f 8335/501/36 8336/501/36 8337/501/36
f 8335/501/36 8337/501/36 8338/501/36
f 8339/500/35 8340/500/35 8341/500/35
f 8339/500/35 8341/500/35 8342/500/35
f 8343/490/36 8344/490/36 8345/510/36
f 8343/490/36 8345/510/36 8346/510/36
f 8347/362/35 8348/362/35 8349/362/35
f 8347/362/35 8349/362/35 8350/362/35
f 8351/511/109 8352/512/109 8353/491/109
f 8351/511/109 8353/491/109 8354/492/109
f 8355/513/741 8356/513/741 8357/514/741
f 8355/513/741 8357/514/741 8358/514/741
f 8359/515/109 8360/518/109 8361/517/109
f 8359/515/109 8361/517/109 8362/516/109
f 8363/519/109 8364/522/109 8365/521/109
f 8363/519/109 8365/521/109 8366/520/109
f 8367/523/109 8368/526/109 8369/525/109
f 8367/523/109 8369/525/109 8370/524/109
f 8371/527/109 8372/530/109 8373/529/109
f 8371/527/109 8373/529/109 8374/528/109
f 8375/531/109 8376/534/109 8377/533/109
f 8375/531/109 8377/533/109 8378/532/109
f 8379/535/109 8380/538/109 8381/537/109
f 8379/535/109 8381/537/109 8382/536/109
f 8383/539/109 8384/542/109 8385/541/109
f 8383/539/109 8385/541/109 8386/540/109
f 8387/543/109 8388/546/109 8389/545/109
f 8387/543/109 8389/545/109 8390/544/109
f 8391/547/109 8392/550/109 8393/549/109
f 8391/547/109 8393/549/109 8394/548/109
f 8395/551/109 8396/554/109 8397/553/109
f 8395/551/109 8397/553/109 8398/552/109
f 8399/555/109 8400/558/109 8401/557/109
f 8399/555/109 8401/557/109 8402/556/109
f 8403/559/109 8404/562/109 8405/561/109
f 8403/559/109 8405/561/109 8406/560/109
f 8407/563/35 8408/563/35 8409/564/35
f 8407/563/35 8409/564/35 8410/564/35
f 8411/565/1131 8412/568/105 8413/567/1132
f 8411/565/1133 8413/567/1134 8414/566/105
f 8415/569/796 8416/572/796 8417/571/796
f 8415/569/796 8417/571/796 8418/570/796
f 8419/573/36 8420/573/36 8421/501/36
f 8419/573/36 8421/501/36 8422/501/36
f 8423/574/1082 8424/577/1082 8425/576/1082
f 8423/574/1082 8425/576/1082 8426/575/1082
f 8427/384/796 8428/384/796 8429/572/796
f 8427/384/796 8429/572/796 8430/569/796
f 8431/578/35 8432/580/35 8433/579/35
f 8431/578/35 8433/579/35 8434/579/35
f 8435/406/1082 8436/407/1082 8437/582/1082
f 8435/406/1082 8437/582/1082 8438/581/1082
f 8439/583/36 8440/583/36 8420/573/36
f 8439/583/36 8420/573/36 8419/573/36
f 8441/94/35 8442/94/35 8443/97/35
f 8441/94/35 8443/97/35 8444/97/35
f 8328/500/35 8327/500/35 8445/500/35
f 8328/500/35 8445/500/35 8446/500/35
f 8447/584/36 8448/584/36 8449/585/36
f 8447/584/36 8449/585/36 8450/585/36
f 8451/586/35 8452/586/35 8453/587/35
f 8451/586/35 8453/587/35 8454/587/35
f 8450/585/36 8449/585/36 8455/588/36
f 8450/585/36 8455/588/36 8456/588/36
f 8457/362/35 8458/362/35 8326/362/35
f 8457/362/35 8326/362/35 8325/362/35
f 8422/501/36 8421/501/36 8336/501/36
f 8422/501/36 8336/501/36 8335/501/36
f 8459/589/35 8460/589/35 8461/590/35
f 8459/589/35 8461/590/35 8462/590/35
f 8463/591/36 8464/591/36 8465/592/36
f 8463/591/36 8465/592/36 8466/592/36
f 8467/593/35 8468/593/35 8469/594/35
f 8467/593/35 8469/594/35 8470/594/35
f 8471/549/36 8472/549/36 8473/548/36
f 8471/549/36 8473/548/36 8474/548/36
f 8475/595/35 8476/595/35 8468/593/35
f 8475/595/35 8468/593/35 8467/593/35
f 8477/596/37 8478/596/37 8479/597/37
f 8477/596/37 8479/597/37 8480/597/37
f 8481/598/110 8482/601/110 8483/600/110
f 8481/598/110 8483/600/110 8484/599/110
f 8485/602/1135 8486/605/1135 8487/604/1135
f 8485/602/1135 8487/604/1135 8488/603/1135
f 8489/606/1136 8490/609/1136 8491/608/1136
f 8489/606/1136 8491/608/1136 8492/607/1136
f 8493/610/1137 8494/613/1137 8495/612/1137
f 8493/610/1137 8495/612/1137 8496/611/1137
f 8497/614/1138 8498/617/115 8499/616/1139
f 8497/614/1140 8499/616/1141 8500/615/115
f 8501/618/1142 8502/621/1143 8503/620/1144
f 8501/618/1145 8503/620/1146 8504/619/1143
f 8505/622/1147 8506/625/1148 8507/624/1149
f 8505/622/1150 8507/624/1151 8508/623/1148
f 8509/626/1152 8510/629/1153 8511/628/1154
f 8509/626/1155 8511/628/1156 8512/627/1153
f 8513/630/110 8514/633/110 8515/632/110
f 8513/630/110 8515/632/110 8516/631/110
f 8517/634/1135 8518/637/1135 8519/636/1135
f 8517/634/1135 8519/636/1135 8520/635/1135
f 8521/638/1136 8522/641/1136 8523/640/1136
f 8521/638/1136 8523/640/1136 8524/639/1136
f 8525/642/1137 8526/645/1137 8527/644/1137
f 8525/642/1137 8527/644/1137 8528/643/1137
f 8529/646/1138 8530/649/115 8531/648/1139
f 8529/646/1140 8531/648/1141 8532/647/115
f 8533/650/1142 8534/653/1143 8535/652/1157
f 8533/650/1145 8535/652/1146 8536/651/1143
f 8537/654/1147 8538/657/1148 8539/656/1149
f 8537/654/1150 8539/656/1151 8540/655/1148
f 8541/658/1152 8542/661/1153 8543/660/1154
f 8541/658/1155 8543/660/1156 8544/659/1153
f 8545/662/110 8546/665/110 8547/664/110
f 8545/662/110 8547/664/110 8548/663/110
f 8549/666/1135 8550/669/1135 8551/668/1135
f 8549/666/1135 8551/668/1135 8552/667/1135
f 8553/670/1136 8554/673/1136 8555/672/1136
f 8553/670/1136 8555/672/1136 8556/671/1136
f 8557/674/1137 8558/677/1137 8559/676/1137
f 8557/674/1137 8559/676/1137 8560/675/1137
f 8561/678/1138 8562/681/115 8563/680/1139
f 8561/678/1140 8563/680/1141 8564/679/115
f 8565/682/1142 8566/685/1143 8567/684/1157
f 8565/682/1145 8567/684/1146 8568/683/1143
f 8569/686/1147 8570/689/1148 8571/688/1149
f 8569/686/1150 8571/688/1151 8572/687/1148
f 8573/690/1152 8574/693/1153 8575/692/1154
f 8573/690/1155 8575/692/1156 8576/691/1153
f 8577/694/1136 8578/697/1136 8579/696/1136
f 8577/694/1136 8579/696/1136 8580/695/1136
f 8581/695/1136 8582/696/1136 8583/609/1136
f 8581/695/1136 8583/609/1136 8584/606/1136
f 8585/698/1137 8586/701/1137 8587/700/1137
f 8585/698/1137 8587/700/1137 8588/699/1137
f 8589/699/1137 8590/700/1137 8591/613/1137
f 8589/699/1137 8591/613/1137 8592/610/1137
f 8593/702/1158 8594/703/1159 8595/617/1160
f 8593/702/1161 8595/617/1162 8596/614/1159
f 8597/623/1163 8598/624/1163 8599/703/1163
f 8597/623/1163 8599/703/1163 8600/702/1163
f 8601/704/1164 8602/707/1165 8603/706/1166
f 8601/704/1167 8603/706/1168 8604/705/1165
f 8605/627/1169 8606/628/1169 8607/707/1169
f 8605/627/1169 8607/707/1169 8608/704/1169
f 8609/708/1136 8610/711/1136 8611/710/1136
f 8609/708/1136 8611/710/1136 8612/709/1136
f 8613/709/1136 8614/710/1136 8615/641/1136
f 8613/709/1136 8615/641/1136 8616/638/1136
f 8617/712/1137 8618/715/1137 8619/714/1137
f 8617/712/1137 8619/714/1137 8620/713/1137
f 8621/713/1137 8622/714/1137 8623/645/1137
f 8621/713/1137 8623/645/1137 8624/642/1137
f 8625/716/1158 8626/717/1159 8627/649/1160
f 8625/716/1161 8627/649/1162 8628/646/1159
f 8629/655/1163 8630/656/1163 8631/717/1163
f 8629/655/1163 8631/717/1163 8632/716/1163
f 8633/718/1164 8634/721/1165 8635/720/1166
f 8633/718/1167 8635/720/1168 8636/719/1165
f 8637/659/1169 8638/660/1169 8639/721/1169
f 8637/659/1169 8639/721/1169 8640/718/1169
f 8641/722/1136 8642/725/1136 8643/724/1136
f 8641/722/1136 8643/724/1136 8644/723/1136
f 8645/723/1136 8646/724/1136 8647/673/1136
f 8645/723/1136 8647/673/1136 8648/670/1136
f 8649/726/1137 8650/729/1137 8651/728/1137
f 8649/726/1137 8651/728/1137 8652/727/1137
f 8653/727/1137 8654/728/1137 8655/677/1137
f 8653/727/1137 8655/677/1137 8656/674/1137
f 8657/730/1158 8658/731/1159 8659/681/1170
f 8657/730/1171 8659/681/1162 8660/678/1159
f 8661/687/1163 8662/688/1163 8663/731/1163
f 8661/687/1163 8663/731/1163 8664/730/1163
f 8665/732/1164 8666/735/1165 8667/734/1166
f 8665/732/1167 8667/734/1168 8668/733/1165
f 8669/691/1169 8670/692/1169 8671/735/1169
f 8669/691/1169 8671/735/1169 8672/732/1169
f 8673/736/110 8674/739/110 8675/738/110
f 8673/736/110 8675/738/110 8676/737/110
f 8677/740/1135 8678/743/1135 8679/742/1135
f 8677/740/1135 8679/742/1135 8680/741/1135
f 8681/744/1136 8682/747/1136 8683/746/1136
f 8681/744/1136 8683/746/1136 8684/745/1136
f 8685/748/1137 8686/751/1137 8687/750/1137
f 8685/748/1137 8687/750/1137 8688/749/1137
f 8689/752/1136 8690/755/1136 8691/754/1136
f 8689/752/1136 8691/754/1136 8692/753/1136
f 8693/753/1136 8694/754/1136 8695/747/1136
f 8693/753/1136 8695/747/1136 8696/744/1136
f 8697/756/1137 8698/759/1137 8699/758/1137
f 8697/756/1137 8699/758/1137 8700/757/1137
f 8701/757/1137 8702/758/1137 8703/751/1137
f 8701/757/1137 8703/751/1137 8704/748/1137
f 8705/760/1172 8706/763/115 8707/762/1173
f 8705/760/1174 8707/762/1175 8708/761/115
f 8709/764/1176 8710/767/1143 8711/766/1177
f 8709/764/1178 8711/766/1179 8712/765/1143
f 8713/768/1180 8714/771/1148 8715/770/1181
f 8713/768/1182 8715/770/1183 8716/769/1148
f 8717/772/1184 8718/775/1153 8719/774/1185
f 8717/772/1186 8719/774/1187 8720/773/1153
f 8721/776/1188 8722/777/1159 8723/763/1189
f 8721/776/1190 8723/763/1191 8724/760/1159
f 8725/769/1163 8726/770/1163 8727/777/1163
f 8725/769/1163 8727/777/1163 8728/776/1163
f 8729/778/1192 8730/781/1165 8731/780/1193
f 8729/778/1194 8731/780/1195 8732/779/1165
f 8733/773/1169 8734/774/1169 8735/781/1169
f 8733/773/1169 8735/781/1169 8736/778/1169
f 8737/782/110 8738/785/110 8739/784/110
f 8737/782/110 8739/784/110 8740/783/110
f 8741/786/1135 8742/789/1135 8743/788/1135
f 8741/786/1135 8743/788/1135 8744/787/1135
f 8745/790/1136 8746/793/1136 8747/792/1136
f 8745/790/1136 8747/792/1136 8748/791/1136
f 8749/794/1137 8750/797/1137 8751/796/1137
f 8749/794/1137 8751/796/1137 8752/795/1137
f 8753/798/1136 8754/801/1136 8755/800/1136
f 8753/798/1136 8755/800/1136 8756/799/1136
f 8757/799/1136 8758/800/1136 8759/793/1136
f 8757/799/1136 8759/793/1136 8760/790/1136
f 8761/802/1137 8762/805/1137 8763/804/1137
f 8761/802/1137 8763/804/1137 8764/803/1137
f 8765/803/1137 8766/804/1137 8767/797/1137
f 8765/803/1137 8767/797/1137 8768/794/1137
f 8769/806/1172 8770/809/115 8771/808/1173
f 8769/806/1174 8771/808/1175 8772/807/115
f 8773/810/1176 8774/813/1143 8775/812/1196
f 8773/810/1178 8775/812/1179 8776/811/1143
f 8777/814/1180 8778/817/1148 8779/816/1181
f 8777/814/1182 8779/816/1183 8780/815/1148
f 8781/818/1184 8782/821/1153 8783/820/1185
f 8781/818/1186 8783/820/1187 8784/819/1153
f 8785/822/1188 8786/823/1159 8787/809/1197
f 8785/822/1198 8787/809/1191 8788/806/1159
f 8789/815/1163 8790/816/1163 8791/823/1163
f 8789/815/1163 8791/823/1163 8792/822/1163
f 8793/824/1192 8794/827/1165 8795/826/1193
f 8793/824/1194 8795/826/1195 8796/825/1165
f 8797/819/1169 8798/820/1169 8799/827/1169
f 8797/819/1169 8799/827/1169 8800/824/1169
f 8801/828/110 8802/831/110 8803/830/110
f 8801/828/110 8803/830/110 8804/829/110
f 8805/832/1135 8806/835/1135 8807/834/1135
f 8805/832/1135 8807/834/1135 8808/833/1135
f 8809/836/1136 8810/839/1136 8811/838/1136
f 8809/836/1136 8811/838/1136 8812/837/1136
f 8813/840/1137 8814/843/1137 8815/842/1137
f 8813/840/1137 8815/842/1137 8816/841/1137
f 8817/844/1136 8818/847/1136 8819/846/1136
f 8817/844/1136 8819/846/1136 8820/845/1136
f 8821/845/1136 8822/846/1136 8823/839/1136
f 8821/845/1136 8823/839/1136 8824/836/1136
f 8825/848/1137 8826/851/1137 8827/850/1137
f 8825/848/1137 8827/850/1137 8828/849/1137
f 8829/849/1137 8830/850/1137 8831/843/1137
f 8829/849/1137 8831/843/1137 8832/840/1137
f 8833/852/1172 8834/855/115 8835/854/1173
f 8833/852/1174 8835/854/1175 8836/853/115
f 8837/856/1176 8838/859/1143 8839/858/1196
f 8837/856/1178 8839/858/1179 8840/857/1143
f 8841/860/1180 8842/863/1148 8843/862/1181
f 8841/860/1182 8843/862/1183 8844/861/1148
f 8845/864/1184 8846/867/1153 8847/866/1185
f 8845/864/1186 8847/866/1187 8848/865/1153
f 8849/868/1188 8850/869/1159 8851/855/1189
f 8849/868/1190 8851/855/1191 8852/852/1159
f 8853/861/1163 8854/862/1163 8855/869/1163
f 8853/861/1163 8855/869/1163 8856/868/1163
f 8857/870/1192 8858/873/1165 8859/872/1193
f 8857/870/1194 8859/872/1195 8860/871/1165
f 8861/865/1169 8862/866/1169 8863/873/1169
f 8861/865/1169 8863/873/1169 8864/870/1169
f 8865/874/175 8866/877/175 8867/876/175
f 8865/874/175 8867/876/175 8868/875/175
f 8869/878/1199 8870/879/181 8871/629/1200
f 8869/878/1201 8871/629/1202 8872/626/177
f 8873/880/175 8874/883/175 8875/882/175
f 8873/880/175 8875/882/175 8876/881/175
f 8877/884/1199 8878/885/181 8879/661/1200
f 8877/884/1201 8879/661/1202 8880/658/177
f 8881/886/175 8882/889/175 8883/888/175
f 8881/886/175 8883/888/175 8884/887/175
f 8885/890/1199 8886/891/181 8887/693/1200
f 8885/890/1201 8887/693/1202 8888/690/177
f 8889/892/175 8890/895/175 8891/894/175
f 8889/892/175 8891/894/175 8892/893/175
f 8893/896/1203 8894/897/181 8895/775/1204
f 8893/896/1205 8895/775/1206 8896/772/181
f 8897/898/1203 8898/899/181 8899/821/1207
f 8897/898/1205 8899/821/1206 8900/818/181
f 8901/900/175 8902/903/175 8903/902/175
f 8901/900/175 8903/902/175 8904/901/175
f 8905/904/175 8906/907/175 8907/906/175
f 8905/904/175 8907/906/175 8908/905/175
f 8909/908/1203 8910/909/181 8911/867/1204
f 8909/908/1205 8911/867/1206 8912/864/181
f 8913/910/1208 8914/911/1208 8915/831/1208
f 8913/910/1208 8915/831/1208 8916/828/1208
f 8917/905/1209 8918/906/1209 8919/913/1209
f 8917/905/1209 8919/913/1209 8920/912/1209
f 8921/901/1209 8922/902/1209 8923/915/1209
f 8921/901/1209 8923/915/1209 8924/914/1209
f 8925/916/1208 8926/917/1208 8927/785/1208
f 8925/916/1208 8927/785/1208 8928/782/1208
f 8929/918/1208 8930/919/1208 8931/739/1208
f 8929/918/1208 8931/739/1208 8932/736/1208
f 8933/893/1209 8934/894/1209 8935/921/1209
f 8933/893/1209 8935/921/1209 8936/920/1209
f 8937/922/1208 8938/923/1208 8939/665/1208
f 8937/922/1208 8939/665/1208 8940/662/1208
f 8941/887/1209 8942/888/1209 8943/925/1209
f 8941/887/1209 8943/925/1209 8944/924/1209
f 8945/926/1208 8946/927/1208 8947/633/1208
f 8945/926/1208 8947/633/1208 8948/630/1208
f 8949/881/1209 8950/882/1209 8951/929/1209
f 8949/881/1209 8951/929/1209 8952/928/1209
f 8953/930/1208 8954/931/1208 8955/601/1208
f 8953/930/1208 8955/601/1208 8956/598/1208
f 8957/875/1209 8958/876/1209 8959/933/1209
f 8957/875/1209 8959/933/1209 8960/932/1209
f 8961/934/1210 8962/935/1210 8963/605/1210
f 8961/934/1210 8963/605/1210 8964/602/1210
f 8965/936/1210 8966/937/1210 8967/637/1210
f 8965/936/1210 8967/637/1210 8968/634/1210
f 8969/938/1210 8970/939/1210 8971/669/1210
f 8969/938/1210 8971/669/1210 8972/666/1210
f 8973/940/1210 8974/941/1210 8975/743/1210
f 8973/940/1210 8975/743/1210 8976/740/1210
f 8977/942/1210 8978/943/1210 8979/789/1210
f 8977/942/1210 8979/789/1210 8980/786/1210
f 8981/944/1210 8982/945/1210 8983/835/1210
f 8981/944/1210 8983/835/1210 8984/832/1210
f 8985/946/1135 8986/949/1135 8987/948/1135
f 8985/946/1135 8987/948/1135 8988/947/1135
f 8989/950/1211 8990/951/1143 8991/625/1212
f 8989/950/1213 8991/625/1214 8992/622/1215
f 8993/952/1135 8994/955/1135 8995/954/1135
f 8993/952/1135 8995/954/1135 8996/953/1135
f 8997/956/1211 8998/957/1143 8999/657/1212
f 8997/956/1213 8999/657/1216 9000/654/1217
f 9001/958/1135 9002/961/1135 9003/960/1135
f 9001/958/1135 9003/960/1135 9004/959/1135
f 9005/962/1211 9006/963/1143 9007/689/1212
f 9005/962/1213 9007/689/1214 9008/686/1217
f 9009/964/1135 9010/967/1135 9011/966/1135
f 9009/964/1135 9011/966/1135 9012/965/1135
f 9013/968/1218 9014/969/1143 9015/771/1219
f 9013/968/1220 9015/771/1221 9016/768/1215
f 9017/970/1135 9018/973/1135 9019/972/1135
f 9017/970/1135 9019/972/1135 9020/971/1135
f 9021/974/1218 9022/975/1143 9023/817/1222
f 9021/974/1220 9023/817/1223 9024/814/1215
f 9025/976/1135 9026/979/1135 9027/978/1135
f 9025/976/1135 9027/978/1135 9028/977/1135
f 9029/980/1218 9030/981/1143 9031/863/1219
f 9029/980/1220 9031/863/1221 9032/860/1215
f 9033/977/1224 9034/978/1224 9035/983/1224
f 9033/977/1224 9035/983/1224 9036/982/1224
f 9037/971/1224 9038/972/1224 9039/985/1224
f 9037/971/1224 9039/985/1224 9040/984/1224
f 9041/965/1224 9042/966/1224 9043/987/1224
f 9041/965/1224 9043/987/1224 9044/986/1224
f 9045/959/1224 9046/960/1224 9047/989/1224
f 9045/959/1224 9047/989/1224 9048/988/1224
f 9049/953/1224 9050/954/1224 9051/991/1224
f 9049/953/1224 9051/991/1224 9052/990/1224
f 9053/947/1224 9054/948/1224 9055/993/1224
f 9053/947/1224 9055/993/1224 9056/992/1224
f 9057/994/796 9058/994/796 9059/995/796
f 9057/994/796 9059/995/796 9060/995/796
f 9061/996/36 9062/999/36 9063/998/36
f 9061/996/36 9063/998/36 9064/997/36
f 9065/1000/795 9066/1000/795 9067/1001/795
f 9065/1000/795 9067/1001/795 9068/1001/795
f 9069/362/109 9070/362/109 9071/1002/109
f 9069/362/109 9071/1002/109 9072/1002/109
f 9073/1002/796 9074/1002/796 9075/1003/796
f 9073/1002/796 9075/1003/796 9076/1003/796
f 9077/1004/109 9078/1004/109 9079/490/109
f 9077/1004/109 9079/490/109 9080/490/109
f 9081/1005/35 9082/1005/35 9083/1006/35
f 9081/1005/35 9083/1006/35 9084/1006/35
f 9085/1001/795 9086/1001/795 9087/1007/795
f 9085/1001/795 9087/1007/795 9088/1007/795
f 9089/545/36 9090/545/36 9091/1008/36
f 9089/545/36 9091/1008/36 9092/1008/36
f 9093/1009/109 9094/1009/109 9095/1010/109
f 9093/1009/109 9095/1010/109 9096/1010/109
f 9097/1011/35 9098/1011/35 9099/1012/35
f 9097/1011/35 9099/1012/35 9100/1012/35
f 9101/1013/796 9102/1013/796 9103/1014/796
f 9101/1013/796 9103/1014/796 9104/1014/796
f 9105/431/795 9106/432/795 9107/499/795
f 9105/431/795 9107/499/795 9108/498/795
f 9109/1015/36 9110/1018/36 9111/1017/36
f 9109/1015/36 9111/1017/36 9112/1016/36
f 9113/1019/36 9114/1019/36 9115/1020/36
f 9113/1019/36 9115/1020/36 9116/1020/36
f 9117/1013/796 9118/1013/796 9119/1014/796
f 9117/1013/796 9119/1014/796 9120/1014/796
f 9121/1015/36 9122/1018/36 9123/1017/36
f 9121/1015/36 9123/1017/36 9124/1016/36
f 9125/493/109 9126/493/109 9127/493/109
f 9125/493/109 9127/493/109 9128/493/109
f 9129/430/795 9130/433/795 9131/432/795
f 9129/430/795 9131/432/795 9132/431/795
f 9133/383/109 9134/383/109 9135/384/109
f 9133/383/109 9135/384/109 9136/384/109
f 9137/384/796 9138/384/796 9139/572/796
f 9137/384/796 9139/572/796 9140/569/796
f 9141/387/109 9142/387/109 9143/388/109
f 9141/387/109 9143/388/109 9144/388/109
f 9145/578/35 9146/580/35 9147/579/35
f 9145/578/35 9147/579/35 9148/579/35
f 9149/431/795 9150/432/795 9151/499/795
f 9149/431/795 9151/499/795 9152/498/795
f 9153/1021/35 9154/1021/35 9155/310/35
f 9153/1021/35 9155/310/35 9156/310/35
f 9157/1022/109 9158/1022/109 9159/1022/109
f 9157/1022/109 9159/1022/109 9160/1022/109
f 9161/1003/796 9162/1003/796 9163/1023/796
f 9161/1003/796 9163/1023/796 9164/1023/796
f 9165/1007/795 9166/1007/795 9167/1004/795
f 9165/1007/795 9167/1004/795 9168/1004/795
f 9169/1024/795 9170/1027/795 9171/1026/795
f 9169/1024/795 9171/1026/795 9172/1025/795
f 9173/1028/796 9174/1031/796 9175/1030/796
f 9173/1028/796 9175/1030/796 9176/1029/796
f 9177/1032/796 9178/1032/796 9179/1033/796
f 9177/1032/796 9179/1033/796 9180/1033/796
f 9181/1034/795 9182/1034/795 9183/1035/795
f 9181/1034/795 9183/1035/795 9184/1035/795
f 9185/1036/36 9186/1036/36 9187/1037/36
f 9185/1036/36 9187/1037/36 9188/1037/36
f 9189/1038/36 9190/1039/36 9191/1034/36
f 9189/1038/36 9191/1034/36 9192/1034/36
f 9193/1040/109 9194/1040/109 9195/501/109
f 9193/1040/109 9195/501/109 9196/501/109
f 9197/1041/796 9198/1041/796 9199/1042/796
f 9197/1041/796 9199/1042/796 9200/1042/796
f 9201/500/109 9202/500/109 9203/1043/109
f 9201/500/109 9203/1043/109 9204/1043/109
f 9205/425/109 9206/425/109 9207/425/109
f 9205/425/109 9207/425/109 9208/425/109
f 9209/569/796 9210/572/796 9211/571/796
f 9209/569/796 9211/571/796 9212/570/796
f 9213/498/795 9214/499/795 9215/387/795
f 9213/498/795 9215/387/795 9216/387/795
f 9217/317/35 9218/317/35 9219/318/35
f 9217/317/35 9219/318/35 9220/318/35
f 9221/1043/796 9222/1043/796 9223/1044/796
f 9221/1043/796 9223/1044/796 9224/1044/796
f 9225/1035/795 9226/1035/795 9227/1045/795
f 9225/1035/795 9227/1045/795 9228/1045/795
f 9229/1046/109 9230/1046/109 9231/1046/109
f 9229/1046/109 9231/1046/109 9232/1046/109
f 9233/417/795 9234/417/795 9235/402/795
f 9233/417/795 9235/402/795 9236/402/795
f 9237/1047/1082 9238/406/1082 9239/581/1082
f 9237/1047/1082 9239/581/1082 9240/1048/1082
f 8308/490/36 8307/490/36 9241/490/36
f 8308/490/36 9241/490/36 9242/490/36
f 9243/503/35 9244/503/35 9245/1049/35
f 9243/503/35 9245/1049/35 9246/1049/35
f 9247/1050/109 9248/1050/109 9249/1051/109
f 9247/1050/109 9249/1051/109 9250/1051/109
f 9251/1052/73 9252/410/73 9253/1054/73
f 9251/1052/73 9253/1054/73 9254/1053/73
f 9255/1055/1084 9256/417/1084 9257/409/1084
f 9255/1055/1084 9257/409/1084 9258/1056/1084
f 9259/1057/1084 9260/402/1084 9261/417/1084
f 9259/1057/1084 9261/417/1084 9262/1055/1084
f 9263/1058/1083 9264/415/1083 9265/405/1083
f 9263/1058/1083 9265/405/1083 9266/1059/1083
f 9267/1060/1083 9268/398/1083 9269/415/1083
f 9267/1060/1083 9269/415/1083 9270/1058/1083
f 9271/1056/1084 9272/409/1084 9273/410/1084
f 9271/1056/1084 9273/410/1084 9274/1052/1084
f 9275/1059/1083 9276/405/1083 9277/406/1083
f 9275/1059/1083 9277/406/1083 9278/1047/1083
f 9279/1061/1082 9280/401/1082 9281/402/1082
f 9279/1061/1082 9281/402/1082 9282/1057/1082
f 9283/1062/50 9284/397/50 9285/398/50
f 9283/1062/50 9285/398/50 9286/1060/50
f 9287/1063/109 9288/1063/109 9289/1064/109
f 9287/1063/109 9289/1064/109 9290/1064/109
f 9291/410/795 9292/410/795 9293/409/795
f 9291/410/795 9293/409/795 9294/409/795
f 9295/1065/36 9296/1065/36 9297/1066/36
f 9295/1065/36 9297/1066/36 9298/1066/36
f 9299/402/109 9300/402/109 9301/401/109
f 9299/402/109 9301/401/109 9302/401/109
f 9303/406/796 9304/406/796 9305/405/796
f 9303/406/796 9305/405/796 9306/405/796
f 9307/1029/796 9308/1030/796 9309/1032/796
f 9307/1029/796 9309/1032/796 9310/1032/796
f 9311/581/109 9312/581/109 9313/406/109
f 9311/581/109 9313/406/109 9314/406/109
f 9315/398/35 9316/398/35 9317/397/35
f 9315/398/35 9317/397/35 9318/397/35
f 9319/1067/109 9320/1067/109 9321/1067/109
f 9319/1067/109 9321/1067/109 9322/1067/109
f 9323/1045/795 9324/1045/795 9325/1040/795
f 9323/1045/795 9325/1040/795 9326/1040/795
f 9327/1068/109 9328/1068/109 9329/1070/109
f 9327/1068/109 9329/1070/109 9330/1069/109
f 9331/493/109 9332/493/109 9333/493/109
f 9331/493/109 9333/493/109 9334/493/109
f 9335/414/796 9336/414/796 9337/413/796
f 9335/414/796 9337/413/796 9338/413/796
f 9339/1071/36 9340/1071/36 9186/1036/36
f 9339/1071/36 9186/1036/36 9185/1036/36
f 9341/490/36 9342/490/36 9343/490/36
f 9341/490/36 9343/490/36 9344/490/36
f 9345/1072/35 9346/1072/35 9347/1073/35
f 9345/1072/35 9347/1073/35 9348/1073/35
f 9349/1066/795 9350/1066/795 9351/1027/795
f 9349/1066/795 9351/1027/795 9352/1024/795
f 9353/1025/795 9354/1026/795 9355/1068/795
f 9353/1025/795 9355/1068/795 9356/1068/795
f 9357/409/795 9358/409/795 9359/417/795
f 9357/409/795 9359/417/795 9360/417/795
f 9361/427/36 9362/427/36 9363/426/36
f 9361/427/36 9363/426/36 9364/426/36
f 9365/1051/109 9366/1051/109 9367/1051/109
f 9365/1051/109 9367/1051/109 9368/1051/109
f 9369/405/796 9370/405/796 9371/415/796
f 9369/405/796 9371/415/796 9372/415/796
f 9373/425/109 9374/425/109 9375/1050/109
f 9373/425/109 9375/1050/109 9376/1050/109
f 9377/1074/109 9378/1075/109 9379/1031/109
f 9377/1074/109 9379/1031/109 9380/1028/109
f 9381/1033/35 9382/1033/35 9383/1076/35
f 9381/1033/35 9383/1076/35 9384/1076/35
f 9385/1004/109 9386/1004/109 9387/490/109
f 9385/1004/109 9387/490/109 9388/490/109
f 9389/362/109 9390/362/109 9391/1002/109
f 9389/362/109 9391/1002/109 9392/1002/109
f 9393/1005/35 9394/1005/35 9395/1006/35
f 9393/1005/35 9395/1006/35 9396/1006/35
f 9397/1001/795 9398/1001/795 9399/1007/795
f 9397/1001/795 9399/1007/795 9400/1007/795
f 9401/1007/795 9402/1007/795 9403/1004/795
f 9401/1007/795 9403/1004/795 9404/1004/795
f 9405/1003/796 9406/1003/796 9407/1023/796
f 9405/1003/796 9407/1023/796 9408/1023/796
f 9409/597/36 9410/597/36 9411/1077/36
f 9409/597/36 9411/1077/36 9412/1077/36
f 9413/994/796 9414/994/796 9415/995/796
f 9413/994/796 9415/995/796 9416/995/796
f 9417/1000/795 9418/1000/795 9419/1001/795
f 9417/1000/795 9419/1001/795 9420/1001/795
f 9421/1078/109 9422/1009/109 9423/1009/109
f 9421/1078/109 9423/1009/109 9424/1009/109
f 9425/1050/109 9426/1022/109 9427/1022/109
f 9425/1050/109 9427/1022/109 9428/1022/109
f 9429/362/35 9430/362/35 8458/362/35
f 9429/362/35 8458/362/35 8457/362/35
f 9431/1002/796 9432/1002/796 9433/1003/796
f 9431/1002/796 9433/1003/796 9434/1003/796
f 9435/996/36 9436/996/36 9437/997/36
f 9435/996/36 9437/997/36 9438/997/36
f 9439/1079/40 9440/1082/40 9441/1081/40
f 9439/1079/40 9441/1081/40 9442/1080/40
f 9443/1058/796 9444/1058/796 9445/1060/796
f 9443/1058/796 9445/1060/796 9446/1060/796
f 9447/1063/109 9448/1063/109 9449/1063/109
f 9447/1063/109 9449/1063/109 9450/1063/109
f 9451/1082/40 9452/1084/40 9453/1083/40
f 9451/1082/40 9453/1083/40 9454/1081/40
f 9455/1056/795 9456/1056/795 9457/1055/795
f 9455/1056/795 9457/1055/795 9458/1055/795
f 9459/1059/796 9460/1059/796 9461/1058/796
f 9459/1059/796 9461/1058/796 9462/1058/796
f 9463/1085/36 9464/1085/36 9465/1086/36
f 9463/1085/36 9465/1086/36 9466/1086/36
f 9467/1053/36 9468/1053/36 9469/1052/36
f 9467/1053/36 9469/1052/36 9470/1052/36
f 9471/1087/35 9472/1087/35 9473/1088/35
f 9471/1087/35 9473/1088/35 9474/1088/35
f 9475/500/35 9476/500/35 8302/500/35
f 9475/500/35 8302/500/35 8301/500/35
f 9477/1089/40 9478/1092/40 9479/1091/40
f 9477/1089/40 9479/1091/40 9480/1090/40
f 9481/1093/36 9482/1093/36 9483/1094/36
f 9481/1093/36 9483/1094/36 9484/1094/36
f 9485/1095/796 9486/1030/796 9487/1032/796
f 9485/1095/796 9487/1032/796 9488/1032/796
f 9489/1026/795 9490/1026/795 9491/1068/795
f 9489/1026/795 9491/1068/795 9492/1068/795
f 9493/1051/109 9494/1051/109 9495/1051/109
f 9493/1051/109 9495/1051/109 9496/1051/109
f 9497/362/35 9498/362/35 9499/362/35
f 9497/362/35 9499/362/35 9500/362/35
f 9501/1060/35 9502/1060/35 9503/1062/35
f 9501/1060/35 9503/1062/35 9504/1062/35
f 9505/1057/109 9506/1057/109 9507/1061/109
f 9505/1057/109 9507/1061/109 9508/1061/109
f 9474/1088/35 9473/1088/35 9509/1096/35
f 9474/1088/35 9509/1096/35 9510/1096/35
f 9511/1051/109 9512/1051/109 9513/1051/109
f 9511/1051/109 9513/1051/109 9514/1051/109
f 9515/1052/795 9516/1052/795 9517/1056/795
f 9515/1052/795 9517/1056/795 9518/1056/795
f 9519/1092/40 9520/1098/40 9521/1097/40
f 9519/1092/40 9521/1097/40 9522/1091/40
f 9523/1055/795 9524/1055/795 9525/1057/795
f 9523/1055/795 9525/1057/795 9526/1057/795
f 9527/1099/36 9528/1099/36 9529/520/36
f 9527/1099/36 9529/520/36 9530/520/36
f 9531/1047/796 9532/1047/796 9533/1059/796
f 9531/1047/796 9533/1059/796 9534/1059/796
f 9535/1048/109 9536/1048/109 9537/1047/109
f 9535/1048/109 9537/1047/109 9538/1047/109
f 9539/430/795 9540/433/795 9541/431/795
f 9539/430/795 9541/431/795 9542/431/795
f 9543/425/109 9544/425/109 9545/425/109
f 9543/425/109 9545/425/109 9546/425/109
f 9547/490/36 9548/490/36 9549/490/36
f 9547/490/36 9549/490/36 9550/490/36
f 9551/384/796 9552/384/796 9553/569/796
f 9551/384/796 9553/569/796 9554/569/796
f 9555/1015/36 9556/1018/36 9557/1017/36
f 9555/1015/36 9557/1017/36 9558/1016/36
f 9559/387/109 9560/387/109 9561/388/109
f 9559/387/109 9561/388/109 9562/388/109
f 9563/383/109 9564/383/109 9565/384/109
f 9563/383/109 9565/384/109 9566/384/109
f 9567/578/35 9568/580/35 9569/579/35
f 9567/578/35 9569/579/35 9570/579/35
f 9571/431/795 9572/431/795 9573/498/795
f 9571/431/795 9573/498/795 9574/498/795
f 9575/498/795 9576/498/795 9577/387/795
f 9575/498/795 9577/387/795 9578/387/795
f 9579/1100/36 9580/1100/36 9581/1102/36
f 9579/1100/36 9581/1102/36 9582/1101/36
f 9583/569/796 9584/569/796 9585/571/796
f 9583/569/796 9585/571/796 9586/570/796
f 9587/500/35 9588/500/35 9589/1103/35
f 9587/500/35 9589/1103/35 9590/1103/35
f 9591/1013/796 9592/1013/796 9593/1014/796
f 9591/1013/796 9593/1014/796 9594/1014/796
f 9595/1031/796 9596/1031/796 9486/1030/796
f 9595/1031/796 9486/1030/796 9485/1095/796
f 9597/1027/795 9598/1027/795 9599/1026/795
f 9597/1027/795 9599/1026/795 9600/1026/795
f 9601/1033/35 9602/1033/35 9603/1104/35
f 9601/1033/35 9603/1104/35 9604/1076/35
f 9605/1068/109 9606/1068/109 9607/1070/109
f 9605/1068/109 9607/1070/109 9608/1069/109
f 9609/1066/795 9610/1066/795 9611/1027/795
f 9609/1066/795 9611/1027/795 9612/1027/795
f 9613/1074/109 9614/1075/109 9615/1031/109
f 9613/1074/109 9615/1031/109 9616/1031/109
f 9617/1105/36 9618/1105/36 9619/1066/36
f 9617/1105/36 9619/1066/36 9620/1066/36
f 9621/1032/796 9622/1032/796 9623/1033/796
f 9621/1032/796 9623/1033/796 9624/1033/796
f 9625/1049/37 9626/1049/37 9627/596/37
f 9625/1049/37 9627/596/37 9628/596/37
f 9629/1067/109 9630/1067/109 9631/1106/109
f 9629/1067/109 9631/1106/109 9632/1106/109
f 9633/1042/35 9634/1042/35 9635/1108/35
f 9633/1042/35 9635/1108/35 9636/1107/35
f 9637/1109/109 9638/1109/109 9639/1110/109
f 9637/1109/109 9639/1110/109 9640/1110/109
f 9641/501/36 9642/501/36 8306/501/36
f 9641/501/36 8306/501/36 8305/501/36
f 9643/1044/796 9644/1044/796 9645/1041/796
f 9643/1044/796 9645/1041/796 9646/1041/796
f 9647/1111/109 9648/1111/109 9649/1063/109
f 9647/1111/109 9649/1063/109 9650/1063/109
f 9651/1112/1082 9652/1061/1082 9653/1057/1082
f 9651/1112/1082 9653/1057/1082 9654/1113/1082
f 9655/1114/1083 9656/1059/1083 9657/1047/1083
f 9655/1114/1083 9657/1047/1083 9658/1115/1083
f 9659/1113/1084 9660/1057/1084 9661/1055/1084
f 9659/1113/1084 9661/1055/1084 9662/1116/1084
f 9663/1117/73 9664/1052/73 9665/1053/73
f 9663/1117/73 9665/1053/73 9666/1118/73
f 9667/1115/1082 9668/1047/1082 9669/1048/1082
f 9667/1115/1082 9669/1048/1082 9670/1119/1082
f 9671/490/36 9672/490/36 8344/490/36
f 9671/490/36 8344/490/36 8343/490/36
f 9673/1120/1083 9674/1058/1083 9675/1059/1083
f 9673/1120/1083 9675/1059/1083 9676/1121/1083
f 9677/1122/1083 9678/1060/1083 9679/1058/1083
f 9677/1122/1083 9679/1058/1083 9680/1123/1083
f 9681/1124/50 9682/1062/50 9683/1060/50
f 9681/1124/50 9683/1060/50 9684/1122/50
f 9685/1125/1084 9686/1056/1084 9687/1052/1084
f 9685/1125/1084 9687/1052/1084 9688/1117/1084
f 9689/1126/1084 9690/1055/1084 9691/1056/1084
f 9689/1126/1084 9691/1056/1084 9692/1127/1084
f 9693/1051/109 9694/1051/109 9695/1128/109
f 9693/1051/109 9695/1128/109 9696/1128/109
f 9697/1129/40 9698/1132/40 9699/1131/40
f 9697/1129/40 9699/1131/40 9700/1130/40
f 9701/1133/110 9702/1136/110 9703/1135/110
f 9701/1133/110 9703/1135/110 9704/1134/110
f 9705/1137/1135 9706/1139/1135 9707/1138/1135
f 9705/1137/1135 9707/1138/1135 9708/1138/1135
f 9709/1003/1136 9710/1003/1136 9711/1002/1136
f 9709/1003/1136 9711/1002/1136 9712/1002/1136
f 9713/1140/1137 9714/1140/1137 9715/1000/1137
f 9713/1140/1137 9715/1000/1137 9716/1000/1137
f 9717/1141/1136 9718/1141/1136 9719/994/1136
f 9717/1141/1136 9719/994/1136 9720/994/1136
f 9721/1142/1136 9722/1143/1136 9723/1003/1136
f 9721/1142/1136 9723/1003/1136 9724/1003/1136
f 9725/1004/1137 9726/1004/1137 9727/1007/1137
f 9725/1004/1137 9727/1007/1137 9728/1144/1137
f 9729/1144/1137 9730/1007/1137 9731/1140/1137
f 9729/1144/1137 9731/1140/1137 9732/1140/1137
f 9733/1145/175 9734/1148/175 9735/1147/175
f 9733/1145/175 9735/1147/175 9736/1146/175
f 9737/1149/1224 9738/1150/1224 9739/1150/1224
f 9737/1149/1224 9739/1150/1224 9740/1149/1224
f 9741/1137/1210 9742/1139/1210 9743/1139/1210
f 9741/1137/1210 9743/1139/1210 9744/1137/1210
f 9745/1146/1209 9746/1147/1209 9747/1147/1209
f 9745/1146/1209 9747/1147/1209 9748/1151/1209
f 9749/1152/1135 9750/1152/1135 9751/1150/1135
f 9749/1152/1135 9751/1150/1135 9752/1149/1135
f 9753/1133/1208 9754/1136/1208 9755/1136/1208
f 9753/1133/1208 9755/1136/1208 9756/1133/1208
f 9757/1153/1225 9758/1156/206 9759/1155/1226
f 9757/1153/1227 9759/1155/1228 9760/1154/115
f 9761/1157/1229 9762/1160/1143 9763/1159/1230
f 9761/1157/1231 9763/1159/1232 9764/1158/1143
f 9765/1161/1233 9766/1164/1148 9767/1163/1234
f 9765/1161/1235 9767/1163/1236 9768/1162/1148
f 9769/1165/1237 9770/1167/1153 9771/1166/1238
f 9769/1165/1239 9771/1166/1240 9772/1166/1153
f 9773/1168/1241 9774/1168/1159 9775/1170/1242
f 9773/1168/1243 9775/1170/1244 9776/1169/1159
f 9777/1162/1163 9778/1163/1163 9779/1171/1163
f 9777/1162/1163 9779/1171/1163 9780/1171/1163
f 9781/1172/1245 9782/1173/1165 9783/1160/1246
f 9781/1172/1247 9783/1160/1248 9784/1157/1249
f 9785/1166/1169 9786/1166/1169 9787/1173/1169
f 9785/1166/1169 9787/1173/1169 9788/1172/1169
f 9789/1174/1250 9790/1177/181 9791/1176/1251
f 9789/1174/1252 9791/1176/1253 9792/1175/177
f 9793/1178/1254 9794/1179/1143 9795/1164/1255
f 9793/1178/1256 9795/1164/1257 9796/1161/1215
f 9797/1133/110 9798/1136/110 9799/1135/110
f 9797/1133/110 9799/1135/110 9800/1134/110
f 9801/1137/1135 9802/1139/1135 9803/1138/1135
f 9801/1137/1135 9803/1138/1135 9804/1138/1135
f 9805/1003/1136 9806/1003/1136 9807/1002/1136
f 9805/1003/1136 9807/1002/1136 9808/1002/1136
f 9809/1140/1137 9810/1140/1137 9811/1000/1137
f 9809/1140/1137 9811/1000/1137 9812/1000/1137
f 9813/1141/1136 9814/1141/1136 9815/994/1136
f 9813/1141/1136 9815/994/1136 9816/994/1136
f 9817/1142/1136 9818/1143/1136 9819/1003/1136
f 9817/1142/1136 9819/1003/1136 9820/1003/1136
f 9821/1004/1137 9822/1004/1137 9823/1007/1137
f 9821/1004/1137 9823/1007/1137 9824/1144/1137
f 9825/1144/1137 9826/1007/1137 9827/1140/1137
f 9825/1144/1137 9827/1140/1137 9828/1140/1137
f 9829/1137/1210 9830/1139/1210 9831/1139/1210
f 9829/1137/1210 9831/1139/1210 9832/1137/1210
f 9833/1145/175 9834/1148/175 9835/1147/175
f 9833/1145/175 9835/1147/175 9836/1146/175
f 9837/1146/1209 9838/1147/1209 9839/1147/1209
f 9837/1146/1209 9839/1147/1209 9840/1151/1209
f 9841/1149/1224 9842/1150/1224 9843/1150/1224
f 9841/1149/1224 9843/1150/1224 9844/1149/1224
f 9845/1152/1135 9846/1152/1135 9847/1150/1135
f 9845/1152/1135 9847/1150/1135 9848/1149/1135
f 9849/1133/1208 9850/1136/1208 9851/1136/1208
f 9849/1133/1208 9851/1136/1208 9852/1133/1208
f 9853/1153/1225 9854/1181/206 9855/1180/1226
f 9853/1153/1227 9855/1180/1228 9856/1154/115
f 9857/1182/1258 9858/1185/1143 9859/1184/1230
f 9857/1182/1259 9859/1184/1260 9860/1183/1143
f 9861/1186/1233 9862/1187/1148 9863/1162/1261
f 9861/1186/1262 9863/1162/1236 9864/1163/1148
f 9865/1188/1237 9866/1189/1153 9867/1166/1263
f 9865/1188/1239 9867/1166/1264 9868/1166/1153
f 9869/1168/1241 9870/1168/1159 9871/1190/1265
f 9869/1168/1243 9871/1190/1244 9872/1169/1159
f 9873/1163/1163 9874/1162/1163 9875/1191/1163
f 9873/1163/1163 9875/1191/1163 9876/1171/1163
f 9877/1173/1245 9878/1173/1165 9879/1185/1246
f 9877/1173/1266 9879/1185/1248 9880/1182/1249
f 9881/1166/1169 9882/1166/1169 9883/1173/1169
f 9881/1166/1169 9883/1173/1169 9884/1173/1169
f 9885/1192/1250 9886/1195/181 9887/1194/1251
f 9885/1192/1252 9887/1194/1267 9888/1193/177
f 9889/1196/1209 9890/1197/1209 9891/1197/1209
f 9889/1196/1209 9891/1197/1209 9892/1196/1209
f 9893/1198/1268 9894/1199/1143 9895/1187/1255
f 9893/1198/1256 9895/1187/1257 9896/1186/1143
f 9897/1200/1210 9898/1202/1210 9899/1202/1210
f 9897/1200/1210 9899/1202/1210 9900/1201/1210
f 9901/1203/1135 9902/1206/1135 9903/1205/1135
f 9901/1203/1135 9903/1205/1135 9904/1204/1135
f 9905/1207/1225 9906/1181/206 9907/1209/1226
f 9905/1207/1227 9907/1209/1228 9908/1208/115
f 9909/1210/175 9910/1211/175 9911/1197/175
f 9909/1210/175 9911/1197/175 9912/1196/175
f 9913/1212/1137 9914/1045/1137 9915/1214/1137
f 9913/1212/1137 9915/1214/1137 9916/1213/1137
f 9917/1040/1137 9918/1040/1137 9919/1045/1137
f 9917/1040/1137 9919/1045/1137 9920/1212/1137
f 9921/1215/1136 9922/1215/1136 9923/1044/1136
f 9921/1215/1136 9923/1044/1136 9924/1216/1136
f 9925/1217/1136 9926/1217/1136 9927/1215/1136
f 9925/1217/1136 9927/1215/1136 9928/1215/1136
f 9929/1213/1137 9930/1214/1137 9931/1034/1137
f 9929/1213/1137 9931/1034/1137 9932/1218/1137
f 9933/1216/1136 9934/1044/1136 9935/1043/1136
f 9933/1216/1136 9935/1043/1136 9936/1219/1136
f 9937/1201/1135 9938/1202/1135 9939/1220/1135
f 9937/1201/1135 9939/1220/1135 9940/1220/1135
f 9941/1221/110 9942/1223/110 9943/1222/110
f 9941/1221/110 9943/1222/110 9944/1222/110
f 9945/1224/1169 9946/1227/1169 9947/1226/1169
f 9945/1224/1169 9947/1226/1169 9948/1225/1169
f 9949/1228/1269 9950/1229/1153 9951/1227/1270
f 9949/1228/1271 9951/1227/1272 9952/1224/1153
f 9953/1221/1208 9954/1223/1208 9955/1223/1208
f 9953/1221/1208 9955/1223/1208 9956/1221/1208
f 9957/1204/1224 9958/1205/1224 9959/1205/1224
f 9957/1204/1224 9959/1205/1224 9960/1230/1224
f 9961/1231/1273 9962/1234/206 9963/1233/1274
f 9961/1231/1275 9963/1233/1276 9964/1232/115
f 9965/1235/1277 9966/1236/1159 9967/1234/1278
f 9965/1235/1279 9967/1234/1280 9968/1231/1159
f 9969/1237/1163 9970/1237/1163 9971/1236/1163
f 9969/1237/1163 9971/1236/1163 9972/1235/1163
f 9973/1178/1268 9974/1240/1143 9975/1239/1255
f 9973/1178/1256 9975/1239/1257 9976/1238/1143
f 9977/1241/1281 9978/1244/1143 9979/1243/1282
f 9977/1241/1283 9979/1243/1284 9980/1242/1217
f 9981/1245/1285 9982/1246/181 9983/1229/1286
f 9981/1245/1287 9983/1229/1288 9984/1228/177
f 9985/1225/1289 9986/1226/1165 9987/1248/1290
f 9985/1225/1291 9987/1248/1292 9988/1247/1165
f 9989/1242/1293 9990/1243/1148 9991/1237/1294
f 9989/1242/1295 9991/1237/1296 9992/1237/1148
f 9993/1247/1297 9994/1248/1143 9995/1250/1298
f 9993/1247/1299 9995/1250/1300 9996/1249/1143
f 9997/1192/1250 9998/1252/181 9999/1194/1251
f 9997/1192/1252 9999/1194/1267 10000/1251/181
f 10001/1166/1169 10002/1254/1169 10003/1253/1169
f 10001/1166/1169 10003/1253/1169 10004/1253/1169
f 10005/1253/1301 10006/1253/1165 10007/1256/1246
f 10005/1253/1266 10007/1256/1248 10008/1255/1249
f 10009/1162/1163 10010/1162/1163 10011/1191/1163
f 10009/1162/1163 10011/1191/1163 10012/1257/1163
f 10013/1168/1241 10014/1168/1159 10015/1259/1302
f 10013/1168/1243 10015/1259/1244 10016/1258/1159
f 10017/1165/1303 10018/1260/1153 10019/1254/1304
f 10017/1165/1239 10019/1254/1264 10020/1166/1153
f 10021/1238/1305 10022/1239/1148 10023/1162/1234
f 10021/1238/1262 10023/1162/1236 10024/1162/1148
f 10025/1255/1258 10026/1256/1143 10027/1261/1230
f 10025/1255/1259 10027/1261/1260 10028/1183/1143
f 10029/1133/110 10030/1136/110 10031/1135/110
f 10029/1133/110 10031/1135/110 10032/1134/110
f 10033/1137/1135 10034/1139/1135 10035/1138/1135
f 10033/1137/1135 10035/1138/1135 10036/1138/1135
f 10037/1003/1136 10038/1003/1136 10039/1002/1136
f 10037/1003/1136 10039/1002/1136 10040/1002/1136
f 10041/1140/1137 10042/1140/1137 10043/1000/1137
f 10041/1140/1137 10043/1000/1137 10044/1000/1137
f 10045/1141/1136 10046/1141/1136 10047/994/1136
f 10045/1141/1136 10047/994/1136 10048/994/1136
f 10049/1142/1136 10050/1143/1136 10051/1003/1136
f 10049/1142/1136 10051/1003/1136 10052/1003/1136
f 10053/1004/1137 10054/1004/1137 10055/1007/1137
f 10053/1004/1137 10055/1007/1137 10056/1144/1137
f 10057/1144/1137 10058/1007/1137 10059/1140/1137
f 10057/1144/1137 10059/1140/1137 10060/1140/1137
f 10061/1145/175 10062/1148/175 10063/1147/175
f 10061/1145/175 10063/1147/175 10064/1146/175
f 10065/1152/1135 10066/1152/1135 10067/1150/1135
f 10065/1152/1135 10067/1150/1135 10068/1149/1135
f 10069/1133/1208 10070/1136/1208 10071/1136/1208
f 10069/1133/1208 10071/1136/1208 10072/1133/1208
f 10073/1262/1169 10074/1262/1169 10075/1225/1169
f 10073/1262/1169 10075/1225/1169 10076/1263/1169
f 10077/1264/1306 10078/1229/1153 10079/1262/1270
f 10077/1264/1271 10079/1262/1307 10080/1262/1153
f 10081/1265/1273 10082/1268/115 10083/1267/1274
f 10081/1265/1308 10083/1267/1276 10084/1266/115
f 10085/1236/1277 10086/1236/1159 10087/1268/1278
f 10085/1236/1309 10087/1268/1280 10088/1265/1159
f 10089/1237/1163 10090/1237/1163 10091/1236/1163
f 10089/1237/1163 10091/1236/1163 10092/1236/1163
f 10093/1269/1281 10094/1270/1143 10095/1243/1282
f 10093/1269/1283 10095/1243/1284 10096/1242/1217
f 10097/1271/1310 10098/1246/181 10099/1229/1286
f 10097/1271/1287 10099/1229/1288 10100/1264/181
f 10101/1263/1289 10102/1225/1165 10103/1248/1290
f 10101/1263/1291 10103/1248/1292 10104/1272/1165
f 10105/1242/1311 10106/1243/1312 10107/1237/1294
f 10105/1242/1313 10107/1237/1296 10108/1237/1148
f 10109/1272/1297 10110/1248/1215 10111/1274/1314
f 10109/1272/1299 10111/1274/1300 10112/1273/1143
f 10113/1137/1210 10114/1139/1210 10115/1139/1210
f 10113/1137/1210 10115/1139/1210 10116/1137/1210
f 10117/1146/1209 10118/1147/1209 10119/1147/1209
f 10117/1146/1209 10119/1147/1209 10120/1151/1209
f 10121/1149/1224 10122/1150/1224 10123/1150/1224
f 10121/1149/1224 10123/1150/1224 10124/1149/1224
f 10125/1201/1135 10126/1202/1135 10127/1220/1135
f 10125/1201/1135 10127/1220/1135 10128/1220/1135
f 10129/1275/1136 10130/1044/1136 10131/1043/1136
f 10129/1275/1136 10131/1043/1136 10132/1043/1136
f 10133/1040/1137 10134/1040/1137 10135/1045/1137
f 10133/1040/1137 10135/1045/1137 10136/1276/1137
f 10137/1277/1208 10138/1223/1208 10139/1223/1208
f 10137/1277/1208 10139/1223/1208 10140/1221/1208
f 10141/1200/1210 10142/1202/1210 10143/1202/1210
f 10141/1200/1210 10143/1202/1210 10144/1201/1210
f 10145/1210/175 10146/1211/175 10147/1197/175
f 10145/1210/175 10147/1197/175 10148/1278/175
f 10149/1206/1135 10150/1206/1135 10151/1205/1135
f 10149/1206/1135 10151/1205/1135 10152/1204/1135
f 10153/1215/1136 10154/1215/1136 10155/1044/1136
f 10153/1215/1136 10155/1044/1136 10156/1275/1136
f 10157/1217/1136 10158/1217/1136 10159/1215/1136
f 10157/1217/1136 10159/1215/1136 10160/1215/1136
f 10161/1221/110 10162/1223/110 10163/1222/110
f 10161/1221/110 10163/1222/110 10164/1222/110
f 10165/1204/1224 10166/1205/1224 10167/1205/1224
f 10165/1204/1224 10167/1205/1224 10168/1230/1224
f 10169/1214/1137 10170/1214/1137 10171/1034/1137
f 10169/1214/1137 10171/1034/1137 10172/1218/1137
f 10173/1276/1137 10174/1045/1137 10175/1214/1137
f 10173/1276/1137 10175/1214/1137 10176/1214/1137
f 10177/1278/1209 10178/1197/1209 10179/1197/1209
f 10177/1278/1209 10179/1197/1209 10180/1278/1209
f 10181/1279/1315 10182/1281/1316 10183/931/1317
f 10181/1279/1318 10183/931/1319 10184/1280/1316
f 10185/1282/1320 10186/1284/1321 10187/935/1322
f 10185/1282/1323 10187/935/1324 10188/1283/1321
f 10189/1285/1325 10190/1288/1326 10191/1287/1327
f 10189/1285/1328 10191/1287/1329 10192/1286/1326
f 10193/1289/1330 10194/1292/1331 10195/1291/1332
f 10193/1289/1333 10195/1291/1334 10196/1290/1331
f 10197/1293/1315 10198/1295/1316 10199/927/1317
f 10197/1293/1318 10199/927/1319 10200/1294/1316
f 10201/1296/1320 10202/1298/1321 10203/937/1322
f 10201/1296/1323 10203/937/1335 10204/1297/1321
f 10205/1299/1336 10206/1302/1326 10207/1301/1327
f 10205/1299/1328 10207/1301/1329 10208/1300/1326
f 10209/1303/1330 10210/1306/1331 10211/1305/1332
f 10209/1303/1333 10211/1305/1334 10212/1304/1331
f 10213/1307/1315 10214/1309/1316 10215/923/1317
f 10213/1307/1318 10215/923/1319 10216/1308/1316
f 10217/1310/1320 10218/1312/1321 10219/939/1322
f 10217/1310/1323 10219/939/1335 10220/1311/1321
f 10221/1313/1336 10222/1316/1326 10223/1315/1327
f 10221/1313/1328 10223/1315/1329 10224/1314/1326
f 10225/1317/1330 10226/1320/1331 10227/1319/1332
f 10225/1317/1333 10227/1319/1334 10228/1318/1331
f 10229/1321/1337 10230/1324/1338 10231/1323/1339
f 10229/1321/1340 10231/1323/1341 10232/1322/1338
f 10233/1286/1163 10234/1287/1163 10235/1324/1163
f 10233/1286/1163 10235/1324/1163 10236/1321/1163
f 10237/1325/1342 10238/1328/1343 10239/1327/1344
f 10237/1325/1345 10239/1327/1346 10240/1326/1343
f 10241/1290/1169 10242/1291/1169 10243/1328/1169
f 10241/1290/1169 10243/1328/1169 10244/1325/1169
f 10245/1329/1337 10246/1332/1338 10247/1331/1339
f 10245/1329/1340 10247/1331/1341 10248/1330/1338
f 10249/1300/1163 10250/1301/1163 10251/1332/1163
f 10249/1300/1163 10251/1332/1163 10252/1329/1163
f 10253/1333/1342 10254/1336/1343 10255/1335/1344
f 10253/1333/1345 10255/1335/1346 10256/1334/1343
f 10257/1304/1169 10258/1305/1169 10259/1336/1169
f 10257/1304/1169 10259/1336/1169 10260/1333/1169
f 10261/1337/1337 10262/1340/1338 10263/1339/1339
f 10261/1337/1340 10263/1339/1347 10264/1338/1338
f 10265/1314/1163 10266/1315/1163 10267/1340/1163
f 10265/1314/1163 10267/1340/1163 10268/1337/1163
f 10269/1341/1342 10270/1344/1343 10271/1343/1344
f 10269/1341/1345 10271/1343/1346 10272/1342/1343
f 10273/1318/1169 10274/1319/1169 10275/1344/1169
f 10273/1318/1169 10275/1344/1169 10276/1341/1169
f 10277/1345/1348 10278/1347/1349 10279/919/1350
f 10277/1345/1351 10279/919/1352 10280/1346/1353
f 10281/1348/1354 10282/1350/1355 10283/941/1356
f 10281/1348/1357 10283/941/1358 10284/1349/1355
f 10285/1351/1359 10286/1354/1360 10287/1353/1361
f 10285/1351/1362 10287/1353/1363 10288/1352/1364
f 10289/1355/1365 10290/1358/1366 10291/1357/1367
f 10289/1355/1368 10291/1357/1369 10292/1356/1370
f 10293/1359/1371 10294/1362/1372 10295/1361/1373
f 10293/1359/1374 10295/1361/1375 10296/1360/1372
f 10297/1352/1163 10298/1353/1163 10299/1362/1163
f 10297/1352/1163 10299/1362/1163 10300/1359/1163
f 10301/1363/1376 10302/1366/1377 10303/1365/1378
f 10301/1363/1379 10303/1365/1380 10304/1364/1377
f 10305/1356/1169 10306/1357/1169 10307/1366/1169
f 10305/1356/1169 10307/1366/1169 10308/1363/1169
f 10309/1367/1348 10310/1369/1349 10311/917/1350
f 10309/1367/1351 10311/917/1352 10312/1368/1381
f 10313/1370/1354 10314/1372/1382 10315/943/1356
f 10313/1370/1357 10315/943/1358 10316/1371/1355
f 10317/1373/1359 10318/1376/1360 10319/1375/1361
f 10317/1373/1362 10319/1375/1363 10320/1374/1364
f 10321/1377/1365 10322/1380/1366 10323/1379/1383
f 10321/1377/1368 10323/1379/1369 10324/1378/1370
f 10325/1381/1371 10326/1384/1372 10327/1383/1373
f 10325/1381/1374 10327/1383/1375 10328/1382/1372
f 10329/1374/1163 10330/1375/1163 10331/1384/1163
f 10329/1374/1163 10331/1384/1163 10332/1381/1163
f 10333/1385/1376 10334/1388/1377 10335/1387/1378
f 10333/1385/1379 10335/1387/1380 10336/1386/1377
f 10337/1378/1169 10338/1379/1169 10339/1388/1169
f 10337/1378/1169 10339/1388/1169 10340/1385/1169
f 10341/1389/1384 10342/1391/1349 10343/911/1350
f 10341/1389/1351 10343/911/1352 10344/1390/1353
f 10345/1392/1354 10346/1394/1382 10347/945/1356
f 10345/1392/1357 10347/945/1358 10348/1393/1355
f 10349/1395/1359 10350/1398/1360 10351/1397/1361
f 10349/1395/1362 10351/1397/1363 10352/1396/1364
f 10353/1399/1365 10354/1402/1366 10355/1401/1367
f 10353/1399/1368 10355/1401/1369 10356/1400/1370
f 10357/1403/1371 10358/1406/1372 10359/1405/1373
f 10357/1403/1374 10359/1405/1375 10360/1404/1372
f 10361/1396/1163 10362/1397/1163 10363/1406/1163
f 10361/1396/1163 10363/1406/1163 10364/1403/1163
f 10365/1407/1376 10366/1410/1377 10367/1409/1378
f 10365/1407/1379 10367/1409/1380 10368/1408/1377
f 10369/1400/1169 10370/1401/1169 10371/1410/1169
f 10369/1400/1169 10371/1410/1169 10372/1407/1169
f 10373/1411/1385 10374/933/1386 10375/1413/1387
f 10373/1411/1388 10375/1413/1389 10376/1412/1386
f 10377/1414/1385 10378/929/1386 10379/1416/1387
f 10377/1414/1388 10379/1416/1389 10380/1415/1386
f 10381/1417/1385 10382/925/1386 10383/1419/1387
f 10381/1417/1388 10383/1419/1389 10384/1418/1386
f 10385/1420/1390 10386/921/1391 10387/1422/1392
f 10385/1420/1393 10387/1422/1394 10388/1421/1395
f 10389/1423/1390 10390/915/1391 10391/1425/1392
f 10389/1423/1393 10391/1425/1394 10392/1424/1395
f 10393/1426/1390 10394/913/1391 10395/1428/1392
f 10393/1426/1393 10395/1428/1394 10396/1427/1395
f 10397/1429/1396 10398/993/1397 10399/1431/1398
f 10397/1429/1399 10399/1431/1400 10400/1430/1397
f 10401/1432/1396 10402/991/1397 10403/1434/1398
f 10401/1432/1399 10403/1434/1400 10404/1433/1397
f 10405/1435/1396 10406/989/1397 10407/1437/1398
f 10405/1435/1399 10407/1437/1400 10408/1436/1401
f 10409/1438/1402 10410/987/1403 10411/1440/1404
f 10409/1438/1405 10411/1440/1406 10412/1439/1403
f 10413/1441/1402 10414/985/1403 10415/1443/1407
f 10413/1441/1405 10415/1443/1406 10416/1442/1403
f 10417/1444/1402 10418/983/1403 10419/1446/1407
f 10417/1444/1405 10419/1446/1406 10420/1445/1403
f 10421/1447/1408 10422/930/1409 10423/1449/1410
f 10421/1447/1411 10423/1449/1412 10424/1448/1409
f 10425/1450/1413 10426/934/1414 10427/1452/1415
f 10425/1450/1416 10427/1452/1417 10428/1451/1414
f 10429/1453/1418 10430/1456/1419 10431/1455/1420
f 10429/1453/1421 10431/1455/1422 10432/1454/1419
f 10433/1457/1423 10434/1460/1424 10435/1459/1425
f 10433/1457/1426 10435/1459/1427 10436/1458/1424
f 10437/1461/1408 10438/926/1428 10439/1463/1410
f 10437/1461/1411 10439/1463/1412 10440/1462/1409
f 10441/1464/1429 10442/936/1414 10443/1466/1415
f 10441/1464/1416 10443/1466/1417 10444/1465/1414
f 10445/1467/1418 10446/1470/1419 10447/1469/1420
f 10445/1467/1421 10447/1469/1422 10448/1468/1419
f 10449/1471/1430 10450/1474/1424 10451/1473/1425
f 10449/1471/1431 10451/1473/1427 10452/1472/1424
f 10453/1475/1408 10454/922/1409 10455/1477/1410
f 10453/1475/1411 10455/1477/1412 10456/1476/1409
f 10457/1478/1429 10458/938/1414 10459/1480/1415
f 10457/1478/1416 10459/1480/1417 10460/1479/1414
f 10461/1481/1418 10462/1484/1419 10463/1483/1420
f 10461/1481/1432 10463/1483/1422 10464/1482/1419
f 10465/1485/1423 10466/1488/1424 10467/1487/1425
f 10465/1485/1431 10467/1487/1427 10468/1486/1424
f 10469/1489/1433 10470/1492/1434 10471/1491/1435
f 10469/1489/1436 10471/1491/1437 10472/1490/1438
f 10473/1490/1163 10474/1491/1163 10475/1456/1163
f 10473/1490/1163 10475/1456/1163 10476/1453/1163
f 10477/1493/1439 10478/1496/1440 10479/1495/1441
f 10477/1493/1442 10479/1495/1443 10480/1494/1440
f 10481/1494/1169 10482/1495/1169 10483/1460/1169
f 10481/1494/1169 10483/1460/1169 10484/1457/1169
f 10485/1497/1433 10486/1500/1444 10487/1499/1435
f 10485/1497/1436 10487/1499/1437 10488/1498/1438
f 10489/1498/1163 10490/1499/1163 10491/1470/1163
f 10489/1498/1163 10491/1470/1163 10492/1467/1163
f 10493/1501/1439 10494/1504/1440 10495/1503/1445
f 10493/1501/1442 10495/1503/1443 10496/1502/1446
f 10497/1502/1169 10498/1503/1169 10499/1474/1169
f 10497/1502/1169 10499/1474/1169 10500/1471/1169
f 10501/1505/1433 10502/1508/1444 10503/1507/1447
f 10501/1505/1436 10503/1507/1437 10504/1506/1438
f 10505/1506/1163 10506/1507/1163 10507/1484/1163
f 10505/1506/1163 10507/1484/1163 10508/1481/1163
f 10509/1509/1439 10510/1512/1440 10511/1511/1445
f 10509/1509/1448 10511/1511/1443 10512/1510/1446
f 10513/1510/1169 10514/1511/1169 10515/1488/1169
f 10513/1510/1169 10515/1488/1169 10516/1485/1169
f 10517/1513/1449 10518/918/1450 10519/1515/1451
f 10517/1513/1452 10519/1515/1453 10520/1514/1450
f 10521/1516/1454 10522/940/1455 10523/1518/1456
f 10521/1516/1457 10523/1518/1458 10524/1517/1459
f 10525/1519/1460 10526/1522/1461 10527/1521/1462
f 10525/1519/1463 10527/1521/1464 10528/1520/1461
f 10529/1523/1465 10530/1526/1466 10531/1525/1467
f 10529/1523/1468 10531/1525/1469 10532/1524/1466
f 10533/1527/1470 10534/1530/1471 10535/1529/1472
f 10533/1527/1473 10535/1529/1474 10536/1528/1471
f 10537/1528/1163 10538/1529/1163 10539/1522/1163
f 10537/1528/1163 10539/1522/1163 10540/1519/1163
f 10541/1531/1475 10542/1534/1476 10543/1533/1477
f 10541/1531/1478 10543/1533/1479 10544/1532/1476
f 10545/1532/1169 10546/1533/1169 10547/1526/1169
f 10545/1532/1169 10547/1526/1169 10548/1523/1169
f 10549/1535/1449 10550/916/1450 10551/1537/1451
f 10549/1535/1452 10551/1537/1453 10552/1536/1450
f 10553/1538/1454 10554/942/1455 10555/1540/1456
f 10553/1538/1457 10555/1540/1458 10556/1539/1455
f 10557/1541/1460 10558/1544/1461 10559/1543/1480
f 10557/1541/1463 10559/1543/1464 10560/1542/1461
f 10561/1545/1465 10562/1548/1466 10563/1547/1481
f 10561/1545/1482 10563/1547/1483 10564/1546/1466
f 10565/1549/1470 10566/1552/1471 10567/1551/1472
f 10565/1549/1473 10567/1551/1474 10568/1550/1471
f 10569/1550/1163 10570/1551/1163 10571/1544/1163
f 10569/1550/1163 10571/1544/1163 10572/1541/1163
f 10573/1553/1475 10574/1556/1476 10575/1555/1477
f 10573/1553/1478 10575/1555/1479 10576/1554/1476
f 10577/1554/1169 10578/1555/1169 10579/1548/1169
f 10577/1554/1169 10579/1548/1169 10580/1545/1169
f 10581/1557/1449 10582/910/1450 10583/1559/1451
f 10581/1557/1452 10583/1559/1453 10584/1558/1450
f 10585/1560/1454 10586/944/1455 10587/1562/1456
f 10585/1560/1457 10587/1562/1458 10588/1561/1459
f 10589/1563/1460 10590/1566/1461 10591/1565/1462
f 10589/1563/1463 10591/1565/1464 10592/1564/1461
f 10593/1567/1465 10594/1570/1466 10595/1569/1467
f 10593/1567/1468 10595/1569/1469 10596/1568/1466
f 10597/1571/1470 10598/1574/1471 10599/1573/1472
f 10597/1571/1473 10599/1573/1474 10600/1572/1471
f 10601/1572/1163 10602/1573/1163 10603/1566/1163
f 10601/1572/1163 10603/1566/1163 10604/1563/1163
f 10605/1575/1475 10606/1578/1476 10607/1577/1477
f 10605/1575/1478 10607/1577/1479 10608/1576/1476
f 10609/1576/1169 10610/1577/1169 10611/1570/1169
f 10609/1576/1169 10611/1570/1169 10612/1567/1169
f 10613/1579/1484 10614/1581/1485 10615/932/1486
f 10613/1579/1487 10615/932/1488 10616/1580/1485
f 10617/1582/1484 10618/1584/1485 10619/928/1486
f 10617/1582/1487 10619/928/1488 10620/1583/1485
f 10621/1585/1484 10622/1587/1485 10623/924/1486
f 10621/1585/1487 10623/924/1488 10624/1586/1485
f 10625/1588/1489 10626/1590/1490 10627/920/1491
f 10625/1588/1492 10627/920/1493 10628/1589/1490
f 10629/1591/1489 10630/1593/1490 10631/914/1491
f 10629/1591/1492 10631/914/1493 10632/1592/1490
f 10633/1594/1489 10634/1596/1490 10635/912/1491
f 10633/1594/1492 10635/912/1493 10636/1595/1490
f 10637/1597/1494 10638/1599/1495 10639/992/1496
f 10637/1597/1497 10639/992/1498 10640/1598/1495
f 10641/1600/1494 10642/1602/1495 10643/990/1496
f 10641/1600/1497 10643/990/1498 10644/1601/1495
f 10645/1603/1494 10646/1605/1495 10647/988/1496
f 10645/1603/1497 10647/988/1498 10648/1604/1495
f 10649/1606/1499 10650/1608/1500 10651/986/1501
f 10649/1606/1502 10651/986/1503 10652/1607/1504
f 10653/1609/1499 10654/1611/1500 10655/984/1501
f 10653/1609/1502 10655/984/1503 10656/1610/1504
f 10657/1612/1499 10658/1614/1500 10659/982/1501
f 10657/1612/1502 10659/982/1503 10660/1613/1504
f 10661/1280/488 10662/931/488 10663/930/488
f 10661/1280/488 10663/930/488 10664/1447/488
f 10665/1283/1505 10666/935/1505 10667/934/1505
f 10665/1283/1505 10667/934/1505 10668/1450/1505
f 10669/1294/488 10670/927/488 10671/926/488
f 10669/1294/488 10671/926/488 10672/1461/488
f 10673/1297/1505 10674/937/1505 10675/936/1505
f 10673/1297/1505 10675/936/1505 10676/1464/1505
f 10677/1308/488 10678/923/488 10679/922/488
f 10677/1308/488 10679/922/488 10680/1475/488
f 10681/1311/1505 10682/939/1505 10683/938/1505
f 10681/1311/1505 10683/938/1505 10684/1478/1505
f 10685/1346/488 10686/919/488 10687/918/488
f 10685/1346/488 10687/918/488 10688/1513/488
f 10689/1349/1505 10690/941/1505 10691/940/1505
f 10689/1349/1505 10691/940/1505 10692/1516/1505
f 10693/1368/488 10694/917/488 10695/916/488
f 10693/1368/488 10695/916/488 10696/1535/488
f 10697/1371/1505 10698/943/1505 10699/942/1505
f 10697/1371/1505 10699/942/1505 10700/1538/1505
f 10701/1390/488 10702/911/488 10703/910/488
f 10701/1390/488 10703/910/488 10704/1557/488
f 10705/1393/1505 10706/945/1505 10707/944/1505
f 10705/1393/1505 10707/944/1505 10708/1560/1505
f 10709/1580/490 10710/932/490 10711/933/490
f 10709/1580/490 10711/933/490 10712/1411/490
f 10713/1583/490 10714/928/490 10715/929/490
f 10713/1583/490 10715/929/490 10716/1414/490
f 10717/1586/490 10718/924/490 10719/925/490
f 10717/1586/490 10719/925/490 10720/1417/490
f 10721/1589/490 10722/920/490 10723/921/490
f 10721/1589/490 10723/921/490 10724/1420/490
f 10725/1592/490 10726/914/490 10727/915/490
f 10725/1592/490 10727/915/490 10728/1423/490
f 10729/1595/490 10730/912/490 10731/913/490
f 10729/1595/490 10731/913/490 10732/1426/490
f 10733/1598/1505 10734/992/1505 10735/993/1505
f 10733/1598/1505 10735/993/1505 10736/1429/1505
f 10737/1601/1505 10738/990/1505 10739/991/1505
f 10737/1601/1505 10739/991/1505 10740/1432/1505
f 10741/1604/1505 10742/988/1505 10743/989/1505
f 10741/1604/1505 10743/989/1505 10744/1435/1505
f 10745/1607/1505 10746/986/1505 10747/987/1505
f 10745/1607/1505 10747/987/1505 10748/1438/1505
f 10749/1610/1505 10750/984/1505 10751/985/1505
f 10749/1610/1505 10751/985/1505 10752/1441/1505
f 10753/1613/1505 10754/982/1505 10755/983/1505
f 10753/1613/1505 10755/983/1505 10756/1444/1505
f 10757/1615/1506 10758/1135/1507 10759/1136/1508
f 10757/1615/1509 10759/1136/1510 10760/1616/1511
f 10761/1617/1512 10762/1138/1513 10763/1139/1514
f 10761/1617/1515 10763/1139/1516 10764/1618/1513
f 10765/1619/1517 10766/1002/1518 10767/1003/1519
f 10765/1619/1520 10767/1003/1521 10768/1003/1518
f 10769/1620/1522 10770/1000/1523 10771/1140/1524
f 10769/1620/1525 10771/1140/1526 10772/1621/1523
f 10773/994/1527 10774/994/1528 10775/1141/1529
f 10773/994/1530 10775/1141/1531 10776/1622/1528
f 10777/1003/1163 10778/1003/1163 10779/1143/1163
f 10777/1003/1163 10779/1143/1163 10780/1623/1163
f 10781/1007/1532 10782/1007/1533 10783/1004/1534
f 10781/1007/1535 10783/1004/1536 10784/1624/1533
f 10785/1621/1169 10786/1140/1169 10787/1007/1169
f 10785/1621/1169 10787/1007/1169 10788/1007/1169
f 10789/1625/1537 10790/1147/1538 10791/1148/1539
f 10789/1625/1540 10791/1148/1541 10792/1626/1538
f 10793/1627/1542 10794/1150/1543 10795/1152/1544
f 10793/1627/1545 10795/1152/1546 10796/1628/1543
f 10797/1629/1506 10798/1135/1507 10799/1136/1508
f 10797/1629/1547 10799/1136/1548 10800/1630/1507
f 10801/1631/1512 10802/1138/1513 10803/1139/1514
f 10801/1631/1515 10803/1139/1516 10804/1632/1513
f 10805/1633/1517 10806/1002/1518 10807/1003/1519
f 10805/1633/1549 10807/1003/1521 10808/1634/1518
f 10809/1635/1522 10810/1000/1523 10811/1140/1550
f 10809/1635/1551 10811/1140/1552 10812/1621/1553
f 10813/994/1527 10814/994/1528 10815/1141/1529
f 10813/994/1530 10815/1141/1531 10816/1636/1528
f 10817/1634/1163 10818/1003/1163 10819/1143/1163
f 10817/1634/1163 10819/1143/1163 10820/1143/1163
f 10821/1007/1532 10822/1007/1533 10823/1004/1554
f 10821/1007/1535 10823/1004/1536 10824/1637/1533
f 10825/1621/1169 10826/1140/1169 10827/1007/1169
f 10825/1621/1169 10827/1007/1169 10828/1007/1169
f 10829/1638/1537 10830/1147/1538 10831/1148/1539
f 10829/1638/1540 10831/1148/1541 10832/1639/1538
f 10833/1640/1542 10834/1150/1543 10835/1152/1544
f 10833/1640/1545 10835/1152/1546 10836/1641/1543
f 10837/1629/1506 10838/1135/1507 10839/1136/1508
f 10837/1629/1547 10839/1136/1548 10840/1642/1507
f 10841/1643/1169 10842/1214/1169 10843/1045/1169
f 10841/1643/1169 10843/1045/1169 10844/1045/1169
f 10845/1644/1555 10846/1034/1556 10847/1214/1557
f 10845/1644/1558 10847/1214/1559 10848/1643/1560
f 10849/1645/1561 10850/1222/1562 10851/1223/1563
f 10849/1645/1564 10851/1223/1565 10852/1646/1562
f 10853/1215/1566 10854/1215/1567 10855/1217/1568
f 10853/1215/1569 10855/1217/1570 10856/1647/1571
f 10857/1044/1163 10858/1044/1163 10859/1215/1163
f 10857/1044/1163 10859/1215/1163 10860/1215/1163
f 10861/1648/1542 10862/1150/1543 10863/1152/1544
f 10861/1648/1545 10863/1152/1546 10864/1649/1543
f 10865/1650/1572 10866/1205/1573 10867/1206/1574
f 10865/1650/1575 10867/1206/1576 10868/1651/1573
f 10869/1652/1577 10870/1197/1578 10871/1211/1579
f 10869/1652/1580 10871/1211/1581 10872/1653/1578
f 10873/1045/1582 10874/1045/1583 10875/1040/1584
f 10873/1045/1585 10875/1040/1586 10876/1654/1583
f 10877/1655/1587 10878/1043/1588 10879/1044/1589
f 10877/1655/1590 10879/1044/1591 10880/1044/1588
f 10881/1656/1592 10882/1220/1593 10883/1202/1594
f 10881/1656/1595 10883/1202/1596 10884/1657/1593
f 10885/1658/1537 10886/1147/1538 10887/1148/1539
f 10885/1658/1540 10887/1148/1541 10888/1639/1538
f 10889/1140/1169 10890/1140/1169 10891/1007/1169
f 10889/1140/1169 10891/1007/1169 10892/1144/1169
f 10893/1144/1532 10894/1007/1533 10895/1004/1534
f 10893/1144/1535 10895/1004/1536 10896/1659/1533
f 10897/1634/1163 10898/1003/1163 10899/1143/1163
f 10897/1634/1163 10899/1143/1163 10900/1143/1163
f 10901/994/1527 10902/994/1528 10903/1141/1529
f 10901/994/1530 10903/1141/1531 10904/1660/1528
f 10905/1661/1522 10906/1000/1523 10907/1140/1550
f 10905/1661/1551 10907/1140/1552 10908/1140/1523
f 10909/1662/1517 10910/1002/1518 10911/1003/1519
f 10909/1662/1549 10911/1003/1521 10912/1634/1518
f 10913/1663/1512 10914/1138/1513 10915/1139/1514
f 10913/1663/1515 10915/1139/1516 10916/1664/1513
f 10917/1214/1169 10918/1214/1169 10919/1045/1169
f 10917/1214/1169 10919/1045/1169 10920/1665/1169
f 10921/1644/1555 10922/1034/1556 10923/1214/1597
f 10921/1644/1558 10923/1214/1559 10924/1214/1556
f 10925/1666/1561 10926/1222/1562 10927/1223/1563
f 10925/1666/1564 10927/1223/1598 10928/1667/1562
f 10929/1215/1566 10930/1215/1567 10931/1217/1568
f 10929/1215/1569 10931/1217/1570 10932/1668/1571
f 10933/1044/1163 10934/1044/1163 10935/1215/1163
f 10933/1044/1163 10935/1215/1163 10936/1215/1163
f 10937/1669/1572 10938/1205/1573 10939/1206/1574
f 10937/1669/1575 10939/1206/1576 10940/1651/1573
f 10941/1652/1577 10942/1197/1599 10943/1211/1579
f 10941/1652/1600 10943/1211/1581 10944/1653/1578
f 10945/1665/1582 10946/1045/1583 10947/1040/1584
f 10945/1665/1601 10947/1040/1602 10948/1654/1583
f 10949/1655/1587 10950/1043/1588 10951/1044/1603
f 10949/1655/1590 10951/1044/1591 10952/1044/1588
f 10953/1656/1592 10954/1220/1593 10955/1202/1594
f 10953/1656/1595 10955/1202/1596 10956/1670/1593
f 10957/1671/1604 10958/1133/1605 10959/1673/1606
f 10957/1671/1607 10959/1673/1608 10960/1672/1609
f 10961/1674/1610 10962/1137/1611 10963/1138/1612
f 10961/1674/1613 10963/1138/1614 10964/1675/1611
f 10965/1634/1615 10966/1634/1616 10967/1002/1617
f 10965/1634/1618 10967/1002/1619 10968/1676/1616
f 10969/1621/1620 10970/1621/1621 10971/1678/1622
f 10969/1621/1623 10971/1678/1624 10972/1677/1621
f 10973/1679/1625 10974/1141/1626 10975/994/1627
f 10973/1679/1628 10975/994/1629 10976/994/1626
f 10977/1623/1163 10978/1623/1163 10979/1634/1163
f 10977/1623/1163 10979/1634/1163 10980/1634/1163
f 10981/1680/1630 10982/1004/1631 10983/1007/1632
f 10981/1680/1633 10983/1007/1634 10984/1681/1635
f 10985/1681/1169 10986/1007/1169 10987/1621/1169
f 10985/1681/1169 10987/1621/1169 10988/1621/1169
f 10989/1682/1636 10990/1148/1637 10991/1151/1638
f 10989/1682/1639 10991/1151/1640 10992/1683/1641
f 10993/1684/1642 10994/1152/1643 10995/1149/1644
f 10993/1684/1645 10995/1149/1646 10996/1685/1643
f 10997/1671/1604 10998/1133/1609 10999/1673/1606
f 10997/1671/1647 10999/1673/1608 11000/1672/1609
f 11001/1686/1610 11002/1137/1611 11003/1138/1612
f 11001/1686/1648 11003/1138/1614 11004/1687/1611
f 11005/1003/1615 11006/1634/1616 11007/1002/1617
f 11005/1003/1618 11007/1002/1619 11008/1688/1616
f 11009/1621/1620 11010/1621/1621 11011/1678/1622
f 11009/1621/1623 11011/1678/1624 11012/1689/1621
f 11013/1679/1625 11014/1141/1626 11015/994/1627
f 11013/1679/1628 11015/994/1629 11016/994/1626
f 11017/1623/1163 11018/1623/1163 11019/1634/1163
f 11017/1623/1163 11019/1634/1163 11020/1003/1163
f 11021/1690/1630 11022/1004/1631 11023/1007/1649
f 11021/1690/1650 11023/1007/1634 11024/1007/1635
f 11025/1007/1169 11026/1007/1169 11027/1621/1169
f 11025/1007/1169 11027/1621/1169 11028/1621/1169
f 11029/1691/1651 11030/1148/1652 11031/1151/1638
f 11029/1691/1639 11031/1151/1653 11032/1692/1637
f 11033/1693/1642 11034/1152/1643 11035/1149/1654
f 11033/1693/1645 11035/1149/1646 11036/1694/1643
f 11037/1695/1604 11038/1133/1605 11039/1673/1606
f 11037/1695/1647 11039/1673/1608 11040/1696/1609
f 11041/1665/1169 11042/1276/1169 11043/1214/1169
f 11041/1665/1169 11043/1214/1169 11044/1213/1169
f 11045/1213/1655 11046/1214/1656 11047/1218/1657
f 11045/1213/1658 11047/1218/1659 11048/1697/1656
f 11049/1698/1660 11050/1221/1661 11051/1222/1662
f 11049/1698/1663 11051/1222/1664 11052/1699/1665
f 11053/1700/1666 11054/1217/1667 11055/1215/1668
f 11053/1700/1669 11055/1215/1670 11056/1701/1667
f 11057/1701/1163 11058/1215/1163 11059/1044/1163
f 11057/1701/1163 11059/1044/1163 11060/1044/1163
f 11061/1702/1642 11062/1152/1643 11063/1149/1654
f 11061/1702/1645 11063/1149/1646 11064/1685/1671
f 11065/1703/1672 11066/1206/1673 11067/1230/1674
f 11065/1703/1675 11067/1230/1676 11068/1704/1677
f 11069/1705/1678 11070/1210/1679 11071/1196/1680
f 11069/1705/1681 11071/1196/1682 11072/1706/1679
f 11073/1707/1683 11074/1040/1684 11075/1276/1685
f 11073/1707/1686 11075/1276/1687 11076/1665/1684
f 11077/1044/1688 11078/1044/1689 11079/1043/1690
f 11077/1044/1691 11079/1043/1692 11080/1708/1693
f 11081/1709/1694 11082/1200/1695 11083/1220/1696
f 11081/1709/1697 11083/1220/1698 11084/1710/1695
f 11085/1711/1651 11086/1148/1637 11087/1151/1638
f 11085/1711/1639 11087/1151/1653 11088/1692/1637
f 11089/1144/1169 11090/1144/1169 11091/1140/1169
f 11089/1144/1169 11091/1140/1169 11092/1621/1169
f 11093/1712/1630 11094/1004/1631 11095/1144/1649
f 11093/1712/1650 11095/1144/1634 11096/1144/1635
f 11097/1142/1163 11098/1623/1163 11099/1003/1163
f 11097/1142/1163 11099/1003/1163 11100/1634/1163
f 11101/1713/1625 11102/1141/1626 11103/994/1627
f 11101/1713/1628 11103/994/1629 11104/994/1626
f 11105/1621/1620 11106/1140/1621 11107/1678/1622
f 11105/1621/1623 11107/1678/1624 11108/1677/1621
f 11109/1634/1615 11110/1003/1699 11111/1002/1617
f 11109/1634/1618 11111/1002/1619 11112/1714/1616
f 11113/1686/1610 11114/1137/1611 11115/1138/1612
f 11113/1686/1648 11115/1138/1614 11116/1715/1611
f 11117/1716/1169 11118/1276/1169 11119/1214/1169
f 11117/1716/1169 11119/1214/1169 11120/1214/1169
f 11121/1214/1655 11122/1214/1656 11123/1218/1700
f 11121/1214/1701 11123/1218/1659 11124/1717/1702
f 11125/1718/1703 11126/1277/1661 11127/1222/1662
f 11125/1718/1663 11127/1222/1664 11128/1719/1665
f 11129/1720/1666 11130/1217/1667 11131/1215/1704
f 11129/1720/1669 11131/1215/1670 11132/1215/1667
f 11133/1215/1163 11134/1215/1163 11135/1044/1163
f 11133/1215/1163 11135/1044/1163 11136/1044/1163
f 11137/1703/1672 11138/1206/1673 11139/1230/1674
f 11137/1703/1675 11139/1230/1676 11140/1721/1677
f 11141/1722/1678 11142/1210/1679 11143/1278/1680
f 11141/1722/1681 11143/1278/1682 11144/1723/1705
f 11145/1724/1683 11146/1040/1684 11147/1276/1685
f 11145/1724/1686 11147/1276/1687 11148/1716/1684
f 11149/1044/1688 11150/1044/1693 11151/1043/1690
f 11149/1044/1706 11151/1043/1692 11152/1708/1693
f 11153/1725/1694 11154/1200/1707 11155/1220/1696
f 11153/1725/1697 11155/1220/1698 11156/1726/1695
f 11157/1685/1505 11158/1149/1505 11159/1150/1505
f 11157/1685/1505 11159/1150/1505 11160/1627/1505
f 11161/1618/1505 11162/1139/1505 11163/1137/1505
f 11161/1618/1505 11163/1137/1505 11164/1674/1505
f 11165/1683/490 11166/1151/490 11167/1147/490
f 11165/1683/490 11167/1147/490 11168/1625/490
f 11169/1616/488 11170/1136/488 11171/1133/488
f 11169/1616/488 11171/1133/488 11172/1671/488
f 11173/1632/1505 11174/1139/1505 11175/1137/1505
f 11173/1632/1505 11175/1137/1505 11176/1686/1505
f 11177/1692/490 11178/1151/490 11179/1147/490
f 11177/1692/490 11179/1147/490 11180/1638/490
f 11181/1694/1505 11182/1149/1505 11183/1150/1505
f 11181/1694/1505 11183/1150/1505 11184/1640/1505
f 11185/1630/488 11186/1136/488 11187/1133/488
f 11185/1630/488 11187/1133/488 11188/1671/488
f 11189/1706/490 11190/1196/490 11191/1197/490
f 11189/1706/490 11191/1197/490 11192/1652/490
f 11193/1657/1505 11194/1202/1505 11195/1200/1505
f 11193/1657/1505 11195/1200/1505 11196/1709/1505
f 11197/1642/488 11198/1136/488 11199/1133/488
f 11197/1642/488 11199/1133/488 11200/1695/488
f 11201/1646/488 11202/1223/488 11203/1221/488
f 11201/1646/488 11203/1221/488 11204/1698/488
f 11205/1704/1505 11206/1230/1505 11207/1205/1505
f 11205/1704/1505 11207/1205/1505 11208/1650/1505
f 11209/1685/1505 11210/1149/1505 11211/1150/1505
f 11209/1685/1505 11211/1150/1505 11212/1648/1505
f 11213/1692/490 11214/1151/490 11215/1147/490
f 11213/1692/490 11215/1147/490 11216/1658/490
f 11217/1664/1505 11218/1139/1505 11219/1137/1505
f 11217/1664/1505 11219/1137/1505 11220/1686/1505
f 11221/1667/488 11222/1223/488 11223/1277/488
f 11221/1667/488 11223/1277/488 11224/1718/488
f 11225/1721/1505 11226/1230/1505 11227/1205/1505
f 11225/1721/1505 11227/1205/1505 11228/1669/1505
f 11229/1723/490 11230/1278/490 11231/1197/490
f 11229/1723/490 11231/1197/490 11232/1652/490
f 11233/1670/1505 11234/1202/1505 11235/1200/1505
f 11233/1670/1505 11235/1200/1505 11236/1725/1505
f 11237/1727/1708 11238/1727/1708 11239/362/1708
f 11237/1727/1708 11239/362/1708 11240/362/1708
f 11241/362/1082 11242/1729/1082 11243/1728/1082
f 11241/362/1082 11243/1728/1082 11244/1727/1082
f 11245/585/1709 11246/584/1709 11247/1731/1709
f 11245/585/1709 11247/1731/1709 11248/1730/1709
f 11249/588/109 11250/585/109 11251/1730/109
f 11249/588/109 11251/1730/109 11252/1732/109
f 11253/592/109 11254/591/109 11255/1734/109
f 11253/592/109 11255/1734/109 11256/1733/109
f 11257/548/109 11258/549/109 11259/1736/109
f 11257/548/109 11259/1736/109 11260/1735/109
f 11261/1008/109 11262/545/109 11263/1738/109
f 11261/1008/109 11263/1738/109 11264/1737/109
f 11265/1020/1710 11266/1019/1711 11267/1740/1712
f 11265/1020/1713 11267/1740/1714 11268/1739/1711
f 11269/497/1715 11270/496/1716 11271/1742/1717
f 11269/497/1718 11271/1742/1719 11272/1741/1716
f 11273/1037/109 11274/1036/109 11275/1744/109
f 11273/1037/109 11275/1744/109 11276/1743/109
f 11277/1036/1720 11278/1071/1721 11279/1745/1722
f 11277/1036/1723 11279/1745/1724 11280/1744/1725
f 11281/1086/109 11282/1085/109 11283/1747/109
f 11281/1086/109 11283/1747/109 11284/1746/109
f 11285/1094/109 11286/1093/109 11287/1749/109
f 11285/1094/109 11287/1749/109 11288/1748/109
f 11289/520/109 11290/1099/109 11291/1751/109
f 11289/520/109 11291/1751/109 11292/1750/109
f 11293/1752/109 11294/1755/109 11295/1754/109
f 11293/1752/109 11295/1754/109 11296/1753/109
f 11297/56/109 11298/1758/109 11299/1757/109
f 11297/56/109 11299/1757/109 11300/1756/109
f 11301/492/109 11302/491/109 11303/1760/109
f 11301/492/109 11303/1760/109 11304/1759/109
f 11244/1727/1082 11243/1728/1082 11305/510/1082
f 11244/1727/1082 11305/510/1082 11306/490/1082
f 11307/1741/1726 11308/1742/1727 11309/506/1728
f 11307/1741/1729 11309/506/1730 11310/505/1727
f 11248/1730/1709 11247/1731/1709 11311/1096/1709
f 11248/1730/1709 11311/1096/1709 11312/1088/1709
f 11252/1732/109 11251/1730/109 11313/1088/109
f 11252/1732/109 11313/1088/109 11314/1087/109
f 11256/1733/109 11255/1734/109 11315/1073/109
f 11256/1733/109 11315/1073/109 11316/1072/109
f 11260/1735/109 11259/1736/109 11317/318/109
f 11260/1735/109 11317/318/109 11318/317/109
f 11264/1737/109 11263/1738/109 11319/310/109
f 11264/1737/109 11319/310/109 11320/1021/109
f 11321/1739/1731 11322/1740/1732 11323/1012/1733
f 11321/1739/1734 11323/1012/1735 11324/1011/1732
f 11276/1743/109 11275/1744/109 11325/593/109
f 11276/1743/109 11325/593/109 11326/595/109
f 11327/1744/1736 11328/1745/1737 11329/594/1738
f 11327/1744/1739 11329/594/1740 11330/593/1741
f 11284/1746/109 11283/1747/109 11331/590/109
f 11284/1746/109 11331/590/109 11332/589/109
f 11288/1748/109 11287/1749/109 11333/587/109
f 11288/1748/109 11333/587/109 11334/586/109
f 11292/1750/109 11291/1751/109 11335/97/109
f 11292/1750/109 11335/97/109 11336/94/109
f 11296/1753/109 11295/1754/109 11337/564/109
f 11296/1753/109 11337/564/109 11338/563/109
f 11300/1756/109 11299/1757/109 11339/509/109
f 11300/1756/109 11339/509/109 11340/55/109
f 11304/1759/109 11303/1760/109 11341/508/109
f 11304/1759/109 11341/508/109 11342/507/109
f 11343/1727/109 11344/1727/109 11345/362/109
f 11343/1727/109 11345/362/109 11346/362/109
f 11347/490/1708 11348/490/1708 11238/1727/1708
f 11347/490/1708 11238/1727/1708 11237/1727/1708
f 11349/490/109 11350/490/109 11351/1727/109
f 11349/490/109 11351/1727/109 11352/1727/109
f 11353/490/109 11354/490/109 11344/1727/109
f 11353/490/109 11344/1727/109 11343/1727/109
f 11355/1761/1708 11356/1761/1708 11357/500/1708
f 11355/1761/1708 11357/500/1708 11358/500/1708
f 11359/1761/109 11360/1761/109 11361/500/109
f 11359/1761/109 11361/500/109 11362/500/109
f 11352/1727/109 11351/1727/109 11363/362/109
f 11352/1727/109 11363/362/109 11364/362/109
f 11365/1761/1082 11366/1727/1082 11367/490/1082
f 11365/1761/1082 11367/490/1082 11368/504/1082
f 11369/500/1082 11370/362/1082 11366/1727/1082
f 11369/500/1082 11366/1727/1082 11365/1761/1082
f 11371/1727/1709 11372/1727/1709 11373/362/1709
f 11371/1727/1709 11373/362/1709 11374/362/1709
f 11375/490/1709 11376/490/1709 11377/1727/1709
f 11375/490/1709 11377/1727/1709 11378/1727/1709
f 11379/504/1708 11380/504/1708 11381/1761/1708
f 11379/504/1742 11381/1761/1742 11382/1761/1742
f 11383/1727/109 11384/1727/109 11385/362/109
f 11383/1727/109 11385/362/109 11386/362/109
f 11387/490/109 11388/490/109 11384/1727/109
f 11387/490/109 11384/1727/109 11383/1727/109
f 11389/504/1709 11390/504/1709 11391/1761/1709
f 11389/504/1709 11391/1761/1709 11392/1761/1709
f 11393/1049/40 11394/503/40 11395/1762/40
f 11393/1049/40 11395/1762/40 11396/596/40
f 11397/596/40 11398/1762/40 11399/1077/40
f 11397/596/40 11399/1077/40 11400/597/40
f 11401/1761/1709 11402/1761/1709 11403/500/1709
f 11401/1761/1709 11403/500/1709 11404/500/1709
f 11405/504/109 11406/504/109 11407/1761/109
f 11405/504/109 11407/1761/109 11408/1761/109
f 11409/1763/1743 11410/1765/1743 11411/1764/1743
f 11409/1763/1743 11411/1764/1743 11412/583/1743
f 11413/1766/1743 11414/1103/1743 11415/1765/1743
f 11413/1766/1743 11415/1765/1743 11416/1763/1743
f 11417/490/109 11418/490/109 11419/1727/109
f 11417/490/109 11419/1727/109 11420/1727/109
f 11420/1727/109 11419/1727/109 11421/362/109
f 11420/1727/109 11421/362/109 11422/362/109
f 11408/1761/109 11407/1761/109 11423/500/109
f 11408/1761/109 11423/500/109 11424/500/109
f 11425/504/109 11426/504/109 11360/1761/109
f 11425/504/109 11360/1761/109 11359/1761/109
f 11427/1765/1082 11428/1761/1082 11429/504/1082
f 11427/1765/1082 11429/504/1082 11430/1764/1082
f 11431/1103/1082 11432/500/1082 11433/1761/1082
f 11431/1103/1082 11433/1761/1082 11434/1765/1082
f 11435/1758/36 11436/1758/36 90/56/36
f 11435/1758/36 90/56/36 92/56/36
f 9242/490/36 9241/490/36 11437/490/36
f 9242/490/36 11437/490/36 11438/490/36
f 11439/1729/35 11440/1729/35 11441/362/35
f 11439/1729/35 11441/362/35 11442/362/35
f 11443/1755/36 11444/1755/36 11445/1752/36
f 11443/1755/36 11445/1752/36 11446/1752/36
f 11447/1767/35 11448/1769/35 11449/73/35
f 11447/1767/35 11449/73/35 11450/1768/35
f 11451/1770/109 11452/1773/109 11453/1772/109
f 11451/1770/109 11453/1772/109 11454/1771/109
f 11455/1774/796 11456/1776/796 11457/239/796
f 11455/1774/796 11457/239/796 11458/1775/796
f 11459/1777/795 11460/1779/795 11461/235/795
f 11459/1777/795 11461/235/795 11462/1778/795
f 11463/1780/796 11464/238/796 11465/1769/796
f 11463/1780/796 11465/1769/796 11466/1767/796
f 11467/1781/795 11468/234/795 11469/1783/795
f 11467/1781/795 11469/1783/795 11470/1782/795
f 11471/1778/795 11472/235/795 11473/232/795
f 11471/1778/795 11473/232/795 11474/1784/795
f 11475/1785/795 11476/233/795 11477/234/795
f 11475/1785/795 11477/234/795 11478/1781/795
f 11479/1775/796 11480/239/796 11481/236/796
f 11479/1775/796 11481/236/796 11482/1786/796
f 11483/1787/796 11484/237/796 11485/238/796
f 11483/1787/796 11485/238/796 11486/1780/796
f 11487/1788/36 11488/1789/36 11489/1779/36
f 11487/1788/36 11489/1779/36 11490/1777/36
f 11491/1768/35 11492/73/35 11493/70/35
f 11491/1768/35 11493/70/35 11494/1790/35
f 11495/1791/36 11496/1792/36 11497/1789/36
f 11495/1791/36 11497/1789/36 11498/1788/36
f 11454/1771/109 11453/1772/109 11499/1794/109
f 11454/1771/109 11499/1794/109 11500/1793/109
f 11501/1795/109 11502/1796/109 11503/1776/109
f 11501/1795/109 11503/1776/109 11504/1774/109
f 11505/1797/109 11506/1798/109 11507/1796/109
f 11505/1797/109 11507/1796/109 11508/1795/109
f 11509/231/109 11510/230/109 11511/1800/109
f 11509/231/109 11511/1800/109 11512/1799/109
f 11513/1801/36 11514/1804/36 11515/1803/36
f 11513/1801/36 11515/1803/36 11516/1802/36
f 11517/1805/796 11518/1807/796 11519/489/796
f 11517/1805/796 11519/489/796 11520/1806/796
f 11521/514/795 11522/513/795 11523/1809/795
f 11521/514/795 11523/1809/795 11524/1808/795
f 11525/1802/795 11526/1803/795 11527/1811/795
f 11525/1802/795 11527/1811/795 11528/1810/795
f 11529/1799/796 11530/1800/796 11531/69/796
f 11529/1799/796 11531/69/796 11532/68/796
f 11533/1806/35 11534/489/35 11535/488/35
f 11533/1806/35 11535/488/35 11536/1812/35
f 11537/1813/109 11538/67/109 11539/66/109
f 11537/1813/109 11539/66/109 11540/1814/109
f 11541/1807/103 11542/1807/103 11543/1805/103
f 11541/1807/103 11543/1805/103 11544/1805/103
f 11545/69/40 11546/69/40 11547/1800/40
f 11545/69/40 11547/1800/40 11548/1800/40
f 11549/65/39 11550/65/39 7578/65/39
f 11549/65/39 7578/65/39 7577/65/39
f 11551/65/39 11552/65/39 11553/65/39
f 11551/65/39 11553/65/39 11554/65/39
f 11555/1803/40 11556/1803/40 11557/1804/40
f 11555/1803/40 11557/1804/40 11558/1804/40
f 11559/1811/40 11560/1811/40 11556/1803/40
f 11559/1811/40 11556/1803/40 11555/1803/40
f 11561/65/39 11562/65/39 11563/65/39
f 11561/65/39 11563/65/39 11564/65/39
f 11565/1812/37 11566/1812/37 11567/488/37
f 11565/1812/37 11567/488/37 11568/488/37
f 11569/65/39 11570/65/39 11562/65/39
f 11569/65/39 11562/65/39 11561/65/39
f 11571/489/40 11572/489/40 11573/1807/40
f 11571/489/40 11573/1807/40 11574/1807/40
f 11575/65/39 11576/65/39 11552/65/39
f 11575/65/39 11552/65/39 11551/65/39
f 11577/1804/37 11578/1804/37 11579/1801/37
f 11577/1804/37 11579/1801/37 11580/1801/37
f 11581/1809/40 11582/1809/40 11583/513/40
f 11581/1809/40 11583/513/40 11584/513/40
f 11585/1814/35 11586/1814/35 11587/66/35
f 11585/1814/35 11587/66/35 11588/66/35
f 11589/1810/41 11590/1810/41 11591/1811/41
f 11589/1810/41 11591/1811/41 11592/1811/41
f 11593/1800/40 11594/1800/40 11595/230/40
f 11593/1800/40 11595/230/40 11596/230/40
f 11300/1756/109 11597/1756/109 11598/56/109
f 11300/1756/109 11598/56/109 11297/56/109
f 11599/1815/109 11600/1815/109 11601/1816/109
f 11599/1815/109 11601/1816/109 11602/1816/109
f 11603/1817/36 11604/1789/36 11605/1819/36
f 11603/1817/36 11605/1819/36 11606/1818/36
f 11607/1820/35 7590/73/35 11608/1769/35
f 11607/1820/35 11608/1769/35 11609/1821/35
f 11610/1822/109 11453/1772/109 11452/1773/109
f 11610/1822/109 11452/1773/109 11611/1823/109
f 11612/1824/796 11613/239/796 11614/1776/796
f 11612/1824/796 11614/1776/796 11615/1825/796
f 11616/1826/795 11617/235/795 11618/1779/795
f 11616/1826/795 11618/1779/795 11619/1827/795
f 11620/1828/36 11621/1830/36 11622/876/36
f 11620/1828/36 11622/876/36 11623/1829/36
f 11624/1831/35 11625/600/35 11626/601/35
f 11624/1831/35 11626/601/35 11627/1832/35
f 11628/1833/109 11629/604/109 11630/605/109
f 11628/1833/109 11630/605/109 11631/1834/109
f 11632/1835/796 11633/608/796 11634/609/796
f 11632/1835/796 11634/609/796 11635/1836/796
f 11636/1837/795 11637/612/795 11638/613/795
f 11636/1837/795 11638/613/795 11639/1838/795
f 11640/1839/109 11641/1839/109 11642/484/109
f 11640/1839/109 11642/484/109 11643/484/109
f 11644/1840/35 11645/931/35 11646/1281/35
f 11644/1840/35 11646/1281/35 11647/1841/35
f 11648/1842/109 11649/935/109 11650/1284/109
f 11648/1842/109 11650/1284/109 11651/1843/109
f 11652/1844/796 11653/1287/796 11654/1288/796
f 11652/1844/796 11654/1288/796 11655/1845/796
f 11656/1846/795 11657/1291/795 11658/1292/795
f 11656/1846/795 11658/1292/795 11659/1847/795
f 11660/1848/36 11661/1851/36 11662/1850/36
f 11660/1848/36 11662/1850/36 11663/1849/36
f 11664/1852/35 11665/632/35 11666/633/35
f 11664/1852/35 11666/633/35 11667/1853/35
f 11668/1854/109 11669/636/109 11670/637/109
f 11668/1854/109 11670/637/109 11671/1855/109
f 11672/1856/796 11673/640/796 11674/641/796
f 11672/1856/796 11674/641/796 11675/1857/796
f 11676/1858/795 11677/644/795 11678/645/795
f 11676/1858/795 11678/645/795 11679/1859/795
f 11680/1860/109 11681/1860/109 11682/1861/109
f 11680/1860/109 11682/1861/109 11683/1861/109
f 11684/1862/35 11685/927/35 11686/1295/35
f 11684/1862/35 11686/1295/35 11687/1863/35
f 11688/1864/109 11689/937/109 11690/1298/109
f 11688/1864/109 11690/1298/109 11691/1865/109
f 11692/1866/796 11693/1301/796 11694/1302/796
f 11692/1866/796 11694/1302/796 11695/1867/796
f 11696/1868/795 11697/1305/795 11698/1306/795
f 11696/1868/795 11698/1306/795 11699/1869/795
f 11700/468/109 11701/468/109 11702/1870/109
f 11700/468/109 11702/1870/109 11703/1870/109
f 11704/1871/35 11705/664/35 11706/665/35
f 11704/1871/35 11706/665/35 11707/1872/35
f 11708/1873/109 11709/668/109 11710/669/109
f 11708/1873/109 11710/669/109 11711/1874/109
f 11712/1875/796 11713/672/796 11714/673/796
f 11712/1875/796 11714/673/796 11715/1876/796
f 11716/1877/795 11717/676/795 11718/677/795
f 11716/1877/795 11718/677/795 11719/1878/795
f 11720/1821/796 11721/1769/796 11722/238/796
f 11720/1821/796 11722/238/796 11723/1879/796
f 11724/1879/796 7851/238/796 7850/239/796
f 11724/1879/796 7850/239/796 11725/1824/796
f 11726/1880/795 11727/1783/795 11728/234/795
f 11726/1880/795 11728/234/795 11729/1881/795
f 11729/1881/795 11728/234/795 11730/235/795
f 11729/1881/795 11730/235/795 11731/1826/795
f 11732/1882/796 11733/696/796 11734/697/796
f 11732/1882/796 11734/697/796 11735/1883/796
f 11736/1836/796 11737/609/796 11738/696/796
f 11736/1836/796 11738/696/796 11739/1882/796
f 11740/1884/795 11741/700/795 11742/701/795
f 11740/1884/795 11742/701/795 11743/1885/795
f 11744/1838/795 11745/613/795 11741/700/795
f 11744/1838/795 11741/700/795 11740/1884/795
f 11746/1886/796 11747/1323/796 11748/1324/796
f 11746/1886/796 11748/1324/796 11749/1887/796
f 11750/1887/796 11751/1324/796 11752/1287/796
f 11750/1887/796 11752/1287/796 11753/1844/796
f 11754/1888/795 11755/1327/795 11756/1328/795
f 11754/1888/795 11756/1328/795 11757/1889/795
f 11757/1889/795 11756/1328/795 11758/1291/795
f 11757/1889/795 11758/1291/795 11759/1846/795
f 11760/1890/796 11761/710/796 11762/711/796
f 11760/1890/796 11762/711/796 11763/1891/796
f 11764/1857/796 11765/641/796 11766/710/796
f 11764/1857/796 11766/710/796 11767/1890/796
f 11768/1892/795 11769/714/795 11770/715/795
f 11768/1892/795 11770/715/795 11771/1893/795
f 11772/1859/795 11773/645/795 11769/714/795
f 11772/1859/795 11769/714/795 11768/1892/795
f 11774/1894/796 11775/1331/796 11776/1332/796
f 11774/1894/796 11776/1332/796 11777/1895/796
f 11778/1895/796 11779/1332/796 11780/1301/796
f 11778/1895/796 11780/1301/796 11781/1866/796
f 11782/1896/795 11783/1335/795 11784/1336/795
f 11782/1896/795 11784/1336/795 11785/1897/795
f 11785/1897/795 11784/1336/795 11786/1305/795
f 11785/1897/795 11786/1305/795 11787/1868/795
f 11788/1898/796 11789/724/796 11790/725/796
f 11788/1898/796 11790/725/796 11791/1899/796
f 11792/1876/796 11793/673/796 11794/724/796
f 11792/1876/796 11794/724/796 11795/1898/796
f 11796/1900/795 11797/728/795 11798/729/795
f 11796/1900/795 11798/729/795 11799/1901/795
f 11800/1878/795 11801/677/795 11797/728/795
f 11800/1878/795 11797/728/795 11796/1900/795
f 11802/1902/1744 11803/1902/1745 11804/1903/1746
f 11802/1902/1747 11804/1903/1748 11805/1903/1749
f 11806/1904/35 11807/919/35 11808/1347/35
f 11806/1904/35 11808/1347/35 11809/1905/35
f 11810/1906/109 11811/941/109 11812/1350/109
f 11810/1906/109 11812/1350/109 11813/1907/109
f 11814/1908/796 11815/1353/796 11816/1354/796
f 11814/1908/796 11816/1354/796 11817/1909/796
f 11818/1910/795 11819/1357/795 11820/1358/795
f 11818/1910/795 11820/1358/795 11821/1911/795
f 11822/1912/796 11823/1361/796 11824/1362/796
f 11822/1912/796 11824/1362/796 11825/1913/796
f 11826/1913/796 11827/1362/796 11828/1353/796
f 11826/1913/796 11828/1353/796 11829/1908/796
f 11830/1914/795 11831/1365/795 11832/1366/795
f 11830/1914/795 11832/1366/795 11833/1915/795
f 11834/1915/795 11835/1366/795 11836/1357/795
f 11834/1915/795 11836/1357/795 11837/1910/795
f 11838/1916/109 11839/1916/109 11840/1917/109
f 11838/1916/109 11840/1917/109 11841/1917/109
f 11842/1918/36 11843/1921/36 11844/1920/36
f 11842/1918/36 11844/1920/36 11845/1919/36
f 11846/1922/35 11847/784/35 11848/785/35
f 11846/1922/35 11848/785/35 11849/1923/35
f 11850/1924/109 11851/788/109 11852/789/109
f 11850/1924/109 11852/789/109 11853/1925/109
f 11854/1926/796 11855/792/796 11856/793/796
f 11854/1926/796 11856/793/796 11857/1927/796
f 11858/1928/795 11859/796/795 11860/797/795
f 11858/1928/795 11860/797/795 11861/1929/795
f 11862/1930/796 11863/800/796 11864/801/796
f 11862/1930/796 11864/801/796 11865/1931/796
f 11866/1927/796 11867/793/796 11868/800/796
f 11866/1927/796 11868/800/796 11869/1930/796
f 11870/1932/795 11871/804/795 11872/805/795
f 11870/1932/795 11872/805/795 11873/1933/795
f 11874/1929/795 11875/797/795 11876/804/795
f 11874/1929/795 11876/804/795 11877/1932/795
f 11878/1934/35 11879/917/35 11880/1369/35
f 11878/1934/35 11880/1369/35 11881/1935/35
f 11882/1936/109 11883/943/109 11884/1372/109
f 11882/1936/109 11884/1372/109 11885/1937/109
f 11886/1938/796 11887/1375/796 11888/1376/796
f 11886/1938/796 11888/1376/796 11889/1939/796
f 11890/1940/795 11891/1379/795 11892/1380/795
f 11890/1940/795 11892/1380/795 11893/1941/795
f 11894/1942/796 11895/1383/796 11896/1384/796
f 11894/1942/796 11896/1384/796 11897/1943/796
f 11898/1943/796 11899/1384/796 11900/1375/796
f 11898/1943/796 11900/1375/796 11901/1938/796
f 11902/1944/795 11903/1387/795 11904/1388/795
f 11902/1944/795 11904/1388/795 11905/1945/795
f 11906/1945/795 11907/1388/795 11908/1379/795
f 11906/1945/795 11908/1379/795 11909/1940/795
f 11910/423/109 11911/423/109 11912/1946/109
f 11910/423/109 11912/1946/109 11913/1946/109
f 11914/1947/35 11915/830/35 11916/831/35
f 11914/1947/35 11916/831/35 11917/1948/35
f 11918/1949/109 11919/834/109 11920/835/109
f 11918/1949/109 11920/835/109 11921/1950/109
f 11922/1951/796 11923/838/796 11924/839/796
f 11922/1951/796 11924/839/796 11925/1952/796
f 11926/1953/795 11927/842/795 11928/843/795
f 11926/1953/795 11928/843/795 11929/1954/795
f 11930/1955/796 11931/846/796 11932/847/796
f 11930/1955/796 11932/847/796 11933/1956/796
f 11934/1952/796 11935/839/796 11936/846/796
f 11934/1952/796 11936/846/796 11937/1955/796
f 11938/1957/795 11939/850/795 11940/851/795
f 11938/1957/795 11940/851/795 11941/1958/795
f 11942/1954/795 11943/843/795 11944/850/795
f 11942/1954/795 11944/850/795 11945/1957/795
f 11946/1100/36 11947/1100/36 11948/1960/36
f 11946/1100/36 11948/1960/36 11949/1959/36
f 11950/1827/36 11951/1779/36 11604/1789/36
f 11950/1827/36 11604/1789/36 11603/1817/36
f 11952/1961/35 7591/72/35 7590/73/35
f 11952/1961/35 7590/73/35 11607/1820/35
f 11623/1829/36 11622/876/36 11953/877/36
f 11623/1829/36 11953/877/36 11954/1962/36
f 11627/1832/35 11626/601/35 11955/1964/35
f 11627/1832/35 11955/1964/35 11956/1963/35
f 11957/1965/36 11958/1413/36 11959/933/36
f 11957/1965/36 11959/933/36 11960/1966/36
f 11961/112/109 11962/112/109 11963/1968/109
f 11961/112/109 11963/1968/109 11964/1967/109
f 11965/1969/36 11966/882/36 11967/883/36
f 11965/1969/36 11967/883/36 11968/1970/36
f 11969/1971/109 11970/1971/109 11971/147/109
f 11969/1971/109 11971/147/109 11972/1972/109
f 11973/1973/36 11974/1416/36 11975/929/36
f 11973/1973/36 11975/929/36 11976/1974/36
f 11977/149/109 11978/149/109 11979/1975/109
f 11977/149/109 11979/1975/109 11980/1975/109
f 11981/1976/36 11982/888/36 11983/889/36
f 11981/1976/36 11983/889/36 11984/1977/36
f 11985/1978/109 11986/1978/109 11987/181/109
f 11985/1978/109 11987/181/109 11988/181/109
f 11989/1979/36 11990/1422/36 11991/921/36
f 11989/1979/36 11991/921/36 11992/1980/36
f 11993/1981/1750 11994/285/1751 11995/1982/1752
f 11993/1981/1753 11995/1982/1754 11996/1982/1755
f 11997/1983/36 11998/1425/36 11999/915/36
f 11997/1983/36 11999/915/36 12000/1984/36
f 12001/1985/36 12002/902/36 12003/903/36
f 12001/1985/36 12003/903/36 12004/1986/36
f 12005/1987/109 12006/1987/109 12007/294/109
f 12005/1987/109 12007/294/109 12008/294/109
f 12009/295/109 12010/295/109 12011/1988/109
f 12009/295/109 12011/1988/109 12012/1988/109
f 12013/1989/36 12014/906/36 12015/907/36
f 12013/1989/36 12015/907/36 12016/1990/36
f 12017/1991/109 12018/1991/109 12019/363/109
f 12017/1991/109 12019/363/109 12020/1992/109
f 12021/1993/36 11446/1752/36 11445/1752/36
f 12021/1993/36 11445/1752/36 12022/1993/36
f 12023/1994/36 11436/1758/36 11435/1758/36
f 12023/1994/36 11435/1758/36 12024/1994/36
f 12025/1995/35 8334/509/35 8333/509/35
f 12025/1995/35 8333/509/35 12026/1995/35
f 12027/501/36 8338/501/36 8337/501/36
f 12027/501/36 8337/501/36 12028/504/36
f 12029/362/35 8348/362/35 8347/362/35
f 12029/362/35 8347/362/35 12030/362/35
f 12031/362/35 8350/362/35 8349/362/35
f 12031/362/35 8349/362/35 12032/362/35
f 12033/1996/35 8408/563/35 8407/563/35
f 12033/1996/35 8407/563/35 12034/1996/35
f 12035/1997/35 8410/564/35 8409/564/35
f 12035/1997/35 8409/564/35 12036/1997/35
f 12037/500/35 8446/500/35 8445/500/35
f 12037/500/35 8445/500/35 12038/500/35
f 12039/1998/35 8452/586/35 8451/586/35
f 12039/1998/35 8451/586/35 12040/1998/35
f 12041/1999/35 8454/587/35 8453/587/35
f 12041/1999/35 8453/587/35 12042/1999/35
f 12043/2000/36 8456/588/36 8455/588/36
f 12043/2000/36 8455/588/36 12044/2000/36
f 12045/2001/36 8464/591/36 8463/591/36
f 12045/2001/36 8463/591/36 12046/2001/36
f 12047/2002/35 8476/595/35 8475/595/35
f 12047/2002/35 8475/595/35 12048/2002/35
f 12049/2003/36 8466/592/36 8465/592/36
f 12049/2003/36 8465/592/36 12050/2003/36
f 12051/1825/109 12052/1776/109 12053/1796/109
f 12051/1825/109 12053/1796/109 12054/2004/109
f 12055/2005/109 12056/948/109 12057/949/109
f 12055/2005/109 12057/949/109 12058/2006/109
f 12059/2007/109 12060/1431/109 12061/993/109
f 12059/2007/109 12061/993/109 12062/2008/109
f 12063/2009/109 12064/954/109 12065/955/109
f 12063/2009/109 12065/955/109 12066/2010/109
f 12067/2011/109 12068/1434/109 12069/991/109
f 12067/2011/109 12069/991/109 12070/2012/109
f 12071/2013/109 12072/960/109 12073/961/109
f 12071/2013/109 12073/961/109 12074/2014/109
f 12075/2015/109 12076/1440/109 12077/987/109
f 12075/2015/109 12077/987/109 12078/2016/109
f 12079/2017/109 12080/972/109 12081/973/109
f 12079/2017/109 12081/973/109 12082/2018/109
f 12083/2019/109 12084/1443/109 12085/985/109
f 12083/2019/109 12085/985/109 12086/2020/109
f 12087/2021/109 12088/978/109 12089/979/109
f 12087/2021/109 12089/979/109 12090/2022/109
f 12091/1078/1744 12092/1078/1749 12093/493/1756
f 12091/1078/1757 12093/493/1758 12094/493/1759
f 12095/1136/35 12096/1136/35 12097/1135/35
f 12095/1136/35 12097/1135/35 12098/1135/35
f 12099/1139/109 12100/1139/109 12101/1138/109
f 12099/1139/109 12101/1138/109 12102/1138/109
f 12103/1003/796 12104/1003/796 12105/1002/796
f 12103/1003/796 12105/1002/796 12106/1002/796
f 12107/1140/795 12108/1140/795 12109/1000/795
f 12107/1140/795 12109/1000/795 12110/1000/795
f 12111/1141/796 12112/1141/796 12113/994/796
f 12111/1141/796 12113/994/796 12114/994/796
f 12115/1143/796 12116/1143/796 12117/1003/796
f 12115/1143/796 12117/1003/796 12118/1003/796
f 12119/1004/795 12120/1004/795 12121/1007/795
f 12119/1004/795 12121/1007/795 12122/1007/795
f 12123/1007/795 12124/1007/795 12125/1140/795
f 12123/1007/795 12125/1140/795 12126/1140/795
f 12127/493/109 12128/493/109 12129/493/109
f 12127/493/109 12129/493/109 12130/493/109
f 12131/2023/36 12132/1148/36 12133/1147/36
f 12131/2023/36 12133/1147/36 12134/2024/36
f 12135/425/1760 12136/425/1761 12137/425/1762
f 12135/425/1763 12137/425/1764 12138/425/1761
f 12139/2025/36 9114/1019/36 9113/1019/36
f 12139/2025/36 9113/1019/36 12140/2025/36
f 12141/2026/35 9100/1012/35 9099/1012/35
f 12141/2026/35 9099/1012/35 12142/2026/35
f 12143/1152/109 12144/1152/109 12145/1150/109
f 12143/1152/109 12145/1150/109 12146/1150/109
f 12147/1135/35 12148/1135/35 12149/1136/35
f 12147/1135/35 12149/1136/35 12150/1136/35
f 12151/1138/109 12152/1138/109 12153/1139/109
f 12151/1138/109 12153/1139/109 12154/1139/109
f 12155/1002/796 12156/1002/796 12157/1003/796
f 12155/1002/796 12157/1003/796 12158/1003/796
f 12159/1000/795 12160/1000/795 12161/1140/795
f 12159/1000/795 12161/1140/795 12162/1140/795
f 12163/994/796 12164/994/796 12165/1141/796
f 12163/994/796 12165/1141/796 12166/1141/796
f 12167/1003/796 12168/1003/796 12169/1143/796
f 12167/1003/796 12169/1143/796 12170/1143/796
f 12171/1007/795 12172/1007/795 12173/1004/795
f 12171/1007/795 12173/1004/795 12174/1004/795
f 12175/1140/795 12176/1140/795 12177/1007/795
f 12175/1140/795 12177/1007/795 12178/1007/795
f 12179/1147/36 12180/1147/36 12181/1148/36
f 12179/1147/36 12181/1148/36 12182/1148/36
f 12183/425/109 12184/425/109 12185/425/109
f 12183/425/109 12185/425/109 12186/425/109
f 12187/1150/109 12188/1150/109 12189/1152/109
f 12187/1150/109 12189/1152/109 12190/1152/109
f 12191/1136/35 12192/1136/35 12193/1135/35
f 12191/1136/35 12193/1135/35 12194/1135/35
f 12195/1139/109 12196/1139/109 12197/1138/109
f 12195/1139/109 12197/1138/109 12198/1138/109
f 12199/1003/796 12200/1003/796 12201/1002/796
f 12199/1003/796 12201/1002/796 12202/1002/796
f 12203/1140/795 12204/1140/795 12205/1000/795
f 12203/1140/795 12205/1000/795 12206/1000/795
f 12207/1141/796 12208/1141/796 12209/994/796
f 12207/1141/796 12209/994/796 12210/994/796
f 12211/1143/796 12212/1143/796 12213/1003/796
f 12211/1143/796 12213/1003/796 12214/1003/796
f 12215/1004/795 12216/1004/795 12217/1007/795
f 12215/1004/795 12217/1007/795 12218/1007/795
f 12219/1007/795 12220/1007/795 12221/1140/795
f 12219/1007/795 12221/1140/795 12222/1140/795
f 12223/1148/36 12224/1148/36 12225/1147/36
f 12223/1148/36 12225/1147/36 12226/1147/36
f 12227/425/109 12228/425/109 12229/425/109
f 12227/425/109 12229/425/109 12230/425/109
f 12231/1152/109 12232/1152/109 12233/1150/109
f 12231/1152/109 12233/1150/109 12234/1150/109
f 12235/490/36 11438/490/36 11437/490/36
f 12235/490/36 11437/490/36 12236/490/36
f 12237/2027/35 9346/1072/35 9345/1072/35
f 12237/2027/35 9345/1072/35 12238/2027/35
f 12239/2028/35 9348/1073/35 9347/1073/35
f 12239/2028/35 9347/1073/35 12240/2028/35
f 12241/362/35 9430/362/35 9429/362/35
f 12241/362/35 9429/362/35 12242/362/35
f 12243/1051/109 12244/1051/109 12245/2029/109
f 12243/1051/109 12245/2029/109 12246/2029/109
f 12247/1045/795 12248/1045/795 12249/1214/795
f 12247/1045/795 12249/1214/795 12250/1214/795
f 12251/1214/795 12252/1214/795 12253/1034/795
f 12251/1214/795 12253/1034/795 12254/1034/795
f 12255/1223/35 12256/1223/35 12257/1222/35
f 12255/1223/35 12257/1222/35 12258/1222/35
f 12259/1217/796 12260/1217/796 12261/1215/796
f 12259/1217/796 12261/1215/796 12262/1215/796
f 12263/2030/36 9188/1037/36 9187/1037/36
f 12263/2030/36 9187/1037/36 12264/2030/36
f 12265/1215/796 12266/1215/796 12267/1044/796
f 12265/1215/796 12267/1044/796 12268/1044/796
f 12269/2031/35 9472/1087/35 9471/1087/35
f 12269/2031/35 9471/1087/35 12270/2031/35
f 12271/1206/109 12272/1206/109 12273/1205/109
f 12271/1206/109 12273/1205/109 12274/1205/109
f 12275/1211/36 12276/1211/36 12277/1197/36
f 12275/1211/36 12277/1197/36 12278/2032/36
f 12279/500/35 9476/500/35 9475/500/35
f 12279/500/35 9475/500/35 12280/500/35
f 12281/1040/795 12282/1040/795 12283/1045/795
f 12281/1040/795 12283/1045/795 12284/1045/795
f 12285/1044/796 12286/1044/796 12287/1043/796
f 12285/1044/796 12287/1043/796 12288/1043/796
f 12289/1202/109 12290/1202/109 12291/1220/109
f 12289/1202/109 12291/1220/109 12292/1220/109
f 12293/1067/109 12294/1067/109 12295/1067/109
f 12293/1067/109 12295/1067/109 12296/1067/109
f 12297/2033/36 9482/1093/36 9481/1093/36
f 12297/2033/36 9481/1093/36 12298/2033/36
f 12299/493/109 12300/493/109 12301/493/109
f 12299/493/109 12301/493/109 12302/493/109
f 12303/1135/35 12304/1135/35 12305/1136/35
f 12303/1135/35 12305/1136/35 12306/1136/35
f 12307/1138/109 12308/1138/109 12309/1139/109
f 12307/1138/109 12309/1139/109 12310/1139/109
f 12311/1002/796 12312/1002/796 12313/1003/796
f 12311/1002/796 12313/1003/796 12314/1003/796
f 12315/1000/795 12316/1000/795 12317/1140/795
f 12315/1000/795 12317/1140/795 12318/1140/795
f 12319/994/796 12320/994/796 12321/1141/796
f 12319/994/796 12321/1141/796 12322/1141/796
f 12323/1003/796 12324/1003/796 12325/1143/796
f 12323/1003/796 12325/1143/796 12326/1143/796
f 12327/1007/795 12328/1007/795 12329/1004/795
f 12327/1007/795 12329/1004/795 12330/1004/795
f 12331/1140/795 12332/1140/795 12333/1007/795
f 12331/1140/795 12333/1007/795 12334/1007/795
f 12335/1147/36 12336/1147/36 12337/1148/36
f 12335/1147/36 12337/1148/36 12338/1148/36
f 12339/425/109 12340/425/109 12341/425/109
f 12339/425/109 12341/425/109 12342/425/109
f 12343/362/35 9500/362/35 9499/362/35
f 12343/362/35 9499/362/35 12344/362/35
f 12345/1150/109 12346/1150/109 12347/1152/109
f 12345/1150/109 12347/1152/109 12348/1152/109
f 12349/2034/36 9484/1094/36 9483/1094/36
f 12349/2034/36 9483/1094/36 12350/2034/36
f 12351/2035/36 11444/1755/36 11443/1755/36
f 12351/2035/36 11443/1755/36 12352/2035/36
f 12353/490/36 9548/490/36 9547/490/36
f 12353/490/36 9547/490/36 12354/490/36
f 12355/2036/36 12356/2036/36 12357/2037/36
f 12355/2036/36 12357/2037/36 12358/2037/36
f 12359/1220/109 12360/1220/109 12361/1202/109
f 12359/1220/109 12361/1202/109 12362/1202/109
f 12363/1043/796 12364/1043/796 12365/1044/796
f 12363/1043/796 12365/1044/796 12366/1044/796
f 12367/1045/795 12368/1045/795 12369/1040/795
f 12367/1045/795 12369/1040/795 12370/1040/795
f 12371/1197/36 12372/1197/36 12373/1211/36
f 12371/1197/36 12373/1211/36 12374/1211/36
f 12375/1205/109 12376/1205/109 12377/1206/109
f 12375/1205/109 12377/1206/109 12378/1206/109
f 12379/490/36 9550/490/36 9549/490/36
f 12379/490/36 9549/490/36 12380/490/36
f 12381/1044/796 12382/1044/796 12383/1215/796
f 12381/1044/796 12383/1215/796 12384/1215/796
f 12385/1215/796 12386/1215/796 12387/1217/796
f 12385/1215/796 12387/1217/796 12388/1217/796
f 12389/1222/35 12390/1222/35 12391/1223/35
f 12389/1222/35 12391/1223/35 12392/2038/35
f 12393/1034/795 12394/1034/795 12395/1214/795
f 12393/1034/795 12395/1214/795 12396/1214/795
f 12397/1214/795 12398/1214/795 12399/1045/795
f 12397/1214/795 12399/1045/795 12400/1045/795
f 12401/2039/109 12402/1051/109 12403/1051/109
f 12401/2039/109 12403/1051/109 12404/1051/109
f 12405/504/36 9642/501/36 9641/501/36
f 12405/504/36 9641/501/36 12406/501/36
f 12407/490/36 9672/490/36 9671/490/36
f 12407/490/36 9671/490/36 12408/490/36
f 12409/2040/109 11300/1756/109 11340/55/109
f 12409/2040/109 11340/55/109 12410/2041/109
f 12411/1995/109 11339/509/109 11299/1757/109
f 12411/1995/109 11299/1757/109 12412/2042/109
f 12413/2043/109 11296/1753/109 11338/563/109
f 12413/2043/109 11338/563/109 12414/1996/109
f 12415/1997/109 11337/564/109 11295/1754/109
f 12415/1997/109 11295/1754/109 12416/2044/109
f 12417/2045/109 11288/1748/109 11334/586/109
f 12417/2045/109 11334/586/109 12418/1998/109
f 12419/1999/109 11333/587/109 11287/1749/109
f 12419/1999/109 11287/1749/109 12420/2046/109
f 12421/2047/109 11276/1743/109 11326/595/109
f 12421/2047/109 11326/595/109 12422/2002/109
f 12423/2026/109 12424/1012/109 12425/1740/109
f 12423/2026/109 12425/1740/109 12426/2048/109
f 12427/2049/109 11256/1733/109 11316/1072/109
f 12427/2049/109 11316/1072/109 12428/2027/109
f 12429/2028/109 11315/1073/109 11255/1734/109
f 12429/2028/109 11255/1734/109 12430/2050/109
f 12431/2051/109 11252/1732/109 11314/1087/109
f 12431/2051/109 11314/1087/109 12432/2031/109
f 12412/2042/109 11299/1757/109 11298/1758/109
f 12412/2042/109 11298/1758/109 12433/1994/109
f 12434/1993/109 11293/1752/109 11296/1753/109
f 12434/1993/109 11296/1753/109 12413/2043/109
f 12416/2044/109 11295/1754/109 11294/1755/109
f 12416/2044/109 11294/1755/109 12435/2035/109
f 12436/2034/109 11285/1094/109 11288/1748/109
f 12436/2034/109 11288/1748/109 12417/2045/109
f 12420/2046/109 11287/1749/109 11286/1093/109
f 12420/2046/109 11286/1093/109 12437/2033/109
f 12438/2030/109 11273/1037/109 11276/1743/109
f 12438/2030/109 11276/1743/109 12421/2047/109
f 12426/2048/109 12425/1740/109 12439/1019/109
f 12426/2048/109 12439/1019/109 12440/2025/109
f 12441/2003/109 11253/592/109 11256/1733/109
f 12441/2003/109 11256/1733/109 12427/2049/109
f 12430/2050/109 11255/1734/109 11254/591/109
f 12430/2050/109 11254/591/109 12442/2001/109
f 12443/2000/109 11249/588/109 11252/1732/109
f 12443/2000/109 11252/1732/109 12431/2051/109
f 12444/362/109 12445/362/109 12446/1727/109
f 12444/362/109 12446/1727/109 12447/1727/109
f 12447/1727/109 12446/1727/109 12448/490/109
f 12447/1727/109 12448/490/109 12449/490/109
f 12450/1727/109 11352/1727/109 11364/362/109
f 12450/1727/109 11364/362/109 12451/362/109
f 12452/490/109 11349/490/109 11352/1727/109
f 12452/490/109 11352/1727/109 12450/1727/109
f 12453/362/109 11363/362/109 11351/1727/109
f 12453/362/109 11351/1727/109 12454/1727/109
f 12454/1727/109 11351/1727/109 11350/490/109
f 12454/1727/109 11350/490/109 12455/490/109
f 12456/500/109 12457/500/109 12458/1761/109
f 12456/500/109 12458/1761/109 12459/1761/109
f 12459/1761/109 12458/1761/109 12460/504/109
f 12459/1761/109 12460/504/109 12461/504/109
f 12462/1727/109 11420/1727/109 11422/362/109
f 12462/1727/109 11422/362/109 12463/362/109
f 12464/490/109 11417/490/109 11420/1727/109
f 12464/490/109 11420/1727/109 12462/1727/109
f 12465/504/109 11405/504/109 11408/1761/109
f 12465/504/109 11408/1761/109 12466/1761/109
f 12466/1761/109 11408/1761/109 11424/500/109
f 12466/1761/109 11424/500/109 12467/500/109
f 12468/2040/109 11597/1756/109 11300/1756/109
f 12468/2040/109 11300/1756/109 12409/2040/109
f 12410/2041/109 11340/55/109 12469/55/109
f 12410/2041/109 12469/55/109 12470/2041/109
f 12471/82/764 12472/2053/764 12473/2052/764
f 12471/82/764 12473/2052/764 12474/486/764
f 12475/90/765 12476/2055/765 12477/2054/765
f 12475/90/765 12477/2054/765 12478/87/765
f 12479/492/1765 12480/1994/1765 12481/2056/1765
f 12479/492/1765 12481/2056/1765 12482/511/1765
f 12483/226/1766 12484/2058/1766 12485/2057/1766
f 12483/226/1766 12485/2057/1766 12486/58/1766
f 12487/240/1767 12488/2060/1767 12489/2059/1767
f 12487/240/1767 12489/2059/1767 12490/83/1767
f 12491/487/73 12492/2062/73 12493/2061/73
f 12491/487/73 12493/2061/73 12494/85/73
f 12495/88/50 12496/1883/50 12497/2063/50
f 12495/88/50 12497/2063/50 12498/93/50
f 12499/512/1082 12500/2064/1082 12501/1993/1082
f 12499/512/1082 12501/1993/1082 12502/491/1082
f 12503/59/1083 12504/1835/1083 12505/1836/1083
f 12503/59/1083 12505/1836/1083 12506/227/1083
f 12507/84/1084 12508/1837/1084 12509/1838/1084
f 12507/84/1084 12509/1838/1084 12510/241/1084
f 12511/2065/36 12512/2068/36 12513/2067/36
f 12511/2065/36 12513/2067/36 12514/2066/36
f 12515/478/765 12516/2069/765 12517/1886/765
f 12515/478/765 12517/1886/765 12518/126/765
f 12519/520/1765 12520/2035/1765 12521/2070/1765
f 12519/520/1765 12521/2070/1765 12522/519/1765
f 12523/218/1766 12524/1844/1766 12525/1845/1766
f 12523/218/1766 12525/1845/1766 12526/95/1766
f 12527/224/1767 12528/1846/1767 12529/1847/1767
f 12527/224/1767 12529/1847/1767 12530/122/1767
f 12531/2071/109 12532/2071/109 12533/2073/109
f 12531/2071/109 12533/2073/109 12534/2072/109
f 12535/127/50 12536/1891/50 12537/2074/50
f 12535/127/50 12537/2074/50 12538/479/50
f 12539/522/1082 12540/2075/1082 12541/2034/1082
f 12539/522/1082 12541/2034/1082 12542/521/1082
f 12543/96/1083 12544/1856/1083 12545/1857/1083
f 12543/96/1083 12545/1857/1083 12546/219/1083
f 12547/123/1084 12548/1858/1084 12549/1859/1084
f 12547/123/1084 12549/1859/1084 12550/225/1084
f 12551/2076/36 12552/2079/36 12553/2078/36
f 12551/2076/36 12553/2078/36 12554/2077/36
f 12555/469/765 12556/2080/765 12557/1894/765
f 12555/469/765 12557/1894/765 12558/163/765
f 12559/528/1765 12560/2033/1765 12561/2081/1765
f 12559/528/1765 12561/2081/1765 12562/527/1765
f 12563/208/1766 12564/1866/1766 12565/1867/1766
f 12563/208/1766 12565/1867/1766 12566/132/1766
f 12567/216/1767 12568/1868/1767 12569/1869/1767
f 12567/216/1767 12569/1869/1767 12570/159/1767
f 12571/2082/109 12572/2082/109 12573/2083/109
f 12571/2082/109 12573/2083/109 12574/2083/109
f 12575/164/50 12576/1899/50 12577/2084/50
f 12575/164/50 12577/2084/50 12578/470/50
f 12579/530/1082 12580/2086/1082 12581/2085/1082
f 12579/530/1082 12581/2085/1082 12582/529/1082
f 12583/133/1083 12584/1875/1083 12585/1876/1083
f 12583/133/1083 12585/1876/1083 12586/209/1083
f 12587/160/1084 12588/1877/1084 12589/1878/1084
f 12587/160/1084 12589/1878/1084 12590/217/1084
f 12591/87/1766 12592/2054/1766 12593/2087/1766
f 12591/87/1766 12593/2087/1766 12594/86/1766
f 12595/86/1766 12596/2087/1766 12597/2058/1766
f 12595/86/1766 12597/2058/1766 12598/226/1766
f 12599/62/1767 12600/2089/1767 12601/2088/1767
f 12599/62/1767 12601/2088/1767 12602/61/1767
f 12603/61/1767 12604/2088/1767 12605/2060/1767
f 12603/61/1767 12605/2060/1767 12606/240/1767
f 12607/89/1083 12608/1882/1083 12609/1883/1083
f 12607/89/1083 12609/1883/1083 12610/88/1083
f 12611/227/1083 12612/1836/1083 12613/1882/1083
f 12611/227/1083 12613/1882/1083 12614/89/1083
f 12615/64/1084 12616/1884/1084 12617/1885/1084
f 12615/64/1084 12617/1885/1084 12618/63/1084
f 12619/241/1084 12620/1838/1084 12621/1884/1084
f 12619/241/1084 12621/1884/1084 12622/64/1084
f 12623/126/1766 12624/1886/1766 12625/1887/1766
f 12623/126/1766 12625/1887/1766 12626/125/1766
f 12627/125/1766 12628/1887/1766 12629/1844/1766
f 12627/125/1766 12629/1844/1766 12630/218/1766
f 12631/99/1767 12632/1888/1767 12633/1889/1767
f 12631/99/1767 12633/1889/1767 12634/98/1767
f 12635/98/1767 12636/1889/1767 12637/1846/1767
f 12635/98/1767 12637/1846/1767 12638/224/1767
f 12639/128/1083 12640/1890/1083 12641/1891/1083
f 12639/128/1083 12641/1891/1083 12642/127/1083
f 12643/219/1083 12644/1857/1083 12645/1890/1083
f 12643/219/1083 12645/1890/1083 12646/128/1083
f 12647/101/1084 12648/1892/1084 12649/1893/1084
f 12647/101/1084 12649/1893/1084 12650/100/1084
f 12651/225/1084 12652/1859/1084 12653/1892/1084
f 12651/225/1084 12653/1892/1084 12654/101/1084
f 12655/163/1766 12656/1894/1766 12657/1895/1766
f 12655/163/1766 12657/1895/1766 12658/162/1766
f 12659/162/1766 12660/1895/1766 12661/1866/1766
f 12659/162/1766 12661/1866/1766 12662/208/1766
f 12663/136/1767 12664/1896/1767 12665/1897/1767
f 12663/136/1767 12665/1897/1767 12666/135/1767
f 12667/135/1767 12668/1897/1767 12669/1868/1767
f 12667/135/1767 12669/1868/1767 12670/216/1767
f 12671/165/1083 12672/1898/1083 12673/1899/1083
f 12671/165/1083 12673/1899/1083 12674/164/1083
f 12675/209/1083 12676/1876/1083 12677/1898/1083
f 12675/209/1083 12677/1898/1083 12678/165/1083
f 12679/138/1084 12680/1900/1084 12681/1901/1084
f 12679/138/1084 12681/1901/1084 12682/137/1084
f 12683/217/1084 12684/1878/1084 12685/1900/1084
f 12683/217/1084 12685/1900/1084 12686/138/1084
f 12687/2090/36 12688/2093/36 12689/2092/36
f 12687/2090/36 12689/2092/36 12690/2091/36
f 12691/447/765 12692/2094/765 12693/1912/765
f 12691/447/765 12693/1912/765 12694/307/765
f 12695/544/1765 12696/2096/1765 12697/2095/1765
f 12695/544/1765 12697/2095/1765 12698/543/1765
f 12699/273/1766 12700/1908/1766 12701/1909/1766
f 12699/273/1766 12701/1909/1766 12702/272/1766
f 12703/302/1767 12704/1910/1767 12705/1911/1767
f 12703/302/1767 12705/1911/1767 12706/269/1767
f 12707/307/1766 12708/1912/1766 12709/1913/1766
f 12707/307/1766 12709/1913/1766 12710/276/1766
f 12711/276/1766 12712/1913/1766 12713/1908/1766
f 12711/276/1766 12713/1908/1766 12714/273/1766
f 12715/299/1767 12716/1914/1767 12717/1915/1767
f 12715/299/1767 12717/1915/1767 12718/298/1767
f 12719/298/1767 12720/1915/1767 12721/1910/1767
f 12719/298/1767 12721/1910/1767 12722/302/1767
f 12723/2097/36 12724/2100/36 12725/2099/36
f 12723/2097/36 12725/2099/36 12726/2098/36
f 12727/2101/109 12728/2103/109 12729/2102/109
f 12727/2101/109 12729/2102/109 12730/2102/109
f 12731/308/50 12732/1931/50 12733/2104/50
f 12731/308/50 12733/2104/50 12734/448/50
f 12735/546/1082 12736/2106/1082 12737/2105/1082
f 12735/546/1082 12737/2105/1082 12738/545/1082
f 12739/275/1083 12740/1926/1083 12741/1927/1083
f 12739/275/1083 12741/1927/1083 12742/274/1083
f 12743/270/1084 12744/1928/1084 12745/1929/1084
f 12743/270/1084 12745/1929/1084 12746/303/1084
f 12747/277/1083 12748/1930/1083 12749/1931/1083
f 12747/277/1083 12749/1931/1083 12750/308/1083
f 12751/274/1083 12752/1927/1083 12753/1930/1083
f 12751/274/1083 12753/1930/1083 12754/277/1083
f 12755/301/1084 12756/1932/1084 12757/1933/1084
f 12755/301/1084 12757/1933/1084 12758/300/1084
f 12759/303/1084 12760/1929/1084 12761/1932/1084
f 12759/303/1084 12761/1932/1084 12762/301/1084
f 12763/439/765 12764/2107/765 12765/1942/765
f 12763/439/765 12765/1942/765 12766/354/765
f 12767/548/1765 12768/2001/1765 12769/2108/1765
f 12767/548/1765 12769/2108/1765 12770/547/1765
f 12771/312/1766 12772/1938/1766 12773/1939/1766
f 12771/312/1766 12773/1939/1766 12774/311/1766
f 12775/348/1767 12776/1940/1767 12777/1941/1767
f 12775/348/1767 12777/1941/1767 12778/347/1767
f 12779/354/1766 12780/1942/1766 12781/1943/1766
f 12779/354/1766 12781/1943/1766 12782/315/1766
f 12783/315/1766 12784/1943/1766 12785/1938/1766
f 12783/315/1766 12785/1938/1766 12786/312/1766
f 12787/344/1767 12788/1944/1767 12789/1945/1767
f 12787/344/1767 12789/1945/1767 12790/343/1767
f 12791/343/1767 12792/1945/1767 12793/1940/1767
f 12791/343/1767 12793/1940/1767 12794/348/1767
f 12795/2109/109 12796/2109/109 12797/2111/109
f 12795/2109/109 12797/2111/109 12798/2110/109
f 12799/355/50 12800/1956/50 12801/2112/50
f 12799/355/50 12801/2112/50 12802/440/50
f 12803/550/1082 12804/2113/1082 12805/2000/1082
f 12803/550/1082 12805/2000/1082 12806/549/1082
f 12807/314/1083 12808/1951/1083 12809/1952/1083
f 12807/314/1083 12809/1952/1083 12810/313/1083
f 12811/350/1084 12812/1953/1084 12813/1954/1084
f 12811/350/1084 12813/1954/1084 12814/349/1084
f 12815/316/1083 12816/1955/1083 12817/1956/1083
f 12815/316/1083 12817/1956/1083 12818/355/1083
f 12819/313/1083 12820/1952/1083 12821/1955/1083
f 12819/313/1083 12821/1955/1083 12822/316/1083
f 12823/346/1084 12824/1957/1084 12825/1958/1084
f 12823/346/1084 12825/1958/1084 12826/345/1084
f 12827/349/1084 12828/1954/1084 12829/1957/1084
f 12827/349/1084 12829/1957/1084 12830/346/1084
f 12831/1009/109 12832/1009/109 12833/1010/109
f 12831/1009/109 12833/1010/109 12834/1010/109
f 12835/83/764 12836/2059/764 12837/2053/764
f 12835/83/764 12837/2053/764 12838/82/764
f 12839/91/765 12840/2114/765 12841/2055/765
f 12839/91/765 12841/2055/765 12842/90/765
f 12843/85/73 12844/2061/73 12845/1837/73
f 12843/85/73 12845/1837/73 12846/84/73
f 12847/93/50 12848/2063/50 12849/2115/50
f 12847/93/50 12849/2115/50 12850/92/50
f 12851/122/764 12852/1847/764 12853/2116/764
f 12851/122/764 12853/2116/764 12854/121/764
f 12855/2117/109 12856/2117/109 12857/129/109
f 12855/2117/109 12857/129/109 12858/129/109
f 12859/124/73 12860/2118/73 12861/1858/73
f 12859/124/73 12861/1858/73 12862/123/73
f 12863/130/109 12864/130/109 12865/2120/109
f 12863/130/109 12865/2120/109 12866/2119/109
f 12867/159/764 12868/1869/764 12869/2121/764
f 12867/159/764 12869/2121/764 12870/158/764
f 12871/2122/109 12872/2122/109 12873/166/109
f 12871/2122/109 12873/166/109 12874/2123/109
f 12875/161/73 12876/2124/73 12877/1877/73
f 12875/161/73 12877/1877/73 12878/160/73
f 12879/168/109 12880/168/109 12881/2125/109
f 12879/168/109 12881/2125/109 12882/2125/109
f 12883/269/764 12884/1911/764 12885/2126/764
f 12883/269/764 12885/2126/764 12886/268/764
f 12887/2127/109 12888/2127/109 12889/306/109
f 12887/2127/109 12889/306/109 12890/306/109
f 12891/347/764 12892/1941/764 12893/2128/764
f 12891/347/764 12893/2128/764 12894/356/764
f 12895/271/73 12896/2129/73 12897/1928/73
f 12895/271/73 12897/1928/73 12898/270/73
f 12899/2130/109 12900/305/109 12901/2131/109
f 12899/2130/109 12901/2131/109 12902/2131/109
f 12903/2132/109 12904/2132/109 12905/351/109
f 12903/2132/109 12905/351/109 12906/351/109
f 12907/357/73 12908/2133/73 12909/1953/73
f 12907/357/73 12909/1953/73 12910/350/73
f 12911/353/109 12912/353/109 12913/2135/109
f 12911/353/109 12913/2135/109 12914/2134/109
f 12915/491/73 12916/1993/73 12917/1993/73
f 12915/491/73 12917/1993/73 12918/491/73
f 12919/492/764 12920/1994/764 12921/1994/764
f 12919/492/764 12921/1994/764 12922/492/764
f 12923/507/765 12924/1995/765 12925/1995/765
f 12923/507/765 12925/1995/765 12926/507/765
f 12927/501/73 12928/501/73 12929/504/73
f 12927/501/73 12929/504/73 12930/504/73
f 12931/362/50 12932/362/50 12933/362/50
f 12931/362/50 12933/362/50 12934/362/50
f 12935/362/765 12936/362/765 12937/362/765
f 12935/362/765 12937/362/765 12938/362/765
f 12939/508/50 12940/1996/50 12941/1996/50
f 12939/508/50 12941/1996/50 12942/508/50
f 12943/94/765 12944/1997/765 12945/1997/765
f 12943/94/765 12945/1997/765 12946/94/765
f 12947/500/765 12948/500/765 12949/500/765
f 12947/500/765 12949/500/765 12950/500/765
f 12951/97/50 12952/1998/50 12953/1998/50
f 12951/97/50 12953/1998/50 12954/97/50
f 12955/589/765 12956/1999/765 12957/1999/765
f 12955/589/765 12957/1999/765 12958/589/765
f 12959/549/73 12960/2000/73 12961/2000/73
f 12959/549/73 12961/2000/73 12962/549/73
f 12963/548/764 12964/2001/764 12965/2001/764
f 12963/548/764 12965/2001/764 12966/548/764
f 12967/590/50 12968/2002/50 12969/2002/50
f 12967/590/50 12969/2002/50 12970/590/50
f 12971/545/73 12972/2003/73 12973/2003/73
f 12971/545/73 12973/2003/73 12974/545/73
f 12975/58/1765 12976/2057/1765 12977/2136/1765
f 12975/58/1765 12977/2136/1765 12978/57/1765
f 12979/60/1082 12980/2137/1082 12981/1835/1082
f 12979/60/1082 12981/1835/1082 12982/59/1082
f 12983/95/1765 12984/1845/1765 12985/1997/1765
f 12983/95/1765 12985/1997/1765 12986/94/1765
f 12987/97/1082 12988/1998/1082 12989/1856/1082
f 12987/97/1082 12989/1856/1082 12990/96/1082
f 12991/132/1765 12992/1867/1765 12993/1999/1765
f 12991/132/1765 12993/1999/1765 12994/131/1765
f 12995/134/1082 12996/2138/1082 12997/1875/1082
f 12995/134/1082 12997/1875/1082 12998/133/1082
f 12999/272/1765 13000/1909/1765 13001/2139/1765
f 12999/272/1765 13001/2139/1765 13002/309/1765
f 13003/310/1082 13004/2140/1082 13005/1926/1082
f 13003/310/1082 13005/1926/1082 13006/275/1082
f 13007/311/1765 13008/1939/1765 13009/2028/1765
f 13007/311/1765 13009/2028/1765 13010/317/1765
f 13011/318/1082 13012/2031/1082 13013/1951/1082
f 13011/318/1082 13013/1951/1082 13014/314/1082
f 13015/1100/36 13016/2143/36 13017/2142/36
f 13015/1100/36 13017/2142/36 13018/2141/36
f 13019/1006/765 13020/1006/765 13021/2144/765
f 13019/1006/765 13021/2144/765 13022/1005/765
f 13023/490/1765 13024/490/1765 13025/1004/1765
f 13023/490/1765 13025/1004/1765 13026/1004/1765
f 13027/1003/1766 13028/1003/1766 13029/1002/1766
f 13027/1003/1766 13029/1002/1766 13030/1002/1766
f 13031/1001/1767 13032/1140/1767 13033/1000/1767
f 13031/1001/1767 13033/1000/1767 13034/1000/1767
f 13035/995/1766 13036/1141/1766 13037/994/1766
f 13035/995/1766 13037/994/1766 13038/994/1766
f 13039/1023/1766 13040/1143/1766 13041/1003/1766
f 13039/1023/1766 13041/1003/1766 13042/1003/1766
f 13043/1004/1767 13044/1004/1767 13045/1007/1767
f 13043/1004/1767 13045/1007/1767 13046/1007/1767
f 13047/1007/1767 13048/1007/1767 13049/1140/1767
f 13047/1007/1767 13049/1140/1767 13050/1001/1767
f 13051/494/109 13052/1009/109 13053/1009/109
f 13051/494/109 13053/1009/109 13054/1009/109
f 13055/997/764 13056/998/764 13057/999/764
f 13055/997/764 13057/999/764 13058/996/764
f 13059/1050/109 13060/1022/109 13061/1022/109
f 13059/1050/109 13061/1022/109 13062/1022/109
f 13063/1008/764 13064/2025/764 13065/2025/764
f 13063/1008/764 13065/2025/764 13066/1008/764
f 13067/1021/765 13068/2026/765 13069/2026/765
f 13067/1021/765 13069/2026/765 13070/1021/765
f 13071/1002/1765 13072/1002/1765 13073/362/1765
f 13071/1002/1765 13073/362/1765 13074/362/1765
f 13075/1005/50 13076/2144/50 13077/1006/50
f 13075/1005/50 13077/1006/50 13078/1006/50
f 13079/1004/1082 13080/1004/1082 13081/490/1082
f 13079/1004/1082 13081/490/1082 13082/490/1082
f 13083/1002/1083 13084/1002/1083 13085/1003/1083
f 13083/1002/1083 13085/1003/1083 13086/1003/1083
f 13087/1000/1084 13088/1000/1084 13089/1140/1084
f 13087/1000/1084 13089/1140/1084 13090/1001/1084
f 13091/994/1083 13092/994/1083 13093/1141/1083
f 13091/994/1083 13093/1141/1083 13094/995/1083
f 13095/1003/1083 13096/1003/1083 13097/1143/1083
f 13095/1003/1083 13097/1143/1083 13098/1023/1083
f 13099/1007/1084 13100/1007/1084 13101/1004/1084
f 13099/1007/1084 13101/1004/1084 13102/1004/1084
f 13103/1001/1084 13104/1140/1084 13105/1007/1084
f 13103/1001/1084 13105/1007/1084 13106/1007/1084
f 13107/999/73 13108/996/73 13109/997/73
f 13107/999/73 13109/997/73 13110/998/73
f 13111/1022/109 13112/1022/109 13113/1022/109
f 13111/1022/109 13113/1022/109 13114/1022/109
f 13115/362/1082 13116/362/1082 13117/1002/1082
f 13115/362/1082 13117/1002/1082 13118/1002/1082
f 13119/1006/765 13120/1006/765 13121/2144/765
f 13119/1006/765 13121/2144/765 13122/1005/765
f 13123/490/1765 13124/490/1765 13125/1004/1765
f 13123/490/1765 13125/1004/1765 13126/1004/1765
f 13127/1003/1766 13128/1003/1766 13129/1002/1766
f 13127/1003/1766 13129/1002/1766 13130/1002/1766
f 13131/1001/1767 13132/1140/1767 13133/1000/1767
f 13131/1001/1767 13133/1000/1767 13134/1000/1767
f 13135/995/1766 13136/1141/1766 13137/994/1766
f 13135/995/1766 13137/994/1766 13138/994/1766
f 13139/1023/1766 13140/1143/1766 13141/1003/1766
f 13139/1023/1766 13141/1003/1766 13142/1003/1766
f 13143/1004/1767 13144/1004/1767 13145/1007/1767
f 13143/1004/1767 13145/1007/1767 13146/1007/1767
f 13147/1007/1767 13148/1007/1767 13149/1140/1767
f 13147/1007/1767 13149/1140/1767 13150/1001/1767
f 13151/997/764 13152/997/764 13153/996/764
f 13151/997/764 13153/996/764 13154/996/764
f 13155/1022/109 13156/1022/109 13157/1022/109
f 13155/1022/109 13157/1022/109 13158/1022/109
f 13159/1002/1765 13160/1002/1765 13161/362/1765
f 13159/1002/1765 13161/362/1765 13162/362/1765
f 13163/490/73 13164/490/73 13165/490/73
f 13163/490/73 13165/490/73 13166/490/73
f 13167/310/50 13168/2027/50 13169/2027/50
f 13167/310/50 13169/2027/50 13170/310/50
f 13171/317/765 13172/2028/765 13173/2028/765
f 13171/317/765 13173/2028/765 13174/317/765
f 13175/362/50 13176/362/50 13177/362/50
f 13175/362/50 13177/362/50 13178/362/50
f 13179/1110/109 13180/1110/109 13181/1109/109
f 13179/1110/109 13181/1109/109 13182/1109/109
f 13183/1045/1767 13184/1045/1767 13185/1214/1767
f 13183/1045/1767 13185/1214/1767 13186/1035/1767
f 13187/1035/1767 13188/1214/1767 13189/1034/1767
f 13187/1035/1767 13189/1034/1767 13190/1034/1767
f 13191/1107/765 13192/1108/765 13193/1217/765
f 13191/1107/765 13193/1217/765 13194/1042/765
f 13195/1042/1766 13196/1217/1766 13197/1215/1766
f 13195/1042/1766 13197/1215/1766 13198/1041/1766
f 13199/1085/73 13200/2030/73 13201/2030/73
f 13199/1085/73 13201/2030/73 13202/1085/73
f 13203/1041/1766 13204/1215/1766 13205/1044/1766
f 13203/1041/1766 13205/1044/1766 13206/1044/1766
f 13207/318/50 13208/2031/50 13209/2031/50
f 13207/318/50 13209/2031/50 13210/318/50
f 13211/1043/1765 13212/1043/1765 13213/500/1765
f 13211/1043/1765 13213/500/1765 13214/500/1765
f 13215/1034/764 13216/1034/764 13217/1038/764
f 13215/1034/764 13217/1038/764 13218/1038/764
f 13219/500/50 13220/500/50 13221/500/50
f 13219/500/50 13221/500/50 13222/500/50
f 13223/1040/1767 13224/1040/1767 13225/1045/1767
f 13223/1040/1767 13225/1045/1767 13226/1045/1767
f 13227/1044/1766 13228/1044/1766 13229/1043/1766
f 13227/1044/1766 13229/1043/1766 13230/1043/1766
f 13231/501/1765 13232/501/1765 13233/1040/1765
f 13231/501/1765 13233/1040/1765 13234/1040/1765
f 13235/1046/109 13236/1046/109 13237/1067/109
f 13235/1046/109 13237/1067/109 13238/1067/109
f 13239/1086/764 13240/2033/764 13241/2033/764
f 13239/1086/764 13241/2033/764 13242/1086/764
f 13243/1078/109 13244/1009/109 13245/1009/109
f 13243/1078/109 13245/1009/109 13246/1009/109
f 13247/1005/50 13248/2144/50 13249/1006/50
f 13247/1005/50 13249/1006/50 13250/1006/50
f 13251/1004/1082 13252/1004/1082 13253/490/1082
f 13251/1004/1082 13253/490/1082 13254/490/1082
f 13255/1002/1083 13256/1002/1083 13257/1003/1083
f 13255/1002/1083 13257/1003/1083 13258/1003/1083
f 13259/1000/1084 13260/1000/1084 13261/1140/1084
f 13259/1000/1084 13261/1140/1084 13262/1001/1084
f 13263/994/1083 13264/994/1083 13265/1141/1083
f 13263/994/1083 13265/1141/1083 13266/995/1083
f 13267/1003/1083 13268/1003/1083 13269/1143/1083
f 13267/1003/1083 13269/1143/1083 13270/1023/1083
f 13271/1007/1084 13272/1007/1084 13273/1004/1084
f 13271/1007/1084 13273/1004/1084 13274/1004/1084
f 13275/1001/1084 13276/1140/1084 13277/1007/1084
f 13275/1001/1084 13277/1007/1084 13278/1007/1084
f 13279/996/73 13280/996/73 13281/997/73
f 13279/996/73 13281/997/73 13282/997/73
f 13283/2145/35 13284/2147/35 13285/2146/35
f 13283/2145/35 13285/2146/35 13286/2146/35
f 13287/362/765 13288/362/765 13289/362/765
f 13287/362/765 13289/362/765 13290/362/765
f 13291/362/1082 13292/362/1082 13293/1002/1082
f 13291/362/1082 13293/1002/1082 13294/1002/1082
f 13295/1099/73 13296/2034/73 13297/2034/73
f 13295/1099/73 13297/2034/73 13298/1099/73
f 13299/520/764 13300/2035/764 13301/2035/764
f 13299/520/764 13301/2035/764 13302/520/764
f 13303/490/764 13304/490/764 13305/490/764
f 13303/490/764 13305/490/764 13306/490/764
f 13307/2148/109 13308/2149/109 13309/1046/109
f 13307/2148/109 13309/1046/109 13310/1046/109
f 13311/1040/1082 13312/1040/1082 13313/501/1082
f 13311/1040/1082 13313/501/1082 13314/501/1082
f 13315/1043/1083 13316/1043/1083 13317/1044/1083
f 13315/1043/1083 13317/1044/1083 13318/1044/1083
f 13319/1045/1084 13320/1045/1084 13321/1040/1084
f 13319/1045/1084 13321/1040/1084 13322/1040/1084
f 13323/1039/73 13324/1039/73 13325/1034/73
f 13323/1039/73 13325/1034/73 13326/1034/73
f 13327/500/1082 13328/500/1082 13329/1043/1082
f 13327/500/1082 13329/1043/1082 13330/1043/1082
f 13331/490/73 13332/490/73 13333/490/73
f 13331/490/73 13333/490/73 13334/490/73
f 13335/1044/1083 13336/1044/1083 13337/1215/1083
f 13335/1044/1083 13337/1215/1083 13338/1041/1083
f 13339/1041/1083 13340/1215/1083 13341/1217/1083
f 13339/1041/1083 13341/1217/1083 13342/1042/1083
f 13343/1042/50 13344/1217/50 13345/1107/50
f 13343/1042/50 13345/1107/50 13346/1108/50
f 13347/1034/1084 13348/1034/1084 13349/1214/1084
f 13347/1034/1084 13349/1214/1084 13350/1035/1084
f 13351/1035/1084 13352/1214/1084 13353/1045/1084
f 13351/1035/1084 13353/1045/1084 13354/1045/1084
f 13355/1110/109 13356/1110/109 13357/1109/109
f 13355/1110/109 13357/1109/109 13358/1109/109
f 13359/504/764 13360/504/764 13361/501/764
f 13359/504/764 13361/501/764 13362/501/764
f 13363/490/764 13364/490/764 13365/490/764
f 13363/490/764 13365/490/764 13366/490/764
f 13367/1816/1082 13368/2040/1082 13369/2041/1082
f 13367/1816/1082 13369/2041/1082 13370/1815/1082
f 13371/507/1765 13372/1995/1765 13373/2042/1765
f 13371/507/1765 13373/2042/1765 13374/1759/1765
f 13375/1760/1082 13376/2043/1082 13377/1996/1082
f 13375/1760/1082 13377/1996/1082 13378/508/1082
f 13379/94/1765 13380/1997/1765 13381/2044/1765
f 13379/94/1765 13381/2044/1765 13382/1750/1765
f 13383/1751/1082 13384/2045/1082 13385/1998/1082
f 13383/1751/1082 13385/1998/1082 13386/97/1082
f 13387/589/1765 13388/1999/1765 13389/2046/1765
f 13387/589/1765 13389/2046/1765 13390/1746/1765
f 13391/1747/1082 13392/2047/1082 13393/2002/1082
f 13391/1747/1082 13393/2002/1082 13394/590/1082
f 13395/1021/1765 13396/2026/1765 13397/2048/1765
f 13395/1021/1765 13397/2048/1765 13398/1737/1765
f 13399/1738/1082 13400/2049/1082 13401/2027/1082
f 13399/1738/1082 13401/2027/1082 13402/310/1082
f 13403/317/1765 13404/2028/1765 13405/2050/1765
f 13403/317/1765 13405/2050/1765 13406/1735/1765
f 13407/1736/1082 13408/2051/1082 13409/2031/1082
f 13407/1736/1082 13409/2031/1082 13410/318/1082
f 13411/1759/1765 13412/2042/1765 13413/1994/1765
f 13411/1759/1765 13413/1994/1765 13414/492/1765
f 13415/491/1082 13416/1993/1082 13417/2043/1082
f 13415/491/1082 13417/2043/1082 13418/1760/1082
f 13419/1750/1765 13420/2044/1765 13421/2035/1765
f 13419/1750/1765 13421/2035/1765 13422/520/1765
f 13423/1099/1082 13424/2034/1082 13425/2045/1082
f 13423/1099/1082 13425/2045/1082 13426/1751/1082
f 13427/1746/1765 13428/2046/1765 13429/2033/1765
f 13427/1746/1765 13429/2033/1765 13430/1086/1765
f 13431/1085/1082 13432/2030/1082 13433/2047/1082
f 13431/1085/1082 13433/2047/1082 13434/1747/1082
f 13435/1737/1765 13436/2048/1765 13437/2025/1765
f 13435/1737/1765 13437/2025/1765 13438/1008/1765
f 13439/545/1082 13440/2003/1082 13441/2049/1082
f 13439/545/1082 13441/2049/1082 13442/1738/1082
f 13443/1735/1765 13444/2050/1765 13445/2001/1765
f 13443/1735/1765 13445/2001/1765 13446/548/1765
f 13447/549/1082 13448/2000/1082 13449/2051/1082
f 13447/549/1082 13449/2051/1082 13450/1736/1082
f 13451/362/1765 13452/362/1765 13453/1727/1765
f 13451/362/1765 13453/1727/1765 13454/1727/1765
f 13455/1727/1765 13456/1727/1765 13457/490/1765
f 13455/1727/1765 13457/490/1765 13458/490/1765
f 13459/1727/1082 13460/1727/1082 13461/362/1082
f 13459/1727/1082 13461/362/1082 13462/362/1082
f 13463/490/1082 13464/490/1082 13465/1727/1082
f 13463/490/1082 13465/1727/1082 13466/1727/1082
f 13467/362/1765 13468/362/1765 13469/1727/1765
f 13467/362/1765 13469/1727/1765 13470/1727/1765
f 13471/1727/1765 13472/1727/1765 13473/490/1765
f 13471/1727/1765 13473/490/1765 13474/490/1765
f 13475/500/1765 13476/500/1765 13477/1761/1765
f 13475/500/1765 13477/1761/1765 13478/1761/1765
f 13479/1761/1765 13480/1761/1765 13481/504/1765
f 13479/1761/1765 13481/504/1765 13482/504/1765
f 13483/1727/1082 13484/1727/1082 13485/362/1082
f 13483/1727/1082 13485/362/1082 13486/362/1082
f 13487/490/1082 13488/490/1082 13489/1727/1082
f 13487/490/1082 13489/1727/1082 13490/1727/1082
f 13491/504/1082 13492/504/1082 13493/1761/1082
f 13491/504/1082 13493/1761/1082 13494/1761/1082
f 13495/1761/1082 13496/1761/1082 13497/500/1082
f 13495/1761/1082 13497/500/1082 13498/500/1082
f 13499/1816/771 13500/2040/771 13501/2040/771
f 13499/1816/771 13501/2040/771 13502/1816/771
f 13503/1815/1768 13504/2041/1768 13505/2041/1768
f 13503/1815/1768 13505/2041/1768 13506/1815/1768
f 13507/2150/764 13508/2153/764 13509/2152/764
f 13507/2150/764 13509/2152/764 13510/2151/764
f 13511/2151/769 13512/2152/769 13513/2155/769
f 13511/2151/769 13513/2155/769 13514/2154/769
f 6075/2156/39 6078/2156/39 13515/2157/39
f 6075/2156/39 13515/2157/39 13516/2157/39
f 13517/2157/37 13518/2157/37 13519/2158/37
f 13517/2157/37 13519/2158/37 13520/2158/37
f 13521/2159/764 13522/1819/764 13523/1789/764
f 13521/2159/764 13523/1789/764 13524/2160/764
f 13525/2160/769 13526/1789/769 13527/1792/769
f 13525/2160/769 13527/1792/769 13528/2161/769
f 13529/2162/764 13530/2157/764 13531/2156/764
f 13529/2162/764 13531/2156/764 13532/2163/764
f 13533/2164/769 13534/2158/769 13535/2157/769
f 13533/2164/769 13535/2157/769 13536/2162/769
f 13537/2153/1769 13538/2166/1770 13539/2165/1771
f 13537/2153/1772 13539/2165/1773 13540/2152/1774
f 13541/2152/1775 13542/2165/1776 13543/2167/1777
f 13541/2152/1778 13543/2167/1779 13544/2155/1776
f 13545/2151/1780 13546/2169/1781 13547/2168/1782
f 13545/2151/1783 13547/2168/1784 13548/2150/1785
f 13549/2154/1786 13550/2170/1787 13551/2169/1788
f 13549/2154/1789 13551/2169/1790 13552/2151/1791
f 13553/2171/40 13554/2174/40 13555/2173/40
f 13553/2171/40 13555/2173/40 13556/2172/40
f 13557/2175/40 13558/2178/40 13559/2177/40
f 13557/2175/40 13559/2177/40 13560/2176/40
f 13561/2179/40 13562/2180/40 13554/2174/40
f 13561/2179/40 13554/2174/40 13553/2171/40
f 13556/2172/40 13555/2173/40 13558/2178/40
f 13556/2172/40 13558/2178/40 13557/2175/40
f 13563/2181/109 13564/2181/109 13565/2182/109
f 13563/2181/109 13565/2182/109 13566/2182/109
f 13567/2183/40 13568/2186/40 13569/2185/40
f 13567/2183/40 13569/2185/40 13570/2184/40
f 13571/2187/40 13572/2190/40 13573/2189/40
f 13571/2187/40 13573/2189/40 13574/2188/40
f 13575/2184/40 13576/2185/40 13577/2192/40
f 13575/2184/40 13577/2192/40 13578/2191/40
f 13579/2193/40 13580/2196/40 13581/2195/40
f 13579/2193/40 13581/2195/40 13582/2194/40
f 13583/2188/40 13584/2189/40 13585/2198/40
f 13583/2188/40 13585/2198/40 13586/2197/40
f 13587/2199/40 13588/2201/40 13589/2200/40
f 13587/2199/40 13589/2200/40 13590/2187/40
f 13591/2202/40 13592/2204/40 13593/2203/40
f 13591/2202/40 13593/2203/40 13594/2199/40
f 13595/2205/40 13596/2206/40 13597/2204/40
f 13595/2205/40 13597/2204/40 13598/2202/40
f 13599/2207/40 13600/2208/40 13580/2196/40
f 13599/2207/40 13580/2196/40 13579/2193/40
f 13601/2191/40 13602/2210/40 13603/2209/40
f 13601/2191/40 13603/2209/40 13604/2207/40
f 13605/1128/109 13606/1128/109 13607/2211/109
f 13605/1128/109 13607/2211/109 13608/2211/109
f 13560/2176/40 13559/2177/40 13609/2186/40
f 13560/2176/40 13609/2186/40 13610/2183/40
f 13586/2197/40 13585/2198/40 13562/2180/40
f 13586/2197/40 13562/2180/40 13561/2179/40
f 13611/2171/37 13612/2171/37 13613/2172/37
f 13611/2171/37 13613/2172/37 13614/2172/37
f 13615/2175/36 13616/2175/36 13617/2176/36
f 13615/2175/36 13617/2176/36 13618/2176/36
f 13619/2179/35 13620/2179/35 13621/2171/35
f 13619/2179/35 13621/2171/35 13622/2171/35
f 13623/2172/37 13624/2172/37 13625/2175/37
f 13623/2172/37 13625/2175/37 13626/2175/37
f 13627/2194/35 13628/2194/35 13629/2212/35
f 13627/2194/35 13629/2212/35 13630/2212/35
f 13631/2183/37 13632/2183/37 13633/2184/37
f 13631/2183/37 13633/2184/37 13634/2184/37
f 13635/2187/38 13636/2187/38 13637/2188/38
f 13635/2187/38 13637/2188/38 13638/2188/38
f 13639/2184/42 13640/2184/42 13641/2191/42
f 13639/2184/42 13641/2191/42 13642/2191/42
f 13643/2193/35 13644/2193/35 13645/2194/35
f 13643/2193/35 13645/2194/35 13646/2194/35
f 13647/2188/37 13648/2188/37 13649/2197/37
f 13647/2188/37 13649/2197/37 13650/2197/37
f 13651/2199/38 13652/2199/38 13653/2187/38
f 13651/2199/38 13653/2187/38 13654/2187/38
f 13655/2202/38 13656/2202/38 13657/2199/38
f 13655/2202/38 13657/2199/38 13658/2199/38
f 13659/2205/36 13660/2205/36 13661/2202/36
f 13659/2205/36 13661/2202/36 13662/2202/36
f 13663/2207/42 13664/2207/42 13665/2193/42
f 13663/2207/42 13665/2193/42 13666/2193/42
f 13667/2191/42 13668/2191/42 13669/2207/42
f 13667/2191/42 13669/2207/42 13670/2207/42
f 13671/2213/36 13672/2213/36 13673/2205/36
f 13671/2213/36 13673/2205/36 13674/2205/36
f 13675/2176/36 13676/2176/36 13677/2183/36
f 13675/2176/36 13677/2183/36 13678/2183/36
f 13679/2197/35 13680/2197/35 13620/2179/35
f 13679/2197/35 13620/2179/35 13619/2179/35
f 13681/2214/36 13682/876/36 13683/1830/36
f 13681/2214/36 13683/1830/36 13684/2215/36
f 13685/2216/35 13686/1964/35 13687/601/35
f 13685/2216/35 13687/601/35 13688/2217/35
f 13689/2218/1792 13690/420/1793 13691/419/1794
f 13689/2218/1795 13691/419/1796 13692/2219/1793
f 13693/2220/50 13694/400/50 13695/397/50
f 13693/2220/50 13695/397/50 13696/2221/50
f 13697/2222/73 13698/427/73 13699/420/73
f 13697/2222/73 13699/420/73 13700/2218/73
f 13701/2223/1797 13702/428/1798 13703/429/1799
f 13701/2223/1800 13703/429/1801 13704/2224/1802
f 13705/2225/35 13706/831/35 13707/911/35
f 13705/2225/35 13707/911/35 13708/2226/35
f 13709/2111/36 13710/357/36 13711/356/36
f 13709/2111/36 13711/356/36 13712/436/36
f 13713/351/35 13714/439/35 13715/440/35
f 13713/351/35 13715/440/35 13716/353/35
f 13717/2227/36 13718/913/36 13719/906/36
f 13717/2227/36 13719/906/36 13720/2228/36
f 13721/2229/36 13722/915/36 13723/902/36
f 13721/2229/36 13723/902/36 13724/2230/36
f 13725/306/35 13726/447/35 13727/448/35
f 13725/306/35 13727/448/35 13728/305/35
f 13729/2231/35 13730/785/35 13731/917/35
f 13729/2231/35 13731/917/35 13732/2232/35
f 13733/2233/1803 13734/739/1804 13735/919/1805
f 13733/2233/1806 13735/919/1807 13736/2234/1804
f 13737/2235/1808 13738/921/1809 13739/894/1810
f 13737/2235/1811 13739/894/1812 13740/2236/1809
f 13741/2102/36 13742/271/36 13743/268/36
f 13741/2102/36 13743/268/36 13744/457/36
f 13745/2237/50 13746/249/50 13747/246/50
f 13745/2237/50 13747/246/50 13748/2238/50
f 13749/2239/73 13750/461/73 13751/199/73
f 13749/2239/73 13751/199/73 13752/2240/73
f 13753/2240/1792 13754/199/1793 13755/196/1794
f 13753/2240/1795 13755/196/1796 13756/2241/1793
f 13757/2242/1797 13758/463/1798 13759/464/1799
f 13757/2242/1800 13759/464/1801 13760/2243/1802
f 13761/2244/35 13762/665/35 13763/923/35
f 13761/2244/35 13763/923/35 13764/2245/35
f 13765/2246/36 13766/925/36 13767/888/36
f 13765/2246/36 13767/888/36 13768/2247/36
f 13769/166/35 13770/469/35 13771/470/35
f 13769/166/35 13771/470/35 13772/168/35
f 13773/2083/36 13774/161/36 13775/158/36
f 13773/2083/36 13775/158/36 13776/471/36
f 13777/2248/35 13778/633/35 13779/927/35
f 13777/2248/35 13779/927/35 13780/2249/35
f 13781/2250/36 13782/929/36 13783/882/36
f 13781/2250/36 13783/882/36 13784/2251/36
f 13785/129/35 13786/478/35 13787/479/35
f 13785/129/35 13787/479/35 13788/130/35
f 13789/2073/36 13790/124/36 13791/121/36
f 13789/2073/36 13791/121/36 13792/480/36
f 13793/2217/35 13794/601/35 13795/931/35
f 13793/2217/35 13795/931/35 13796/2252/35
f 13797/2253/36 13798/933/36 13799/876/36
f 13797/2253/36 13799/876/36 13800/2214/36
f 13801/2254/1808 13802/1147/1809 13803/1147/1810
f 13801/2254/1811 13803/1147/1812 13804/2255/1809
f 13805/2256/1803 13806/1136/1804 13807/1136/1805
f 13805/2256/1806 13807/1136/1807 13808/2257/1804
f 13809/1022/35 13810/1006/35 13811/1006/35
f 13809/1022/35 13811/1006/35 13812/1022/35
f 13813/1010/36 13814/999/36 13815/996/36
f 13813/1010/36 13815/996/36 13816/1009/36
f 13817/2254/36 13818/1147/36 13819/1147/36
f 13817/2254/36 13819/1147/36 13820/2254/36
f 13821/2257/35 13822/1136/35 13823/1136/35
f 13821/2257/35 13823/1136/35 13824/2257/35
f 13825/2258/36 13826/2032/36 13827/2032/36
f 13825/2258/36 13827/2032/36 13828/2258/36
f 13829/2259/36 13830/427/36 13831/427/36
f 13829/2259/36 13831/427/36 13832/2259/36
f 13833/2260/35 13834/397/35 13835/397/35
f 13833/2260/35 13835/397/35 13836/2261/35
f 13837/2261/50 13838/397/50 13839/2263/50
f 13837/2261/50 13839/2263/50 13840/2262/50
f 13841/2264/73 13842/2266/73 13843/1054/73
f 13841/2264/73 13843/1054/73 13844/2265/73
f 13845/2267/35 13846/2038/35 13847/2038/35
f 13845/2267/35 13847/2038/35 13848/2267/35
f 13849/1046/36 13850/1039/36 13851/1038/36
f 13849/1046/36 13851/1038/36 13852/1046/36
f 13853/1109/35 13854/1107/35 13855/1108/35
f 13853/1109/35 13855/1108/35 13856/1110/35
f 13857/1022/35 13858/1006/35 13859/1006/35
f 13857/1022/35 13859/1006/35 13860/1022/35
f 13861/1009/36 13862/996/36 13863/996/36
f 13861/1009/36 13863/996/36 13864/1009/36
f 13865/2257/35 13866/1136/35 13867/1136/35
f 13865/2257/35 13867/1136/35 13868/2257/35
f 13869/2254/36 13870/1147/36 13871/1147/36
f 13869/2254/36 13871/1147/36 13872/2254/36
f 13873/2267/35 13874/2038/35 13875/2038/35
f 13873/2267/35 13875/2038/35 13876/2267/35
f 13877/2258/36 13878/2032/36 13879/2032/36
f 13877/2258/36 13879/2032/36 13880/2258/36
f 13881/2268/73 13882/2269/73 13883/2266/73
f 13881/2268/73 13883/2266/73 13884/2264/73
f 13885/2262/50 13886/2263/50 13887/2271/50
f 13885/2262/50 13887/2271/50 13888/2270/50
f 13889/2264/36 13890/2266/36 13891/2266/36
f 13889/2264/36 13891/2266/36 13892/2264/36
f 13893/2262/35 13894/2263/35 13895/2263/35
f 13893/2262/35 13895/2263/35 13896/2262/35
f 13897/2272/36 13898/1966/36 13798/933/36
f 13897/2272/36 13798/933/36 13797/2253/36
f 13796/2252/35 13795/931/35 13899/1840/35
f 13796/2252/35 13899/1840/35 13900/2273/35
f 13784/2251/36 13783/882/36 13901/1969/36
f 13784/2251/36 13901/1969/36 13902/2274/36
f 13903/2275/35 13904/1853/35 13778/633/35
f 13903/2275/35 13778/633/35 13777/2248/35
f 13905/2276/36 13906/1974/36 13782/929/36
f 13905/2276/36 13782/929/36 13781/2250/36
f 13780/2249/35 13779/927/35 13907/1862/35
f 13780/2249/35 13907/1862/35 13908/2277/35
f 13768/2247/36 13767/888/36 13909/1976/36
f 13768/2247/36 13909/1976/36 13910/2278/36
f 13911/2279/35 13912/1872/35 13762/665/35
f 13911/2279/35 13762/665/35 13761/2244/35
f 13913/2280/36 13914/1980/36 13915/921/36
f 13913/2280/36 13915/921/36 13916/2235/36
f 13917/2234/35 13918/919/35 13919/1904/35
f 13917/2234/35 13919/1904/35 13920/2281/35
f 13921/2282/36 13922/1984/36 13722/915/36
f 13921/2282/36 13722/915/36 13721/2229/36
f 13724/2230/36 13723/902/36 13923/1985/36
f 13724/2230/36 13923/1985/36 13924/2283/36
f 13925/2284/35 13926/1923/35 13730/785/35
f 13925/2284/35 13730/785/35 13729/2231/35
f 13732/2232/35 13731/917/35 13927/1934/35
f 13732/2232/35 13927/1934/35 13928/2285/35
f 13720/2228/36 13719/906/36 13929/1989/36
f 13720/2228/36 13929/1989/36 13930/2286/36
f 13931/2287/35 13932/1948/35 13706/831/35
f 13931/2287/35 13706/831/35 13705/2225/35
f 13820/2254/36 13819/1147/36 13933/1147/36
f 13820/2254/36 13933/1147/36 13934/2254/36
f 13935/2288/36 13936/2024/36 13937/1147/36
f 13935/2288/36 13937/1147/36 13938/2254/36
f 13939/2257/35 13940/1136/35 13941/1136/35
f 13939/2257/35 13941/1136/35 13942/2257/35
f 13943/2254/36 13944/1147/36 13818/1147/36
f 13943/2254/36 13818/1147/36 13817/2254/36
f 13945/2257/35 13946/1136/35 13822/1136/35
f 13945/2257/35 13822/1136/35 13821/2257/35
f 13824/2257/35 13823/1136/35 13947/1136/35
f 13824/2257/35 13947/1136/35 13948/2257/35
f 13848/2267/35 13847/2038/35 13949/1223/35
f 13848/2267/35 13949/1223/35 13950/2289/35
f 13951/2258/36 13952/2032/36 13826/2032/36
f 13951/2258/36 13826/2032/36 13825/2258/36
f 13872/2254/36 13871/1147/36 13953/1147/36
f 13872/2254/36 13953/1147/36 13954/2254/36
f 13955/2257/35 13956/1136/35 13866/1136/35
f 13955/2257/35 13866/1136/35 13865/2257/35
f 13880/2258/36 13879/2032/36 13957/1197/36
f 13880/2258/36 13957/1197/36 13958/2290/36
f 13959/2267/35 13960/2038/35 13874/2038/35
f 13959/2267/35 13874/2038/35 13873/2267/35
f 13961/480/764 13962/121/764 13963/2116/764
f 13961/480/764 13963/2116/764 13964/481/764
f 13965/2117/765 13966/2069/765 13967/478/765
f 13965/2117/765 13967/478/765 13968/129/765
f 13969/2071/73 13970/2118/73 13971/124/73
f 13969/2071/73 13971/124/73 13972/2073/73
f 13973/130/50 13974/479/50 13975/2074/50
f 13973/130/50 13975/2074/50 13976/2120/50
f 13977/471/764 13978/158/764 13979/2121/764
f 13977/471/764 13979/2121/764 13980/473/764
f 13981/2122/765 13982/2080/765 13983/469/765
f 13981/2122/765 13983/469/765 13984/166/765
f 13985/2082/73 13986/2124/73 13987/161/73
f 13985/2082/73 13987/161/73 13988/2083/73
f 13989/168/50 13990/470/50 13991/2084/50
f 13989/168/50 13991/2084/50 13992/2125/50
f 13993/457/764 13994/268/764 13995/2126/764
f 13993/457/764 13995/2126/764 13996/456/764
f 13997/2127/765 13998/2094/765 13999/447/765
f 13997/2127/765 13999/447/765 14000/306/765
f 14001/436/764 14002/356/764 14003/2128/764
f 14001/436/764 14003/2128/764 14004/438/764
f 14005/2103/73 14006/2129/73 14007/271/73
f 14005/2103/73 14007/271/73 14008/2102/73
f 14009/305/50 14010/448/50 14011/2104/50
f 14009/305/50 14011/2104/50 14012/2131/50
f 14013/2132/765 14014/2107/765 14015/439/765
f 14013/2132/765 14015/439/765 14016/351/765
f 14017/2109/73 14018/2133/73 14019/357/73
f 14017/2109/73 14019/357/73 14020/2111/73
f 14021/353/50 14022/440/50 14023/2112/50
f 14021/353/50 14023/2112/50 14024/2135/50
f 14025/1009/73 14026/996/73 14027/999/73
f 14025/1009/73 14027/999/73 14028/1010/73
f 14029/1009/764 14030/996/764 14031/999/764
f 14029/1009/764 14031/999/764 14032/1010/764
f 14033/1022/765 14034/1006/765 14035/1006/765
f 14033/1022/765 14035/1006/765 14036/1022/765
f 14037/1009/764 14038/996/764 14039/996/764
f 14037/1009/764 14039/996/764 14040/1009/764
f 14041/1022/50 14042/1006/50 14043/1006/50
f 14041/1022/50 14043/1006/50 14044/1022/50
f 14045/1022/765 14046/1006/765 14047/1006/765
f 14045/1022/765 14047/1006/765 14048/1022/765
f 14049/1110/765 14050/1108/765 14051/1107/765
f 14049/1110/765 14051/1107/765 14052/1109/765
f 14053/1046/764 14054/1038/764 14055/1038/764
f 14053/1046/764 14055/1038/764 14056/1067/764
f 14057/1009/73 14058/996/73 14059/996/73
f 14057/1009/73 14059/996/73 14060/1009/73
f 14061/1022/50 14062/1006/50 14063/1006/50
f 14061/1022/50 14063/1006/50 14064/1022/50
f 14065/2149/73 14066/1039/73 14067/1039/73
f 14065/2149/73 14067/1039/73 14068/1046/73
f 14069/1110/50 14070/1108/50 14071/1107/50
f 14069/1110/50 14071/1107/50 14072/1109/50
f 14073/2291/40 14074/2212/40 13582/2194/40
f 14073/2291/40 13582/2194/40 14075/2292/40
f 14076/2293/40 13595/2205/40 14077/2213/40
f 14076/2293/40 14077/2213/40 14078/2294/40
f 14075/2292/40 13582/2194/40 14079/2296/40
f 14075/2292/40 14079/2296/40 14080/2295/40
f 14081/2297/40 14082/2298/40 13595/2205/40
f 14081/2297/40 13595/2205/40 14076/2293/40
f 14083/2299/36 14084/2302/36 14085/2301/36
f 14083/2299/36 14085/2301/36 14086/2300/36
f 14087/2303/35 14088/2306/35 14089/2305/35
f 14087/2303/35 14089/2305/35 14090/2304/35
f 14091/2307/1813 14092/2308/821 14093/444/1813
f 14091/2307/1814 14093/444/1814 14094/1100/821
f 14095/2309/1815 14096/2312/1816 14097/2311/1817
f 14095/2309/1818 14097/2311/1819 14098/2310/1816
f 14099/2313/1820 14100/2314/1821 14101/565/1822
f 14099/2313/1823 14101/565/1824 14102/565/1821
f 14103/1100/1825 14104/1100/1826 14105/2316/1827
f 14103/1100/1828 14105/2316/1829 14106/2315/1826
f 14107/2317/35 14108/2320/35 14109/2319/35
f 14107/2317/35 14109/2319/35 14110/2318/35
f 14111/2100/73 14112/2323/73 14113/2322/73
f 14111/2100/73 14113/2322/73 14114/2321/73
f 14115/2324/50 14116/2326/50 14117/2318/50
f 14115/2324/50 14117/2318/50 14118/2325/50
f 14119/396/1830 14120/396/1830 14121/421/1830
f 14119/396/1831 14121/421/1831 14122/421/1831
f 14123/2327/36 14124/1920/36 14125/1921/36
f 14123/2327/36 14125/1921/36 14126/2328/36
f 14127/2329/50 14128/2332/50 14129/2331/50
f 14127/2329/50 14129/2331/50 14130/2330/50
f 14131/2333/35 14132/2336/35 14133/2335/35
f 14131/2333/35 14133/2335/35 14134/2334/35
f 14135/2337/35 14136/2340/35 14137/2339/35
f 14135/2337/35 14137/2339/35 14138/2338/35
f 14139/2341/1832 14140/2344/840 14141/2343/1833
f 14139/2341/1834 14141/2343/1835 14142/2342/840
f 6721/2093/73 6724/2346/73 14143/2345/73
f 6721/2093/73 14143/2345/73 14144/2092/73
f 14145/2347/1836 14146/2349/1837 14147/2340/1838
f 14145/2347/1839 14147/2340/1840 14148/2348/1837
f 14149/1903/1841 14150/1903/1841 14151/2350/1841
f 14149/1903/1830 14151/2350/1830 14152/2350/1830
f 14153/2351/36 14154/2354/36 14155/2353/36
f 14153/2351/36 14155/2353/36 14156/2352/36
f 14157/2354/1842 14158/2343/1843 14159/2355/1844
f 14157/2354/1845 14159/2355/1846 14160/2353/1843
f 14161/2356/35 14162/2359/35 14163/2358/35
f 14161/2356/35 14163/2358/35 14164/2357/35
f 14165/2359/35 14166/2361/35 14167/2360/35
f 14165/2359/35 14167/2360/35 14168/2358/35
f 14169/2362/50 14170/2364/50 14171/2357/50
f 14169/2362/50 14171/2357/50 14172/2363/50
f 14173/2079/73 14174/2367/73 14175/2366/73
f 14173/2079/73 14175/2366/73 14176/2365/73
f 14177/2368/35 14178/2371/35 14179/2370/35
f 14177/2368/35 14179/2370/35 14180/2369/35
f 14181/2372/36 14182/2374/36 4213/1851/36
f 14181/2372/36 4213/1851/36 6762/2373/36
f 14183/2375/50 14184/2378/50 14185/2377/50
f 14183/2375/50 14185/2377/50 14186/2376/50
f 14187/2068/73 14188/2381/73 14189/2380/73
f 14187/2068/73 14189/2380/73 14190/2379/73
f 14191/2382/36 14192/441/36 14193/442/36
f 14191/2382/36 14193/442/36 14194/2383/36
f 14195/2384/39 14196/2384/39 14197/110/39
f 14195/2384/39 14197/110/39 14198/110/39
f 14199/2385/35 14200/2386/35 14201/2310/35
f 14199/2385/35 14201/2310/35 14202/2319/35
f 14203/2387/1847 14204/2387/1848 14205/2388/1849
f 14203/2387/1850 14205/2388/1851 14206/2388/1852
f 14207/2389/50 14208/2390/50 14209/565/50
f 14207/2389/50 14209/565/50 14210/2146/50
f 14211/2143/73 14212/1100/73 14213/2391/73
f 14211/2143/73 14213/2391/73 14214/2142/73
f 14215/2392/36 14216/2393/36 14217/1100/36
f 14215/2392/36 14217/1100/36 14218/1100/36
f 14219/565/35 14220/565/35 14221/2395/35
f 14219/565/35 14221/2395/35 14222/2394/35
f 14223/2396/73 14224/2398/73 14225/2397/73
f 14223/2396/73 14225/2397/73 14226/2036/73
f 14227/2399/35 14228/2399/35 14229/565/35
f 14227/2399/35 14229/565/35 14230/565/35
f 14231/2400/50 14232/565/50 14233/2402/50
f 14231/2400/50 14233/2402/50 14234/2401/50
f 14235/2403/35 14236/2403/35 14237/2400/35
f 14235/2403/35 14237/2400/35 14238/2400/35
f 14239/1100/36 14240/1100/36 14241/1101/36
f 14239/1100/36 14241/1101/36 14242/1101/36
f 14243/2400/35 14244/2400/35 14245/2403/35
f 14243/2400/35 14245/2403/35 14246/2404/35
f 14247/2405/764 14248/2407/764 14249/2036/764
f 14247/2405/764 14249/2036/764 14250/2406/764
f 14251/2403/50 14252/2409/50 14253/2400/50
f 14251/2403/50 14253/2400/50 14254/2408/50
f 14255/2146/862 14256/565/862 14257/2394/862
f 14255/2146/861 14257/2394/861 14258/2145/861
f 14259/2410/764 14260/2411/764 14261/1100/764
f 14259/2410/764 14261/1100/764 14262/1100/764
f 14263/2399/35 14264/2402/35 14265/565/35
f 14263/2399/35 14265/565/35 14266/565/35
f 14267/493/109 14268/493/109 14269/493/109
f 14267/493/109 14269/493/109 14270/493/109
f 14271/2412/35 14272/2412/35 14273/2400/35
f 14271/2412/35 14273/2400/35 14274/2400/35
f 14275/2036/36 14276/2036/36 14277/2413/36
f 14275/2036/36 14277/2413/36 14278/2413/36
f 14279/2414/50 14280/2400/50 14281/2409/50
f 14279/2414/50 14281/2409/50 14282/2415/50
f 14283/2416/73 14284/2413/73 14285/2036/73
f 14283/2416/73 14285/2036/73 14286/2417/73
f 14287/2036/36 14288/2036/36 14289/2037/36
f 14287/2036/36 14289/2037/36 14290/2418/36
f 14291/2419/36 14292/2316/36 14293/1100/36
f 14291/2419/36 14293/1100/36 14294/2143/36
f 14295/2420/36 14296/2301/36 6664/2302/36
f 14295/2420/36 6664/2302/36 6877/2421/36
f 14297/1861/109 14298/1861/109 14299/476/109
f 14297/1861/109 14299/476/109 14300/2422/109
f 14301/2423/35 14302/2370/35 6884/2371/35
f 14301/2423/35 6884/2371/35 6883/2424/35
f 14303/2425/765 14304/2428/765 14305/2427/765
f 14303/2425/765 14305/2427/765 14306/2426/765
f 14307/2381/36 14308/1848/36 14309/2430/36
f 14307/2381/36 14309/2430/36 14310/2429/36
f 14311/2431/765 14312/2368/765 14313/2433/765
f 14311/2431/765 14313/2433/765 14314/2432/765
f 14315/2367/36 14316/2351/36 14317/2352/36
f 14315/2367/36 14317/2352/36 14318/2434/36
f 14319/2435/764 14320/242/764 6903/243/764
f 14319/2435/764 6903/243/764 6902/2090/764
f 14321/2342/1853 14322/244/1854 14323/2437/1855
f 14321/2342/1856 14323/2437/1857 14324/2436/1854
f 14325/2438/765 14326/2337/765 14327/2338/765
f 14325/2438/765 14327/2338/765 14328/2439/765
f 14329/1917/109 14330/1917/109 14331/445/109
f 14329/1917/109 14331/445/109 14332/445/109
f 14333/2440/35 14334/2442/35 14335/2336/35
f 14333/2440/35 14335/2336/35 14336/2441/35
f 14337/2443/1858 14338/2446/869 14339/2445/1858
f 14337/2443/1859 14339/2445/1859 14340/2444/869
f 14341/2346/36 14342/1918/36 14343/2447/36
f 14341/2346/36 14343/2447/36 14344/2345/36
f 14345/2448/764 14346/2327/764 6931/2328/764
f 14345/2448/764 6931/2328/764 6930/2097/764
f 14347/493/109 14348/493/109 14349/493/109
f 14347/493/109 14349/493/109 14350/493/109
f 14351/565/35 14352/565/35 14353/2314/35
f 14351/565/35 14353/2314/35 14354/2449/35
f 14355/2146/765 14356/565/765 14357/2449/765
f 14355/2146/765 14357/2449/765 14358/2450/765
f 14359/2451/35 14360/2452/35 14361/565/35
f 14359/2451/35 14361/565/35 14362/565/35
f 14363/2452/35 14364/2395/35 14365/565/35
f 14363/2452/35 14365/565/35 14366/565/35
f 14367/2407/36 14368/2407/36 14369/2036/36
f 14367/2407/36 14369/2036/36 14370/2036/36
f 14371/2406/73 14372/2036/73 14373/2453/73
f 14371/2406/73 14373/2453/73 14374/2453/73
f 14375/2036/36 14376/2036/36 14377/2407/36
f 14375/2036/36 14377/2407/36 14378/2407/36
f 14379/2404/35 14380/2412/35 14381/2400/35
f 14379/2404/35 14381/2400/35 14382/2400/35
f 14383/1100/36 14384/1100/36 14385/1101/36
f 14383/1100/36 14385/1101/36 14386/2454/36
f 14387/1067/109 14388/1067/109 14389/1067/109
f 14387/1067/109 14389/1067/109 14390/1067/109
f 14391/2412/35 14392/2409/35 14393/2400/35
f 14391/2412/35 14393/2400/35 14394/2400/35
f 14395/2073/109 14396/2073/109 14397/480/109
f 14395/2073/109 14397/480/109 14398/2455/109
f 14399/2456/35 14400/2375/35 14401/2376/35
f 14399/2456/35 14401/2376/35 14402/2425/35
f 14403/2428/35 14404/2305/35 14405/2306/35
f 14403/2428/35 14405/2306/35 14406/2427/35
f 14407/2066/764 14408/2457/764 14409/2421/764
f 14407/2066/764 14409/2421/764 14410/2065/764
f 14411/2083/109 14412/2083/109 14413/471/109
f 14411/2083/109 14413/471/109 14414/471/109
f 14415/2458/35 14416/2459/35 14417/2363/35
f 14415/2458/35 14417/2363/35 14418/2431/35
f 14419/2378/35 14420/2423/35 14421/2424/35
f 14419/2378/35 14421/2424/35 14422/2377/35
f 14423/2460/764 14424/2461/764 7011/2373/764
f 14423/2460/764 7011/2373/764 7010/2076/764
f 14425/2462/109 14426/2102/109 14427/457/109
f 14425/2462/109 14427/457/109 14428/457/109
f 14429/2463/35 14430/2329/35 14431/2330/35
f 14429/2463/35 14431/2330/35 14432/2438/35
f 14433/2111/109 14434/2111/109 14435/436/109
f 14433/2111/109 14435/436/109 14436/2464/109
f 14437/2465/1860 14438/2466/1861 14439/726/1862
f 14437/2465/1863 14439/726/1864 14440/2360/1861
f 14441/2467/35 14442/2440/35 14443/2441/35
f 14441/2467/35 14443/2441/35 14444/2331/35
f 14445/2468/35 14446/2470/35 14447/2325/35
f 14445/2468/35 14447/2325/35 14448/2469/35
f 14449/2469/765 14450/2333/765 14451/2334/765
f 14449/2469/765 14451/2334/765 14452/2468/765
f 14453/2323/36 14454/2382/36 14455/2471/36
f 14453/2323/36 14455/2471/36 14456/2322/36
f 14457/1100/36 14458/1100/36 14459/1959/36
f 14457/1100/36 14459/1959/36 14460/2472/36
f 14461/1010/109 14462/1010/109 14463/1009/109
f 14461/1010/109 14463/1009/109 14464/1009/109
f 14465/2473/35 14466/2389/35 14467/2146/35
f 14465/2473/35 14467/2146/35 14468/2146/35
f 14469/2402/35 14470/2399/35 14471/565/35
f 14469/2402/35 14471/565/35 14472/565/35
f 14473/2141/764 14474/2419/764 14475/2143/764
f 14473/2141/764 14475/2143/764 14476/1100/764
f 14477/1100/73 14478/1100/73 14479/1101/73
f 14477/1100/876 14479/1101/876 14480/1101/876
f 14481/2403/35 14482/2403/35 14483/2408/35
f 14481/2403/35 14483/2408/35 14484/2408/35
f 14485/2408/765 14486/2400/765 14487/2404/765
f 14485/2408/765 14487/2404/765 14488/2403/765
f 14489/1100/36 14490/1100/36 14491/1101/36
f 14489/1100/36 14491/1101/36 14492/2410/36
f 14493/425/109 14494/1022/109 14495/1022/109
f 14493/425/109 14495/1022/109 14496/1022/109
f 14497/2406/36 14498/2406/36 14499/2453/36
f 14497/2406/36 14499/2453/36 14500/2405/36
f 14501/2147/50 14502/2474/50 14503/565/50
f 14501/2147/877 14503/565/877 14504/2146/877
f 14505/2475/40 14506/2477/40 7095/2417/40
f 14505/2475/40 7095/2417/40 7094/2476/40
f 7097/2478/40 7100/2414/40 14507/2415/40
f 7097/2478/40 14507/2415/40 14508/2479/40
f 14509/2211/36 14510/2211/36 14511/2480/36
f 14509/2211/36 14511/2480/36 14512/2480/36
f 14513/485/39 14514/485/39 14515/2481/39
f 14513/485/39 14515/2481/39 14516/2481/39
f 14517/2300/764 14518/485/764 14519/2481/764
f 14517/2300/764 14519/2481/764 14520/2299/764
f 14521/2304/765 14522/2384/765 14523/110/765
f 14521/2304/765 14523/110/765 14524/2303/765
f 14525/421/1865 14526/442/1866 14527/443/1865
f 14525/421/1867 14527/443/1867 14528/396/1868
f 14529/2388/1869 14530/566/1869 14531/567/1869
f 14529/2388/1870 14531/567/1870 14532/2387/1870
f 14533/2307/1871 14534/395/1871 14535/396/1871
f 14533/2307/1872 14535/396/1872 14536/2308/1872
f 14537/2309/1873 14538/391/1874 14539/392/1873
f 14537/2309/1875 14539/392/1875 14540/2312/1876
f 14541/2385/1877 14542/363/1878 14543/364/1879
f 14541/2385/1880 14543/364/1881 14544/2386/1882
f 14545/2464/1883 14546/2098/1883 14547/2099/1883
f 14545/2464/1884 14547/2099/1884 14548/2111/1884
f 14549/2468/1885 14550/351/1885 14551/352/1885
f 14549/2468/1886 14551/352/1886 14552/2470/1886
f 14553/422/1887 14554/2383/1888 14555/442/1889
f 14553/422/1890 14555/442/1891 14556/421/1892
f 14557/445/771 14558/1919/771 14559/1920/771
f 14557/445/1893 14559/1920/1893 14560/1917/1893
f 14561/2463/1894 14562/304/1895 14563/305/1894
f 14561/2463/1896 14563/305/1896 14564/2329/1896
f 14565/2440/1768 14566/294/1768 14567/295/1768
f 14565/2440/1897 14567/295/1897 14568/2442/1897
f 14569/2347/1898 14570/284/1899 14571/285/1900
f 14569/2347/1901 14571/285/1902 14572/2349/1903
f 14573/2350/1904 14574/2436/1905 14575/2437/1906
f 14573/2350/1907 14575/2437/1908 14576/1903/1909
f 14577/457/1910 14578/2091/1910 14579/2092/1910
f 14577/457/1910 14579/2092/1910 14580/2462/1910
f 14581/459/1911 14582/2444/1911 14583/2445/1911
f 14581/459/1912 14583/2445/1912 14584/458/1912
f 14585/2341/1913 14586/453/1913 14587/454/1913
f 14585/2341/1914 14587/454/1914 14588/2344/1914
f 14589/462/1915 14590/2353/1916 14591/2355/1915
f 14589/462/1917 14591/2355/1917 14592/454/1916
f 14593/2465/1873 14594/194/1918 14595/195/1873
f 14593/2465/1919 14595/195/1919 14596/2466/1918
f 14597/2359/1920 14598/181/1921 14599/182/1922
f 14597/2359/1923 14599/182/1924 14600/2361/1878
f 14601/467/1925 14602/2352/1892 14603/2353/1889
f 14601/467/1926 14603/2353/1891 14604/462/1927
f 14605/2458/1928 14606/166/1928 14607/167/1928
f 14605/2458/1886 14607/167/1886 14608/2459/1886
f 14609/471/103 14610/2077/103 14611/2078/103
f 14609/471/1929 14611/2078/1929 14612/2083/1929
f 14613/2423/1930 14614/147/1930 14615/148/1930
f 14613/2423/1930 14615/148/1930 14616/2370/1930
f 14617/2422/1931 14618/1849/1931 14619/1850/1931
f 14617/2422/1931 14619/1850/1931 14620/1861/1931
f 14621/2456/1897 14622/129/1897 14623/130/1897
f 14621/2456/1897 14623/130/1897 14624/2375/1897
f 14625/2455/1893 14626/2066/1893 14627/2067/1893
f 14625/2455/1893 14627/2067/1893 14628/2073/1893
f 14629/2303/1897 14630/110/1897 14631/111/1897
f 14629/2303/1897 14631/111/1897 14632/2306/1897
f 14633/485/1932 14634/2300/1932 14635/2301/1932
f 14633/485/1893 14635/2301/1893 14636/484/1893
f 14637/494/1933 14638/2315/1909 14639/2316/1934
f 14637/494/1935 14639/2316/1908 14640/493/1909
f 14641/2313/1936 14642/424/1937 14643/425/1938
f 14641/2313/1939 14643/425/1940 14644/2314/1903
f 14645/2473/1941 14646/1022/1941 14647/1022/1941
f 14645/2473/1942 14647/1022/1942 14648/2389/1942
f 14649/1009/1943 14650/2141/1943 14651/2142/1943
f 14649/1009/1944 14651/2142/1944 14652/1010/1944
f 14653/493/1945 14654/1959/1945 14655/1960/1945
f 14653/493/1946 14655/1960/1946 14656/493/1946
f 14657/2452/1896 14658/425/1896 14659/425/1896
f 14657/2452/1947 14659/425/1947 14660/2395/1947
f 14661/2407/771 14662/1067/771 14663/1067/771
f 14661/2407/771 14663/1067/771 14664/2407/771
f 14665/493/771 14666/1101/771 14667/1102/771
f 14665/493/771 14667/1102/771 14668/493/771
f 14669/2399/1768 14670/425/1768 14671/1050/1768
f 14669/2399/1768 14671/1050/1768 14672/2402/1768
f 14673/2402/1948 14674/1050/1948 14675/1051/1948
f 14673/2402/1948 14675/1051/1948 14676/2401/1948
f 14677/1064/1949 14678/2398/1949 14679/2396/1949
f 14677/1064/1949 14679/2396/1949 14680/1063/1949
f 14681/1051/1768 14682/2403/1768 14683/2403/1768
f 14681/1051/1768 14683/2403/1768 14684/1051/1768
f 14685/2453/771 14686/1046/771 14687/1046/771
f 14685/2453/771 14687/1046/771 14688/2405/771
f 14689/2403/1768 14690/1109/1768 14691/1110/1768
f 14689/2403/1768 14691/1110/1768 14692/2403/1768
f 14693/1022/1950 14694/2147/1950 14695/2145/1950
f 14693/1022/1947 14695/2145/1947 14696/425/1947
f 14697/1101/1951 14698/1078/1951 14699/1009/1951
f 14697/1101/1946 14699/1009/1946 14700/2410/1946
f 14701/2399/1768 14702/425/1768 14703/425/1768
f 14701/2399/1768 14703/425/1768 14704/2399/1768
f 14705/493/771 14706/1101/771 14707/1101/771
f 14705/493/771 14707/1101/771 14708/493/771
f 14709/2412/1768 14710/1051/1768 14711/1051/1768
f 14709/2412/1768 14711/1051/1768 14712/2409/1768
f 14713/1067/771 14714/2037/771 14715/2037/771
f 14713/1067/771 14715/2037/771 14716/1067/771
f 14717/1063/1949 14718/2413/1949 14719/2416/1949
f 14717/1063/1949 14719/2416/1949 14720/1111/1949
f 14721/2409/1948 14722/1051/1948 14723/1128/1948
f 14721/2409/1948 14723/1128/1948 14724/2415/1948
f 14725/2413/771 14726/1063/771 14727/1063/771
f 14725/2413/771 14727/1063/771 14728/2413/771
f 14729/2412/1768 14730/1051/1768 14731/1051/1768
f 14729/2412/1768 14731/1051/1768 14732/2412/1768
f 14733/484/1893 14734/2301/1893 14735/2420/1893
f 14733/484/1893 14735/2420/1893 14736/1839/1893
f 14737/2306/1952 14738/112/1952 14739/1967/1952
f 14737/2306/1897 14739/1967/1897 14740/2427/1897
f 14741/477/1893 14742/2429/1893 14743/2430/1893
f 14741/477/1953 14743/2430/1953 14744/476/1953
f 14745/2378/1954 14746/1971/1954 14747/1972/1954
f 14745/2378/1930 14747/1972/1930 14748/2423/1930
f 14749/1861/1955 14750/2374/1955 14751/2372/1955
f 14749/1861/1956 14751/2372/1956 14752/1860/1956
f 14753/2370/1957 14754/149/1957 14755/1975/1957
f 14753/2370/1958 14755/1975/1958 14756/2369/1958
f 14757/1870/1959 14758/2434/1959 14759/2352/1959
f 14757/1870/1960 14759/2352/1960 14760/468/1960
f 14761/2356/1961 14762/1978/1961 14763/181/1961
f 14761/2356/1962 14763/181/1962 14764/2359/1962
f 14765/1903/1963 14766/245/1964 14767/242/1965
f 14765/1903/1966 14767/242/1967 14768/1902/1968
f 14769/2339/1969 14770/1981/1970 14771/1982/1971
f 14769/2339/1972 14771/1982/1973 14772/2338/1974
f 14773/1917/1893 14774/1920/1893 14775/2327/1893
f 14773/1917/1893 14775/2327/1893 14776/1916/1893
f 14777/446/1951 14778/2345/1951 14779/2447/1951
f 14777/446/1975 14779/2447/1975 14780/445/1975
f 14781/2467/1976 14782/1987/1976 14783/294/1976
f 14781/2467/1768 14783/294/1768 14784/2440/1768
f 14785/2335/1977 14786/295/1977 14787/1988/1977
f 14785/2335/1930 14787/1988/1930 14788/2334/1930
f 14789/1946/1978 14790/2322/1978 14791/2471/1978
f 14789/1946/1979 14791/2471/1979 14792/423/1979
f 14793/2317/1980 14794/1991/1981 14795/1992/1982
f 14793/2317/1983 14795/1992/1984 14796/2320/1985
f 14797/493/1986 14798/2472/1986 14799/1959/1986
f 14797/493/1987 14799/1959/1987 14800/493/1987
f 14801/493/1988 14802/2316/1988 14803/2419/1988
f 14801/493/1989 14803/2419/1989 14804/1078/1989
f 14805/2314/1990 14806/425/1991 14807/425/1992
f 14805/2314/1993 14807/425/1994 14808/2449/1991
f 14809/493/1946 14810/2393/1946 14811/2392/1946
f 14809/493/1995 14811/2392/1995 14812/493/1995
f 14813/2451/1996 14814/425/1996 14815/425/1996
f 14813/2451/1997 14815/425/1997 14816/2452/1997
f 14817/2395/1998 14818/425/1998 14819/425/1998
f 14817/2395/1947 14819/425/1947 14820/2394/1947
f 14821/2029/1768 14822/2404/1768 14823/2403/1768
f 14821/2029/1768 14823/2403/1768 14824/1051/1768
f 14825/2407/771 14826/1067/771 14827/1067/771
f 14825/2407/771 14827/1067/771 14828/2407/771
f 14829/493/771 14830/2454/771 14831/1101/771
f 14829/493/771 14831/1101/771 14832/493/771
f 14833/2402/1768 14834/425/1768 14835/425/1768
f 14833/2402/1768 14835/425/1768 14836/2399/1768
f 14837/1106/771 14838/2418/771 14839/2037/771
f 14837/1106/771 14839/2037/771 14840/1067/771
f 14841/2404/1768 14842/2039/1768 14843/1051/1768
f 14841/2404/1768 14843/1051/1768 14844/2412/1768
f 14845/481/1999 14846/2457/1999 14847/2066/1999
f 14845/481/2000 14847/2066/2000 14848/480/2000
f 14849/2427/2001 14850/2117/2001 14851/129/2001
f 14849/2427/2002 14851/129/2002 14852/2426/2002
f 14853/2072/2003 14854/2379/2003 14855/2380/2003
f 14853/2072/2004 14855/2380/2004 14856/2071/2004
f 14857/2375/2005 14858/130/2005 14859/2119/2005
f 14857/2375/2006 14859/2119/2006 14860/2378/2006
f 14861/472/2007 14862/2461/2007 14863/2460/2007
f 14861/472/2008 14863/2460/2008 14864/471/2008
f 14865/2433/2009 14866/2122/2009 14867/2123/2009
f 14865/2433/2010 14867/2123/2010 14868/2432/2010
f 14869/2083/2011 14870/2365/2011 14871/2366/2011
f 14869/2083/2012 14871/2366/2012 14872/2082/2012
f 14873/2362/2013 14874/168/2014 14875/2125/2015
f 14873/2362/2016 14875/2125/2017 14876/2364/2014
f 14877/456/2018 14878/242/2018 14879/2435/2018
f 14877/456/2019 14879/2435/2019 14880/455/2019
f 14881/2338/2020 14882/2127/2020 14883/306/2020
f 14881/2338/2021 14883/306/2021 14884/2439/2021
f 14885/437/2022 14886/2327/2022 14887/2448/2022
f 14885/437/2023 14887/2448/2023 14888/436/2023
f 14889/2102/2024 14890/2092/2024 14891/2345/2024
f 14889/2102/2025 14891/2345/2025 14892/2101/2025
f 14893/2329/2026 14894/2130/2026 14895/2131/2026
f 14893/2329/2027 14895/2131/2027 14896/2332/2027
f 14897/2334/2028 14898/2132/2029 14899/351/2030
f 14897/2334/2031 14899/351/2032 14900/2468/2033
f 14901/2110/2034 14902/2321/2035 14903/2322/2036
f 14901/2110/2037 14903/2322/2038 14904/2109/2039
f 14905/2324/2040 14906/353/2041 14907/2134/2042
f 14905/2324/2043 14907/2134/2044 14908/2326/2045
f 14909/1010/2046 14910/2142/2046 14911/2391/2046
f 14909/1010/2046 14911/2391/2046 14912/1009/2046
f 14913/1010/2047 14914/2419/2047 14915/2141/2047
f 14913/1010/2048 14915/2141/2048 14916/1009/2048
f 14917/2449/2049 14918/1050/2049 14919/1022/2049
f 14917/2449/2050 14919/1022/2050 14920/2450/2050
f 14921/1009/2051 14922/2411/2051 14923/2410/2051
f 14921/1009/2052 14923/2410/2052 14924/494/2052
f 14925/2389/2053 14926/1022/2053 14927/1022/2053
f 14925/2389/2053 14927/1022/2053 14928/2390/2053
f 14929/2394/2054 14930/1022/2054 14931/1022/2054
f 14929/2394/2055 14931/1022/2055 14932/2145/2055
f 14933/1109/2056 14934/2403/2056 14935/2404/2056
f 14933/1109/2056 14935/2404/2056 14936/1110/2056
f 14937/2405/2057 14938/1046/2057 14939/1067/2057
f 14937/2405/2057 14939/1067/2057 14940/2407/2057
f 14941/1009/2058 14942/1101/2058 14943/1101/2058
f 14941/1009/2059 14943/1101/2059 14944/1078/2059
f 14945/2147/2060 14946/1050/2060 14947/1022/2060
f 14945/2147/2061 14947/1022/2061 14948/2474/2061
f 14949/1046/1949 14950/2453/1949 14951/2453/1949
f 14949/1046/1949 14951/2453/1949 14952/2148/1949
f 14953/2403/1948 14954/1110/1948 14955/1109/1948
f 14953/2403/1948 14955/1109/1948 14956/2409/1948
f 14957/2181/50 14958/2475/50 14959/2476/50
f 14957/2181/50 14959/2476/50 14960/2482/50
f 14961/2480/73 14962/2478/73 14963/2479/73
f 14961/2480/73 14963/2479/73 14964/2211/73
f 14965/2182/1082 14966/2477/1082 14967/2475/1082
f 14965/2182/1082 14967/2475/1082 14968/2181/1082
f 14969/2415/1082 14970/1128/1082 14971/2211/1082
f 14969/2415/1082 14971/2211/1082 14972/2479/1082
f 14973/2482/35 14974/2482/35 14975/2181/35
f 14973/2482/35 14975/2181/35 14976/2181/35
f 14979/2483/40 14977/1132/40 14978/1131/40
f 14977/1132/40 14979/2483/40 14985/2484/40
f 14985/2484/40 14979/2483/40 14981/1079/40
f 14981/1079/40 14979/2483/40 14980/1080/40
f 14982/2485/40 14983/1090/40 14981/1079/40
f 14985/2484/40 14983/1090/40 14984/1089/40
f 14983/1090/40 14985/2484/40 14981/1079/40
f 14993/2483/40 14991/1079/40 14992/1080/40
f 14991/1079/40 14993/2483/40 14989/1090/40
f 14989/1090/40 14993/2483/40 14987/2484/40
f 14987/2484/40 14993/2483/40 14986/1132/40
f 14986/1132/40 14993/2483/40 14994/1131/40
f 14987/2484/40 14988/1089/40 14989/1090/40
f 14989/1090/40 14990/2485/40 14991/1079/40
