# Blender 5.1.2
# www.blender.org
mtllib smelter.mtl
o Smeltery_Foundation_Placeable_0
v 10.000000 0.000003 8.999999
v 10.000000 0.500003 8.999999
v 4.000000 0.500003 8.999999
v 4.000000 0.000003 8.999999
v 4.000000 -0.000003 -8.999999
v 10.000000 -0.000003 -8.999999
v 10.000000 0.000003 8.999999
v 4.000000 0.000003 8.999999
v 4.000000 0.499997 -8.999999
v 4.000000 -0.000003 -8.999999
v 3.000000 -0.000002 -7.000000
v 3.000000 0.499998 -7.000000
v 4.000000 -0.000003 -8.999999
v 4.000000 0.499997 -8.999999
v 10.000000 0.499997 -8.999999
v 10.000000 -0.000003 -8.999999
v 9.500000 0.999997 -8.445014
v 4.000000 0.999997 -8.442815
v 4.000000 1.000003 8.442815
v 9.500000 1.000003 8.445014
v 3.000000 0.499998 -7.000000
v 3.000000 -0.000002 -7.000000
v 0.000000 -0.000002 -7.000000
v 0.000000 0.499998 -7.000000
v 4.000000 1.000003 8.442815
v 4.000000 0.999997 -8.442815
v 3.000000 0.999998 -6.442815
v 3.000000 1.000002 6.442814
v 3.000000 0.000002 7.000000
v 3.000000 -0.000002 -7.000000
v 4.000000 0.000003 8.999999
v 4.000000 0.500003 8.999999
v 3.000000 0.500002 7.000000
v 3.000000 0.000002 7.000000
v 3.000000 1.000002 6.442814
v 3.000000 0.999998 -6.442815
v 0.000000 0.999998 -6.445015
v 0.000000 1.000002 6.445014
v 0.000000 0.000002 7.000000
v 0.000000 -0.000002 -7.000000
v 3.000000 0.000002 7.000000
v 3.000000 0.500002 7.000000
v 0.000000 0.500002 7.000000
v 0.000000 0.000002 7.000000
v 9.500000 1.000003 8.445014
v 4.000000 1.000003 8.442815
v 4.000000 0.500003 8.999999
v 10.000000 0.500003 8.999999
v 9.500000 0.999997 -8.445014
v 9.500000 1.000003 8.445014
v 10.000000 0.500003 8.999999
v 10.000000 0.499997 -8.999999
v 4.000000 0.999997 -8.442815
v 9.500000 0.999997 -8.445014
v 10.000000 0.499997 -8.999999
v 4.000000 0.499997 -8.999999
v 4.000000 1.000003 8.442815
v 3.000000 1.000002 6.442814
v 3.000000 0.500002 7.000000
v 4.000000 0.500003 8.999999
v 3.000000 0.999998 -6.442815
v 4.000000 0.999997 -8.442815
v 4.000000 0.499997 -8.999999
v 3.000000 0.499998 -7.000000
v 3.000000 1.000002 6.442814
v 0.000000 1.000002 6.445014
v 0.000000 0.500002 7.000000
v 3.000000 0.500002 7.000000
v 0.000000 0.999998 -6.445015
v 3.000000 0.999998 -6.442815
v 3.000000 0.499998 -7.000000
v 0.000000 0.499998 -7.000000
v 10.000000 -0.000003 -8.999999
v 10.000000 0.499997 -8.999999
v 10.000000 0.500003 8.999999
v 10.000000 0.000003 8.999999
v -10.000000 0.000003 8.999999
v -4.000000 0.000003 8.999999
v -4.000000 0.500003 8.999999
v -10.000000 0.500003 8.999999
v -4.000000 -0.000003 -8.999999
v -4.000000 0.000003 8.999999
v -10.000000 0.000003 8.999999
v -10.000000 -0.000003 -8.999999
v -4.000000 0.499997 -8.999999
v -3.000000 0.499998 -7.000000
v -3.000000 -0.000002 -7.000000
v -4.000000 -0.000003 -8.999999
v -4.000000 -0.000003 -8.999999
v -10.000000 -0.000003 -8.999999
v -10.000000 0.499997 -8.999999
v -4.000000 0.499997 -8.999999
v -9.500000 0.999997 -8.445014
v -9.500000 1.000003 8.445014
v -4.000000 1.000003 8.442815
v -4.000000 0.999997 -8.442815
v -3.000000 0.499998 -7.000000
v -3.000000 -0.000002 -7.000000
v -4.000000 1.000003 8.442815
v -3.000000 1.000002 6.442814
v -3.000000 0.999998 -6.442815
v -4.000000 0.999997 -8.442815
v -3.000000 -0.000002 -7.000000
v -3.000000 0.000002 7.000000
v -4.000000 0.000003 8.999999
v -3.000000 0.000002 7.000000
v -3.000000 0.500002 7.000000
v -4.000000 0.500003 8.999999
v -3.000000 1.000002 6.442814
v 0.000000 1.000002 6.445014
v 0.000000 0.999998 -6.445015
v -3.000000 0.999998 -6.442815
v -3.000000 0.000002 7.000000
v -3.000000 0.500002 7.000000
v -9.500000 1.000003 8.445014
v -10.000000 0.500003 8.999999
v -4.000000 0.500003 8.999999
v -4.000000 1.000003 8.442815
v -9.500000 0.999997 -8.445014
v -10.000000 0.499997 -8.999999
v -10.000000 0.500003 8.999999
v -9.500000 1.000003 8.445014
v -4.000000 0.999997 -8.442815
v -4.000000 0.499997 -8.999999
v -10.000000 0.499997 -8.999999
v -9.500000 0.999997 -8.445014
v -4.000000 1.000003 8.442815
v -4.000000 0.500003 8.999999
v -3.000000 0.500002 7.000000
v -3.000000 1.000002 6.442814
v -3.000000 0.999998 -6.442815
v -3.000000 0.499998 -7.000000
v -4.000000 0.499997 -8.999999
v -4.000000 0.999997 -8.442815
v -3.000000 1.000002 6.442814
v -3.000000 0.500002 7.000000
v 0.000000 0.500002 7.000000
v 0.000000 1.000002 6.445014
v 0.000000 0.999998 -6.445015
v 0.000000 0.499998 -7.000000
v -3.000000 0.499998 -7.000000
v -3.000000 0.999998 -6.442815
v -10.000000 -0.000003 -8.999999
v -10.000000 0.000003 8.999999
v -10.000000 0.500003 8.999999
v -10.000000 0.499997 -8.999999
vn -0.0000 -0.0000 1.0000
vn -0.0000 -1.0000 -0.0000
vn -0.8944 -0.0000 -0.4472
vn -0.0000 -0.0000 -1.0000
vn -0.0000 1.0000 -0.0000
vn -0.8944 -0.0000 0.4472
vn 0.0002 0.7448 0.6673
vn -0.0001 0.7436 0.6686
vn -0.0001 0.7437 0.6685
vn -0.0002 0.7435 0.6687
vn -0.0003 0.7424 0.6700
vn -0.0001 0.7435 0.6687
vn 0.7071 0.7071 -0.0000
vn 0.0006 0.7427 -0.6697
vn -0.0001 0.7435 -0.6688
vn -0.0001 0.7434 -0.6688
vn -0.0001 0.7437 -0.6685
vn -0.0005 0.7447 -0.6674
vn -0.0001 0.7436 -0.6686
vn -0.8005 0.4460 0.4003
vn -0.8005 0.4460 -0.4003
vn -0.0001 0.7427 0.6696
vn 0.0003 0.7435 0.6687
vn 0.0003 0.7433 0.6689
vn 0.0002 0.7438 0.6684
vn 0.0005 0.7445 0.6677
vn 0.0002 0.7436 0.6686
vn 0.0004 0.7447 -0.6674
vn 0.0003 0.7437 -0.6685
vn 0.0002 0.7439 -0.6683
vn 0.0003 0.7434 -0.6689
vn 0.0001 0.7425 -0.6698
vn 0.0002 0.7436 -0.6687
vn 1.0000 -0.0000 -0.0000
vn 0.8944 -0.0000 -0.4472
vn 0.8944 -0.0000 0.4472
vn 0.0002 0.7435 0.6687
vn 0.0001 0.7435 0.6687
vn 0.0003 0.7424 0.6700
vn -0.0002 0.7448 0.6673
vn 0.0001 0.7437 0.6685
vn 0.0001 0.7436 0.6686
vn -0.7071 0.7071 -0.0000
vn 0.0001 0.7437 -0.6685
vn 0.0001 0.7436 -0.6686
vn 0.0005 0.7447 -0.6674
vn -0.0006 0.7427 -0.6697
vn 0.0001 0.7434 -0.6688
vn 0.0001 0.7436 -0.6687
vn 0.8005 0.4460 0.4003
vn 0.8005 0.4460 -0.4003
vn -0.0002 0.7438 0.6684
vn -0.0002 0.7436 0.6686
vn -0.0005 0.7445 0.6677
vn 0.0001 0.7427 0.6696
vn -0.0003 0.7433 0.6689
vn -0.0003 0.7435 0.6687
vn -0.0003 0.7434 -0.6689
vn -0.0002 0.7436 -0.6687
vn -0.0001 0.7425 -0.6698
vn -0.0004 0.7447 -0.6674
vn -0.0002 0.7439 -0.6683
vn -0.0003 0.7437 -0.6685
vn -1.0000 -0.0000 -0.0000
vt 0.482955 0.207686
vt 0.485227 0.207686
vt 0.485227 0.179114
vt 0.482955 0.179114
vt 0.405682 0.237500
vt 0.432955 0.237500
vt 0.432955 0.151786
vt 0.405682 0.151786
vt 0.485227 0.224723
vt 0.487500 0.224723
vt 0.487500 0.214074
vt 0.485227 0.214074
vt 0.485227 0.237500
vt 0.487500 0.237500
vt 0.476136 0.154429
vt 0.451136 0.154439
vt 0.451136 0.234847
vt 0.476136 0.234857
vt 0.487500 0.207686
vt 0.451136 0.234847
vt 0.451136 0.154439
vt 0.446591 0.163963
vt 0.446591 0.225323
vt 0.401136 0.161310
vt 0.401136 0.227976
vt 0.392045 0.151786
vt 0.394318 0.151786
vt 0.394318 0.145397
vt 0.392045 0.145397
vt 0.432955 0.163952
vt 0.432955 0.225333
vt 0.387500 0.161310
vt 0.387500 0.227976
vt 0.387500 0.151786
vt 0.389773 0.151786
vt 0.389773 0.137500
vt 0.387500 0.137500
vt 0.451136 0.237500
vt 0.478409 0.237500
vt 0.480682 0.237500
vt 0.480682 0.151786
vt 0.478409 0.151786
vt 0.451136 0.151786
vt 0.446591 0.227976
vt 0.446591 0.161310
vt 0.432955 0.227976
vt 0.432955 0.161310
vt 0.482955 0.151786
vt 0.482955 0.237500
s 0
usemtl Placeable
f 1/1/1 2/2/1 3/3/1
f 1/1/1 3/3/1 4/4/1
f 5/5/2 6/6/2 7/7/2
f 5/5/2 7/7/2 8/8/2
f 9/9/3 10/10/3 11/11/3
f 9/9/3 11/11/3 12/12/3
f 13/10/4 14/9/4 15/13/4
f 13/10/4 15/13/4 16/14/4
f 17/15/5 18/16/5 19/17/5
f 17/15/5 19/17/5 20/18/5
f 21/12/4 22/11/4 23/19/4
f 21/12/4 23/19/4 24/2/4
f 25/20/5 26/21/5 27/22/5
f 25/20/5 27/22/5 28/23/5
f 5/5/2 8/8/2 29/24/2
f 5/5/2 29/24/2 30/25/2
f 31/26/6 32/27/6 33/28/6
f 31/26/6 33/28/6 34/29/6
f 35/23/5 36/22/5 37/30/5
f 35/23/5 37/30/5 38/31/5
f 30/25/2 29/24/2 39/32/2
f 30/25/2 39/32/2 40/33/2
f 41/34/1 42/35/1 43/36/1
f 41/34/1 43/36/1 44/37/1
f 45/18/7 46/17/8 47/38/9
f 45/18/10 47/38/11 48/39/12
f 49/15/13 50/18/13 51/40/13
f 49/15/13 51/40/13 52/41/13
f 53/16/14 54/15/15 55/42/16
f 53/16/17 55/42/18 56/43/19
f 57/20/20 58/23/20 59/44/20
f 57/20/20 59/44/20 60/38/20
f 61/22/21 62/21/21 63/43/21
f 61/22/21 63/43/21 64/45/21
f 65/23/22 66/31/23 67/46/24
f 65/23/25 67/46/26 68/44/27
f 69/30/28 70/22/29 71/45/30
f 69/30/31 71/45/32 72/47/33
f 73/48/34 74/41/34 75/40/34
f 73/48/34 75/40/34 76/49/34
f 77/1/1 78/4/1 79/3/1
f 77/1/1 79/3/1 80/2/1
f 81/5/2 82/8/2 83/7/2
f 81/5/2 83/7/2 84/6/2
f 85/9/35 86/12/35 87/11/35
f 85/9/35 87/11/35 88/10/35
f 89/10/4 90/14/4 91/13/4
f 89/10/4 91/13/4 92/9/4
f 93/15/5 94/18/5 95/17/5
f 93/15/5 95/17/5 96/16/5
f 97/12/4 24/2/4 23/19/4
f 97/12/4 23/19/4 98/11/4
f 99/20/5 100/23/5 101/22/5
f 99/20/5 101/22/5 102/21/5
f 81/5/2 103/25/2 104/24/2
f 81/5/2 104/24/2 82/8/2
f 105/26/36 106/29/36 107/28/36
f 105/26/36 107/28/36 108/27/36
f 109/23/5 110/31/5 111/30/5
f 109/23/5 111/30/5 112/22/5
f 103/25/2 40/33/2 39/32/2
f 103/25/2 39/32/2 104/24/2
f 113/34/1 44/37/1 43/36/1
f 113/34/1 43/36/1 114/35/1
f 115/18/37 116/39/38 117/38/39
f 115/18/40 117/38/41 118/17/42
f 119/15/43 120/41/43 121/40/43
f 119/15/43 121/40/43 122/18/43
f 123/16/44 124/43/45 125/42/46
f 123/16/47 125/42/48 126/15/49
f 127/20/50 128/38/50 129/44/50
f 127/20/50 129/44/50 130/23/50
f 131/22/51 132/45/51 133/43/51
f 131/22/51 133/43/51 134/21/51
f 135/23/52 136/44/53 137/46/54
f 135/23/55 137/46/56 138/31/57
f 139/30/58 140/47/59 141/45/60
f 139/30/61 141/45/62 142/22/63
f 143/48/64 144/49/64 145/40/64
f 143/48/64 145/40/64 146/41/64
o Smeltery_Body_Placeable_0
v 1.440983 4.750001 5.999998
v 1.000000 4.750001 5.999998
v 1.000000 4.750001 6.220490
v 1.000000 4.000001 5.999998
v 2.000000 4.000001 5.999998
v 1.000000 4.000002 6.499998
v 9.853554 0.999999 -3.313113
v 8.853554 0.999999 -3.313113
v 9.853554 0.499999 -3.313113
v 8.853554 1.000001 3.313113
v 9.853554 1.000001 3.313113
v 9.853554 0.500001 3.313113
v 9.853554 1.000001 2.186886
v 8.853554 1.000001 2.186886
v 9.853554 0.500001 2.186886
v 9.986625 1.000002 5.614875
v 8.762865 1.000002 7.925324
v 9.986625 0.500002 5.614876
v 8.853554 0.999999 -2.186887
v 9.853554 0.999999 -2.186887
v 9.853554 0.499999 -2.186887
v 8.762865 0.999998 -7.925325
v 9.986625 0.999998 -5.614876
v 9.986625 0.499998 -5.614876
v -1.440983 4.750001 5.999998
v -1.000000 4.750001 6.220490
v -1.000000 4.750001 5.999998
v -1.000000 4.000001 5.999998
v -1.000000 4.000002 6.499998
v -2.000000 4.000001 5.999998
v -9.853554 0.999999 -3.313113
v -9.853554 0.499999 -3.313113
v -8.853554 0.999999 -3.313113
v -8.853554 1.000001 3.313113
v -9.853554 0.500001 3.313113
v -9.853554 1.000001 3.313113
v -9.853554 1.000001 2.186886
v -9.853554 0.500001 2.186886
v -8.853554 1.000001 2.186886
v -9.986625 1.000002 5.614875
v -9.986625 0.500002 5.614876
v -8.762865 1.000002 7.925324
v -8.853554 0.999999 -2.186887
v -9.853554 0.499999 -2.186887
v -9.853554 0.999999 -2.186887
v -8.762865 0.999998 -7.925325
v -9.986625 0.499998 -5.614876
v -9.986625 0.999998 -5.614876
v 5.388196 4.250002 7.276392
v 4.611804 4.250001 5.723605
v 4.612940 2.500001 5.725879
v 5.386617 2.500002 7.273233
v 8.713953 5.250001 5.440919
v 8.713953 5.250000 3.916665
v 7.218917 5.250000 3.916665
v 7.256240 5.250001 5.814901
v 8.246388 2.500002 7.499999
v 8.250000 4.250002 7.499998
v 7.250000 4.250002 7.499998
v 7.250060 2.500002 7.499999
v 7.256240 5.249998 -5.814904
v 8.713953 5.249998 -5.440922
v 8.058642 5.249998 -6.750001
v 7.000000 5.249998 -6.750001
v 9.500000 2.500001 3.923366
v 9.500000 4.250000 3.916665
v 9.500000 4.250001 5.249998
v 9.500000 2.500001 5.249194
v 8.613395 2.500002 7.273210
v 9.387890 2.500001 5.724218
v 9.388197 4.250001 5.723605
v 8.611803 4.250002 7.276392
v 4.246456 2.499998 -5.500000
v 2.250028 2.499998 -5.500000
v 2.250000 4.249998 -5.500001
v 4.250000 4.249998 -5.500001
v 5.753612 2.499997 -7.500000
v 5.750000 4.249997 -7.500001
v 6.750000 4.249997 -7.500001
v 6.749940 2.499997 -7.500000
v 4.611804 4.249998 -5.723608
v 5.388196 4.249997 -7.276394
v 5.386619 2.499998 -7.273238
v 4.613381 2.499998 -5.726763
v 9.500000 2.499999 -3.923367
v 9.500000 2.499998 -5.249196
v 9.500000 4.249998 -5.250001
v 9.500000 4.249999 -3.916667
v 8.613395 2.499998 -7.273212
v 8.611803 4.249997 -7.276394
v 9.388197 4.249998 -5.723608
v 9.387890 2.499998 -5.724220
v 7.000000 5.250001 6.749998
v 8.058642 5.250001 6.749998
v 8.246388 2.499997 -7.500000
v 7.250060 2.499997 -7.500000
v 7.250000 4.249997 -7.500001
v 8.250000 4.249997 -7.500001
v 5.753612 2.500002 7.499999
v 6.749940 2.500002 7.499999
v 6.750000 4.250002 7.499998
v 5.750000 4.250002 7.499998
v 5.269254 5.250001 5.361455
v 5.963526 5.250001 6.749998
v 1.750000 2.499998 -5.500000
v 0.250000 2.499998 -5.500000
v 0.250000 4.249998 -5.500001
v 1.750000 4.249998 -5.500001
v 7.218917 5.250000 1.583332
v 8.713953 5.250000 1.583332
v 8.713953 5.249999 -1.583335
v 7.218917 5.249999 -1.583335
v 2.250000 4.250001 5.499998
v 2.000000 4.500001 5.499998
v 2.000000 4.500001 5.999998
v 2.250000 4.250001 5.999998
v 0.000000 3.353554 4.994973
v 1.377124 3.377125 5.018543
v 1.528596 3.528597 5.170015
v 0.000000 3.505027 5.146445
v 1.353554 2.212133 4.994974
v 1.353553 1.000001 4.994974
v 1.505025 1.000002 5.146446
v 1.505025 2.287869 5.146446
v 0.000000 3.000001 3.999999
v 1.000000 3.000001 3.999999
v 1.000000 3.000001 4.499999
v 0.000000 3.000001 4.499999
v 1.000000 2.000001 3.999999
v 1.000000 1.000001 4.000000
v 1.000000 1.000001 4.499999
v 1.000000 2.000001 4.499999
v 5.269254 5.249998 -5.361458
v 5.963526 5.249998 -6.750001
v 2.000000 4.500001 5.499998
v 4.500000 4.500001 5.499998
v 4.809017 5.000001 4.999998
v 2.000000 5.000001 4.999998
v 9.500000 4.499999 -3.666668
v 9.500000 4.499998 -5.500001
v 8.963953 4.999998 -5.500001
v 8.963953 4.999999 -3.666668
v 7.000000 4.500002 7.499998
v 8.500000 4.500002 7.499998
v 8.213070 5.000001 6.999998
v 7.000000 5.000001 6.999998
v 8.500000 4.500002 7.499998
v 9.500000 4.500001 5.499998
v 8.963953 5.000001 5.499998
v 8.213070 5.000001 6.999998
v 4.500000 4.500001 5.499998
v 5.500000 4.500002 7.499998
v 5.809017 5.000001 6.999998
v 4.809017 5.000001 4.999998
v 7.000000 4.499997 -7.500001
v 5.500000 4.499997 -7.500001
v 5.809017 4.999998 -7.000001
v 7.000000 4.999998 -7.000001
v 5.500000 4.499997 -7.500001
v 4.500000 4.499998 -5.500001
v 4.809017 4.999998 -5.000001
v 5.809017 4.999998 -7.000001
v 9.500000 4.499998 -5.500001
v 8.500000 4.499997 -7.500001
v 8.213070 4.999998 -7.000001
v 8.963953 4.999998 -5.500001
v 4.500000 4.499998 -5.500001
v 2.000000 4.499998 -5.500001
v 2.000000 4.999998 -5.000001
v 4.809017 4.999998 -5.000001
v 0.000000 4.499998 -5.500001
v 0.000000 4.999998 -5.000001
v 5.500000 4.500002 7.499998
v 5.809017 5.000001 6.999998
v 8.500000 4.499997 -7.500001
v 8.213070 4.999998 -7.000001
v 5.559017 5.249998 -4.401875
v 5.559017 5.250001 4.401873
v 6.231280 5.250001 4.555288
v 6.231280 5.249998 -4.555291
v 6.963953 5.000000 3.666665
v 8.963953 5.000000 3.666665
v 9.500000 4.500000 3.666665
v 8.500000 4.500000 3.666665
v 8.000000 4.136933 2.333332
v 8.000000 4.136934 3.166665
v 8.000000 3.000001 3.166665
v 8.000000 3.000000 2.333332
v 9.500000 4.499999 -3.666668
v 8.963953 4.999999 -3.666668
v 6.963953 4.999999 -3.666668
v 8.500000 4.499999 -3.666668
v 0.000000 4.999998 -5.000001
v 0.000000 5.000001 4.999998
v 2.000000 5.000001 4.999998
v 2.000000 4.999998 -5.000001
v 4.809017 5.000001 4.999998
v 4.809017 4.999998 -5.000001
v 9.500000 2.500000 0.250153
v 9.500000 4.250000 0.249999
v 9.500000 4.250000 1.583332
v 9.500000 2.500000 1.576575
v 9.500000 2.499999 -1.576577
v 9.500000 4.249999 -1.583335
v 9.500000 4.250000 -0.250001
v 9.500000 2.500000 -0.250154
v 9.243505 2.499999 -3.666667
v 9.250000 4.249999 -3.666667
v 8.750000 4.249999 -3.666667
v 8.756495 2.499999 -3.666667
v 8.963953 4.999999 -1.833335
v 9.500000 4.499999 -1.833335
v 8.500000 4.499999 -1.833335
v 6.963953 4.999999 -1.833335
v 7.218917 5.249999 -3.916668
v 8.713953 5.249999 -3.916668
v 8.000000 4.136934 3.166665
v 8.000000 4.136933 2.333332
v 7.284636 4.369792 2.333332
v 7.284636 4.369792 3.166665
v 8.000000 4.136932 -2.333334
v 8.000000 4.136932 -3.166667
v 7.284636 4.369790 -3.166668
v 7.284636 4.369791 -2.333334
v 8.000000 4.136932 -3.166667
v 8.000000 4.136932 -2.333334
v 8.000000 2.999999 -2.333334
v 8.000000 2.999999 -3.166667
v 9.243505 2.499999 -1.833334
v 8.756495 2.499999 -1.833334
v 8.750000 4.249999 -1.833335
v 9.250000 4.249999 -1.833335
v 9.243505 2.500000 1.833332
v 9.250000 4.250000 1.833332
v 8.750000 4.250000 1.833332
v 8.756495 2.500000 1.833332
v 8.250000 4.250002 7.499998
v 8.246388 2.500002 7.499999
v 8.500000 2.500002 7.499999
v 8.500000 4.500002 7.499998
v 8.963953 5.000000 3.666665
v 8.963953 5.000001 5.499998
v 9.500000 4.500001 5.499998
v 9.500000 4.500000 3.666665
v 9.243505 2.500001 3.666666
v 8.756495 2.500001 3.666666
v 8.750000 4.250000 3.666665
v 9.250000 4.250000 3.666665
v 9.500000 4.500000 1.833332
v 8.963953 5.000000 1.833332
v 6.963953 5.000000 1.833332
v 8.500000 4.500000 1.833332
v 1.000000 3.000001 3.999999
v 1.000000 2.000001 3.999999
v 1.000000 2.000001 4.499999
v 1.000000 3.000001 4.499999
v 1.377124 3.377125 5.018543
v 1.353554 2.212133 4.994974
v 1.505025 2.287869 5.146446
v 1.528596 3.528597 5.170015
v 2.250000 1.250002 5.499999
v 3.819810 1.250002 5.499999
v 4.236477 2.500001 5.499999
v 2.250000 2.500001 5.499999
v 9.500000 2.499999 -1.576577
v 9.500000 2.500000 -0.250154
v 9.920919 1.242257 -0.250209
v 9.796307 1.237683 -1.873987
v 8.500000 2.499999 -3.666667
v 8.500000 2.499999 -1.833334
v 8.853554 0.999999 -2.186887
v 8.853554 0.999999 -3.313113
v 8.756495 2.500001 3.666666
v 9.243505 2.500001 3.666666
v 9.539705 1.243333 3.370466
v 9.052694 1.243333 3.370466
v 8.500000 2.500000 1.833332
v 8.500000 2.500001 3.666666
v 8.853554 1.000001 3.313113
v 8.853554 1.000001 2.186886
v 8.756495 2.499999 -1.833334
v 9.243505 2.499999 -1.833334
v 9.539705 1.243331 -2.129533
v 9.052694 1.243331 -2.129533
v 9.500000 2.500000 0.250153
v 9.500000 2.500000 1.576575
v 9.796307 1.237684 1.873986
v 9.920919 1.242257 0.250208
v 9.500000 2.500001 3.923366
v 9.500000 2.500001 5.249194
v 9.909446 1.242412 5.345492
v 9.796220 1.238511 3.626133
v 9.243505 2.499999 -3.666667
v 8.756495 2.499999 -3.666667
v 9.052694 1.243331 -3.370467
v 9.539705 1.243331 -3.370467
v 6.749940 2.500002 7.499999
v 5.753612 2.500002 7.499999
v 5.532279 1.237154 7.858456
v 6.749945 1.240158 7.919721
v 7.250060 2.499997 -7.500000
v 8.246388 2.499997 -7.500000
v 8.467721 1.237149 -7.858457
v 7.250055 1.240153 -7.919722
v 0.250000 2.499998 -5.500000
v 1.750000 2.499998 -5.500000
v 1.750000 1.237169 -5.920943
v 0.250000 1.237169 -5.920943
v 2.250028 2.499998 -5.500000
v 4.246456 2.499998 -5.500000
v 4.025369 1.237950 -5.855598
v 2.250062 1.240232 -5.922292
v 4.613381 2.499998 -5.726763
v 5.386619 2.499998 -7.273238
v 5.165903 1.240516 -7.630364
v 4.392665 1.240516 -6.083889
v 5.753612 2.499997 -7.500000
v 6.749940 2.499997 -7.500000
v 6.749945 1.240153 -7.919722
v 5.532279 1.237149 -7.858457
v 5.386617 2.500002 7.273233
v 4.612940 2.500001 5.725879
v 4.192625 1.240332 5.726073
v 5.166168 1.239764 7.630348
v 9.500000 2.499998 -5.249196
v 9.500000 2.499999 -3.923367
v 9.796220 1.238509 -3.626134
v 9.909446 1.242409 -5.345493
v 9.387890 2.500001 5.724218
v 8.613395 2.500002 7.273210
v 8.833391 1.238269 7.630332
v 9.797882 1.239969 5.821310
v 8.613395 2.499998 -7.273212
v 9.387890 2.499998 -5.724220
v 9.797882 1.239966 -5.821311
v 8.833391 1.238264 -7.630332
v 8.246388 2.500002 7.499999
v 7.250060 2.500002 7.499999
v 7.250055 1.240158 7.919721
v 8.467721 1.237154 7.858456
v 9.243505 2.500000 1.833332
v 8.756495 2.500000 1.833332
v 9.052694 1.243333 2.129532
v 9.539705 1.243333 2.129532
v 7.218917 5.249999 -3.916668
v 7.256240 5.249998 -5.814904
v 7.000000 4.999998 -5.500001
v 6.963953 4.999999 -3.666668
v 8.058642 5.250001 6.749998
v 7.000000 5.250001 6.749998
v 7.000000 5.000001 6.999998
v 8.213070 5.000001 6.999998
v 8.713953 5.250001 5.440919
v 8.058642 5.250001 6.749998
v 8.213070 5.000001 6.999998
v 8.963953 5.000001 5.499998
v 5.963526 5.250001 6.749998
v 5.269254 5.250001 5.361455
v 4.809017 5.000001 4.999998
v 5.809017 5.000001 6.999998
v 5.963526 5.249998 -6.750001
v 7.000000 5.249998 -6.750001
v 7.000000 4.999998 -7.000001
v 5.809017 4.999998 -7.000001
v 5.269254 5.249998 -5.361458
v 5.963526 5.249998 -6.750001
v 5.809017 4.999998 -7.000001
v 4.809017 4.999998 -5.000001
v 8.058642 5.249998 -6.750001
v 8.713953 5.249998 -5.440922
v 8.963953 4.999998 -5.500001
v 8.213070 4.999998 -7.000001
v 7.000000 5.250001 6.749998
v 5.963526 5.250001 6.749998
v 5.809017 5.000001 6.999998
v 7.000000 5.000001 6.999998
v 7.000000 5.249998 -6.750001
v 8.058642 5.249998 -6.750001
v 8.213070 4.999998 -7.000001
v 7.000000 4.999998 -7.000001
v 7.256240 5.249998 -5.814904
v 5.269254 5.249998 -5.361458
v 4.809017 4.999998 -5.000001
v 7.000000 4.999998 -5.500001
v 5.269254 5.250001 5.361455
v 7.256240 5.250001 5.814901
v 7.000000 5.000001 5.499998
v 4.809017 5.000001 4.999998
v 7.256240 5.250001 5.814901
v 7.218917 5.250000 3.916665
v 6.963953 5.000000 3.666665
v 7.000000 5.000001 5.499998
v 8.713953 5.249999 -1.583335
v 8.713953 5.250000 1.583332
v 8.963953 5.000000 1.833332
v 8.963953 4.999999 -1.833335
v 8.713953 5.249998 -5.440922
v 8.713953 5.249999 -3.916668
v 8.963953 4.999999 -3.666668
v 8.963953 4.999998 -5.500001
v 8.713953 5.249999 -3.916668
v 7.218917 5.249999 -3.916668
v 6.963953 4.999999 -3.666668
v 8.963953 4.999999 -3.666668
v 7.218917 5.249999 -1.583335
v 8.713953 5.249999 -1.583335
v 8.963953 4.999999 -1.833335
v 6.963953 4.999999 -1.833335
v 8.713953 5.250000 1.583332
v 7.218917 5.250000 1.583332
v 6.963953 5.000000 1.833332
v 8.963953 5.000000 1.833332
v 8.713953 5.250000 3.916665
v 8.713953 5.250001 5.440919
v 8.963953 5.000001 5.499998
v 8.963953 5.000000 3.666665
v 7.218917 5.250000 3.916665
v 8.713953 5.250000 3.916665
v 8.963953 5.000000 3.666665
v 6.963953 5.000000 3.666665
v 1.646447 3.646448 5.146445
v 1.646447 2.323225 5.146446
v 2.000000 2.500001 5.499999
v 2.000000 4.000001 5.499998
v 1.353554 3.353554 4.853552
v 0.000000 3.353554 4.853552
v 0.000000 3.000001 4.499999
v 1.000000 3.000001 4.499999
v 1.353554 2.176778 4.853552
v 1.353554 3.353554 4.853552
v 1.000000 3.000001 4.499999
v 1.000000 2.000001 4.499999
v 1.646447 1.000002 5.146446
v 2.000000 1.000002 5.499999
v 1.353553 1.000001 4.853552
v 1.353554 2.176778 4.853552
v 1.000000 2.000001 4.499999
v 1.000000 1.000001 4.499999
v 0.000000 3.505027 5.146445
v 1.528596 3.528597 5.170015
v 1.646447 3.646448 5.146445
v 0.000000 3.646448 5.146445
v 1.528596 3.528597 5.170015
v 1.505025 2.287869 5.146446
v 1.646447 2.323225 5.146446
v 1.646447 3.646448 5.146445
v 1.377124 3.377125 5.018543
v 0.000000 3.353554 4.994973
v 0.000000 3.353554 4.853552
v 1.353554 3.353554 4.853552
v 1.353554 2.212133 4.994974
v 1.377124 3.377125 5.018543
v 1.353554 3.353554 4.853552
v 1.353554 2.176778 4.853552
v 1.505025 2.287869 5.146446
v 1.505025 1.000002 5.146446
v 1.646447 1.000002 5.146446
v 1.646447 2.323225 5.146446
v 1.353553 1.000001 4.994974
v 1.353554 2.212133 4.994974
v 1.353554 2.176778 4.853552
v 1.353553 1.000001 4.853552
v 5.309017 4.999998 -4.601251
v 6.487520 4.999998 -4.870194
v 7.000000 4.999998 -5.500001
v 6.487520 5.000001 4.870192
v 5.309017 5.000001 4.601248
v 7.000000 5.000001 5.499998
v 5.559017 5.249998 -4.401875
v 6.231280 5.249998 -4.555291
v 6.487520 4.999998 -4.870194
v 5.309017 4.999998 -4.601251
v 6.231280 5.250001 4.555288
v 5.559017 5.250001 4.401873
v 5.309017 5.000001 4.601248
v 6.487520 5.000001 4.870192
v 6.231280 5.250001 4.555288
v 6.487520 5.000001 4.870192
v 6.487520 4.999998 -4.870194
v 6.231280 5.249998 -4.555291
v 5.559017 5.249998 -4.401875
v 5.309017 4.999998 -4.601251
v 5.309017 5.000001 4.601248
v 5.559017 5.250001 4.401873
v 8.246388 2.499997 -7.500000
v 8.250000 4.249997 -7.500001
v 8.500000 4.499997 -7.500001
v 8.500000 2.499997 -7.500000
v 8.467721 1.237149 -7.858457
v 8.246388 2.499997 -7.500000
v 8.500000 2.499997 -7.500000
v 8.762865 0.999998 -7.925325
v 9.500000 2.500001 5.249194
v 9.500000 4.250001 5.249998
v 9.500000 4.500001 5.499998
v 9.500000 2.500001 5.499999
v 5.386619 2.499998 -7.273238
v 5.388196 4.249997 -7.276394
v 5.500000 4.499997 -7.500001
v 5.500000 2.499997 -7.500000
v 1.750000 2.499998 -5.500000
v 1.750000 4.249998 -5.500001
v 2.000000 4.499998 -5.500001
v 2.000000 2.499998 -5.500000
v 0.250000 4.249998 -5.500001
v 0.250000 2.499998 -5.500000
v 0.000000 2.499998 -5.500000
v 0.000000 4.499998 -5.500001
v 7.250000 4.249997 -7.500001
v 7.250060 2.499997 -7.500000
v 7.000000 2.499997 -7.500000
v 7.000000 4.499997 -7.500001
v 7.250060 2.500002 7.499999
v 7.250000 4.250002 7.499998
v 7.000000 4.500002 7.499998
v 7.000000 2.500002 7.499999
v 4.611804 4.249998 -5.723608
v 4.613381 2.499998 -5.726763
v 4.500000 2.499998 -5.500000
v 4.500000 4.499998 -5.500001
v 9.500000 4.249999 -3.916667
v 9.500000 4.249998 -5.250001
v 9.500000 4.499998 -5.500001
v 9.500000 4.499999 -3.666668
v 4.611804 4.250001 5.723605
v 5.388196 4.250002 7.276392
v 5.500000 4.500002 7.499998
v 4.500000 4.500001 5.499998
v 5.388196 4.249997 -7.276394
v 4.611804 4.249998 -5.723608
v 4.500000 4.499998 -5.500001
v 5.500000 4.499997 -7.500001
v 4.612940 2.500001 5.725879
v 4.611804 4.250001 5.723605
v 4.500000 4.500001 5.499998
v 4.500000 2.500001 5.499999
v 5.388196 4.250002 7.276392
v 5.386617 2.500002 7.273233
v 5.500000 2.500002 7.499999
v 5.500000 4.500002 7.499998
v 9.500000 2.499998 -5.249196
v 9.500000 2.499998 -5.500000
v 9.500000 4.250000 3.916665
v 9.500000 2.500001 3.923366
v 9.500000 2.500001 3.666666
v 9.500000 4.500000 3.666665
v 9.500000 4.250000 -0.250001
v 9.500000 4.249999 -1.583335
v 9.500000 4.499999 -1.833335
v 9.500000 4.500000 -0.000001
v 9.500000 2.500000 -0.250154
v 9.500000 2.500000 -0.000001
v 9.500000 2.499999 -1.576577
v 9.500000 2.499999 -1.833334
v 9.500000 2.499999 -3.923367
v 9.500000 2.499999 -3.666667
v 8.613395 2.500002 7.273210
v 8.611803 4.250002 7.276392
v 8.500000 4.500002 7.499998
v 8.500000 2.500002 7.499999
v 9.500000 2.500001 3.923366
v 9.796220 1.238511 3.626133
v 9.853554 1.000001 3.313113
v 9.500000 2.500001 3.666666
v 9.909446 1.242412 5.345492
v 9.500000 2.500001 5.249194
v 9.500000 2.500001 5.499999
v 9.986625 1.000002 5.614875
v 8.246388 2.500002 7.499999
v 8.467721 1.237154 7.858456
v 8.762865 1.000002 7.925324
v 8.500000 2.500002 7.499999
v 9.500000 2.499998 -5.249196
v 9.909446 1.242409 -5.345493
v 9.986625 0.999998 -5.614876
v 9.500000 2.499998 -5.500000
v 9.796220 1.238509 -3.626134
v 9.500000 2.499999 -3.923367
v 9.500000 2.499999 -3.666667
v 9.853554 0.999999 -3.313113
v 9.920919 1.242257 -0.250209
v 9.500000 2.500000 -0.250154
v 9.500000 2.500000 -0.000001
v 10.000000 1.000000 -0.000000
v 5.386617 2.500002 7.273233
v 5.166168 1.239764 7.630348
v 5.237134 1.000002 7.925324
v 5.500000 2.500002 7.499999
v 4.192625 1.240332 5.726073
v 4.612940 2.500001 5.725879
v 4.500000 2.500001 5.499999
v 4.000000 1.000002 5.499999
v 9.500000 2.499999 -1.576577
v 9.796307 1.237683 -1.873987
v 9.853554 0.999999 -2.186887
v 9.500000 2.499999 -1.833334
v 9.909446 1.242409 -5.345493
v 9.796220 1.238509 -3.626134
v 9.853554 0.999999 -3.313113
v 9.986625 0.999998 -5.614876
v 8.467721 1.237154 7.858456
v 7.250055 1.240158 7.919721
v 7.000000 1.000002 7.999999
v 8.762865 1.000002 7.925324
v 5.166168 1.239764 7.630348
v 4.192625 1.240332 5.726073
v 4.000000 1.000002 5.499999
v 5.237134 1.000002 7.925324
v 4.392665 1.240516 -6.083889
v 5.165903 1.240516 -7.630364
v 5.237134 0.999998 -7.925325
v 4.237134 0.999998 -5.925325
v 0.250000 1.237169 -5.920943
v 1.750000 1.237169 -5.920943
v 2.000000 0.999998 -6.000000
v 0.000000 0.999998 -6.000000
v 7.250055 1.240153 -7.919722
v 8.467721 1.237149 -7.858457
v 8.762865 0.999998 -7.925325
v 7.000000 0.999997 -8.000000
v 9.796220 1.238511 3.626133
v 9.909446 1.242412 5.345492
v 9.986625 1.000002 5.614875
v 9.853554 1.000001 3.313113
v 9.796307 1.237683 -1.873987
v 9.920919 1.242257 -0.250209
v 10.000000 1.000000 -0.000000
v 9.853554 0.999999 -2.186887
v 7.218917 5.250000 1.583332
v 7.218917 5.249999 -1.583335
v 6.963953 4.999999 -1.833335
v 6.963953 5.000000 1.833332
v 7.250060 2.499997 -7.500000
v 7.250055 1.240153 -7.919722
v 7.000000 0.999997 -8.000000
v 7.000000 2.499997 -7.500000
v 1.750000 1.237169 -5.920943
v 1.750000 2.499998 -5.500000
v 2.000000 2.499998 -5.500000
v 2.000000 0.999998 -6.000000
v 0.250000 2.499998 -5.500000
v 0.250000 1.237169 -5.920943
v 0.000000 0.999998 -6.000000
v 0.000000 2.499998 -5.500000
v 4.613381 2.499998 -5.726763
v 4.392665 1.240516 -6.083889
v 4.237134 0.999998 -5.925325
v 4.500000 2.499998 -5.500000
v 5.165903 1.240516 -7.630364
v 5.386619 2.499998 -7.273238
v 5.500000 2.499997 -7.500000
v 5.237134 0.999998 -7.925325
v 8.611803 4.249997 -7.276394
v 8.613395 2.499998 -7.273212
v 8.500000 2.499997 -7.500000
v 8.500000 4.499997 -7.500001
v 8.613395 2.499998 -7.273212
v 8.833391 1.238264 -7.630332
v 8.762865 0.999998 -7.925325
v 8.500000 2.499997 -7.500000
v 9.388197 4.250001 5.723605
v 9.387890 2.500001 5.724218
v 9.500000 2.500001 5.499999
v 9.500000 4.500001 5.499998
v 5.750000 4.249997 -7.500001
v 5.753612 2.499997 -7.500000
v 5.500000 2.499997 -7.500000
v 5.500000 4.499997 -7.500001
v 2.250000 4.249998 -5.500001
v 2.250028 2.499998 -5.500000
v 6.749940 2.499997 -7.500000
v 6.750000 4.249997 -7.500001
v 6.750000 4.250002 7.499998
v 6.749940 2.500002 7.499999
v 4.246456 2.499998 -5.500000
v 4.250000 4.249998 -5.500001
v 4.500000 4.499998 -5.500001
v 4.500000 2.499998 -5.500000
v 8.611803 4.250002 7.276392
v 9.388197 4.250001 5.723605
v 9.500000 4.500001 5.499998
v 8.500000 4.500002 7.499998
v 9.388197 4.249998 -5.723608
v 8.611803 4.249997 -7.276394
v 8.500000 4.499997 -7.500001
v 9.500000 4.499998 -5.500001
v 5.750000 4.250002 7.499998
v 5.500000 4.500002 7.499998
v 5.753612 2.500002 7.499999
v 5.500000 2.500002 7.499999
v 9.387890 2.499998 -5.724220
v 9.388197 4.249998 -5.723608
v 9.500000 4.499998 -5.500001
v 9.500000 2.499998 -5.500000
v 9.500000 2.500000 1.576575
v 9.500000 4.250000 1.583332
v 9.500000 4.500000 1.833332
v 9.500000 2.500000 1.833332
v 9.500000 4.250000 0.249999
v 9.500000 2.500000 0.250153
v 9.243505 2.500001 3.666666
v 9.250000 4.250000 3.666665
v 9.500000 4.500000 3.666665
v 9.500000 2.500001 3.666666
v 9.387890 2.500001 5.724218
v 9.797882 1.239969 5.821310
v 9.986625 1.000002 5.614875
v 9.500000 2.500001 5.499999
v 8.833391 1.238269 7.630332
v 8.613395 2.500002 7.273210
v 8.500000 2.500002 7.499999
v 8.762865 1.000002 7.925324
v 9.796307 1.237684 1.873986
v 9.500000 2.500000 1.576575
v 9.500000 2.500000 1.833332
v 9.853554 1.000001 2.186886
v 9.797882 1.239966 -5.821311
v 9.387890 2.499998 -5.724220
v 9.500000 2.499998 -5.500000
v 9.986625 0.999998 -5.614876
v 9.500000 2.500000 0.250153
v 9.920919 1.242257 0.250208
v 10.000000 1.000000 -0.000000
v 9.500000 2.500000 -0.000001
v 5.532279 1.237154 7.858456
v 5.753612 2.500002 7.499999
v 5.500000 2.500002 7.499999
v 5.237134 1.000002 7.925324
v 9.797882 1.239969 5.821310
v 8.833391 1.238269 7.630332
v 8.762865 1.000002 7.925324
v 9.986625 1.000002 5.614875
v 5.532279 1.237149 -7.858457
v 6.749945 1.240153 -7.919722
v 7.000000 0.999997 -8.000000
v 5.237134 0.999998 -7.925325
v 8.833391 1.238264 -7.630332
v 9.797882 1.239966 -5.821311
v 9.986625 0.999998 -5.614876
v 8.762865 0.999998 -7.925325
v 2.250062 1.240232 -5.922292
v 4.025369 1.237950 -5.855598
v 4.237134 0.999998 -5.925325
v 2.000000 0.999998 -6.000000
v 6.749945 1.240158 7.919721
v 5.532279 1.237154 7.858456
v 5.237134 1.000002 7.925324
v 7.000000 1.000002 7.999999
v 9.920919 1.242257 0.250208
v 9.796307 1.237684 1.873986
v 9.853554 1.000001 2.186886
v 10.000000 1.000000 -0.000000
v 6.749945 1.240153 -7.919722
v 6.749940 2.499997 -7.500000
v 7.000000 2.499997 -7.500000
v 7.000000 0.999997 -8.000000
v 2.250028 2.499998 -5.500000
v 2.250062 1.240232 -5.922292
v 2.000000 0.999998 -6.000000
v 2.000000 2.499998 -5.500000
v 4.025369 1.237950 -5.855598
v 4.246456 2.499998 -5.500000
v 4.500000 2.499998 -5.500000
v 4.237134 0.999998 -5.925325
v 5.753612 2.499997 -7.500000
v 5.532279 1.237149 -7.858457
v 5.237134 0.999998 -7.925325
v 5.500000 2.499997 -7.500000
v 9.250000 4.249999 -1.833335
v 8.750000 4.249999 -1.833335
v 8.500000 4.499999 -1.833335
v 9.500000 4.499999 -1.833335
v 8.750000 4.249999 -3.666667
v 9.250000 4.249999 -3.666667
v 9.500000 4.499999 -3.666668
v 8.500000 4.499999 -3.666668
v 9.243505 2.499999 -1.833334
v 9.500000 2.499999 -1.833334
v 9.243505 2.499999 -3.666667
v 9.500000 2.499999 -3.666667
v 8.750000 4.250000 3.666665
v 8.756495 2.500001 3.666666
v 8.500000 2.500001 3.666666
v 8.500000 4.500000 3.666665
v 8.756495 2.499999 -1.833334
v 8.500000 2.499999 -1.833334
v 8.756495 2.499999 -3.666667
v 8.500000 2.499999 -3.666667
v 9.250000 4.250000 1.833332
v 9.243505 2.500000 1.833332
v 9.500000 2.500000 1.833332
v 9.500000 4.500000 1.833332
v 9.539705 1.243333 3.370466
v 9.243505 2.500001 3.666666
v 9.500000 2.500001 3.666666
v 9.853554 1.000001 3.313113
v 9.243505 2.499999 -3.666667
v 9.539705 1.243331 -3.370467
v 9.853554 0.999999 -3.313113
v 9.500000 2.499999 -3.666667
v 8.756495 2.499999 -1.833334
v 9.052694 1.243331 -2.129533
v 8.853554 0.999999 -2.186887
v 8.500000 2.499999 -1.833334
v 9.539705 1.243331 -2.129533
v 9.243505 2.499999 -1.833334
v 9.500000 2.499999 -1.833334
v 9.853554 0.999999 -2.186887
v 9.052694 1.243331 -2.129533
v 9.539705 1.243331 -2.129533
v 9.853554 0.999999 -2.186887
v 8.853554 0.999999 -2.186887
v 9.539705 1.243331 -3.370467
v 9.052694 1.243331 -3.370467
v 8.853554 0.999999 -3.313113
v 9.853554 0.999999 -3.313113
v 9.052694 1.243333 3.370466
v 9.539705 1.243333 3.370466
v 9.853554 1.000001 3.313113
v 8.853554 1.000001 3.313113
v 9.052694 1.243331 -3.370467
v 8.756495 2.499999 -3.666667
v 8.500000 2.499999 -3.666667
v 8.853554 0.999999 -3.313113
v 8.756495 2.500001 3.666666
v 9.052694 1.243333 3.370466
v 8.853554 1.000001 3.313113
v 8.500000 2.500001 3.666666
v 8.756495 2.500000 1.833332
v 8.750000 4.250000 1.833332
v 8.500000 4.500000 1.833332
v 8.500000 2.500000 1.833332
v 4.250000 4.250001 5.499998
v 4.236477 2.500001 5.499999
v 4.500000 2.500001 5.499999
v 4.500000 4.500001 5.499998
v 9.243505 2.500000 1.833332
v 9.539705 1.243333 2.129532
v 9.853554 1.000001 2.186886
v 9.500000 2.500000 1.833332
v 9.539705 1.243333 2.129532
v 9.052694 1.243333 2.129532
v 8.853554 1.000001 2.186886
v 9.853554 1.000001 2.186886
v 9.052694 1.243333 2.129532
v 8.756495 2.500000 1.833332
v 8.500000 2.500000 1.833332
v 8.853554 1.000001 2.186886
v 3.819810 1.250002 5.499999
v 2.250000 1.250002 5.499999
v 2.000000 1.000002 5.499999
v 4.000000 1.000002 5.499999
v 2.250000 4.250001 5.499998
v 2.000000 4.500001 5.499998
v 2.000000 3.750001 5.749999
v 2.000000 2.750001 5.749999
v 2.000000 2.750002 5.999999
v 2.000000 3.750002 5.999999
v 8.500000 3.000001 3.166665
v 8.500000 4.500000 3.166665
v 8.500000 4.500000 3.666665
v 8.500000 2.500001 3.666666
v 2.250000 2.750001 5.749999
v 2.250000 3.750001 5.749999
v 2.250000 3.750002 5.999999
v 2.250000 2.750002 5.999999
v 0.000000 4.000001 5.999998
v 0.000000 4.000002 6.499998
v 2.250000 2.750002 5.999999
v 2.250000 3.750002 5.999999
v 2.000000 3.750002 5.999999
v 2.000000 2.750002 5.999999
v 2.250000 4.000001 5.999998
v 2.250000 4.250001 5.999998
v 2.000000 4.500001 5.999998
v 2.000000 4.000001 5.999998
v 1.750000 4.750001 5.603551
v 1.000000 4.750001 5.603551
v 2.250000 4.000001 5.499998
v 2.250000 4.250001 5.499998
v 2.250000 4.250001 5.999998
v 2.250000 4.000001 5.999998
v 2.000000 2.250001 5.749999
v 2.000000 1.250002 5.749999
v 2.000000 1.250002 5.999999
v 2.000000 2.250002 5.999999
v 0.000000 4.000001 5.499998
v 1.000000 4.000001 5.499998
v 0.000000 4.750001 5.603551
v 0.000000 4.750001 5.999998
v 2.000000 4.000001 5.499998
v 0.000000 4.200001 6.599998
v 1.023607 4.200001 6.599998
v 1.023607 4.300002 6.599998
v 0.000000 4.300002 6.599998
v 0.000000 4.750001 6.249998
v 1.865836 4.200001 6.178884
v 1.865836 4.300002 6.178884
v 1.023607 4.300002 6.599998
v 1.023607 4.200001 6.599998
v 1.750000 5.000001 5.353551
v 1.750000 4.750001 5.603551
v 2.000000 4.500001 5.499998
v 2.000000 5.000001 4.999998
v 0.000000 5.000001 5.353551
v 1.750000 5.000001 5.353551
v 2.000000 5.000001 4.999998
v 0.000000 5.000001 4.999998
v 1.750000 4.750001 5.603551
v 1.440983 4.750001 5.999998
v 2.000000 4.500001 5.999998
v 2.000000 4.500001 5.499998
v 1.440983 4.750001 5.999998
v 1.000000 4.750001 6.220490
v 1.000000 4.500001 6.499998
v 2.000000 4.500001 5.999998
v 1.000000 4.750001 6.220490
v 0.000000 4.750001 6.249998
v 0.000000 4.500001 6.499998
v 1.000000 4.500001 6.499998
v 1.910557 4.400002 6.044719
v 1.910557 4.100001 6.044719
v 2.000000 4.000001 5.999998
v 2.000000 4.500001 5.999998
v 1.000000 4.400002 6.499998
v 1.910557 4.400002 6.044719
v 2.000000 4.500001 5.999998
v 1.000000 4.500001 6.499998
v 0.000000 4.400002 6.499998
v 1.000000 4.400002 6.499998
v 1.000000 4.500001 6.499998
v 0.000000 4.500001 6.499998
v 1.000000 4.100001 6.499998
v 0.000000 4.100001 6.499998
v 0.000000 4.000002 6.499998
v 1.000000 4.000002 6.499998
v 1.910557 4.100001 6.044719
v 1.000000 4.100001 6.499998
v 1.000000 4.000002 6.499998
v 2.000000 4.000001 5.999998
v 1.865836 4.300002 6.178884
v 1.865836 4.200001 6.178884
v 1.910557 4.100001 6.044719
v 1.910557 4.400002 6.044719
v 1.023607 4.300002 6.599998
v 1.865836 4.300002 6.178884
v 1.910557 4.400002 6.044719
v 1.000000 4.400002 6.499998
v 0.000000 4.300002 6.599998
v 1.023607 4.300002 6.599998
v 1.000000 4.400002 6.499998
v 0.000000 4.400002 6.499998
v 1.023607 4.200001 6.599998
v 0.000000 4.200001 6.599998
v 0.000000 4.100001 6.499998
v 1.000000 4.100001 6.499998
v 1.865836 4.200001 6.178884
v 1.023607 4.200001 6.599998
v 1.000000 4.100001 6.499998
v 1.910557 4.100001 6.044719
v 2.000000 1.250002 5.999999
v 2.250000 1.250002 5.999999
v 2.250000 2.250002 5.999999
v 2.000000 2.250002 5.999999
v 2.000000 2.750001 5.749999
v 2.000000 3.750001 5.749999
v 2.000000 4.000001 5.499998
v 2.000000 2.500001 5.499999
v 2.000000 2.750002 5.999999
v 2.000000 2.500002 5.999999
v 2.250000 3.750001 5.749999
v 2.250000 2.750001 5.749999
v 2.250000 2.500001 5.499999
v 2.250000 2.750002 5.999999
v 2.250000 2.500002 5.999999
v 2.250000 3.750002 5.999999
v 2.250000 2.750002 5.999999
v 2.000000 2.750002 5.999999
v 2.000000 2.500002 5.999999
v 2.250000 2.500002 5.999999
v 2.000000 3.750002 5.999999
v 2.250000 3.750002 5.999999
v 2.000000 3.750002 5.999999
v 2.000000 4.000001 5.999998
v 2.000000 2.250001 5.749999
v 2.000000 2.250002 5.999999
v 2.000000 1.250002 5.749999
v 2.000000 1.000002 5.499999
v 2.250000 2.250001 5.749999
v 2.250000 1.250002 5.749999
v 2.250000 1.250002 5.499999
v 2.250000 2.250002 5.999999
v 2.000000 2.250002 5.999999
v 2.250000 2.250002 5.999999
v 2.000000 1.250002 5.999999
v 2.000000 1.000002 5.999999
v 2.250000 1.250002 5.749999
v 2.250000 1.250002 5.999999
v 2.250000 1.000002 5.999999
v 2.250000 1.000002 5.499999
v 2.250000 1.250002 5.749999
v 2.250000 1.250002 5.749999
v 2.250000 1.000002 5.499999
v 2.250000 1.250002 5.499999
v 2.250000 1.250002 5.999999
v 2.000000 1.250002 5.999999
v 2.000000 1.000002 5.999999
v 2.250000 1.000002 5.999999
v 7.439399 4.845238 3.166665
v 7.439399 4.845237 2.333332
v 6.963953 5.000000 1.833332
v 6.963953 5.000000 3.666665
v 7.439399 4.845236 -2.333334
v 7.439399 4.845236 -3.166668
v 6.963953 4.999999 -3.666668
v 6.963953 4.999999 -1.833335
v 7.439399 4.845237 2.333332
v 8.500000 4.500000 2.333332
v 8.500000 4.500000 1.833332
v 6.963953 5.000000 1.833332
v 8.500000 4.500000 3.166665
v 7.439399 4.845238 3.166665
v 6.963953 5.000000 3.666665
v 8.500000 4.500000 3.666665
v 7.439399 4.845236 -3.166668
v 8.500000 4.499999 -3.166668
v 8.500000 4.499999 -3.666668
v 6.963953 4.999999 -3.666668
v 8.500000 4.500000 2.333332
v 8.500000 3.000000 2.333332
v 8.500000 2.500000 1.833332
v 8.500000 4.500000 1.833332
v 8.500000 2.999999 -2.333334
v 8.500000 4.499999 -2.333335
v 8.500000 4.499999 -1.833335
v 8.500000 2.499999 -1.833334
v 8.500000 4.499999 -3.166668
v 8.500000 2.999999 -3.166667
v 8.500000 2.499999 -3.666667
v 8.500000 4.499999 -3.666668
v 8.000000 4.136934 3.166665
v 8.500000 4.500000 3.166665
v 8.500000 3.000001 3.166665
v 8.000000 3.000001 3.166665
v 8.500000 4.499999 -2.333335
v 7.439399 4.845236 -2.333334
v 6.963953 4.999999 -1.833335
v 8.500000 4.499999 -1.833335
v 7.284636 4.369791 -2.333334
v 7.284636 4.369790 -3.166668
v 7.439399 4.845236 -3.166668
v 7.439399 4.845236 -2.333334
v 7.284636 4.369792 2.333332
v 8.000000 4.136933 2.333332
v 8.500000 4.500000 2.333332
v 7.439399 4.845237 2.333332
v 8.000000 4.136934 3.166665
v 7.284636 4.369792 3.166665
v 7.439399 4.845238 3.166665
v 8.500000 4.500000 3.166665
v 7.284636 4.369790 -3.166668
v 8.000000 4.136932 -3.166667
v 8.500000 4.499999 -3.166668
v 7.439399 4.845236 -3.166668
v 8.000000 4.136933 2.333332
v 8.000000 3.000000 2.333332
v 8.500000 3.000000 2.333332
v 8.500000 4.500000 2.333332
v 8.000000 4.136932 -2.333334
v 8.500000 4.499999 -2.333335
v 8.500000 2.999999 -2.333334
v 8.000000 2.999999 -2.333334
v 8.000000 4.136932 -3.166667
v 8.000000 2.999999 -3.166667
v 8.500000 2.999999 -3.166667
v 8.500000 4.499999 -3.166668
v 8.000000 4.136932 -2.333334
v 7.284636 4.369791 -2.333334
v 7.439399 4.845236 -2.333334
v 8.500000 4.499999 -2.333335
v 8.000000 2.999999 -3.166667
v 8.000000 2.999999 -2.333334
v 8.500000 2.999999 -2.333334
v 8.500000 2.999999 -3.166667
v 8.000000 3.000000 2.333332
v 8.000000 3.000001 3.166665
v 8.500000 3.000001 3.166665
v 8.500000 3.000000 2.333332
v 7.284636 4.369792 3.166665
v 7.284636 4.369792 2.333332
v 7.439399 4.845237 2.333332
v 7.439399 4.845238 3.166665
v 9.986625 0.999998 -5.614876
v 9.853554 0.999999 -3.313113
v 9.853554 0.499999 -3.313113
v 9.986625 0.499998 -5.614876
v 9.853554 1.000001 3.313113
v 9.986625 1.000002 5.614875
v 9.986625 0.500002 5.614876
v 9.853554 0.500001 3.313113
v 10.000000 1.000000 -0.000000
v 9.853554 1.000001 2.186886
v 9.853554 0.500001 2.186886
v 10.000000 0.500000 -0.000000
v 9.853554 0.999999 -2.186887
v 10.000000 1.000000 -0.000000
v 10.000000 0.500000 -0.000000
v 9.853554 0.499999 -2.186887
v -5.388196 4.250002 7.276392
v -5.386617 2.500002 7.273233
v -4.612940 2.500001 5.725879
v -4.611804 4.250001 5.723605
v -8.713953 5.250001 5.440919
v -7.256240 5.250001 5.814901
v -7.218917 5.250000 3.916665
v -8.713953 5.250000 3.916665
v -8.246388 2.500002 7.499999
v -7.250060 2.500002 7.499999
v -7.250000 4.250002 7.499998
v -8.250000 4.250002 7.499998
v -7.256240 5.249998 -5.814904
v -7.000000 5.249998 -6.750001
v -8.058642 5.249998 -6.750001
v -8.713953 5.249998 -5.440922
v -9.500000 2.500001 3.923366
v -9.500000 2.500001 5.249194
v -9.500000 4.250001 5.249998
v -9.500000 4.250000 3.916665
v -8.613395 2.500002 7.273210
v -8.611803 4.250002 7.276392
v -9.388197 4.250001 5.723605
v -9.387890 2.500001 5.724218
v -4.246456 2.499998 -5.500000
v -4.250000 4.249998 -5.500001
v -2.250000 4.249998 -5.500001
v -2.250028 2.499998 -5.500000
v -5.753612 2.499997 -7.500000
v -6.749940 2.499997 -7.500000
v -6.750000 4.249997 -7.500001
v -5.750000 4.249997 -7.500001
v -4.611804 4.249998 -5.723608
v -4.613381 2.499998 -5.726763
v -5.386619 2.499998 -7.273238
v -5.388196 4.249997 -7.276394
v -9.500000 2.499999 -3.923367
v -9.500000 4.249999 -3.916667
v -9.500000 4.249998 -5.250001
v -9.500000 2.499998 -5.249196
v -8.613395 2.499998 -7.273212
v -9.387890 2.499998 -5.724220
v -9.388197 4.249998 -5.723608
v -8.611803 4.249997 -7.276394
v -8.058642 5.250001 6.749998
v -7.000000 5.250001 6.749998
v -8.246388 2.499997 -7.500000
v -8.250000 4.249997 -7.500001
v -7.250000 4.249997 -7.500001
v -7.250060 2.499997 -7.500000
v -5.753612 2.500002 7.499999
v -5.750000 4.250002 7.499998
v -6.750000 4.250002 7.499998
v -6.749940 2.500002 7.499999
v -5.963526 5.250001 6.749998
v -5.269254 5.250001 5.361455
v -1.750000 2.499998 -5.500000
v -1.750000 4.249998 -5.500001
v -0.250000 4.249998 -5.500001
v -0.250000 2.499998 -5.500000
v -7.218917 5.250000 1.583332
v -7.218917 5.249999 -1.583335
v -8.713953 5.249999 -1.583335
v -8.713953 5.250000 1.583332
v -2.250000 4.250001 5.499998
v -2.250000 4.250001 5.999998
v -2.000000 4.500001 5.999998
v -2.000000 4.500001 5.499998
v 0.000000 3.353554 4.994973
v 0.000000 3.505027 5.146445
v -1.528596 3.528597 5.170015
v -1.377124 3.377125 5.018543
v -1.353554 2.212133 4.994974
v -1.505025 2.287869 5.146446
v -1.505025 1.000002 5.146446
v -1.353553 1.000001 4.994974
v -1.000000 3.000001 4.499999
v -1.000000 3.000001 3.999999
v -1.000000 2.000001 3.999999
v -1.000000 2.000001 4.499999
v -1.000000 1.000001 4.499999
v -1.000000 1.000001 4.000000
v -5.269254 5.249998 -5.361458
v -5.963526 5.249998 -6.750001
v -2.000000 4.500001 5.499998
v -2.000000 5.000001 4.999998
v -4.809017 5.000001 4.999998
v -4.500000 4.500001 5.499998
v -9.500000 4.499999 -3.666668
v -8.963953 4.999999 -3.666668
v -8.963953 4.999998 -5.500001
v -9.500000 4.499998 -5.500001
v -7.000000 4.500002 7.499998
v -7.000000 5.000001 6.999998
v -8.213070 5.000001 6.999998
v -8.500000 4.500002 7.499998
v -8.500000 4.500002 7.499998
v -8.213070 5.000001 6.999998
v -8.963953 5.000001 5.499998
v -9.500000 4.500001 5.499998
v -4.500000 4.500001 5.499998
v -4.809017 5.000001 4.999998
v -5.809017 5.000001 6.999998
v -5.500000 4.500002 7.499998
v -7.000000 4.499997 -7.500001
v -7.000000 4.999998 -7.000001
v -5.809017 4.999998 -7.000001
v -5.500000 4.499997 -7.500001
v -5.500000 4.499997 -7.500001
v -5.809017 4.999998 -7.000001
v -4.809017 4.999998 -5.000001
v -4.500000 4.499998 -5.500001
v -9.500000 4.499998 -5.500001
v -8.963953 4.999998 -5.500001
v -8.213070 4.999998 -7.000001
v -8.500000 4.499997 -7.500001
v -4.500000 4.499998 -5.500001
v -4.809017 4.999998 -5.000001
v -2.000000 4.999998 -5.000001
v -2.000000 4.499998 -5.500001
v -5.500000 4.500002 7.499998
v -5.809017 5.000001 6.999998
v -8.500000 4.499997 -7.500001
v -8.213070 4.999998 -7.000001
v -5.559017 5.249998 -4.401875
v -6.231280 5.249998 -4.555291
v -6.231280 5.250001 4.555288
v -5.559017 5.250001 4.401873
v -6.963953 5.000000 3.666665
v -8.500000 4.500000 3.666665
v -9.500000 4.500000 3.666665
v -8.963953 5.000000 3.666665
v -8.000000 4.136933 2.333332
v -8.000000 3.000000 2.333332
v -8.000000 3.000001 3.166665
v -8.000000 4.136934 3.166665
v -9.500000 4.499999 -3.666668
v -8.500000 4.499999 -3.666668
v -6.963953 4.999999 -3.666668
v -8.963953 4.999999 -3.666668
v -2.000000 4.999998 -5.000001
v -2.000000 5.000001 4.999998
v -4.809017 4.999998 -5.000001
v -4.809017 5.000001 4.999998
v -9.500000 2.500000 0.250153
v -9.500000 2.500000 1.576575
v -9.500000 4.250000 1.583332
v -9.500000 4.250000 0.249999
v -9.500000 2.499999 -1.576577
v -9.500000 2.500000 -0.250154
v -9.500000 4.250000 -0.250001
v -9.500000 4.249999 -1.583335
v -9.243505 2.499999 -3.666667
v -8.756495 2.499999 -3.666667
v -8.750000 4.249999 -3.666667
v -9.250000 4.249999 -3.666667
v -8.963953 4.999999 -1.833335
v -6.963953 4.999999 -1.833335
v -8.500000 4.499999 -1.833335
v -9.500000 4.499999 -1.833335
v -8.713953 5.249999 -3.916668
v -7.218917 5.249999 -3.916668
v -8.000000 4.136934 3.166665
v -7.284636 4.369792 3.166665
v -7.284636 4.369792 2.333332
v -8.000000 4.136933 2.333332
v -8.000000 4.136932 -2.333334
v -7.284636 4.369791 -2.333334
v -7.284636 4.369790 -3.166668
v -8.000000 4.136932 -3.166667
v -8.000000 4.136932 -3.166667
v -8.000000 2.999999 -3.166667
v -8.000000 2.999999 -2.333334
v -8.000000 4.136932 -2.333334
v -9.243505 2.499999 -1.833334
v -9.250000 4.249999 -1.833335
v -8.750000 4.249999 -1.833335
v -8.756495 2.499999 -1.833334
v -9.243505 2.500000 1.833332
v -8.756495 2.500000 1.833332
v -8.750000 4.250000 1.833332
v -9.250000 4.250000 1.833332
v -8.250000 4.250002 7.499998
v -8.500000 4.500002 7.499998
v -8.500000 2.500002 7.499999
v -8.246388 2.500002 7.499999
v -8.963953 5.000000 3.666665
v -9.500000 4.500000 3.666665
v -9.500000 4.500001 5.499998
v -8.963953 5.000001 5.499998
v -9.243505 2.500001 3.666666
v -9.250000 4.250000 3.666665
v -8.750000 4.250000 3.666665
v -8.756495 2.500001 3.666666
v -9.500000 4.500000 1.833332
v -8.500000 4.500000 1.833332
v -6.963953 5.000000 1.833332
v -8.963953 5.000000 1.833332
v -1.000000 3.000001 3.999999
v -1.000000 3.000001 4.499999
v -1.000000 2.000001 4.499999
v -1.000000 2.000001 3.999999
v -1.377124 3.377125 5.018543
v -1.528596 3.528597 5.170015
v -1.505025 2.287869 5.146446
v -1.353554 2.212133 4.994974
v -2.250000 1.250002 5.499999
v -2.250000 2.500001 5.499999
v -4.236477 2.500001 5.499999
v -3.819810 1.250002 5.499999
v -9.500000 2.499999 -1.576577
v -9.796307 1.237683 -1.873987
v -9.920919 1.242257 -0.250209
v -9.500000 2.500000 -0.250154
v -8.500000 2.499999 -3.666667
v -8.853554 0.999999 -3.313113
v -8.853554 0.999999 -2.186887
v -8.500000 2.499999 -1.833334
v -8.756495 2.500001 3.666666
v -9.052694 1.243333 3.370466
v -9.539705 1.243333 3.370466
v -9.243505 2.500001 3.666666
v -8.500000 2.500000 1.833332
v -8.853554 1.000001 2.186886
v -8.853554 1.000001 3.313113
v -8.500000 2.500001 3.666666
v -8.756495 2.499999 -1.833334
v -9.052694 1.243331 -2.129533
v -9.539705 1.243331 -2.129533
v -9.243505 2.499999 -1.833334
v -9.500000 2.500000 0.250153
v -9.920919 1.242257 0.250208
v -9.796307 1.237684 1.873986
v -9.500000 2.500000 1.576575
v -9.500000 2.500001 3.923366
v -9.796220 1.238511 3.626133
v -9.909446 1.242412 5.345492
v -9.500000 2.500001 5.249194
v -9.243505 2.499999 -3.666667
v -9.539705 1.243331 -3.370467
v -9.052694 1.243331 -3.370467
v -8.756495 2.499999 -3.666667
v -6.749940 2.500002 7.499999
v -6.749945 1.240158 7.919721
v -5.532279 1.237154 7.858456
v -5.753612 2.500002 7.499999
v -7.250060 2.499997 -7.500000
v -7.250055 1.240153 -7.919722
v -8.467721 1.237149 -7.858457
v -8.246388 2.499997 -7.500000
v -0.250000 2.499998 -5.500000
v -0.250000 1.237169 -5.920943
v -1.750000 1.237169 -5.920943
v -1.750000 2.499998 -5.500000
v -2.250028 2.499998 -5.500000
v -2.250062 1.240232 -5.922292
v -4.025369 1.237950 -5.855598
v -4.246456 2.499998 -5.500000
v -4.613381 2.499998 -5.726763
v -4.392665 1.240516 -6.083889
v -5.165903 1.240516 -7.630364
v -5.386619 2.499998 -7.273238
v -5.753612 2.499997 -7.500000
v -5.532279 1.237149 -7.858457
v -6.749945 1.240153 -7.919722
v -6.749940 2.499997 -7.500000
v -5.386617 2.500002 7.273233
v -5.166168 1.239764 7.630348
v -4.192625 1.240332 5.726073
v -4.612940 2.500001 5.725879
v -9.500000 2.499998 -5.249196
v -9.909446 1.242409 -5.345493
v -9.796220 1.238509 -3.626134
v -9.500000 2.499999 -3.923367
v -9.387890 2.500001 5.724218
v -9.797882 1.239969 5.821310
v -8.833391 1.238269 7.630332
v -8.613395 2.500002 7.273210
v -8.613395 2.499998 -7.273212
v -8.833391 1.238264 -7.630332
v -9.797882 1.239966 -5.821311
v -9.387890 2.499998 -5.724220
v -8.246388 2.500002 7.499999
v -8.467721 1.237154 7.858456
v -7.250055 1.240158 7.919721
v -7.250060 2.500002 7.499999
v -9.243505 2.500000 1.833332
v -9.539705 1.243333 2.129532
v -9.052694 1.243333 2.129532
v -8.756495 2.500000 1.833332
v -7.218917 5.249999 -3.916668
v -6.963953 4.999999 -3.666668
v -7.000000 4.999998 -5.500001
v -7.256240 5.249998 -5.814904
v -8.058642 5.250001 6.749998
v -8.213070 5.000001 6.999998
v -7.000000 5.000001 6.999998
v -7.000000 5.250001 6.749998
v -8.713953 5.250001 5.440919
v -8.963953 5.000001 5.499998
v -8.213070 5.000001 6.999998
v -8.058642 5.250001 6.749998
v -5.963526 5.250001 6.749998
v -5.809017 5.000001 6.999998
v -4.809017 5.000001 4.999998
v -5.269254 5.250001 5.361455
v -5.963526 5.249998 -6.750001
v -5.809017 4.999998 -7.000001
v -7.000000 4.999998 -7.000001
v -7.000000 5.249998 -6.750001
v -5.269254 5.249998 -5.361458
v -4.809017 4.999998 -5.000001
v -5.809017 4.999998 -7.000001
v -5.963526 5.249998 -6.750001
v -8.058642 5.249998 -6.750001
v -8.213070 4.999998 -7.000001
v -8.963953 4.999998 -5.500001
v -8.713953 5.249998 -5.440922
v -5.809017 5.000001 6.999998
v -5.963526 5.250001 6.749998
v -7.000000 5.249998 -6.750001
v -7.000000 4.999998 -7.000001
v -8.213070 4.999998 -7.000001
v -8.058642 5.249998 -6.750001
v -7.256240 5.249998 -5.814904
v -7.000000 4.999998 -5.500001
v -4.809017 4.999998 -5.000001
v -5.269254 5.249998 -5.361458
v -5.269254 5.250001 5.361455
v -4.809017 5.000001 4.999998
v -7.000000 5.000001 5.499998
v -7.256240 5.250001 5.814901
v -7.256240 5.250001 5.814901
v -7.000000 5.000001 5.499998
v -6.963953 5.000000 3.666665
v -7.218917 5.250000 3.916665
v -8.713953 5.249999 -1.583335
v -8.963953 4.999999 -1.833335
v -8.963953 5.000000 1.833332
v -8.713953 5.250000 1.583332
v -8.713953 5.249998 -5.440922
v -8.963953 4.999998 -5.500001
v -8.963953 4.999999 -3.666668
v -8.713953 5.249999 -3.916668
v -8.713953 5.249999 -3.916668
v -8.963953 4.999999 -3.666668
v -6.963953 4.999999 -3.666668
v -7.218917 5.249999 -3.916668
v -7.218917 5.249999 -1.583335
v -6.963953 4.999999 -1.833335
v -8.963953 4.999999 -1.833335
v -8.713953 5.249999 -1.583335
v -8.713953 5.250000 1.583332
v -8.963953 5.000000 1.833332
v -6.963953 5.000000 1.833332
v -7.218917 5.250000 1.583332
v -8.713953 5.250000 3.916665
v -8.963953 5.000000 3.666665
v -8.963953 5.000001 5.499998
v -8.713953 5.250001 5.440919
v -7.218917 5.250000 3.916665
v -6.963953 5.000000 3.666665
v -8.963953 5.000000 3.666665
v -8.713953 5.250000 3.916665
v -1.646447 3.646448 5.146445
v -2.000000 4.000001 5.499998
v -2.000000 2.500001 5.499999
v -1.646447 2.323225 5.146446
v -1.353554 3.353554 4.853552
v -1.000000 3.000001 4.499999
v -1.353554 2.176778 4.853552
v -1.000000 2.000001 4.499999
v -1.000000 3.000001 4.499999
v -1.353554 3.353554 4.853552
v -1.646447 2.323225 5.146446
v -2.000000 2.500001 5.499999
v -2.000000 1.000002 5.499999
v -1.646447 1.000002 5.146446
v -1.353553 1.000001 4.853552
v -1.000000 1.000001 4.499999
v -1.000000 2.000001 4.499999
v -1.353554 2.176778 4.853552
v 0.000000 3.505027 5.146445
v 0.000000 3.646448 5.146445
v -1.646447 3.646448 5.146445
v -1.528596 3.528597 5.170015
v -1.528596 3.528597 5.170015
v -1.646447 3.646448 5.146445
v -1.646447 2.323225 5.146446
v -1.505025 2.287869 5.146446
v -1.377124 3.377125 5.018543
v -1.353554 3.353554 4.853552
v 0.000000 3.353554 4.853552
v 0.000000 3.353554 4.994973
v -1.353554 2.212133 4.994974
v -1.353554 2.176778 4.853552
v -1.353554 3.353554 4.853552
v -1.377124 3.377125 5.018543
v -1.505025 2.287869 5.146446
v -1.646447 2.323225 5.146446
v -1.646447 1.000002 5.146446
v -1.505025 1.000002 5.146446
v -1.353553 1.000001 4.994974
v -1.353553 1.000001 4.853552
v -1.353554 2.176778 4.853552
v -1.353554 2.212133 4.994974
v -5.309017 4.999998 -4.601251
v -7.000000 4.999998 -5.500001
v -6.487520 4.999998 -4.870194
v -6.487520 5.000001 4.870192
v -7.000000 5.000001 5.499998
v -5.309017 5.000001 4.601248
v -5.559017 5.249998 -4.401875
v -5.309017 4.999998 -4.601251
v -6.487520 4.999998 -4.870194
v -6.231280 5.249998 -4.555291
v -6.231280 5.250001 4.555288
v -6.487520 5.000001 4.870192
v -5.309017 5.000001 4.601248
v -5.559017 5.250001 4.401873
v -6.231280 5.250001 4.555288
v -6.231280 5.249998 -4.555291
v -6.487520 4.999998 -4.870194
v -6.487520 5.000001 4.870192
v -5.559017 5.249998 -4.401875
v -5.559017 5.250001 4.401873
v -5.309017 5.000001 4.601248
v -5.309017 4.999998 -4.601251
v -8.246388 2.499997 -7.500000
v -8.500000 2.499997 -7.500000
v -8.500000 4.499997 -7.500001
v -8.250000 4.249997 -7.500001
v -8.467721 1.237149 -7.858457
v -8.762865 0.999998 -7.925325
v -8.500000 2.499997 -7.500000
v -8.246388 2.499997 -7.500000
v -9.500000 2.500001 5.249194
v -9.500000 2.500001 5.499999
v -9.500000 4.500001 5.499998
v -9.500000 4.250001 5.249998
v -5.386619 2.499998 -7.273238
v -5.500000 2.499997 -7.500000
v -5.500000 4.499997 -7.500001
v -5.388196 4.249997 -7.276394
v -1.750000 2.499998 -5.500000
v -2.000000 2.499998 -5.500000
v -2.000000 4.499998 -5.500001
v -1.750000 4.249998 -5.500001
v -0.250000 4.249998 -5.500001
v -0.250000 2.499998 -5.500000
v -7.250000 4.249997 -7.500001
v -7.000000 4.499997 -7.500001
v -7.000000 2.499997 -7.500000
v -7.250060 2.499997 -7.500000
v -7.250060 2.500002 7.499999
v -7.000000 2.500002 7.499999
v -7.000000 4.500002 7.499998
v -7.250000 4.250002 7.499998
v -4.611804 4.249998 -5.723608
v -4.500000 4.499998 -5.500001
v -4.500000 2.499998 -5.500000
v -4.613381 2.499998 -5.726763
v -9.500000 4.249999 -3.916667
v -9.500000 4.499999 -3.666668
v -9.500000 4.499998 -5.500001
v -9.500000 4.249998 -5.250001
v -4.611804 4.250001 5.723605
v -4.500000 4.500001 5.499998
v -5.500000 4.500002 7.499998
v -5.388196 4.250002 7.276392
v -5.388196 4.249997 -7.276394
v -5.500000 4.499997 -7.500001
v -4.500000 4.499998 -5.500001
v -4.611804 4.249998 -5.723608
v -1.750000 4.249998 -5.500001
v -2.000000 4.499998 -5.500001
v 0.000000 4.499998 -5.500001
v -0.250000 4.249998 -5.500001
v -4.612940 2.500001 5.725879
v -4.500000 2.500001 5.499999
v -4.500000 4.500001 5.499998
v -4.611804 4.250001 5.723605
v -5.388196 4.250002 7.276392
v -5.500000 4.500002 7.499998
v -5.500000 2.500002 7.499999
v -5.386617 2.500002 7.273233
v -9.500000 2.499998 -5.500000
v -9.500000 2.499998 -5.249196
v -9.500000 4.250000 3.916665
v -9.500000 4.500000 3.666665
v -9.500000 2.500001 3.666666
v -9.500000 2.500001 3.923366
v -9.500000 4.250000 -0.250001
v -9.500000 4.500000 -0.000001
v -9.500000 4.499999 -1.833335
v -9.500000 4.249999 -1.583335
v -9.500000 2.500000 -0.250154
v -9.500000 2.500000 -0.000001
v -9.500000 2.499999 -1.833334
v -9.500000 2.499999 -1.576577
v -9.500000 2.499999 -3.923367
v -9.500000 2.499999 -3.666667
v -8.613395 2.500002 7.273210
v -8.500000 2.500002 7.499999
v -8.500000 4.500002 7.499998
v -8.611803 4.250002 7.276392
v -9.500000 2.500001 3.923366
v -9.500000 2.500001 3.666666
v -9.853554 1.000001 3.313113
v -9.796220 1.238511 3.626133
v -9.909446 1.242412 5.345492
v -9.986625 1.000002 5.614875
v -9.500000 2.500001 5.499999
v -9.500000 2.500001 5.249194
v -8.246388 2.500002 7.499999
v -8.500000 2.500002 7.499999
v -8.762865 1.000002 7.925324
v -8.467721 1.237154 7.858456
v -9.500000 2.499998 -5.249196
v -9.500000 2.499998 -5.500000
v -9.986625 0.999998 -5.614876
v -9.909446 1.242409 -5.345493
v -9.796220 1.238509 -3.626134
v -9.853554 0.999999 -3.313113
v -9.500000 2.499999 -3.666667
v -9.500000 2.499999 -3.923367
v -9.920919 1.242257 -0.250209
v -10.000000 1.000000 -0.000000
v -9.500000 2.500000 -0.000001
v -9.500000 2.500000 -0.250154
v -5.386617 2.500002 7.273233
v -5.500000 2.500002 7.499999
v -5.237134 1.000002 7.925324
v -5.166168 1.239764 7.630348
v -4.192625 1.240332 5.726073
v -4.000000 1.000002 5.499999
v -4.500000 2.500001 5.499999
v -4.612940 2.500001 5.725879
v -9.500000 2.499999 -1.576577
v -9.500000 2.499999 -1.833334
v -9.853554 0.999999 -2.186887
v -9.796307 1.237683 -1.873987
v -9.909446 1.242409 -5.345493
v -9.986625 0.999998 -5.614876
v -9.853554 0.999999 -3.313113
v -9.796220 1.238509 -3.626134
v -8.467721 1.237154 7.858456
v -8.762865 1.000002 7.925324
v -7.000000 1.000002 7.999999
v -7.250055 1.240158 7.919721
v -5.166168 1.239764 7.630348
v -5.237134 1.000002 7.925324
v -4.000000 1.000002 5.499999
v -4.192625 1.240332 5.726073
v -4.392665 1.240516 -6.083889
v -4.237134 0.999998 -5.925325
v -5.237134 0.999998 -7.925325
v -5.165903 1.240516 -7.630364
v -0.250000 1.237169 -5.920943
v 0.000000 0.999998 -6.000000
v -2.000000 0.999998 -6.000000
v -1.750000 1.237169 -5.920943
v -7.250055 1.240153 -7.919722
v -7.000000 0.999997 -8.000000
v -8.762865 0.999998 -7.925325
v -8.467721 1.237149 -7.858457
v -9.796220 1.238511 3.626133
v -9.853554 1.000001 3.313113
v -9.986625 1.000002 5.614875
v -9.909446 1.242412 5.345492
v -9.796307 1.237683 -1.873987
v -9.853554 0.999999 -2.186887
v -10.000000 1.000000 -0.000000
v -9.920919 1.242257 -0.250209
v -7.218917 5.250000 1.583332
v -6.963953 5.000000 1.833332
v -6.963953 4.999999 -1.833335
v -7.218917 5.249999 -1.583335
v -7.250060 2.499997 -7.500000
v -7.000000 2.499997 -7.500000
v -7.000000 0.999997 -8.000000
v -7.250055 1.240153 -7.919722
v -1.750000 1.237169 -5.920943
v -2.000000 0.999998 -6.000000
v -2.000000 2.499998 -5.500000
v -1.750000 2.499998 -5.500000
v -0.250000 2.499998 -5.500000
v 0.000000 2.499998 -5.500000
v 0.000000 0.999998 -6.000000
v -0.250000 1.237169 -5.920943
v -4.613381 2.499998 -5.726763
v -4.500000 2.499998 -5.500000
v -4.237134 0.999998 -5.925325
v -4.392665 1.240516 -6.083889
v -5.165903 1.240516 -7.630364
v -5.237134 0.999998 -7.925325
v -5.500000 2.499997 -7.500000
v -5.386619 2.499998 -7.273238
v -8.611803 4.249997 -7.276394
v -8.500000 4.499997 -7.500001
v -8.500000 2.499997 -7.500000
v -8.613395 2.499998 -7.273212
v -8.613395 2.499998 -7.273212
v -8.500000 2.499997 -7.500000
v -8.762865 0.999998 -7.925325
v -8.833391 1.238264 -7.630332
v -9.388197 4.250001 5.723605
v -9.500000 4.500001 5.499998
v -9.500000 2.500001 5.499999
v -9.387890 2.500001 5.724218
v -5.750000 4.249997 -7.500001
v -5.500000 4.499997 -7.500001
v -5.500000 2.499997 -7.500000
v -5.753612 2.499997 -7.500000
v -2.250000 4.249998 -5.500001
v -2.250028 2.499998 -5.500000
v -6.749940 2.499997 -7.500000
v -6.750000 4.249997 -7.500001
v -6.750000 4.250002 7.499998
v -6.749940 2.500002 7.499999
v -4.246456 2.499998 -5.500000
v -4.500000 2.499998 -5.500000
v -4.500000 4.499998 -5.500001
v -4.250000 4.249998 -5.500001
v -8.611803 4.250002 7.276392
v -8.500000 4.500002 7.499998
v -9.500000 4.500001 5.499998
v -9.388197 4.250001 5.723605
v -9.388197 4.249998 -5.723608
v -9.500000 4.499998 -5.500001
v -8.500000 4.499997 -7.500001
v -8.611803 4.249997 -7.276394
v -5.750000 4.250002 7.499998
v -5.500000 4.500002 7.499998
v -5.753612 2.500002 7.499999
v -5.500000 2.500002 7.499999
v -9.387890 2.499998 -5.724220
v -9.500000 2.499998 -5.500000
v -9.500000 4.499998 -5.500001
v -9.388197 4.249998 -5.723608
v -9.500000 2.500000 1.576575
v -9.500000 2.500000 1.833332
v -9.500000 4.500000 1.833332
v -9.500000 4.250000 1.583332
v -9.500000 4.250000 0.249999
v -9.500000 2.500000 0.250153
v -9.243505 2.500001 3.666666
v -9.500000 2.500001 3.666666
v -9.500000 4.500000 3.666665
v -9.250000 4.250000 3.666665
v -9.387890 2.500001 5.724218
v -9.500000 2.500001 5.499999
v -9.986625 1.000002 5.614875
v -9.797882 1.239969 5.821310
v -8.833391 1.238269 7.630332
v -8.762865 1.000002 7.925324
v -8.500000 2.500002 7.499999
v -8.613395 2.500002 7.273210
v -9.796307 1.237684 1.873986
v -9.853554 1.000001 2.186886
v -9.500000 2.500000 1.833332
v -9.500000 2.500000 1.576575
v -9.797882 1.239966 -5.821311
v -9.986625 0.999998 -5.614876
v -9.500000 2.499998 -5.500000
v -9.387890 2.499998 -5.724220
v -9.500000 2.500000 0.250153
v -9.500000 2.500000 -0.000001
v -10.000000 1.000000 -0.000000
v -9.920919 1.242257 0.250208
v -5.532279 1.237154 7.858456
v -5.237134 1.000002 7.925324
v -5.500000 2.500002 7.499999
v -5.753612 2.500002 7.499999
v -9.797882 1.239969 5.821310
v -9.986625 1.000002 5.614875
v -8.762865 1.000002 7.925324
v -8.833391 1.238269 7.630332
v -5.532279 1.237149 -7.858457
v -5.237134 0.999998 -7.925325
v -7.000000 0.999997 -8.000000
v -6.749945 1.240153 -7.919722
v -8.833391 1.238264 -7.630332
v -8.762865 0.999998 -7.925325
v -9.986625 0.999998 -5.614876
v -9.797882 1.239966 -5.821311
v -2.250062 1.240232 -5.922292
v -2.000000 0.999998 -6.000000
v -4.237134 0.999998 -5.925325
v -4.025369 1.237950 -5.855598
v -6.749945 1.240158 7.919721
v -7.000000 1.000002 7.999999
v -5.237134 1.000002 7.925324
v -5.532279 1.237154 7.858456
v -9.920919 1.242257 0.250208
v -10.000000 1.000000 -0.000000
v -9.853554 1.000001 2.186886
v -9.796307 1.237684 1.873986
v -6.749945 1.240153 -7.919722
v -7.000000 0.999997 -8.000000
v -7.000000 2.499997 -7.500000
v -6.749940 2.499997 -7.500000
v -2.250028 2.499998 -5.500000
v -2.000000 2.499998 -5.500000
v -2.000000 0.999998 -6.000000
v -2.250062 1.240232 -5.922292
v -4.025369 1.237950 -5.855598
v -4.237134 0.999998 -5.925325
v -4.500000 2.499998 -5.500000
v -4.246456 2.499998 -5.500000
v -5.753612 2.499997 -7.500000
v -5.500000 2.499997 -7.500000
v -5.237134 0.999998 -7.925325
v -5.532279 1.237149 -7.858457
v -9.250000 4.249999 -1.833335
v -9.500000 4.499999 -1.833335
v -8.500000 4.499999 -1.833335
v -8.750000 4.249999 -1.833335
v -8.750000 4.249999 -3.666667
v -8.500000 4.499999 -3.666668
v -9.500000 4.499999 -3.666668
v -9.250000 4.249999 -3.666667
v -9.243505 2.499999 -1.833334
v -9.500000 2.499999 -1.833334
v -9.500000 4.499999 -1.833335
v -9.250000 4.249999 -1.833335
v -9.250000 4.249999 -3.666667
v -9.500000 4.499999 -3.666668
v -9.500000 2.499999 -3.666667
v -9.243505 2.499999 -3.666667
v -8.750000 4.250000 3.666665
v -8.500000 4.500000 3.666665
v -8.500000 2.500001 3.666666
v -8.756495 2.500001 3.666666
v -8.750000 4.249999 -1.833335
v -8.500000 4.499999 -1.833335
v -8.500000 2.499999 -1.833334
v -8.756495 2.499999 -1.833334
v -8.756495 2.499999 -3.666667
v -8.500000 2.499999 -3.666667
v -8.500000 4.499999 -3.666668
v -8.750000 4.249999 -3.666667
v -9.250000 4.250000 1.833332
v -9.500000 4.500000 1.833332
v -9.500000 2.500000 1.833332
v -9.243505 2.500000 1.833332
v -9.250000 4.250000 3.666665
v -9.500000 4.500000 3.666665
v -8.500000 4.500000 3.666665
v -8.750000 4.250000 3.666665
v -9.539705 1.243333 3.370466
v -9.853554 1.000001 3.313113
v -9.500000 2.500001 3.666666
v -9.243505 2.500001 3.666666
v -9.243505 2.499999 -3.666667
v -9.500000 2.499999 -3.666667
v -9.853554 0.999999 -3.313113
v -9.539705 1.243331 -3.370467
v -8.756495 2.499999 -1.833334
v -8.500000 2.499999 -1.833334
v -8.853554 0.999999 -2.186887
v -9.052694 1.243331 -2.129533
v -9.539705 1.243331 -2.129533
v -9.853554 0.999999 -2.186887
v -9.500000 2.499999 -1.833334
v -9.243505 2.499999 -1.833334
v -9.052694 1.243331 -2.129533
v -8.853554 0.999999 -2.186887
v -9.853554 0.999999 -2.186887
v -9.539705 1.243331 -2.129533
v -9.539705 1.243331 -3.370467
v -9.853554 0.999999 -3.313113
v -8.853554 0.999999 -3.313113
v -9.052694 1.243331 -3.370467
v -9.052694 1.243333 3.370466
v -8.853554 1.000001 3.313113
v -9.853554 1.000001 3.313113
v -9.539705 1.243333 3.370466
v -9.052694 1.243331 -3.370467
v -8.853554 0.999999 -3.313113
v -8.500000 2.499999 -3.666667
v -8.756495 2.499999 -3.666667
v -8.756495 2.500001 3.666666
v -8.500000 2.500001 3.666666
v -8.853554 1.000001 3.313113
v -9.052694 1.243333 3.370466
v -8.756495 2.500000 1.833332
v -8.500000 2.500000 1.833332
v -8.500000 4.500000 1.833332
v -8.750000 4.250000 1.833332
v -4.250000 4.250001 5.499998
v -4.500000 4.500001 5.499998
v -4.500000 2.500001 5.499999
v -4.236477 2.500001 5.499999
v -8.750000 4.250000 1.833332
v -8.500000 4.500000 1.833332
v -9.500000 4.500000 1.833332
v -9.250000 4.250000 1.833332
v -9.243505 2.500000 1.833332
v -9.500000 2.500000 1.833332
v -9.853554 1.000001 2.186886
v -9.539705 1.243333 2.129532
v -9.539705 1.243333 2.129532
v -9.853554 1.000001 2.186886
v -8.853554 1.000001 2.186886
v -9.052694 1.243333 2.129532
v -9.052694 1.243333 2.129532
v -8.853554 1.000001 2.186886
v -8.500000 2.500000 1.833332
v -8.756495 2.500000 1.833332
v -3.819810 1.250002 5.499999
v -4.000000 1.000002 5.499999
v -2.000000 1.000002 5.499999
v -2.250000 1.250002 5.499999
v -4.236477 2.500001 5.499999
v -4.500000 2.500001 5.499999
v -4.000000 1.000002 5.499999
v -3.819810 1.250002 5.499999
v -2.250000 4.250001 5.499998
v -2.000000 4.500001 5.499998
v -2.000000 3.750001 5.749999
v -2.000000 3.750002 5.999999
v -2.000000 2.750002 5.999999
v -2.000000 2.750001 5.749999
v -8.500000 3.000001 3.166665
v -8.500000 2.500001 3.666666
v -8.500000 4.500000 3.666665
v -8.500000 4.500000 3.166665
v -2.250000 2.750001 5.749999
v -2.250000 2.750002 5.999999
v -2.250000 3.750002 5.999999
v -2.250000 3.750001 5.749999
v -2.250000 2.750002 5.999999
v -2.000000 2.750002 5.999999
v -2.000000 3.750002 5.999999
v -2.250000 3.750002 5.999999
v -2.250000 4.000001 5.999998
v -2.000000 4.000001 5.999998
v -2.000000 4.500001 5.999998
v -2.250000 4.250001 5.999998
v -1.750000 4.750001 5.603551
v -1.000000 4.750001 5.603551
v -2.250000 4.000001 5.499998
v -2.250000 4.000001 5.999998
v -2.250000 4.250001 5.999998
v -2.250000 4.250001 5.499998
v -2.000000 2.250001 5.749999
v -2.000000 2.250002 5.999999
v -2.000000 1.250002 5.999999
v -2.000000 1.250002 5.749999
v -1.000000 4.000001 5.499998
v -2.000000 4.000001 5.499998
v -1.023607 4.300002 6.599998
v -1.023607 4.200001 6.599998
v -1.865836 4.200001 6.178884
v -1.023607 4.200001 6.599998
v -1.023607 4.300002 6.599998
v -1.865836 4.300002 6.178884
v -1.750000 5.000001 5.353551
v -2.000000 5.000001 4.999998
v -2.000000 4.500001 5.499998
v -1.750000 4.750001 5.603551
v -2.000000 5.000001 4.999998
v -1.750000 5.000001 5.353551
v -1.750000 4.750001 5.603551
v -2.000000 4.500001 5.499998
v -2.000000 4.500001 5.999998
v -1.440983 4.750001 5.999998
v -1.440983 4.750001 5.999998
v -2.000000 4.500001 5.999998
v -1.000000 4.500001 6.499998
v -1.000000 4.750001 6.220490
v -1.000000 4.750001 6.220490
v -1.000000 4.500001 6.499998
v 0.000000 4.500001 6.499998
v 0.000000 4.750001 6.249998
v -1.910557 4.400002 6.044719
v -2.000000 4.500001 5.999998
v -2.000000 4.000001 5.999998
v -1.910557 4.100001 6.044719
v -1.000000 4.400002 6.499998
v -1.000000 4.500001 6.499998
v -2.000000 4.500001 5.999998
v -1.910557 4.400002 6.044719
v -1.000000 4.500001 6.499998
v -1.000000 4.400002 6.499998
v -1.000000 4.100001 6.499998
v -1.000000 4.000002 6.499998
v -1.910557 4.100001 6.044719
v -2.000000 4.000001 5.999998
v -1.000000 4.000002 6.499998
v -1.000000 4.100001 6.499998
v -1.865836 4.300002 6.178884
v -1.910557 4.400002 6.044719
v -1.910557 4.100001 6.044719
v -1.865836 4.200001 6.178884
v -1.023607 4.300002 6.599998
v -1.000000 4.400002 6.499998
v -1.910557 4.400002 6.044719
v -1.865836 4.300002 6.178884
v 0.000000 4.300002 6.599998
v 0.000000 4.400002 6.499998
v -1.000000 4.400002 6.499998
v -1.023607 4.300002 6.599998
v -1.023607 4.200001 6.599998
v -1.000000 4.100001 6.499998
v -1.865836 4.200001 6.178884
v -1.910557 4.100001 6.044719
v -1.000000 4.100001 6.499998
v -1.023607 4.200001 6.599998
v -2.000000 1.250002 5.999999
v -2.000000 2.250002 5.999999
v -2.250000 2.250002 5.999999
v -2.250000 1.250002 5.999999
v -2.000000 2.750001 5.749999
v -2.000000 2.500001 5.499999
v -2.000000 4.000001 5.499998
v -2.000000 3.750001 5.749999
v -2.000000 2.750002 5.999999
v -2.000000 2.500002 5.999999
v -2.250000 3.750001 5.749999
v -2.250000 2.500001 5.499999
v -2.250000 2.750001 5.749999
v -2.250000 2.500002 5.999999
v -2.250000 2.750002 5.999999
v -2.250000 3.750002 5.999999
v -2.250000 2.750002 5.999999
v -2.250000 2.500002 5.999999
v -2.000000 2.500002 5.999999
v -2.000000 2.750002 5.999999
v -2.000000 3.750002 5.999999
v -2.250000 3.750002 5.999999
v -2.000000 4.000001 5.999998
v -2.000000 3.750002 5.999999
v -2.000000 2.250001 5.749999
v -2.000000 2.250002 5.999999
v -2.000000 1.250002 5.749999
v -2.000000 1.000002 5.499999
v -2.250000 2.250001 5.749999
v -2.250000 1.250002 5.499999
v -2.250000 1.250002 5.749999
v -2.250000 2.250002 5.999999
v -2.000000 2.250002 5.999999
v -2.250000 2.250002 5.999999
v -2.000000 1.250002 5.999999
v -2.000000 1.000002 5.999999
v -2.250000 1.250002 5.749999
v -2.250000 1.000002 5.499999
v -2.250000 1.000002 5.999999
v -2.250000 1.250002 5.999999
v -2.250000 1.250002 5.749999
v -2.250000 1.250002 5.499999
v -2.250000 1.000002 5.499999
v -2.250000 1.250002 5.749999
v -2.250000 1.250002 5.999999
v -2.250000 1.000002 5.999999
v -2.000000 1.000002 5.999999
v -2.000000 1.250002 5.999999
v -7.439399 4.845238 3.166665
v -6.963953 5.000000 3.666665
v -6.963953 5.000000 1.833332
v -7.439399 4.845237 2.333332
v -7.439399 4.845236 -2.333334
v -6.963953 4.999999 -1.833335
v -6.963953 4.999999 -3.666668
v -7.439399 4.845236 -3.166668
v -7.439399 4.845237 2.333332
v -6.963953 5.000000 1.833332
v -8.500000 4.500000 1.833332
v -8.500000 4.500000 2.333332
v -8.500000 4.500000 3.166665
v -8.500000 4.500000 3.666665
v -6.963953 5.000000 3.666665
v -7.439399 4.845238 3.166665
v -7.439399 4.845236 -3.166668
v -6.963953 4.999999 -3.666668
v -8.500000 4.499999 -3.666668
v -8.500000 4.499999 -3.166668
v -8.500000 4.500000 2.333332
v -8.500000 4.500000 1.833332
v -8.500000 2.500000 1.833332
v -8.500000 3.000000 2.333332
v -8.500000 2.999999 -2.333334
v -8.500000 2.499999 -1.833334
v -8.500000 4.499999 -1.833335
v -8.500000 4.499999 -2.333335
v -8.500000 4.499999 -3.166668
v -8.500000 4.499999 -3.666668
v -8.500000 2.499999 -3.666667
v -8.500000 2.999999 -3.166667
v -8.000000 4.136934 3.166665
v -8.000000 3.000001 3.166665
v -8.500000 3.000001 3.166665
v -8.500000 4.500000 3.166665
v -8.500000 4.499999 -2.333335
v -8.500000 4.499999 -1.833335
v -6.963953 4.999999 -1.833335
v -7.439399 4.845236 -2.333334
v -7.284636 4.369791 -2.333334
v -7.439399 4.845236 -2.333334
v -7.439399 4.845236 -3.166668
v -7.284636 4.369790 -3.166668
v -7.284636 4.369792 2.333332
v -7.439399 4.845237 2.333332
v -8.500000 4.500000 2.333332
v -8.000000 4.136933 2.333332
v -8.000000 4.136934 3.166665
v -8.500000 4.500000 3.166665
v -7.439399 4.845238 3.166665
v -7.284636 4.369792 3.166665
v -7.284636 4.369790 -3.166668
v -7.439399 4.845236 -3.166668
v -8.500000 4.499999 -3.166668
v -8.000000 4.136932 -3.166667
v -8.000000 4.136933 2.333332
v -8.500000 4.500000 2.333332
v -8.500000 3.000000 2.333332
v -8.000000 3.000000 2.333332
v -8.000000 4.136932 -2.333334
v -8.000000 2.999999 -2.333334
v -8.500000 2.999999 -2.333334
v -8.500000 4.499999 -2.333335
v -8.000000 4.136932 -3.166667
v -8.500000 4.499999 -3.166668
v -8.500000 2.999999 -3.166667
v -8.000000 2.999999 -3.166667
v -8.000000 4.136932 -2.333334
v -8.500000 4.499999 -2.333335
v -7.439399 4.845236 -2.333334
v -7.284636 4.369791 -2.333334
v -8.000000 2.999999 -3.166667
v -8.500000 2.999999 -3.166667
v -8.500000 2.999999 -2.333334
v -8.000000 2.999999 -2.333334
v -8.000000 3.000000 2.333332
v -8.500000 3.000000 2.333332
v -8.500000 3.000001 3.166665
v -8.000000 3.000001 3.166665
v -7.284636 4.369792 3.166665
v -7.439399 4.845238 3.166665
v -7.439399 4.845237 2.333332
v -7.284636 4.369792 2.333332
v -9.986625 0.999998 -5.614876
v -9.986625 0.499998 -5.614876
v -9.853554 0.499999 -3.313113
v -9.853554 0.999999 -3.313113
v -9.853554 1.000001 3.313113
v -9.853554 0.500001 3.313113
v -9.986625 0.500002 5.614876
v -9.986625 1.000002 5.614875
v -10.000000 1.000000 -0.000000
v -10.000000 0.500000 -0.000000
v -9.853554 0.500001 2.186886
v -9.853554 1.000001 2.186886
v -9.853554 0.999999 -2.186887
v -9.853554 0.499999 -2.186887
v -10.000000 0.500000 -0.000000
v -10.000000 1.000000 -0.000000
v 1.750000 5.000001 5.353551
v 1.000000 4.750001 5.603551
v 1.750000 4.750001 5.603551
v 0.000000 4.750001 5.603551
v 0.000000 5.000001 5.353551
v 9.500000 4.500000 1.833332
v 8.963953 4.999999 -1.833335
v 8.963953 5.000000 1.833332
v 9.500000 4.499999 -1.833335
v 7.250055 1.240158 7.919721
v 6.749945 1.240158 7.919721
v 7.000000 1.000002 7.999999
v 7.250060 2.500002 7.499999
v 6.749940 2.500002 7.499999
v 2.000000 4.000001 5.499998
v 0.000000 3.646448 5.146445
v 1.646447 3.646448 5.146445
v 0.000000 4.000001 5.499998
v 7.000000 5.000001 5.499998
v 6.487520 4.999998 -4.870194
v 6.487520 5.000001 4.870192
v 6.963953 5.000000 3.666665
v 6.963953 4.999999 -3.666668
v 7.000000 4.999998 -5.500001
v 2.250000 1.250002 5.749999
v 2.250000 2.250002 5.999999
v 2.250000 1.250002 5.999999
v 2.250000 2.250001 5.749999
v 4.250000 4.250001 5.499998
v 2.250000 4.000001 5.499998
v 2.250000 4.250001 5.499998
v 0.000000 5.000001 5.353551
v -1.000000 4.750001 5.603551
v 0.000000 4.750001 5.603551
v -1.750000 4.750001 5.603551
v -1.750000 5.000001 5.353551
v -8.963953 5.000000 1.833332
v -9.500000 4.500000 -0.000001
v -9.500000 4.500000 1.833332
v -9.500000 4.499999 -1.833335
v -8.963953 4.999999 -1.833335
v -6.749945 1.240158 7.919721
v -7.250055 1.240158 7.919721
v -7.000000 1.000002 7.999999
v -6.749940 2.500002 7.499999
v -7.250060 2.500002 7.499999
v 0.000000 4.000001 5.499998
v -1.646447 3.646448 5.146445
v 0.000000 3.646448 5.146445
v -2.000000 4.000001 5.499998
v -6.487520 5.000001 4.870192
v -6.963953 5.000000 3.666665
v -7.000000 5.000001 5.499998
v -6.963953 5.000000 1.833332
v -6.963953 4.999999 -1.833335
v -6.963953 4.999999 -3.666668
v -6.487520 4.999998 -4.870194
v -7.000000 4.999998 -5.500001
v -2.250000 2.250001 5.749999
v -2.250000 1.250002 5.999999
v -2.250000 2.250002 5.999999
v -2.250000 1.250002 5.749999
v -2.250000 4.000001 5.499998
v -4.250000 4.250001 5.499998
v -2.250000 4.250001 5.499998
vn -0.0000 1.0000 -0.0000
vn -0.0000 -1.0000 -0.0000
vn -0.0000 -0.0000 1.0000
vn -0.0000 -0.0000 -1.0000
vn 0.8837 -0.0000 0.4681
vn 0.8837 -0.0000 -0.4681
vn -0.8837 -0.0000 0.4681
vn -0.8837 -0.0000 -0.4681
vn -0.8944 -0.0000 0.4472
vn 1.0000 -0.0000 -0.0000
vn 0.8944 -0.0000 0.4472
vn -0.8944 -0.0000 -0.4472
vn 0.8944 -0.0000 -0.4472
vn 0.7071 0.7071 -0.0000
vn -0.0000 -0.7071 0.7071
vn -0.7071 -0.0000 0.7071
vn -1.0000 -0.0000 -0.0000
vn -0.0000 0.7071 0.7071
vn 0.6821 0.7313 -0.0000
vn 0.6458 0.6919 0.3229
vn 0.6452 0.6924 0.3228
vn 0.6453 0.6923 0.3229
vn 0.6451 0.6926 0.3227
vn 0.6446 0.6931 0.3227
vn -0.6325 0.7071 0.3162
vn -0.0000 0.7071 -0.7071
vn -0.6325 0.7071 -0.3162
vn 0.6451 0.6927 -0.3225
vn 0.6453 0.6924 -0.3228
vn 0.6452 0.6925 -0.3227
vn 0.6455 0.6920 -0.3231
vn 0.6457 0.6920 -0.3229
vn 0.3095 0.9509 -0.0000
vn 0.9479 0.3187 0.0010
vn 0.9597 0.2780 -0.0410
vn 0.9485 0.3166 -0.0054
vn 0.9668 0.2448 -0.0732
vn 0.9676 0.2403 -0.0782
vn 0.9733 0.2294 -0.0000
vn -0.0000 0.2294 -0.9733
vn 0.9739 0.2268 0.0002
vn 0.9597 0.2780 0.0410
vn 0.9726 0.2325 0.0042
vn 0.9462 0.3153 0.0722
vn 0.9438 0.3220 0.0742
vn 0.9503 0.3113 0.0011
vn 0.9615 0.2723 -0.0361
vn 0.9513 0.3083 -0.0060
vn 0.9680 0.2429 -0.0622
vn 0.9690 0.2375 -0.0679
vn 0.9616 0.2722 -0.0361
vn -0.0000 0.2294 0.9733
vn -0.0033 0.2768 0.9609
vn -0.0268 0.2968 0.9546
vn 0.0024 0.2730 0.9620
vn -0.0536 0.3159 0.9473
vn -0.0468 0.3140 0.9483
vn 0.0033 0.2768 -0.9609
vn 0.0268 0.2968 -0.9546
vn -0.0024 0.2730 -0.9620
vn 0.0536 0.3159 -0.9473
vn 0.0468 0.3140 -0.9483
vn -0.0000 0.3162 -0.9487
vn 0.0013 0.2642 -0.9645
vn 0.0171 0.2934 -0.9559
vn 0.0041 0.2759 -0.9612
vn 0.0311 0.3124 -0.9494
vn 0.0338 0.3233 -0.9457
vn -0.8605 0.2728 -0.4303
vn -0.0012 0.3116 -0.9502
vn -0.0268 0.2968 -0.9546
vn 0.0021 0.3171 -0.9484
vn -0.0532 0.2784 -0.9590
vn -0.0480 0.2827 -0.9580
vn -0.8569 0.2875 0.4278
vn -0.8567 0.2793 0.4337
vn -0.8565 0.2851 0.4302
vn -0.8568 0.2746 0.4365
vn -0.8564 0.2721 0.4388
vn 0.9740 0.2266 0.0004
vn 0.9616 0.2722 0.0361
vn 0.9725 0.2330 0.0047
vn 0.9509 0.3031 0.0618
vn 0.9483 0.3107 0.0641
vn 0.9615 0.2723 0.0361
vn 0.8611 0.2679 0.4322
vn 0.8494 0.2915 0.4400
vn 0.8581 0.2760 0.4329
vn 0.8417 0.3044 0.4460
vn 0.8382 0.3128 0.4467
vn 0.8494 0.2914 0.4400
vn 0.8501 0.3132 -0.4232
vn 0.8494 0.2915 -0.4400
vn 0.8490 0.3073 -0.4298
vn 0.8494 0.2777 -0.4488
vn 0.8481 0.2713 -0.4550
vn 0.8494 0.2914 -0.4400
vn 0.0012 0.3116 0.9502
vn 0.0268 0.2968 0.9546
vn -0.0021 0.3171 0.9484
vn 0.0532 0.2784 0.9590
vn 0.0480 0.2827 0.9580
vn -0.7070 0.7071 -0.0139
vn 0.6323 0.7071 0.3165
vn 0.6323 0.7071 -0.3165
vn 0.1573 0.7071 0.6894
vn 0.1573 0.7071 -0.6894
vn -0.7070 0.7071 0.0139
vn 0.0651 0.2294 0.9711
vn -0.0081 0.0942 0.9955
vn -0.0087 0.1165 0.9931
vn -0.0074 0.0848 0.9964
vn -0.0487 -0.0861 0.9951
vn -0.0081 0.0941 0.9955
vn -0.0627 0.0423 0.9971
vn 0.0964 -0.0100 0.9953
vn 0.0848 -0.0059 0.9964
vn 0.1072 -0.0155 0.9941
vn 0.2664 -0.0366 0.9632
vn -0.0335 -0.9991 -0.0244
vn 0.0079 -0.9971 0.0761
vn 0.0090 -0.9978 0.0656
vn 0.0070 -0.9963 0.0860
vn 0.0636 -0.9852 0.1590
vn -0.9804 -0.0090 0.1966
vn -0.9971 0.0093 0.0749
vn -0.9963 0.0061 0.0859
vn -0.9979 0.0140 0.0625
vn -0.9985 0.0203 -0.0506
vn -0.1573 0.7071 -0.6894
vn -0.1573 0.7071 0.6894
vn 0.6983 0.7158 -0.0000
vn -0.7071 0.7071 -0.0000
vn -0.0003 0.2727 -0.9621
vn 0.0009 0.2730 -0.9620
vn 0.0006 0.2730 -0.9620
vn 0.0010 0.2731 -0.9620
vn 0.0019 0.2733 -0.9619
vn 0.0008 0.2730 -0.9620
vn 0.9738 0.2274 0.0069
vn 0.9735 0.2285 0.0023
vn 0.9736 0.2283 0.0035
vn 0.9735 0.2286 0.0017
vn 0.9732 0.2298 -0.0017
vn 0.9513 0.3083 -0.0017
vn 0.9510 0.3093 0.0030
vn 0.9511 0.3090 0.0023
vn 0.9509 0.3094 0.0035
vn 0.9508 0.3097 0.0078
vn 0.9510 0.3092 0.0031
vn 0.0021 0.2729 0.9620
vn 0.0007 0.2730 0.9620
vn 0.0012 0.2731 0.9620
vn 0.0005 0.2730 0.9620
vn -0.0006 0.2729 0.9621
vn 0.9513 0.3081 -0.0078
vn 0.9510 0.3092 -0.0030
vn 0.9509 0.3095 -0.0044
vn 0.9510 0.3091 -0.0023
vn 0.9510 0.3091 0.0022
vn 0.9510 0.3093 -0.0030
vn 0.9732 0.2301 -0.0001
vn 0.9735 0.2285 -0.0023
vn 0.9735 0.2286 -0.0018
vn 0.9736 0.2284 -0.0027
vn 0.9740 0.2267 -0.0042
vn 0.9487 0.3161 -0.0020
vn 0.9485 0.3167 0.0034
vn 0.9486 0.3166 0.0026
vn 0.9484 0.3169 0.0040
vn 0.9485 0.3168 0.0090
vn 0.9485 0.3167 0.0035
vn -0.8620 0.2722 0.4277
vn -0.8610 0.2725 0.4294
vn -0.8613 0.2724 0.4290
vn -0.8609 0.2725 0.4296
vn -0.8602 0.2729 0.4308
vn -0.8610 0.2725 0.4295
vn -0.8570 0.2856 0.4290
vn -0.8575 0.2860 0.4276
vn -0.8575 0.2859 0.4278
vn -0.8575 0.2861 0.4275
vn -0.8581 0.2863 0.4262
vn 0.9738 0.2272 0.0076
vn 0.9736 0.2285 0.0025
vn 0.9736 0.2282 0.0038
vn 0.9735 0.2285 0.0018
vn 0.9732 0.2299 -0.0019
vn 0.9736 0.2284 0.0025
vn 0.9432 0.3290 0.0458
vn 0.9599 0.2739 0.0591
vn 0.9565 0.2860 0.0580
vn 0.9609 0.2702 0.0606
vn 0.9738 0.2200 0.0569
vn 0.9600 0.2739 0.0591
vn 0.0323 0.2684 0.9628
vn 0.0438 0.2981 0.9535
vn 0.0452 0.2880 0.9566
vn 0.0440 0.3014 0.9525
vn 0.0461 0.3338 0.9415
vn -0.8579 0.2742 0.4345
vn -0.8551 0.2794 0.4367
vn -0.8554 0.2781 0.4369
vn -0.8550 0.2798 0.4367
vn -0.8527 0.2867 0.4367
vn 0.0380 0.3395 -0.9398
vn 0.0438 0.2981 -0.9535
vn 0.0434 0.3097 -0.9498
vn 0.0450 0.2943 -0.9546
vn 0.0404 0.2609 -0.9645
vn 0.9712 0.2350 -0.0392
vn 0.9600 0.2738 -0.0591
vn 0.9629 0.2631 -0.0600
vn 0.9590 0.2772 -0.0596
vn 0.9435 0.3249 -0.0648
vn 0.9599 0.2739 -0.0591
vn 0.9706 0.2361 -0.0465
vn 0.9573 0.2809 -0.0684
vn 0.9608 0.2684 -0.0697
vn 0.9561 0.2849 -0.0690
vn 0.9378 0.3390 -0.0751
vn -0.7001 0.7140 -0.0000
vn 0.0010 0.3161 -0.9487
vn 0.0007 0.3161 -0.9487
vn 0.0003 0.3162 -0.9487
vn 0.8645 0.2710 -0.4233
vn 0.8619 0.2719 -0.4280
vn 0.8626 0.2717 -0.4268
vn 0.8616 0.2719 -0.4286
vn 0.8596 0.2731 -0.4319
vn 0.8619 0.2720 -0.4280
vn 0.8541 0.3081 0.4190
vn 0.8518 0.3092 0.4228
vn 0.8523 0.3094 0.4216
vn 0.8516 0.3091 0.4234
vn 0.8497 0.3091 0.4271
vn 0.8603 0.2737 0.4301
vn 0.8619 0.2720 0.4280
vn 0.8616 0.2719 0.4285
vn 0.8621 0.2719 0.4277
vn 0.8634 0.2700 0.4261
vn 0.9736 0.2284 -0.0025
vn 0.9735 0.2285 -0.0020
vn 0.9736 0.2283 -0.0030
vn 0.9740 0.2265 -0.0046
vn 0.9736 0.2284 -0.0026
vn 0.8502 0.3084 -0.4267
vn 0.8518 0.3092 -0.4228
vn 0.8516 0.3090 -0.4234
vn 0.8520 0.3094 -0.4223
vn 0.8537 0.3096 -0.4188
vn 0.9491 0.3149 -0.0085
vn 0.9485 0.3167 -0.0034
vn 0.9484 0.3169 -0.0050
vn 0.9485 0.3166 -0.0027
vn 0.9484 0.3171 0.0024
vn 0.9485 0.3167 -0.0035
vn 0.0004 0.2727 0.9621
vn -0.0008 0.2730 0.9620
vn -0.0006 0.2730 0.9620
vn -0.0009 0.2731 0.9620
vn -0.0019 0.2733 0.9619
vn -0.0007 0.2730 0.9620
vn 0.8412 0.3135 0.4406
vn 0.8446 0.2919 0.4488
vn 0.8437 0.2959 0.4478
vn 0.8447 0.2907 0.4495
vn 0.8506 0.2701 0.4512
vn -0.0323 0.2684 -0.9628
vn -0.0438 0.2981 -0.9535
vn -0.0452 0.2880 -0.9566
vn -0.0440 0.3014 -0.9525
vn -0.0461 0.3338 -0.9415
vn 0.8527 0.2769 -0.4430
vn 0.8446 0.2919 -0.4488
vn 0.8455 0.2882 -0.4495
vn 0.8442 0.2930 -0.4488
vn 0.8373 0.3126 -0.4486
vn 0.0272 0.3204 -0.9469
vn 0.0338 0.2920 -0.9558
vn 0.0331 0.2970 -0.9543
vn 0.0347 0.2900 -0.9564
vn 0.0333 0.2634 -0.9641
vn -0.0380 0.3395 0.9398
vn -0.0438 0.2981 0.9535
vn -0.0434 0.3097 0.9498
vn -0.0450 0.2943 0.9546
vn -0.0404 0.2609 0.9645
vn 0.9371 0.3449 0.0540
vn 0.9573 0.2809 0.0684
vn 0.9530 0.2956 0.0672
vn 0.9585 0.2763 0.0703
vn 0.9735 0.2191 0.0656
vn -0.0000 0.3161 -0.9487
vn -0.0009 0.3162 -0.9487
vn -0.0120 0.3144 -0.9492
vn -0.0049 0.3170 -0.9484
vn -0.0071 0.3172 -0.9483
vn -0.0038 0.3168 -0.9485
vn 0.0035 0.3175 -0.9483
vn 0.0010 0.2743 -0.9616
vn -0.0046 0.2728 -0.9621
vn -0.0035 0.2725 -0.9622
vn -0.0054 0.2729 -0.9620
vn -0.0112 0.2716 -0.9624
vn -0.0047 0.2728 -0.9621
vn -0.0021 0.2729 -0.9621
vn -0.0008 0.2731 -0.9620
vn -0.0012 0.2732 -0.9620
vn -0.0006 0.2730 -0.9620
vn 0.0005 0.2729 -0.9621
vn -0.0007 0.2730 -0.9620
vn 0.4472 -0.0000 0.8944
vn 0.7071 0.5000 0.5000
vn 0.3664 0.8747 0.3171
vn 0.5337 0.8254 0.1840
vn 0.3766 0.8714 0.3146
vn 0.7128 0.7009 0.0256
vn 0.6950 0.7190 -0.0006
vn 0.5337 0.8254 0.1839
vn 0.3162 0.7071 0.6325
vn 0.0098 0.6988 0.7152
vn 0.0101 0.7270 0.6865
vn 0.0144 0.7182 0.6957
vn 0.0060 0.7354 0.6776
vn 0.0118 0.7535 0.6573
vn 0.9487 -0.0000 0.3162
vn 0.3162 -0.7071 0.6325
vn 1.0000 -0.0000 -0.0001
vn 0.9509 -0.3095 -0.0000
vn 0.9983 -0.0000 0.0577
vn 0.9983 -0.0000 -0.0577
vn 0.9978 -0.0000 0.0668
vn 0.9978 -0.0000 -0.0668
vn 0.7071 -0.0000 0.7071
vn -0.6821 0.7313 -0.0000
vn -0.6451 0.6926 0.3227
vn -0.6452 0.6924 0.3228
vn -0.6446 0.6931 0.3227
vn -0.6458 0.6919 0.3229
vn -0.6453 0.6923 0.3229
vn 0.6325 0.7071 0.3162
vn 0.6325 0.7071 -0.3162
vn -0.6455 0.6920 -0.3231
vn -0.6452 0.6925 -0.3227
vn -0.6457 0.6920 -0.3229
vn -0.6451 0.6927 -0.3225
vn -0.6453 0.6924 -0.3228
vn -0.3095 0.9509 -0.0000
vn -0.9668 0.2448 -0.0731
vn -0.9597 0.2780 -0.0410
vn -0.9676 0.2403 -0.0782
vn -0.9478 0.3187 0.0010
vn -0.9485 0.3166 -0.0054
vn -0.9733 0.2294 -0.0000
vn -0.9462 0.3153 0.0722
vn -0.9597 0.2780 0.0410
vn -0.9438 0.3220 0.0742
vn -0.9739 0.2268 0.0002
vn -0.9726 0.2325 0.0042
vn -0.9680 0.2429 -0.0622
vn -0.9616 0.2722 -0.0361
vn -0.9690 0.2375 -0.0679
vn -0.9503 0.3113 0.0011
vn -0.9513 0.3083 -0.0060
vn 0.0536 0.3159 0.9473
vn 0.0468 0.3140 0.9483
vn 0.0033 0.2768 0.9609
vn -0.0024 0.2730 0.9620
vn -0.0536 0.3159 -0.9473
vn -0.0468 0.3140 -0.9483
vn -0.0033 0.2768 -0.9609
vn 0.0024 0.2730 -0.9620
vn -0.0311 0.3124 -0.9494
vn -0.0171 0.2934 -0.9559
vn -0.0338 0.3233 -0.9457
vn -0.0013 0.2642 -0.9645
vn -0.0041 0.2759 -0.9612
vn 0.8605 0.2728 -0.4303
vn 0.0532 0.2784 -0.9590
vn 0.0480 0.2827 -0.9580
vn 0.0012 0.3116 -0.9502
vn -0.0021 0.3170 -0.9484
vn 0.8568 0.2746 0.4365
vn 0.8567 0.2793 0.4337
vn 0.8564 0.2721 0.4389
vn 0.8569 0.2875 0.4278
vn 0.8565 0.2851 0.4303
vn -0.9509 0.3031 0.0618
vn -0.9615 0.2723 0.0361
vn -0.9483 0.3107 0.0641
vn -0.9740 0.2266 0.0004
vn -0.9725 0.2330 0.0047
vn -0.9616 0.2722 0.0361
vn -0.8417 0.3044 0.4460
vn -0.8494 0.2914 0.4400
vn -0.8382 0.3128 0.4467
vn -0.8611 0.2679 0.4322
vn -0.8581 0.2760 0.4329
vn -0.8494 0.2915 0.4400
vn -0.8494 0.2777 -0.4488
vn -0.8494 0.2914 -0.4400
vn -0.8481 0.2713 -0.4551
vn -0.8501 0.3132 -0.4232
vn -0.8490 0.3073 -0.4299
vn -0.0532 0.2784 0.9590
vn -0.0480 0.2827 0.9580
vn -0.0012 0.3116 0.9502
vn 0.0021 0.3171 0.9484
vn 0.7070 0.7071 -0.0139
vn -0.6323 0.7071 0.3165
vn -0.6323 0.7071 -0.3165
vn 0.7070 0.7071 0.0139
vn 0.0074 0.0848 0.9964
vn 0.0081 0.0941 0.9955
vn 0.0486 -0.0861 0.9951
vn -0.0651 0.2295 0.9711
vn 0.0087 0.1166 0.9931
vn 0.0081 0.0942 0.9955
vn -0.1072 -0.0155 0.9941
vn -0.0964 -0.0100 0.9953
vn -0.2665 -0.0366 0.9632
vn 0.0627 0.0423 0.9971
vn -0.0848 -0.0059 0.9964
vn -0.0071 -0.9963 0.0860
vn -0.0079 -0.9971 0.0761
vn -0.0636 -0.9852 0.1590
vn 0.0335 -0.9991 -0.0244
vn -0.0090 -0.9978 0.0656
vn -0.0080 -0.9971 0.0761
vn 0.9979 0.0140 0.0625
vn 0.9971 0.0093 0.0749
vn 0.9985 0.0203 -0.0506
vn 0.9804 -0.0090 0.1966
vn 0.9963 0.0061 0.0859
vn -0.6983 0.7158 -0.0000
vn -0.0010 0.2731 -0.9620
vn -0.0008 0.2730 -0.9620
vn -0.0019 0.2733 -0.9619
vn 0.0003 0.2727 -0.9621
vn -0.0009 0.2730 -0.9620
vn -0.9735 0.2286 0.0016
vn -0.9735 0.2286 0.0022
vn -0.9732 0.2298 -0.0016
vn -0.9738 0.2274 0.0068
vn -0.9736 0.2282 0.0036
vn -0.9735 0.2285 0.0023
vn -0.9509 0.3094 0.0035
vn -0.9510 0.3092 0.0031
vn -0.9508 0.3097 0.0078
vn -0.9513 0.3083 -0.0017
vn -0.9511 0.3090 0.0023
vn -0.9510 0.3093 0.0030
vn -0.0005 0.2730 0.9620
vn 0.0006 0.2729 0.9621
vn -0.0021 0.2729 0.9620
vn -0.0012 0.2731 0.9620
vn -0.9510 0.3091 -0.0023
vn -0.9510 0.3092 -0.0030
vn -0.9510 0.3091 0.0021
vn -0.9513 0.3081 -0.0078
vn -0.9509 0.3095 -0.0045
vn -0.9736 0.2284 -0.0027
vn -0.9735 0.2285 -0.0023
vn -0.9740 0.2267 -0.0042
vn -0.9732 0.2301 -0.0001
vn -0.9735 0.2286 -0.0018
vn -0.9484 0.3169 0.0040
vn -0.9485 0.3167 0.0035
vn -0.9485 0.3168 0.0090
vn -0.9487 0.3161 -0.0020
vn -0.9486 0.3166 0.0026
vn -0.9485 0.3167 0.0034
vn 0.8609 0.2725 0.4296
vn 0.8610 0.2725 0.4295
vn 0.8602 0.2729 0.4308
vn 0.8620 0.2722 0.4277
vn 0.8613 0.2724 0.4290
vn 0.8610 0.2725 0.4294
vn 0.8575 0.2861 0.4275
vn 0.8575 0.2860 0.4276
vn 0.8581 0.2863 0.4262
vn 0.8570 0.2856 0.4290
vn 0.8575 0.2859 0.4278
vn -0.9735 0.2285 0.0018
vn -0.9736 0.2284 0.0025
vn -0.9732 0.2299 -0.0019
vn -0.9738 0.2272 0.0076
vn -0.9736 0.2282 0.0038
vn -0.9736 0.2285 0.0025
vn -0.9609 0.2702 0.0606
vn -0.9600 0.2739 0.0591
vn -0.9738 0.2200 0.0569
vn -0.9432 0.3290 0.0458
vn -0.9565 0.2860 0.0580
vn -0.9599 0.2739 0.0591
vn -0.0440 0.3014 0.9525
vn -0.0461 0.3338 0.9415
vn -0.0323 0.2684 0.9628
vn -0.0452 0.2880 0.9566
vn 0.8550 0.2798 0.4367
vn 0.8551 0.2794 0.4367
vn 0.8527 0.2867 0.4367
vn 0.8579 0.2742 0.4345
vn 0.8554 0.2781 0.4369
vn -0.0450 0.2943 -0.9546
vn -0.0404 0.2609 -0.9645
vn -0.0380 0.3395 -0.9398
vn -0.0434 0.3097 -0.9498
vn -0.9590 0.2772 -0.0596
vn -0.9599 0.2739 -0.0591
vn -0.9435 0.3249 -0.0648
vn -0.9712 0.2350 -0.0392
vn -0.9629 0.2631 -0.0600
vn -0.9600 0.2738 -0.0591
vn -0.9561 0.2849 -0.0690
vn -0.9573 0.2809 -0.0684
vn -0.9378 0.3390 -0.0751
vn -0.9706 0.2361 -0.0465
vn -0.9608 0.2684 -0.0697
vn 0.7001 0.7140 -0.0000
vn -0.0005 0.3162 -0.9487
vn -0.0010 0.3161 -0.9487
vn -0.0007 0.3162 -0.9487
vn -0.0005 0.3161 -0.9487
vn -0.8616 0.2719 -0.4286
vn -0.8619 0.2720 -0.4280
vn -0.8596 0.2731 -0.4319
vn -0.8645 0.2710 -0.4233
vn -0.8626 0.2717 -0.4268
vn -0.8619 0.2719 -0.4280
vn -0.8516 0.3091 0.4234
vn -0.8518 0.3092 0.4228
vn -0.8497 0.3091 0.4271
vn -0.8541 0.3081 0.4190
vn -0.8524 0.3094 0.4216
vn -0.8621 0.2719 0.4277
vn -0.8619 0.2720 0.4280
vn -0.8634 0.2700 0.4261
vn -0.8603 0.2737 0.4301
vn -0.8617 0.2719 0.4285
vn -0.9736 0.2283 -0.0030
vn -0.9736 0.2284 -0.0026
vn -0.9740 0.2265 -0.0046
vn -0.9735 0.2285 -0.0020
vn -0.9736 0.2284 -0.0025
vn -0.8520 0.3094 -0.4223
vn -0.8518 0.3092 -0.4228
vn -0.8537 0.3096 -0.4188
vn -0.8502 0.3084 -0.4267
vn -0.8516 0.3090 -0.4234
vn -0.9485 0.3166 -0.0027
vn -0.9485 0.3167 -0.0035
vn -0.9484 0.3171 0.0024
vn -0.9491 0.3149 -0.0085
vn -0.9484 0.3169 -0.0050
vn -0.9485 0.3167 -0.0034
vn 0.0009 0.2731 0.9620
vn 0.0019 0.2733 0.9619
vn -0.0004 0.2727 0.9621
vn 0.0006 0.2730 0.9620
vn 0.0008 0.2730 0.9620
vn -0.8447 0.2907 0.4495
vn -0.8446 0.2919 0.4488
vn -0.8506 0.2701 0.4512
vn -0.8412 0.3135 0.4406
vn -0.8437 0.2959 0.4478
vn 0.0440 0.3014 -0.9525
vn 0.0461 0.3338 -0.9415
vn 0.0323 0.2684 -0.9628
vn 0.0452 0.2880 -0.9566
vn -0.8442 0.2930 -0.4488
vn -0.8446 0.2919 -0.4488
vn -0.8373 0.3126 -0.4486
vn -0.8527 0.2769 -0.4430
vn -0.8455 0.2882 -0.4495
vn -0.0347 0.2900 -0.9564
vn -0.0338 0.2920 -0.9558
vn -0.0333 0.2634 -0.9641
vn -0.0272 0.3204 -0.9469
vn -0.0331 0.2970 -0.9543
vn 0.0450 0.2943 0.9546
vn 0.0404 0.2609 0.9645
vn 0.0380 0.3395 0.9398
vn 0.0434 0.3097 0.9498
vn -0.9585 0.2763 0.0703
vn -0.9573 0.2809 0.0684
vn -0.9735 0.2191 0.0656
vn -0.9371 0.3449 0.0540
vn -0.9530 0.2956 0.0672
vn 0.0009 0.3162 -0.9487
vn 0.0038 0.3168 -0.9485
vn 0.0049 0.3170 -0.9484
vn -0.0035 0.3175 -0.9483
vn 0.0121 0.3144 -0.9492
vn 0.0071 0.3172 -0.9483
vn 0.0054 0.2729 -0.9620
vn 0.0047 0.2728 -0.9621
vn 0.0112 0.2716 -0.9624
vn -0.0010 0.2743 -0.9616
vn 0.0035 0.2725 -0.9622
vn 0.0046 0.2728 -0.9621
vn 0.0005 0.2729 -0.9620
vn -0.0003 0.2728 -0.9621
vn 0.0020 0.2730 -0.9620
vn 0.0014 0.2732 -0.9619
vn 0.0009 0.2731 -0.9620
vn -0.4472 -0.0000 0.8944
vn -0.7071 0.5000 0.5000
vn -0.7128 0.7009 0.0256
vn -0.5337 0.8254 0.1839
vn -0.6950 0.7190 -0.0006
vn -0.3664 0.8747 0.3171
vn -0.3766 0.8713 0.3146
vn -0.5337 0.8254 0.1840
vn -0.3162 0.7071 0.6325
vn -0.0060 0.7354 0.6776
vn -0.0101 0.7270 0.6865
vn -0.0118 0.7535 0.6573
vn -0.0098 0.6988 0.7152
vn -0.0144 0.7182 0.6957
vn -0.9487 -0.0000 0.3162
vn -0.3162 -0.7071 0.6325
vn -1.0000 -0.0000 -0.0001
vn -0.9509 -0.3095 -0.0000
vn -0.9983 -0.0000 0.0577
vn -0.9983 -0.0000 -0.0577
vn -0.9978 -0.0000 0.0668
vn -0.9978 -0.0000 -0.0668
vn -0.0000 0.3162 0.9487
vn -0.0000 0.3161 0.9487
vt 0.584386 0.157103
vt 0.584386 0.158510
vt 0.849491 0.205805
vt 0.849491 0.208996
vt 0.772771 0.137500
vt 0.775622 0.138859
vt 0.783244 0.152839
vt 0.780393 0.154198
vt 0.766210 0.137500
vt 0.769061 0.138859
vt 0.805905 0.157521
vt 0.805510 0.164893
vt 0.789807 0.152839
vt 0.786956 0.154198
vt 0.832326 0.146984
vt 0.832721 0.154356
vt 0.418898 0.149376
vt 0.423795 0.149379
vt 0.423974 0.143809
vt 0.419094 0.143806
vt 0.475424 0.221284
vt 0.479804 0.223282
vt 0.481739 0.218933
vt 0.476237 0.216553
vt 0.480624 0.181288
vt 0.480635 0.175713
vt 0.477484 0.175713
vt 0.477484 0.181288
vt 0.476871 0.154145
vt 0.476058 0.149414
vt 0.473145 0.153037
vt 0.474516 0.156117
vt 0.426085 0.152097
vt 0.420594 0.152046
vt 0.420571 0.156301
vt 0.426063 0.156328
vt 0.425771 0.162786
vt 0.426022 0.157844
vt 0.420531 0.157812
vt 0.420279 0.162767
vt 0.438884 0.163097
vt 0.438884 0.156725
vt 0.433387 0.156725
vt 0.433387 0.163108
vt 0.480623 0.195101
vt 0.480635 0.189533
vt 0.477483 0.189533
vt 0.477483 0.195101
vt 0.432269 0.148691
vt 0.437146 0.148258
vt 0.436474 0.142727
vt 0.431617 0.143158
vt 0.452901 0.159780
vt 0.452878 0.155549
vt 0.447387 0.155576
vt 0.447410 0.159831
vt 0.452586 0.149091
vt 0.447094 0.149110
vt 0.447347 0.154065
vt 0.452838 0.154033
vt 0.473882 0.214581
vt 0.472512 0.217661
vt 0.472767 0.195101
vt 0.475907 0.195101
vt 0.475907 0.189533
vt 0.472756 0.189533
vt 0.472768 0.181288
vt 0.475908 0.181288
vt 0.475908 0.175713
vt 0.472756 0.175713
vt 0.480112 0.211367
vt 0.475224 0.211566
vt 0.438884 0.155130
vt 0.438884 0.150342
vt 0.433387 0.150342
vt 0.433387 0.155129
vt 0.471140 0.172386
vt 0.475850 0.172386
vt 0.475850 0.162279
vt 0.471140 0.162279
vt 0.835173 0.154521
vt 0.834386 0.155319
vt 0.972677 0.952613
vt 0.972677 0.957159
vt 0.973154 0.957642
vt 0.973154 0.952613
vt 0.966477 0.907156
vt 0.970291 0.907156
vt 0.970319 0.906673
vt 0.966267 0.906673
vt 0.469764 0.202613
vt 0.469764 0.205805
vt 0.471340 0.205805
vt 0.471340 0.202613
vt 0.474491 0.205812
vt 0.474491 0.208996
vt 0.476067 0.208996
vt 0.476067 0.205812
vt 0.480746 0.159331
vt 0.475857 0.159132
vt 0.584386 0.155319
vt 0.584386 0.147340
vt 0.582721 0.146354
vt 0.582721 0.155319
vt 0.571629 0.160633
vt 0.571598 0.154782
vt 0.569873 0.154792
vt 0.569904 0.160643
vt 0.601696 0.174916
vt 0.606423 0.174916
vt 0.605519 0.173229
vt 0.601696 0.173229
vt 0.594764 0.218009
vt 0.599216 0.223541
vt 0.599924 0.221949
vt 0.596586 0.217798
vt 0.605688 0.208996
vt 0.598647 0.209283
vt 0.599698 0.210805
vt 0.606739 0.210519
vt 0.601695 0.188738
vt 0.606422 0.188738
vt 0.605448 0.187020
vt 0.601694 0.187020
vt 0.599281 0.161415
vt 0.606322 0.161702
vt 0.607373 0.160179
vt 0.600332 0.159893
vt 0.599849 0.147157
vt 0.595398 0.152689
vt 0.597220 0.152900
vt 0.600558 0.148749
vt 0.557601 0.163906
vt 0.557601 0.155927
vt 0.555905 0.155928
vt 0.555905 0.164893
vt 0.557601 0.149544
vt 0.555905 0.149545
vt 0.596968 0.174916
vt 0.597942 0.173229
vt 0.596968 0.188738
vt 0.597871 0.187020
vt 0.434716 0.168398
vt 0.434716 0.196495
vt 0.436834 0.196985
vt 0.436834 0.167908
vt 0.533244 0.138675
vt 0.527541 0.141393
vt 0.526682 0.143561
vt 0.529533 0.142202
vt 0.442145 0.138317
vt 0.439519 0.138317
vt 0.439519 0.143084
vt 0.442145 0.143084
vt 0.519061 0.148130
vt 0.519920 0.150299
vt 0.525622 0.153018
vt 0.521912 0.149489
vt 0.792201 0.166489
vt 0.792201 0.198404
vt 0.798503 0.198404
vt 0.798503 0.166489
vt 0.807353 0.198404
vt 0.807353 0.166489
vt 0.474616 0.229722
vt 0.480108 0.229723
vt 0.480108 0.225467
vt 0.474616 0.225489
vt 0.474616 0.235552
vt 0.480108 0.235574
vt 0.480108 0.231318
vt 0.474616 0.231319
vt 0.397472 0.142713
vt 0.395109 0.147749
vt 0.396535 0.148428
vt 0.398861 0.143375
vt 0.534104 0.141393
vt 0.533244 0.143561
vt 0.536096 0.142202
vt 0.539807 0.138675
vt 0.482373 0.151765
vt 0.480438 0.147416
vt 0.444017 0.192553
vt 0.444017 0.189893
vt 0.440651 0.189893
vt 0.440651 0.192553
vt 0.444017 0.175000
vt 0.444017 0.172340
vt 0.440651 0.172340
vt 0.440651 0.175000
vt 0.429052 0.138949
vt 0.426426 0.138948
vt 0.426426 0.143715
vt 0.429052 0.143715
vt 0.411651 0.148970
vt 0.413039 0.148308
vt 0.410717 0.143261
vt 0.409292 0.143941
vt 0.390911 0.142713
vt 0.388548 0.147749
vt 0.389973 0.148428
vt 0.392300 0.143375
vt 0.855635 0.175713
vt 0.855624 0.181288
vt 0.856423 0.181288
vt 0.856423 0.174916
vt 0.543088 0.151234
vt 0.543058 0.157085
vt 0.544783 0.157095
vt 0.544813 0.151244
vt 0.405088 0.148970
vt 0.406476 0.148308
vt 0.404155 0.143261
vt 0.402729 0.143941
vt 0.512500 0.148130
vt 0.513358 0.150299
vt 0.519061 0.153018
vt 0.515351 0.149489
vt 0.474491 0.202627
vt 0.476067 0.202627
vt 0.962664 0.907156
vt 0.962216 0.906673
vt 0.469611 0.154377
vt 0.469611 0.148308
vt 0.465679 0.148181
vt 0.465679 0.154521
vt 0.470539 0.231318
vt 0.470578 0.236503
vt 0.430628 0.145304
vt 0.424850 0.145304
vt 0.425965 0.150175
vt 0.429514 0.150175
vt 0.405956 0.153058
vt 0.407345 0.152396
vt 0.443721 0.144673
vt 0.437943 0.144673
vt 0.439057 0.149544
vt 0.442607 0.149544
vt 0.412519 0.153058
vt 0.413908 0.152396
vt 0.470578 0.224538
vt 0.470539 0.229724
vt 0.430133 0.156659
vt 0.430127 0.151169
vt 0.399724 0.139300
vt 0.398335 0.138638
vt 0.472070 0.185373
vt 0.475908 0.185386
vt 0.472070 0.199204
vt 0.475908 0.199221
vt 0.442957 0.155129
vt 0.442957 0.150342
vt 0.442933 0.162391
vt 0.442953 0.156725
vt 0.437110 0.138562
vt 0.432253 0.138993
vt 0.477483 0.199221
vt 0.481322 0.199204
vt 0.424114 0.139710
vt 0.418103 0.139711
vt 0.456943 0.160708
vt 0.456949 0.155218
vt 0.429784 0.163956
vt 0.430097 0.158168
vt 0.456913 0.153709
vt 0.456600 0.147921
vt 0.477483 0.185386
vt 0.481322 0.185373
vt 0.393163 0.139300
vt 0.391774 0.138638
vt 0.477739 0.208198
vt 0.477739 0.202139
vt 0.476901 0.203145
vt 0.476901 0.208996
vt 0.480032 0.172386
vt 0.476696 0.172386
vt 0.476696 0.173229
vt 0.480519 0.173229
vt 0.471586 0.217798
vt 0.474924 0.221949
vt 0.481739 0.210519
vt 0.474698 0.210805
vt 0.479960 0.186161
vt 0.476694 0.186161
vt 0.476694 0.187020
vt 0.480448 0.187020
vt 0.475332 0.159893
vt 0.482373 0.160179
vt 0.475558 0.148749
vt 0.472220 0.152900
vt 0.473429 0.172386
vt 0.472942 0.173229
vt 0.473357 0.186161
vt 0.472871 0.187020
vt 0.476901 0.202654
vt 0.476067 0.201174
vt 0.476067 0.208167
vt 0.475850 0.166042
vt 0.476700 0.171552
vt 0.476700 0.164557
vt 0.477539 0.172386
vt 0.477539 0.166328
vt 0.476700 0.165528
vt 0.476700 0.171380
vt 0.483475 0.235574
vt 0.483475 0.225467
vt 0.482617 0.224669
vt 0.482617 0.236372
vt 0.444017 0.154985
vt 0.444043 0.159849
vt 0.444904 0.160643
vt 0.444873 0.154792
vt 0.395278 0.151402
vt 0.399540 0.153435
vt 0.400622 0.153018
vt 0.394920 0.150299
vt 0.413719 0.138245
vt 0.409456 0.140276
vt 0.409104 0.141393
vt 0.414807 0.138675
vt 0.388717 0.151402
vt 0.392979 0.153435
vt 0.394061 0.153018
vt 0.388358 0.150299
vt 0.417227 0.152028
vt 0.417201 0.156892
vt 0.418058 0.157085
vt 0.418088 0.151234
vt 0.407156 0.138245
vt 0.402893 0.140276
vt 0.402541 0.141393
vt 0.408244 0.138675
vt 0.837006 0.156447
vt 0.841169 0.156447
vt 0.840679 0.155319
vt 0.835959 0.155319
vt 0.472454 0.206933
vt 0.472454 0.202613
vt 0.466576 0.157382
vt 0.462873 0.157382
vt 0.463920 0.158510
vt 0.467066 0.158510
vt 0.845332 0.156447
vt 0.845397 0.155319
vt 0.470278 0.157382
vt 0.470212 0.158510
vt 0.973377 0.957868
vt 0.973377 0.952613
vt 0.966169 0.906447
vt 0.962006 0.906447
vt 0.972454 0.952613
vt 0.972454 0.956933
vt 0.962873 0.907382
vt 0.966576 0.907382
vt 0.970332 0.906447
vt 0.970278 0.907382
vt 0.808928 0.167762
vt 0.812641 0.166903
vt 0.814256 0.164893
vt 0.812641 0.197990
vt 0.808928 0.197132
vt 0.814256 0.200000
vt 0.437641 0.166903
vt 0.433928 0.167762
vt 0.433928 0.197132
vt 0.437641 0.197990
vt 0.847767 0.195101
vt 0.847756 0.189533
vt 0.846968 0.188738
vt 0.846968 0.195101
vt 0.847070 0.199204
vt 0.846140 0.199981
vt 0.801063 0.156328
vt 0.795571 0.156301
vt 0.794783 0.157095
vt 0.801058 0.157129
vt 0.811474 0.142727
vt 0.812146 0.148258
vt 0.812943 0.148986
vt 0.812186 0.142664
vt 0.813884 0.155130
vt 0.808387 0.155129
vt 0.807601 0.155927
vt 0.813884 0.155928
vt 0.808387 0.150342
vt 0.813884 0.150342
vt 0.813884 0.149544
vt 0.807601 0.149544
vt 0.850907 0.189533
vt 0.850907 0.195101
vt 0.851695 0.195101
vt 0.851695 0.188738
vt 0.852484 0.181288
vt 0.852484 0.175713
vt 0.851696 0.174916
vt 0.851696 0.181288
vt 0.807269 0.148691
vt 0.806617 0.143158
vt 0.805905 0.143221
vt 0.806662 0.149544
vt 0.822410 0.159831
vt 0.822387 0.155576
vt 0.821598 0.154782
vt 0.821629 0.160633
vt 0.798795 0.149379
vt 0.793898 0.149376
vt 0.793167 0.150171
vt 0.799474 0.150175
vt 0.798974 0.143809
vt 0.799687 0.143810
vt 0.794094 0.143806
vt 0.793379 0.143806
vt 0.827878 0.155549
vt 0.827874 0.154748
vt 0.795594 0.152046
vt 0.801085 0.152097
vt 0.801089 0.151278
vt 0.794813 0.151244
vt 0.855108 0.231318
vt 0.855108 0.235574
vt 0.855892 0.236372
vt 0.855892 0.230521
vt 0.849616 0.231319
vt 0.849616 0.230521
vt 0.849616 0.235552
vt 0.849616 0.236372
vt 0.827901 0.159780
vt 0.827905 0.160599
vt 0.800771 0.162786
vt 0.795279 0.162767
vt 0.794458 0.163476
vt 0.800734 0.163510
vt 0.805127 0.151169
vt 0.805905 0.150175
vt 0.805133 0.156659
vt 0.856322 0.185373
vt 0.857251 0.186147
vt 0.831949 0.155218
vt 0.831943 0.160708
vt 0.832721 0.161702
vt 0.845539 0.231318
vt 0.844764 0.230521
vt 0.793103 0.139711
vt 0.792201 0.138930
vt 0.799114 0.139710
vt 0.799850 0.138930
vt 0.845578 0.236503
vt 0.844806 0.237500
vt 0.852483 0.185386
vt 0.851696 0.186161
vt 0.807253 0.138993
vt 0.812110 0.138562
vt 0.812943 0.137703
vt 0.806662 0.138260
vt 0.817957 0.150342
vt 0.817957 0.155129
vt 0.818722 0.155927
vt 0.818722 0.149544
vt 0.850908 0.199221
vt 0.851696 0.200000
vt 0.400629 0.142530
vt 0.400629 0.152637
vt 0.401468 0.153435
vt 0.401468 0.141733
vt 0.822094 0.149110
vt 0.827586 0.149091
vt 0.827549 0.148367
vt 0.821274 0.148401
vt 0.831600 0.147921
vt 0.795531 0.157812
vt 0.801022 0.157844
vt 0.855635 0.189533
vt 0.855623 0.195101
vt 0.856422 0.195101
vt 0.856422 0.188738
vt 0.808387 0.156725
vt 0.813884 0.156725
vt 0.852483 0.195101
vt 0.852483 0.189533
vt 0.850908 0.175713
vt 0.850908 0.181288
vt 0.813884 0.163097
vt 0.808387 0.163108
vt 0.807601 0.163906
vt 0.813884 0.163906
vt 0.822347 0.154065
vt 0.847756 0.175713
vt 0.846968 0.174916
vt 0.847768 0.181288
vt 0.846968 0.181288
vt 0.827838 0.154033
vt 0.849616 0.225489
vt 0.855108 0.225467
vt 0.855892 0.224669
vt 0.849616 0.224669
vt 0.855108 0.229723
vt 0.849616 0.229722
vt 0.780088 0.148970
vt 0.777729 0.143941
vt 0.776682 0.143561
vt 0.779356 0.149318
vt 0.805097 0.158168
vt 0.804784 0.163956
vt 0.845578 0.224538
vt 0.844806 0.223541
vt 0.831913 0.153709
vt 0.845539 0.229724
vt 0.847070 0.185373
vt 0.846140 0.186147
vt 0.856322 0.199204
vt 0.852483 0.199221
vt 0.857251 0.199981
vt 0.817953 0.156725
vt 0.817933 0.162391
vt 0.818703 0.163067
vt 0.850908 0.185386
vt 0.784292 0.143941
vt 0.785717 0.143261
vt 0.786096 0.142202
vt 0.783244 0.143561
vt 0.771535 0.148428
vt 0.770109 0.147749
vt 0.769061 0.148130
vt 0.771912 0.149489
vt 0.786651 0.148970
vt 0.785919 0.149318
vt 0.772472 0.142713
vt 0.771741 0.142365
vt 0.779155 0.143261
vt 0.781476 0.148308
vt 0.782208 0.147959
vt 0.779533 0.142202
vt 0.788039 0.148308
vt 0.788771 0.147959
vt 0.773861 0.143375
vt 0.774592 0.143724
vt 0.763548 0.147749
vt 0.765911 0.142713
vt 0.765180 0.142365
vt 0.762500 0.148130
vt 0.780956 0.153058
vt 0.773335 0.138638
vt 0.788908 0.152396
vt 0.787519 0.153058
vt 0.774724 0.139300
vt 0.782345 0.152396
vt 0.767300 0.143375
vt 0.764973 0.148428
vt 0.765351 0.149489
vt 0.768031 0.143724
vt 0.835173 0.148138
vt 0.840679 0.148181
vt 0.840679 0.147340
vt 0.834386 0.147340
vt 0.766774 0.138638
vt 0.768163 0.139300
vt 0.844611 0.148308
vt 0.844611 0.154377
vt 0.845397 0.147340
vt 0.461746 0.155319
vt 0.464892 0.155319
vt 0.464892 0.155319
vt 0.461746 0.155319
vt 0.437943 0.138317
vt 0.464892 0.154521
vt 0.461746 0.154521
vt 0.849491 0.202613
vt 0.835959 0.154521
vt 0.584386 0.156117
vt 0.466465 0.155319
vt 0.469611 0.155319
vt 0.469611 0.155319
vt 0.584386 0.161702
vt 0.960330 0.911702
vt 0.960330 0.908510
vt 0.960016 0.908510
vt 0.960016 0.911702
vt 0.960330 0.905890
vt 0.960016 0.905890
vt 0.583310 0.156116
vt 0.583310 0.161702
vt 0.582721 0.161702
vt 0.834701 0.155604
vt 0.835645 0.155604
vt 0.834701 0.158510
vt 0.834386 0.158510
vt 0.834701 0.161702
vt 0.834386 0.161702
vt 0.835645 0.158510
vt 0.835645 0.161702
vt 0.835959 0.161702
vt 0.835959 0.158510
vt 0.960645 0.905604
vt 0.959701 0.905604
vt 0.959701 0.908510
vt 0.959701 0.911702
vt 0.960645 0.911702
vt 0.960645 0.908510
vt 0.468956 0.154401
vt 0.466334 0.154497
vt 0.839892 0.155319
vt 0.836746 0.155319
vt 0.839892 0.155319
vt 0.836746 0.154521
vt 0.839892 0.154521
vt 0.840679 0.154521
vt 0.836746 0.155319
vt 0.841465 0.155319
vt 0.844611 0.155319
vt 0.841392 0.154495
vt 0.844122 0.154395
vt 0.841334 0.154497
vt 0.844611 0.155319
vt 0.843956 0.154401
vt 0.439143 0.188298
vt 0.439143 0.194149
vt 0.439143 0.170744
vt 0.439143 0.176595
vt 0.444017 0.188298
vt 0.444017 0.194149
vt 0.444017 0.170744
vt 0.443721 0.138317
vt 0.424850 0.138949
vt 0.430628 0.138949
vt 0.444017 0.176595
vt 0.605892 0.224669
vt 0.607617 0.236372
vt 0.607617 0.224669
vt 0.605892 0.236372
vt 0.848377 0.202613
vt 0.848377 0.207868
vt 0.814143 0.194149
vt 0.814143 0.170744
vt 0.469122 0.154395
vt 0.466392 0.154495
vt 0.460173 0.148138
vt 0.460959 0.154521
vt 0.460173 0.154521
vt 0.605892 0.230521
vt 0.814143 0.188298
vt 0.814143 0.176595
s 0
usemtl Placeable
f 147/50/65 148/51/65 149/51/65
f 150/52/66 151/53/66 152/52/66
f 153/54/67 154/55/67 155/54/67
f 156/56/68 157/57/68 158/57/68
f 159/58/67 160/59/67 161/58/67
f 162/60/69 163/61/69 164/60/69
f 165/62/68 166/63/68 167/63/68
f 168/64/70 169/65/70 170/65/70
f 171/50/65 172/51/65 173/51/65
f 174/52/66 175/52/66 176/53/66
f 177/54/67 178/54/67 179/55/67
f 180/56/68 181/57/68 182/57/68
f 183/58/67 184/58/67 185/59/67
f 186/60/71 187/60/71 188/61/71
f 189/62/68 190/63/68 191/63/68
f 192/64/72 193/65/72 194/65/72
f 195/66/73 196/67/73 197/68/73
f 195/66/73 197/68/73 198/69/73
f 199/70/65 200/71/65 201/72/65
f 199/70/65 201/72/65 202/73/65
f 203/74/67 204/75/67 205/76/67
f 203/74/67 205/76/67 206/77/67
f 207/78/65 208/79/65 209/80/65
f 207/78/65 209/80/65 210/81/65
f 211/82/74 212/83/74 213/84/74
f 211/82/74 213/84/74 214/85/74
f 215/86/75 216/87/75 217/88/75
f 215/86/75 217/88/75 218/89/75
f 219/90/68 220/91/68 221/92/68
f 219/90/68 221/92/68 222/93/68
f 223/94/68 224/95/68 225/96/68
f 223/94/68 225/96/68 226/97/68
f 227/98/76 228/99/76 229/100/76
f 227/98/76 229/100/76 230/101/76
f 231/102/74 232/103/74 233/104/74
f 231/102/74 233/104/74 234/105/74
f 235/106/77 236/107/77 237/108/77
f 235/106/77 237/108/77 238/109/77
f 199/70/65 202/73/65 239/110/65
f 199/70/65 239/110/65 240/111/65
f 241/112/68 242/113/68 243/114/68
f 241/112/68 243/114/68 244/115/68
f 245/116/67 246/117/67 247/118/67
f 245/116/67 247/118/67 248/119/67
f 202/73/65 249/120/65 250/121/65
f 202/73/65 250/121/65 239/110/65
f 251/122/68 252/123/68 253/124/68
f 251/122/68 253/124/68 254/125/68
f 255/126/65 256/127/65 257/128/65
f 255/126/65 257/128/65 258/129/65
f 259/130/78 260/131/78 261/131/78
f 259/130/78 261/131/78 262/130/78
f 263/132/79 264/133/79 265/134/79
f 263/132/79 265/134/79 266/135/79
f 267/136/80 268/137/80 269/138/80
f 267/136/80 269/138/80 270/139/80
f 271/140/66 272/141/66 273/142/66
f 271/140/66 273/142/66 274/143/66
f 275/144/81 276/145/81 277/146/81
f 275/144/81 277/146/81 278/147/81
f 279/148/65 207/78/65 210/81/65
f 279/148/65 210/81/65 280/149/65
f 281/150/82 282/151/82 283/152/82
f 281/150/82 283/152/82 284/153/82
f 285/154/83 286/155/83 287/156/83
f 285/154/83 287/156/83 288/157/83
f 289/158/82 290/159/82 291/160/82
f 289/158/82 291/160/82 292/161/82
f 293/162/84 294/163/85 295/164/86
f 293/162/87 295/164/88 296/165/85
f 297/166/89 298/167/89 299/168/89
f 297/166/89 299/168/89 300/169/89
f 301/170/90 302/171/90 303/172/90
f 301/170/90 303/172/90 304/173/90
f 305/174/91 306/175/91 307/176/91
f 305/174/91 307/176/91 308/177/91
f 309/178/92 310/179/93 311/180/94
f 309/178/95 311/180/96 312/181/94
f 313/182/90 314/183/90 315/184/90
f 313/182/90 315/184/90 316/185/90
f 314/183/90 317/186/90 318/187/90
f 314/183/90 318/187/90 315/184/90
f 319/188/82 289/158/82 292/161/82
f 319/188/82 292/161/82 320/189/82
f 321/190/90 301/170/90 304/173/90
f 321/190/90 304/173/90 322/191/90
f 323/192/65 324/193/65 325/194/65
f 323/192/65 325/194/65 326/195/65
f 327/196/68 328/197/68 329/198/68
f 327/196/68 329/198/68 330/199/68
f 331/200/74 332/201/74 333/202/74
f 331/200/74 333/202/74 334/203/74
f 335/204/67 336/205/67 337/206/67
f 335/204/67 337/206/67 338/207/67
f 339/208/65 340/209/65 341/210/65
f 339/208/65 341/210/65 342/211/65
f 342/211/65 341/210/65 343/212/65
f 342/211/65 343/212/65 344/213/65
f 345/214/74 346/215/74 347/216/74
f 345/214/74 347/216/74 348/217/74
f 349/218/74 350/219/74 351/220/74
f 349/218/74 351/220/74 352/221/74
f 353/222/67 354/223/67 355/224/67
f 353/222/67 355/224/67 356/225/67
f 357/226/68 358/227/68 359/228/68
f 357/226/68 359/228/68 360/229/68
f 207/78/65 361/230/65 362/231/65
f 207/78/65 362/231/65 208/79/65
f 363/232/97 364/233/97 365/234/97
f 363/232/97 365/234/97 366/235/97
f 367/236/97 368/237/97 369/238/97
f 367/236/97 369/238/97 370/239/97
f 371/240/74 372/241/74 373/242/74
f 371/240/74 373/242/74 374/243/74
f 375/244/68 376/245/68 377/246/68
f 375/244/68 377/246/68 378/247/68
f 379/248/67 380/249/67 381/250/67
f 379/248/67 381/250/67 382/251/67
f 383/252/67 384/253/67 385/254/67
f 383/252/67 385/254/67 386/255/67
f 387/256/83 388/257/83 389/258/83
f 387/256/83 389/258/83 390/259/83
f 391/260/68 392/261/68 393/262/68
f 391/260/68 393/262/68 394/263/68
f 395/264/67 396/265/67 397/266/67
f 395/264/67 397/266/67 398/267/67
f 399/268/81 400/144/81 401/147/81
f 399/268/81 401/147/81 402/269/81
f 403/270/80 404/136/80 405/139/80
f 403/270/80 405/139/80 406/271/80
f 407/272/67 408/273/67 409/274/67
f 407/272/67 409/274/67 410/275/67
f 411/218/98 412/221/99 413/276/100
f 411/218/101 413/276/102 414/277/99
f 415/278/103 416/279/103 417/280/103
f 415/278/103 417/280/103 418/281/103
f 419/261/104 420/260/104 421/282/104
f 419/261/104 421/282/104 422/283/104
f 423/284/103 424/285/103 425/286/103
f 423/284/103 425/286/103 426/287/103
f 427/245/104 428/244/104 429/288/104
f 427/245/104 429/288/104 430/289/104
f 431/214/105 432/217/106 433/290/107
f 431/214/108 433/290/109 434/291/106
f 435/82/110 436/85/111 437/292/112
f 435/82/113 437/292/114 438/293/115
f 439/222/116 440/225/116 441/294/116
f 439/222/116 441/294/116 442/295/116
f 443/117/117 444/116/118 445/296/119
f 443/117/120 445/296/121 446/297/118
f 447/113/122 448/112/123 449/298/124
f 447/113/125 449/298/126 450/299/123
f 451/123/127 452/122/127 453/300/127
f 451/123/127 453/300/127 454/301/127
f 455/91/128 456/90/129 457/302/130
f 455/91/131 457/302/132 458/303/129
f 459/101/133 460/100/133 461/304/133
f 459/101/133 461/304/133 462/305/133
f 463/94/134 464/97/135 465/306/136
f 463/94/137 465/306/138 466/307/135
f 467/69/139 468/68/140 469/308/141
f 467/69/142 469/308/143 470/309/140
f 471/103/144 472/102/145 473/310/146
f 471/103/147 473/310/148 474/311/149
f 475/87/150 476/86/151 477/312/152
f 475/87/153 477/312/154 478/313/155
f 479/106/156 480/109/157 481/314/158
f 479/106/159 481/314/160 482/315/161
f 483/74/162 484/77/163 485/316/164
f 483/74/165 485/316/166 486/317/163
f 487/248/116 488/251/116 489/318/116
f 487/248/116 489/318/116 490/319/116
f 491/320/167 492/321/167 493/322/167
f 491/320/167 493/322/167 494/323/167
f 495/324/82 496/325/82 497/326/82
f 495/324/82 497/326/82 498/327/82
f 499/70/168 500/111/168 501/328/168
f 499/70/168 501/328/168 502/329/168
f 503/121/89 504/120/89 505/330/89
f 503/121/89 505/330/89 506/331/89
f 507/332/90 508/333/90 509/334/90
f 507/332/90 509/334/90 510/335/90
f 511/148/91 512/149/91 513/336/91
f 511/148/91 513/336/91 514/337/91
f 515/80/169 516/79/169 517/338/169
f 515/80/169 517/338/169 518/339/169
f 519/325/82 520/340/82 521/341/82
f 519/325/82 521/341/82 522/326/82
f 523/333/90 524/342/90 525/343/90
f 523/333/90 525/343/90 526/334/90
f 527/323/170 528/344/170 529/345/170
f 527/323/170 529/345/170 530/346/170
f 531/347/171 532/127/171 533/348/171
f 531/347/171 533/348/171 534/349/171
f 535/350/172 536/351/172 537/352/172
f 535/350/172 537/352/172 538/353/172
f 539/354/78 540/355/78 541/356/78
f 539/354/78 541/356/78 542/357/78
f 543/358/78 544/359/78 545/360/78
f 543/358/78 545/360/78 546/361/78
f 547/362/82 548/363/82 549/364/82
f 547/362/82 549/364/82 550/365/82
f 551/366/90 552/367/90 553/368/90
f 551/366/90 553/368/90 554/369/90
f 555/370/82 556/371/82 557/372/82
f 555/370/82 557/372/82 558/373/82
f 559/374/78 560/375/78 561/376/78
f 559/374/78 561/376/78 562/377/78
f 563/378/90 564/379/90 565/380/90
f 563/378/90 565/380/90 566/381/90
f 567/382/80 568/383/80 569/384/80
f 567/382/80 569/384/80 570/385/80
f 571/386/79 572/387/79 573/143/79
f 571/386/79 573/143/79 574/142/79
f 575/388/80 576/389/80 577/390/80
f 575/388/80 577/390/80 578/391/80
f 568/383/80 579/392/80 580/393/80
f 568/383/80 580/393/80 569/384/80
f 581/394/80 582/388/80 583/391/80
f 581/394/80 583/391/80 584/395/80
f 585/135/173 586/134/174 587/396/175
f 585/135/176 587/396/177 588/397/178
f 589/271/179 590/139/180 591/398/181
f 589/271/182 591/398/183 592/399/180
f 593/133/184 594/132/185 595/400/186
f 593/133/187 595/400/188 596/401/185
f 597/136/189 598/270/190 599/402/191
f 597/136/192 599/402/193 600/403/190
f 601/139/67 602/138/67 603/404/67
f 601/139/67 603/404/67 604/398/67
f 605/137/81 606/136/81 607/403/81
f 605/137/81 607/403/81 608/405/81
f 609/406/65 610/407/65 611/408/65
f 609/406/65 611/408/65 344/213/65
f 612/409/65 613/410/65 343/212/65
f 612/409/65 343/212/65 614/411/65
f 609/406/65 344/213/65 343/212/65
f 609/406/65 343/212/65 613/410/65
f 615/192/194 616/195/194 617/412/194
f 615/192/194 617/412/194 618/413/194
f 619/194/195 620/193/195 621/414/195
f 619/194/195 621/414/195 622/415/195
f 623/194/196 624/415/196 625/412/196
f 623/194/196 625/412/196 626/195/196
f 627/192/197 628/413/197 629/414/197
f 627/192/197 629/414/197 630/193/197
f 631/416/68 632/417/68 633/418/68
f 631/416/68 633/418/68 634/419/68
f 635/420/198 636/416/199 637/419/200
f 635/420/201 637/419/202 638/421/203
f 639/422/74 640/423/74 641/424/74
f 639/422/74 641/424/74 642/425/74
f 643/426/76 644/427/76 645/428/76
f 643/426/76 645/428/76 646/429/76
f 647/430/68 648/431/68 649/432/68
f 647/430/68 649/432/68 650/433/68
f 651/434/68 652/435/68 653/436/68
f 651/434/68 653/436/68 654/437/68
f 655/438/68 656/439/68 657/440/68
f 655/438/68 657/440/68 658/441/68
f 659/442/67 660/443/67 661/444/67
f 659/442/67 661/444/67 662/445/67
f 663/446/76 664/447/76 665/448/76
f 663/446/76 665/448/76 666/449/76
f 667/450/74 668/451/74 669/452/74
f 667/450/74 669/452/74 670/453/74
f 660/443/67 383/252/67 386/255/67
f 660/443/67 386/255/67 661/444/67
f 671/454/73 672/455/73 673/456/73
f 671/454/73 673/456/73 674/457/73
f 675/427/76 676/446/76 677/449/76
f 675/427/76 677/449/76 678/428/76
f 648/431/68 651/434/68 654/437/68
f 648/431/68 654/437/68 649/432/68
f 632/417/68 655/438/68 658/441/68
f 632/417/68 658/441/68 633/418/68
f 679/458/73 680/454/73 681/457/73
f 679/458/73 681/457/73 682/459/73
f 683/455/73 684/460/73 685/461/73
f 683/455/73 685/461/73 686/456/73
f 668/451/74 687/462/74 688/463/74
f 668/451/74 688/463/74 669/452/74
f 689/464/74 690/465/74 691/466/74
f 689/464/74 691/466/74 692/467/74
f 640/423/74 689/464/74 692/467/74
f 640/423/74 692/467/74 641/424/74
f 693/468/74 694/469/74 695/470/74
f 693/468/74 695/470/74 696/471/74
f 697/472/74 693/468/74 696/471/74
f 697/472/74 696/471/74 698/473/74
f 694/469/74 699/474/74 700/475/74
f 694/469/74 700/475/74 695/470/74
f 701/476/74 667/450/74 670/453/74
f 701/476/74 670/453/74 702/477/74
f 703/478/75 704/479/75 705/480/75
f 703/478/75 705/480/75 706/481/75
f 707/465/204 708/482/205 709/483/206
f 707/465/207 709/483/208 710/466/205
f 711/484/209 712/422/210 713/425/211
f 711/484/212 713/425/213 714/60/214
f 715/253/215 716/485/216 717/486/217
f 715/253/218 717/486/219 718/254/216
f 719/462/220 720/487/221 721/65/222
f 719/462/223 721/65/224 722/463/225
f 723/488/226 724/476/227 725/477/228
f 723/488/229 725/477/230 726/489/227
f 727/490/231 728/472/232 729/473/233
f 727/490/234 729/473/235 730/491/236
f 731/460/237 732/492/238 733/493/239
f 731/460/240 733/493/241 734/461/242
f 735/494/243 736/458/244 737/459/245
f 735/494/246 737/459/247 738/495/244
f 739/474/248 740/496/249 741/497/250
f 739/474/251 741/497/252 742/475/253
f 743/487/254 744/488/255 745/489/256
f 743/487/257 745/489/258 746/65/259
f 747/485/260 748/498/261 749/499/262
f 747/485/263 749/499/264 750/486/261
f 751/492/265 752/494/266 753/495/267
f 751/492/268 753/495/269 754/493/266
f 755/500/133 756/501/133 757/502/133
f 755/500/133 757/502/133 758/503/133
f 759/504/127 760/505/127 761/506/127
f 759/504/127 761/506/127 762/507/127
f 763/508/270 764/420/271 765/421/272
f 763/508/273 765/421/274 766/509/271
f 767/482/275 768/484/276 769/60/277
f 767/482/278 769/60/279 770/483/280
f 771/496/281 772/490/282 773/491/283
f 771/496/284 773/491/285 774/497/282
f 775/510/286 776/511/286 777/512/286
f 775/510/286 777/512/286 778/513/286
f 779/439/287 780/508/288 781/509/287
f 779/439/127 781/509/127 782/440/289
f 783/505/127 784/430/127 785/433/127
f 783/505/127 785/433/127 786/506/127
f 787/435/127 788/504/127 789/507/127
f 787/435/127 789/507/127 790/436/127
f 791/447/133 792/500/133 793/503/133
f 791/447/133 793/503/133 794/448/133
f 795/501/133 796/426/133 797/429/133
f 795/501/133 797/429/133 798/502/133
f 799/514/77 800/515/77 801/516/77
f 799/514/77 801/516/77 802/517/77
f 803/515/290 804/518/291 805/64/292
f 803/515/293 805/64/294 806/516/295
f 807/519/75 808/520/75 809/425/75
f 807/519/75 809/425/75 810/424/75
f 811/521/68 812/522/68 813/523/68
f 811/521/68 813/523/68 814/524/68
f 815/525/68 816/526/68 650/433/68
f 815/525/68 650/433/68 649/432/68
f 817/527/68 818/528/68 658/441/68
f 817/527/68 658/441/68 657/440/68
f 819/529/67 820/530/67 662/445/67
f 819/529/67 662/445/67 661/444/67
f 821/531/68 822/532/68 823/533/68
f 821/531/68 823/533/68 824/534/68
f 825/479/75 826/519/75 827/424/75
f 825/479/75 827/424/75 828/480/75
f 818/528/68 811/521/68 814/524/68
f 818/528/68 814/524/68 658/441/68
f 829/535/77 830/514/77 831/517/77
f 829/535/77 831/517/77 832/452/77
f 822/532/68 815/525/68 649/432/68
f 822/532/68 649/432/68 823/533/68
f 833/536/67 819/529/67 661/444/67
f 833/536/67 661/444/67 834/537/67
f 835/538/67 833/536/67 834/537/67
f 835/538/67 834/537/67 836/539/67
f 837/540/77 838/535/77 839/452/77
f 837/540/77 839/452/77 840/463/77
f 841/541/74 842/542/74 843/543/74
f 841/541/74 843/543/74 844/544/74
f 842/542/74 845/545/74 696/471/74
f 842/542/74 696/471/74 843/543/74
f 845/545/74 846/546/74 698/473/74
f 845/545/74 698/473/74 696/471/74
f 847/547/68 848/548/68 849/549/68
f 847/547/68 849/549/68 850/550/68
f 851/520/296 852/551/297 853/60/298
f 851/520/299 853/60/300 854/425/297
f 855/552/301 856/478/302 857/481/303
f 855/552/304 857/481/305 858/61/302
f 859/553/226 860/541/306 861/544/307
f 859/553/308 861/544/309 862/554/310
f 863/555/311 864/540/312 865/463/313
f 863/555/314 865/463/315 866/65/312
f 867/546/316 868/556/317 869/491/318
f 867/546/319 869/491/320 870/473/321
f 871/557/322 872/538/323 873/539/324
f 871/557/325 873/539/326 874/558/327
f 875/551/328 876/552/329 877/61/330
f 875/551/331 877/61/332 878/60/329
f 879/559/333 880/560/334 881/509/335
f 879/559/336 881/509/337 882/561/334
f 883/518/338 884/555/339 885/65/340
f 883/518/341 885/65/342 886/64/339
f 887/562/343 888/563/344 889/564/345
f 887/562/346 889/564/347 890/506/344
f 891/565/348 892/557/349 893/558/350
f 891/565/351 893/558/352 894/499/349
f 895/556/353 896/553/354 897/554/355
f 895/556/356 897/554/357 898/491/354
f 899/560/358 900/527/358 901/440/358
f 899/560/359 901/440/359 902/509/359
f 903/526/360 904/562/361 905/506/362
f 903/526/363 905/506/364 906/433/361
f 907/563/365 908/531/366 909/534/367
f 907/563/368 909/534/369 910/564/370
f 911/522/371 912/559/372 913/561/373
f 911/522/374 913/561/375 914/523/376
f 915/566/68 916/567/68 917/568/68
f 915/566/68 917/568/68 918/569/68
f 919/570/67 920/571/67 921/572/67
f 919/570/67 921/572/67 922/573/67
f 923/574/68 915/566/68 918/569/68
f 923/574/68 918/569/68 924/575/68
f 920/571/67 925/576/67 926/577/67
f 920/571/67 926/577/67 921/572/67
f 927/578/68 928/579/68 929/580/68
f 927/578/68 929/580/68 930/581/68
f 916/567/68 931/582/68 932/583/68
f 916/567/68 932/583/68 917/568/68
f 933/584/67 919/570/67 922/573/67
f 933/584/67 922/573/67 934/585/67
f 935/586/67 936/587/67 937/588/67
f 935/586/67 937/588/67 938/589/67
f 848/548/68 927/578/68 930/581/68
f 848/548/68 930/581/68 849/549/68
f 939/590/104 940/547/104 941/550/104
f 939/590/104 941/550/104 942/57/104
f 943/576/116 944/591/116 945/54/116
f 943/576/116 945/54/116 946/577/116
f 947/582/104 948/592/104 949/62/104
f 947/582/104 949/62/104 950/583/104
f 951/593/104 952/574/104 953/575/104
f 951/593/104 953/575/104 954/63/104
f 955/592/104 956/593/104 957/63/104
f 955/592/104 957/63/104 958/62/104
f 959/591/116 960/594/116 961/55/116
f 959/591/116 961/55/116 962/54/116
f 963/595/104 964/590/104 965/57/104
f 963/595/104 965/57/104 966/56/104
f 967/594/116 968/584/116 969/585/116
f 967/594/116 969/585/116 970/55/116
f 971/579/104 972/595/104 973/56/104
f 971/579/104 973/56/104 974/580/104
f 975/596/67 976/597/67 977/598/67
f 975/596/67 977/598/67 978/599/67
f 979/600/67 980/601/67 981/602/67
f 979/600/67 981/602/67 982/603/67
f 976/597/67 935/586/67 938/589/67
f 976/597/67 938/589/67 977/598/67
f 983/587/116 984/604/116 985/58/116
f 983/587/116 985/58/116 986/588/116
f 987/604/116 988/605/116 989/59/116
f 987/604/116 989/59/116 990/58/116
f 991/605/116 992/596/116 993/599/116
f 991/605/116 993/599/116 994/59/116
f 995/606/67 996/607/67 997/393/67
f 995/606/67 997/393/67 998/608/67
f 980/601/67 995/606/67 998/608/67
f 980/601/67 998/608/67 981/602/67
f 999/130/67 979/600/67 982/603/67
f 999/130/67 982/603/67 1000/131/67
f 1001/609/81 1002/610/81 1003/611/81
f 1001/609/81 1003/611/81 1004/612/81
f 1005/202/74 1006/201/74 1007/613/74
f 1005/202/74 1007/613/74 1008/285/74
f 1009/614/74 1010/615/74 1011/615/74
f 1009/614/74 1011/615/74 1012/614/74
f 1013/616/66 150/52/66 152/52/66
f 1013/616/66 152/52/66 1014/616/66
f 1015/614/67 1016/615/67 1017/612/67
f 1015/614/67 1017/612/67 1018/611/67
f 1019/617/67 1020/130/67 1021/131/67
f 1019/617/67 1021/131/67 1022/385/67
f 1023/618/65 1024/51/65 148/51/65
f 1023/618/65 148/51/65 147/50/65
f 1025/617/74 1026/130/74 1027/130/74
f 1025/617/74 1027/130/74 1028/617/74
f 1029/619/81 1030/620/81 1031/621/81
f 1029/619/81 1031/621/81 1032/619/81
f 1033/616/66 1034/52/66 150/52/66
f 1033/616/66 150/52/66 1013/616/66
f 148/51/65 1024/51/65 1035/622/65
f 148/51/65 1035/622/65 1036/622/65
f 150/52/66 1034/52/66 1037/53/66
f 150/52/66 1037/53/66 151/53/66
f 1038/623/67 1039/624/67 1040/625/67
f 1038/623/67 1040/625/67 1041/626/67
f 148/51/65 1036/622/65 1042/622/65
f 148/51/65 1042/622/65 149/51/65
f 1043/627/377 1044/628/377 1045/625/377
f 1043/627/377 1045/625/377 1046/624/377
f 1047/629/378 1048/618/378 1049/150/378
f 1047/629/378 1049/150/378 1050/153/378
f 1051/630/65 1052/629/65 1053/153/65
f 1051/630/65 1053/153/65 1054/631/65
f 1055/618/379 1056/50/380 1057/150/381
f 1055/618/382 1057/150/383 1058/150/384
f 1059/50/385 1060/51/385 1061/51/385
f 1059/50/385 1061/51/385 1062/150/385
f 1063/51/386 1064/622/387 1065/622/388
f 1063/51/389 1065/622/390 1066/51/387
f 1067/632/377 1068/633/377 1069/385/377
f 1067/632/377 1069/385/377 1070/131/377
f 1071/634/377 1072/632/377 1073/131/377
f 1071/634/377 1073/131/377 1074/635/377
f 1075/636/67 1076/634/67 1077/635/67
f 1075/636/67 1077/635/67 1078/637/67
f 1079/638/67 1080/639/67 1081/640/67
f 1079/638/67 1081/640/67 1082/641/67
f 1083/633/377 1084/638/377 1085/641/377
f 1083/633/377 1085/641/377 1086/385/377
f 1087/628/391 1088/627/391 1089/642/391
f 1087/628/391 1089/642/391 1090/643/391
f 1091/625/385 1092/628/385 1093/643/385
f 1091/625/385 1093/643/385 1094/644/385
f 1095/626/82 1096/625/82 1097/644/82
f 1095/626/82 1097/644/82 1098/645/82
f 1099/624/79 1100/623/79 1101/646/79
f 1099/624/79 1101/646/79 1102/647/79
f 1103/627/392 1104/624/392 1105/647/392
f 1103/627/392 1105/647/392 1106/642/392
f 1107/621/67 1108/648/67 1109/649/67
f 1107/621/67 1109/649/67 1110/619/67
f 1111/650/81 1112/651/81 1113/385/81
f 1111/650/81 1113/385/81 1114/384/81
f 1115/652/81 1111/650/81 1114/384/81
f 1115/652/81 1114/384/81 1116/384/81
f 1117/653/74 1118/654/74 1119/655/74
f 1117/653/74 1119/655/74 1025/617/74
f 1118/654/74 1120/654/74 1121/655/74
f 1118/654/74 1121/655/74 1119/655/74
f 1122/653/74 1117/653/74 1025/617/74
f 1122/653/74 1025/617/74 1028/617/74
f 1123/654/67 1124/652/67 1125/384/67
f 1123/654/67 1125/384/67 1126/655/67
f 1127/656/67 1128/653/67 1019/617/67
f 1127/656/67 1019/617/67 1022/385/67
f 1112/651/81 1129/656/81 1130/385/81
f 1112/651/81 1130/385/81 1113/385/81
f 1131/657/81 1132/657/81 1116/384/81
f 1131/657/81 1116/384/81 1114/384/81
f 1133/658/81 1131/657/81 1114/384/81
f 1133/658/81 1114/384/81 1134/393/81
f 1135/659/74 1136/660/74 1137/607/74
f 1135/659/74 1137/607/74 1119/655/74
f 1138/661/74 1135/659/74 1119/655/74
f 1138/661/74 1119/655/74 1121/655/74
f 1139/657/67 1140/661/67 1126/655/67
f 1139/657/67 1126/655/67 1125/384/67
f 1141/662/81 1133/658/81 1134/393/81
f 1141/662/81 1134/393/81 1142/393/81
f 1143/660/74 1144/663/74 1145/607/74
f 1143/660/74 1145/607/74 1146/607/74
f 1147/660/393 1148/660/74 1149/607/393
f 1147/660/74 1149/607/74 1150/607/74
f 1151/663/67 1152/662/67 1153/393/67
f 1151/663/67 1153/393/67 1154/607/67
f 1155/235/97 1156/234/97 1157/664/97
f 1155/235/97 1157/664/97 1158/665/97
f 1159/239/97 1160/238/97 1161/666/97
f 1159/239/97 1161/666/97 1162/667/97
f 1163/234/97 1164/233/97 1165/668/97
f 1163/234/97 1165/668/97 1166/664/97
f 1167/232/97 1168/235/97 1169/665/97
f 1167/232/97 1169/665/97 1170/669/97
f 1171/238/97 1172/237/97 1173/670/97
f 1171/238/97 1173/670/97 1174/666/97
f 1175/200/74 1176/203/74 1177/284/74
f 1175/200/74 1177/284/74 1178/671/74
f 1179/242/74 1180/241/74 1181/672/74
f 1179/242/74 1181/672/74 1182/279/74
f 1183/240/74 1184/243/74 1185/278/74
f 1183/240/74 1185/278/74 1186/673/74
f 1187/201/68 1188/201/68 1189/202/68
f 1187/201/68 1189/202/68 1190/202/68
f 1191/236/97 1192/239/97 1193/667/97
f 1191/236/97 1193/667/97 1194/674/97
f 1184/243/74 1179/242/74 1182/279/74
f 1184/243/74 1182/279/74 1185/278/74
f 1176/203/74 1005/202/74 1008/285/74
f 1176/203/74 1008/285/74 1177/284/74
f 1195/239/394 1196/238/394 1197/238/394
f 1195/239/394 1197/238/394 1198/239/394
f 1199/234/67 1200/233/67 1201/233/67
f 1199/234/67 1201/233/67 1202/234/67
f 1203/232/68 1204/235/68 1205/235/68
f 1203/232/68 1205/235/68 1206/232/68
f 1207/238/67 1208/237/67 1209/237/67
f 1207/238/67 1209/237/67 1210/238/67
f 1211/200/67 1212/203/67 1213/203/67
f 1211/200/67 1213/203/67 1214/200/67
f 1215/241/68 1216/241/68 1217/242/68
f 1215/241/68 1217/242/68 1218/242/68
f 1219/240/67 1220/243/67 1221/243/67
f 1219/240/67 1221/243/67 1222/240/67
f 1223/236/68 1224/239/68 1225/239/68
f 1223/236/68 1225/239/68 1226/236/68
f 1227/243/65 1228/242/65 1229/242/65
f 1227/243/65 1229/242/65 1230/243/65
f 1231/203/65 1232/202/65 1233/202/65
f 1231/203/65 1233/202/65 1234/203/65
f 1235/235/394 1236/234/394 1237/234/394
f 1235/235/394 1237/234/394 1238/235/394
f 1239/65/395 1240/489/395 1241/489/395
f 1239/65/395 1241/489/395 1242/65/395
f 1243/483/396 1244/60/396 1245/60/396
f 1243/483/396 1245/60/396 1246/483/396
f 1247/491/397 1248/554/397 1249/554/397
f 1247/491/397 1249/554/397 1250/491/397
f 1251/497/398 1252/491/398 1253/491/398
f 1251/497/398 1253/491/398 1254/497/398
f 1255/66/75 1256/69/75 1257/68/75
f 1255/66/75 1257/68/75 1258/67/75
f 1259/70/65 1260/73/65 1261/72/65
f 1259/70/65 1261/72/65 1262/71/65
f 1263/74/67 1264/77/67 1265/76/67
f 1263/74/67 1265/76/67 1266/75/67
f 1267/78/65 1268/81/65 1269/80/65
f 1267/78/65 1269/80/65 1270/79/65
f 1271/82/81 1272/85/81 1273/84/81
f 1271/82/81 1273/84/81 1274/83/81
f 1275/86/73 1276/89/73 1277/88/73
f 1275/86/73 1277/88/73 1278/87/73
f 1279/90/68 1280/93/68 1281/92/68
f 1279/90/68 1281/92/68 1282/91/68
f 1283/94/68 1284/97/68 1285/96/68
f 1283/94/68 1285/96/68 1286/95/68
f 1287/98/77 1288/101/77 1289/100/77
f 1287/98/77 1289/100/77 1290/99/77
f 1291/102/81 1292/105/81 1293/104/81
f 1291/102/81 1293/104/81 1294/103/81
f 1295/106/76 1296/109/76 1297/108/76
f 1295/106/76 1297/108/76 1298/107/76
f 1259/70/65 1299/111/65 1300/110/65
f 1259/70/65 1300/110/65 1260/73/65
f 1301/112/68 1302/115/68 1303/114/68
f 1301/112/68 1303/114/68 1304/113/68
f 1305/116/67 1306/119/67 1307/118/67
f 1305/116/67 1307/118/67 1308/117/67
f 1260/73/65 1300/110/65 1309/121/65
f 1260/73/65 1309/121/65 1310/120/65
f 1311/122/68 1312/125/68 1313/124/68
f 1311/122/68 1313/124/68 1314/123/68
f 1315/126/65 1316/129/65 1317/128/65
f 1315/126/65 1317/128/65 1318/127/65
f 1319/130/197 1320/130/197 1321/131/197
f 1319/130/197 1321/131/197 1322/131/197
f 1323/132/79 1324/135/79 1325/134/79
f 1323/132/79 1325/134/79 1326/133/79
f 1327/136/399 1328/139/399 1329/138/399
f 1327/136/399 1329/138/399 1330/137/399
f 271/140/66 274/143/66 1331/142/66
f 271/140/66 1331/142/66 1332/141/66
f 1333/144/74 1334/147/74 1335/146/74
f 1333/144/74 1335/146/74 1336/145/74
f 1337/148/65 1338/149/65 1268/81/65
f 1337/148/65 1268/81/65 1267/78/65
f 1339/150/82 1340/153/82 1341/152/82
f 1339/150/82 1341/152/82 1342/151/82
f 1343/154/400 1344/157/400 1345/156/400
f 1343/154/400 1345/156/400 1346/155/400
f 1347/158/82 1348/161/82 1349/160/82
f 1347/158/82 1349/160/82 1350/159/82
f 1351/162/401 1352/165/402 1353/164/403
f 1351/162/404 1353/164/405 1354/163/402
f 1355/166/406 1356/169/406 1357/168/406
f 1355/166/406 1357/168/406 1358/167/406
f 1359/170/90 1360/173/90 1361/172/90
f 1359/170/90 1361/172/90 1362/171/90
f 1363/174/407 1364/177/407 1365/176/407
f 1363/174/407 1365/176/407 1366/175/407
f 1367/178/408 1368/181/409 1369/180/410
f 1367/178/411 1369/180/409 1370/179/412
f 1371/182/90 1372/185/90 1373/184/90
f 1371/182/90 1373/184/90 1374/183/90
f 1374/183/90 1373/184/90 318/187/90
f 1374/183/90 318/187/90 317/186/90
f 1375/188/82 1376/189/82 1348/161/82
f 1375/188/82 1348/161/82 1347/158/82
f 1377/190/90 1378/191/90 1360/173/90
f 1377/190/90 1360/173/90 1359/170/90
f 1379/192/65 1380/195/65 1381/194/65
f 1379/192/65 1381/194/65 1382/193/65
f 1383/196/68 1384/199/68 1385/198/68
f 1383/196/68 1385/198/68 1386/197/68
f 1387/200/81 1388/203/81 1389/202/81
f 1387/200/81 1389/202/81 1390/201/81
f 1391/204/67 1392/207/67 1393/206/67
f 1391/204/67 1393/206/67 1394/205/67
f 339/208/65 1395/211/65 1396/210/65
f 339/208/65 1396/210/65 340/209/65
f 1395/211/65 1397/213/65 1398/212/65
f 1395/211/65 1398/212/65 1396/210/65
f 1399/214/81 1400/217/81 1401/216/81
f 1399/214/81 1401/216/81 1402/215/81
f 1403/218/81 1404/221/81 1405/220/81
f 1403/218/81 1405/220/81 1406/219/81
f 1407/222/67 1408/225/67 1409/224/67
f 1407/222/67 1409/224/67 1410/223/67
f 1411/226/68 1412/229/68 1413/228/68
f 1411/226/68 1413/228/68 1414/227/68
f 1267/78/65 1270/79/65 1415/231/65
f 1267/78/65 1415/231/65 1416/230/65
f 1417/232/413 1418/235/413 1419/234/413
f 1417/232/413 1419/234/413 1420/233/413
f 1421/236/413 1422/239/413 1423/238/413
f 1421/236/413 1423/238/413 1424/237/413
f 1425/240/81 1426/243/81 1427/242/81
f 1425/240/81 1427/242/81 1428/241/81
f 1429/244/68 1430/247/68 1431/246/68
f 1429/244/68 1431/246/68 1432/245/68
f 1433/248/67 1434/251/67 1435/250/67
f 1433/248/67 1435/250/67 1436/249/67
f 1437/252/67 1438/255/67 1439/254/67
f 1437/252/67 1439/254/67 1440/253/67
f 1441/256/400 1442/259/400 1443/258/400
f 1441/256/400 1443/258/400 1444/257/400
f 1445/260/68 1446/263/68 1447/262/68
f 1445/260/68 1447/262/68 1448/261/68
f 1449/264/67 1450/267/67 1451/266/67
f 1449/264/67 1451/266/67 1452/265/67
f 1453/268/74 1454/269/74 1455/147/74
f 1453/268/74 1455/147/74 1456/144/74
f 1457/270/399 1458/271/399 1459/139/399
f 1457/270/399 1459/139/399 1460/136/399
f 1461/272/67 1462/275/67 1463/274/67
f 1461/272/67 1463/274/67 1464/273/67
f 1465/218/414 1466/277/415 1467/276/416
f 1465/218/417 1467/276/418 1468/221/415
f 1469/278/419 1470/281/419 1471/280/419
f 1469/278/419 1471/280/419 1472/279/419
f 1473/261/104 1474/283/104 1475/282/104
f 1473/261/104 1475/282/104 1476/260/104
f 1477/284/419 1478/287/419 1479/286/419
f 1477/284/419 1479/286/419 1480/285/419
f 1481/245/104 1482/289/104 1483/288/104
f 1481/245/104 1483/288/104 1484/244/104
f 1485/214/420 1486/291/421 1487/290/422
f 1485/214/423 1487/290/424 1488/217/421
f 1489/82/425 1490/293/426 1491/292/427
f 1489/82/428 1491/292/429 1492/85/426
f 1493/222/116 1494/295/116 1495/294/116
f 1493/222/116 1495/294/116 1496/225/116
f 1497/117/430 1498/297/163 1499/296/431
f 1497/117/432 1499/296/433 1500/116/163
f 1501/113/434 1502/299/135 1503/298/435
f 1501/113/436 1503/298/437 1504/112/135
f 1505/123/127 1506/301/127 1507/300/127
f 1505/123/127 1507/300/127 1508/122/127
f 1509/91/438 1510/303/439 1511/302/440
f 1509/91/441 1511/302/442 1512/90/439
f 1513/101/443 1514/305/443 1515/304/443
f 1513/101/443 1515/304/443 1516/100/443
f 1517/94/444 1518/307/123 1519/306/445
f 1517/94/446 1519/306/447 1520/97/123
f 1521/69/448 1522/309/449 1523/308/450
f 1521/69/451 1523/308/452 1524/68/449
f 1525/103/453 1526/311/454 1527/310/455
f 1525/103/456 1527/310/457 1528/102/458
f 1529/87/459 1530/313/460 1531/312/461
f 1529/87/462 1531/312/463 1532/86/464
f 1533/106/465 1534/315/466 1535/314/467
f 1533/106/468 1535/314/469 1536/109/466
f 1537/74/470 1538/317/118 1539/316/471
f 1537/74/472 1539/316/473 1540/77/118
f 1541/248/116 1542/319/116 1543/318/116
f 1541/248/116 1543/318/116 1544/251/116
f 1545/320/474 1546/323/474 1547/322/474
f 1545/320/474 1547/322/474 1548/321/474
f 1549/324/82 1550/327/82 1551/326/82
f 1549/324/82 1551/326/82 1552/325/82
f 1553/70/475 1554/329/475 1555/328/475
f 1553/70/475 1555/328/475 1556/111/475
f 1557/121/406 1558/331/406 1559/330/406
f 1557/121/406 1559/330/406 1560/120/406
f 1561/332/90 1562/335/90 1563/334/90
f 1561/332/90 1563/334/90 1564/333/90
f 1565/148/407 1566/337/407 1567/336/407
f 1565/148/407 1567/336/407 1568/149/407
f 1569/80/476 1570/339/476 1571/338/476
f 1569/80/476 1571/338/476 1572/79/476
f 1552/325/82 1551/326/82 1573/341/82
f 1552/325/82 1573/341/82 1574/340/82
f 1575/333/90 1576/334/90 1577/343/90
f 1575/333/90 1577/343/90 1578/342/90
f 1579/323/195 1580/346/195 1581/345/195
f 1579/323/195 1581/345/195 1582/344/195
f 1583/347/194 1584/349/194 1585/348/194
f 1583/347/194 1585/348/194 1586/127/194
f 1587/350/477 1588/353/477 1589/352/477
f 1587/350/477 1589/352/477 1590/351/477
f 1591/354/197 1592/357/197 1593/356/197
f 1591/354/197 1593/356/197 1594/355/197
f 1595/358/197 1596/361/197 1597/360/197
f 1595/358/197 1597/360/197 1598/359/197
f 1599/362/82 1600/365/82 1601/364/82
f 1599/362/82 1601/364/82 1602/363/82
f 1603/366/90 1604/369/90 1605/368/90
f 1603/366/90 1605/368/90 1606/367/90
f 1607/370/82 1608/373/82 1609/372/82
f 1607/370/82 1609/372/82 1610/371/82
f 1611/374/197 1612/377/197 1613/376/197
f 1611/374/197 1613/376/197 1614/375/197
f 1615/378/90 1616/381/90 1617/380/90
f 1615/378/90 1617/380/90 1618/379/90
f 1619/382/399 1620/385/399 1621/384/399
f 1619/382/399 1621/384/399 1622/383/399
f 1623/386/79 1624/142/79 573/143/79
f 1623/386/79 573/143/79 572/387/79
f 1625/388/399 1626/391/399 1627/390/399
f 1625/388/399 1627/390/399 1628/389/399
f 1629/383/399 1630/384/399 1631/393/399
f 1629/383/399 1631/393/399 1632/392/399
f 1633/394/399 1634/395/399 1635/391/399
f 1633/394/399 1635/391/399 1636/388/399
f 1637/135/478 1638/397/479 1639/396/480
f 1637/135/481 1639/396/482 1640/134/483
f 1641/271/484 1642/399/485 1643/398/486
f 1641/271/487 1643/398/488 1644/139/485
f 1645/133/489 1646/401/490 1647/400/491
f 1645/133/492 1647/400/493 1648/132/494
f 1649/136/495 1650/403/496 1651/402/497
f 1649/136/498 1651/402/499 1652/270/496
f 1653/139/67 1654/398/67 1655/404/67
f 1653/139/67 1655/404/67 1656/138/67
f 1657/137/74 1658/405/74 1659/403/74
f 1657/137/74 1659/403/74 1660/136/74
f 1661/406/65 1397/213/65 1662/408/65
f 1661/406/65 1662/408/65 1663/407/65
f 1664/409/65 1665/411/65 1398/212/65
f 1664/409/65 1398/212/65 1666/410/65
f 1661/406/65 1666/410/65 1398/212/65
f 1661/406/65 1398/212/65 1397/213/65
f 1667/192/171 1668/413/171 1669/412/171
f 1667/192/171 1669/412/171 1670/195/171
f 1671/194/170 1672/415/170 1673/414/170
f 1671/194/170 1673/414/170 1674/193/170
f 1675/194/500 1676/195/500 1677/412/500
f 1675/194/500 1677/412/500 1678/415/500
f 1679/192/78 1680/193/78 1681/414/78
f 1679/192/78 1681/414/78 1682/413/78
f 1683/416/68 1684/419/68 1685/418/68
f 1683/416/68 1685/418/68 1686/417/68
f 1687/420/501 1688/421/502 1689/419/503
f 1687/420/504 1689/419/374 1690/416/505
f 1691/422/81 1692/425/81 1693/424/81
f 1691/422/81 1693/424/81 1694/423/81
f 1695/426/77 1696/429/77 1697/428/77
f 1695/426/77 1697/428/77 1698/427/77
f 1699/430/68 1700/433/68 1701/432/68
f 1699/430/68 1701/432/68 1702/431/68
f 1703/434/68 654/437/68 653/436/68
f 1703/434/68 653/436/68 1704/435/68
f 1705/438/68 1706/441/68 1707/440/68
f 1705/438/68 1707/440/68 1708/439/68
f 1709/442/67 1710/445/67 1711/444/67
f 1709/442/67 1711/444/67 1712/443/67
f 1713/446/77 1714/449/77 1715/448/77
f 1713/446/77 1715/448/77 1716/447/77
f 1717/450/81 1718/453/81 1719/452/81
f 1717/450/81 1719/452/81 1720/451/81
f 1712/443/67 1711/444/67 1438/255/67
f 1712/443/67 1438/255/67 1437/252/67
f 1721/454/75 1722/457/75 1723/456/75
f 1721/454/75 1723/456/75 1724/455/75
f 1725/427/77 1726/428/77 1727/449/77
f 1725/427/77 1727/449/77 1728/446/77
f 1729/431/68 1730/432/68 1731/437/68
f 1729/431/68 1731/437/68 1732/434/68
f 1686/417/68 1685/418/68 1706/441/68
f 1686/417/68 1706/441/68 1705/438/68
f 1733/458/75 1734/459/75 1735/457/75
f 1733/458/75 1735/457/75 1736/454/75
f 1737/455/75 1738/456/75 1739/461/75
f 1737/455/75 1739/461/75 1740/460/75
f 1720/451/81 1719/452/81 1741/463/81
f 1720/451/81 1741/463/81 1742/462/81
f 1743/464/81 1744/467/81 1745/466/81
f 1743/464/81 1745/466/81 1746/465/81
f 1694/423/81 1693/424/81 1744/467/81
f 1694/423/81 1744/467/81 1743/464/81
f 1747/468/81 1748/471/81 1749/470/81
f 1747/468/81 1749/470/81 1750/469/81
f 1751/472/81 1752/473/81 1748/471/81
f 1751/472/81 1748/471/81 1747/468/81
f 1750/469/81 1749/470/81 1753/475/81
f 1750/469/81 1753/475/81 1754/474/81
f 1755/476/81 1756/477/81 1718/453/81
f 1755/476/81 1718/453/81 1717/450/81
f 1757/478/73 1758/481/73 1759/480/73
f 1757/478/73 1759/480/73 1760/479/73
f 1761/465/506 1762/466/507 1763/483/508
f 1761/465/509 1763/483/510 1764/482/511
f 1765/484/512 1766/60/513 1767/425/514
f 1765/484/515 1767/425/516 1768/422/517
f 1769/253/518 1770/254/327 1771/486/519
f 1769/253/520 1771/486/521 1772/485/327
f 1773/462/522 1774/463/523 1775/65/524
f 1773/462/525 1775/65/526 1776/487/523
f 1777/488/527 1778/489/528 1779/477/529
f 1777/488/530 1779/477/531 1780/476/528
f 1781/490/532 1782/491/533 1783/473/534
f 1781/490/535 1783/473/536 1784/472/537
f 1785/460/538 1786/461/539 1787/493/540
f 1785/460/541 1787/493/542 1788/492/543
f 1789/494/544 1790/495/545 1791/459/546
f 1789/494/547 1791/459/548 1792/458/545
f 1793/474/549 1794/475/550 1795/497/551
f 1793/474/552 1795/497/553 1796/496/554
f 1797/487/555 1798/65/556 1799/489/557
f 1797/487/558 1799/489/559 1800/488/560
f 1801/485/561 1802/486/349 1803/499/562
f 1801/485/563 1803/499/564 1804/498/349
f 1805/492/565 1806/493/566 1807/495/567
f 1805/492/568 1807/495/569 1808/494/566
f 1809/500/443 1810/503/443 1811/502/443
f 1809/500/443 1811/502/443 1812/501/443
f 1813/504/127 1814/507/127 1815/506/127
f 1813/504/127 1815/506/127 1816/505/127
f 1817/508/570 1818/509/334 1819/421/571
f 1817/508/572 1819/421/573 1820/420/334
f 1821/482/574 1822/483/575 1823/60/576
f 1821/482/577 1823/60/578 1824/484/579
f 1825/496/580 1826/497/581 1827/491/582
f 1825/496/583 1827/491/584 1828/490/581
f 1829/510/585 1830/513/585 1831/512/585
f 1829/510/585 1831/512/585 1832/511/585
f 1833/439/127 1834/440/586 1835/509/289
f 1833/439/587 1835/509/588 1836/508/589
f 1837/505/127 1838/506/127 1839/433/127
f 1837/505/127 1839/433/127 1840/430/127
f 1841/435/127 1842/436/127 1843/507/127
f 1841/435/127 1843/507/127 1844/504/127
f 1845/447/443 1846/448/443 1847/503/443
f 1845/447/443 1847/503/443 1848/500/443
f 1849/501/443 1850/502/443 1851/429/443
f 1849/501/443 1851/429/443 1852/426/443
f 1853/514/76 1854/517/76 1855/516/76
f 1853/514/76 1855/516/76 1856/515/76
f 1857/515/590 1858/516/591 1859/64/592
f 1857/515/593 1859/64/594 1860/518/595
f 1861/519/73 1862/424/73 1863/425/73
f 1861/519/73 1863/425/73 1864/520/73
f 1865/521/68 1866/524/68 1867/523/68
f 1865/521/68 1867/523/68 1868/522/68
f 1869/525/68 1701/432/68 1700/433/68
f 1869/525/68 1700/433/68 1870/526/68
f 1871/527/68 1707/440/68 1706/441/68
f 1871/527/68 1706/441/68 1872/528/68
f 1873/529/67 1711/444/67 1710/445/67
f 1873/529/67 1710/445/67 1874/530/67
f 1875/531/68 1876/534/68 1877/533/68
f 1875/531/68 1877/533/68 1878/532/68
f 1879/479/73 1880/480/73 1881/424/73
f 1879/479/73 1881/424/73 1882/519/73
f 1872/528/68 1706/441/68 1866/524/68
f 1872/528/68 1866/524/68 1865/521/68
f 1883/535/76 1884/452/76 1885/517/76
f 1883/535/76 1885/517/76 1886/514/76
f 1878/532/68 1877/533/68 1701/432/68
f 1878/532/68 1701/432/68 1869/525/68
f 1887/536/67 1888/537/67 1711/444/67
f 1887/536/67 1711/444/67 1873/529/67
f 1889/538/67 1890/539/67 1888/537/67
f 1889/538/67 1888/537/67 1887/536/67
f 1891/540/76 1892/463/76 1893/452/76
f 1891/540/76 1893/452/76 1894/535/76
f 1895/541/81 1896/544/81 1897/543/81
f 1895/541/81 1897/543/81 1898/542/81
f 1898/542/81 1897/543/81 1748/471/81
f 1898/542/81 1748/471/81 1899/545/81
f 1899/545/81 1748/471/81 1752/473/81
f 1899/545/81 1752/473/81 1900/546/81
f 1901/547/68 1902/550/68 1903/549/68
f 1901/547/68 1903/549/68 1904/548/68
f 1905/520/596 1906/425/597 1907/60/598
f 1905/520/599 1907/60/600 1908/551/597
f 1909/552/601 1910/61/602 1911/481/603
f 1909/552/604 1911/481/605 1912/478/602
f 1913/553/606 1914/554/607 1915/544/608
f 1913/553/530 1915/544/609 1916/541/610
f 1917/555/611 1918/65/612 1919/463/613
f 1917/555/614 1919/463/615 1920/540/612
f 1921/546/616 1922/473/617 1923/491/618
f 1921/546/619 1923/491/620 1924/556/621
f 1925/557/622 1926/558/216 1927/539/623
f 1925/557/624 1927/539/625 1928/538/626
f 1929/551/627 1930/60/628 1931/61/629
f 1929/551/630 1931/61/631 1932/552/628
f 1933/559/632 1934/561/271 1935/509/633
f 1933/559/634 1935/509/635 1936/560/271
f 1937/518/636 1938/64/637 1939/65/638
f 1937/518/639 1939/65/640 1940/555/637
f 1941/562/641 1942/506/642 1943/564/643
f 1941/562/644 1943/564/645 1944/563/642
f 1945/565/646 1946/499/261 1947/558/647
f 1945/565/648 1947/558/649 1948/557/261
f 1949/556/650 1950/491/651 1951/554/652
f 1949/556/653 1951/554/654 1952/553/651
f 1953/560/655 1954/509/655 1955/440/655
f 1953/560/358 1955/440/358 1956/527/358
f 1957/526/656 1958/433/657 1959/506/658
f 1957/526/659 1959/506/660 1960/562/657
f 1961/563/661 1962/564/662 1963/534/663
f 1961/563/664 1963/534/665 1964/531/666
f 1965/522/667 1966/523/200 1967/561/668
f 1965/522/669 1967/561/670 1968/559/671
f 1969/566/68 1970/569/68 1971/568/68
f 1969/566/68 1971/568/68 1972/567/68
f 1973/570/67 1974/573/67 1975/572/67
f 1973/570/67 1975/572/67 1976/571/67
f 1977/574/68 1978/575/68 1979/569/68
f 1977/574/68 1979/569/68 1980/566/68
f 1981/571/67 1982/572/67 1983/577/67
f 1981/571/67 1983/577/67 1984/576/67
f 1985/578/68 1986/581/68 1987/580/68
f 1985/578/68 1987/580/68 1988/579/68
f 1989/567/68 1990/568/68 1991/583/68
f 1989/567/68 1991/583/68 1992/582/68
f 1993/584/67 1994/585/67 1995/573/67
f 1993/584/67 1995/573/67 1996/570/67
f 1997/586/67 1998/589/67 1999/588/67
f 1997/586/67 1999/588/67 2000/587/67
f 2001/548/68 2002/549/68 2003/581/68
f 2001/548/68 2003/581/68 2004/578/68
f 2005/590/104 2006/57/104 2007/550/104
f 2005/590/104 2007/550/104 2008/547/104
f 2009/576/116 2010/577/116 2011/54/116
f 2009/576/116 2011/54/116 2012/591/116
f 2013/582/104 2014/583/104 2015/62/104
f 2013/582/104 2015/62/104 2016/592/104
f 2017/593/104 2018/63/104 2019/575/104
f 2017/593/104 2019/575/104 2020/574/104
f 2021/592/104 2022/62/104 2023/63/104
f 2021/592/104 2023/63/104 2024/593/104
f 2025/591/116 2026/54/116 2027/55/116
f 2025/591/116 2027/55/116 2028/594/116
f 2029/595/104 2030/56/104 2031/57/104
f 2029/595/104 2031/57/104 2032/590/104
f 2033/594/116 2034/55/116 2035/585/116
f 2033/594/116 2035/585/116 2036/584/116
f 2037/579/104 2038/580/104 2039/56/104
f 2037/579/104 2039/56/104 2040/595/104
f 2041/596/67 2042/599/67 2043/598/67
f 2041/596/67 2043/598/67 2044/597/67
f 2045/600/67 2046/603/67 2047/602/67
f 2045/600/67 2047/602/67 2048/601/67
f 2049/597/67 2050/598/67 2051/589/67
f 2049/597/67 2051/589/67 2052/586/67
f 2053/587/116 2054/588/116 2055/58/116
f 2053/587/116 2055/58/116 2056/604/116
f 2057/604/116 2058/58/116 2059/59/116
f 2057/604/116 2059/59/116 2060/605/116
f 2061/605/116 2062/59/116 2063/599/116
f 2061/605/116 2063/599/116 2064/596/116
f 2065/606/67 2066/608/67 2067/393/67
f 2065/606/67 2067/393/67 2068/607/67
f 2069/601/67 2070/602/67 2071/608/67
f 2069/601/67 2071/608/67 2072/606/67
f 2073/130/67 2074/131/67 2046/603/67
f 2073/130/67 2046/603/67 2045/600/67
f 2075/609/74 2076/612/74 2077/611/74
f 2075/609/74 2077/611/74 2078/610/74
f 2079/202/81 2080/285/81 2081/613/81
f 2079/202/81 2081/613/81 2082/201/81
f 2083/614/81 2084/614/81 2085/615/81
f 2083/614/81 2085/615/81 2086/615/81
f 1013/616/66 1014/616/66 175/52/66
f 1013/616/66 175/52/66 174/52/66
f 2087/614/67 2088/611/67 2089/612/67
f 2087/614/67 2089/612/67 2090/615/67
f 2091/617/67 2092/385/67 2093/131/67
f 2091/617/67 2093/131/67 2094/130/67
f 2095/618/65 171/50/65 173/51/65
f 2095/618/65 173/51/65 2096/51/65
f 2097/617/81 2098/617/81 2099/130/81
f 2097/617/81 2099/130/81 2100/130/81
f 2101/619/74 2102/619/74 2103/621/74
f 2101/619/74 2103/621/74 2104/620/74
f 1033/616/66 1013/616/66 174/52/66
f 1033/616/66 174/52/66 2105/52/66
f 173/51/65 1036/622/65 1035/622/65
f 173/51/65 1035/622/65 2096/51/65
f 174/52/66 176/53/66 2106/53/66
f 174/52/66 2106/53/66 2105/52/66
f 1038/623/67 1041/626/67 2107/625/67
f 1038/623/67 2107/625/67 2108/624/67
f 173/51/65 172/51/65 1042/622/65
f 173/51/65 1042/622/65 1036/622/65
f 2109/627/672 2110/624/672 2111/625/672
f 2109/627/672 2111/625/672 2112/628/672
f 2113/629/673 2114/153/673 2115/150/673
f 2113/629/673 2115/150/673 2116/618/673
f 1051/630/65 1054/631/65 2117/153/65
f 1051/630/65 2117/153/65 2118/629/65
f 2119/618/674 2120/150/675 2121/150/676
f 2119/618/677 2121/150/678 2122/50/679
f 2123/50/680 2124/150/680 2125/51/680
f 2123/50/680 2125/51/680 2126/51/680
f 2127/51/681 2128/51/682 2129/622/683
f 2127/51/684 2129/622/685 2130/622/682
f 2131/632/672 2132/131/672 2133/385/672
f 2131/632/672 2133/385/672 2134/633/672
f 2135/634/672 2136/635/672 2137/131/672
f 2135/634/672 2137/131/672 2138/632/672
f 1075/636/67 1078/637/67 2139/635/67
f 1075/636/67 2139/635/67 2140/634/67
f 2141/638/67 2142/641/67 1081/640/67
f 2141/638/67 1081/640/67 1080/639/67
f 2143/633/672 2144/385/672 2145/641/672
f 2143/633/672 2145/641/672 2146/638/672
f 2147/628/686 2148/643/686 2149/642/686
f 2147/628/686 2149/642/686 2150/627/686
f 2151/625/680 2152/644/680 2153/643/680
f 2151/625/680 2153/643/680 2154/628/680
f 2155/626/82 2156/645/82 2157/644/82
f 2155/626/82 2157/644/82 2158/625/82
f 2159/624/79 2160/647/79 1101/646/79
f 2159/624/79 1101/646/79 1100/623/79
f 2161/627/687 2162/642/687 2163/647/687
f 2161/627/687 2163/647/687 2164/624/687
f 2165/621/67 2166/619/67 2167/649/67
f 2165/621/67 2167/649/67 2168/648/67
f 2169/650/74 2170/384/74 2171/385/74
f 2169/650/74 2171/385/74 2172/651/74
f 2173/652/74 2174/384/74 2170/384/74
f 2173/652/74 2170/384/74 2169/650/74
f 2175/653/81 2097/617/81 2176/655/81
f 2175/653/81 2176/655/81 2177/654/81
f 2177/654/81 2176/655/81 2178/655/81
f 2177/654/81 2178/655/81 2179/654/81
f 2180/653/81 2098/617/81 2097/617/81
f 2180/653/81 2097/617/81 2175/653/81
f 2181/654/67 2182/655/67 2183/384/67
f 2181/654/67 2183/384/67 2184/652/67
f 2185/656/67 2092/385/67 2091/617/67
f 2185/656/67 2091/617/67 2186/653/67
f 2172/651/74 2171/385/74 2187/385/74
f 2172/651/74 2187/385/74 2188/656/74
f 2189/657/74 2170/384/74 2174/384/74
f 2189/657/74 2174/384/74 2190/657/74
f 2191/658/74 2192/393/74 2170/384/74
f 2191/658/74 2170/384/74 2189/657/74
f 2193/659/81 2176/655/81 2194/607/81
f 2193/659/81 2194/607/81 2195/660/81
f 2196/661/81 2178/655/81 2176/655/81
f 2196/661/81 2176/655/81 2193/659/81
f 2197/657/67 2183/384/67 2182/655/67
f 2197/657/67 2182/655/67 2198/661/67
f 2199/662/74 2200/393/74 2192/393/74
f 2199/662/74 2192/393/74 2191/658/74
f 2201/660/81 2202/607/81 2203/607/81
f 2201/660/81 2203/607/81 2204/663/81
f 2205/660/81 2206/607/81 2207/607/81
f 2205/660/688 2207/607/81 2208/660/81
f 2209/663/67 2210/607/67 2211/393/67
f 2209/663/67 2211/393/67 2212/662/67
f 2213/235/413 2214/665/413 2215/664/413
f 2213/235/413 2215/664/413 2216/234/413
f 2217/239/413 2218/667/413 2219/666/413
f 2217/239/413 2219/666/413 2220/238/413
f 2221/234/413 2222/664/413 2223/668/413
f 2221/234/413 2223/668/413 2224/233/413
f 2225/232/413 2226/669/413 2227/665/413
f 2225/232/413 2227/665/413 2228/235/413
f 2229/238/413 2230/666/413 2231/670/413
f 2229/238/413 2231/670/413 2232/237/413
f 2233/200/81 2234/671/81 2235/284/81
f 2233/200/81 2235/284/81 2236/203/81
f 2237/242/81 2238/279/81 2239/672/81
f 2237/242/81 2239/672/81 2240/241/81
f 2241/240/81 2242/673/81 2243/278/81
f 2241/240/81 2243/278/81 2244/243/81
f 2245/201/68 2246/202/68 2247/202/68
f 2245/201/68 2247/202/68 2248/201/68
f 2249/236/413 2250/674/413 2251/667/413
f 2249/236/413 2251/667/413 2252/239/413
f 2244/243/81 2243/278/81 2238/279/81
f 2244/243/81 2238/279/81 2237/242/81
f 2236/203/81 2235/284/81 2080/285/81
f 2236/203/81 2080/285/81 2079/202/81
f 2253/239/689 2254/239/689 2255/238/689
f 2253/239/689 2255/238/689 2256/238/689
f 2257/234/67 2258/234/67 2259/233/67
f 2257/234/67 2259/233/67 2260/233/67
f 2261/232/68 2262/232/68 2263/235/68
f 2261/232/68 2263/235/68 2264/235/68
f 2265/238/67 2266/238/67 2267/237/67
f 2265/238/67 2267/237/67 2268/237/67
f 2269/200/67 2270/200/67 2271/203/67
f 2269/200/67 2271/203/67 2272/203/67
f 2273/241/68 2274/242/68 2275/242/68
f 2273/241/68 2275/242/68 2276/241/68
f 2277/240/67 2278/240/67 2279/243/67
f 2277/240/67 2279/243/67 2280/243/67
f 2281/236/68 2282/236/68 2283/239/68
f 2281/236/68 2283/239/68 2284/239/68
f 2285/243/65 2286/243/65 2287/242/65
f 2285/243/65 2287/242/65 2288/242/65
f 2289/203/65 2290/203/65 2291/202/65
f 2289/203/65 2291/202/65 2292/202/65
f 2293/235/689 2294/235/689 2295/234/689
f 2293/235/689 2295/234/689 2296/234/689
f 2297/65/690 2298/65/690 2299/489/690
f 2297/65/690 2299/489/690 2300/489/690
f 2301/483/691 2302/483/691 2303/60/691
f 2301/483/691 2303/60/691 2304/60/691
f 2305/491/692 2306/491/692 2307/554/692
f 2305/491/692 2307/554/692 2308/554/692
f 2309/497/693 2310/497/693 2311/491/693
f 2309/497/693 2311/491/693 2312/491/693
f 2313/629/82 2314/51/82 2315/618/82
f 2314/51/82 2313/629/82 2316/622/82
f 2316/622/82 2313/629/82 2317/630/82
f 2318/675/83 2319/676/83 2320/677/83
f 2319/676/83 2318/675/83 2321/678/83
f 2322/498/694 2323/565/694 2324/499/694
f 2323/565/695 2322/498/695 2325/442/695
f 2323/565/695 2325/442/695 2326/530/695
f 2327/53/79 2328/679/79 2329/680/79
f 2328/679/79 2327/53/79 2330/616/79
f 2331/411/65 2332/407/65 2333/409/65
f 2332/407/65 2331/411/65 2334/681/65
f 2332/407/65 2335/682/65 2336/408/65
f 2335/682/65 2332/407/65 2334/681/65
f 2337/683/74 2338/649/74 2339/648/74
f 2338/649/74 2337/683/74 2340/684/74
f 2341/685/67 410/275/67 409/274/67
f 410/275/67 2341/685/67 2342/686/67
f 2342/686/67 2341/685/67 2343/687/67
f 2344/630/82 2345/51/82 2346/622/82
f 2345/51/82 2344/630/82 2347/618/82
f 2347/618/82 2344/630/82 2348/629/82
f 2349/677/400 2350/688/400 2351/675/400
f 2350/688/400 2349/677/400 2352/678/400
f 2352/678/400 2349/677/400 2353/676/400
f 2354/565/695 2355/498/695 2356/499/695
f 2355/498/695 2354/565/695 2357/530/695
f 2355/498/695 2357/530/695 2358/442/695
f 2359/616/79 2360/680/79 2361/679/79
f 2360/680/79 2359/616/79 2362/53/79
f 2363/409/65 2364/681/65 2365/411/65
f 2364/681/65 2363/409/65 2366/689/65
f 2366/689/65 2363/409/65 2367/690/65
f 2367/690/65 2363/409/65 2368/682/65
f 2368/682/65 2369/407/65 2370/408/65
f 2369/407/65 2368/682/65 2363/409/65
f 2371/684/81 2372/648/81 2373/649/81
f 2372/648/81 2371/684/81 2374/683/81
f 2375/686/67 1463/274/67 1462/275/67
f 1463/274/67 2375/686/67 2376/685/67
f 2376/685/67 2375/686/67 2377/687/67
o Smeltery_Door_Placeable_0
v 0.500000 1.000001 4.000000
v 1.000000 1.000001 4.000000
v 1.000000 3.000001 3.999999
v 0.500000 3.000001 3.999999
v -0.400000 2.900001 3.999999
v -0.400000 1.100001 4.000000
v -0.100000 1.100001 4.000000
v -0.100000 2.900001 3.999999
v 0.100000 1.100001 4.000000
v 0.400000 1.100001 4.000000
v 0.400000 2.900001 3.999999
v 0.100000 2.900001 3.999999
v -1.000000 3.000001 3.999999
v -1.000000 1.000001 4.000000
v -0.500000 1.000001 4.000000
v -0.500000 3.000001 3.999999
v -0.400000 1.100001 4.000000
v -0.400000 2.900001 3.999999
v -0.000000 1.000001 4.000000
v -0.100000 1.100001 4.000000
v -0.040000 1.096570 4.000000
v -0.040000 2.903433 3.999999
v -0.060000 2.883432 3.999999
v -0.060000 1.116570 4.000000
v -0.000000 3.000001 3.999999
v -0.100000 2.900001 3.999999
v 0.400000 1.100001 4.000000
v 0.100000 1.100001 4.000000
v 0.400000 2.900001 3.999999
v 0.100000 2.900001 3.999999
v 0.040000 2.903432 3.999999
v 0.040000 1.096570 4.000000
v 0.060000 1.116570 4.000000
v 0.060000 2.883432 3.999999
v -0.000000 1.000001 4.000000
v -0.000000 3.000001 3.999999
v -0.040000 2.903433 3.999999
v -0.040000 1.096570 4.000000
v -0.000000 3.000001 3.999999
v -0.100000 2.900001 3.999999
v -0.060000 2.883432 3.999999
v -0.040000 2.903433 3.999999
v -0.060000 1.116570 4.000000
v -0.060000 2.883432 3.999999
v -0.100000 1.100001 4.000000
v -0.000000 1.000001 4.000000
v -0.040000 1.096570 4.000000
v -0.060000 1.116570 4.000000
v -0.000000 3.000001 3.999999
v -0.000000 1.000001 4.000000
v 0.040000 1.096570 4.000000
v 0.040000 2.903432 3.999999
v -0.000000 1.000001 4.000000
v 0.100000 1.100001 4.000000
v 0.060000 1.116570 4.000000
v 0.040000 1.096570 4.000000
v 0.100000 1.100001 4.000000
v 0.100000 2.900001 3.999999
v 0.060000 2.883432 3.999999
v 0.060000 1.116570 4.000000
v 0.100000 2.900001 3.999999
v -0.000000 3.000001 3.999999
v 0.040000 2.903432 3.999999
v 0.060000 2.883432 3.999999
vn -0.0000 -0.0000 1.0000
vt 0.389382 0.213672
vt 0.389382 0.214844
vt 0.764382 0.211562
vt 0.764383 0.211563
vt 0.764382 0.212266
vt 0.764383 0.212734
vt 0.764383 0.213437
vt 0.764382 0.213438
vt 0.764382 0.212734
vt 0.389382 0.210156
vt 0.389382 0.211328
vt 0.389383 0.211563
vt 0.389382 0.211562
vt 0.389382 0.212500
vt 0.389382 0.212266
vt 0.889382 0.962406
vt 0.889382 0.962406
vt 0.889383 0.962359
vt 0.889382 0.962359
vt 0.389383 0.213437
vt 0.389383 0.212734
vt 0.389382 0.213438
vt 0.389382 0.212734
vt 0.889382 0.962594
vt 0.889383 0.962594
vt 0.889382 0.962641
vt 0.889382 0.962641
vt 0.389382 0.212406
vt 0.389382 0.212406
vt 0.389383 0.212359
vt 0.389382 0.212359
vt 0.389383 0.212594
vt 0.389382 0.212594
vt 0.389382 0.212641
vt 0.389382 0.212641
s 0
usemtl Placeable
f 2378/691/696 2379/692/696 2380/692/696
f 2378/691/696 2380/692/696 2381/691/696
f 2382/693/696 2383/694/696 2384/695/696
f 2382/693/696 2384/695/696 2385/695/696
f 2386/696/696 2387/697/696 2388/698/696
f 2386/696/696 2388/698/696 2389/699/696
f 2390/700/696 2391/700/696 2392/701/696
f 2390/700/696 2392/701/696 2393/701/696
f 2393/701/696 2392/701/696 2394/702/696
f 2393/701/696 2394/702/696 2395/703/696
f 2392/701/696 2396/704/696 2397/705/696
f 2392/701/696 2397/705/696 2394/702/696
f 2398/706/696 2399/707/696 2400/708/696
f 2398/706/696 2400/708/696 2401/709/696
f 2402/704/696 2393/701/696 2395/703/696
f 2402/704/696 2395/703/696 2403/705/696
f 2396/704/696 2378/691/696 2404/710/696
f 2396/704/696 2404/710/696 2405/711/696
f 2378/691/696 2381/691/696 2406/712/696
f 2378/691/696 2406/712/696 2404/710/696
f 2381/691/696 2402/704/696 2407/713/696
f 2381/691/696 2407/713/696 2406/712/696
f 2408/714/696 2409/715/696 2410/716/696
f 2408/714/696 2410/716/696 2411/717/696
f 2412/704/696 2413/704/696 2414/718/696
f 2412/704/696 2414/718/696 2415/719/696
f 2416/704/696 2417/705/696 2418/720/696
f 2416/704/696 2418/720/696 2419/718/696
f 2403/705/696 2397/705/696 2420/721/696
f 2403/705/696 2420/721/696 2421/720/696
f 2422/705/696 2423/704/696 2424/719/696
f 2422/705/696 2424/719/696 2425/721/696
f 2426/704/696 2427/704/696 2428/722/696
f 2426/704/696 2428/722/696 2429/723/696
f 2430/704/696 2431/711/696 2432/724/696
f 2430/704/696 2432/724/696 2433/722/696
f 2434/711/696 2435/713/696 2436/725/696
f 2434/711/696 2436/725/696 2437/724/696
f 2438/713/696 2439/704/696 2440/723/696
f 2438/713/696 2440/723/696 2441/725/696
o Smeltery_UpperBody_Placeable_0
v 0.000000 17.400000 3.333328
v 0.000000 17.400000 3.969218
v 3.000000 17.400000 3.219218
v 0.000000 17.399996 -3.969229
v 0.000000 17.399996 -3.333338
v 3.000000 17.399996 -3.219229
v 3.000000 17.500000 3.219218
v 3.500000 17.500000 3.609606
v 3.500000 17.500000 3.333328
v 3.000000 17.499996 -3.219229
v 3.500000 17.499996 -3.333338
v 3.500000 17.499996 -3.609617
v -3.000000 17.400000 3.219218
v 0.000000 17.399996 -3.969229
v -3.000000 17.399996 -3.219229
v 0.000000 17.399996 -3.333338
v -3.000000 17.500000 3.219218
v -3.500000 17.500000 3.333328
v -3.500000 17.500000 3.609606
v -3.000000 17.499996 -3.219229
v -3.500000 17.499996 -3.609617
v -3.500000 17.499996 -3.333338
v 4.000000 4.999999 -3.750001
v 4.000000 15.749998 -3.750005
v 4.000000 15.749998 -3.583338
v 4.000000 4.999999 -3.583334
v 4.300000 8.341763 0.649997
v 4.300000 11.349998 0.649996
v 4.300000 11.349998 1.016663
v 4.300000 8.341763 1.016664
v 4.000000 15.499998 -2.833338
v 4.000000 5.499999 -2.833335
v 4.000000 4.999999 -3.333334
v 4.000000 15.999998 -3.333338
v 4.250000 5.500000 2.833332
v 4.250000 15.500000 2.833328
v 4.000000 15.500000 2.833328
v 4.000000 5.500000 2.833332
v 4.250000 5.499999 -1.666668
v 4.250000 5.500000 -0.000002
v 4.000000 5.500000 -0.000002
v 4.000000 5.499999 -1.666668
v 4.250000 5.500000 1.666665
v 4.000000 5.500000 1.666665
v 0.909509 5.249998 -5.545706
v 0.909509 15.249997 -5.545709
v 1.454295 15.249997 -5.409513
v 1.454295 5.249998 -5.409510
v 4.300000 8.341763 -1.016669
v 4.300000 11.349998 -1.016670
v 4.300000 11.349998 -0.650003
v 4.300000 8.341763 -0.650002
v 5.000000 11.999999 -0.000004
v 5.000000 11.999998 -1.666670
v 5.000000 12.749998 -1.666670
v 5.000000 12.749999 -0.000004
v 4.250000 15.499998 -2.833338
v 4.000000 15.499998 -2.833338
v 4.000000 15.500000 2.833328
v 4.250000 15.500000 2.833328
v 5.000000 12.000000 1.666663
v 5.000000 12.750000 1.666663
v 4.000000 16.000000 3.999995
v 4.000000 16.000000 3.333328
v 4.500000 16.500000 3.333328
v 4.500000 16.500000 3.999995
v 4.000000 16.999996 -3.333338
v 4.000000 17.000000 3.333328
v 4.248520 17.000000 3.333328
v 4.246914 16.999996 -3.333338
v 0.000000 17.399996 -3.333338
v 3.000000 17.399996 -3.219229
v 4.000000 16.999996 -4.000005
v 4.160024 16.999996 -4.124948
v 4.500000 16.499996 -3.333338
v 4.394103 16.499996 -4.307710
v 4.394103 16.749996 -4.307711
v 4.500000 16.749996 -3.333338
v 3.500000 17.500000 3.609606
v 0.000000 17.500000 4.484606
v 0.000000 17.000000 4.999994
v 4.000000 17.000000 3.999995
v 0.000000 17.499996 -4.484617
v 3.500000 17.499996 -3.609617
v 4.000000 16.999996 -4.000005
v 0.000000 16.999996 -5.000005
v 3.500000 17.500000 3.333328
v 3.500000 17.500000 3.609606
v 4.000000 17.000000 3.999995
v 4.000000 17.000000 3.333328
v 3.500000 17.499996 -3.609617
v 3.500000 17.499996 -3.333338
v 4.000000 16.999996 -3.333338
v 4.000000 16.999996 -4.000005
v 3.500000 17.499996 -3.333338
v 3.500000 17.500000 3.333328
v 4.000000 17.000000 3.333328
v 4.000000 16.999996 -3.333338
v 4.500000 16.500000 3.999995
v 4.500000 16.500000 3.333328
v 4.500000 16.750000 3.333328
v 4.500000 16.750000 3.999995
v 4.500000 16.499996 -3.333338
v 4.500000 16.749996 -3.333338
v 0.000000 16.999996 -5.000005
v 0.000000 16.999996 -5.239080
v 4.000000 15.999998 -3.333338
v 4.000000 15.999998 -4.000005
v 4.394103 16.499996 -4.307710
v 4.500000 16.499996 -3.333338
v 4.000000 15.999998 -3.333338
v 4.500000 16.499996 -3.333338
v 4.500000 16.500000 3.333328
v 4.000000 16.000000 3.333328
v 4.000000 17.000000 3.999995
v 4.248577 17.000000 3.999995
v 4.394103 16.499996 -4.307710
v 0.000000 16.499996 -5.485075
v 0.000000 16.749996 -5.485076
v 4.394103 16.749996 -4.307711
v 0.000000 16.999996 -5.239080
v 4.160024 16.999996 -4.124948
v 4.394103 16.749996 -4.307711
v 0.000000 16.749996 -5.485076
v 4.248520 17.000000 3.333328
v 4.248577 17.000000 3.999995
v 4.500000 16.750000 3.999995
v 4.500000 16.750000 3.333328
v 4.160024 16.999996 -4.124948
v 4.246914 16.999996 -3.333338
v 4.500000 16.749996 -3.333338
v 4.394103 16.749996 -4.307711
v 4.246914 16.999996 -3.333338
v 4.248520 17.000000 3.333328
v 4.500000 16.750000 3.333328
v 4.500000 16.749996 -3.333338
v 4.000000 8.000001 3.999997
v 3.000000 8.000001 4.249997
v 3.000000 5.000001 4.249998
v 4.000000 5.000001 3.999998
v 0.970143 16.250000 5.788235
v 0.970143 8.750002 5.788237
v 3.514929 8.750001 5.152040
v 3.514929 16.250000 5.152039
v 4.000000 5.499999 -1.666668
v 4.000000 4.999999 -1.666668
v 4.000000 5.500000 -0.000002
v 4.000000 5.000000 -0.000002
v 4.000000 5.500000 1.666665
v 4.000000 5.000000 1.666665
v 4.000000 5.500000 2.833332
v 4.000000 5.000000 3.333332
v 4.000000 15.500000 2.833328
v 4.000000 16.000000 3.333328
v 4.250000 15.499998 -2.833338
v 4.250000 5.499999 -2.833335
v 4.000000 5.499999 -2.833335
v 4.000000 15.499998 -2.833338
v 4.500000 5.749999 -1.666668
v 4.500000 5.749999 -2.583335
v 4.500000 7.999999 -2.583335
v 4.500000 7.999999 -1.666669
v 4.500000 5.750000 1.666665
v 4.500000 5.750000 -0.000002
v 4.500000 8.000000 -0.000002
v 4.500000 8.000000 1.666664
v 4.500000 5.750000 2.583332
v 4.500000 8.000000 2.583331
v 4.250000 5.500000 2.833332
v 4.000000 5.500000 2.833332
v 5.000000 13.349999 -0.350004
v 5.000000 13.349999 -0.483337
v 5.000000 14.899999 -0.483338
v 5.000000 14.899999 -0.350004
v 5.000000 13.349998 -2.016670
v 5.000000 13.349998 -2.233337
v 5.000000 14.899998 -2.233338
v 5.000000 14.899998 -2.016671
v 5.000000 13.349999 1.316663
v 5.000000 13.349999 1.183329
v 5.000000 14.899999 1.183329
v 5.000000 14.899999 1.316662
v 5.000000 13.350000 2.233329
v 5.000000 13.350000 2.016662
v 5.000000 14.900000 2.016662
v 5.000000 14.900000 2.233329
v 4.500000 5.749999 -2.583335
v 4.500000 5.749999 -1.666668
v 4.250000 5.499999 -1.666668
v 4.250000 5.499999 -2.833335
v 4.500000 5.749999 -1.666668
v 4.500000 5.750000 -0.000002
v 4.250000 5.500000 -0.000002
v 4.250000 5.499999 -1.666668
v 4.500000 5.750000 -0.000002
v 4.500000 5.750000 1.666665
v 4.250000 5.500000 1.666665
v 4.250000 5.500000 -0.000002
v 4.500000 5.750000 1.666665
v 4.500000 5.750000 2.583332
v 4.250000 5.500000 2.833332
v 4.250000 5.500000 1.666665
v 4.250000 5.499999 -2.833335
v 4.000000 5.499999 -2.833335
v 0.242536 16.750000 4.939360
v 3.757464 16.750000 4.060628
v 4.000000 17.000000 3.999995
v 0.000000 17.000000 4.999994
v 0.242536 16.750000 4.939360
v 0.000000 17.000000 4.999994
v 0.000000 8.000002 4.999997
v 0.242536 8.250002 4.939363
v 0.363804 16.750000 5.424431
v 0.242536 16.750000 4.939360
v 0.242536 8.250002 4.939363
v 0.363804 8.250002 5.424434
v 3.878732 8.250000 4.545702
v 3.757464 8.250000 4.060631
v 3.757464 16.750000 4.060628
v 3.878732 16.750000 4.545699
v 0.363804 16.750000 5.424431
v 3.878732 16.750000 4.545699
v 3.757464 16.750000 4.060628
v 0.242536 16.750000 4.939360
v 3.878732 8.250000 4.545702
v 0.363804 8.250002 5.424434
v 0.242536 8.250002 4.939363
v 3.757464 8.250000 4.060631
v 0.712895 16.462132 5.633886
v 0.621051 16.537868 5.578780
v 0.621051 8.462134 5.578783
v 0.712895 8.537869 5.633889
v 3.669278 8.537868 4.894793
v 3.724383 8.462133 4.802950
v 3.724383 16.537868 4.802947
v 3.669277 16.462132 4.894791
v 0.712895 16.462132 5.633886
v 3.669277 16.462132 4.894791
v 3.724383 16.537868 4.802947
v 0.621051 16.537868 5.578780
v 3.669278 8.537868 4.894793
v 0.712895 8.537869 5.633889
v 0.621051 8.462134 5.578783
v 3.724383 8.462133 4.802950
v 1.375930 7.650002 4.810631
v 2.696831 7.650001 4.480406
v 2.890859 7.850001 4.431899
v 1.181902 7.850002 4.859138
v 1.000000 5.000001 4.749998
v 1.000000 8.000002 4.749997
v 0.000000 8.000002 4.999997
v 0.000000 5.000001 4.999998
v 1.181902 7.850002 4.859138
v 2.890859 7.850001 4.431899
v 3.000000 8.000001 4.249997
v 1.000000 8.000002 4.749997
v 1.375930 5.000001 4.810632
v 1.375930 7.650002 4.810631
v 1.181902 7.850002 4.859138
v 1.181902 5.000001 4.859139
v 2.696831 7.650001 4.480406
v 2.696831 5.000001 4.480407
v 2.890859 5.000001 4.431900
v 2.890859 7.850001 4.431899
v 2.696831 7.650001 4.480406
v 1.375930 7.650002 4.810631
v 1.485071 7.500001 4.628729
v 2.514929 7.500001 4.371265
v 1.181902 5.000001 4.859139
v 1.181902 7.850002 4.859138
v 1.000000 8.000002 4.749997
v 1.000000 5.000001 4.749998
v 2.890859 7.850001 4.431899
v 2.890859 5.000001 4.431900
v 3.000000 5.000001 4.249998
v 3.000000 8.000001 4.249997
v 1.375930 7.650002 4.810631
v 1.375930 5.000001 4.810632
v 1.485071 5.000001 4.628730
v 1.485071 7.500001 4.628729
v 2.696831 5.000001 4.480407
v 2.696831 7.650001 4.480406
v 2.514929 7.500001 4.371265
v 2.514929 5.000001 4.371266
v 3.514929 4.999998 -4.121269
v 3.514929 15.499998 -4.121272
v 4.000000 15.999998 -4.000005
v 4.000000 4.999998 -4.000001
v 2.485071 4.999998 -4.378733
v 2.000000 4.999998 -4.500001
v 2.000000 15.999998 -4.500004
v 2.485071 15.499998 -4.378736
v 3.514929 15.499998 -4.121272
v 2.485071 15.499998 -4.378736
v 2.000000 15.999998 -4.500004
v 4.000000 15.999998 -4.000005
v 0.000000 4.999998 -5.000001
v 0.000000 15.999997 -5.000004
v 0.485071 15.499997 -4.878736
v 0.485071 4.999998 -4.878733
v 1.514929 4.999998 -4.621269
v 1.514929 15.499998 -4.621272
v 2.000000 15.999998 -4.500004
v 2.000000 4.999998 -4.500001
v 1.514929 15.499998 -4.621272
v 0.485071 15.499997 -4.878736
v 0.000000 15.999997 -5.000004
v 0.485071 4.999998 -4.878733
v 0.485071 15.499997 -4.878736
v 0.606339 15.499997 -5.363808
v 0.606339 4.999998 -5.363804
v 2.606339 4.999998 -4.863804
v 3.636197 4.999998 -4.606340
v 3.514929 4.999998 -4.121269
v 2.485071 4.999998 -4.378733
v 3.636197 4.999998 -4.606340
v 3.636197 15.499998 -4.606343
v 3.514929 15.499998 -4.121272
v 3.514929 4.999998 -4.121269
v 0.606339 4.999998 -5.363804
v 1.636197 4.999998 -5.106340
v 1.514929 4.999998 -4.621269
v 0.485071 4.999998 -4.878733
v 2.606339 4.999998 -4.863804
v 2.485071 4.999998 -4.378733
v 2.485071 15.499998 -4.378736
v 2.606339 15.499997 -4.863808
v 3.636197 15.499998 -4.606343
v 2.606339 15.499997 -4.863808
v 2.485071 15.499998 -4.378736
v 3.514929 15.499998 -4.121272
v 1.636197 4.999998 -5.106340
v 1.636196 15.499997 -5.106343
v 1.514929 15.499998 -4.621272
v 1.514929 4.999998 -4.621269
v 1.636196 15.499997 -5.106343
v 0.606339 15.499997 -5.363808
v 0.485071 15.499997 -4.878736
v 1.514929 15.499998 -4.621272
v 0.606339 4.999998 -5.363804
v 0.606339 15.499997 -5.363808
v 0.909509 15.249997 -5.545709
v 0.909509 5.249998 -5.545706
v 2.909508 5.249998 -5.045706
v 3.454295 5.249998 -4.909510
v 3.636197 4.999998 -4.606340
v 2.606339 4.999998 -4.863804
v 0.909509 5.249998 -5.545706
v 1.454295 5.249998 -5.409510
v 1.636197 4.999998 -5.106340
v 0.606339 4.999998 -5.363804
v 3.454295 5.249998 -4.909510
v 3.454295 15.249997 -4.909513
v 3.636197 15.499998 -4.606343
v 3.636197 4.999998 -4.606340
v 2.909508 5.249998 -5.045706
v 2.606339 4.999998 -4.863804
v 2.606339 15.499997 -4.863808
v 2.909508 15.249997 -5.045709
v 3.454295 15.249997 -4.909513
v 2.909508 15.249997 -5.045709
v 2.606339 15.499997 -4.863808
v 3.636197 15.499998 -4.606343
v 5.000000 12.749998 -2.333337
v 5.000000 8.249998 -2.333335
v 4.500000 7.999999 -2.583335
v 4.500000 12.999998 -2.583337
v 1.454295 5.249998 -5.409510
v 1.454295 15.249997 -5.409513
v 1.636196 15.499997 -5.106343
v 1.636197 4.999998 -5.106340
v 1.454295 15.249997 -5.409513
v 0.909509 15.249997 -5.545709
v 0.606339 15.499997 -5.363808
v 1.636196 15.499997 -5.106343
v 5.000000 8.603553 1.416664
v 5.000000 11.749999 1.416663
v 5.000000 12.000000 1.666663
v 5.000000 8.250000 1.770218
v 2.514929 5.000001 4.371266
v 2.514929 7.500001 4.371265
v 1.485071 7.500001 4.628729
v 1.485071 5.000001 4.628730
v 0.000000 17.500000 3.969218
v 0.000000 17.500000 4.484606
v 0.000000 17.499996 -3.969229
v 3.000000 17.499996 -3.219229
v 0.000000 17.499996 -4.484617
v 3.000000 17.500000 3.219218
v 3.500000 17.500000 3.333328
v 3.500000 17.499996 -3.333338
v 3.000000 17.499996 -3.219229
v 0.000000 17.399996 -3.969229
v 3.000000 17.399996 -3.219229
v 3.000000 17.499996 -3.219229
v 0.000000 17.499996 -3.969229
v 3.000000 17.399996 -3.219229
v 3.000000 17.400000 3.219218
v 3.000000 17.500000 3.219218
v 3.000000 17.499996 -3.219229
v 3.000000 17.400000 3.219218
v 0.000000 17.400000 3.969218
v 0.000000 17.500000 3.969218
v 3.000000 17.500000 3.219218
v 4.500000 8.000000 -0.000002
v 4.500000 8.499999 0.499997
v 5.000000 8.399999 0.499997
v 5.000000 8.249999 -0.000002
v 5.000000 11.749999 0.249996
v 5.000000 8.603553 0.249997
v 5.000000 8.353553 -0.000003
v 5.000000 11.999999 -0.000004
v 5.000000 8.603553 -0.250003
v 5.000000 11.749999 -0.250004
v 4.500000 8.499999 -0.500003
v 4.500000 8.000000 -0.000002
v 5.000000 8.249999 -0.000002
v 5.000000 8.399999 -0.500003
v 5.000000 11.749999 -1.416670
v 5.000000 8.603553 -1.416669
v 5.000000 8.249998 -1.770222
v 5.000000 11.999998 -1.666670
v 5.000000 8.250000 2.333331
v 5.000000 12.750000 2.333329
v 4.500000 13.000000 2.583329
v 4.500000 8.000000 2.583331
v 5.000000 11.749999 1.416663
v 5.000000 8.603553 1.416664
v 4.500000 8.499999 1.166664
v 4.500000 11.499999 1.166663
v 5.000000 8.249998 -2.333335
v 5.000000 8.249998 -1.770222
v 4.500000 7.999999 -1.666669
v 4.500000 7.999999 -2.583335
v 5.000000 8.250000 1.770218
v 5.000000 8.250000 2.333331
v 4.500000 8.000000 2.583331
v 4.500000 8.000000 1.666664
v 5.000000 12.750000 2.333329
v 5.000000 12.750000 1.666663
v 4.500000 13.000000 1.666663
v 4.500000 13.000000 2.583329
v 5.000000 12.749998 -1.666670
v 5.000000 12.749998 -2.333337
v 4.500000 12.999998 -2.583337
v 4.500000 12.999998 -1.666670
v 5.000000 8.603553 0.249997
v 5.000000 11.749999 0.249996
v 4.500000 11.499999 0.499996
v 4.500000 8.499999 0.499997
v 5.000000 11.749999 -0.250004
v 5.000000 8.603553 -0.250003
v 4.500000 8.499999 -0.500003
v 4.500000 11.499999 -0.500003
v 5.000000 11.749999 0.249996
v 5.000000 11.749999 1.416663
v 4.500000 11.499999 1.166663
v 4.500000 11.499999 0.499996
v 5.000000 8.353553 -0.000003
v 5.000000 8.603553 0.249997
v 4.500000 8.499999 0.499997
v 4.500000 8.000000 -0.000002
v 5.000000 8.603553 1.416664
v 5.000000 8.250000 1.770218
v 4.500000 8.000000 1.666664
v 4.500000 8.499999 1.166664
v 5.000000 8.603553 -1.416669
v 5.000000 11.749999 -1.416670
v 4.500000 11.499999 -1.166670
v 4.500000 8.499999 -1.166669
v 4.400000 8.418018 1.116664
v 4.400000 11.449999 1.116663
v 4.500000 11.499999 1.166663
v 4.500000 8.499999 1.166664
v 5.000000 11.749999 -1.416670
v 5.000000 11.749999 -0.250004
v 4.500000 11.499999 -0.500003
v 4.500000 11.499999 -1.166670
v 5.000000 8.249998 -1.770222
v 5.000000 8.603553 -1.416669
v 4.500000 8.499999 -1.166669
v 4.500000 7.999999 -1.666669
v 5.000000 8.603553 -0.250003
v 5.000000 8.353553 -0.000003
v 4.500000 8.000000 -0.000002
v 4.500000 8.499999 -0.500003
v 4.900000 8.280816 0.549997
v 4.900000 8.280816 1.116664
v 5.000000 8.299999 1.325991
v 5.000000 8.299999 0.340670
v 4.900000 8.280816 -1.116669
v 4.900000 8.280816 -0.550002
v 5.000000 8.299999 -0.340675
v 5.000000 8.299999 -1.325996
v 4.500000 8.000000 1.666664
v 4.500000 8.000000 -0.000002
v 5.000000 8.249999 -0.000002
v 5.000000 8.250000 1.666664
v 4.300000 8.341763 0.649997
v 4.300000 8.341763 1.016664
v 4.777103 8.210843 1.016664
v 4.777103 8.210843 0.649997
v 4.500000 7.999999 -1.666669
v 4.500000 8.499999 -1.166669
v 5.000000 8.399999 -1.166669
v 5.000000 8.249998 -1.666669
v 4.500000 8.499999 1.166664
v 4.500000 8.000000 1.666664
v 5.000000 8.250000 1.666664
v 5.000000 8.399999 1.166664
v 4.300000 8.341763 -1.016669
v 4.300000 8.341763 -0.650002
v 4.777103 8.210843 -0.650002
v 4.777103 8.210843 -1.016669
v 4.500000 8.000000 -0.000002
v 4.500000 7.999999 -1.666669
v 5.000000 8.249998 -1.666669
v 5.000000 8.249999 -0.000002
v 4.400000 11.449999 0.549996
v 4.400000 8.418018 0.549997
v 4.500000 8.499999 0.499997
v 4.500000 11.499999 0.499996
v 4.400000 8.418018 -0.550002
v 4.400000 11.449999 -0.550003
v 4.500000 11.499999 -0.500003
v 4.500000 8.499999 -0.500003
v 4.400000 11.449999 1.116663
v 4.400000 11.449999 0.549996
v 4.500000 11.499999 0.499996
v 4.500000 11.499999 1.166663
v 4.400000 11.449999 -1.116670
v 4.400000 8.418018 -1.116669
v 4.500000 8.499999 -1.166669
v 4.500000 11.499999 -1.166670
v 4.300000 8.341763 1.016664
v 4.300000 11.349998 1.016663
v 4.400000 11.449999 1.116663
v 4.400000 8.418018 1.116664
v 4.400000 11.449999 -0.550003
v 4.400000 11.449999 -1.116670
v 4.500000 11.499999 -1.166670
v 4.500000 11.499999 -0.500003
v 5.000000 8.299999 -1.325996
v 5.000000 8.299999 -0.340675
v 5.000000 8.249999 -0.000002
v 5.000000 8.249998 -1.666669
v 5.000000 8.299999 0.340670
v 5.000000 8.299999 1.325991
v 5.000000 8.250000 1.666664
v 4.900000 8.280816 0.549997
v 5.000000 8.299999 0.340670
v 5.000000 8.249999 -0.000002
v 5.000000 8.399999 0.499997
v 5.000000 8.299999 1.325991
v 4.900000 8.280816 1.116664
v 5.000000 8.399999 1.166664
v 5.000000 8.250000 1.666664
v 4.900000 8.280816 -1.116669
v 5.000000 8.299999 -1.325996
v 5.000000 8.249998 -1.666669
v 5.000000 8.399999 -1.166669
v 5.000000 8.299999 -0.340675
v 4.900000 8.280816 -0.550002
v 5.000000 8.399999 -0.500003
v 5.000000 8.249999 -0.000002
v 4.900000 8.280816 -0.550002
v 4.400000 8.418018 -0.550002
v 4.500000 8.499999 -0.500003
v 5.000000 8.399999 -0.500003
v 4.400000 8.418018 0.549997
v 4.900000 8.280816 0.549997
v 5.000000 8.399999 0.499997
v 4.500000 8.499999 0.499997
v 4.900000 8.280816 1.116664
v 4.400000 8.418018 1.116664
v 4.500000 8.499999 1.166664
v 5.000000 8.399999 1.166664
v 4.400000 8.418018 -1.116669
v 4.900000 8.280816 -1.116669
v 5.000000 8.399999 -1.166669
v 4.500000 8.499999 -1.166669
v 4.777103 8.210843 0.649997
v 4.777103 8.210843 1.016664
v 4.900000 8.280816 1.116664
v 4.900000 8.280816 0.549997
v 4.777103 8.210843 -1.016669
v 4.777103 8.210843 -0.650002
v 4.900000 8.280816 -0.550002
v 4.900000 8.280816 -1.116669
v 4.300000 11.349998 0.649996
v 4.300000 8.341763 0.649997
v 4.400000 8.418018 0.549997
v 4.400000 11.449999 0.549996
v 4.300000 8.341763 -0.650002
v 4.300000 11.349998 -0.650003
v 4.400000 11.449999 -0.550003
v 4.400000 8.418018 -0.550002
v 4.300000 11.349998 1.016663
v 4.300000 11.349998 0.649996
v 4.400000 11.449999 0.549996
v 4.400000 11.449999 1.116663
v 4.300000 11.349998 -1.016670
v 4.300000 8.341763 -1.016669
v 4.400000 8.418018 -1.116669
v 4.400000 11.449999 -1.116670
v 4.300000 11.349998 -0.650003
v 4.300000 11.349998 -1.016670
v 4.400000 11.449999 -1.116670
v 4.400000 11.449999 -0.550003
v 4.777103 8.210843 -0.650002
v 4.300000 8.341763 -0.650002
v 4.400000 8.418018 -0.550002
v 4.900000 8.280816 -0.550002
v 4.300000 8.341763 0.649997
v 4.777103 8.210843 0.649997
v 4.900000 8.280816 0.549997
v 4.400000 8.418018 0.549997
v 4.777103 8.210843 1.016664
v 4.300000 8.341763 1.016664
v 4.400000 8.418018 1.116664
v 4.900000 8.280816 1.116664
v 4.300000 8.341763 -1.016669
v 4.777103 8.210843 -1.016669
v 4.900000 8.280816 -1.116669
v 4.400000 8.418018 -1.116669
v 5.000000 14.899999 0.483329
v 5.000000 13.349999 0.483329
v 5.000000 13.349999 0.349996
v 5.000000 14.899999 0.349995
v 5.000000 14.899999 -1.183338
v 5.000000 13.349999 -1.183337
v 5.000000 13.349999 -1.316671
v 5.000000 14.899999 -1.316671
v 4.500000 12.999999 -0.000004
v 4.500000 12.999999 -0.833337
v 4.500000 13.099999 -0.733337
v 4.500000 13.099999 -0.100004
v 4.500000 15.249999 -0.833338
v 4.500000 15.149999 -0.733338
v 4.500000 15.249999 -0.000005
v 4.500000 15.149999 -0.100005
v 4.500000 12.999998 -1.666670
v 4.500000 12.999998 -2.583337
v 4.500000 13.099998 -2.483337
v 4.500000 13.099998 -1.766670
v 4.500000 15.249998 -2.583338
v 4.500000 15.149998 -2.483338
v 4.500000 15.249998 -1.666671
v 4.500000 15.149998 -1.766671
v 4.500000 13.000000 1.666663
v 4.500000 12.999999 0.833329
v 4.500000 13.099999 0.933329
v 4.500000 13.099999 1.566663
v 4.500000 15.249999 0.833329
v 4.500000 15.149999 0.933329
v 4.500000 15.250000 1.666662
v 4.500000 15.149999 1.566662
v 4.500000 13.000000 2.583329
v 4.500000 13.100000 1.766663
v 4.500000 13.100000 2.483329
v 4.500000 15.150000 1.766662
v 4.500000 15.250000 2.583329
v 4.500000 15.150000 2.483329
v 4.500000 13.099999 0.733329
v 4.500000 15.149999 0.733329
v 4.500000 13.099999 0.099996
v 4.500000 15.149999 0.099995
v 4.500000 13.099999 -0.933337
v 4.500000 15.149999 -0.933338
v 4.500000 13.099999 -1.566670
v 4.500000 15.149999 -1.566671
v 4.500000 13.099999 -0.100004
v 4.500000 13.099999 -0.733337
v 4.750000 13.099999 -0.733337
v 4.750000 13.099999 -0.100004
v 4.500000 13.099999 -0.733337
v 4.500000 15.149999 -0.733338
v 4.750000 15.149999 -0.733338
v 4.750000 13.099999 -0.733337
v 4.500000 15.149999 -0.733338
v 4.500000 15.149999 -0.100005
v 4.750000 15.149999 -0.100005
v 4.750000 15.149999 -0.733338
v 4.500000 15.149999 -0.100005
v 4.500000 13.099999 -0.100004
v 4.750000 13.099999 -0.100004
v 4.750000 15.149999 -0.100005
v 4.500000 13.099998 -1.766670
v 4.500000 13.099998 -2.483337
v 4.750000 13.099998 -2.483337
v 4.750000 13.099998 -1.766670
v 4.500000 13.099998 -2.483337
v 4.500000 15.149998 -2.483338
v 4.750000 15.149998 -2.483338
v 4.750000 13.099998 -2.483337
v 4.500000 15.149998 -2.483338
v 4.500000 15.149998 -1.766671
v 4.750000 15.149998 -1.766671
v 4.750000 15.149998 -2.483338
v 4.500000 15.149998 -1.766671
v 4.500000 13.099998 -1.766670
v 4.750000 13.099998 -1.766670
v 4.750000 15.149998 -1.766671
v 4.500000 13.099999 1.566663
v 4.500000 13.099999 0.933329
v 4.750000 13.099999 0.933329
v 4.750000 13.099999 1.566663
v 4.500000 13.099999 0.933329
v 4.500000 15.149999 0.933329
v 4.750000 15.149999 0.933329
v 4.750000 13.099999 0.933329
v 4.500000 15.149999 0.933329
v 4.500000 15.149999 1.566662
v 4.750000 15.149999 1.566662
v 4.750000 15.149999 0.933329
v 4.500000 15.149999 1.566662
v 4.500000 13.099999 1.566663
v 4.750000 13.099999 1.566663
v 4.750000 15.149999 1.566662
v 4.500000 13.100000 2.483329
v 4.500000 13.100000 1.766663
v 4.750000 13.100000 1.766663
v 4.750000 13.100000 2.483329
v 4.500000 13.100000 1.766663
v 4.500000 15.150000 1.766662
v 4.750000 15.150000 1.766662
v 4.750000 13.100000 1.766663
v 4.500000 15.150000 1.766662
v 4.500000 15.150000 2.483329
v 4.750000 15.150000 2.483329
v 4.750000 15.150000 1.766662
v 4.500000 15.150000 2.483329
v 4.500000 13.100000 2.483329
v 4.750000 13.100000 2.483329
v 4.750000 15.150000 2.483329
v 4.500000 15.149999 0.733329
v 4.500000 13.099999 0.733329
v 4.750000 13.099999 0.733329
v 4.750000 15.149999 0.733329
v 4.500000 13.099999 0.733329
v 4.500000 13.099999 0.099996
v 4.750000 13.099999 0.099996
v 4.750000 13.099999 0.733329
v 4.500000 13.099999 0.099996
v 4.500000 15.149999 0.099995
v 4.750000 15.149999 0.099995
v 4.750000 13.099999 0.099996
v 4.500000 15.149999 0.099995
v 4.500000 15.149999 0.733329
v 4.750000 15.149999 0.733329
v 4.750000 15.149999 0.099995
v 4.500000 15.149999 -0.933338
v 4.500000 13.099999 -0.933337
v 4.750000 13.099999 -0.933337
v 4.750000 15.149999 -0.933338
v 4.500000 13.099999 -0.933337
v 4.500000 13.099999 -1.566670
v 4.750000 13.099999 -1.566670
v 4.750000 13.099999 -0.933337
v 4.500000 13.099999 -1.566670
v 4.500000 15.149999 -1.566671
v 4.750000 15.149999 -1.566671
v 4.750000 13.099999 -1.566670
v 4.500000 15.149999 -1.566671
v 4.500000 15.149999 -0.933338
v 4.750000 15.149999 -0.933338
v 4.750000 15.149999 -1.566671
v 4.750000 13.099999 -0.100004
v 4.750000 13.099999 -0.733337
v 5.000000 13.349999 -0.483337
v 5.000000 13.349999 -0.350004
v 4.750000 13.099999 -0.733337
v 4.750000 15.149999 -0.733338
v 5.000000 14.899999 -0.483338
v 5.000000 13.349999 -0.483337
v 4.750000 15.149999 -0.733338
v 4.750000 15.149999 -0.100005
v 5.000000 14.899999 -0.350004
v 5.000000 14.899999 -0.483338
v 4.750000 15.149999 -0.100005
v 4.750000 13.099999 -0.100004
v 5.000000 13.349999 -0.350004
v 5.000000 14.899999 -0.350004
v 4.750000 13.099998 -1.766670
v 4.750000 13.099998 -2.483337
v 5.000000 13.349998 -2.233337
v 5.000000 13.349998 -2.016670
v 4.750000 13.099998 -2.483337
v 4.750000 15.149998 -2.483338
v 5.000000 14.899998 -2.233338
v 5.000000 13.349998 -2.233337
v 4.750000 15.149998 -2.483338
v 4.750000 15.149998 -1.766671
v 5.000000 14.899998 -2.016671
v 5.000000 14.899998 -2.233338
v 4.750000 15.149998 -1.766671
v 4.750000 13.099998 -1.766670
v 5.000000 13.349998 -2.016670
v 5.000000 14.899998 -2.016671
v 4.750000 13.099999 1.566663
v 4.750000 13.099999 0.933329
v 5.000000 13.349999 1.183329
v 5.000000 13.349999 1.316663
v 4.750000 13.099999 0.933329
v 4.750000 15.149999 0.933329
v 5.000000 14.899999 1.183329
v 5.000000 13.349999 1.183329
v 4.750000 15.149999 0.933329
v 4.750000 15.149999 1.566662
v 5.000000 14.899999 1.316662
v 5.000000 14.899999 1.183329
v 4.750000 15.149999 1.566662
v 4.750000 13.099999 1.566663
v 5.000000 13.349999 1.316663
v 5.000000 14.899999 1.316662
v 4.750000 13.100000 2.483329
v 4.750000 13.100000 1.766663
v 5.000000 13.350000 2.016662
v 5.000000 13.350000 2.233329
v 4.750000 13.100000 1.766663
v 4.750000 15.150000 1.766662
v 5.000000 14.900000 2.016662
v 5.000000 13.350000 2.016662
v 4.750000 15.150000 1.766662
v 4.750000 15.150000 2.483329
v 5.000000 14.900000 2.233329
v 5.000000 14.900000 2.016662
v 4.750000 15.150000 2.483329
v 4.750000 13.100000 2.483329
v 5.000000 13.350000 2.233329
v 5.000000 14.900000 2.233329
v 4.750000 15.149999 0.733329
v 4.750000 13.099999 0.733329
v 5.000000 13.349999 0.483329
v 5.000000 14.899999 0.483329
v 4.750000 13.099999 0.733329
v 4.750000 13.099999 0.099996
v 5.000000 13.349999 0.349996
v 5.000000 13.349999 0.483329
v 4.750000 13.099999 0.099996
v 4.750000 15.149999 0.099995
v 5.000000 14.899999 0.349995
v 5.000000 13.349999 0.349996
v 4.750000 15.149999 0.099995
v 4.750000 15.149999 0.733329
v 5.000000 14.899999 0.483329
v 5.000000 14.899999 0.349995
v 4.750000 15.149999 -0.933338
v 4.750000 13.099999 -0.933337
v 5.000000 13.349999 -1.183337
v 5.000000 14.899999 -1.183338
v 4.750000 13.099999 -0.933337
v 4.750000 13.099999 -1.566670
v 5.000000 13.349999 -1.316671
v 5.000000 13.349999 -1.183337
v 4.750000 13.099999 -1.566670
v 4.750000 15.149999 -1.566671
v 5.000000 14.899999 -1.316671
v 5.000000 13.349999 -1.316671
v 4.750000 15.149999 -1.566671
v 4.750000 15.149999 -0.933338
v 5.000000 14.899999 -1.183338
v 5.000000 14.899999 -1.316671
v 0.621051 16.537868 5.578780
v 0.363804 16.750000 5.424431
v 0.363804 8.250002 5.424434
v 0.621051 8.462134 5.578783
v 3.724383 8.462133 4.802950
v 3.878732 8.250000 4.545702
v 3.878732 16.750000 4.545699
v 3.724383 16.537868 4.802947
v 0.621051 16.537868 5.578780
v 3.724383 16.537868 4.802947
v 3.878732 16.750000 4.545699
v 0.363804 16.750000 5.424431
v 3.724383 8.462133 4.802950
v 0.621051 8.462134 5.578783
v 0.363804 8.250002 5.424434
v 3.878732 8.250000 4.545702
v 0.712895 16.462132 5.633886
v 0.712895 8.537869 5.633889
v 0.970143 8.750002 5.788237
v 0.970143 16.250000 5.788235
v 3.669278 8.537868 4.894793
v 3.669277 16.462132 4.894791
v 3.514929 16.250000 5.152039
v 3.514929 8.750001 5.152040
v 3.669277 16.462132 4.894791
v 0.712895 16.462132 5.633886
v 0.970143 16.250000 5.788235
v 3.514929 16.250000 5.152039
v 0.712895 8.537869 5.633889
v 3.669278 8.537868 4.894793
v 3.514929 8.750001 5.152040
v 0.970143 8.750002 5.788237
v 2.909508 5.249998 -5.045706
v 2.909508 15.249997 -5.045709
v 3.454295 15.249997 -4.909513
v 3.454295 5.249998 -4.909510
v 4.000000 5.000000 3.749998
v 4.000000 8.000001 3.749997
v 4.000000 8.000001 3.999997
v 4.000000 5.000001 3.999998
v 4.000000 15.749998 -3.750005
v 4.000000 4.999999 -3.750001
v 4.000000 4.999998 -4.000001
v 4.000000 15.999998 -4.000005
v 4.000000 15.750000 3.749995
v 4.000000 15.750000 3.583328
v 4.000000 16.000000 3.999995
v 4.000000 15.749998 -3.583338
v 4.000000 5.000000 3.583332
v 4.000000 4.999999 -3.583334
v -4.000000 4.999999 -3.750001
v -4.000000 4.999999 -3.583334
v -4.000000 15.749998 -3.583338
v -4.000000 15.749998 -3.750005
v -4.300000 8.341763 0.649997
v -4.300000 8.341763 1.016664
v -4.300000 11.349998 1.016663
v -4.300000 11.349998 0.649996
v -4.000000 15.499998 -2.833338
v -4.000000 15.999998 -3.333338
v -4.000000 4.999999 -3.333334
v -4.000000 5.499999 -2.833335
v -4.250000 5.500000 2.833332
v -4.000000 5.500000 2.833332
v -4.000000 15.500000 2.833328
v -4.250000 15.500000 2.833328
v -4.250000 5.499999 -1.666668
v -4.000000 5.499999 -1.666668
v -4.000000 5.500000 -0.000002
v -4.250000 5.500000 -0.000002
v -4.000000 5.500000 1.666665
v -4.250000 5.500000 1.666665
v -0.909509 5.249998 -5.545706
v -1.454295 5.249998 -5.409510
v -1.454295 15.249997 -5.409513
v -0.909509 15.249997 -5.545709
v -4.300000 8.341763 -1.016669
v -4.300000 8.341763 -0.650002
v -4.300000 11.349998 -0.650003
v -4.300000 11.349998 -1.016670
v -5.000000 11.999999 -0.000004
v -5.000000 12.749999 -0.000004
v -5.000000 12.749998 -1.666670
v -5.000000 11.999998 -1.666670
v -4.250000 15.499998 -2.833338
v -4.250000 15.500000 2.833328
v -4.000000 15.500000 2.833328
v -4.000000 15.499998 -2.833338
v -5.000000 12.000000 1.666663
v -5.000000 12.750000 1.666663
v -4.000000 16.000000 3.999995
v -4.500000 16.500000 3.999995
v -4.500000 16.500000 3.333328
v -4.000000 16.000000 3.333328
v -4.000000 16.999996 -3.333338
v -4.246914 16.999996 -3.333338
v -4.248520 17.000000 3.333328
v -4.000000 17.000000 3.333328
v 0.000000 17.399996 -3.333338
v -3.000000 17.399996 -3.219229
v -3.000000 17.400000 3.219218
v 0.000000 17.400000 3.333328
v -4.000000 16.999996 -4.000005
v -4.160024 16.999996 -4.124948
v -4.500000 16.499996 -3.333338
v -4.500000 16.749996 -3.333338
v -4.394103 16.749996 -4.307711
v -4.394103 16.499996 -4.307710
v -3.500000 17.500000 3.609606
v -4.000000 17.000000 3.999995
v 0.000000 17.000000 4.999994
v 0.000000 17.500000 4.484606
v 0.000000 17.499996 -4.484617
v 0.000000 16.999996 -5.000005
v -4.000000 16.999996 -4.000005
v -3.500000 17.499996 -3.609617
v -3.500000 17.500000 3.333328
v -4.000000 17.000000 3.333328
v -4.000000 17.000000 3.999995
v -3.500000 17.500000 3.609606
v -3.500000 17.499996 -3.609617
v -4.000000 16.999996 -4.000005
v -4.000000 16.999996 -3.333338
v -3.500000 17.499996 -3.333338
v -3.500000 17.499996 -3.333338
v -4.000000 16.999996 -3.333338
v -4.000000 17.000000 3.333328
v -3.500000 17.500000 3.333328
v -4.500000 16.500000 3.999995
v -4.500000 16.750000 3.999995
v -4.500000 16.750000 3.333328
v -4.500000 16.500000 3.333328
v -4.500000 16.749996 -3.333338
v -4.500000 16.499996 -3.333338
v -4.000000 15.999998 -3.333338
v -4.500000 16.499996 -3.333338
v -4.394103 16.499996 -4.307710
v -4.000000 15.999998 -4.000005
v -4.000000 15.999998 -3.333338
v -4.000000 16.000000 3.333328
v -4.500000 16.500000 3.333328
v -4.500000 16.499996 -3.333338
v -4.248577 17.000000 3.999995
v -4.000000 17.000000 3.999995
v -4.394103 16.499996 -4.307710
v -4.394103 16.749996 -4.307711
v 0.000000 16.749996 -5.485076
v 0.000000 16.499996 -5.485075
v 0.000000 16.999996 -5.239080
v 0.000000 16.749996 -5.485076
v -4.394103 16.749996 -4.307711
v -4.160024 16.999996 -4.124948
v -4.248520 17.000000 3.333328
v -4.500000 16.750000 3.333328
v -4.500000 16.750000 3.999995
v -4.248577 17.000000 3.999995
v -4.160024 16.999996 -4.124948
v -4.394103 16.749996 -4.307711
v -4.500000 16.749996 -3.333338
v -4.246914 16.999996 -3.333338
v -4.246914 16.999996 -3.333338
v -4.500000 16.749996 -3.333338
v -4.500000 16.750000 3.333328
v -4.248520 17.000000 3.333328
v -4.000000 8.000001 3.999997
v -4.000000 5.000001 3.999998
v -3.000000 5.000001 4.249998
v -3.000000 8.000001 4.249997
v -0.970143 16.250000 5.788235
v -3.514929 16.250000 5.152039
v -3.514929 8.750001 5.152040
v -0.970143 8.750002 5.788237
v -4.000000 4.999999 -1.666668
v -4.000000 5.499999 -1.666668
v -4.000000 5.000000 -0.000002
v -4.000000 5.500000 -0.000002
v -4.000000 5.000000 1.666665
v -4.000000 5.500000 1.666665
v -4.000000 5.000000 3.333332
v -4.000000 5.500000 2.833332
v -4.000000 16.000000 3.333328
v -4.000000 15.500000 2.833328
v -4.250000 15.499998 -2.833338
v -4.000000 15.499998 -2.833338
v -4.000000 5.499999 -2.833335
v -4.250000 5.499999 -2.833335
v -4.500000 5.749999 -1.666668
v -4.500000 7.999999 -1.666669
v -4.500000 7.999999 -2.583335
v -4.500000 5.749999 -2.583335
v -4.500000 5.750000 1.666665
v -4.500000 8.000000 1.666664
v -4.500000 8.000000 -0.000002
v -4.500000 5.750000 -0.000002
v -4.500000 5.750000 2.583332
v -4.500000 8.000000 2.583331
v -4.000000 5.500000 2.833332
v -4.250000 5.500000 2.833332
v -5.000000 13.349999 -0.350004
v -5.000000 14.899999 -0.350004
v -5.000000 14.899999 -0.483338
v -5.000000 13.349999 -0.483337
v -5.000000 13.349998 -2.016670
v -5.000000 14.899998 -2.016671
v -5.000000 14.899998 -2.233338
v -5.000000 13.349998 -2.233337
v -5.000000 13.349999 1.316663
v -5.000000 14.899999 1.316662
v -5.000000 14.899999 1.183329
v -5.000000 13.349999 1.183329
v -5.000000 13.350000 2.233329
v -5.000000 14.900000 2.233329
v -5.000000 14.900000 2.016662
v -5.000000 13.350000 2.016662
v -4.500000 5.749999 -2.583335
v -4.250000 5.499999 -2.833335
v -4.250000 5.499999 -1.666668
v -4.500000 5.749999 -1.666668
v -4.500000 5.749999 -1.666668
v -4.250000 5.499999 -1.666668
v -4.250000 5.500000 -0.000002
v -4.500000 5.750000 -0.000002
v -4.500000 5.750000 -0.000002
v -4.250000 5.500000 -0.000002
v -4.250000 5.500000 1.666665
v -4.500000 5.750000 1.666665
v -4.500000 5.750000 1.666665
v -4.250000 5.500000 1.666665
v -4.250000 5.500000 2.833332
v -4.500000 5.750000 2.583332
v -4.250000 5.499999 -2.833335
v -4.000000 5.499999 -2.833335
v -0.242536 16.750000 4.939360
v 0.000000 17.000000 4.999994
v -4.000000 17.000000 3.999995
v -3.757464 16.750000 4.060628
v -0.242536 16.750000 4.939360
v -0.242536 8.250002 4.939363
v 0.000000 8.000002 4.999997
v 0.000000 17.000000 4.999994
v -0.363804 16.750000 5.424431
v -0.363804 8.250002 5.424434
v -0.242536 8.250002 4.939363
v -0.242536 16.750000 4.939360
v -3.878732 8.250000 4.545702
v -3.878732 16.750000 4.545699
v -3.757464 16.750000 4.060628
v -3.757464 8.250000 4.060631
v -0.363804 16.750000 5.424431
v -0.242536 16.750000 4.939360
v -3.757464 16.750000 4.060628
v -3.878732 16.750000 4.545699
v -3.878732 8.250000 4.545702
v -3.757464 8.250000 4.060631
v -0.242536 8.250002 4.939363
v -0.363804 8.250002 5.424434
v -0.712895 16.462132 5.633886
v -0.712895 8.537869 5.633889
v -0.621051 8.462134 5.578783
v -0.621051 16.537868 5.578780
v -3.669278 8.537868 4.894793
v -3.669277 16.462132 4.894791
v -3.724383 16.537868 4.802947
v -3.724383 8.462133 4.802950
v -0.712895 16.462132 5.633886
v -0.621051 16.537868 5.578780
v -3.724383 16.537868 4.802947
v -3.669277 16.462132 4.894791
v -3.669278 8.537868 4.894793
v -3.724383 8.462133 4.802950
v -0.621051 8.462134 5.578783
v -0.712895 8.537869 5.633889
v -1.375930 7.650002 4.810631
v -1.181902 7.850002 4.859138
v -2.890859 7.850001 4.431899
v -2.696831 7.650001 4.480406
v -1.000000 5.000001 4.749998
v 0.000000 5.000001 4.999998
v 0.000000 8.000002 4.999997
v -1.000000 8.000002 4.749997
v -1.181902 7.850002 4.859138
v -1.000000 8.000002 4.749997
v -3.000000 8.000001 4.249997
v -2.890859 7.850001 4.431899
v -1.375930 5.000001 4.810632
v -1.181902 5.000001 4.859139
v -1.181902 7.850002 4.859138
v -1.375930 7.650002 4.810631
v -2.696831 7.650001 4.480406
v -2.890859 7.850001 4.431899
v -2.890859 5.000001 4.431900
v -2.696831 5.000001 4.480407
v -2.696831 7.650001 4.480406
v -2.514929 7.500001 4.371265
v -1.485071 7.500001 4.628729
v -1.375930 7.650002 4.810631
v -1.181902 5.000001 4.859139
v -1.000000 5.000001 4.749998
v -1.000000 8.000002 4.749997
v -1.181902 7.850002 4.859138
v -2.890859 7.850001 4.431899
v -3.000000 8.000001 4.249997
v -3.000000 5.000001 4.249998
v -2.890859 5.000001 4.431900
v -1.375930 7.650002 4.810631
v -1.485071 7.500001 4.628729
v -1.485071 5.000001 4.628730
v -1.375930 5.000001 4.810632
v -2.696831 5.000001 4.480407
v -2.514929 5.000001 4.371266
v -2.514929 7.500001 4.371265
v -2.696831 7.650001 4.480406
v -3.514929 4.999998 -4.121269
v -4.000000 4.999998 -4.000001
v -4.000000 15.999998 -4.000005
v -3.514929 15.499998 -4.121272
v -2.485071 4.999998 -4.378733
v -2.485071 15.499998 -4.378736
v -2.000000 15.999998 -4.500004
v -2.000000 4.999998 -4.500001
v -3.514929 15.499998 -4.121272
v -4.000000 15.999998 -4.000005
v -2.000000 15.999998 -4.500004
v -2.485071 15.499998 -4.378736
v 0.000000 4.999998 -5.000001
v -0.485071 4.999998 -4.878733
v -0.485071 15.499997 -4.878736
v 0.000000 15.999997 -5.000004
v -1.514929 4.999998 -4.621269
v -2.000000 4.999998 -4.500001
v -2.000000 15.999998 -4.500004
v -1.514929 15.499998 -4.621272
v -1.514929 15.499998 -4.621272
v -2.000000 15.999998 -4.500004
v 0.000000 15.999997 -5.000004
v -0.485071 15.499997 -4.878736
v -0.485071 4.999998 -4.878733
v -0.606339 4.999998 -5.363804
v -0.606339 15.499997 -5.363808
v -0.485071 15.499997 -4.878736
v -2.606339 4.999998 -4.863804
v -2.485071 4.999998 -4.378733
v -3.514929 4.999998 -4.121269
v -3.636197 4.999998 -4.606340
v -3.636197 4.999998 -4.606340
v -3.514929 4.999998 -4.121269
v -3.514929 15.499998 -4.121272
v -3.636197 15.499998 -4.606343
v -0.606339 4.999998 -5.363804
v -0.485071 4.999998 -4.878733
v -1.514929 4.999998 -4.621269
v -1.636197 4.999998 -5.106340
v -2.606339 4.999998 -4.863804
v -2.606339 15.499997 -4.863808
v -2.485071 15.499998 -4.378736
v -2.485071 4.999998 -4.378733
v -3.636197 15.499998 -4.606343
v -3.514929 15.499998 -4.121272
v -2.485071 15.499998 -4.378736
v -2.606339 15.499997 -4.863808
v -1.636197 4.999998 -5.106340
v -1.514929 4.999998 -4.621269
v -1.514929 15.499998 -4.621272
v -1.636196 15.499997 -5.106343
v -1.636196 15.499997 -5.106343
v -1.514929 15.499998 -4.621272
v -0.485071 15.499997 -4.878736
v -0.606339 15.499997 -5.363808
v -0.606339 4.999998 -5.363804
v -0.909509 5.249998 -5.545706
v -0.909509 15.249997 -5.545709
v -0.606339 15.499997 -5.363808
v -2.909508 5.249998 -5.045706
v -2.606339 4.999998 -4.863804
v -3.636197 4.999998 -4.606340
v -3.454295 5.249998 -4.909510
v -0.909509 5.249998 -5.545706
v -0.606339 4.999998 -5.363804
v -1.636197 4.999998 -5.106340
v -1.454295 5.249998 -5.409510
v -3.454295 5.249998 -4.909510
v -3.636197 4.999998 -4.606340
v -3.636197 15.499998 -4.606343
v -3.454295 15.249997 -4.909513
v -2.909508 5.249998 -5.045706
v -2.909508 15.249997 -5.045709
v -2.606339 15.499997 -4.863808
v -2.606339 4.999998 -4.863804
v -3.454295 15.249997 -4.909513
v -3.636197 15.499998 -4.606343
v -2.606339 15.499997 -4.863808
v -2.909508 15.249997 -5.045709
v -5.000000 12.749998 -2.333337
v -4.500000 12.999998 -2.583337
v -4.500000 7.999999 -2.583335
v -5.000000 8.249998 -2.333335
v -1.454295 5.249998 -5.409510
v -1.636197 4.999998 -5.106340
v -1.636196 15.499997 -5.106343
v -1.454295 15.249997 -5.409513
v -1.454295 15.249997 -5.409513
v -1.636196 15.499997 -5.106343
v -0.606339 15.499997 -5.363808
v -0.909509 15.249997 -5.545709
v -5.000000 8.603553 1.416664
v -5.000000 8.250000 1.770218
v -5.000000 12.000000 1.666663
v -5.000000 11.749999 1.416663
v -2.514929 5.000001 4.371266
v -1.485071 5.000001 4.628730
v -1.485071 7.500001 4.628729
v -2.514929 7.500001 4.371265
v 0.000000 17.499996 -3.969229
v 0.000000 17.499996 -4.484617
v -3.500000 17.499996 -3.609617
v -3.000000 17.499996 -3.219229
v -3.000000 17.500000 3.219218
v -3.000000 17.499996 -3.219229
v -3.500000 17.499996 -3.333338
v -3.500000 17.500000 3.333328
v 0.000000 17.399996 -3.969229
v 0.000000 17.499996 -3.969229
v -3.000000 17.499996 -3.219229
v -3.000000 17.399996 -3.219229
v -3.000000 17.399996 -3.219229
v -3.000000 17.499996 -3.219229
v -3.000000 17.500000 3.219218
v -3.000000 17.400000 3.219218
v -3.000000 17.400000 3.219218
v -3.000000 17.500000 3.219218
v 0.000000 17.500000 3.969218
v 0.000000 17.400000 3.969218
v -4.500000 8.000000 -0.000002
v -5.000000 8.249999 -0.000002
v -5.000000 8.399999 0.499997
v -4.500000 8.499999 0.499997
v -5.000000 11.749999 0.249996
v -5.000000 11.999999 -0.000004
v -5.000000 8.353553 -0.000003
v -5.000000 8.603553 0.249997
v -5.000000 8.603553 -0.250003
v -5.000000 11.749999 -0.250004
v -4.500000 8.499999 -0.500003
v -5.000000 8.399999 -0.500003
v -5.000000 8.249999 -0.000002
v -4.500000 8.000000 -0.000002
v -5.000000 11.749999 -1.416670
v -5.000000 11.999998 -1.666670
v -5.000000 8.249998 -1.770222
v -5.000000 8.603553 -1.416669
v -5.000000 8.250000 2.333331
v -4.500000 8.000000 2.583331
v -4.500000 13.000000 2.583329
v -5.000000 12.750000 2.333329
v -5.000000 11.749999 1.416663
v -4.500000 11.499999 1.166663
v -4.500000 8.499999 1.166664
v -5.000000 8.603553 1.416664
v -5.000000 8.249998 -2.333335
v -4.500000 7.999999 -2.583335
v -4.500000 7.999999 -1.666669
v -5.000000 8.249998 -1.770222
v -5.000000 8.250000 1.770218
v -4.500000 8.000000 1.666664
v -4.500000 8.000000 2.583331
v -5.000000 8.250000 2.333331
v -5.000000 12.750000 2.333329
v -4.500000 13.000000 2.583329
v -4.500000 13.000000 1.666663
v -5.000000 12.750000 1.666663
v -5.000000 12.749998 -1.666670
v -4.500000 12.999998 -1.666670
v -4.500000 12.999998 -2.583337
v -5.000000 12.749998 -2.333337
v -5.000000 8.603553 0.249997
v -4.500000 8.499999 0.499997
v -4.500000 11.499999 0.499996
v -5.000000 11.749999 0.249996
v -5.000000 11.749999 -0.250004
v -4.500000 11.499999 -0.500003
v -4.500000 8.499999 -0.500003
v -5.000000 8.603553 -0.250003
v -5.000000 11.749999 0.249996
v -4.500000 11.499999 0.499996
v -4.500000 11.499999 1.166663
v -5.000000 11.749999 1.416663
v -5.000000 8.353553 -0.000003
v -4.500000 8.000000 -0.000002
v -4.500000 8.499999 0.499997
v -5.000000 8.603553 0.249997
v -5.000000 8.603553 1.416664
v -4.500000 8.499999 1.166664
v -4.500000 8.000000 1.666664
v -5.000000 8.250000 1.770218
v -5.000000 8.603553 -1.416669
v -4.500000 8.499999 -1.166669
v -4.500000 11.499999 -1.166670
v -5.000000 11.749999 -1.416670
v -4.400000 8.418018 1.116664
v -4.500000 8.499999 1.166664
v -4.500000 11.499999 1.166663
v -4.400000 11.449999 1.116663
v -5.000000 11.749999 -1.416670
v -4.500000 11.499999 -1.166670
v -4.500000 11.499999 -0.500003
v -5.000000 11.749999 -0.250004
v -5.000000 8.249998 -1.770222
v -4.500000 7.999999 -1.666669
v -4.500000 8.499999 -1.166669
v -5.000000 8.603553 -1.416669
v -5.000000 8.603553 -0.250003
v -4.500000 8.499999 -0.500003
v -4.500000 8.000000 -0.000002
v -5.000000 8.353553 -0.000003
v -4.900000 8.280816 0.549997
v -5.000000 8.299999 0.340670
v -5.000000 8.299999 1.325991
v -4.900000 8.280816 1.116664
v -4.900000 8.280816 -1.116669
v -5.000000 8.299999 -1.325996
v -5.000000 8.299999 -0.340675
v -4.900000 8.280816 -0.550002
v -4.500000 8.000000 1.666664
v -5.000000 8.250000 1.666664
v -5.000000 8.249999 -0.000002
v -4.500000 8.000000 -0.000002
v -4.300000 8.341763 0.649997
v -4.777103 8.210843 0.649997
v -4.777103 8.210843 1.016664
v -4.300000 8.341763 1.016664
v -4.500000 7.999999 -1.666669
v -5.000000 8.249998 -1.666669
v -5.000000 8.399999 -1.166669
v -4.500000 8.499999 -1.166669
v -4.500000 8.499999 1.166664
v -5.000000 8.399999 1.166664
v -5.000000 8.250000 1.666664
v -4.500000 8.000000 1.666664
v -4.300000 8.341763 -1.016669
v -4.777103 8.210843 -1.016669
v -4.777103 8.210843 -0.650002
v -4.300000 8.341763 -0.650002
v -4.500000 8.000000 -0.000002
v -5.000000 8.249999 -0.000002
v -5.000000 8.249998 -1.666669
v -4.500000 7.999999 -1.666669
v -4.400000 11.449999 0.549996
v -4.500000 11.499999 0.499996
v -4.500000 8.499999 0.499997
v -4.400000 8.418018 0.549997
v -4.400000 8.418018 -0.550002
v -4.500000 8.499999 -0.500003
v -4.500000 11.499999 -0.500003
v -4.400000 11.449999 -0.550003
v -4.400000 11.449999 1.116663
v -4.500000 11.499999 1.166663
v -4.500000 11.499999 0.499996
v -4.400000 11.449999 0.549996
v -4.400000 11.449999 -1.116670
v -4.500000 11.499999 -1.166670
v -4.500000 8.499999 -1.166669
v -4.400000 8.418018 -1.116669
v -4.300000 8.341763 1.016664
v -4.400000 8.418018 1.116664
v -4.400000 11.449999 1.116663
v -4.300000 11.349998 1.016663
v -4.400000 11.449999 -0.550003
v -4.500000 11.499999 -0.500003
v -4.500000 11.499999 -1.166670
v -4.400000 11.449999 -1.116670
v -5.000000 8.299999 -1.325996
v -5.000000 8.249998 -1.666669
v -5.000000 8.249999 -0.000002
v -5.000000 8.299999 -0.340675
v -5.000000 8.299999 0.340670
v -5.000000 8.250000 1.666664
v -5.000000 8.299999 1.325991
v -4.900000 8.280816 0.549997
v -5.000000 8.399999 0.499997
v -5.000000 8.249999 -0.000002
v -5.000000 8.299999 0.340670
v -5.000000 8.299999 1.325991
v -5.000000 8.250000 1.666664
v -5.000000 8.399999 1.166664
v -4.900000 8.280816 1.116664
v -4.900000 8.280816 -1.116669
v -5.000000 8.399999 -1.166669
v -5.000000 8.249998 -1.666669
v -5.000000 8.299999 -1.325996
v -5.000000 8.299999 -0.340675
v -5.000000 8.249999 -0.000002
v -5.000000 8.399999 -0.500003
v -4.900000 8.280816 -0.550002
v -4.900000 8.280816 -0.550002
v -5.000000 8.399999 -0.500003
v -4.500000 8.499999 -0.500003
v -4.400000 8.418018 -0.550002
v -4.400000 8.418018 0.549997
v -4.500000 8.499999 0.499997
v -5.000000 8.399999 0.499997
v -4.900000 8.280816 0.549997
v -4.900000 8.280816 1.116664
v -5.000000 8.399999 1.166664
v -4.500000 8.499999 1.166664
v -4.400000 8.418018 1.116664
v -4.400000 8.418018 -1.116669
v -4.500000 8.499999 -1.166669
v -5.000000 8.399999 -1.166669
v -4.900000 8.280816 -1.116669
v -4.777103 8.210843 0.649997
v -4.900000 8.280816 0.549997
v -4.900000 8.280816 1.116664
v -4.777103 8.210843 1.016664
v -4.777103 8.210843 -1.016669
v -4.900000 8.280816 -1.116669
v -4.900000 8.280816 -0.550002
v -4.777103 8.210843 -0.650002
v -4.300000 11.349998 0.649996
v -4.400000 11.449999 0.549996
v -4.400000 8.418018 0.549997
v -4.300000 8.341763 0.649997
v -4.300000 8.341763 -0.650002
v -4.400000 8.418018 -0.550002
v -4.400000 11.449999 -0.550003
v -4.300000 11.349998 -0.650003
v -4.300000 11.349998 1.016663
v -4.400000 11.449999 1.116663
v -4.400000 11.449999 0.549996
v -4.300000 11.349998 0.649996
v -4.300000 11.349998 -1.016670
v -4.400000 11.449999 -1.116670
v -4.400000 8.418018 -1.116669
v -4.300000 8.341763 -1.016669
v -4.300000 11.349998 -0.650003
v -4.400000 11.449999 -0.550003
v -4.400000 11.449999 -1.116670
v -4.300000 11.349998 -1.016670
v -4.777103 8.210843 -0.650002
v -4.900000 8.280816 -0.550002
v -4.400000 8.418018 -0.550002
v -4.300000 8.341763 -0.650002
v -4.300000 8.341763 0.649997
v -4.400000 8.418018 0.549997
v -4.900000 8.280816 0.549997
v -4.777103 8.210843 0.649997
v -4.777103 8.210843 1.016664
v -4.900000 8.280816 1.116664
v -4.400000 8.418018 1.116664
v -4.300000 8.341763 1.016664
v -4.300000 8.341763 -1.016669
v -4.400000 8.418018 -1.116669
v -4.900000 8.280816 -1.116669
v -4.777103 8.210843 -1.016669
v -5.000000 14.899999 0.483329
v -5.000000 14.899999 0.349995
v -5.000000 13.349999 0.349996
v -5.000000 13.349999 0.483329
v -5.000000 14.899999 -1.183338
v -5.000000 14.899999 -1.316671
v -5.000000 13.349999 -1.316671
v -5.000000 13.349999 -1.183337
v -4.500000 12.999999 -0.000004
v -4.500000 13.099999 -0.100004
v -4.500000 13.099999 -0.733337
v -4.500000 12.999999 -0.833337
v -4.500000 15.149999 -0.733338
v -4.500000 15.249999 -0.833338
v -4.500000 15.149999 -0.100005
v -4.500000 15.249999 -0.000005
v -4.500000 12.999998 -1.666670
v -4.500000 13.099998 -1.766670
v -4.500000 13.099998 -2.483337
v -4.500000 12.999998 -2.583337
v -4.500000 15.149998 -2.483338
v -4.500000 15.249998 -2.583338
v -4.500000 15.149998 -1.766671
v -4.500000 15.249998 -1.666671
v -4.500000 13.000000 1.666663
v -4.500000 13.099999 1.566663
v -4.500000 13.099999 0.933329
v -4.500000 12.999999 0.833329
v -4.500000 15.149999 0.933329
v -4.500000 15.249999 0.833329
v -4.500000 15.149999 1.566662
v -4.500000 15.250000 1.666662
v -4.500000 13.000000 2.583329
v -4.500000 13.100000 2.483329
v -4.500000 13.100000 1.766663
v -4.500000 15.150000 1.766662
v -4.500000 15.150000 2.483329
v -4.500000 15.250000 2.583329
v -4.500000 15.149999 0.733329
v -4.500000 13.099999 0.733329
v -4.500000 13.099999 0.099996
v -4.500000 15.149999 0.099995
v -4.500000 15.149999 -0.933338
v -4.500000 13.099999 -0.933337
v -4.500000 13.099999 -1.566670
v -4.500000 15.149999 -1.566671
v -4.500000 13.099999 -0.100004
v -4.750000 13.099999 -0.100004
v -4.750000 13.099999 -0.733337
v -4.500000 13.099999 -0.733337
v -4.500000 13.099999 -0.733337
v -4.750000 13.099999 -0.733337
v -4.750000 15.149999 -0.733338
v -4.500000 15.149999 -0.733338
v -4.500000 15.149999 -0.733338
v -4.750000 15.149999 -0.733338
v -4.750000 15.149999 -0.100005
v -4.500000 15.149999 -0.100005
v -4.500000 15.149999 -0.100005
v -4.750000 15.149999 -0.100005
v -4.750000 13.099999 -0.100004
v -4.500000 13.099999 -0.100004
v -4.500000 13.099998 -1.766670
v -4.750000 13.099998 -1.766670
v -4.750000 13.099998 -2.483337
v -4.500000 13.099998 -2.483337
v -4.500000 13.099998 -2.483337
v -4.750000 13.099998 -2.483337
v -4.750000 15.149998 -2.483338
v -4.500000 15.149998 -2.483338
v -4.500000 15.149998 -2.483338
v -4.750000 15.149998 -2.483338
v -4.750000 15.149998 -1.766671
v -4.500000 15.149998 -1.766671
v -4.500000 15.149998 -1.766671
v -4.750000 15.149998 -1.766671
v -4.750000 13.099998 -1.766670
v -4.500000 13.099998 -1.766670
v -4.500000 13.099999 1.566663
v -4.750000 13.099999 1.566663
v -4.750000 13.099999 0.933329
v -4.500000 13.099999 0.933329
v -4.500000 13.099999 0.933329
v -4.750000 13.099999 0.933329
v -4.750000 15.149999 0.933329
v -4.500000 15.149999 0.933329
v -4.500000 15.149999 0.933329
v -4.750000 15.149999 0.933329
v -4.750000 15.149999 1.566662
v -4.500000 15.149999 1.566662
v -4.500000 15.149999 1.566662
v -4.750000 15.149999 1.566662
v -4.750000 13.099999 1.566663
v -4.500000 13.099999 1.566663
v -4.500000 13.100000 2.483329
v -4.750000 13.100000 2.483329
v -4.750000 13.100000 1.766663
v -4.500000 13.100000 1.766663
v -4.500000 13.100000 1.766663
v -4.750000 13.100000 1.766663
v -4.750000 15.150000 1.766662
v -4.500000 15.150000 1.766662
v -4.500000 15.150000 1.766662
v -4.750000 15.150000 1.766662
v -4.750000 15.150000 2.483329
v -4.500000 15.150000 2.483329
v -4.500000 15.150000 2.483329
v -4.750000 15.150000 2.483329
v -4.750000 13.100000 2.483329
v -4.500000 13.100000 2.483329
v -4.500000 15.149999 0.733329
v -4.750000 15.149999 0.733329
v -4.750000 13.099999 0.733329
v -4.500000 13.099999 0.733329
v -4.500000 13.099999 0.733329
v -4.750000 13.099999 0.733329
v -4.750000 13.099999 0.099996
v -4.500000 13.099999 0.099996
v -4.500000 13.099999 0.099996
v -4.750000 13.099999 0.099996
v -4.750000 15.149999 0.099995
v -4.500000 15.149999 0.099995
v -4.500000 15.149999 0.099995
v -4.750000 15.149999 0.099995
v -4.750000 15.149999 0.733329
v -4.500000 15.149999 0.733329
v -4.500000 15.149999 -0.933338
v -4.750000 15.149999 -0.933338
v -4.750000 13.099999 -0.933337
v -4.500000 13.099999 -0.933337
v -4.500000 13.099999 -0.933337
v -4.750000 13.099999 -0.933337
v -4.750000 13.099999 -1.566670
v -4.500000 13.099999 -1.566670
v -4.500000 13.099999 -1.566670
v -4.750000 13.099999 -1.566670
v -4.750000 15.149999 -1.566671
v -4.500000 15.149999 -1.566671
v -4.500000 15.149999 -1.566671
v -4.750000 15.149999 -1.566671
v -4.750000 15.149999 -0.933338
v -4.500000 15.149999 -0.933338
v -4.750000 13.099999 -0.100004
v -5.000000 13.349999 -0.350004
v -5.000000 13.349999 -0.483337
v -4.750000 13.099999 -0.733337
v -4.750000 13.099999 -0.733337
v -5.000000 13.349999 -0.483337
v -5.000000 14.899999 -0.483338
v -4.750000 15.149999 -0.733338
v -4.750000 15.149999 -0.733338
v -5.000000 14.899999 -0.483338
v -5.000000 14.899999 -0.350004
v -4.750000 15.149999 -0.100005
v -4.750000 15.149999 -0.100005
v -5.000000 14.899999 -0.350004
v -5.000000 13.349999 -0.350004
v -4.750000 13.099999 -0.100004
v -4.750000 13.099998 -1.766670
v -5.000000 13.349998 -2.016670
v -5.000000 13.349998 -2.233337
v -4.750000 13.099998 -2.483337
v -4.750000 13.099998 -2.483337
v -5.000000 13.349998 -2.233337
v -5.000000 14.899998 -2.233338
v -4.750000 15.149998 -2.483338
v -4.750000 15.149998 -2.483338
v -5.000000 14.899998 -2.233338
v -5.000000 14.899998 -2.016671
v -4.750000 15.149998 -1.766671
v -4.750000 15.149998 -1.766671
v -5.000000 14.899998 -2.016671
v -5.000000 13.349998 -2.016670
v -4.750000 13.099998 -1.766670
v -4.750000 13.099999 1.566663
v -5.000000 13.349999 1.316663
v -5.000000 13.349999 1.183329
v -4.750000 13.099999 0.933329
v -4.750000 13.099999 0.933329
v -5.000000 13.349999 1.183329
v -5.000000 14.899999 1.183329
v -4.750000 15.149999 0.933329
v -4.750000 15.149999 0.933329
v -5.000000 14.899999 1.183329
v -5.000000 14.899999 1.316662
v -4.750000 15.149999 1.566662
v -4.750000 15.149999 1.566662
v -5.000000 14.899999 1.316662
v -5.000000 13.349999 1.316663
v -4.750000 13.099999 1.566663
v -4.750000 13.100000 2.483329
v -5.000000 13.350000 2.233329
v -5.000000 13.350000 2.016662
v -4.750000 13.100000 1.766663
v -4.750000 13.100000 1.766663
v -5.000000 13.350000 2.016662
v -5.000000 14.900000 2.016662
v -4.750000 15.150000 1.766662
v -4.750000 15.150000 1.766662
v -5.000000 14.900000 2.016662
v -5.000000 14.900000 2.233329
v -4.750000 15.150000 2.483329
v -4.750000 15.150000 2.483329
v -5.000000 14.900000 2.233329
v -5.000000 13.350000 2.233329
v -4.750000 13.100000 2.483329
v -4.750000 15.149999 0.733329
v -5.000000 14.899999 0.483329
v -5.000000 13.349999 0.483329
v -4.750000 13.099999 0.733329
v -4.750000 13.099999 0.733329
v -5.000000 13.349999 0.483329
v -5.000000 13.349999 0.349996
v -4.750000 13.099999 0.099996
v -4.750000 13.099999 0.099996
v -5.000000 13.349999 0.349996
v -5.000000 14.899999 0.349995
v -4.750000 15.149999 0.099995
v -4.750000 15.149999 0.099995
v -5.000000 14.899999 0.349995
v -5.000000 14.899999 0.483329
v -4.750000 15.149999 0.733329
v -4.750000 15.149999 -0.933338
v -5.000000 14.899999 -1.183338
v -5.000000 13.349999 -1.183337
v -4.750000 13.099999 -0.933337
v -4.750000 13.099999 -0.933337
v -5.000000 13.349999 -1.183337
v -5.000000 13.349999 -1.316671
v -4.750000 13.099999 -1.566670
v -4.750000 13.099999 -1.566670
v -5.000000 13.349999 -1.316671
v -5.000000 14.899999 -1.316671
v -4.750000 15.149999 -1.566671
v -4.750000 15.149999 -1.566671
v -5.000000 14.899999 -1.316671
v -5.000000 14.899999 -1.183338
v -4.750000 15.149999 -0.933338
v -0.621051 16.537868 5.578780
v -0.621051 8.462134 5.578783
v -0.363804 8.250002 5.424434
v -0.363804 16.750000 5.424431
v -3.724383 8.462133 4.802950
v -3.724383 16.537868 4.802947
v -3.878732 16.750000 4.545699
v -3.878732 8.250000 4.545702
v -0.621051 16.537868 5.578780
v -0.363804 16.750000 5.424431
v -3.878732 16.750000 4.545699
v -3.724383 16.537868 4.802947
v -3.724383 8.462133 4.802950
v -3.878732 8.250000 4.545702
v -0.363804 8.250002 5.424434
v -0.621051 8.462134 5.578783
v -0.712895 16.462132 5.633886
v -0.970143 16.250000 5.788235
v -0.970143 8.750002 5.788237
v -0.712895 8.537869 5.633889
v -3.669278 8.537868 4.894793
v -3.514929 8.750001 5.152040
v -3.514929 16.250000 5.152039
v -3.669277 16.462132 4.894791
v -3.669277 16.462132 4.894791
v -3.514929 16.250000 5.152039
v -0.970143 16.250000 5.788235
v -0.712895 16.462132 5.633886
v -0.712895 8.537869 5.633889
v -0.970143 8.750002 5.788237
v -3.514929 8.750001 5.152040
v -3.669278 8.537868 4.894793
v -2.909508 5.249998 -5.045706
v -3.454295 5.249998 -4.909510
v -3.454295 15.249997 -4.909513
v -2.909508 15.249997 -5.045709
v -4.000000 5.000000 3.749998
v -4.000000 5.000001 3.999998
v -4.000000 8.000001 3.999997
v -4.000000 8.000001 3.749997
v -4.000000 15.749998 -3.750005
v -4.000000 15.999998 -4.000005
v -4.000000 4.999998 -4.000001
v -4.000000 4.999999 -3.750001
v -4.000000 15.750000 3.749995
v -4.000000 16.000000 3.999995
v -4.000000 15.750000 3.583328
v -4.000000 15.749998 -3.583338
v -4.000000 5.000000 3.583332
v -4.000000 4.999999 -3.583334
v 4.000000 5.000000 3.583332
v 4.000000 8.000001 3.749997
v 4.000000 5.000000 3.749998
v 4.000000 15.750000 3.749995
v 4.000000 15.750000 3.583328
v 5.000000 8.250000 1.770218
v 5.000000 12.750000 2.333329
v 5.000000 8.250000 2.333331
v 5.000000 8.249998 -1.770222
v 5.000000 12.749998 -2.333337
v 5.000000 8.249998 -2.333335
v 0.000000 16.499996 -5.485075
v 2.000000 15.999998 -4.500004
v 0.000000 15.999997 -5.000004
v 4.000000 15.999998 -4.000005
v 4.394103 16.499996 -4.307710
v 4.500000 16.500000 3.999995
v 4.000000 17.000000 3.999995
v 4.000000 16.000000 3.999995
v 4.500000 16.750000 3.999995
v 4.248577 17.000000 3.999995
v 4.250000 5.499999 -2.833335
v 4.500000 7.999999 -2.583335
v 4.500000 5.749999 -2.583335
v 4.500000 12.999998 -2.583337
v 4.500000 15.249998 -2.583338
v 4.250000 15.499998 -2.833338
v 4.500000 5.750000 2.583332
v 4.250000 15.500000 2.833328
v 4.250000 5.500000 2.833332
v 4.500000 15.250000 2.583329
v 4.500000 15.250000 2.583329
v 4.250000 15.499998 -2.833338
v 4.250000 15.500000 2.833328
v 4.500000 15.250000 1.666662
v 4.500000 15.249999 0.833329
v 4.500000 15.249999 -0.000005
v 4.500000 15.249999 -0.833338
v 4.500000 15.249998 -1.666671
v 4.500000 15.249998 -2.583338
v 4.000000 16.000000 3.999995
v 3.757464 8.250000 4.060631
v 4.000000 8.000001 3.999997
v 3.757464 16.750000 4.060628
v 4.000000 17.000000 3.999995
v 3.757464 8.250000 4.060631
v 3.000000 8.000001 4.249997
v 4.000000 8.000001 3.999997
v 1.000000 8.000002 4.749997
v 0.000000 8.000002 4.999997
v 0.242536 8.250002 4.939363
v 5.000000 12.749999 -0.000004
v 4.500000 12.999999 -0.833337
v 4.500000 12.999999 -0.000004
v 4.500000 12.999998 -1.666670
v 5.000000 12.749998 -1.666670
v 5.000000 12.750000 1.666663
v 4.500000 12.999999 0.833329
v 4.500000 13.000000 1.666663
v 4.500000 12.999999 -0.000004
v 5.000000 12.749999 -0.000004
v -4.000000 15.750000 3.583328
v -4.000000 8.000001 3.749997
v -4.000000 15.750000 3.749995
v -4.000000 5.000000 3.749998
v -4.000000 5.000000 3.583332
v -5.000000 8.250000 2.333331
v -5.000000 12.750000 2.333329
v -5.000000 8.250000 1.770218
v -5.000000 12.749998 -2.333337
v -5.000000 8.249998 -1.770222
v -5.000000 8.249998 -2.333335
v -4.394103 16.499996 -4.307710
v -2.000000 15.999998 -4.500004
v -4.000000 15.999998 -4.000005
v 0.000000 15.999997 -5.000004
v 0.000000 16.499996 -5.485075
v 0.000000 16.499996 -5.485075
v 0.000000 16.999996 -5.000005
v 0.000000 15.999997 -5.000004
v 0.000000 16.999996 -5.239080
v 0.000000 16.749996 -5.485076
v -4.000000 17.000000 3.999995
v -4.500000 16.500000 3.999995
v -4.000000 16.000000 3.999995
v -4.500000 16.750000 3.999995
v -4.248577 17.000000 3.999995
v -4.250000 15.499998 -2.833338
v -4.500000 12.999998 -2.583337
v -4.500000 15.249998 -2.583338
v -4.500000 7.999999 -2.583335
v -4.500000 5.749999 -2.583335
v -4.250000 5.499999 -2.833335
v -4.500000 15.250000 2.583329
v -4.250000 5.500000 2.833332
v -4.250000 15.500000 2.833328
v -4.500000 5.750000 2.583332
v -4.250000 15.499998 -2.833338
v -4.500000 15.250000 2.583329
v -4.250000 15.500000 2.833328
v -4.500000 15.250000 1.666662
v -4.500000 15.249999 0.833329
v -4.500000 15.249999 -0.000005
v -4.500000 15.249999 -0.833338
v -4.500000 15.249998 -1.666671
v -4.500000 15.249998 -2.583338
v -3.757464 8.250000 4.060631
v -4.000000 16.000000 3.999995
v -4.000000 8.000001 3.999997
v -3.757464 16.750000 4.060628
v -4.000000 17.000000 3.999995
v -0.242536 8.250002 4.939363
v -1.000000 8.000002 4.749997
v 0.000000 8.000002 4.999997
v -3.757464 8.250000 4.060631
v -4.000000 8.000001 3.999997
v -3.000000 8.000001 4.249997
v -4.500000 12.999999 -0.000004
v -5.000000 12.749998 -1.666670
v -5.000000 12.749999 -0.000004
v -4.500000 12.999998 -1.666670
v -4.500000 13.000000 1.666663
v -5.000000 12.749999 -0.000004
v -5.000000 12.750000 1.666663
v -4.500000 12.999999 -0.000004
vn -0.0000 1.0000 -0.0000
vn 1.0000 -0.0000 -0.0000
vn -0.0000 -0.0000 1.0000
vn -0.0000 -1.0000 -0.0000
vn 0.2425 -0.0000 -0.9701
vn 0.7071 -0.7071 -0.0000
vn 0.9941 -0.0000 -0.1080
vn 0.1715 0.7071 0.6860
vn 0.1715 0.7071 -0.6860
vn 0.7071 0.7071 -0.0000
vn 0.7865 -0.6176 -0.0006
vn 0.7373 -0.6739 -0.0476
vn 0.7804 -0.6253 -0.0069
vn 0.7062 -0.7040 -0.0755
vn 0.6975 -0.7123 -0.0781
vn 0.2588 -0.0000 -0.9659
vn 0.1882 0.6881 -0.7008
vn 0.1876 0.6886 -0.7004
vn 0.1877 0.6885 -0.7006
vn 0.1876 0.6886 -0.7005
vn 0.1872 0.6892 -0.7000
vn 0.7051 0.7091 -0.0001
vn 0.7050 0.7092 -0.0000
vn 0.7008 0.7092 -0.0766
vn 0.7000 0.7100 -0.0764
vn 0.7004 0.7096 -0.0767
vn 0.6997 0.7103 -0.0762
vn 0.6992 0.7108 -0.0763
vn 0.7000 0.7101 -0.0764
vn 0.7051 0.7091 0.0014
vn 0.7039 0.7103 -0.0001
vn 0.7040 0.7102 -0.0001
vn 0.7038 0.7104 -0.0001
vn 0.7026 0.7116 -0.0015
vn 0.2425 -0.0000 0.9701
vn -0.0000 -0.0000 -1.0000
vn -0.9701 -0.0000 0.2425
vn 0.9701 -0.0000 -0.2425
vn -0.5145 -0.0000 0.8575
vn 0.8575 -0.0000 0.5145
vn 0.1715 -0.7071 0.6860
vn -0.9701 -0.0000 -0.2425
vn 0.9701 -0.0000 0.2425
vn -0.5145 -0.0000 -0.8575
vn 0.1715 -0.7071 -0.6860
vn 0.8575 -0.0000 -0.5145
vn 0.4472 -0.0000 -0.8944
vn -0.2425 -0.0000 0.9701
vn -1.0000 -0.0000 -0.0000
vn -0.2425 -0.0000 -0.9701
vn 0.1917 0.6892 -0.6987
vn -0.1248 0.8319 -0.5407
vn 0.1220 0.7143 -0.6891
vn -0.4015 0.8645 -0.3024
vn -0.4545 0.8521 -0.2596
vn -0.3740 0.6328 0.6781
vn -0.1248 0.8319 0.5408
vn -0.3316 0.6727 0.6614
vn 0.1776 0.9260 0.3332
vn 0.1952 0.9405 0.2781
vn -0.1247 0.8319 0.5407
vn 0.4472 -0.0000 0.8944
vn 0.4472 -0.8944 -0.0000
vn 0.4472 0.8944 -0.0000
vn 0.4472 -0.6325 0.6325
vn 0.4472 -0.6325 -0.6325
vn -0.1884 0.9821 -0.0000
vn 0.2646 0.9644 -0.0000
vn 0.7071 -0.0000 -0.7071
vn -0.4737 0.8234 -0.3124
vn 0.9362 -0.2977 0.1869
vn -0.0996 0.9804 -0.1700
vn 0.8890 -0.4201 0.1823
vn 0.5351 -0.8352 0.1269
vn 0.9361 -0.2978 0.1869
vn 0.6935 -0.6779 -0.2440
vn 0.9361 -0.2978 -0.1869
vn 0.8903 -0.4015 -0.2149
vn 0.9801 -0.0998 -0.1718
vn 0.9809 0.1932 0.0219
vn 0.9362 -0.2977 -0.1869
vn 0.9800 -0.0998 -0.1719
vn 0.0862 0.4269 -0.9002
vn 0.0882 0.3718 -0.9241
vn 0.0932 0.3834 -0.9189
vn 0.0828 0.3617 -0.9286
vn 0.1021 0.3200 -0.9419
vn 0.0882 0.3717 -0.9241
vn 0.0804 0.2834 0.9556
vn 0.0882 0.3717 0.9241
vn 0.0839 0.3513 0.9325
vn 0.0957 0.4018 0.9107
vn 0.0950 0.4658 0.8798
vn 0.0882 0.3718 0.9241
vn 0.0956 0.4018 0.9107
vn -0.4948 0.8690 -0.0000
vn 0.7071 -0.0000 0.7071
vn 0.1871 0.6819 -0.7071
vn 0.1871 0.6819 0.7071
vn -0.7071 -0.7071 -0.0000
vn -0.9941 -0.0000 -0.1080
vn -0.1715 0.7071 0.6860
vn -0.1715 0.7071 -0.6860
vn -0.7071 0.7071 -0.0000
vn -0.7061 -0.7040 -0.0755
vn -0.7373 -0.6739 -0.0476
vn -0.6975 -0.7123 -0.0781
vn -0.7865 -0.6176 -0.0005
vn -0.7804 -0.6253 -0.0069
vn -0.7373 -0.6738 -0.0476
vn -0.2588 -0.0000 -0.9659
vn -0.1876 0.6886 -0.7005
vn -0.1872 0.6892 -0.7000
vn -0.1882 0.6881 -0.7008
vn -0.1877 0.6885 -0.7006
vn -0.1876 0.6886 -0.7004
vn -0.7050 0.7092 -0.0000
vn -0.7051 0.7091 -0.0001
vn -0.6997 0.7103 -0.0762
vn -0.6999 0.7101 -0.0763
vn -0.6992 0.7108 -0.0763
vn -0.7008 0.7092 -0.0766
vn -0.7004 0.7096 -0.0767
vn -0.7000 0.7100 -0.0764
vn -0.7038 0.7104 -0.0001
vn -0.7039 0.7103 -0.0001
vn -0.7026 0.7116 -0.0015
vn -0.7051 0.7091 0.0014
vn -0.7040 0.7102 -0.0001
vn 0.5145 -0.0000 0.8575
vn -0.8575 -0.0000 0.5145
vn -0.1715 -0.7071 0.6860
vn 0.5145 -0.0000 -0.8575
vn -0.1715 -0.7071 -0.6860
vn -0.8575 -0.0000 -0.5145
vn -0.4472 -0.0000 -0.8944
vn 0.4015 0.8645 -0.3024
vn 0.1248 0.8319 -0.5407
vn 0.4545 0.8521 -0.2596
vn -0.1917 0.6892 -0.6987
vn -0.1220 0.7143 -0.6891
vn 0.1248 0.8319 -0.5408
vn -0.1776 0.9260 0.3332
vn 0.1248 0.8319 0.5407
vn -0.1952 0.9405 0.2781
vn 0.3740 0.6328 0.6781
vn 0.3317 0.6727 0.6614
vn 0.1248 0.8319 0.5408
vn -0.4472 -0.0000 0.8944
vn -0.4472 -0.8944 -0.0000
vn -0.4472 0.8944 -0.0000
vn -0.4472 -0.6325 0.6325
vn -0.4472 -0.6325 -0.6325
vn 0.1884 0.9821 -0.0000
vn -0.2646 0.9644 -0.0000
vn -0.7071 -0.0000 -0.7071
vn -0.8890 -0.4201 0.1823
vn -0.9361 -0.2978 0.1869
vn -0.5352 -0.8352 0.1269
vn 0.4737 0.8234 -0.3124
vn 0.0996 0.9804 -0.1700
vn -0.9362 -0.2977 0.1869
vn -0.9801 -0.0998 -0.1718
vn -0.9362 -0.2977 -0.1869
vn -0.9809 0.1932 0.0218
vn -0.6935 -0.6779 -0.2440
vn -0.8903 -0.4015 -0.2149
vn -0.9361 -0.2978 -0.1869
vn -0.9800 -0.0998 -0.1719
vn -0.9362 -0.2978 -0.1869
vn -0.0828 0.3617 -0.9286
vn -0.0882 0.3717 -0.9241
vn -0.1021 0.3200 -0.9419
vn -0.0862 0.4269 -0.9002
vn -0.0932 0.3834 -0.9189
vn -0.0882 0.3718 -0.9241
vn -0.0956 0.4018 0.9107
vn -0.0882 0.3718 0.9241
vn -0.0950 0.4658 0.8798
vn -0.0804 0.2834 0.9556
vn -0.0839 0.3513 0.9325
vn -0.0882 0.3717 0.9241
vn 0.4948 0.8690 -0.0000
vn -0.7071 -0.0000 0.7071
vn -0.1871 0.6819 -0.7071
vn -0.1871 0.6819 0.7071
vn 0.1930 -0.6628 -0.7235
vn 0.1377 -0.6797 -0.7205
vn 0.1898 -0.6548 -0.7316
vn 0.1949 -0.6557 -0.7294
vn 0.1803 -0.6612 -0.7282
vn 0.1859 -0.7071 -0.6822
vn 0.1885 -0.6492 -0.7369
vn 0.2007 -0.5986 -0.7755
vn -0.1911 -0.6459 -0.7391
vn -0.1457 -0.6328 -0.7604
vn -0.1898 -0.6548 -0.7316
vn -0.1963 -0.6537 -0.7309
vn -0.1667 -0.6415 -0.7488
vn -0.2223 -0.6151 -0.7564
vn -0.1896 -0.6600 -0.7270
vn -0.1618 -0.7028 -0.6927
vn -0.2426 0.0001 0.9701
vn -0.2426 -0.0000 0.9701
vt 0.464182 0.158754
vt 0.464182 0.156724
vt 0.454727 0.158754
vt 0.464182 0.182060
vt 0.464182 0.180031
vt 0.454727 0.180031
vt 0.767227 0.159118
vt 0.765651 0.157872
vt 0.765651 0.158754
vt 0.767227 0.180031
vt 0.765651 0.180031
vt 0.765651 0.180912
vt 0.919081 0.950000
vt 0.919081 0.984309
vt 0.919604 0.984309
vt 0.919604 0.950000
vt 0.450291 0.227925
vt 0.450291 0.218830
vt 0.449142 0.218830
vt 0.449142 0.227925
vt 0.421954 0.233511
vt 0.421954 0.201596
vt 0.420387 0.200000
vt 0.420387 0.235106
vt 0.789287 0.154198
vt 0.789287 0.186113
vt 0.790047 0.186113
vt 0.790047 0.154198
vt 0.861191 0.169587
vt 0.861191 0.174906
vt 0.861978 0.174906
vt 0.861978 0.169587
vt 0.861191 0.180226
vt 0.861978 0.180226
vt 0.696874 0.038962
vt 0.696874 0.069415
vt 0.698637 0.069415
vt 0.698637 0.038962
vt 0.455514 0.227925
vt 0.455514 0.218830
vt 0.454365 0.218830
vt 0.454365 0.227925
vt 0.452328 0.216755
vt 0.457550 0.216755
vt 0.457550 0.214362
vt 0.452328 0.214362
vt 0.859737 0.161702
vt 0.860524 0.161702
vt 0.860524 0.143616
vt 0.859737 0.143616
vt 0.447105 0.216755
vt 0.447105 0.214362
vt 0.858949 0.161702
vt 0.858949 0.159574
vt 0.857373 0.159574
vt 0.857373 0.161702
vt 0.764076 0.180031
vt 0.764076 0.158754
vt 0.763293 0.158754
vt 0.763298 0.180031
vt 0.764076 0.182158
vt 0.763571 0.182557
vt 0.795219 0.236702
vt 0.792201 0.236702
vt 0.792201 0.237500
vt 0.795219 0.237500
vt 0.578151 0.157872
vt 0.589182 0.155080
vt 0.589182 0.153435
vt 0.576576 0.156626
vt 0.589182 0.183705
vt 0.578151 0.180912
vt 0.576576 0.182158
vt 0.589182 0.185350
vt 0.578151 0.158754
vt 0.576576 0.158754
vt 0.578151 0.180031
vt 0.576576 0.180031
vt 0.818197 0.236702
vt 0.816108 0.236702
vt 0.816108 0.237500
vt 0.818197 0.237500
vt 0.776682 0.185350
vt 0.776682 0.186113
vt 0.795387 0.235106
vt 0.793298 0.235106
vt 0.858949 0.138297
vt 0.857373 0.138297
vt 0.764076 0.156626
vt 0.763292 0.156626
vt 0.833314 0.198404
vt 0.819017 0.198404
vt 0.819017 0.199202
vt 0.833314 0.199202
vt 0.819272 0.200000
vt 0.832807 0.200000
vt 0.762500 0.156626
vt 0.762500 0.158754
vt 0.762500 0.180031
vt 0.762834 0.183140
vt 0.459833 0.171276
vt 0.462660 0.171276
vt 0.462660 0.161702
vt 0.459833 0.161702
vt 0.719083 0.197606
vt 0.719083 0.173670
vt 0.711890 0.173670
vt 0.711890 0.197606
vt 0.425609 0.201596
vt 0.425609 0.200000
vt 0.430832 0.201596
vt 0.430832 0.200000
vt 0.436054 0.201596
vt 0.436054 0.200000
vt 0.439710 0.201596
vt 0.441277 0.200000
vt 0.439710 0.233511
vt 0.441277 0.235106
vt 0.861756 0.190948
vt 0.861756 0.222863
vt 0.862500 0.222863
vt 0.862500 0.190948
vt 0.832550 0.236702
vt 0.835423 0.236702
vt 0.835423 0.229521
vt 0.832550 0.229521
vt 0.822105 0.236702
vt 0.827328 0.236702
vt 0.827328 0.229521
vt 0.822105 0.229521
vt 0.819233 0.236702
vt 0.819233 0.229521
vt 0.861191 0.183949
vt 0.861978 0.183949
vt 0.453425 0.212447
vt 0.453842 0.212447
vt 0.453842 0.207500
vt 0.453425 0.207500
vt 0.458647 0.212447
vt 0.459326 0.212447
vt 0.459326 0.207500
vt 0.458647 0.207500
vt 0.448202 0.212447
vt 0.448620 0.212447
vt 0.448620 0.207500
vt 0.448202 0.207500
vt 0.445330 0.212447
vt 0.446009 0.212447
vt 0.446009 0.207500
vt 0.445330 0.207500
vt 0.860403 0.166662
vt 0.860403 0.169587
vt 0.861191 0.165864
vt 0.860403 0.174906
vt 0.860403 0.180226
vt 0.860403 0.183151
vt 0.861978 0.165864
vt 0.470455 0.199202
vt 0.460518 0.199202
vt 0.459833 0.200000
vt 0.471140 0.200000
vt 0.471140 0.171276
vt 0.470454 0.172074
vt 0.845455 0.199202
vt 0.845454 0.172074
vt 0.835518 0.172074
vt 0.835518 0.199202
vt 0.969665 0.948283
vt 0.969873 0.948525
vt 0.969873 0.922751
vt 0.969665 0.922993
vt 0.961308 0.922993
vt 0.961100 0.922751
vt 0.961100 0.948525
vt 0.961308 0.948283
vt 0.467353 0.170159
vt 0.463619 0.170159
vt 0.463071 0.170797
vt 0.467902 0.170797
vt 0.468313 0.161702
vt 0.468313 0.171276
vt 0.471140 0.161702
vt 0.467353 0.161702
vt 0.467902 0.161702
vt 0.463619 0.161702
vt 0.463071 0.161702
vt 0.466942 0.169680
vt 0.464031 0.169680
vt 0.466942 0.161702
vt 0.464031 0.161702
vt 0.455892 0.161702
vt 0.455892 0.195212
vt 0.457461 0.196808
vt 0.457461 0.161702
vt 0.452560 0.161702
vt 0.450991 0.161702
vt 0.450991 0.196808
vt 0.452560 0.195212
vt 0.444521 0.161702
vt 0.444521 0.196808
vt 0.446090 0.195213
vt 0.446090 0.163297
vt 0.449421 0.163298
vt 0.449422 0.195213
vt 0.696090 0.038297
vt 0.696090 0.070213
vt 0.702560 0.036702
vt 0.705892 0.036702
vt 0.705892 0.070212
vt 0.699421 0.038298
vt 0.702560 0.070212
vt 0.699422 0.070213
vt 0.703345 0.037500
vt 0.705107 0.037500
vt 0.705107 0.069415
vt 0.703345 0.069415
vt 0.459639 0.214362
vt 0.459639 0.228723
vt 0.460423 0.229521
vt 0.460423 0.213564
vt 0.822889 0.227595
vt 0.822889 0.217553
vt 0.822105 0.216755
vt 0.821781 0.228723
vt 0.714031 0.161702
vt 0.714031 0.169680
vt 0.716942 0.169680
vt 0.716942 0.161702
vt 0.776682 0.156724
vt 0.776682 0.155080
vt 0.776682 0.182060
vt 0.767227 0.179666
vt 0.776682 0.183705
vt 0.767227 0.158754
vt 0.825761 0.227925
vt 0.826545 0.217553
vt 0.826545 0.227595
vt 0.827328 0.228393
vt 0.827328 0.216755
vt 0.828111 0.227595
vt 0.828111 0.217553
vt 0.828895 0.227925
vt 0.831767 0.217553
vt 0.831767 0.227595
vt 0.832875 0.228723
vt 0.832550 0.216755
vt 0.445017 0.228723
vt 0.445017 0.214362
vt 0.444233 0.213564
vt 0.444233 0.229521
vt 0.447889 0.217553
vt 0.447889 0.227595
vt 0.448672 0.227925
vt 0.448672 0.218351
vt 0.457875 0.228723
vt 0.457550 0.229521
vt 0.446781 0.228723
vt 0.447105 0.229521
vt 0.447105 0.213564
vt 0.457550 0.213564
vt 0.451545 0.227595
vt 0.451545 0.217553
vt 0.450761 0.218351
vt 0.450761 0.227925
vt 0.453111 0.217553
vt 0.453111 0.227595
vt 0.453895 0.227925
vt 0.453895 0.218351
vt 0.452328 0.228393
vt 0.452328 0.229521
vt 0.456767 0.227595
vt 0.456767 0.217553
vt 0.455984 0.218351
vt 0.455984 0.227925
vt 0.448829 0.227925
vt 0.448829 0.218511
vt 0.450605 0.227925
vt 0.448173 0.228989
vt 0.451260 0.228989
vt 0.455827 0.227925
vt 0.454051 0.227925
vt 0.453395 0.228989
vt 0.456483 0.228989
vt 0.449142 0.227925
vt 0.450291 0.227925
vt 0.830984 0.227925
vt 0.823672 0.227925
vt 0.454365 0.227925
vt 0.450604 0.218511
vt 0.450604 0.227925
vt 0.454051 0.227925
vt 0.454051 0.218511
vt 0.455827 0.218511
vt 0.455827 0.227925
vt 0.450813 0.207500
vt 0.450813 0.212447
vt 0.451231 0.212447
vt 0.451231 0.207500
vt 0.456036 0.207500
vt 0.456036 0.212447
vt 0.456454 0.212447
vt 0.456454 0.207500
vt 0.827328 0.213564
vt 0.829939 0.213564
vt 0.829626 0.213245
vt 0.827641 0.213245
vt 0.829939 0.206383
vt 0.829626 0.206702
vt 0.827328 0.206383
vt 0.827641 0.206702
vt 0.832550 0.213564
vt 0.835423 0.213564
vt 0.835109 0.213245
vt 0.832864 0.213245
vt 0.835423 0.206383
vt 0.835109 0.206702
vt 0.832550 0.206383
vt 0.832864 0.206702
vt 0.822105 0.213564
vt 0.824717 0.213564
vt 0.824403 0.213244
vt 0.822419 0.213245
vt 0.824717 0.206383
vt 0.824403 0.206702
vt 0.822105 0.206383
vt 0.822419 0.206702
vt 0.819233 0.213564
vt 0.821792 0.213244
vt 0.819546 0.213245
vt 0.821792 0.206702
vt 0.819233 0.206383
vt 0.819546 0.206702
vt 0.825030 0.213245
vt 0.825030 0.206702
vt 0.827015 0.213245
vt 0.827015 0.206702
vt 0.830252 0.213245
vt 0.830252 0.206702
vt 0.832237 0.213244
vt 0.832237 0.206702
vt 0.452641 0.213245
vt 0.454626 0.213245
vt 0.454626 0.206702
vt 0.452641 0.206702
vt 0.457864 0.213245
vt 0.460109 0.213245
vt 0.460109 0.206702
vt 0.457864 0.206702
vt 0.447419 0.213245
vt 0.449403 0.213244
vt 0.449403 0.206702
vt 0.447419 0.206702
vt 0.444546 0.213245
vt 0.446792 0.213244
vt 0.446792 0.206702
vt 0.444546 0.206702
vt 0.450030 0.206702
vt 0.450030 0.213245
vt 0.452015 0.213245
vt 0.452015 0.206702
vt 0.455252 0.206702
vt 0.455252 0.213245
vt 0.457237 0.213244
vt 0.457237 0.206702
vt 0.844873 0.198525
vt 0.844873 0.172751
vt 0.836100 0.172751
vt 0.836100 0.198525
vt 0.719665 0.198283
vt 0.719665 0.172993
vt 0.711308 0.172993
vt 0.711308 0.198283
vt 0.442582 0.200000
vt 0.442582 0.209574
vt 0.443366 0.209574
vt 0.443366 0.200000
vt 0.419081 0.234309
vt 0.419081 0.200000
vt 0.418298 0.200000
vt 0.418298 0.235106
vt 0.442582 0.234309
vt 0.442060 0.234309
vt 0.443366 0.235106
vt 0.419604 0.234309
vt 0.442060 0.200000
vt 0.419604 0.200000
vt 0.942060 0.950000
vt 0.942582 0.959574
vt 0.942582 0.950000
vt 0.942582 0.984309
vt 0.942060 0.984309
vt 0.825991 0.196808
vt 0.819521 0.196808
vt 0.832461 0.196808
vt 0.834833 0.200000
vt 0.834833 0.196808
vt 0.834078 0.200000
vt 0.860753 0.214884
vt 0.860753 0.222065
vt 0.860753 0.198927
vt 0.860753 0.191746
vt 0.818366 0.205585
vt 0.818366 0.237500
vt 0.858949 0.144414
vt 0.858949 0.147340
vt 0.858949 0.149999
vt 0.858949 0.152659
vt 0.858949 0.155319
vt 0.858949 0.157978
vt 0.858949 0.160904
vt 0.459833 0.196808
vt 0.460518 0.172074
vt 0.454939 0.213564
vt 0.452328 0.213564
vt 0.449717 0.213564
vt 0.821436 0.203989
vt 0.822931 0.202393
vt 0.822931 0.205585
vt 0.822194 0.202393
vt 0.821436 0.203191
s 0
usemtl Placeable
f 2442/726/697 2443/727/697 2444/728/697
f 2445/729/697 2446/730/697 2447/731/697
f 2448/732/697 2449/733/697 2450/734/697
f 2451/735/697 2452/736/697 2453/737/697
f 2442/726/697 2454/728/697 2443/727/697
f 2455/729/697 2456/731/697 2457/730/697
f 2458/732/697 2459/734/697 2460/733/697
f 2461/735/697 2462/737/697 2463/736/697
f 2464/738/698 2465/739/698 2466/740/698
f 2464/738/698 2466/740/698 2467/741/698
f 2468/742/698 2469/743/698 2470/744/698
f 2468/742/698 2470/744/698 2471/745/698
f 2472/746/698 2473/747/698 2474/748/698
f 2472/746/698 2474/748/698 2475/749/698
f 2476/750/699 2477/751/699 2478/752/699
f 2476/750/699 2478/752/699 2479/753/699
f 2480/754/700 2481/755/700 2482/756/700
f 2480/754/700 2482/756/700 2483/757/700
f 2481/755/700 2484/758/700 2485/759/700
f 2481/755/700 2485/759/700 2482/756/700
f 2486/760/701 2487/761/701 2488/762/701
f 2486/760/701 2488/762/701 2489/763/701
f 2490/764/698 2491/765/698 2492/766/698
f 2490/764/698 2492/766/698 2493/767/698
f 2494/768/698 2495/769/698 2496/770/698
f 2494/768/698 2496/770/698 2497/771/698
f 2498/772/697 2499/773/697 2500/774/697
f 2498/772/697 2500/774/697 2501/775/697
f 2502/776/698 2494/768/698 2497/771/698
f 2502/776/698 2497/771/698 2503/777/698
f 2504/778/702 2505/779/702 2506/780/702
f 2504/778/702 2506/780/702 2507/781/702
f 2508/782/697 2509/783/697 2510/784/697
f 2508/782/697 2510/784/697 2511/785/697
f 2512/730/697 2442/726/697 2444/728/697
f 2512/730/697 2444/728/697 2513/731/697
f 2514/786/697 2508/782/697 2511/785/697
f 2514/786/697 2511/785/697 2515/787/697
f 2516/788/703 2517/789/703 2518/790/703
f 2516/788/703 2518/790/703 2519/791/703
f 2520/792/704 2521/793/704 2522/794/704
f 2520/792/704 2522/794/704 2523/795/704
f 2524/796/705 2525/797/705 2526/798/705
f 2524/796/705 2526/798/705 2527/799/705
f 2528/800/706 2529/792/706 2530/795/706
f 2528/800/706 2530/795/706 2531/801/706
f 2532/797/706 2533/802/706 2534/803/706
f 2532/797/706 2534/803/706 2535/798/706
f 2536/802/706 2537/800/706 2538/801/706
f 2536/802/706 2538/801/706 2539/803/706
f 2540/804/698 2541/805/698 2542/806/698
f 2540/804/698 2542/806/698 2543/807/698
f 2541/805/698 2544/788/698 2545/791/698
f 2541/805/698 2545/791/698 2542/806/698
f 2546/808/697 2514/786/697 2515/787/697
f 2546/808/697 2515/787/697 2547/809/697
f 2548/810/707 2549/811/708 2550/789/709
f 2548/810/710 2550/789/711 2551/788/708
f 2552/812/702 2553/813/702 2554/780/702
f 2552/812/702 2554/780/702 2555/779/702
f 2509/783/697 2556/814/697 2557/815/697
f 2509/783/697 2557/815/697 2510/784/697
f 2558/816/712 2559/817/712 2560/818/712
f 2558/816/712 2560/818/712 2561/819/712
f 2562/820/713 2563/821/714 2564/819/715
f 2562/820/716 2564/819/717 2565/818/716
f 2566/784/718 2567/815/718 2568/822/718
f 2566/784/719 2568/822/719 2569/823/719
f 2570/787/720 2571/785/721 2572/824/722
f 2570/787/723 2572/824/724 2573/825/725
f 2574/785/726 2575/784/727 2576/823/728
f 2574/785/729 2576/823/730 2577/824/727
f 2578/826/731 2579/827/731 2580/828/731
f 2578/826/731 2580/828/731 2581/829/731
f 2582/830/731 2583/831/731 2584/832/731
f 2582/830/731 2584/832/731 2585/833/731
f 2473/747/698 2586/834/698 2587/835/698
f 2473/747/698 2587/835/698 2474/748/698
f 2586/834/698 2588/836/698 2589/837/698
f 2586/834/698 2589/837/698 2587/835/698
f 2588/836/698 2590/838/698 2591/839/698
f 2588/836/698 2591/839/698 2589/837/698
f 2590/838/698 2592/840/698 2593/841/698
f 2590/838/698 2593/841/698 2591/839/698
f 2592/840/698 2594/842/698 2595/843/698
f 2592/840/698 2595/843/698 2593/841/698
f 2596/844/732 2597/845/732 2598/846/732
f 2596/844/732 2598/846/732 2599/847/732
f 2472/746/698 2475/749/698 2595/843/698
f 2472/746/698 2595/843/698 2594/842/698
f 2600/848/698 2601/849/698 2602/850/698
f 2600/848/698 2602/850/698 2603/851/698
f 2604/852/698 2605/853/698 2606/854/698
f 2604/852/698 2606/854/698 2607/855/698
f 2608/856/698 2604/852/698 2607/855/698
f 2608/856/698 2607/855/698 2609/857/698
f 2484/758/700 2610/858/700 2611/859/700
f 2484/758/700 2611/859/700 2485/759/700
f 2612/860/698 2613/861/698 2614/862/698
f 2612/860/698 2614/862/698 2615/863/698
f 2616/864/698 2617/865/698 2618/866/698
f 2616/864/698 2618/866/698 2619/867/698
f 2620/868/698 2621/869/698 2622/870/698
f 2620/868/698 2622/870/698 2623/871/698
f 2624/872/698 2625/873/698 2626/874/698
f 2624/872/698 2626/874/698 2627/875/698
f 2605/853/698 2600/848/698 2603/851/698
f 2605/853/698 2603/851/698 2606/854/698
f 2628/876/702 2629/877/702 2630/754/702
f 2628/876/702 2630/754/702 2631/878/702
f 2632/877/702 2633/879/702 2634/755/702
f 2632/877/702 2634/755/702 2635/754/702
f 2636/879/702 2637/880/702 2638/758/702
f 2636/879/702 2638/758/702 2639/755/702
f 2640/880/702 2641/881/702 2642/858/702
f 2640/880/702 2642/858/702 2643/758/702
f 2644/878/700 2480/754/700 2483/757/700
f 2644/878/700 2483/757/700 2645/882/700
f 2646/883/731 2647/884/731 2648/885/731
f 2646/883/731 2648/885/731 2649/886/731
f 2650/883/731 2651/886/731 2652/887/731
f 2650/883/731 2652/887/731 2653/888/731
f 2654/889/733 2655/889/733 2656/890/733
f 2654/889/733 2656/890/733 2657/890/733
f 2658/891/734 2659/891/734 2660/892/734
f 2658/891/734 2660/892/734 2661/892/734
f 2662/889/697 2663/892/697 2664/892/697
f 2662/889/697 2664/892/697 2665/889/697
f 2666/891/700 2667/890/700 2668/890/700
f 2666/891/700 2668/890/700 2669/891/700
f 2670/893/735 2671/894/735 2672/895/735
f 2670/893/735 2672/895/735 2673/896/735
f 2674/897/736 2675/898/736 2676/899/736
f 2674/897/736 2676/899/736 2677/900/736
f 2678/893/704 2679/900/704 2680/899/704
f 2678/893/704 2680/899/704 2681/894/704
f 2682/897/737 2683/896/737 2684/895/737
f 2682/897/737 2684/895/737 2685/898/737
f 2686/901/731 2687/902/731 2688/903/731
f 2686/901/731 2688/903/731 2689/904/731
f 2690/905/731 2691/906/731 2692/887/731
f 2690/905/731 2692/887/731 2693/907/731
f 2694/904/704 2695/903/704 2696/827/704
f 2694/904/704 2696/827/704 2697/906/704
f 2698/908/731 2699/901/731 2700/904/731
f 2698/908/731 2700/904/731 2701/909/731
f 2702/902/731 2703/910/731 2704/911/731
f 2702/902/731 2704/911/731 2705/903/731
f 2706/902/737 2707/901/737 2708/912/737
f 2706/902/737 2708/912/737 2709/913/737
f 2710/909/735 2711/904/735 2712/906/735
f 2710/909/735 2712/906/735 2713/905/735
f 2714/903/736 2715/911/736 2716/828/736
f 2714/903/736 2716/828/736 2717/827/736
f 2718/901/736 2719/908/736 2720/914/736
f 2718/901/736 2720/914/736 2721/912/736
f 2722/910/735 2723/902/735 2724/913/735
f 2722/910/735 2724/913/735 2725/915/735
f 2726/916/701 2727/917/701 2728/918/701
f 2726/916/701 2728/918/701 2729/919/701
f 2730/920/701 2731/921/701 2732/922/701
f 2730/920/701 2732/922/701 2733/923/701
f 2734/917/701 2735/923/701 2736/922/701
f 2734/917/701 2736/922/701 2737/918/701
f 2738/924/701 2739/925/701 2740/926/701
f 2738/924/701 2740/926/701 2741/927/701
f 2742/928/701 2743/929/701 2744/922/701
f 2742/928/701 2744/922/701 2745/921/701
f 2746/929/701 2747/926/701 2748/925/701
f 2746/929/701 2748/925/701 2736/922/701
f 2749/930/738 2750/931/738 2751/931/738
f 2749/930/738 2751/931/738 2752/930/738
f 2753/932/700 2754/933/700 2755/933/700
f 2753/932/700 2755/933/700 2756/932/700
f 2757/933/739 2758/934/739 2759/934/739
f 2757/933/739 2759/934/739 2760/933/739
f 2761/930/700 2762/935/700 2763/935/700
f 2761/930/700 2763/935/700 2764/930/700
f 2765/932/738 2766/932/738 2767/936/738
f 2765/932/738 2767/936/738 2768/936/738
f 2769/934/697 2770/936/697 2771/936/697
f 2769/934/697 2771/936/697 2772/934/697
f 2773/935/739 2774/937/739 2775/937/739
f 2773/935/739 2775/937/739 2776/935/739
f 2777/937/697 2778/931/697 2779/931/697
f 2777/937/697 2779/931/697 2780/937/697
f 2781/930/740 2782/931/740 2783/761/740
f 2781/930/740 2783/761/740 2784/760/740
f 2785/938/741 2786/939/741 2787/933/741
f 2785/938/741 2787/933/741 2788/932/741
f 2789/760/741 2790/763/741 2791/935/741
f 2789/760/741 2791/935/741 2792/930/741
f 2793/939/742 2794/940/742 2795/934/742
f 2793/939/742 2795/934/742 2796/933/742
f 2797/938/740 2798/932/740 2799/936/740
f 2797/938/740 2799/936/740 2800/941/740
f 2801/940/705 2802/941/705 2803/936/705
f 2801/940/705 2803/936/705 2804/934/705
f 2805/942/743 2806/943/743 2807/944/743
f 2805/942/743 2807/944/743 2808/945/743
f 2809/763/742 2810/762/742 2811/937/742
f 2809/763/742 2811/937/742 2812/935/742
f 2813/762/705 2814/761/705 2815/931/705
f 2813/762/705 2815/931/705 2816/937/705
f 2817/946/698 2818/947/698 2819/948/698
f 2817/946/698 2819/948/698 2820/949/698
f 2821/950/731 2822/951/731 2823/952/731
f 2821/950/731 2823/952/731 2824/953/731
f 2448/732/697 2825/954/697 2826/955/697
f 2448/732/697 2826/955/697 2449/733/697
f 2827/956/697 2828/957/697 2453/737/697
f 2827/956/697 2453/737/697 2829/958/697
f 2830/959/697 2831/734/697 2832/736/697
f 2830/959/697 2832/736/697 2833/735/697
f 2834/956/744 2835/735/744 2836/957/744
f 2834/956/744 2836/957/744 2837/956/744
f 2838/735/745 2839/959/745 2840/959/745
f 2838/735/745 2840/959/745 2841/735/745
f 2842/959/746 2843/954/746 2844/954/746
f 2842/959/746 2844/954/746 2845/959/746
f 2846/854/747 2847/960/748 2848/960/749
f 2846/854/750 2848/960/751 2849/854/748
f 2850/961/698 2851/962/698 2852/963/698
f 2850/961/698 2852/963/698 2853/964/698
f 2854/965/698 2855/966/698 2853/964/698
f 2854/965/698 2853/964/698 2852/963/698
f 2818/947/698 2850/961/698 2853/964/698
f 2818/947/698 2853/964/698 2819/948/698
f 2856/967/752 2857/854/753 2858/854/754
f 2856/967/755 2858/854/756 2859/967/757
f 2860/968/698 2861/969/698 2862/970/698
f 2860/968/698 2862/970/698 2863/971/698
f 2864/972/758 2865/973/758 2866/974/758
f 2864/972/758 2866/974/758 2867/975/758
f 2855/966/698 2860/968/698 2863/971/698
f 2855/966/698 2863/971/698 2853/964/698
f 2868/976/743 2869/977/743 2870/978/743
f 2868/976/743 2870/978/743 2871/979/743
f 2872/943/759 2873/980/759 2874/981/759
f 2872/943/759 2874/981/759 2875/944/759
f 2876/982/759 2877/972/759 2878/975/759
f 2876/982/759 2878/975/759 2879/983/759
f 2880/973/760 2881/777/760 2882/984/760
f 2880/973/760 2882/984/760 2883/974/760
f 2884/770/760 2885/942/760 2886/945/760
f 2884/770/760 2886/945/760 2887/985/760
f 2888/986/758 2889/987/758 2890/988/758
f 2888/986/758 2890/988/758 2891/989/758
f 2892/990/743 2893/991/743 2894/992/743
f 2892/990/743 2894/992/743 2895/993/743
f 2896/987/759 2897/976/759 2898/979/759
f 2896/987/759 2898/979/759 2899/988/759
f 2900/994/761 2901/986/761 2902/989/761
f 2900/994/761 2902/989/761 2903/995/761
f 2904/977/762 2905/982/762 2906/983/762
f 2904/977/762 2906/983/762 2907/978/762
f 2908/996/758 2909/997/758 2910/998/758
f 2908/996/758 2910/998/758 2911/999/758
f 2912/1000/743 2913/1001/743 2914/979/743
f 2912/1000/743 2914/979/743 2915/978/743
f 2916/997/759 2917/990/759 2918/993/759
f 2916/997/759 2918/993/759 2919/998/759
f 2920/980/761 2921/996/761 2922/999/761
f 2920/980/761 2922/999/761 2923/981/761
f 2924/991/762 2925/994/762 2926/995/762
f 2924/991/762 2926/995/762 2927/992/762
f 2928/1002/763 2929/1000/763 2930/1003/763
f 2928/1002/763 2930/1003/763 2931/1004/763
f 2932/1005/763 2933/1006/763 2934/1007/763
f 2932/1005/763 2934/1007/763 2935/1008/763
f 2936/983/759 2937/995/759 2938/995/759
f 2936/983/759 2938/995/759 2939/983/759
f 2940/742/764 2941/745/764 2942/1009/764
f 2940/742/764 2942/1009/764 2943/1010/764
f 2944/851/747 2945/1011/748 2946/1011/749
f 2944/851/750 2946/1011/751 2947/851/748
f 2948/1012/752 2949/855/753 2950/855/754
f 2948/1012/755 2950/855/756 2951/1012/757
f 2952/764/764 2953/767/764 2954/1013/764
f 2952/764/764 2954/1013/764 2955/764/764
f 2956/995/759 2957/981/759 2958/981/759
f 2956/995/759 2958/981/759 2959/995/759
f 2960/1014/758 2961/1015/758 2962/989/758
f 2960/1014/758 2962/989/758 2963/988/758
f 2964/1016/743 2965/1017/743 2966/993/743
f 2964/1016/743 2966/993/743 2967/992/743
f 2968/1001/759 2969/1014/759 2970/988/759
f 2968/1001/759 2970/988/759 2971/979/759
f 2972/1018/758 2973/1019/758 2974/999/758
f 2972/1018/758 2974/999/758 2975/998/758
f 2976/745/765 2977/744/765 2978/1001/765
f 2976/745/765 2978/1001/765 2979/1000/765
f 2980/1017/759 2981/1018/759 2982/998/759
f 2980/1017/759 2982/998/759 2983/993/759
f 2984/1008/698 2985/1007/698 2986/995/698
f 2984/1008/698 2986/995/698 2987/981/698
f 2988/1004/698 2989/1003/698 2990/983/698
f 2988/1004/698 2990/983/698 2986/995/698
f 2991/1002/766 2992/1004/767 2993/995/768
f 2991/1002/769 2993/995/770 2994/989/771
f 2995/1003/772 2996/1000/773 2997/978/774
f 2995/1003/775 2997/978/776 2998/983/777
f 2999/1005/766 3000/1008/767 3001/981/768
f 2999/1005/769 3001/981/770 3002/999/771
f 3003/1007/772 3004/1006/773 3005/992/774
f 3003/1007/778 3005/992/776 3006/995/777
f 3007/1006/779 3008/1016/780 3009/992/781
f 3007/1006/782 3009/992/783 3010/992/784
f 3011/1015/785 3012/1002/786 3013/989/787
f 3011/1015/788 3013/989/789 3014/989/790
f 3015/1000/779 3016/1000/784 3017/978/781
f 3015/1000/782 3017/978/783 3018/978/784
f 3019/1019/785 3020/1005/786 3021/999/787
f 3019/1019/791 3021/999/789 3022/999/790
f 3023/1010/792 3024/1009/792 3025/1000/792
f 3023/1010/792 3025/1000/792 3026/1002/792
f 3027/764/792 3028/1013/792 3029/1006/792
f 3027/764/792 3029/1006/792 3030/1005/792
f 3031/743/793 3032/742/793 3033/1015/793
f 3031/743/793 3033/1015/793 3034/1014/793
f 3035/767/765 3036/766/765 3037/1017/765
f 3035/767/765 3037/1017/765 3038/1016/765
f 3039/744/702 3040/743/702 3041/1014/702
f 3039/744/702 3041/1014/702 3042/1001/702
f 3043/765/793 3044/764/793 3045/1019/793
f 3043/765/793 3045/1019/793 3046/1018/793
f 3047/766/702 3048/765/702 3049/1018/702
f 3047/766/702 3049/1018/702 3050/1017/702
f 3051/1013/794 3052/767/794 3053/1016/794
f 3051/1013/794 3053/1016/794 3054/1006/794
f 3055/742/795 3056/1010/795 3057/1002/795
f 3055/742/795 3057/1002/795 3058/1015/795
f 3059/1009/794 3060/745/794 3061/1000/794
f 3059/1009/794 3061/1000/794 3062/1000/794
f 3063/764/795 3064/764/795 3065/1005/795
f 3063/764/795 3065/1005/795 3066/1019/795
f 3067/1020/698 3068/1021/698 3069/1022/698
f 3067/1020/698 3069/1022/698 3070/1023/698
f 3071/1024/698 3072/1025/698 3073/1026/698
f 3071/1024/698 3073/1026/698 3074/1027/698
f 3075/1028/698 3076/1029/698 3077/1030/698
f 3075/1028/698 3077/1030/698 3078/1031/698
f 3076/1029/698 3079/1032/698 3080/1033/698
f 3076/1029/698 3080/1033/698 3077/1030/698
f 3079/1032/698 3081/1034/698 3082/1035/698
f 3079/1032/698 3082/1035/698 3080/1033/698
f 3081/1034/698 3075/1028/698 3078/1031/698
f 3081/1034/698 3078/1031/698 3082/1035/698
f 3083/1036/698 3084/1037/698 3085/1038/698
f 3083/1036/698 3085/1038/698 3086/1039/698
f 3084/1037/698 3087/1040/698 3088/1041/698
f 3084/1037/698 3088/1041/698 3085/1038/698
f 3087/1040/698 3089/1042/698 3090/1043/698
f 3087/1040/698 3090/1043/698 3088/1041/698
f 3089/1042/698 3083/1036/698 3086/1039/698
f 3089/1042/698 3086/1039/698 3090/1043/698
f 3091/1044/698 3092/1045/698 3093/1046/698
f 3091/1044/698 3093/1046/698 3094/1047/698
f 3092/1045/698 3095/1048/698 3096/1049/698
f 3092/1045/698 3096/1049/698 3093/1046/698
f 3095/1048/698 3097/1050/698 3098/1051/698
f 3095/1048/698 3098/1051/698 3096/1049/698
f 3097/1050/698 3091/1044/698 3094/1047/698
f 3097/1050/698 3094/1047/698 3098/1051/698
f 3099/1052/698 3091/1044/698 3100/1053/698
f 3099/1052/698 3100/1053/698 3101/1054/698
f 3091/1044/698 3097/1050/698 3102/1055/698
f 3091/1044/698 3102/1055/698 3100/1053/698
f 3097/1050/698 3103/1056/698 3104/1057/698
f 3097/1050/698 3104/1057/698 3102/1055/698
f 3103/1056/698 3099/1052/698 3101/1054/698
f 3103/1056/698 3101/1054/698 3104/1057/698
f 3095/1048/698 3092/1045/698 3105/1058/698
f 3095/1048/698 3105/1058/698 3106/1059/698
f 3092/1045/698 3075/1028/698 3107/1060/698
f 3092/1045/698 3107/1060/698 3105/1058/698
f 3075/1028/698 3081/1034/698 3108/1061/698
f 3075/1028/698 3108/1061/698 3107/1060/698
f 3081/1034/698 3095/1048/698 3106/1059/698
f 3081/1034/698 3106/1059/698 3108/1061/698
f 3079/1032/698 3076/1029/698 3109/1062/698
f 3079/1032/698 3109/1062/698 3110/1063/698
f 3076/1029/698 3083/1036/698 3111/1064/698
f 3076/1029/698 3111/1064/698 3109/1062/698
f 3083/1036/698 3089/1042/698 3112/1065/698
f 3083/1036/698 3112/1065/698 3111/1064/698
f 3089/1042/698 3079/1032/698 3110/1063/698
f 3089/1042/698 3110/1063/698 3112/1065/698
f 3113/1066/700 3114/1067/700 3115/1067/700
f 3113/1066/700 3115/1067/700 3116/1066/700
f 3117/1067/732 3118/1068/732 3119/1068/732
f 3117/1067/732 3119/1068/732 3120/1067/732
f 3121/1068/697 3122/1069/697 3123/1069/697
f 3121/1068/697 3123/1069/697 3124/1068/697
f 3125/1069/699 3126/1066/699 3127/1066/699
f 3125/1069/699 3127/1066/699 3128/1069/699
f 3129/1070/700 3130/1071/700 3131/1071/700
f 3129/1070/700 3131/1071/700 3132/1070/700
f 3133/1071/732 3134/1072/732 3135/1072/732
f 3133/1071/732 3135/1072/732 3136/1071/732
f 3137/1072/697 3138/1073/697 3139/1073/697
f 3137/1072/697 3139/1073/697 3140/1072/697
f 3141/1073/699 3142/1070/699 3143/1070/699
f 3141/1073/699 3143/1070/699 3144/1073/699
f 3145/1074/700 3146/1075/700 3147/1075/700
f 3145/1074/700 3147/1075/700 3148/1074/700
f 3149/1075/732 3150/1076/732 3151/1076/732
f 3149/1075/732 3151/1076/732 3152/1075/732
f 3153/1076/697 3154/1077/697 3155/1077/697
f 3153/1076/697 3155/1077/697 3156/1076/697
f 3157/1077/699 3158/1074/699 3159/1074/699
f 3157/1077/699 3159/1074/699 3160/1077/699
f 3161/1078/700 3162/1079/700 3163/1079/700
f 3161/1078/700 3163/1079/700 3164/1078/700
f 3165/1079/732 3166/1080/732 3167/1080/732
f 3165/1079/732 3167/1080/732 3168/1079/732
f 3169/1080/697 3170/1081/697 3171/1081/697
f 3169/1080/697 3171/1081/697 3172/1080/697
f 3173/1081/699 3174/1078/699 3175/1078/699
f 3173/1081/699 3175/1078/699 3176/1081/699
f 3177/1082/699 3178/1083/699 3179/1083/699
f 3177/1082/699 3179/1083/699 3180/1082/699
f 3181/1083/700 3182/1084/700 3183/1084/700
f 3181/1083/700 3183/1084/700 3184/1083/700
f 3185/1084/732 3186/1085/732 3187/1085/732
f 3185/1084/732 3187/1085/732 3188/1084/732
f 3189/1085/697 3190/1082/697 3191/1082/697
f 3189/1085/697 3191/1082/697 3192/1085/697
f 3193/1086/699 3194/1087/699 3195/1087/699
f 3193/1086/699 3195/1087/699 3196/1086/699
f 3197/1087/700 3198/1088/700 3199/1088/700
f 3197/1087/700 3199/1088/700 3200/1087/700
f 3201/1088/732 3202/1089/732 3203/1089/732
f 3201/1088/732 3203/1089/732 3204/1088/732
f 3205/1089/697 3206/1086/697 3207/1086/697
f 3205/1089/697 3207/1086/697 3208/1089/697
f 3209/1066/702 3210/1067/702 3211/861/702
f 3209/1066/702 3211/861/702 3212/860/702
f 3213/1067/765 3214/1068/765 3215/862/765
f 3213/1067/765 3215/862/765 3216/861/765
f 3217/1068/706 3218/1069/706 3219/863/706
f 3217/1068/706 3219/863/706 3220/862/706
f 3221/1069/793 3222/1066/793 3223/860/793
f 3221/1069/793 3223/860/793 3224/863/793
f 3225/1070/702 3226/1071/702 3227/865/702
f 3225/1070/702 3227/865/702 3228/864/702
f 3229/1071/765 3230/1072/765 3231/866/765
f 3229/1071/765 3231/866/765 3232/865/765
f 3233/1072/706 3234/1073/706 3235/867/706
f 3233/1072/706 3235/867/706 3236/866/706
f 3237/1073/793 3238/1070/793 3239/864/793
f 3237/1073/793 3239/864/793 3240/867/793
f 3241/1074/702 3242/1075/702 3243/869/702
f 3241/1074/702 3243/869/702 3244/868/702
f 3245/1075/765 3246/1076/765 3247/870/765
f 3245/1075/765 3247/870/765 3248/869/765
f 3249/1076/706 3250/1077/706 3251/871/706
f 3249/1076/706 3251/871/706 3252/870/706
f 3253/1077/793 3254/1074/793 3255/868/793
f 3253/1077/793 3255/868/793 3256/871/793
f 3257/1078/702 3258/1079/702 3259/873/702
f 3257/1078/702 3259/873/702 3260/872/702
f 3261/1079/765 3262/1080/765 3263/874/765
f 3261/1079/765 3263/874/765 3264/873/765
f 3265/1080/706 3266/1081/706 3267/875/706
f 3265/1080/706 3267/875/706 3268/874/706
f 3269/1081/793 3270/1078/793 3271/872/793
f 3269/1081/793 3271/872/793 3272/875/793
f 3273/1082/793 3274/1083/793 3275/1021/793
f 3273/1082/793 3275/1021/793 3276/1020/793
f 3277/1083/702 3278/1084/702 3279/1022/702
f 3277/1083/702 3279/1022/702 3280/1021/702
f 3281/1084/765 3282/1085/765 3283/1023/765
f 3281/1084/765 3283/1023/765 3284/1022/765
f 3285/1085/706 3286/1082/706 3287/1020/706
f 3285/1085/706 3287/1020/706 3288/1023/706
f 3289/1086/793 3290/1087/793 3291/1025/793
f 3289/1086/793 3291/1025/793 3292/1024/793
f 3293/1087/702 3294/1088/702 3295/1026/702
f 3293/1087/702 3295/1026/702 3296/1025/702
f 3297/1088/765 3298/1089/765 3299/1027/765
f 3297/1088/765 3299/1027/765 3300/1026/765
f 3301/1089/706 3302/1086/706 3303/1024/706
f 3301/1089/706 3303/1024/706 3304/1027/706
f 3305/1090/735 3306/889/735 3307/890/735
f 3305/1090/735 3307/890/735 3308/1091/735
f 3309/1092/736 3310/891/736 3311/892/736
f 3309/1092/736 3311/892/736 3312/1093/736
f 3313/1090/704 3314/1093/704 3315/892/704
f 3313/1090/704 3315/892/704 3316/889/704
f 3317/1092/737 3318/1091/737 3319/890/737
f 3317/1092/737 3319/890/737 3320/891/737
f 3321/1094/735 3322/1095/735 3323/831/735
f 3321/1094/735 3323/831/735 3324/830/735
f 3325/1096/736 3326/1097/736 3327/833/736
f 3325/1096/736 3327/833/736 3328/832/736
f 3329/1097/704 3330/1094/704 3331/830/704
f 3329/1097/704 3331/830/704 3332/833/704
f 3333/1095/737 3334/1096/737 3335/832/737
f 3333/1095/737 3335/832/737 3336/831/737
f 3337/938/701 3338/941/701 3339/940/701
f 3337/938/701 3339/940/701 3340/939/701
f 3341/1098/698 3342/1099/698 3343/1100/698
f 3341/1098/698 3343/1100/698 3344/1101/698
f 3345/1102/698 3346/1103/698 3347/1104/698
f 3345/1102/698 3347/1104/698 3348/1105/698
f 3349/1106/698 3350/1107/698 2595/843/698
f 3349/1106/698 2595/843/698 3351/1108/698
f 3352/1109/698 3345/1102/698 3348/1105/698
f 3352/1109/698 3348/1105/698 2475/749/698
f 3342/1099/698 3349/1106/698 3351/1108/698
f 3342/1099/698 3351/1108/698 3343/1100/698
f 3350/1107/698 3353/1110/698 2593/841/698
f 3350/1107/698 2593/841/698 2595/843/698
f 3354/1111/698 3352/1109/698 2475/749/698
f 3354/1111/698 2475/749/698 2474/748/698
f 3355/738/745 3356/741/745 3357/740/745
f 3355/738/745 3357/740/745 3358/739/745
f 3359/742/745 3360/745/745 3361/744/745
f 3359/742/745 3361/744/745 3362/743/745
f 3363/746/745 3364/749/745 3365/748/745
f 3363/746/745 3365/748/745 3366/747/745
f 3367/750/699 3368/753/699 3369/752/699
f 3367/750/699 3369/752/699 3370/751/699
f 3371/754/700 3372/757/700 3373/756/700
f 3371/754/700 3373/756/700 3374/755/700
f 3374/755/700 3373/756/700 3375/759/700
f 3374/755/700 3375/759/700 3376/758/700
f 3377/760/746 3378/763/746 3379/762/746
f 3377/760/746 3379/762/746 3380/761/746
f 3381/764/745 3382/767/745 3383/766/745
f 3381/764/745 3383/766/745 3384/765/745
f 3385/768/745 3386/771/745 3387/770/745
f 3385/768/745 3387/770/745 3388/769/745
f 3389/772/697 3390/775/697 3391/774/697
f 3389/772/697 3391/774/697 3392/773/697
f 3393/776/745 3394/777/745 3386/771/745
f 3393/776/745 3386/771/745 3385/768/745
f 3395/778/796 3396/781/796 3397/780/796
f 3395/778/796 3397/780/796 3398/779/796
f 3399/782/697 3400/785/697 3401/784/697
f 3399/782/697 3401/784/697 3402/783/697
f 3403/730/697 3404/731/697 3405/728/697
f 3403/730/697 3405/728/697 3406/726/697
f 3407/786/697 3408/787/697 3400/785/697
f 3407/786/697 3400/785/697 3399/782/697
f 3409/788/797 3410/791/797 3411/790/797
f 3409/788/797 3411/790/797 3412/789/797
f 3413/792/798 3414/795/798 3415/794/798
f 3413/792/798 3415/794/798 3416/793/798
f 3417/796/799 3418/799/799 3419/798/799
f 3417/796/799 3419/798/799 3420/797/799
f 3421/800/800 3422/801/800 3423/795/800
f 3421/800/800 3423/795/800 3424/792/800
f 3425/797/800 3426/798/800 3427/803/800
f 3425/797/800 3427/803/800 3428/802/800
f 3429/802/800 3430/803/800 3431/801/800
f 3429/802/800 3431/801/800 3432/800/800
f 3433/804/745 3434/807/745 3435/806/745
f 3433/804/745 3435/806/745 3436/805/745
f 3436/805/745 3435/806/745 3437/791/745
f 3436/805/745 3437/791/745 3438/788/745
f 2546/808/697 2547/809/697 3408/787/697
f 2546/808/697 3408/787/697 3407/786/697
f 3439/810/801 3440/788/802 3441/789/803
f 3439/810/804 3441/789/805 3442/811/806
f 3443/812/796 3444/779/796 3445/780/796
f 3443/812/796 3445/780/796 3446/813/796
f 3402/783/697 3401/784/697 3447/815/697
f 3402/783/697 3447/815/697 3448/814/697
f 3449/816/807 3450/819/807 3451/818/807
f 3449/816/807 3451/818/807 3452/817/807
f 3453/820/808 3454/818/808 3455/819/809
f 3453/820/810 3455/819/811 3456/821/812
f 3457/784/813 3458/823/813 3459/822/813
f 3457/784/814 3459/822/814 3460/815/814
f 3461/787/815 3462/825/816 3463/824/817
f 3461/787/818 3463/824/819 3464/785/820
f 3465/785/821 3466/824/822 3467/823/823
f 3465/785/824 3467/823/825 3468/784/822
f 3469/826/744 3470/829/744 3471/828/744
f 3469/826/744 3471/828/744 3472/827/744
f 3473/830/744 3474/833/744 3475/832/744
f 3473/830/744 3475/832/744 3476/831/744
f 3366/747/745 3365/748/745 3477/835/745
f 3366/747/745 3477/835/745 3478/834/745
f 3478/834/745 3477/835/745 3479/837/745
f 3478/834/745 3479/837/745 3480/836/745
f 3480/836/745 3479/837/745 3481/839/745
f 3480/836/745 3481/839/745 3482/838/745
f 3482/838/745 3481/839/745 3483/841/745
f 3482/838/745 3483/841/745 3484/840/745
f 3484/840/745 3483/841/745 3485/843/745
f 3484/840/745 3485/843/745 3486/842/745
f 3487/844/732 3488/847/732 3489/846/732
f 3487/844/732 3489/846/732 3490/845/732
f 3363/746/745 3486/842/745 3485/843/745
f 3363/746/745 3485/843/745 3364/749/745
f 3491/848/745 3492/851/745 3493/850/745
f 3491/848/745 3493/850/745 3494/849/745
f 3495/852/745 3496/855/745 3497/854/745
f 3495/852/745 3497/854/745 3498/853/745
f 3499/856/745 3500/857/745 3496/855/745
f 3499/856/745 3496/855/745 3495/852/745
f 3376/758/700 3375/759/700 3501/859/700
f 3376/758/700 3501/859/700 3502/858/700
f 3503/860/745 3504/863/745 3505/862/745
f 3503/860/745 3505/862/745 3506/861/745
f 3507/864/745 3508/867/745 3509/866/745
f 3507/864/745 3509/866/745 3510/865/745
f 3511/868/745 3512/871/745 3513/870/745
f 3511/868/745 3513/870/745 3514/869/745
f 3515/872/745 3516/875/745 3517/874/745
f 3515/872/745 3517/874/745 3518/873/745
f 3498/853/745 3497/854/745 3492/851/745
f 3498/853/745 3492/851/745 3491/848/745
f 3519/876/796 3520/878/796 3521/754/796
f 3519/876/796 3521/754/796 3522/877/796
f 3523/877/796 3524/754/796 3525/755/796
f 3523/877/796 3525/755/796 3526/879/796
f 3527/879/796 3528/755/796 3529/758/796
f 3527/879/796 3529/758/796 3530/880/796
f 3531/880/796 3532/758/796 3533/858/796
f 3531/880/796 3533/858/796 3534/881/796
f 3535/878/700 3536/882/700 3372/757/700
f 3535/878/700 3372/757/700 3371/754/700
f 3537/883/744 3538/886/744 3539/885/744
f 3537/883/744 3539/885/744 3540/884/744
f 3541/883/744 3542/888/744 3543/887/744
f 3541/883/744 3543/887/744 3544/886/744
f 3545/889/739 3546/890/739 3547/890/739
f 3545/889/739 3547/890/739 3548/889/739
f 3549/891/738 3550/892/738 3551/892/738
f 3549/891/738 3551/892/738 3552/891/738
f 3553/889/697 3554/889/697 3555/892/697
f 3553/889/697 3555/892/697 3556/892/697
f 3557/891/700 3558/891/700 3559/890/700
f 3557/891/700 3559/890/700 3560/890/700
f 3561/893/826 3562/896/826 3563/895/826
f 3561/893/826 3563/895/826 3564/894/826
f 3565/897/827 3566/900/827 3567/899/827
f 3565/897/827 3567/899/827 3568/898/827
f 3569/893/798 3570/894/798 3571/899/798
f 3569/893/798 3571/899/798 3572/900/798
f 3573/897/828 3574/898/828 3575/895/828
f 3573/897/828 3575/895/828 3576/896/828
f 3577/901/744 3578/904/744 3579/903/744
f 3577/901/744 3579/903/744 3580/902/744
f 3581/905/744 3582/907/744 3583/887/744
f 3581/905/744 3583/887/744 3584/906/744
f 3585/904/798 3586/906/798 3587/827/798
f 3585/904/798 3587/827/798 3588/903/798
f 3589/908/744 3590/909/744 3591/904/744
f 3589/908/744 3591/904/744 3592/901/744
f 3593/902/744 3594/903/744 3595/911/744
f 3593/902/744 3595/911/744 3596/910/744
f 3597/902/828 3598/913/828 3599/912/828
f 3597/902/828 3599/912/828 3600/901/828
f 3601/909/826 3602/905/826 3603/906/826
f 3601/909/826 3603/906/826 3604/904/826
f 3605/903/827 3606/827/827 3607/828/827
f 3605/903/827 3607/828/827 3608/911/827
f 3609/901/827 3610/912/827 3611/914/827
f 3609/901/827 3611/914/827 3612/908/827
f 3613/910/826 3614/915/826 3615/913/826
f 3613/910/826 3615/913/826 3616/902/826
f 3617/916/746 3618/919/746 3619/918/746
f 3617/916/746 3619/918/746 3620/917/746
f 3621/920/746 3622/923/746 3623/922/746
f 3621/920/746 3623/922/746 3624/921/746
f 3625/917/746 3626/918/746 3627/922/746
f 3625/917/746 3627/922/746 3628/923/746
f 3629/924/746 3630/927/746 3631/926/746
f 3629/924/746 3631/926/746 3632/925/746
f 3633/928/746 3634/921/746 3635/922/746
f 3633/928/746 3635/922/746 3636/929/746
f 3637/929/746 3638/922/746 3639/925/746
f 3637/929/746 3639/925/746 3640/926/746
f 3641/930/734 3642/930/734 3643/931/734
f 3641/930/734 3643/931/734 3644/931/734
f 3645/932/700 3646/932/700 3647/933/700
f 3645/932/700 3647/933/700 3648/933/700
f 3649/933/733 3650/933/733 3651/934/733
f 3649/933/733 3651/934/733 3652/934/733
f 3653/930/700 3654/930/700 3655/935/700
f 3653/930/700 3655/935/700 3656/935/700
f 3657/932/734 3658/936/734 3659/936/734
f 3657/932/734 3659/936/734 3660/932/734
f 3661/934/697 3662/934/697 3663/936/697
f 3661/934/697 3663/936/697 3664/936/697
f 3665/935/733 3666/935/733 3667/937/733
f 3665/935/733 3667/937/733 3668/937/733
f 3669/937/697 3670/937/697 3671/931/697
f 3669/937/697 3671/931/697 3672/931/697
f 3673/930/829 3674/760/829 3675/761/829
f 3673/930/829 3675/761/829 3676/931/829
f 3677/938/830 3678/932/830 3679/933/830
f 3677/938/830 3679/933/830 3680/939/830
f 3681/760/830 3682/930/830 3683/935/830
f 3681/760/830 3683/935/830 3684/763/830
f 3685/939/831 3686/933/831 3687/934/831
f 3685/939/831 3687/934/831 3688/940/831
f 3689/938/829 3690/941/829 3691/936/829
f 3689/938/829 3691/936/829 3692/932/829
f 3693/940/799 3694/934/799 3695/936/799
f 3693/940/799 3695/936/799 3696/941/799
f 3697/942/832 3698/945/832 3699/944/832
f 3697/942/832 3699/944/832 3700/943/832
f 3701/763/831 3702/935/831 3703/937/831
f 3701/763/831 3703/937/831 3704/762/831
f 3705/762/799 3706/937/799 3707/931/799
f 3705/762/799 3707/931/799 3708/761/799
f 3709/946/745 3710/949/745 3711/948/745
f 3709/946/745 3711/948/745 3712/947/745
f 3713/950/744 3714/953/744 3715/952/744
f 3713/950/744 3715/952/744 3716/951/744
f 2458/732/697 2460/733/697 2826/955/697
f 2458/732/697 2826/955/697 2825/954/697
f 3717/956/697 3718/958/697 3719/737/697
f 3717/956/697 3719/737/697 3720/957/697
f 3721/959/697 3722/735/697 3723/736/697
f 3721/959/697 3723/736/697 3724/734/697
f 3725/956/731 3726/956/731 3727/957/731
f 3725/956/731 3727/957/731 3728/735/731
f 3729/735/698 3730/735/698 3731/959/698
f 3729/735/698 3731/959/698 3732/959/698
f 3733/959/701 3734/959/701 3735/954/701
f 3733/959/701 3735/954/701 3736/954/701
f 3737/854/833 3738/854/834 3739/960/835
f 3737/854/836 3739/960/837 3740/960/838
f 3741/961/745 3742/964/745 3743/963/745
f 3741/961/745 3743/963/745 3744/962/745
f 3745/965/745 3743/963/745 3742/964/745
f 3745/965/745 3742/964/745 3746/966/745
f 3712/947/745 3711/948/745 3742/964/745
f 3712/947/745 3742/964/745 3741/961/745
f 3747/967/839 3748/967/840 3749/854/841
f 3747/967/842 3749/854/843 3750/854/844
f 3751/968/745 3752/971/745 3753/970/745
f 3751/968/745 3753/970/745 3754/969/745
f 3755/972/845 3756/975/845 3757/974/845
f 3755/972/845 3757/974/845 3758/973/845
f 3746/966/745 3742/964/745 3752/971/745
f 3746/966/745 3752/971/745 3751/968/745
f 3759/976/832 3760/979/832 3761/978/832
f 3759/976/832 3761/978/832 3762/977/832
f 3763/943/846 3764/944/846 3765/981/846
f 3763/943/846 3765/981/846 3766/980/846
f 3767/982/846 3768/983/846 3769/975/846
f 3767/982/846 3769/975/846 3770/972/846
f 3771/973/847 3772/974/847 3773/984/847
f 3771/973/847 3773/984/847 3774/777/847
f 3775/770/847 3776/985/847 3777/945/847
f 3775/770/847 3777/945/847 3778/942/847
f 3779/986/845 3780/989/845 3781/988/845
f 3779/986/845 3781/988/845 3782/987/845
f 3783/990/832 3784/993/832 3785/992/832
f 3783/990/832 3785/992/832 3786/991/832
f 3787/987/846 3788/988/846 3789/979/846
f 3787/987/846 3789/979/846 3790/976/846
f 3791/994/848 3792/995/848 3793/989/848
f 3791/994/848 3793/989/848 3794/986/848
f 3795/977/849 3796/978/849 3797/983/849
f 3795/977/849 3797/983/849 3798/982/849
f 3799/996/845 3800/999/845 3801/998/845
f 3799/996/845 3801/998/845 3802/997/845
f 3803/1000/832 3804/978/832 3805/979/832
f 3803/1000/832 3805/979/832 3806/1001/832
f 3807/997/846 3808/998/846 3809/993/846
f 3807/997/846 3809/993/846 3810/990/846
f 3811/980/848 3812/981/848 3813/999/848
f 3811/980/848 3813/999/848 3814/996/848
f 3815/991/849 3816/992/849 3817/995/849
f 3815/991/849 3817/995/849 3818/994/849
f 3819/1002/850 3820/1004/850 3821/1003/850
f 3819/1002/850 3821/1003/850 3822/1000/850
f 3823/1005/850 3824/1008/850 3825/1007/850
f 3823/1005/850 3825/1007/850 3826/1006/850
f 3827/983/846 3828/983/846 3829/995/846
f 3827/983/846 3829/995/846 3830/995/846
f 3831/742/851 3832/1010/851 3833/1009/851
f 3831/742/851 3833/1009/851 3834/745/851
f 3835/851/833 3836/851/834 3837/1011/835
f 3835/851/836 3837/1011/837 3838/1011/838
f 3839/1012/839 3840/1012/840 3841/855/841
f 3839/1012/842 3841/855/843 3842/855/844
f 3843/764/851 3844/764/851 3845/1013/851
f 3843/764/851 3845/1013/851 3846/767/851
f 3847/995/846 3848/995/846 3849/981/846
f 3847/995/846 3849/981/846 3850/981/846
f 3851/1014/845 3852/988/845 3853/989/845
f 3851/1014/845 3853/989/845 3854/1015/845
f 3855/1016/832 3856/992/832 3857/993/832
f 3855/1016/832 3857/993/832 3858/1017/832
f 3859/1001/846 3860/979/846 3861/988/846
f 3859/1001/846 3861/988/846 3862/1014/846
f 3863/1018/845 3864/998/845 3865/999/845
f 3863/1018/845 3865/999/845 3866/1019/845
f 3867/745/852 3868/1000/852 3869/1001/852
f 3867/745/852 3869/1001/852 3870/744/852
f 3871/1017/846 3872/993/846 3873/998/846
f 3871/1017/846 3873/998/846 3874/1018/846
f 3875/1008/745 3876/981/745 3877/995/745
f 3875/1008/745 3877/995/745 3878/1007/745
f 3879/1004/745 3877/995/745 3880/983/745
f 3879/1004/745 3880/983/745 3881/1003/745
f 3882/1002/853 3883/989/854 3884/995/855
f 3882/1002/856 3884/995/857 3885/1004/858
f 3886/1003/859 3887/983/860 3888/978/861
f 3886/1003/862 3888/978/863 3889/1000/864
f 3890/1005/853 3891/999/854 3892/981/855
f 3890/1005/856 3892/981/857 3893/1008/858
f 3894/1007/865 3895/995/866 3896/992/861
f 3894/1007/862 3896/992/863 3897/1006/864
f 3898/1006/867 3899/992/868 3900/992/869
f 3898/1006/870 3900/992/871 3901/1016/872
f 3902/1015/873 3903/989/874 3904/989/875
f 3902/1015/876 3904/989/877 3905/1002/878
f 3906/1000/867 3907/978/868 3908/978/869
f 3906/1000/870 3908/978/871 3909/1000/872
f 3910/1019/873 3911/999/874 3912/999/875
f 3910/1019/876 3912/999/877 3913/1005/878
f 3914/1010/879 3915/1002/879 3916/1000/879
f 3914/1010/879 3916/1000/879 3917/1009/879
f 3918/764/879 3919/1005/879 3920/1006/879
f 3918/764/879 3920/1006/879 3921/1013/879
f 3922/743/880 3923/1014/880 3924/1015/880
f 3922/743/880 3924/1015/880 3925/742/880
f 3926/767/852 3927/1016/852 3928/1017/852
f 3926/767/852 3928/1017/852 3929/766/852
f 3930/744/796 3931/1001/796 3932/1014/796
f 3930/744/796 3932/1014/796 3933/743/796
f 3934/765/880 3935/1018/880 3936/1019/880
f 3934/765/880 3936/1019/880 3937/764/880
f 3938/766/796 3939/1017/796 3940/1018/796
f 3938/766/796 3940/1018/796 3941/765/796
f 3942/1013/881 3943/1006/881 3944/1016/881
f 3942/1013/881 3944/1016/881 3945/767/881
f 3946/742/882 3947/1015/882 3948/1002/882
f 3946/742/882 3948/1002/882 3949/1010/882
f 3950/1009/881 3951/1000/881 3952/1000/881
f 3950/1009/881 3952/1000/881 3953/745/881
f 3954/764/882 3955/1019/882 3956/1005/882
f 3954/764/882 3956/1005/882 3957/764/882
f 3958/1020/745 3959/1023/745 3960/1022/745
f 3958/1020/745 3960/1022/745 3961/1021/745
f 3962/1024/745 3963/1027/745 3964/1026/745
f 3962/1024/745 3964/1026/745 3965/1025/745
f 3966/1028/745 3967/1031/745 3968/1030/745
f 3966/1028/745 3968/1030/745 3969/1029/745
f 3969/1029/745 3968/1030/745 3970/1033/745
f 3969/1029/745 3970/1033/745 3971/1032/745
f 3971/1032/745 3970/1033/745 3972/1035/745
f 3971/1032/745 3972/1035/745 3973/1034/745
f 3973/1034/745 3972/1035/745 3967/1031/745
f 3973/1034/745 3967/1031/745 3966/1028/745
f 3974/1036/745 3975/1039/745 3976/1038/745
f 3974/1036/745 3976/1038/745 3977/1037/745
f 3977/1037/745 3976/1038/745 3978/1041/745
f 3977/1037/745 3978/1041/745 3979/1040/745
f 3979/1040/745 3978/1041/745 3980/1043/745
f 3979/1040/745 3980/1043/745 3981/1042/745
f 3981/1042/745 3980/1043/745 3975/1039/745
f 3981/1042/745 3975/1039/745 3974/1036/745
f 3982/1044/745 3983/1047/745 3984/1046/745
f 3982/1044/745 3984/1046/745 3985/1045/745
f 3985/1045/745 3984/1046/745 3986/1049/745
f 3985/1045/745 3986/1049/745 3987/1048/745
f 3987/1048/745 3986/1049/745 3988/1051/745
f 3987/1048/745 3988/1051/745 3989/1050/745
f 3989/1050/745 3988/1051/745 3983/1047/745
f 3989/1050/745 3983/1047/745 3982/1044/745
f 3990/1052/745 3991/1054/745 3992/1053/745
f 3990/1052/745 3992/1053/745 3982/1044/745
f 3982/1044/745 3992/1053/745 3993/1055/745
f 3982/1044/745 3993/1055/745 3989/1050/745
f 3989/1050/745 3993/1055/745 3994/1057/745
f 3989/1050/745 3994/1057/745 3995/1056/745
f 3995/1056/745 3994/1057/745 3991/1054/745
f 3995/1056/745 3991/1054/745 3990/1052/745
f 3987/1048/745 3996/1059/745 3997/1058/745
f 3987/1048/745 3997/1058/745 3985/1045/745
f 3985/1045/745 3997/1058/745 3998/1060/745
f 3985/1045/745 3998/1060/745 3966/1028/745
f 3966/1028/745 3998/1060/745 3999/1061/745
f 3966/1028/745 3999/1061/745 3973/1034/745
f 3973/1034/745 3999/1061/745 3996/1059/745
f 3973/1034/745 3996/1059/745 3987/1048/745
f 3971/1032/745 4000/1063/745 4001/1062/745
f 3971/1032/745 4001/1062/745 3969/1029/745
f 3969/1029/745 4001/1062/745 4002/1064/745
f 3969/1029/745 4002/1064/745 3974/1036/745
f 3974/1036/745 4002/1064/745 4003/1065/745
f 3974/1036/745 4003/1065/745 3981/1042/745
f 3981/1042/745 4003/1065/745 4000/1063/745
f 3981/1042/745 4000/1063/745 3971/1032/745
f 4004/1066/700 4005/1066/700 4006/1067/700
f 4004/1066/700 4006/1067/700 4007/1067/700
f 4008/1067/732 4009/1067/732 4010/1068/732
f 4008/1067/732 4010/1068/732 4011/1068/732
f 4012/1068/697 4013/1068/697 4014/1069/697
f 4012/1068/697 4014/1069/697 4015/1069/697
f 4016/1069/699 4017/1069/699 4018/1066/699
f 4016/1069/699 4018/1066/699 4019/1066/699
f 4020/1070/700 4021/1070/700 4022/1071/700
f 4020/1070/700 4022/1071/700 4023/1071/700
f 4024/1071/732 4025/1071/732 4026/1072/732
f 4024/1071/732 4026/1072/732 4027/1072/732
f 4028/1072/697 4029/1072/697 4030/1073/697
f 4028/1072/697 4030/1073/697 4031/1073/697
f 4032/1073/699 4033/1073/699 4034/1070/699
f 4032/1073/699 4034/1070/699 4035/1070/699
f 4036/1074/700 4037/1074/700 4038/1075/700
f 4036/1074/700 4038/1075/700 4039/1075/700
f 4040/1075/732 4041/1075/732 4042/1076/732
f 4040/1075/732 4042/1076/732 4043/1076/732
f 4044/1076/697 4045/1076/697 4046/1077/697
f 4044/1076/697 4046/1077/697 4047/1077/697
f 4048/1077/699 4049/1077/699 4050/1074/699
f 4048/1077/699 4050/1074/699 4051/1074/699
f 4052/1078/700 4053/1078/700 4054/1079/700
f 4052/1078/700 4054/1079/700 4055/1079/700
f 4056/1079/732 4057/1079/732 4058/1080/732
f 4056/1079/732 4058/1080/732 4059/1080/732
f 4060/1080/697 4061/1080/697 4062/1081/697
f 4060/1080/697 4062/1081/697 4063/1081/697
f 4064/1081/699 4065/1081/699 4066/1078/699
f 4064/1081/699 4066/1078/699 4067/1078/699
f 4068/1082/699 4069/1082/699 4070/1083/699
f 4068/1082/699 4070/1083/699 4071/1083/699
f 4072/1083/700 4073/1083/700 4074/1084/700
f 4072/1083/700 4074/1084/700 4075/1084/700
f 4076/1084/732 4077/1084/732 4078/1085/732
f 4076/1084/732 4078/1085/732 4079/1085/732
f 4080/1085/697 4081/1085/697 4082/1082/697
f 4080/1085/697 4082/1082/697 4083/1082/697
f 4084/1086/699 4085/1086/699 4086/1087/699
f 4084/1086/699 4086/1087/699 4087/1087/699
f 4088/1087/700 4089/1087/700 4090/1088/700
f 4088/1087/700 4090/1088/700 4091/1088/700
f 4092/1088/732 4093/1088/732 4094/1089/732
f 4092/1088/732 4094/1089/732 4095/1089/732
f 4096/1089/697 4097/1089/697 4098/1086/697
f 4096/1089/697 4098/1086/697 4099/1086/697
f 4100/1066/796 4101/860/796 4102/861/796
f 4100/1066/796 4102/861/796 4103/1067/796
f 4104/1067/852 4105/861/852 4106/862/852
f 4104/1067/852 4106/862/852 4107/1068/852
f 4108/1068/800 4109/862/800 4110/863/800
f 4108/1068/800 4110/863/800 4111/1069/800
f 4112/1069/880 4113/863/880 4114/860/880
f 4112/1069/880 4114/860/880 4115/1066/880
f 4116/1070/796 4117/864/796 4118/865/796
f 4116/1070/796 4118/865/796 4119/1071/796
f 4120/1071/852 4121/865/852 4122/866/852
f 4120/1071/852 4122/866/852 4123/1072/852
f 4124/1072/800 4125/866/800 4126/867/800
f 4124/1072/800 4126/867/800 4127/1073/800
f 4128/1073/880 4129/867/880 4130/864/880
f 4128/1073/880 4130/864/880 4131/1070/880
f 4132/1074/796 4133/868/796 4134/869/796
f 4132/1074/796 4134/869/796 4135/1075/796
f 4136/1075/852 4137/869/852 4138/870/852
f 4136/1075/852 4138/870/852 4139/1076/852
f 4140/1076/800 4141/870/800 4142/871/800
f 4140/1076/800 4142/871/800 4143/1077/800
f 4144/1077/880 4145/871/880 4146/868/880
f 4144/1077/880 4146/868/880 4147/1074/880
f 4148/1078/796 4149/872/796 4150/873/796
f 4148/1078/796 4150/873/796 4151/1079/796
f 4152/1079/852 4153/873/852 4154/874/852
f 4152/1079/852 4154/874/852 4155/1080/852
f 4156/1080/800 4157/874/800 4158/875/800
f 4156/1080/800 4158/875/800 4159/1081/800
f 4160/1081/880 4161/875/880 4162/872/880
f 4160/1081/880 4162/872/880 4163/1078/880
f 4164/1082/880 4165/1020/880 4166/1021/880
f 4164/1082/880 4166/1021/880 4167/1083/880
f 4168/1083/796 4169/1021/796 4170/1022/796
f 4168/1083/796 4170/1022/796 4171/1084/796
f 4172/1084/852 4173/1022/852 4174/1023/852
f 4172/1084/852 4174/1023/852 4175/1085/852
f 4176/1085/800 4177/1023/800 4178/1020/800
f 4176/1085/800 4178/1020/800 4179/1082/800
f 4180/1086/880 4181/1024/880 4182/1025/880
f 4180/1086/880 4182/1025/880 4183/1087/880
f 4184/1087/796 4185/1025/796 4186/1026/796
f 4184/1087/796 4186/1026/796 4187/1088/796
f 4188/1088/852 4189/1026/852 4190/1027/852
f 4188/1088/852 4190/1027/852 4191/1089/852
f 4192/1089/800 4193/1027/800 4194/1024/800
f 4192/1089/800 4194/1024/800 4195/1086/800
f 4196/1090/826 4197/1091/826 4198/890/826
f 4196/1090/826 4198/890/826 4199/889/826
f 4200/1092/827 4201/1093/827 4202/892/827
f 4200/1092/827 4202/892/827 4203/891/827
f 4204/1090/798 4205/889/798 4206/892/798
f 4204/1090/798 4206/892/798 4207/1093/798
f 4208/1092/828 4209/891/828 4210/890/828
f 4208/1092/828 4210/890/828 4211/1091/828
f 4212/1094/826 4213/830/826 4214/831/826
f 4212/1094/826 4214/831/826 4215/1095/826
f 4216/1096/827 4217/832/827 4218/833/827
f 4216/1096/827 4218/833/827 4219/1097/827
f 4220/1097/798 4221/833/798 4222/830/798
f 4220/1097/798 4222/830/798 4223/1094/798
f 4224/1095/828 4225/831/828 4226/832/828
f 4224/1095/828 4226/832/828 4227/1096/828
f 4228/938/746 4229/939/746 4230/940/746
f 4228/938/746 4230/940/746 4231/941/746
f 4232/1098/745 4233/1101/745 4234/1100/745
f 4232/1098/745 4234/1100/745 4235/1099/745
f 4236/1102/745 4237/1105/745 4238/1104/745
f 4236/1102/745 4238/1104/745 4239/1103/745
f 4240/1106/745 4241/1108/745 3485/843/745
f 4240/1106/745 3485/843/745 4242/1107/745
f 4243/1109/745 3364/749/745 4237/1105/745
f 4243/1109/745 4237/1105/745 4236/1102/745
f 4235/1099/745 4234/1100/745 4241/1108/745
f 4235/1099/745 4241/1108/745 4240/1106/745
f 4242/1107/745 3485/843/745 3483/841/745
f 4242/1107/745 3483/841/745 4244/1110/745
f 4245/1111/745 3365/748/745 3364/749/745
f 4245/1111/745 3364/749/745 4243/1109/745
f 4246/1112/698 4247/1113/698 4248/1114/698
f 4247/1113/698 4246/1112/698 4249/1115/698
f 4249/1115/698 4246/1112/698 4250/1116/698
f 4251/982/698 4252/973/698 4253/972/698
f 4252/973/698 4251/982/698 2503/777/698
f 2503/777/698 4251/982/698 2502/776/698
f 4254/980/698 2496/770/698 2495/769/698
f 2496/770/698 4254/980/698 4255/942/698
f 4255/942/698 4254/980/698 4256/943/698
f 4257/817/883 4258/1117/884 4259/1118/885
f 4258/1117/886 4257/817/887 4260/1119/888
f 4260/1119/889 4257/817/890 4261/816/885
f 4262/816/699 4263/1120/699 4264/1121/699
f 4263/1120/699 4262/816/699 4265/819/699
f 4263/1120/699 4265/819/699 4266/1122/699
f 4267/845/765 4268/1123/765 4269/1124/765
f 4268/1123/765 4267/845/765 4270/1125/765
f 4270/1125/765 4267/845/765 4271/1126/765
f 4271/1126/765 4267/845/765 4272/844/765
f 4273/856/793 4274/1127/793 4275/1128/793
f 4274/1127/793 4273/856/793 4276/1056/793
f 4277/1129/706 4278/772/706 4279/775/706
f 4278/772/706 4277/1129/706 4280/1130/706
f 4278/772/706 4280/1130/706 4281/1131/706
f 4278/772/706 4281/1131/706 4282/1132/706
f 4278/772/706 4282/1132/706 4283/1133/706
f 4278/772/706 4283/1133/706 4284/1134/706
f 4278/772/706 4284/1134/706 4285/1135/706
f 4286/1136/731 4287/1137/731 4288/826/731
f 4287/1137/731 4286/1136/731 4289/884/731
f 4289/884/731 4286/1136/731 4290/885/731
f 4291/1137/731 4292/827/731 4293/826/731
f 4292/827/731 4291/1137/731 4294/906/731
f 4294/906/731 4291/1137/731 4295/887/731
f 4295/887/731 4291/1137/731 4296/888/731
f 4297/771/760 4298/1138/760 4299/1139/760
f 4298/1138/760 4297/771/760 4300/985/760
f 4300/985/760 4297/771/760 4301/770/760
f 4302/777/760 4303/1140/760 4304/984/760
f 4303/1140/760 4302/777/760 4305/1139/760
f 4305/1139/760 4302/777/760 4306/771/760
f 4307/1116/745 4308/1113/745 4309/1115/745
f 4308/1113/745 4307/1116/745 4310/1114/745
f 4310/1114/745 4307/1116/745 4311/1112/745
f 3394/777/745 4312/972/745 4313/973/745
f 4312/972/745 3394/777/745 4314/982/745
f 4314/982/745 3394/777/745 3393/776/745
f 4315/942/745 3388/769/745 3387/770/745
f 3388/769/745 4315/942/745 4316/980/745
f 4316/980/745 4315/942/745 4317/943/745
f 4318/816/891 4319/1117/892 4320/1119/893
f 4319/1117/894 4318/816/895 4321/1118/896
f 4321/1118/897 4318/816/898 4322/817/893
f 4323/1141/698 4324/1142/698 4325/1143/698
f 4324/1142/698 4323/1141/698 4326/1144/698
f 4326/1144/698 4323/1141/698 4327/1145/698
f 4328/1120/699 4329/816/699 4330/1121/699
f 4329/816/699 4328/1120/699 4331/819/699
f 4331/819/699 4328/1120/699 4332/1122/699
f 4333/844/852 4334/1125/852 4335/1126/852
f 4334/1125/852 4333/844/852 4336/1123/852
f 4336/1123/852 4333/844/852 4337/1124/852
f 4337/1124/852 4333/844/852 4338/845/852
f 4339/1056/880 4340/1128/880 4341/1127/880
f 4340/1128/880 4339/1056/880 4342/856/880
f 4343/772/800 4344/1129/800 4345/775/800
f 4344/1129/800 4343/772/800 4346/1130/800
f 4346/1130/800 4343/772/800 4347/1131/800
f 4347/1131/800 4343/772/800 4348/1132/800
f 4348/1132/800 4343/772/800 4349/1133/800
f 4349/1133/800 4343/772/800 4350/1134/800
f 4350/1134/800 4343/772/800 4351/1135/800
f 4352/1137/744 4353/1136/744 4354/826/744
f 4353/1136/744 4352/1137/744 4355/884/744
f 4353/1136/744 4355/884/744 4356/885/744
f 4357/888/744 4358/906/744 4359/887/744
f 4358/906/744 4357/888/744 4360/1137/744
f 4358/906/899 4361/826/900 4362/827/900
f 4361/826/744 4358/906/744 4360/1137/744
f 4363/1139/847 4364/770/847 4365/771/847
f 4364/770/847 4363/1139/847 4366/985/847
f 4367/984/847 4368/771/847 4369/777/847
f 4368/771/847 4367/984/847 4370/1139/847
o Smeltery_LavaPart_Placeable_0
v 8.175168 5.249999 -1.666668
v 8.713953 5.499999 -1.666668
v 8.713953 5.249999 -1.416668
v 8.713953 5.500000 1.666665
v 8.175168 5.250000 1.666665
v 8.713953 5.250000 1.416665
v 4.723607 8.111801 -2.359729
v 4.500000 7.749999 -2.583335
v 4.500000 7.999999 -2.333335
v 4.500000 7.750000 2.583331
v 4.723607 8.111803 2.359724
v 4.500000 8.000000 2.333331
v -8.175168 5.249999 -1.666668
v -8.713953 5.249999 -1.416668
v -8.713953 5.499999 -1.666668
v -8.713953 5.500000 1.666665
v -8.713953 5.250000 1.416665
v -8.175168 5.250000 1.666665
v -4.723607 8.111801 -2.359729
v -4.500000 7.999999 -2.333335
v -4.500000 7.749999 -2.583335
v -4.500000 7.750000 2.583331
v -4.500000 8.000000 2.333331
v -4.723607 8.111803 2.359724
v 6.840929 8.250000 2.083331
v 5.000000 8.250000 2.083331
v 4.723607 8.111803 2.359724
v 6.908935 8.111803 2.359724
v 6.840929 8.249998 -2.083335
v 8.213953 8.249999 -1.364132
v 8.490346 8.111802 -1.531371
v 6.908935 8.111801 -2.359729
v 7.185411 6.000000 2.467330
v 8.492496 6.000000 1.782667
v 8.492496 7.500000 1.782666
v 7.185411 7.500000 2.467329
v 8.213953 8.249999 1.364128
v 6.840929 8.250000 2.083331
v 6.908935 8.111803 2.359724
v 8.490346 8.111802 1.531366
v 8.492496 5.999999 -1.782670
v 7.185411 5.999999 -2.467333
v 7.185411 7.499999 -2.467334
v 8.492496 7.499999 -1.782671
v 6.840929 8.250000 2.083331
v 8.213953 8.249999 1.364128
v 8.213953 6.250000 1.364128
v 6.840929 6.250000 2.083331
v 5.000000 8.249998 -1.666669
v 5.000000 8.249999 -0.000002
v 5.000000 6.250000 -0.000002
v 5.000000 6.249999 -1.666668
v 5.000000 8.250000 1.666664
v 5.000000 8.250000 2.083331
v 5.000000 6.250000 2.083331
v 5.000000 6.250000 1.666665
v 6.963953 5.749999 -2.583335
v 8.713953 5.749999 -1.666668
v 8.713953 5.499999 -1.666668
v 6.963953 5.499999 -2.583335
v 4.500000 5.750000 1.666665
v 4.500000 5.750000 -0.000002
v 4.000000 5.250000 -0.000002
v 4.000000 5.250000 1.666665
v 8.213953 8.249999 -1.364132
v 6.840929 8.249998 -2.083335
v 6.840929 6.249999 -2.083335
v 8.213953 6.249999 -1.364132
v 5.000000 8.249998 -2.083335
v 6.840929 8.249998 -2.083335
v 6.908935 8.111801 -2.359729
v 4.723607 8.111801 -2.359729
v 8.713953 5.750000 1.666665
v 6.963953 5.750000 2.583332
v 6.963953 5.500000 2.583332
v 8.713953 5.500000 1.666665
v 6.963953 5.750000 2.583332
v 4.500000 5.750000 2.583332
v 4.250000 5.500000 2.583332
v 6.963953 5.500000 2.583332
v 4.500000 5.749999 -2.583335
v 6.963953 5.749999 -2.583335
v 6.963953 5.499999 -2.583335
v 4.250000 5.499999 -2.583335
v 4.000000 5.250000 2.333332
v 4.000000 5.250000 1.666665
v 8.175168 5.250000 1.666665
v 6.902441 5.250000 2.333332
v 4.000000 5.249999 -1.666668
v 4.000000 5.249999 -2.333335
v 6.902441 5.249999 -2.333335
v 8.175168 5.249999 -1.666668
v 4.500000 5.750000 -0.000002
v 4.500000 5.749999 -1.666668
v 4.000000 5.249999 -1.666668
v 4.000000 5.250000 -0.000002
v 6.963953 5.499999 -2.583335
v 8.713953 5.499999 -1.666668
v 8.175168 5.249999 -1.666668
v 6.902441 5.249999 -2.333335
v 8.713953 5.500000 1.666665
v 6.963953 5.500000 2.583332
v 6.902441 5.250000 2.333332
v 8.175168 5.250000 1.666665
v 4.000000 5.250000 2.333332
v 6.902441 5.250000 2.333332
v 6.963953 5.500000 2.583332
v 4.250000 5.500000 2.583332
v 4.250000 5.499999 -2.583335
v 6.963953 5.499999 -2.583335
v 6.902441 5.249999 -2.333335
v 4.000000 5.249999 -2.333335
v 5.000000 8.249999 -0.000002
v 5.000000 8.249998 -1.666669
v 4.500000 7.999999 -1.666669
v 4.500000 8.000000 -0.000002
v 5.000000 8.250000 1.666664
v 5.000000 8.249999 -0.000002
v 4.500000 8.000000 -0.000002
v 4.500000 8.000000 1.666664
v 4.750000 7.500000 2.583331
v 4.750000 6.000000 2.583331
v 6.713953 6.000000 2.583331
v 6.713953 7.500000 2.583331
v 8.213953 8.249999 -1.364132
v 8.213953 8.249999 -0.000002
v 8.490346 8.111802 -0.000002
v 8.490346 8.111802 -1.531371
v 8.713953 6.000000 -0.000002
v 8.713953 5.999999 -1.416668
v 8.713953 7.499999 -1.416669
v 8.713953 7.500000 -0.000002
v 8.713953 6.000000 1.416665
v 8.713953 7.500000 1.416664
v 8.213953 8.249999 -0.000002
v 8.213953 8.249999 1.364128
v 8.490346 8.111802 1.531366
v 8.490346 8.111802 -0.000002
v 5.000000 6.249999 -1.666668
v 5.000000 6.250000 -0.000002
v 8.213953 6.250000 -0.000002
v 8.213953 6.249999 -1.364132
v 5.000000 6.250000 1.666665
v 5.000000 6.250000 2.083331
v 6.840929 6.250000 2.083331
v 8.213953 6.250000 1.364128
v 5.000000 6.249999 -2.083335
v 6.840929 6.249999 -2.083335
v 8.213953 8.249999 -0.000002
v 8.213953 8.249999 -1.364132
v 8.213953 6.249999 -1.364132
v 8.213953 6.250000 -0.000002
v 5.000000 8.250000 2.083331
v 6.840929 8.250000 2.083331
v 6.840929 6.250000 2.083331
v 5.000000 6.250000 2.083331
v 8.213953 8.249999 1.364128
v 8.213953 6.250000 1.364128
v 5.000000 8.249998 -2.083335
v 5.000000 6.249999 -2.083335
v 6.840929 8.249998 -2.083335
v 5.000000 8.249998 -2.083335
v 5.000000 6.249999 -2.083335
v 6.840929 6.249999 -2.083335
v 8.490346 8.111802 -1.531371
v 8.490346 8.111802 -0.000002
v 8.713953 7.750000 -0.000002
v 8.713953 7.749999 -1.666669
v 8.490346 8.111802 -0.000002
v 8.490346 8.111802 1.531366
v 8.713953 7.750000 1.666664
v 8.713953 7.750000 -0.000002
v 6.908935 8.111801 -2.359729
v 8.490346 8.111802 -1.531371
v 8.713953 7.749999 -1.666669
v 6.963953 7.749999 -2.583335
v 8.490346 8.111802 1.531366
v 6.908935 8.111803 2.359724
v 6.963953 7.750000 2.583331
v 8.713953 7.750000 1.666664
v 6.908935 8.111803 2.359724
v 4.723607 8.111803 2.359724
v 4.500000 7.750000 2.583331
v 6.963953 7.750000 2.583331
v 6.963953 7.749999 -2.583335
v 4.500000 7.749999 -2.583335
v 4.723607 8.111801 -2.359729
v 6.908935 8.111801 -2.359729
v 4.750000 5.999999 -2.583335
v 4.750000 7.499999 -2.583335
v 6.713953 7.499999 -2.583335
v 6.713953 5.999999 -2.583335
v 8.713953 5.999999 -1.416668
v 8.713953 6.000000 -0.000002
v 8.713953 5.750000 -0.000002
v 8.713953 5.749999 -1.666668
v 8.713953 6.000000 1.416665
v 8.713953 5.750000 1.666665
v 6.713953 6.000000 2.583331
v 4.750000 6.000000 2.583331
v 4.500000 5.750000 2.583332
v 6.963953 5.750000 2.583332
v 4.750000 5.999999 -2.583335
v 6.713953 5.999999 -2.583335
v 6.963953 5.749999 -2.583335
v 4.500000 5.749999 -2.583335
v 8.713953 7.500000 -0.000002
v 8.713953 7.499999 -1.416669
v 8.713953 7.749999 -1.666669
v 8.713953 7.750000 -0.000002
v 8.713953 7.500000 1.416664
v 8.713953 7.750000 1.666664
v 4.750000 7.500000 2.583331
v 6.713953 7.500000 2.583331
v 6.963953 7.750000 2.583331
v 4.500000 7.750000 2.583331
v 6.713953 7.499999 -2.583335
v 4.750000 7.499999 -2.583335
v 4.500000 7.749999 -2.583335
v 6.963953 7.749999 -2.583335
v 4.750000 7.499999 -2.583335
v 4.750000 5.999999 -2.583335
v 4.500000 5.749999 -2.583335
v 4.500000 7.749999 -2.583335
v 6.713953 5.999999 -2.583335
v 6.713953 7.499999 -2.583335
v 6.963953 7.749999 -2.583335
v 6.963953 5.749999 -2.583335
v 4.750000 6.000000 2.583331
v 4.750000 7.500000 2.583331
v 4.500000 7.750000 2.583331
v 4.500000 5.750000 2.583332
v 6.713953 7.500000 2.583331
v 6.713953 6.000000 2.583331
v 6.963953 5.750000 2.583332
v 6.963953 7.750000 2.583331
v 7.185411 5.999999 -2.467333
v 8.492496 5.999999 -1.782670
v 8.713953 5.749999 -1.666668
v 6.963953 5.749999 -2.583335
v 8.492496 6.000000 1.782667
v 7.185411 6.000000 2.467330
v 6.963953 5.750000 2.583332
v 8.713953 5.750000 1.666665
v 8.492496 7.499999 -1.782671
v 7.185411 7.499999 -2.467334
v 6.963953 7.749999 -2.583335
v 8.713953 7.749999 -1.666669
v 7.185411 7.500000 2.467329
v 8.492496 7.500000 1.782666
v 8.713953 7.750000 1.666664
v 6.963953 7.750000 2.583331
v 7.185411 7.499999 -2.467334
v 7.185411 5.999999 -2.467333
v 6.963953 5.749999 -2.583335
v 6.963953 7.749999 -2.583335
v 7.185411 6.000000 2.467330
v 7.185411 7.500000 2.467329
v 6.963953 7.750000 2.583331
v 6.963953 5.750000 2.583332
v 8.492496 5.999999 -1.782670
v 8.492496 7.499999 -1.782671
v 8.713953 7.749999 -1.666669
v 8.713953 5.749999 -1.666668
v 8.492496 7.500000 1.782666
v 8.492496 6.000000 1.782667
v 8.713953 5.750000 1.666665
v 8.713953 7.750000 1.666664
v -6.840929 8.250000 2.083331
v -6.908935 8.111803 2.359724
v -4.723607 8.111803 2.359724
v -5.000000 8.250000 2.083331
v -6.840929 8.249998 -2.083335
v -6.908935 8.111801 -2.359729
v -8.490346 8.111802 -1.531371
v -8.213953 8.249999 -1.364132
v -7.185411 6.000000 2.467330
v -7.185411 7.500000 2.467329
v -8.492496 7.500000 1.782666
v -8.492496 6.000000 1.782667
v -8.213953 8.249999 1.364128
v -8.490346 8.111802 1.531366
v -6.908935 8.111803 2.359724
v -6.840929 8.250000 2.083331
v -8.492496 5.999999 -1.782670
v -8.492496 7.499999 -1.782671
v -7.185411 7.499999 -2.467334
v -7.185411 5.999999 -2.467333
v -6.840929 8.250000 2.083331
v -6.840929 6.250000 2.083331
v -8.213953 6.250000 1.364128
v -8.213953 8.249999 1.364128
v -5.000000 8.249998 -1.666669
v -5.000000 6.249999 -1.666668
v -5.000000 6.250000 -0.000002
v -5.000000 8.249999 -0.000002
v -5.000000 8.250000 1.666664
v -5.000000 6.250000 1.666665
v -5.000000 6.250000 2.083331
v -5.000000 8.250000 2.083331
v -6.963953 5.749999 -2.583335
v -6.963953 5.499999 -2.583335
v -8.713953 5.499999 -1.666668
v -8.713953 5.749999 -1.666668
v -4.500000 5.750000 1.666665
v -4.000000 5.250000 1.666665
v -4.000000 5.250000 -0.000002
v -4.500000 5.750000 -0.000002
v -8.213953 8.249999 -1.364132
v -8.213953 6.249999 -1.364132
v -6.840929 6.249999 -2.083335
v -6.840929 8.249998 -2.083335
v -5.000000 8.249998 -2.083335
v -4.723607 8.111801 -2.359729
v -6.908935 8.111801 -2.359729
v -6.840929 8.249998 -2.083335
v -8.713953 5.750000 1.666665
v -8.713953 5.500000 1.666665
v -6.963953 5.500000 2.583332
v -6.963953 5.750000 2.583332
v -6.963953 5.750000 2.583332
v -6.963953 5.500000 2.583332
v -4.250000 5.500000 2.583332
v -4.500000 5.750000 2.583332
v -4.500000 5.749999 -2.583335
v -4.250000 5.499999 -2.583335
v -6.963953 5.499999 -2.583335
v -6.963953 5.749999 -2.583335
v -4.000000 5.250000 2.333332
v -6.902441 5.250000 2.333332
v -8.175168 5.250000 1.666665
v -4.000000 5.250000 1.666665
v -4.000000 5.249999 -1.666668
v -8.175168 5.249999 -1.666668
v -6.902441 5.249999 -2.333335
v -4.000000 5.249999 -2.333335
v -4.500000 5.750000 -0.000002
v -4.000000 5.250000 -0.000002
v -4.000000 5.249999 -1.666668
v -4.500000 5.749999 -1.666668
v -6.963953 5.499999 -2.583335
v -6.902441 5.249999 -2.333335
v -8.175168 5.249999 -1.666668
v -8.713953 5.499999 -1.666668
v -8.713953 5.500000 1.666665
v -8.175168 5.250000 1.666665
v -6.902441 5.250000 2.333332
v -6.963953 5.500000 2.583332
v -4.000000 5.250000 2.333332
v -4.250000 5.500000 2.583332
v -6.963953 5.500000 2.583332
v -6.902441 5.250000 2.333332
v -4.250000 5.499999 -2.583335
v -4.000000 5.249999 -2.333335
v -6.902441 5.249999 -2.333335
v -6.963953 5.499999 -2.583335
v -5.000000 8.249999 -0.000002
v -4.500000 8.000000 -0.000002
v -4.500000 7.999999 -1.666669
v -5.000000 8.249998 -1.666669
v -5.000000 8.250000 1.666664
v -4.500000 8.000000 1.666664
v -4.500000 8.000000 -0.000002
v -5.000000 8.249999 -0.000002
v -4.750000 7.500000 2.583331
v -6.713953 7.500000 2.583331
v -6.713953 6.000000 2.583331
v -4.750000 6.000000 2.583331
v -8.213953 8.249999 -1.364132
v -8.490346 8.111802 -1.531371
v -8.490346 8.111802 -0.000002
v -8.213953 8.249999 -0.000002
v -8.713953 6.000000 -0.000002
v -8.713953 7.500000 -0.000002
v -8.713953 7.499999 -1.416669
v -8.713953 5.999999 -1.416668
v -8.713953 6.000000 1.416665
v -8.713953 7.500000 1.416664
v -8.213953 8.249999 -0.000002
v -8.490346 8.111802 -0.000002
v -8.490346 8.111802 1.531366
v -8.213953 8.249999 1.364128
v -5.000000 6.249999 -1.666668
v -8.213953 6.249999 -1.364132
v -8.213953 6.250000 -0.000002
v -5.000000 6.250000 -0.000002
v -5.000000 6.250000 1.666665
v -8.213953 6.250000 1.364128
v -6.840929 6.250000 2.083331
v -5.000000 6.250000 2.083331
v -5.000000 6.250000 -0.000002
v -8.213953 6.250000 -0.000002
v -8.213953 6.250000 1.364128
v -5.000000 6.250000 1.666665
v -5.000000 6.249999 -2.083335
v -6.840929 6.249999 -2.083335
v -8.213953 6.249999 -1.364132
v -5.000000 6.249999 -1.666668
v -8.213953 8.249999 -0.000002
v -8.213953 6.250000 -0.000002
v -8.213953 6.249999 -1.364132
v -8.213953 8.249999 -1.364132
v -5.000000 8.250000 2.083331
v -5.000000 6.250000 2.083331
v -6.840929 6.250000 2.083331
v -6.840929 8.250000 2.083331
v -8.213953 8.249999 1.364128
v -8.213953 6.250000 1.364128
v -5.000000 8.249998 -2.083335
v -5.000000 6.249999 -2.083335
v -6.840929 8.249998 -2.083335
v -6.840929 6.249999 -2.083335
v -5.000000 6.249999 -2.083335
v -5.000000 8.249998 -2.083335
v -8.490346 8.111802 -1.531371
v -8.713953 7.749999 -1.666669
v -8.713953 7.750000 -0.000002
v -8.490346 8.111802 -0.000002
v -8.490346 8.111802 -0.000002
v -8.713953 7.750000 -0.000002
v -8.713953 7.750000 1.666664
v -8.490346 8.111802 1.531366
v -6.908935 8.111801 -2.359729
v -6.963953 7.749999 -2.583335
v -8.713953 7.749999 -1.666669
v -8.490346 8.111802 -1.531371
v -8.490346 8.111802 1.531366
v -8.713953 7.750000 1.666664
v -6.963953 7.750000 2.583331
v -6.908935 8.111803 2.359724
v -6.908935 8.111803 2.359724
v -6.963953 7.750000 2.583331
v -4.500000 7.750000 2.583331
v -4.723607 8.111803 2.359724
v -6.963953 7.749999 -2.583335
v -6.908935 8.111801 -2.359729
v -4.723607 8.111801 -2.359729
v -4.500000 7.749999 -2.583335
v -4.750000 5.999999 -2.583335
v -6.713953 5.999999 -2.583335
v -6.713953 7.499999 -2.583335
v -4.750000 7.499999 -2.583335
v -8.713953 5.999999 -1.416668
v -8.713953 5.749999 -1.666668
v -8.713953 5.750000 -0.000002
v -8.713953 6.000000 -0.000002
v -8.713953 5.750000 1.666665
v -8.713953 6.000000 1.416665
v -6.713953 6.000000 2.583331
v -6.963953 5.750000 2.583332
v -4.500000 5.750000 2.583332
v -4.750000 6.000000 2.583331
v -4.750000 5.999999 -2.583335
v -4.500000 5.749999 -2.583335
v -6.963953 5.749999 -2.583335
v -6.713953 5.999999 -2.583335
v -8.713953 7.500000 -0.000002
v -8.713953 7.750000 -0.000002
v -8.713953 7.749999 -1.666669
v -8.713953 7.499999 -1.416669
v -8.713953 7.500000 1.416664
v -8.713953 7.750000 1.666664
v -4.750000 7.500000 2.583331
v -4.500000 7.750000 2.583331
v -6.963953 7.750000 2.583331
v -6.713953 7.500000 2.583331
v -6.713953 7.499999 -2.583335
v -6.963953 7.749999 -2.583335
v -4.500000 7.749999 -2.583335
v -4.750000 7.499999 -2.583335
v -4.750000 7.499999 -2.583335
v -4.500000 7.749999 -2.583335
v -4.500000 5.749999 -2.583335
v -4.750000 5.999999 -2.583335
v -6.713953 5.999999 -2.583335
v -6.963953 5.749999 -2.583335
v -6.963953 7.749999 -2.583335
v -6.713953 7.499999 -2.583335
v -4.750000 6.000000 2.583331
v -4.500000 5.750000 2.583332
v -4.500000 7.750000 2.583331
v -4.750000 7.500000 2.583331
v -6.713953 7.500000 2.583331
v -6.963953 7.750000 2.583331
v -6.963953 5.750000 2.583332
v -6.713953 6.000000 2.583331
v -8.713953 7.499999 -1.416669
v -8.713953 7.749999 -1.666669
v -8.713953 5.749999 -1.666668
v -8.713953 5.999999 -1.416668
v -8.713953 6.000000 1.416665
v -8.713953 5.750000 1.666665
v -8.713953 7.750000 1.666664
v -8.713953 7.500000 1.416664
v -7.185411 5.999999 -2.467333
v -6.963953 5.749999 -2.583335
v -8.713953 5.749999 -1.666668
v -8.492496 5.999999 -1.782670
v -8.492496 6.000000 1.782667
v -8.713953 5.750000 1.666665
v -6.963953 5.750000 2.583332
v -7.185411 6.000000 2.467330
v -8.492496 7.499999 -1.782671
v -8.713953 7.749999 -1.666669
v -6.963953 7.749999 -2.583335
v -7.185411 7.499999 -2.467334
v -7.185411 7.500000 2.467329
v -6.963953 7.750000 2.583331
v -8.713953 7.750000 1.666664
v -8.492496 7.500000 1.782666
v -7.185411 7.499999 -2.467334
v -6.963953 7.749999 -2.583335
v -6.963953 5.749999 -2.583335
v -7.185411 5.999999 -2.467333
v -7.185411 6.000000 2.467330
v -6.963953 5.750000 2.583332
v -6.963953 7.750000 2.583331
v -7.185411 7.500000 2.467329
v -8.492496 5.999999 -1.782670
v -8.713953 5.749999 -1.666668
v -8.713953 7.749999 -1.666669
v -8.492496 7.499999 -1.782671
v -8.492496 7.500000 1.782666
v -8.713953 7.750000 1.666664
v -8.713953 5.750000 1.666665
v -8.492496 6.000000 1.782667
v 5.000000 8.249998 -1.666669
v 5.000000 8.249998 -2.083335
v 4.723607 8.111801 -2.359729
v 4.500000 7.999999 -2.333335
v 4.500000 7.999999 -1.666669
v 4.000000 5.250000 1.666665
v 4.000000 5.250000 -0.000002
v 8.713953 5.250000 -0.000002
v 8.713953 5.250000 1.416665
v 8.175168 5.250000 1.666665
v 8.713953 5.750000 -0.000002
v 8.713953 5.750000 1.666665
v 8.713953 5.500000 1.666665
v 8.713953 5.250000 1.416665
v 8.713953 5.250000 -0.000002
v 8.713953 5.749999 -1.666668
v 8.713953 5.249999 -1.416668
v 8.713953 5.499999 -1.666668
v 4.500000 5.750000 2.583332
v 4.500000 5.750000 1.666665
v 4.000000 5.250000 1.666665
v 4.000000 5.250000 2.333332
v 4.250000 5.500000 2.583332
v 4.000000 5.250000 -0.000002
v 8.713953 5.249999 -1.416668
v 8.713953 5.250000 -0.000002
v 4.500000 5.749999 -1.666668
v 4.500000 5.749999 -2.583335
v 4.250000 5.499999 -2.583335
v 4.000000 5.249999 -2.333335
v 4.000000 5.249999 -1.666668
v 5.000000 8.250000 2.083331
v 5.000000 8.250000 1.666664
v 4.500000 8.000000 1.666664
v 4.500000 8.000000 2.333331
v 4.723607 8.111803 2.359724
v -5.000000 8.249998 -1.666669
v -4.500000 7.999999 -1.666669
v -4.500000 7.999999 -2.333335
v -4.723607 8.111801 -2.359729
v -5.000000 8.249998 -2.083335
v -4.000000 5.250000 1.666665
v -8.175168 5.250000 1.666665
v -8.713953 5.250000 1.416665
v -8.713953 5.250000 -0.000002
v -4.000000 5.250000 -0.000002
v -8.713953 5.750000 -0.000002
v -8.713953 5.250000 -0.000002
v -8.713953 5.250000 1.416665
v -8.713953 5.500000 1.666665
v -8.713953 5.750000 1.666665
v -8.713953 5.749999 -1.666668
v -8.713953 5.499999 -1.666668
v -8.713953 5.249999 -1.416668
v -4.500000 5.750000 2.583332
v -4.250000 5.500000 2.583332
v -4.000000 5.250000 2.333332
v -4.000000 5.250000 1.666665
v -4.500000 5.750000 1.666665
v -4.000000 5.250000 -0.000002
v -8.713953 5.250000 -0.000002
v -8.713953 5.249999 -1.416668
v -4.500000 5.749999 -1.666668
v -4.000000 5.249999 -1.666668
v -4.000000 5.249999 -2.333335
v -4.250000 5.499999 -2.583335
v -4.500000 5.749999 -2.583335
v -5.000000 8.250000 2.083331
v -4.723607 8.111803 2.359724
v -4.500000 8.000000 2.333331
v -4.500000 8.000000 1.666664
v -5.000000 8.250000 1.666664
vn 0.3118 -0.6719 -0.6719
vn 0.3118 -0.6719 0.6719
vn -0.4004 0.6479 -0.6479
vn -0.4004 0.6479 0.6479
vn -0.3118 -0.6719 -0.6719
vn -0.3118 -0.6719 0.6719
vn 0.4004 0.6479 -0.6479
vn 0.4004 0.6479 0.6479
vn -0.0000 0.8944 0.4472
vn 0.2075 0.8944 -0.3962
vn 0.4640 -0.0000 0.8858
vn 0.2075 0.8944 0.3962
vn 0.4640 -0.0000 -0.8858
vn -0.4640 -0.0000 -0.8858
vn 1.0000 -0.0000 -0.0000
vn -0.7071 0.7071 -0.0000
vn -0.4640 -0.0000 0.8858
vn -0.0000 0.8944 -0.4472
vn -0.0000 -0.0000 1.0000
vn -0.0000 -0.0000 -1.0000
vn -0.0000 -1.0000 -0.0000
vn 0.3281 -0.7071 -0.6264
vn 0.3281 -0.7071 0.6264
vn -0.0000 -0.7071 0.7071
vn -0.0000 -0.7071 -0.7071
vn -0.4472 0.8944 -0.0000
vn 0.4472 0.8944 -0.0000
vn -0.0000 1.0000 -0.0000
vn -1.0000 -0.0000 -0.0000
vn 0.8506 0.5257 -0.0000
vn 0.8507 0.5257 -0.0000
vn 0.3947 0.5257 -0.7535
vn 0.3947 0.5257 0.7535
vn -0.0000 0.5257 0.8507
vn -0.0000 0.5257 0.8506
vn -0.0000 0.5257 -0.8507
vn -0.2075 0.8944 -0.3962
vn -0.2075 0.8944 0.3962
vn 0.7071 0.7071 -0.0000
vn -0.3281 -0.7071 -0.6264
vn -0.3281 -0.7071 0.6264
vn -0.8507 0.5257 -0.0000
vn -0.8506 0.5257 -0.0000
vn -0.3947 0.5257 -0.7535
vn -0.3947 0.5257 0.7535
vt 0.457550 0.236702
vt 0.456767 0.236702
vt 0.447105 0.236702
vt 0.446412 0.236702
vt 0.447889 0.236702
vt 0.709722 0.229521
vt 0.710736 0.229521
vt 0.709639 0.229521
vt 0.694233 0.230319
vt 0.694233 0.229164
vt 0.695017 0.229521
vt 0.695800 0.229521
vt 0.695800 0.229521
vt 0.694934 0.229521
vt 0.708856 0.229521
vt 0.706602 0.229521
vt 0.707126 0.229521
vt 0.709722 0.229521
vt 0.444597 0.235904
vt 0.446742 0.235904
vt 0.446742 0.231117
vt 0.444597 0.231117
vt 0.698053 0.229521
vt 0.697529 0.229521
vt 0.457914 0.235904
vt 0.460059 0.235904
vt 0.460059 0.231117
vt 0.457914 0.231117
vt 0.445800 0.229521
vt 0.448053 0.229521
vt 0.457550 0.229521
vt 0.452328 0.229521
vt 0.447105 0.229521
vt 0.445800 0.229521
vt 0.460423 0.236702
vt 0.452328 0.236702
vt 0.456602 0.229521
vt 0.458856 0.229521
vt 0.708856 0.229521
vt 0.444233 0.236702
vt 0.444233 0.236702
vt 0.460423 0.236702
vt 0.820016 0.236702
vt 0.822105 0.236702
vt 0.822106 0.236702
vt 0.820017 0.236702
vt 0.832550 0.236702
vt 0.834639 0.236702
vt 0.459639 0.236702
vt 0.445017 0.236702
vt 0.447106 0.236702
vt 0.445016 0.236702
vt 0.702328 0.229521
vt 0.707550 0.229521
vt 0.697105 0.229521
vt 0.444233 0.231117
vt 0.444233 0.235904
vt 0.444233 0.235904
vt 0.444233 0.231117
vt 0.707126 0.229521
vt 0.452328 0.235904
vt 0.456767 0.235904
vt 0.456767 0.231117
vt 0.452328 0.231117
vt 0.447889 0.235904
vt 0.447889 0.231117
vt 0.697529 0.229521
vt 0.458856 0.229521
vt 0.702328 0.230319
vt 0.707550 0.230319
vt 0.697105 0.230319
vt 0.710423 0.230319
vt 0.460423 0.235904
vt 0.460423 0.231117
vt 0.460423 0.235904
vt 0.831767 0.235904
vt 0.827328 0.235904
vt 0.827328 0.236702
vt 0.822889 0.235904
vt 0.819233 0.235904
vt 0.819233 0.235904
vt 0.819233 0.236702
vt 0.835423 0.235904
vt 0.835423 0.235904
vt 0.835423 0.236702
vt 0.827328 0.231117
vt 0.831767 0.231117
vt 0.832550 0.230319
vt 0.827328 0.230319
vt 0.822889 0.231117
vt 0.822105 0.230319
vt 0.819233 0.231117
vt 0.819233 0.231117
vt 0.819233 0.230319
vt 0.835423 0.231117
vt 0.835423 0.230319
vt 0.835059 0.235904
vt 0.832914 0.235904
vt 0.821742 0.235904
vt 0.819597 0.235904
vt 0.832914 0.231117
vt 0.835059 0.231117
vt 0.819597 0.231117
vt 0.821742 0.231117
vt 0.709722 0.229521
vt 0.822889 0.236702
vt 0.447889 0.236702
vt 0.445016 0.236702
vt 0.831767 0.236702
s 0
usemtl Placeable
f 4371/1146/901 4372/1146/901 4373/1147/901
f 4374/1148/902 4375/1149/902 4376/1150/902
f 4377/1151/903 4378/1152/903 4379/1153/903
f 4380/1154/904 4381/1155/904 4382/1156/904
f 4383/1146/905 4384/1147/905 4385/1146/905
f 4386/1148/906 4387/1150/906 4388/1149/906
f 4389/1151/907 4390/1153/907 4391/1152/907
f 4392/1154/908 4393/1156/908 4394/1155/908
f 4395/1157/909 4396/1158/909 4397/1159/909
f 4395/1157/909 4397/1159/909 4398/1159/909
f 4399/1160/910 4400/1161/910 4401/1162/910
f 4399/1160/910 4401/1162/910 4402/1163/910
f 4403/1164/911 4404/1165/911 4405/1166/911
f 4403/1164/911 4405/1166/911 4406/1167/911
f 4407/1168/912 4408/1157/912 4409/1159/912
f 4407/1168/912 4409/1159/912 4410/1169/912
f 4411/1170/913 4412/1171/913 4413/1172/913
f 4411/1170/913 4413/1172/913 4414/1173/913
f 4415/1174/914 4416/1175/914 4417/1175/914
f 4415/1174/914 4417/1175/914 4418/1174/914
f 4419/1176/915 4420/1177/915 4421/1177/915
f 4419/1176/915 4421/1177/915 4422/1176/915
f 4423/1178/915 4424/1179/915 4425/1179/915
f 4423/1178/915 4425/1179/915 4426/1178/915
f 4427/1180/913 4428/1146/913 4429/1146/913
f 4427/1180/913 4429/1146/913 4430/1180/913
f 4431/1148/916 4432/1181/916 4433/1181/916
f 4431/1148/916 4433/1181/916 4434/1148/916
f 4435/1182/917 4436/1183/917 4437/1183/917
f 4435/1182/917 4437/1183/917 4438/1182/917
f 4439/1184/918 4440/1160/918 4441/1163/918
f 4439/1184/918 4441/1163/918 4442/1151/918
f 4443/1148/911 4444/1185/911 4445/1185/911
f 4443/1148/911 4445/1185/911 4446/1148/911
f 4447/1185/919 4448/1185/919 4449/1186/919
f 4447/1185/919 4449/1186/919 4450/1185/919
f 4451/1180/920 4452/1180/920 4453/1180/920
f 4451/1180/920 4453/1180/920 4454/1187/920
f 4455/1188/921 4456/1189/921 4457/1190/921
f 4455/1188/921 4457/1190/921 4458/1191/921
f 4459/1192/921 4460/1193/921 4461/1193/921
f 4459/1192/921 4461/1193/921 4462/1192/921
f 4463/1181/916 4464/1146/916 4465/1146/916
f 4463/1181/916 4465/1146/916 4466/1181/916
f 4467/1180/922 4468/1146/922 4469/1146/922
f 4467/1180/922 4469/1146/922 4470/1194/922
f 4471/1148/923 4472/1185/923 4473/1195/923
f 4471/1148/923 4473/1195/923 4474/1196/923
f 4475/1197/924 4476/1195/924 4477/1185/924
f 4475/1197/924 4477/1185/924 4478/1186/924
f 4479/1187/925 4480/1180/925 4481/1194/925
f 4479/1187/925 4481/1194/925 4482/1194/925
f 4483/1198/926 4484/1199/926 4485/1199/926
f 4483/1198/926 4485/1199/926 4486/1198/926
f 4487/1200/926 4488/1198/926 4489/1198/926
f 4487/1200/926 4489/1198/926 4490/1200/926
f 4491/1201/919 4492/1202/919 4493/1203/919
f 4491/1201/919 4493/1203/919 4494/1204/919
f 4495/1161/927 4496/1198/927 4497/1198/927
f 4495/1161/927 4497/1198/927 4498/1205/927
f 4499/1206/915 4500/1207/915 4501/1208/915
f 4499/1206/915 4501/1208/915 4502/1209/915
f 4503/1210/915 4499/1206/915 4502/1209/915
f 4503/1210/915 4502/1209/915 4504/1211/915
f 4505/1198/927 4506/1168/927 4507/1212/927
f 4505/1198/927 4507/1212/927 4508/1198/927
f 4509/1176/928 4510/1177/928 4511/1177/928
f 4509/1176/928 4511/1177/928 4512/1182/928
f 4513/1178/928 4514/1179/928 4515/1174/928
f 4513/1178/928 4515/1174/928 4516/1175/928
f 4510/1177/928 4513/1178/928 4516/1175/928
f 4510/1177/928 4516/1175/928 4511/1177/928
f 4517/1213/928 4509/1176/928 4512/1182/928
f 4517/1213/928 4512/1182/928 4518/1183/928
f 4519/1177/929 4520/1182/929 4521/1182/929
f 4519/1177/929 4521/1182/929 4522/1177/929
f 4420/1177/915 4423/1178/915 4426/1178/915
f 4420/1177/915 4426/1178/915 4421/1177/915
f 4523/1179/920 4524/1174/920 4525/1174/920
f 4523/1179/920 4525/1174/920 4526/1179/920
f 4527/1175/929 4519/1177/929 4522/1177/929
f 4527/1175/929 4522/1177/929 4528/1175/929
f 4529/1213/915 4419/1176/915 4422/1176/915
f 4529/1213/915 4422/1176/915 4530/1213/915
f 4531/1183/919 4532/1213/919 4533/1213/919
f 4531/1183/919 4533/1213/919 4534/1183/919
f 4535/1205/930 4536/1198/930 4537/1214/930
f 4535/1205/931 4537/1214/931 4538/1215/931
f 4539/1198/930 4540/1212/930 4541/1216/930
f 4539/1198/931 4541/1216/931 4542/1214/931
f 4543/1163/932 4544/1162/932 4545/1215/932
f 4543/1163/932 4545/1215/932 4546/1217/932
f 4547/1169/933 4548/1159/933 4549/1154/933
f 4547/1169/933 4549/1154/933 4550/1216/933
f 4551/1159/934 4552/1159/934 4553/1154/934
f 4551/1159/935 4553/1154/935 4554/1154/935
f 4555/1217/936 4556/1217/936 4557/1151/936
f 4555/1217/936 4557/1151/936 4558/1163/936
f 4559/1218/920 4560/1219/920 4561/1219/920
f 4559/1218/920 4561/1219/920 4562/1220/920
f 4563/1221/915 4564/1222/915 4565/1223/915
f 4563/1221/915 4565/1223/915 4566/1192/915
f 4564/1222/915 4567/1224/915 4568/1189/915
f 4564/1222/915 4568/1189/915 4565/1223/915
f 4569/1225/919 4570/1226/919 4571/1227/919
f 4569/1225/919 4571/1227/919 4572/1227/919
f 4573/1228/920 4574/1229/920 4575/1230/920
f 4573/1228/920 4575/1230/920 4576/1230/920
f 4577/1231/915 4578/1232/915 4579/1233/915
f 4577/1231/915 4579/1233/915 4580/1234/915
f 4581/1235/915 4577/1231/915 4580/1234/915
f 4581/1235/915 4580/1234/915 4582/1236/915
f 4583/1237/919 4584/1238/919 4585/1239/919
f 4583/1237/919 4585/1239/919 4586/1239/919
f 4587/1240/920 4588/1240/920 4589/1241/920
f 4587/1240/920 4589/1241/920 4590/1241/920
f 4591/1240/920 4592/1228/920 4593/1230/920
f 4591/1240/920 4593/1230/920 4594/1241/920
f 4595/1229/920 4596/1240/920 4597/1241/920
f 4595/1229/920 4597/1241/920 4598/1230/920
f 4599/1226/919 4600/1237/919 4601/1239/919
f 4599/1226/919 4601/1239/919 4602/1227/919
f 4603/1238/919 4604/1225/919 4605/1227/919
f 4603/1238/919 4605/1227/919 4606/1239/919
f 4578/1232/915 4563/1221/915 4566/1192/915
f 4578/1232/915 4566/1192/915 4579/1233/915
f 4567/1224/915 4581/1235/915 4582/1236/915
f 4567/1224/915 4582/1236/915 4568/1189/915
f 4607/1242/913 4608/1243/913 4609/1192/913
f 4607/1242/913 4609/1192/913 4610/1230/913
f 4611/1244/911 4612/1245/911 4613/1227/911
f 4611/1244/911 4613/1227/911 4614/1189/911
f 4615/1246/913 4616/1247/913 4617/1241/913
f 4615/1246/913 4617/1241/913 4618/1233/913
f 4619/1248/911 4620/1249/911 4621/1236/911
f 4619/1248/911 4621/1236/911 4622/1239/911
f 4623/1247/913 4624/1242/913 4625/1230/913
f 4623/1247/913 4625/1230/913 4626/1241/913
f 4627/1245/911 4628/1248/911 4629/1239/911
f 4627/1245/911 4629/1239/911 4630/1227/911
f 4631/1243/913 4632/1246/913 4633/1233/913
f 4631/1243/913 4633/1233/913 4634/1192/913
f 4635/1249/911 4636/1244/911 4637/1189/911
f 4635/1249/911 4637/1189/911 4638/1236/911
f 4639/1157/909 4640/1159/909 4641/1159/909
f 4639/1157/909 4641/1159/909 4642/1158/909
f 4643/1160/937 4644/1163/937 4645/1162/937
f 4643/1160/937 4645/1162/937 4646/1161/937
f 4647/1164/917 4648/1167/917 4649/1166/917
f 4647/1164/917 4649/1166/917 4650/1165/917
f 4651/1168/938 4652/1169/938 4653/1159/938
f 4651/1168/938 4653/1159/938 4654/1157/938
f 4655/1170/914 4656/1173/914 4657/1172/914
f 4655/1170/914 4657/1172/914 4658/1171/914
f 4659/1174/913 4660/1174/913 4661/1175/913
f 4659/1174/913 4661/1175/913 4662/1175/913
f 4663/1176/929 4664/1176/929 4665/1177/929
f 4663/1176/929 4665/1177/929 4666/1177/929
f 4667/1178/929 4668/1178/929 4669/1179/929
f 4667/1178/929 4669/1179/929 4670/1179/929
f 4671/1180/914 4672/1180/914 4673/1146/914
f 4671/1180/914 4673/1146/914 4674/1146/914
f 4675/1148/939 4676/1148/939 4677/1181/939
f 4675/1148/939 4677/1181/939 4678/1181/939
f 4679/1182/911 4680/1182/911 4681/1183/911
f 4679/1182/911 4681/1183/911 4682/1183/911
f 4683/1184/918 4684/1151/918 4685/1163/918
f 4683/1184/918 4685/1163/918 4686/1160/918
f 4687/1148/917 4688/1148/917 4689/1185/917
f 4687/1148/917 4689/1185/917 4690/1185/917
f 4691/1185/919 4692/1185/919 4693/1186/919
f 4691/1185/919 4693/1186/919 4694/1185/919
f 4695/1180/920 4696/1187/920 4697/1180/920
f 4695/1180/920 4697/1180/920 4698/1180/920
f 4699/1188/921 4700/1191/921 4701/1190/921
f 4699/1188/921 4701/1190/921 4702/1189/921
f 4703/1192/921 4704/1192/921 4705/1193/921
f 4703/1192/921 4705/1193/921 4706/1193/921
f 4707/1181/939 4708/1181/939 4709/1146/939
f 4707/1181/939 4709/1146/939 4710/1146/939
f 4711/1180/940 4712/1194/940 4713/1146/940
f 4711/1180/940 4713/1146/940 4714/1146/940
f 4715/1148/941 4716/1196/941 4717/1195/941
f 4715/1148/941 4717/1195/941 4718/1185/941
f 4719/1197/924 4720/1186/924 4721/1185/924
f 4719/1197/924 4721/1185/924 4722/1195/924
f 4723/1187/925 4724/1194/925 4725/1194/925
f 4723/1187/925 4725/1194/925 4726/1180/925
f 4727/1198/927 4728/1198/927 4729/1199/927
f 4727/1198/927 4729/1199/927 4730/1199/927
f 4731/1200/927 4732/1200/927 4733/1198/927
f 4731/1200/927 4733/1198/927 4734/1198/927
f 4735/1201/919 4736/1204/919 4737/1203/919
f 4735/1201/919 4737/1203/919 4738/1202/919
f 4739/1161/926 4740/1205/926 4741/1198/926
f 4739/1161/926 4741/1198/926 4742/1198/926
f 4743/1206/929 4744/1209/929 4745/1208/929
f 4743/1206/929 4745/1208/929 4746/1207/929
f 4747/1210/929 4748/1211/929 4744/1209/929
f 4747/1210/929 4744/1209/929 4743/1206/929
f 4749/1198/926 4750/1198/926 4751/1212/926
f 4749/1198/926 4751/1212/926 4752/1168/926
f 4753/1176/928 4754/1182/928 4755/1177/928
f 4753/1176/928 4755/1177/928 4756/1177/928
f 4757/1178/928 4758/1175/928 4759/1174/928
f 4757/1178/928 4759/1174/928 4760/1179/928
f 4761/1177/928 4762/1177/928 4763/1175/928
f 4761/1177/928 4763/1175/928 4764/1178/928
f 4765/1213/928 4766/1183/928 4767/1182/928
f 4765/1213/928 4767/1182/928 4768/1176/928
f 4769/1177/915 4770/1177/915 4771/1182/915
f 4769/1177/915 4771/1182/915 4772/1182/915
f 4666/1177/929 4665/1177/929 4668/1178/929
f 4666/1177/929 4668/1178/929 4667/1178/929
f 4773/1179/920 4774/1179/920 4775/1174/920
f 4773/1179/920 4775/1174/920 4776/1174/920
f 4777/1175/915 4778/1175/915 4770/1177/915
f 4777/1175/915 4770/1177/915 4769/1177/915
f 4779/1213/929 4780/1213/929 4664/1176/929
f 4779/1213/929 4664/1176/929 4663/1176/929
f 4781/1183/919 4782/1183/919 4783/1213/919
f 4781/1183/919 4783/1213/919 4784/1213/919
f 4785/1205/942 4786/1215/942 4787/1214/942
f 4785/1205/943 4787/1214/943 4788/1198/943
f 4789/1198/942 4790/1214/942 4791/1216/942
f 4789/1198/942 4791/1216/942 4792/1212/942
f 4793/1163/944 4794/1217/944 4795/1215/944
f 4793/1163/944 4795/1215/944 4796/1162/944
f 4797/1169/945 4798/1216/945 4799/1154/945
f 4797/1169/945 4799/1154/945 4800/1159/945
f 4801/1159/935 4802/1154/935 4803/1154/935
f 4801/1159/934 4803/1154/934 4804/1159/934
f 4805/1217/936 4806/1163/936 4807/1151/936
f 4805/1217/936 4807/1151/936 4808/1217/936
f 4809/1218/920 4810/1220/920 4811/1219/920
f 4809/1218/920 4811/1219/920 4812/1219/920
f 4813/1221/929 4814/1192/929 4815/1223/929
f 4813/1221/929 4815/1223/929 4816/1222/929
f 4816/1222/929 4815/1223/929 4817/1189/929
f 4816/1222/929 4817/1189/929 4818/1224/929
f 4819/1225/919 4820/1227/919 4821/1227/919
f 4819/1225/919 4821/1227/919 4822/1226/919
f 4823/1228/920 4824/1230/920 4825/1230/920
f 4823/1228/920 4825/1230/920 4826/1229/920
f 4827/1231/929 4828/1234/929 4829/1233/929
f 4827/1231/929 4829/1233/929 4830/1232/929
f 4831/1235/929 4832/1236/929 4828/1234/929
f 4831/1235/929 4828/1234/929 4827/1231/929
f 4833/1237/919 4834/1239/919 4835/1239/919
f 4833/1237/919 4835/1239/919 4836/1238/919
f 4837/1240/920 4838/1241/920 4839/1241/920
f 4837/1240/920 4839/1241/920 4840/1240/920
f 4841/1240/920 4842/1241/920 4843/1230/920
f 4841/1240/920 4843/1230/920 4844/1228/920
f 4845/1229/920 4846/1230/920 4847/1241/920
f 4845/1229/920 4847/1241/920 4848/1240/920
f 4849/1226/919 4850/1227/919 4851/1239/919
f 4849/1226/919 4851/1239/919 4852/1237/919
f 4853/1238/919 4854/1239/919 4855/1227/919
f 4853/1238/919 4855/1227/919 4856/1225/919
f 4857/1232/929 4858/1233/929 4859/1192/929
f 4857/1232/929 4859/1192/929 4860/1221/929
f 4861/1224/929 4862/1189/929 4863/1236/929
f 4861/1224/929 4863/1236/929 4864/1235/929
f 4865/1242/914 4866/1230/914 4867/1192/914
f 4865/1242/914 4867/1192/914 4868/1243/914
f 4869/1244/917 4870/1189/917 4871/1227/917
f 4869/1244/917 4871/1227/917 4872/1245/917
f 4873/1246/914 4874/1233/914 4875/1241/914
f 4873/1246/914 4875/1241/914 4876/1247/914
f 4877/1248/917 4878/1239/917 4879/1236/917
f 4877/1248/917 4879/1236/917 4880/1249/917
f 4881/1247/914 4882/1241/914 4883/1230/914
f 4881/1247/914 4883/1230/914 4884/1242/914
f 4885/1245/917 4886/1227/917 4887/1239/917
f 4885/1245/917 4887/1239/917 4888/1248/917
f 4889/1243/914 4890/1192/914 4891/1233/914
f 4889/1243/914 4891/1233/914 4892/1246/914
f 4893/1249/917 4894/1236/917 4895/1189/917
f 4893/1249/917 4895/1189/917 4896/1244/917
f 4897/1199/926 4900/1153/926 4901/1199/926
f 4900/1153/926 4897/1199/926 4899/1250/926
f 4899/1250/926 4897/1199/926 4898/1184/926
f 4904/1223/921 4902/1189/921 4903/1223/921
f 4902/1189/921 4904/1223/921 4906/1189/921
f 4906/1189/921 4904/1223/921 4905/1251/921
f 4910/1252/915 4908/1148/915 4909/1148/915
f 4908/1148/915 4910/1252/915 4907/1181/915
f 4907/1181/915 4910/1252/915 4911/1181/915
f 4913/1147/915 4907/1181/915 4911/1181/915
f 4907/1181/915 4913/1147/915 4912/1146/915
f 4912/1146/915 4913/1147/915 4914/1146/915
f 4916/1148/916 4919/1186/916 4915/1185/916
f 4919/1186/916 4916/1148/916 4918/1253/916
f 4918/1253/916 4916/1148/916 4917/1148/916
f 4462/1192/921 4920/1223/921 4459/1192/921
f 4920/1223/921 4462/1192/921 4922/1223/921
f 4922/1223/921 4462/1192/921 4921/1254/921
f 4924/1180/916 4927/1146/916 4923/1146/916
f 4927/1146/916 4924/1180/916 4926/1194/916
f 4926/1194/916 4924/1180/916 4925/1187/916
f 4932/1159/926 4930/1200/926 4931/1156/926
f 4930/1200/926 4932/1159/926 4929/1200/926
f 4929/1200/926 4932/1159/926 4928/1158/926
f 4934/1199/927 4937/1184/927 4933/1199/927
f 4937/1184/927 4934/1199/927 4936/1250/927
f 4936/1250/927 4934/1199/927 4935/1153/927
f 4942/1223/921 4940/1251/921 4941/1223/921
f 4940/1251/921 4942/1223/921 4939/1189/921
f 4939/1189/921 4942/1223/921 4938/1189/921
f 4943/1181/929 4946/1148/929 4947/1148/929
f 4946/1148/929 4943/1181/929 4945/1252/929
f 4945/1252/929 4943/1181/929 4944/1181/929
f 4948/1146/929 4944/1181/929 4943/1181/929
f 4944/1181/929 4948/1146/929 4950/1147/929
f 4950/1147/929 4948/1146/929 4949/1146/929
f 4953/1253/939 4951/1185/939 4952/1186/939
f 4951/1185/939 4953/1253/939 4955/1148/939
f 4955/1148/939 4953/1253/939 4954/1148/939
f 4704/1192/921 4957/1223/921 4958/1254/921
f 4957/1223/921 4704/1192/921 4956/1223/921
f 4956/1223/921 4704/1192/921 4703/1192/921
f 4961/1194/939 4959/1146/939 4960/1146/939
f 4959/1146/939 4961/1194/939 4963/1180/939
f 4963/1180/939 4961/1194/939 4962/1187/939
f 4965/1159/927 4968/1200/927 4964/1158/927
f 4968/1200/927 4965/1159/927 4967/1200/927
f 4967/1200/927 4965/1159/927 4966/1156/927
o Smeltery_Lava_Placeable_0
v 5.000000 7.999999 -1.666669
v 5.000000 8.000000 -0.000002
v 8.213953 8.000000 -0.000002
v 8.213953 7.999999 -1.364132
v 5.000000 8.000000 1.666664
v 5.000000 8.000000 2.083331
v 6.840929 8.000000 2.083331
v 8.213953 8.000000 1.364128
v 5.000000 7.999999 -2.083335
v 6.840929 7.999999 -2.083335
v 4.400000 8.418018 1.116664
v 4.400000 8.418018 0.549997
v 4.400000 8.999999 0.549997
v 4.400000 8.999999 1.116664
v 4.400000 8.418018 -0.550002
v 4.400000 8.418018 -1.116669
v 4.400000 8.999999 -1.116669
v 4.400000 8.999999 -0.550003
v 4.400000 11.449999 -1.116670
v 4.400000 11.449999 -0.550003
v 4.400000 11.449999 0.549996
v 4.400000 11.449999 1.116663
v 4.400000 8.418018 0.549997
v 4.400000 8.418018 1.116664
v 4.900000 8.280816 1.116664
v 4.900000 8.280816 0.549997
v 4.400000 8.418018 -1.116669
v 4.400000 8.418018 -0.550002
v 4.900000 8.280816 -0.550002
v 4.900000 8.280816 -1.116669
v 8.250000 4.318467 3.166665
v 8.250000 4.318467 2.333332
v 7.362018 4.607514 2.333332
v 7.362018 4.607515 3.166665
v 8.250000 4.318466 -2.333334
v 8.250000 4.318465 -3.166667
v 7.362018 4.607513 -3.166668
v 7.362018 4.607513 -2.333334
v 8.250000 3.000001 3.166665
v 8.250000 3.000000 2.333332
v 8.250000 4.000000 2.333332
v 8.250000 4.000001 3.166665
v 8.250000 2.999999 -2.333334
v 8.250000 2.999999 -3.166667
v 8.250000 3.999999 -3.166667
v 8.250000 3.999999 -2.333334
v 8.250000 4.318467 2.333332
v 8.250000 4.318467 3.166665
v 8.250000 4.318465 -3.166667
v 8.250000 4.318466 -2.333334
v -5.000000 7.999999 -1.666669
v -8.213953 7.999999 -1.364132
v -8.213953 8.000000 -0.000002
v -5.000000 8.000000 -0.000002
v -5.000000 8.000000 1.666664
v -8.213953 8.000000 1.364128
v -6.840929 8.000000 2.083331
v -5.000000 8.000000 2.083331
v -5.000000 7.999999 -2.083335
v -6.840929 7.999999 -2.083335
v -4.400000 8.418018 1.116664
v -4.400000 8.999999 1.116664
v -4.400000 8.999999 0.549997
v -4.400000 8.418018 0.549997
v -4.400000 8.418018 -0.550002
v -4.400000 8.999999 -0.550003
v -4.400000 8.999999 -1.116669
v -4.400000 8.418018 -1.116669
v -4.400000 11.449999 -0.550003
v -4.400000 11.449999 -1.116670
v -4.400000 11.449999 1.116663
v -4.400000 11.449999 0.549996
v -4.400000 8.418018 0.549997
v -4.900000 8.280816 0.549997
v -4.900000 8.280816 1.116664
v -4.400000 8.418018 1.116664
v -4.400000 8.418018 -1.116669
v -4.900000 8.280816 -1.116669
v -4.900000 8.280816 -0.550002
v -4.400000 8.418018 -0.550002
v -8.250000 4.318467 3.166665
v -7.362018 4.607515 3.166665
v -7.362018 4.607514 2.333332
v -8.250000 4.318467 2.333332
v -8.250000 4.318466 -2.333334
v -7.362018 4.607513 -2.333334
v -7.362018 4.607513 -3.166668
v -8.250000 4.318465 -3.166667
v -8.250000 3.000001 3.166665
v -8.250000 4.000001 3.166665
v -8.250000 4.000000 2.333332
v -8.250000 3.000000 2.333332
v -8.250000 2.999999 -2.333334
v -8.250000 3.999999 -2.333334
v -8.250000 3.999999 -3.166667
v -8.250000 2.999999 -3.166667
v -8.250000 4.318467 3.166665
v -8.250000 4.318467 2.333332
v -8.250000 4.318466 -2.333334
v -8.250000 4.318465 -3.166667
vn -0.0000 1.0000 -0.0000
vn 1.0000 -0.0000 -0.0000
vn 0.2646 0.9644 -0.0000
vn 0.3095 0.9509 -0.0000
vn -1.0000 -0.0000 -0.0000
vn -0.2646 0.9644 -0.0000
vn -0.3095 0.9509 -0.0000
vt 0.832550 0.979521
vt 0.827328 0.979521
vt 0.831602 0.979521
vt 0.822105 0.979521
vt 0.820800 0.979521
vt 0.820800 0.979521
vt 0.823053 0.979521
vt 0.833856 0.979521
vt 0.833856 0.979521
vt 0.823829 0.977925
vt 0.825604 0.977925
vt 0.825604 0.976330
vt 0.823829 0.976330
vt 0.829051 0.977925
vt 0.830827 0.977925
vt 0.830827 0.976330
vt 0.829051 0.976330
vt 0.830827 0.968511
vt 0.829051 0.968511
vt 0.825604 0.968511
vt 0.823829 0.968511
vt 0.825605 0.977925
vt 0.829051 0.977925
vt 0.830827 0.977925
vt 0.819017 0.942553
vt 0.819017 0.939893
vt 0.815651 0.939893
vt 0.815651 0.942553
vt 0.819017 0.925000
vt 0.819017 0.922340
vt 0.815651 0.922340
vt 0.815651 0.925000
vt 0.814519 0.893084
vt 0.817145 0.893084
vt 0.817145 0.889906
vt 0.814519 0.889906
vt 0.801426 0.893715
vt 0.804052 0.893715
vt 0.804052 0.890537
vt 0.801426 0.890537
vt 0.817145 0.888317
vt 0.814519 0.888317
vt 0.804052 0.888949
vt 0.801426 0.888948
s 0
usemtl Placeable
f 4969/1255/946 4970/1256/946 4971/1256/946
f 4969/1255/946 4971/1256/946 4972/1257/946
f 4973/1258/946 4974/1259/946 4975/1260/946
f 4973/1258/946 4975/1260/946 4976/1261/946
f 4970/1256/946 4973/1258/946 4976/1261/946
f 4970/1256/946 4976/1261/946 4971/1256/946
f 4977/1262/946 4969/1255/946 4972/1257/946
f 4977/1262/946 4972/1257/946 4978/1263/946
f 4979/1264/947 4980/1265/947 4981/1266/947
f 4979/1264/947 4981/1266/947 4982/1267/947
f 4983/1268/947 4984/1269/947 4985/1270/947
f 4983/1268/947 4985/1270/947 4986/1271/947
f 4986/1271/947 4985/1270/947 4987/1272/947
f 4986/1271/947 4987/1272/947 4988/1273/947
f 4982/1267/947 4981/1266/947 4989/1274/947
f 4982/1267/947 4989/1274/947 4990/1275/947
f 4991/1265/948 4992/1264/948 4993/1264/948
f 4991/1265/948 4993/1264/948 4994/1276/948
f 4995/1269/948 4996/1268/948 4997/1277/948
f 4995/1269/948 4997/1277/948 4998/1278/948
f 4999/1279/949 5000/1280/949 5001/1281/949
f 4999/1279/949 5001/1281/949 5002/1282/949
f 5003/1283/949 5004/1284/949 5005/1285/949
f 5003/1283/949 5005/1285/949 5006/1286/949
f 5007/1287/947 5008/1288/947 5009/1289/947
f 5007/1287/947 5009/1289/947 5010/1290/947
f 5011/1291/947 5012/1292/947 5013/1293/947
f 5011/1291/947 5013/1293/947 5014/1294/947
f 5010/1290/947 5009/1289/947 5015/1295/947
f 5010/1290/947 5015/1295/947 5016/1296/947
f 5014/1294/947 5013/1293/947 5017/1297/947
f 5014/1294/947 5017/1297/947 5018/1298/947
f 5019/1255/946 5020/1257/946 5021/1256/946
f 5019/1255/946 5021/1256/946 5022/1256/946
f 5023/1258/946 5024/1261/946 5025/1260/946
f 5023/1258/946 5025/1260/946 5026/1259/946
f 5022/1256/946 5021/1256/946 5024/1261/946
f 5022/1256/946 5024/1261/946 5023/1258/946
f 5027/1262/946 5028/1263/946 5020/1257/946
f 5027/1262/946 5020/1257/946 5019/1255/946
f 5029/1264/950 5030/1267/950 5031/1266/950
f 5029/1264/950 5031/1266/950 5032/1265/950
f 5033/1268/950 5034/1271/950 5035/1270/950
f 5033/1268/950 5035/1270/950 5036/1269/950
f 5034/1271/950 5037/1273/950 5038/1272/950
f 5034/1271/950 5038/1272/950 5035/1270/950
f 5030/1267/950 5039/1275/950 5040/1274/950
f 5030/1267/950 5040/1274/950 5031/1266/950
f 5041/1265/951 5042/1276/951 5043/1264/951
f 5041/1265/951 5043/1264/951 5044/1264/951
f 5045/1269/951 5046/1278/951 5047/1277/951
f 5045/1269/951 5047/1277/951 5048/1268/951
f 5049/1279/952 5050/1282/952 5051/1281/952
f 5049/1279/952 5051/1281/952 5052/1280/952
f 5053/1283/952 5054/1286/952 5055/1285/952
f 5053/1283/952 5055/1285/952 5056/1284/952
f 5057/1287/950 5058/1290/950 5059/1289/950
f 5057/1287/950 5059/1289/950 5060/1288/950
f 5061/1291/950 5062/1294/950 5063/1293/950
f 5061/1291/950 5063/1293/950 5064/1292/950
f 5058/1290/950 5065/1296/950 5066/1295/950
f 5058/1290/950 5066/1295/950 5059/1289/950
f 5062/1294/950 5067/1298/950 5068/1297/950
f 5062/1294/950 5068/1297/950 5063/1293/950
o Smeltery_Chimney_Placeable_0
v 7.262315 9.664097 -6.659179
v 6.631382 9.664097 -5.758112
v 7.262315 10.285712 -6.659179
v 7.368618 9.664097 -5.241893
v 7.999552 10.285712 -6.142961
v 7.368618 11.333330 -5.241894
v 7.999552 10.285712 -6.142961
v 7.368618 9.664097 -5.241893
v 7.999552 9.664097 -6.142961
v 7.262315 10.285712 -6.659179
v 6.631382 9.664097 -5.758112
v 6.631382 11.333330 -5.758112
v -7.262314 9.664097 -6.659180
v -7.262314 10.285712 -6.659180
v -6.631380 9.664097 -5.758112
v -7.368618 9.664097 -5.241894
v -7.368618 11.333330 -5.241894
v -7.999550 10.285712 -6.142961
v -7.999550 10.285712 -6.142961
v -7.999550 9.664097 -6.142961
v -7.368618 9.664097 -5.241894
v -7.262314 10.285712 -6.659180
v -6.631380 11.333330 -5.758112
v -6.631380 9.664097 -5.758112
v 7.368618 4.999998 -5.241892
v 7.999552 4.999998 -6.142959
v 6.549381 9.664097 -5.205142
v 6.877042 9.664097 -4.975711
v 6.877042 12.499997 -4.975712
v 6.549381 12.499997 -5.205142
v 6.549381 4.999998 -5.205140
v 6.877042 4.999998 -4.975710
v 7.262315 4.999998 -6.659178
v 6.631382 4.999998 -5.758110
v 8.081553 4.999998 -6.695929
v 7.753891 4.999998 -6.925360
v 7.753891 9.664097 -6.925361
v 8.081553 9.664097 -6.695930
v 8.220825 10.542854 -6.720489
v 8.220825 9.815751 -6.720489
v 8.369710 9.926994 -6.933118
v 8.369710 10.654843 -6.933118
v 7.016315 12.542854 -5.000270
v 8.220825 10.542854 -6.720489
v 8.369710 10.654843 -6.933118
v 7.016315 12.959498 -5.000270
v 6.836160 13.127084 -5.091671
v 6.937608 12.954329 -5.236554
v 6.773778 12.954329 -5.351269
v 6.672329 13.127084 -5.206386
v 8.345152 9.861055 -7.072391
v 8.017491 9.861055 -7.301821
v 8.017491 10.696956 -7.301821
v 8.345152 10.696956 -7.072391
v 8.081553 9.664097 -6.695930
v 7.753891 9.664097 -6.925361
v 8.017491 9.861055 -7.301821
v 8.345152 9.861055 -7.072391
v 6.877042 13.196957 -4.975712
v 6.549381 13.196957 -5.205142
v 7.729333 10.542854 -7.064634
v 6.524824 12.542854 -5.344415
v 6.524824 12.959498 -5.344416
v 7.878219 10.654843 -7.277264
v 7.729334 9.815751 -7.064634
v 7.729333 10.542854 -7.064634
v 7.878219 10.654843 -7.277264
v 7.878219 9.926994 -7.277264
v 8.142946 9.664097 -6.347749
v 8.142946 4.999998 -6.347747
v 8.081553 4.999998 -6.695929
v 8.081553 9.664097 -6.695930
v 7.225224 4.999998 -5.037104
v 7.225224 9.664097 -5.037105
v 6.877042 9.664097 -4.975711
v 6.877042 4.999998 -4.975710
v 6.487988 9.664097 -5.553324
v 6.487988 4.999998 -5.553322
v 6.549381 4.999998 -5.205140
v 6.549381 9.664097 -5.205142
v 7.405709 4.999998 -6.863966
v 7.405709 9.664097 -6.863967
v 7.753891 9.664097 -6.925361
v 7.753891 4.999998 -6.925360
v 7.225224 11.916663 -5.037106
v 8.142946 10.392855 -6.347749
v 8.081553 10.499997 -6.695931
v 6.877042 12.499997 -4.975712
v 7.405709 10.392855 -6.863967
v 6.487988 11.916663 -5.553324
v 6.549381 12.499997 -5.205142
v 7.753891 10.499997 -6.925361
v 7.225224 9.664097 -5.037105
v 7.225224 11.916663 -5.037106
v 6.877042 12.499997 -4.975712
v 6.877042 9.664097 -4.975711
v 6.487988 11.916663 -5.553324
v 6.487988 9.664097 -5.553324
v 6.549381 9.664097 -5.205142
v 6.549381 12.499997 -5.205142
v 7.405709 9.664097 -6.863967
v 7.405709 10.392855 -6.863967
v 7.753891 10.499997 -6.925361
v 7.753891 9.664097 -6.925361
v 8.142946 10.392855 -6.347749
v 8.142946 9.664097 -6.347749
v 8.081553 9.664097 -6.695930
v 8.081553 10.499997 -6.695931
v 8.220825 10.542854 -6.720489
v 7.016315 12.542854 -5.000270
v 6.877042 12.499997 -4.975712
v 8.081553 10.499997 -6.695931
v 6.524824 12.542854 -5.344415
v 7.729333 10.542854 -7.064634
v 7.753891 10.499997 -6.925361
v 6.549381 12.499997 -5.205142
v 7.729333 10.542854 -7.064634
v 7.729334 9.815751 -7.064634
v 7.753891 9.664097 -6.925361
v 7.753891 10.499997 -6.925361
v 8.220825 9.815751 -6.720489
v 8.220825 10.542854 -6.720489
v 8.081553 10.499997 -6.695931
v 8.081553 9.664097 -6.695930
v 7.878219 9.926994 -7.277264
v 7.878219 10.654843 -7.277264
v 8.017491 10.696956 -7.301821
v 8.017491 9.861055 -7.301821
v 8.369710 10.654843 -6.933118
v 8.369710 9.926994 -6.933118
v 8.345152 9.861055 -7.072391
v 8.345152 10.696956 -7.072391
v 7.016315 12.542854 -5.000270
v 7.016315 12.959498 -5.000270
v 6.877042 13.196957 -4.975712
v 6.877042 12.499997 -4.975712
v 8.369710 9.926994 -6.933118
v 8.220825 9.815751 -6.720489
v 8.081553 9.664097 -6.695930
v 8.345152 9.861055 -7.072391
v 7.729334 9.815751 -7.064634
v 7.878219 9.926994 -7.277264
v 8.017491 9.861055 -7.301821
v 7.753891 9.664097 -6.925361
v 6.524824 12.959498 -5.344416
v 6.524824 12.542854 -5.344415
v 6.549381 12.499997 -5.205142
v 6.549381 13.196957 -5.205142
v 7.039357 12.502084 -5.730556
v 7.203187 12.502084 -5.615840
v 7.304636 12.329329 -5.760724
v 7.140805 12.329329 -5.875439
v 7.406384 11.877084 -6.254725
v 7.570215 11.877084 -6.140010
v 7.671663 11.704329 -6.284893
v 7.507833 11.704329 -6.399609
v 7.773412 11.252084 -6.778895
v 7.937242 11.252084 -6.664180
v 8.038691 11.079329 -6.809063
v 7.874860 11.079329 -6.923778
v 7.222870 12.189584 -5.992640
v 7.386701 12.189584 -5.877925
v 7.488150 12.016829 -6.022809
v 7.324319 12.016829 -6.137524
v 7.589898 11.564584 -6.516810
v 7.753728 11.564584 -6.402095
v 7.855177 11.391829 -6.546978
v 7.691346 11.391829 -6.661694
v 7.956925 10.939584 -7.040979
v 8.120756 10.939584 -6.926265
v 8.222204 10.766829 -7.071148
v 8.058373 10.766829 -7.185863
v 6.855843 12.814584 -5.468471
v 7.019673 12.814584 -5.353755
v 7.121122 12.641829 -5.498639
v 6.957292 12.641829 -5.613354
v 6.877042 13.196957 -4.975712
v 7.060556 12.884457 -5.237797
v 6.937608 12.954329 -5.236554
v 6.836160 13.127084 -5.091671
v 6.980819 12.866156 -5.229147
v 6.752038 12.866156 -5.389340
v 6.772480 12.901092 -5.331361
v 6.919345 12.901092 -5.228526
v 6.732895 12.884457 -5.467227
v 6.549381 13.196957 -5.205142
v 6.672329 13.127084 -5.206386
v 6.773778 12.954329 -5.351269
v 6.589041 13.143719 -5.156556
v 6.817822 13.143719 -4.996363
v 6.797380 13.108783 -5.054341
v 6.650515 13.108783 -5.157177
v 6.956069 12.518719 -5.680726
v 7.184849 12.518719 -5.520532
v 7.164408 12.483783 -5.578511
v 7.017542 12.483783 -5.681347
v 7.244070 12.571957 -5.499882
v 7.427584 12.259457 -5.761967
v 7.304636 12.329329 -5.760724
v 7.203187 12.502084 -5.615840
v 7.347846 12.241156 -5.753316
v 7.119066 12.241156 -5.913510
v 7.139507 12.276092 -5.855531
v 7.286373 12.276092 -5.752695
v 7.099923 12.259457 -5.991397
v 6.916409 12.571957 -5.729312
v 7.039357 12.502084 -5.730556
v 7.140805 12.329329 -5.875439
v 7.323096 11.893719 -6.204895
v 7.551876 11.893719 -6.044702
v 7.531435 11.858783 -6.102681
v 7.384570 11.858783 -6.205517
v 7.611097 11.946957 -6.024052
v 7.794611 11.634457 -6.286136
v 7.671663 11.704329 -6.284893
v 7.570215 11.877084 -6.140010
v 7.714874 11.616156 -6.277486
v 7.486094 11.616156 -6.437680
v 7.506535 11.651092 -6.379701
v 7.653400 11.651092 -6.276865
v 7.466950 11.634457 -6.515567
v 7.283436 11.946957 -6.253482
v 7.406384 11.877084 -6.254725
v 7.507833 11.704329 -6.399609
v 7.690124 11.268719 -6.729065
v 7.918904 11.268719 -6.568871
v 7.898463 11.233783 -6.626851
v 7.751597 11.233783 -6.729687
v 7.978125 11.321957 -6.548221
v 8.161638 11.009457 -6.810306
v 8.038691 11.079329 -6.809063
v 7.937242 11.252084 -6.664180
v 8.081902 10.991156 -6.801656
v 7.853121 10.991156 -6.961850
v 7.873562 11.026092 -6.903871
v 8.020428 11.026092 -6.801034
v 7.833978 11.009457 -7.039737
v 7.650464 11.321957 -6.777652
v 7.139582 12.206219 -5.942811
v 7.368362 12.206219 -5.782617
v 7.347921 12.171283 -5.840596
v 7.201056 12.171283 -5.943432
v 7.427584 12.259457 -5.761967
v 7.611097 11.946957 -6.024052
v 7.488150 12.016829 -6.022809
v 7.386701 12.189584 -5.877925
v 7.531360 11.928656 -6.015401
v 7.302580 11.928656 -6.175595
v 7.323021 11.963592 -6.117616
v 7.469886 11.963592 -6.014780
v 7.283436 11.946957 -6.253482
v 7.099923 12.259457 -5.991397
v 7.222870 12.189584 -5.992640
v 7.324319 12.016829 -6.137524
v 7.506610 11.581219 -6.466980
v 7.735390 11.581219 -6.306787
v 7.714949 11.546283 -6.364766
v 7.568084 11.546283 -6.467602
v 7.794611 11.634457 -6.286136
v 7.978125 11.321957 -6.548221
v 7.855177 11.391829 -6.546978
v 7.753728 11.564584 -6.402095
v 7.898387 11.303656 -6.539571
v 7.669607 11.303656 -6.699765
v 7.690048 11.338592 -6.641786
v 7.836914 11.338592 -6.538949
v 7.650464 11.321957 -6.777652
v 7.466950 11.634457 -6.515567
v 7.589898 11.564584 -6.516810
v 7.691346 11.391829 -6.661694
v 7.873637 10.956219 -6.991150
v 8.102417 10.956219 -6.830956
v 8.081976 10.921283 -6.888936
v 7.935111 10.921283 -6.991772
v 8.161638 11.009457 -6.810306
v 8.345152 10.696956 -7.072391
v 8.222204 10.766829 -7.071148
v 8.120756 10.939584 -6.926265
v 8.265415 10.678655 -7.063741
v 8.036634 10.678655 -7.223934
v 8.057076 10.713591 -7.165955
v 8.203941 10.713591 -7.063119
v 8.017491 10.696956 -7.301821
v 7.833978 11.009457 -7.039737
v 7.956925 10.939584 -7.040979
v 8.058373 10.766829 -7.185863
v 6.772555 12.831219 -5.418641
v 7.001335 12.831219 -5.258448
v 6.980894 12.796283 -5.316426
v 6.834029 12.796283 -5.419262
v 7.060556 12.884457 -5.237797
v 7.244070 12.571957 -5.499882
v 7.121122 12.641829 -5.498639
v 7.019673 12.814584 -5.353755
v 7.164332 12.553656 -5.491232
v 6.935552 12.553656 -5.651425
v 6.955994 12.588592 -5.593446
v 7.102859 12.588592 -5.490610
v 6.916409 12.571957 -5.729312
v 6.732895 12.884457 -5.467227
v 6.855843 12.814584 -5.468471
v 6.957292 12.641829 -5.613354
v 7.060556 12.884457 -5.237797
v 6.732895 12.884457 -5.467227
v 6.752038 12.866156 -5.389340
v 6.980819 12.866156 -5.229147
v 6.732895 12.884457 -5.467227
v 6.773778 12.954329 -5.351269
v 6.772480 12.901092 -5.331361
v 6.752038 12.866156 -5.389340
v 6.773778 12.954329 -5.351269
v 6.937608 12.954329 -5.236554
v 6.919345 12.901092 -5.228526
v 6.772480 12.901092 -5.331361
v 6.937608 12.954329 -5.236554
v 7.060556 12.884457 -5.237797
v 6.980819 12.866156 -5.229147
v 6.919345 12.901092 -5.228526
v 6.549381 13.196957 -5.205142
v 6.877042 13.196957 -4.975712
v 6.817822 13.143719 -4.996363
v 6.589041 13.143719 -5.156556
v 6.877042 13.196957 -4.975712
v 6.836160 13.127084 -5.091671
v 6.797380 13.108783 -5.054341
v 6.817822 13.143719 -4.996363
v 6.836160 13.127084 -5.091671
v 6.672329 13.127084 -5.206386
v 6.650515 13.108783 -5.157177
v 6.797380 13.108783 -5.054341
v 6.672329 13.127084 -5.206386
v 6.549381 13.196957 -5.205142
v 6.589041 13.143719 -5.156556
v 6.650515 13.108783 -5.157177
v 6.916409 12.571957 -5.729312
v 7.244070 12.571957 -5.499882
v 7.184849 12.518719 -5.520532
v 6.956069 12.518719 -5.680726
v 7.244070 12.571957 -5.499882
v 7.203187 12.502084 -5.615840
v 7.164408 12.483783 -5.578511
v 7.184849 12.518719 -5.520532
v 7.203187 12.502084 -5.615840
v 7.039357 12.502084 -5.730556
v 7.017542 12.483783 -5.681347
v 7.164408 12.483783 -5.578511
v 7.039357 12.502084 -5.730556
v 6.916409 12.571957 -5.729312
v 6.956069 12.518719 -5.680726
v 7.017542 12.483783 -5.681347
v 7.427584 12.259457 -5.761967
v 7.099923 12.259457 -5.991397
v 7.119066 12.241156 -5.913510
v 7.347846 12.241156 -5.753316
v 7.099923 12.259457 -5.991397
v 7.140805 12.329329 -5.875439
v 7.139507 12.276092 -5.855531
v 7.119066 12.241156 -5.913510
v 7.140805 12.329329 -5.875439
v 7.304636 12.329329 -5.760724
v 7.286373 12.276092 -5.752695
v 7.139507 12.276092 -5.855531
v 7.304636 12.329329 -5.760724
v 7.427584 12.259457 -5.761967
v 7.347846 12.241156 -5.753316
v 7.286373 12.276092 -5.752695
v 7.283436 11.946957 -6.253482
v 7.611097 11.946957 -6.024052
v 7.551876 11.893719 -6.044702
v 7.323096 11.893719 -6.204895
v 7.611097 11.946957 -6.024052
v 7.570215 11.877084 -6.140010
v 7.531435 11.858783 -6.102681
v 7.551876 11.893719 -6.044702
v 7.570215 11.877084 -6.140010
v 7.406384 11.877084 -6.254725
v 7.384570 11.858783 -6.205517
v 7.531435 11.858783 -6.102681
v 7.406384 11.877084 -6.254725
v 7.283436 11.946957 -6.253482
v 7.323096 11.893719 -6.204895
v 7.384570 11.858783 -6.205517
v 7.794611 11.634457 -6.286136
v 7.466950 11.634457 -6.515567
v 7.486094 11.616156 -6.437680
v 7.714874 11.616156 -6.277486
v 7.466950 11.634457 -6.515567
v 7.507833 11.704329 -6.399609
v 7.506535 11.651092 -6.379701
v 7.486094 11.616156 -6.437680
v 7.507833 11.704329 -6.399609
v 7.671663 11.704329 -6.284893
v 7.653400 11.651092 -6.276865
v 7.506535 11.651092 -6.379701
v 7.671663 11.704329 -6.284893
v 7.794611 11.634457 -6.286136
v 7.714874 11.616156 -6.277486
v 7.653400 11.651092 -6.276865
v 7.650464 11.321957 -6.777652
v 7.978125 11.321957 -6.548221
v 7.918904 11.268719 -6.568871
v 7.690124 11.268719 -6.729065
v 7.978125 11.321957 -6.548221
v 7.937242 11.252084 -6.664180
v 7.898463 11.233783 -6.626851
v 7.918904 11.268719 -6.568871
v 7.937242 11.252084 -6.664180
v 7.773412 11.252084 -6.778895
v 7.751597 11.233783 -6.729687
v 7.898463 11.233783 -6.626851
v 7.773412 11.252084 -6.778895
v 7.650464 11.321957 -6.777652
v 7.690124 11.268719 -6.729065
v 7.751597 11.233783 -6.729687
v 8.161638 11.009457 -6.810306
v 7.833978 11.009457 -7.039737
v 7.853121 10.991156 -6.961850
v 8.081902 10.991156 -6.801656
v 7.833978 11.009457 -7.039737
v 7.874860 11.079329 -6.923778
v 7.873562 11.026092 -6.903871
v 7.853121 10.991156 -6.961850
v 7.874860 11.079329 -6.923778
v 8.038691 11.079329 -6.809063
v 8.020428 11.026092 -6.801034
v 7.873562 11.026092 -6.903871
v 8.038691 11.079329 -6.809063
v 8.161638 11.009457 -6.810306
v 8.081902 10.991156 -6.801656
v 8.020428 11.026092 -6.801034
v 7.099923 12.259457 -5.991397
v 7.427584 12.259457 -5.761967
v 7.368362 12.206219 -5.782617
v 7.139582 12.206219 -5.942811
v 7.427584 12.259457 -5.761967
v 7.386701 12.189584 -5.877925
v 7.347921 12.171283 -5.840596
v 7.368362 12.206219 -5.782617
v 7.386701 12.189584 -5.877925
v 7.222870 12.189584 -5.992640
v 7.201056 12.171283 -5.943432
v 7.347921 12.171283 -5.840596
v 7.222870 12.189584 -5.992640
v 7.099923 12.259457 -5.991397
v 7.139582 12.206219 -5.942811
v 7.201056 12.171283 -5.943432
v 7.611097 11.946957 -6.024052
v 7.283436 11.946957 -6.253482
v 7.302580 11.928656 -6.175595
v 7.531360 11.928656 -6.015401
v 7.283436 11.946957 -6.253482
v 7.324319 12.016829 -6.137524
v 7.323021 11.963592 -6.117616
v 7.302580 11.928656 -6.175595
v 7.324319 12.016829 -6.137524
v 7.488150 12.016829 -6.022809
v 7.469886 11.963592 -6.014780
v 7.323021 11.963592 -6.117616
v 7.488150 12.016829 -6.022809
v 7.611097 11.946957 -6.024052
v 7.531360 11.928656 -6.015401
v 7.469886 11.963592 -6.014780
v 7.466950 11.634457 -6.515567
v 7.794611 11.634457 -6.286136
v 7.735390 11.581219 -6.306787
v 7.506610 11.581219 -6.466980
v 7.794611 11.634457 -6.286136
v 7.753728 11.564584 -6.402095
v 7.714949 11.546283 -6.364766
v 7.735390 11.581219 -6.306787
v 7.753728 11.564584 -6.402095
v 7.589898 11.564584 -6.516810
v 7.568084 11.546283 -6.467602
v 7.714949 11.546283 -6.364766
v 7.589898 11.564584 -6.516810
v 7.466950 11.634457 -6.515567
v 7.506610 11.581219 -6.466980
v 7.568084 11.546283 -6.467602
v 7.978125 11.321957 -6.548221
v 7.650464 11.321957 -6.777652
v 7.669607 11.303656 -6.699765
v 7.898387 11.303656 -6.539571
v 7.650464 11.321957 -6.777652
v 7.691346 11.391829 -6.661694
v 7.690048 11.338592 -6.641786
v 7.669607 11.303656 -6.699765
v 7.691346 11.391829 -6.661694
v 7.855177 11.391829 -6.546978
v 7.836914 11.338592 -6.538949
v 7.690048 11.338592 -6.641786
v 7.855177 11.391829 -6.546978
v 7.978125 11.321957 -6.548221
v 7.898387 11.303656 -6.539571
v 7.836914 11.338592 -6.538949
v 7.833978 11.009457 -7.039737
v 8.161638 11.009457 -6.810306
v 8.102417 10.956219 -6.830956
v 7.873637 10.956219 -6.991150
v 8.161638 11.009457 -6.810306
v 8.120756 10.939584 -6.926265
v 8.081976 10.921283 -6.888936
v 8.102417 10.956219 -6.830956
v 8.120756 10.939584 -6.926265
v 7.956925 10.939584 -7.040979
v 7.935111 10.921283 -6.991772
v 8.081976 10.921283 -6.888936
v 7.956925 10.939584 -7.040979
v 7.833978 11.009457 -7.039737
v 7.873637 10.956219 -6.991150
v 7.935111 10.921283 -6.991772
v 8.345152 10.696956 -7.072391
v 8.017491 10.696956 -7.301821
v 8.036634 10.678655 -7.223934
v 8.265415 10.678655 -7.063741
v 8.017491 10.696956 -7.301821
v 8.058373 10.766829 -7.185863
v 8.057076 10.713591 -7.165955
v 8.036634 10.678655 -7.223934
v 8.058373 10.766829 -7.185863
v 8.222204 10.766829 -7.071148
v 8.203941 10.713591 -7.063119
v 8.057076 10.713591 -7.165955
v 8.222204 10.766829 -7.071148
v 8.345152 10.696956 -7.072391
v 8.265415 10.678655 -7.063741
v 8.203941 10.713591 -7.063119
v 6.732895 12.884457 -5.467227
v 7.060556 12.884457 -5.237797
v 7.001335 12.831219 -5.258448
v 6.772555 12.831219 -5.418641
v 7.060556 12.884457 -5.237797
v 7.019673 12.814584 -5.353755
v 6.980894 12.796283 -5.316426
v 7.001335 12.831219 -5.258448
v 7.019673 12.814584 -5.353755
v 6.855843 12.814584 -5.468471
v 6.834029 12.796283 -5.419262
v 6.980894 12.796283 -5.316426
v 6.855843 12.814584 -5.468471
v 6.732895 12.884457 -5.467227
v 6.772555 12.831219 -5.418641
v 6.834029 12.796283 -5.419262
v 7.244070 12.571957 -5.499882
v 6.916409 12.571957 -5.729312
v 6.935552 12.553656 -5.651425
v 7.164332 12.553656 -5.491232
v 6.916409 12.571957 -5.729312
v 6.957292 12.641829 -5.613354
v 6.955994 12.588592 -5.593446
v 6.935552 12.553656 -5.651425
v 6.957292 12.641829 -5.613354
v 7.121122 12.641829 -5.498639
v 7.102859 12.588592 -5.490610
v 6.955994 12.588592 -5.593446
v 7.121122 12.641829 -5.498639
v 7.244070 12.571957 -5.499882
v 7.164332 12.553656 -5.491232
v 7.102859 12.588592 -5.490610
v 7.999552 9.664097 -6.142961
v 7.999552 4.999998 -6.142959
v 8.142946 4.999998 -6.347747
v 8.142946 9.664097 -6.347749
v 7.368618 4.999998 -5.241892
v 7.368618 9.664097 -5.241893
v 7.225224 9.664097 -5.037105
v 7.225224 4.999998 -5.037104
v 6.631382 9.664097 -5.758112
v 6.631382 4.999998 -5.758110
v 6.487988 4.999998 -5.553322
v 6.487988 9.664097 -5.553324
v 7.262315 4.999998 -6.659178
v 7.262315 9.664097 -6.659179
v 7.405709 9.664097 -6.863967
v 7.405709 4.999998 -6.863966
v 7.368618 11.333330 -5.241894
v 7.999552 10.285712 -6.142961
v 8.142946 10.392855 -6.347749
v 7.225224 11.916663 -5.037106
v 7.262315 10.285712 -6.659179
v 6.631382 11.333330 -5.758112
v 6.487988 11.916663 -5.553324
v 7.405709 10.392855 -6.863967
v 7.368618 9.664097 -5.241893
v 7.368618 11.333330 -5.241894
v 7.225224 11.916663 -5.037106
v 7.225224 9.664097 -5.037105
v 6.631382 11.333330 -5.758112
v 6.631382 9.664097 -5.758112
v 6.487988 9.664097 -5.553324
v 6.487988 11.916663 -5.553324
v 7.262315 9.664097 -6.659179
v 7.262315 10.285712 -6.659179
v 7.405709 10.392855 -6.863967
v 7.405709 9.664097 -6.863967
v 7.999552 10.285712 -6.142961
v 7.999552 9.664097 -6.142961
v 8.142946 9.664097 -6.347749
v 8.142946 10.392855 -6.347749
v 0.000000 17.399998 -0.500006
v 0.000000 18.399998 -0.500006
v 0.353555 18.399998 -0.353559
v 0.353555 17.399998 -0.353559
v 0.353555 17.399998 -0.353559
v 0.353555 18.399998 -0.353559
v 0.500000 18.399998 -0.000006
v 0.500000 17.399998 -0.000005
v 0.500000 17.399998 -0.000005
v 0.500000 18.399998 -0.000006
v 0.353554 18.399998 0.353548
v 0.353554 17.399998 0.353548
v 0.353554 17.399998 0.353548
v 0.353554 18.399998 0.353548
v 0.000000 18.399998 0.499994
v 0.000000 17.399998 0.499994
v 0.000000 17.399998 0.499994
v 0.000000 18.399998 0.499994
v -0.353553 18.399998 0.353548
v -0.353553 17.399998 0.353548
v -0.353553 17.399998 0.353548
v -0.353553 18.399998 0.353548
v -0.499999 18.399998 -0.000006
v -0.499999 17.399998 -0.000005
v -0.499999 17.399998 -0.000005
v -0.499999 18.399998 -0.000006
v -0.353553 18.399998 -0.353559
v -0.353553 17.399998 -0.353559
v -0.353553 17.399998 -0.353559
v -0.353553 18.399998 -0.353559
v 0.000000 18.399998 -0.500006
v 0.000000 17.399998 -0.500006
v 0.000000 18.549997 -0.337647
v 0.238749 18.549997 -0.238754
v 0.353555 18.399998 -0.353559
v 0.000000 18.399998 -0.500006
v 0.238749 18.549997 -0.238754
v 0.337642 18.549997 -0.000006
v 0.500000 18.399998 -0.000006
v 0.353555 18.399998 -0.353559
v 0.337642 18.549997 -0.000006
v 0.238749 18.549997 0.238742
v 0.353554 18.399998 0.353548
v 0.500000 18.399998 -0.000006
v 0.238749 18.549997 0.238742
v 0.000001 18.549997 0.337635
v 0.000000 18.399998 0.499994
v 0.353554 18.399998 0.353548
v 0.000001 18.549997 0.337635
v -0.238748 18.549997 0.238742
v -0.353553 18.399998 0.353548
v 0.000000 18.399998 0.499994
v -0.238748 18.549997 0.238742
v -0.337640 18.549997 -0.000006
v -0.499999 18.399998 -0.000006
v -0.353553 18.399998 0.353548
v -0.337640 18.549997 -0.000006
v -0.238748 18.549997 -0.238754
v -0.353553 18.399998 -0.353559
v -0.499999 18.399998 -0.000006
v -0.238748 18.549997 -0.238754
v 0.000000 18.549997 -0.337647
v 0.000000 18.399998 -0.500006
v -0.353553 18.399998 -0.353559
v 0.000000 20.549997 -0.337648
v 0.238745 20.549997 -0.238755
v 0.238749 18.549997 -0.238754
v 0.000000 18.549997 -0.337647
v 0.238745 20.549997 -0.238755
v 0.337638 20.549997 -0.000007
v 0.337642 18.549997 -0.000006
v 0.238749 18.549997 -0.238754
v 0.337638 20.549997 -0.000007
v 0.238744 20.549997 0.238742
v 0.238749 18.549997 0.238742
v 0.337642 18.549997 -0.000006
v 0.238744 20.549997 0.238742
v 0.000000 20.549997 0.337634
v 0.000001 18.549997 0.337635
v 0.238749 18.549997 0.238742
v 0.000000 20.549997 0.337634
v -0.238752 20.549997 0.238741
v -0.238748 18.549997 0.238742
v 0.000001 18.549997 0.337635
v -0.238752 20.549997 0.238741
v -0.337645 20.549997 -0.000006
v -0.337640 18.549997 -0.000006
v -0.238748 18.549997 0.238742
v -0.337645 20.549997 -0.000006
v -0.238752 20.549997 -0.238755
v -0.238748 18.549997 -0.238754
v -0.337640 18.549997 -0.000006
v -0.238752 20.549997 -0.238755
v 0.000000 20.549997 -0.337648
v 0.000000 18.549997 -0.337647
v -0.238748 18.549997 -0.238754
v 0.000000 20.899998 -0.445887
v 0.315282 20.899998 -0.315291
v 0.315282 20.699997 -0.315291
v 0.000000 20.699997 -0.445887
v 0.315282 20.899998 -0.315291
v 0.445877 20.899998 -0.000006
v 0.445877 20.699997 -0.000006
v 0.315282 20.699997 -0.315291
v 0.445877 20.899998 -0.000006
v 0.315282 20.899998 0.315279
v 0.315281 20.699997 0.315279
v 0.445877 20.699997 -0.000006
v 0.315282 20.899998 0.315279
v 0.000000 20.899998 0.445874
v 0.000000 20.699997 0.445874
v 0.315281 20.699997 0.315279
v 0.000000 20.899998 0.445874
v -0.315289 20.899998 0.315279
v -0.315289 20.699997 0.315279
v 0.000000 20.699997 0.445874
v -0.315289 20.899998 0.315279
v -0.445883 20.899998 -0.000006
v -0.445884 20.699997 -0.000006
v -0.315289 20.699997 0.315279
v -0.445883 20.899998 -0.000006
v -0.315288 20.899998 -0.315291
v -0.315289 20.699997 -0.315291
v -0.445884 20.699997 -0.000006
v -0.315288 20.899998 -0.315291
v 0.000000 20.899998 -0.445887
v 0.000000 20.699997 -0.445887
v -0.315289 20.699997 -0.315291
v 0.000000 21.199997 -0.175289
v 0.123941 21.199997 -0.123950
v 0.238746 21.049997 -0.238755
v 0.000000 21.049997 -0.337648
v 0.123941 21.199997 -0.123950
v 0.175280 21.199997 -0.000007
v 0.337639 21.049997 -0.000006
v 0.238746 21.049997 -0.238755
v 0.175280 21.199997 -0.000007
v 0.123941 21.199997 0.123937
v 0.238746 21.049997 0.238742
v 0.337639 21.049997 -0.000006
v 0.123941 21.199997 0.123937
v 0.000000 21.199997 0.175275
v 0.000000 21.049997 0.337635
v 0.238746 21.049997 0.238742
v 0.000000 21.199997 0.175275
v -0.123946 21.199997 0.123936
v -0.238751 21.049997 0.238742
v 0.000000 21.049997 0.337635
v -0.123946 21.199997 0.123936
v -0.175284 21.199997 -0.000007
v -0.337644 21.049997 -0.000006
v -0.238751 21.049997 0.238742
v -0.175284 21.199997 -0.000007
v -0.123946 21.199997 -0.123950
v -0.238751 21.049997 -0.238755
v -0.337644 21.049997 -0.000006
v -0.123946 21.199997 -0.123950
v 0.000000 21.199997 -0.175289
v 0.000000 21.049997 -0.337648
v -0.238751 21.049997 -0.238755
v 0.000000 21.199997 -0.121170
v 0.085672 21.199997 -0.085681
v 0.123941 21.199997 -0.123950
v 0.000000 21.199997 -0.175289
v 0.085672 21.199997 -0.085681
v 0.121161 21.199997 -0.000006
v 0.175280 21.199997 -0.000007
v 0.123941 21.199997 -0.123950
v 0.121161 21.199997 -0.000006
v 0.085672 21.199997 0.085669
v 0.123941 21.199997 0.123937
v 0.175280 21.199997 -0.000007
v 0.000000 21.199997 0.121156
v 0.000000 21.199997 0.175275
v -0.085677 21.199997 0.085669
v -0.123946 21.199997 0.123936
v -0.085677 21.199997 0.085669
v -0.121165 21.199997 -0.000006
v -0.175284 21.199997 -0.000007
v -0.123946 21.199997 0.123936
v -0.121165 21.199997 -0.000006
v -0.085677 21.199997 -0.085681
v -0.123946 21.199997 -0.123950
v -0.175284 21.199997 -0.000007
v -0.085677 21.199997 -0.085681
v 0.000000 21.199997 -0.121170
v 0.000000 21.199997 -0.175289
v -0.123946 21.199997 -0.123950
v 0.000000 20.699997 -0.121170
v 0.085674 20.699997 -0.085681
v 0.085672 21.199997 -0.085681
v 0.000000 21.199997 -0.121170
v 0.085674 20.699997 -0.085681
v 0.121162 20.699997 -0.000006
v 0.121161 21.199997 -0.000006
v 0.085672 21.199997 -0.085681
v 0.121162 20.699997 -0.000006
v 0.085674 20.699997 0.085669
v 0.085672 21.199997 0.085669
v 0.121161 21.199997 -0.000006
v 0.085674 20.699997 0.085669
v 0.000000 20.699997 0.121156
v 0.000000 21.199997 0.121156
v 0.085672 21.199997 0.085669
v 0.000000 20.699997 0.121156
v -0.085676 20.699997 0.085668
v -0.085677 21.199997 0.085669
v 0.000000 21.199997 0.121156
v -0.085676 20.699997 0.085668
v -0.121164 20.699997 -0.000006
v -0.121165 21.199997 -0.000006
v -0.085677 21.199997 0.085669
v -0.121164 20.699997 -0.000006
v -0.085676 20.699997 -0.085681
v -0.085677 21.199997 -0.085681
v -0.121165 21.199997 -0.000006
v -0.085676 20.699997 -0.085681
v 0.000000 20.699997 -0.121170
v 0.000000 21.199997 -0.121170
v -0.085677 21.199997 -0.085681
v 0.000000 20.699997 -0.445887
v 0.315282 20.699997 -0.315291
v 0.238745 20.549997 -0.238755
v 0.000000 20.549997 -0.337648
v 0.315282 20.699997 -0.315291
v 0.445877 20.699997 -0.000006
v 0.337638 20.549997 -0.000007
v 0.238745 20.549997 -0.238755
v 0.445877 20.699997 -0.000006
v 0.315281 20.699997 0.315279
v 0.238744 20.549997 0.238742
v 0.337638 20.549997 -0.000007
v 0.315281 20.699997 0.315279
v 0.000000 20.699997 0.445874
v 0.000000 20.549997 0.337634
v 0.238744 20.549997 0.238742
v 0.000000 20.699997 0.445874
v -0.315289 20.699997 0.315279
v -0.238752 20.549997 0.238741
v 0.000000 20.549997 0.337634
v -0.315289 20.699997 0.315279
v -0.445884 20.699997 -0.000006
v -0.337645 20.549997 -0.000006
v -0.238752 20.549997 0.238741
v -0.445884 20.699997 -0.000006
v -0.315289 20.699997 -0.315291
v -0.238752 20.549997 -0.238755
v -0.337645 20.549997 -0.000006
v -0.315289 20.699997 -0.315291
v 0.000000 20.699997 -0.445887
v 0.000000 20.549997 -0.337648
v -0.238752 20.549997 -0.238755
v 0.315282 20.899998 -0.315291
v 0.000000 20.899998 -0.445887
v 0.000000 21.049997 -0.337648
v 0.238746 21.049997 -0.238755
v 0.445877 20.899998 -0.000006
v 0.315282 20.899998 -0.315291
v 0.238746 21.049997 -0.238755
v 0.337639 21.049997 -0.000006
v 0.315282 20.899998 0.315279
v 0.445877 20.899998 -0.000006
v 0.337639 21.049997 -0.000006
v 0.238746 21.049997 0.238742
v 0.000000 20.899998 0.445874
v 0.315282 20.899998 0.315279
v 0.238746 21.049997 0.238742
v 0.000000 21.049997 0.337635
v -0.315289 20.899998 0.315279
v 0.000000 20.899998 0.445874
v 0.000000 21.049997 0.337635
v -0.238751 21.049997 0.238742
v -0.445883 20.899998 -0.000006
v -0.315289 20.899998 0.315279
v -0.238751 21.049997 0.238742
v -0.337644 21.049997 -0.000006
v -0.315288 20.899998 -0.315291
v -0.445883 20.899998 -0.000006
v -0.337644 21.049997 -0.000006
v -0.238751 21.049997 -0.238755
v 0.000000 20.899998 -0.445887
v -0.315288 20.899998 -0.315291
v -0.238751 21.049997 -0.238755
v 0.000000 21.049997 -0.337648
v 0.000000 17.399998 -2.500006
v 0.000000 18.399998 -2.500006
v 0.353554 18.399998 -2.353559
v 0.353554 17.399998 -2.353559
v 0.353554 17.399998 -2.353559
v 0.353554 18.399998 -2.353559
v 0.500001 18.399998 -2.000005
v 0.500001 17.399998 -2.000005
v 0.500001 17.399998 -2.000005
v 0.500001 18.399998 -2.000005
v 0.353554 18.399998 -1.646452
v 0.353554 17.399998 -1.646452
v 0.353554 17.399998 -1.646452
v 0.353554 18.399998 -1.646452
v 0.000000 18.399998 -1.500006
v 0.000000 17.399998 -1.500005
v 0.000000 17.399998 -1.500005
v 0.000000 18.399998 -1.500006
v -0.353553 18.399998 -1.646452
v -0.353553 17.399998 -1.646452
v -0.353553 17.399998 -1.646452
v -0.353553 18.399998 -1.646452
v -0.499999 18.399998 -2.000006
v -0.499999 17.399998 -2.000005
v -0.499999 17.399998 -2.000005
v -0.499999 18.399998 -2.000006
v -0.353553 18.399998 -2.353559
v -0.353553 17.399998 -2.353559
v -0.353553 17.399998 -2.353559
v -0.353553 18.399998 -2.353559
v 0.000000 18.399998 -2.500006
v 0.000000 17.399998 -2.500006
v 0.000000 18.549997 -2.337648
v 0.238750 18.549997 -2.238754
v 0.353554 18.399998 -2.353559
v 0.000000 18.399998 -2.500006
v 0.238750 18.549997 -2.238754
v 0.337642 18.549997 -2.000006
v 0.500001 18.399998 -2.000005
v 0.353554 18.399998 -2.353559
v 0.337642 18.549997 -2.000006
v 0.238749 18.549997 -1.761258
v 0.353554 18.399998 -1.646452
v 0.500001 18.399998 -2.000005
v 0.238749 18.549997 -1.761258
v 0.000000 18.549997 -1.662364
v 0.000000 18.399998 -1.500006
v 0.353554 18.399998 -1.646452
v 0.000000 18.549997 -1.662364
v -0.238748 18.549997 -1.761257
v -0.353553 18.399998 -1.646452
v 0.000000 18.399998 -1.500006
v -0.238748 18.549997 -1.761257
v -0.337640 18.549997 -2.000006
v -0.499999 18.399998 -2.000006
v -0.353553 18.399998 -1.646452
v -0.337640 18.549997 -2.000006
v -0.238748 18.549997 -2.238754
v -0.353553 18.399998 -2.353559
v -0.499999 18.399998 -2.000006
v -0.238748 18.549997 -2.238754
v 0.000000 18.549997 -2.337648
v 0.000000 18.399998 -2.500006
v -0.353553 18.399998 -2.353559
v 0.000000 21.549997 -2.337648
v 0.238745 21.549997 -2.238755
v 0.238750 18.549997 -2.238754
v 0.000000 18.549997 -2.337648
v 0.238745 21.549997 -2.238755
v 0.337638 21.549997 -2.000007
v 0.337642 18.549997 -2.000006
v 0.238750 18.549997 -2.238754
v 0.337638 21.549997 -2.000007
v 0.238745 21.549997 -1.761258
v 0.238749 18.549997 -1.761258
v 0.337642 18.549997 -2.000006
v 0.238745 21.549997 -1.761258
v 0.000000 21.549997 -1.662366
v 0.000000 18.549997 -1.662364
v 0.238749 18.549997 -1.761258
v 0.000000 21.549997 -1.662366
v -0.238752 21.549997 -1.761259
v -0.238748 18.549997 -1.761257
v 0.000000 18.549997 -1.662364
v -0.238752 21.549997 -1.761259
v -0.337645 21.549997 -2.000007
v -0.337640 18.549997 -2.000006
v -0.238748 18.549997 -1.761257
v -0.337645 21.549997 -2.000007
v -0.238752 21.549997 -2.238755
v -0.238748 18.549997 -2.238754
v -0.337640 18.549997 -2.000006
v -0.238752 21.549997 -2.238755
v 0.000000 21.549997 -2.337648
v 0.000000 18.549997 -2.337648
v -0.238748 18.549997 -2.238754
v 0.000000 21.899998 -2.445888
v 0.315282 21.899998 -2.315291
v 0.315282 21.699997 -2.315292
v 0.000000 21.699997 -2.445888
v 0.315282 21.899998 -2.315291
v 0.445878 21.899998 -2.000006
v 0.445877 21.699997 -2.000007
v 0.315282 21.699997 -2.315292
v 0.445878 21.899998 -2.000006
v 0.315282 21.899998 -1.684721
v 0.315282 21.699997 -1.684721
v 0.445877 21.699997 -2.000007
v 0.315282 21.899998 -1.684721
v 0.000000 21.899998 -1.554127
v 0.000000 21.699997 -1.554127
v 0.315282 21.699997 -1.684721
v 0.000000 21.899998 -1.554127
v -0.315288 21.899998 -1.684721
v -0.315289 21.699997 -1.684722
v 0.000000 21.699997 -1.554127
v -0.315288 21.899998 -1.684721
v -0.445884 21.899998 -2.000006
v -0.445884 21.699997 -2.000007
v -0.315289 21.699997 -1.684722
v -0.445884 21.899998 -2.000006
v -0.315288 21.899998 -2.315291
v -0.315289 21.699997 -2.315292
v -0.445884 21.699997 -2.000007
v -0.315288 21.899998 -2.315291
v 0.000000 21.899998 -2.445888
v 0.000000 21.699997 -2.445888
v -0.315289 21.699997 -2.315292
v 0.000000 22.199997 -2.175290
v 0.123941 22.199997 -2.123950
v 0.238747 22.049997 -2.238755
v 0.000000 22.049997 -2.337649
v 0.123941 22.199997 -2.123950
v 0.175281 22.199997 -2.000007
v 0.337639 22.049997 -2.000006
v 0.238747 22.049997 -2.238755
v 0.175281 22.199997 -2.000007
v 0.123941 22.199997 -1.876063
v 0.238746 22.049997 -1.761259
v 0.337639 22.049997 -2.000006
v 0.123941 22.199997 -1.876063
v 0.000000 22.199997 -1.824725
v 0.000000 22.049997 -1.662365
v 0.238746 22.049997 -1.761259
v 0.000000 22.199997 -1.824725
v -0.123945 22.199997 -1.876064
v -0.238750 22.049997 -1.761258
v 0.000000 22.049997 -1.662365
v -0.123945 22.199997 -1.876064
v -0.175284 22.199997 -2.000007
v -0.337643 22.049997 -2.000006
v -0.238750 22.049997 -1.761258
v -0.175284 22.199997 -2.000007
v -0.123946 22.199997 -2.123950
v -0.238751 22.049997 -2.238755
v -0.337643 22.049997 -2.000006
v -0.123946 22.199997 -2.123950
v 0.000000 22.199997 -2.175290
v 0.000000 22.049997 -2.337649
v -0.238751 22.049997 -2.238755
v 0.000000 22.199997 -2.121170
v 0.085672 22.199997 -2.085681
v 0.123941 22.199997 -2.123950
v 0.000000 22.199997 -2.175290
v 0.121161 22.199997 -2.000006
v 0.175281 22.199997 -2.000007
v 0.085672 22.199997 -1.914332
v 0.123941 22.199997 -1.876063
v 0.000000 22.199997 -1.878844
v 0.000000 22.199997 -1.824725
v 0.000000 22.199997 -1.878844
v -0.085677 22.199997 -1.914332
v -0.123945 22.199997 -1.876064
v 0.000000 22.199997 -1.824725
v -0.085677 22.199997 -1.914332
v -0.121165 22.199997 -2.000006
v -0.175284 22.199997 -2.000007
v -0.123945 22.199997 -1.876064
v -0.085677 22.199997 -2.085681
v -0.123946 22.199997 -2.123950
v -0.085677 22.199997 -2.085681
v 0.000000 22.199997 -2.121170
v 0.000000 22.199997 -2.175290
v -0.123946 22.199997 -2.123950
v 0.000000 21.699997 -2.121170
v 0.085674 21.699997 -2.085682
v 0.085672 22.199997 -2.085681
v 0.000000 22.199997 -2.121170
v 0.085674 21.699997 -2.085682
v 0.121161 21.699997 -2.000007
v 0.121161 22.199997 -2.000006
v 0.085672 22.199997 -2.085681
v 0.121161 21.699997 -2.000007
v 0.085674 21.699997 -1.914331
v 0.085672 22.199997 -1.914332
v 0.121161 22.199997 -2.000006
v 0.085674 21.699997 -1.914331
v 0.000000 21.699997 -1.878844
v 0.000000 22.199997 -1.878844
v 0.085672 22.199997 -1.914332
v 0.000000 21.699997 -1.878844
v -0.085676 21.699997 -1.914332
v -0.085677 22.199997 -1.914332
v 0.000000 22.199997 -1.878844
v -0.085676 21.699997 -1.914332
v -0.121163 21.699997 -2.000006
v -0.121165 22.199997 -2.000006
v -0.085677 22.199997 -1.914332
v -0.121163 21.699997 -2.000006
v -0.085676 21.699997 -2.085682
v -0.085677 22.199997 -2.085681
v -0.121165 22.199997 -2.000006
v -0.085676 21.699997 -2.085682
v 0.000000 21.699997 -2.121170
v 0.000000 22.199997 -2.121170
v -0.085677 22.199997 -2.085681
v 0.000000 21.699997 -2.445888
v 0.315282 21.699997 -2.315292
v 0.238745 21.549997 -2.238755
v 0.000000 21.549997 -2.337648
v 0.315282 21.699997 -2.315292
v 0.445877 21.699997 -2.000007
v 0.337638 21.549997 -2.000007
v 0.238745 21.549997 -2.238755
v 0.445877 21.699997 -2.000007
v 0.315282 21.699997 -1.684721
v 0.238745 21.549997 -1.761258
v 0.337638 21.549997 -2.000007
v 0.315282 21.699997 -1.684721
v 0.000000 21.699997 -1.554127
v 0.000000 21.549997 -1.662366
v 0.238745 21.549997 -1.761258
v 0.000000 21.699997 -1.554127
v -0.315289 21.699997 -1.684722
v -0.238752 21.549997 -1.761259
v 0.000000 21.549997 -1.662366
v -0.315289 21.699997 -1.684722
v -0.445884 21.699997 -2.000007
v -0.337645 21.549997 -2.000007
v -0.238752 21.549997 -1.761259
v -0.445884 21.699997 -2.000007
v -0.315289 21.699997 -2.315292
v -0.238752 21.549997 -2.238755
v -0.337645 21.549997 -2.000007
v -0.315289 21.699997 -2.315292
v 0.000000 21.699997 -2.445888
v 0.000000 21.549997 -2.337648
v -0.238752 21.549997 -2.238755
v 0.315282 21.899998 -2.315291
v 0.000000 21.899998 -2.445888
v 0.000000 22.049997 -2.337649
v 0.238747 22.049997 -2.238755
v 0.445878 21.899998 -2.000006
v 0.315282 21.899998 -2.315291
v 0.238747 22.049997 -2.238755
v 0.337639 22.049997 -2.000006
v 0.315282 21.899998 -1.684721
v 0.445878 21.899998 -2.000006
v 0.337639 22.049997 -2.000006
v 0.238746 22.049997 -1.761259
v 0.000000 21.899998 -1.554127
v 0.315282 21.899998 -1.684721
v 0.238746 22.049997 -1.761259
v 0.000000 22.049997 -1.662365
v -0.315288 21.899998 -1.684721
v 0.000000 21.899998 -1.554127
v 0.000000 22.049997 -1.662365
v -0.238750 22.049997 -1.761258
v -0.445884 21.899998 -2.000006
v -0.315288 21.899998 -1.684721
v -0.238750 22.049997 -1.761258
v -0.337643 22.049997 -2.000006
v -0.315288 21.899998 -2.315291
v -0.445884 21.899998 -2.000006
v -0.337643 22.049997 -2.000006
v -0.238751 22.049997 -2.238755
v 0.000000 21.899998 -2.445888
v -0.315288 21.899998 -2.315291
v -0.238751 22.049997 -2.238755
v 0.000000 22.049997 -2.337649
v 0.000000 17.399998 1.499994
v 0.000000 18.399998 1.499993
v 0.353554 18.399998 1.646441
v 0.353554 17.399998 1.646441
v 0.353554 17.399998 1.646441
v 0.353554 18.399998 1.646441
v 0.500000 18.399998 1.999994
v 0.500000 17.399998 1.999994
v 0.500000 17.399998 1.999994
v 0.500000 18.399998 1.999994
v 0.353554 18.399998 2.353548
v 0.353554 17.399998 2.353548
v 0.353554 17.399998 2.353548
v 0.353554 18.399998 2.353548
v 0.000000 18.399998 2.499993
v 0.000000 17.399998 2.499993
v 0.000000 17.399998 2.499993
v 0.000000 18.399998 2.499993
v -0.353553 18.399998 2.353548
v -0.353553 17.399998 2.353548
v -0.353553 17.399998 2.353548
v -0.353553 18.399998 2.353548
v -0.500000 18.399998 1.999994
v -0.500000 17.399998 1.999994
v -0.500000 17.399998 1.999994
v -0.500000 18.399998 1.999994
v -0.353553 18.399998 1.646440
v -0.353553 17.399998 1.646440
v -0.353553 17.399998 1.646440
v -0.353553 18.399998 1.646440
v 0.000000 18.399998 1.499993
v 0.000000 17.399998 1.499994
v 0.000000 18.549997 1.662352
v 0.238750 18.549997 1.761246
v 0.353554 18.399998 1.646441
v 0.000000 18.399998 1.499993
v 0.238750 18.549997 1.761246
v 0.337641 18.549997 1.999994
v 0.500000 18.399998 1.999994
v 0.353554 18.399998 1.646441
v 0.337641 18.549997 1.999994
v 0.238749 18.549997 2.238742
v 0.353554 18.399998 2.353548
v 0.500000 18.399998 1.999994
v 0.238749 18.549997 2.238742
v 0.000000 18.549997 2.337635
v 0.000000 18.399998 2.499993
v 0.353554 18.399998 2.353548
v 0.000000 18.549997 2.337635
v -0.238748 18.549997 2.238742
v -0.353553 18.399998 2.353548
v 0.000000 18.399998 2.499993
v -0.238748 18.549997 2.238742
v -0.337640 18.549997 1.999994
v -0.500000 18.399998 1.999994
v -0.353553 18.399998 2.353548
v -0.337640 18.549997 1.999994
v -0.238748 18.549997 1.761246
v -0.353553 18.399998 1.646440
v -0.500000 18.399998 1.999994
v -0.238748 18.549997 1.761246
v 0.000000 18.549997 1.662352
v 0.000000 18.399998 1.499993
v -0.353553 18.399998 1.646440
v 0.000000 19.549997 1.662352
v 0.238744 19.549997 1.761245
v 0.238750 18.549997 1.761246
v 0.000000 18.549997 1.662352
v 0.238744 19.549997 1.761245
v 0.337638 19.549997 1.999994
v 0.337641 18.549997 1.999994
v 0.238750 18.549997 1.761246
v 0.337638 19.549997 1.999994
v 0.238745 19.549997 2.238743
v 0.238749 18.549997 2.238742
v 0.337641 18.549997 1.999994
v 0.238745 19.549997 2.238743
v 0.000001 19.549997 2.337634
v 0.000000 18.549997 2.337635
v 0.238749 18.549997 2.238742
v 0.000001 19.549997 2.337634
v -0.238752 19.549997 2.238742
v -0.238748 18.549997 2.238742
v 0.000000 18.549997 2.337635
v -0.238752 19.549997 2.238742
v -0.337645 19.549997 1.999994
v -0.337640 18.549997 1.999994
v -0.238748 18.549997 2.238742
v -0.337645 19.549997 1.999994
v -0.238752 19.549997 1.761245
v -0.238748 18.549997 1.761246
v -0.337640 18.549997 1.999994
v -0.238752 19.549997 1.761245
v 0.000000 19.549997 1.662352
v 0.000000 18.549997 1.662352
v -0.238748 18.549997 1.761246
v 0.000000 19.899998 1.554112
v 0.315282 19.899998 1.684709
v 0.315281 19.699997 1.684709
v 0.000001 19.699997 1.554113
v 0.315282 19.899998 1.684709
v 0.445877 19.899998 1.999994
v 0.445877 19.699997 1.999994
v 0.315281 19.699997 1.684709
v 0.445877 19.899998 1.999994
v 0.315282 19.899998 2.315279
v 0.315282 19.699997 2.315279
v 0.445877 19.699997 1.999994
v 0.315282 19.899998 2.315279
v 0.000001 19.899998 2.445873
v 0.000000 19.699997 2.445874
v 0.315282 19.699997 2.315279
v 0.000001 19.899998 2.445873
v -0.315289 19.899998 2.315279
v -0.315289 19.699997 2.315279
v 0.000000 19.699997 2.445874
v -0.315289 19.899998 2.315279
v -0.445883 19.899998 1.999994
v -0.445884 19.699997 1.999994
v -0.315289 19.699997 2.315279
v -0.445883 19.899998 1.999994
v -0.315289 19.899998 1.684710
v -0.315289 19.699997 1.684709
v -0.445884 19.699997 1.999994
v -0.315289 19.899998 1.684710
v 0.000000 19.899998 1.554112
v 0.000001 19.699997 1.554113
v -0.315289 19.699997 1.684709
v 0.000000 20.199997 1.824711
v 0.123941 20.199997 1.876050
v 0.238746 20.049997 1.761245
v 0.000000 20.049997 1.662352
v 0.123941 20.199997 1.876050
v 0.175280 20.199997 1.999993
v 0.337638 20.049997 1.999994
v 0.238746 20.049997 1.761245
v 0.175280 20.199997 1.999993
v 0.123941 20.199997 2.123937
v 0.238746 20.049997 2.238742
v 0.337638 20.049997 1.999994
v 0.123941 20.199997 2.123937
v 0.000000 20.199997 2.175276
v 0.000000 20.049997 2.337636
v 0.238746 20.049997 2.238742
v 0.000000 20.199997 2.175276
v -0.123946 20.199997 2.123937
v -0.238751 20.049997 2.238743
v 0.000000 20.049997 2.337636
v -0.123946 20.199997 2.123937
v -0.175284 20.199997 1.999994
v -0.337644 20.049997 1.999994
v -0.238751 20.049997 2.238743
v -0.175284 20.199997 1.999994
v -0.123946 20.199997 1.876051
v -0.238751 20.049997 1.761245
v -0.337644 20.049997 1.999994
v -0.123946 20.199997 1.876051
v 0.000000 20.199997 1.824711
v 0.000000 20.049997 1.662352
v -0.238751 20.049997 1.761245
v 0.000000 20.199997 1.878831
v 0.085672 20.199997 1.914319
v 0.123941 20.199997 1.876050
v 0.000000 20.199997 1.824711
v 0.121161 20.199997 1.999994
v 0.175280 20.199997 1.999993
v 0.085672 20.199997 2.085669
v 0.123941 20.199997 2.123937
v 0.000000 20.199997 2.121156
v 0.000000 20.199997 2.175276
v -0.085678 20.199997 2.085669
v -0.123946 20.199997 2.123937
v -0.121165 20.199997 1.999994
v -0.175284 20.199997 1.999994
v -0.085677 20.199997 1.914319
v -0.123946 20.199997 1.876051
v 0.000000 19.699997 1.878831
v 0.085674 19.699997 1.914320
v 0.085672 20.199997 1.914319
v 0.000000 20.199997 1.878831
v 0.085674 19.699997 1.914320
v 0.121161 19.699997 1.999994
v 0.121161 20.199997 1.999994
v 0.085672 20.199997 1.914319
v 0.121161 19.699997 1.999994
v 0.085674 19.699997 2.085669
v 0.085672 20.199997 2.085669
v 0.121161 20.199997 1.999994
v 0.085674 19.699997 2.085669
v 0.000000 19.699997 2.121156
v 0.000000 20.199997 2.121156
v 0.085672 20.199997 2.085669
v 0.000000 19.699997 2.121156
v -0.085676 19.699997 2.085669
v -0.085678 20.199997 2.085669
v 0.000000 20.199997 2.121156
v -0.085676 19.699997 2.085669
v -0.121164 19.699997 1.999995
v -0.121165 20.199997 1.999994
v -0.085678 20.199997 2.085669
v -0.121164 19.699997 1.999995
v -0.085676 19.699997 1.914319
v -0.085677 20.199997 1.914319
v -0.121165 20.199997 1.999994
v -0.085676 19.699997 1.914319
v 0.000000 19.699997 1.878831
v 0.000000 20.199997 1.878831
v -0.085677 20.199997 1.914319
v 0.000001 19.699997 1.554113
v 0.315281 19.699997 1.684709
v 0.238744 19.549997 1.761245
v 0.000000 19.549997 1.662352
v 0.315281 19.699997 1.684709
v 0.445877 19.699997 1.999994
v 0.337638 19.549997 1.999994
v 0.238744 19.549997 1.761245
v 0.445877 19.699997 1.999994
v 0.315282 19.699997 2.315279
v 0.238745 19.549997 2.238743
v 0.337638 19.549997 1.999994
v 0.315282 19.699997 2.315279
v 0.000000 19.699997 2.445874
v 0.000001 19.549997 2.337634
v 0.238745 19.549997 2.238743
v 0.000000 19.699997 2.445874
v -0.315289 19.699997 2.315279
v -0.238752 19.549997 2.238742
v 0.000001 19.549997 2.337634
v -0.315289 19.699997 2.315279
v -0.445884 19.699997 1.999994
v -0.337645 19.549997 1.999994
v -0.238752 19.549997 2.238742
v -0.445884 19.699997 1.999994
v -0.315289 19.699997 1.684709
v -0.238752 19.549997 1.761245
v -0.337645 19.549997 1.999994
v -0.315289 19.699997 1.684709
v 0.000001 19.699997 1.554113
v 0.000000 19.549997 1.662352
v -0.238752 19.549997 1.761245
v 0.315282 19.899998 1.684709
v 0.000000 19.899998 1.554112
v 0.000000 20.049997 1.662352
v 0.238746 20.049997 1.761245
v 0.445877 19.899998 1.999994
v 0.315282 19.899998 1.684709
v 0.238746 20.049997 1.761245
v 0.337638 20.049997 1.999994
v 0.315282 19.899998 2.315279
v 0.445877 19.899998 1.999994
v 0.337638 20.049997 1.999994
v 0.238746 20.049997 2.238742
v 0.000001 19.899998 2.445873
v 0.315282 19.899998 2.315279
v 0.238746 20.049997 2.238742
v 0.000000 20.049997 2.337636
v -0.315289 19.899998 2.315279
v 0.000001 19.899998 2.445873
v 0.000000 20.049997 2.337636
v -0.238751 20.049997 2.238743
v -0.445883 19.899998 1.999994
v -0.315289 19.899998 2.315279
v -0.238751 20.049997 2.238743
v -0.337644 20.049997 1.999994
v -0.315289 19.899998 1.684710
v -0.445883 19.899998 1.999994
v -0.337644 20.049997 1.999994
v -0.238751 20.049997 1.761245
v 0.000000 19.899998 1.554112
v -0.315289 19.899998 1.684710
v -0.238751 20.049997 1.761245
v 0.000000 20.049997 1.662352
v -7.368618 4.999998 -5.241892
v -7.368618 9.664097 -5.241894
v -7.999550 9.664097 -6.142961
v -7.999550 4.999998 -6.142959
v -6.549381 9.664097 -5.205142
v -6.549381 12.499997 -5.205143
v -6.877042 12.499997 -4.975713
v -6.877042 9.664097 -4.975712
v -6.549381 4.999998 -5.205141
v -6.549381 9.664097 -5.205142
v -6.877042 9.664097 -4.975712
v -6.877042 4.999998 -4.975711
v -7.262314 4.999998 -6.659178
v -7.262314 9.664097 -6.659180
v -6.631380 9.664097 -5.758112
v -6.631380 4.999998 -5.758111
v -8.081551 4.999998 -6.695930
v -8.081551 9.664097 -6.695931
v -7.753890 9.664097 -6.925362
v -7.753890 4.999998 -6.925360
v -8.220823 10.542854 -6.720489
v -8.369709 10.654844 -6.933119
v -8.369709 9.926995 -6.933118
v -8.220823 9.815751 -6.720488
v -7.016314 12.542854 -5.000270
v -7.016314 12.959498 -5.000270
v -8.369709 10.654844 -6.933119
v -8.220823 10.542854 -6.720489
v -6.836159 13.127084 -5.091671
v -6.672328 13.127084 -5.206387
v -6.773777 12.954329 -5.351269
v -6.937607 12.954329 -5.236555
v -8.345151 9.861056 -7.072391
v -8.345151 10.696957 -7.072392
v -8.017490 10.696957 -7.301821
v -8.017490 9.861056 -7.301821
v -8.081551 9.664097 -6.695931
v -8.345151 9.861056 -7.072391
v -8.017490 9.861056 -7.301821
v -7.753890 9.664097 -6.925362
v -6.549381 12.499997 -5.205143
v -6.549381 13.196957 -5.205143
v -6.877042 13.196957 -4.975713
v -6.877042 12.499997 -4.975713
v -7.729332 10.542854 -7.064635
v -7.878217 10.654844 -7.277264
v -6.524822 12.959498 -5.344416
v -6.524822 12.542854 -5.344416
v -7.729332 9.815751 -7.064634
v -7.878217 9.926995 -7.277264
v -7.878217 10.654844 -7.277264
v -7.729332 10.542854 -7.064635
v -8.142945 9.664097 -6.347749
v -8.081551 9.664097 -6.695931
v -8.081551 4.999998 -6.695930
v -8.142945 4.999998 -6.347747
v -7.225224 4.999998 -5.037105
v -6.877042 4.999998 -4.975711
v -6.877042 9.664097 -4.975712
v -7.225224 9.664097 -5.037106
v -6.487988 9.664097 -5.553324
v -6.549381 9.664097 -5.205142
v -6.549381 4.999998 -5.205141
v -6.487988 4.999998 -5.553323
v -7.405708 4.999998 -6.863966
v -7.753890 4.999998 -6.925360
v -7.753890 9.664097 -6.925362
v -7.405708 9.664097 -6.863967
v -7.225224 11.916663 -5.037107
v -6.877042 12.499997 -4.975713
v -8.081551 10.499997 -6.695931
v -8.142945 10.392855 -6.347749
v -7.405708 10.392855 -6.863968
v -7.753890 10.499997 -6.925362
v -6.549381 12.499997 -5.205143
v -6.487988 11.916663 -5.553325
v -7.225224 9.664097 -5.037106
v -6.877042 9.664097 -4.975712
v -6.877042 12.499997 -4.975713
v -7.225224 11.916663 -5.037107
v -6.487988 11.916663 -5.553325
v -6.549381 12.499997 -5.205143
v -6.549381 9.664097 -5.205142
v -6.487988 9.664097 -5.553324
v -7.405708 9.664097 -6.863967
v -7.753890 9.664097 -6.925362
v -7.753890 10.499997 -6.925362
v -7.405708 10.392855 -6.863968
v -8.142945 10.392855 -6.347749
v -8.081551 10.499997 -6.695931
v -8.081551 9.664097 -6.695931
v -8.142945 9.664097 -6.347749
v -8.220823 10.542854 -6.720489
v -8.081551 10.499997 -6.695931
v -6.877042 12.499997 -4.975713
v -7.016314 12.542854 -5.000270
v -6.524822 12.542854 -5.344416
v -6.549381 12.499997 -5.205143
v -7.753890 10.499997 -6.925362
v -7.729332 10.542854 -7.064635
v -7.729332 10.542854 -7.064635
v -7.753890 10.499997 -6.925362
v -7.753890 9.664097 -6.925362
v -7.729332 9.815751 -7.064634
v -8.220823 9.815751 -6.720488
v -8.081551 9.664097 -6.695931
v -8.081551 10.499997 -6.695931
v -8.220823 10.542854 -6.720489
v -7.878217 9.926995 -7.277264
v -8.017490 9.861056 -7.301821
v -8.017490 10.696957 -7.301821
v -7.878217 10.654844 -7.277264
v -8.369709 10.654844 -6.933119
v -8.345151 10.696957 -7.072392
v -8.345151 9.861056 -7.072391
v -8.369709 9.926995 -6.933118
v -7.016314 12.542854 -5.000270
v -6.877042 12.499997 -4.975713
v -6.877042 13.196957 -4.975713
v -7.016314 12.959498 -5.000270
v -8.369709 9.926995 -6.933118
v -8.345151 9.861056 -7.072391
v -8.081551 9.664097 -6.695931
v -8.220823 9.815751 -6.720488
v -7.729332 9.815751 -7.064634
v -7.753890 9.664097 -6.925362
v -8.017490 9.861056 -7.301821
v -7.878217 9.926995 -7.277264
v -6.524822 12.959498 -5.344416
v -6.549381 13.196957 -5.205143
v -6.549381 12.499997 -5.205143
v -6.524822 12.542854 -5.344416
v -7.039356 12.502084 -5.730556
v -7.140804 12.329329 -5.875439
v -7.304635 12.329329 -5.760724
v -7.203186 12.502084 -5.615841
v -7.406384 11.877084 -6.254726
v -7.507832 11.704329 -6.399608
v -7.671662 11.704329 -6.284894
v -7.570213 11.877084 -6.140011
v -7.773411 11.252084 -6.778895
v -7.874859 11.079329 -6.923779
v -8.038689 11.079329 -6.809063
v -7.937241 11.252084 -6.664180
v -7.222869 12.189584 -5.992641
v -7.324318 12.016829 -6.137525
v -7.488148 12.016829 -6.022810
v -7.386700 12.189584 -5.877926
v -7.589897 11.564584 -6.516810
v -7.691344 11.391829 -6.661694
v -7.855175 11.391829 -6.546978
v -7.753727 11.564584 -6.402095
v -7.956924 10.939584 -7.040980
v -8.058372 10.766829 -7.185863
v -8.222203 10.766829 -7.071148
v -8.120754 10.939584 -6.926265
v -6.855842 12.814584 -5.468471
v -6.957291 12.641829 -5.613355
v -7.121120 12.641829 -5.498640
v -7.019672 12.814584 -5.353755
v -6.877042 13.196957 -4.975713
v -6.836159 13.127084 -5.091671
v -6.937607 12.954329 -5.236555
v -7.060555 12.884457 -5.237797
v -6.980818 12.866156 -5.229147
v -6.919344 12.901092 -5.228526
v -6.772479 12.901092 -5.331361
v -6.752037 12.866156 -5.389341
v -6.732894 12.884457 -5.467228
v -6.773777 12.954329 -5.351269
v -6.672328 13.127084 -5.206387
v -6.549381 13.196957 -5.205143
v -6.589040 13.143719 -5.156556
v -6.650514 13.108783 -5.157178
v -6.797379 13.108783 -5.054342
v -6.817821 13.143719 -4.996363
v -6.956068 12.518719 -5.680727
v -7.017542 12.483783 -5.681348
v -7.164407 12.483783 -5.578512
v -7.184848 12.518719 -5.520533
v -7.244068 12.571957 -5.499883
v -7.203186 12.502084 -5.615841
v -7.304635 12.329329 -5.760724
v -7.427583 12.259457 -5.761967
v -7.347845 12.241156 -5.753317
v -7.286371 12.276092 -5.752695
v -7.139505 12.276092 -5.855532
v -7.119064 12.241156 -5.913510
v -7.099921 12.259457 -5.991398
v -7.140804 12.329329 -5.875439
v -7.039356 12.502084 -5.730556
v -6.916409 12.571957 -5.729313
v -7.323094 11.893719 -6.204896
v -7.384569 11.858783 -6.205518
v -7.531434 11.858783 -6.102682
v -7.551875 11.893719 -6.044703
v -7.611095 11.946957 -6.024053
v -7.570213 11.877084 -6.140011
v -7.671662 11.704329 -6.284894
v -7.794609 11.634457 -6.286137
v -7.714872 11.616156 -6.277486
v -7.653399 11.651092 -6.276865
v -7.506534 11.651092 -6.379701
v -7.486093 11.616156 -6.437680
v -7.466949 11.634457 -6.515567
v -7.507832 11.704329 -6.399608
v -7.406384 11.877084 -6.254726
v -7.283436 11.946957 -6.253483
v -7.690123 11.268719 -6.729065
v -7.751595 11.233783 -6.729687
v -7.898461 11.233783 -6.626851
v -7.918903 11.268719 -6.568872
v -7.978123 11.321957 -6.548222
v -7.937241 11.252084 -6.664180
v -8.038689 11.079329 -6.809063
v -8.161637 11.009457 -6.810307
v -8.081901 10.991156 -6.801656
v -8.020426 11.026092 -6.801035
v -7.873561 11.026092 -6.903871
v -7.853120 10.991156 -6.961850
v -7.833977 11.009457 -7.039737
v -7.874859 11.079329 -6.923779
v -7.773411 11.252084 -6.778895
v -7.650462 11.321957 -6.777652
v -7.139582 12.206219 -5.942811
v -7.201055 12.171283 -5.943432
v -7.347919 12.171283 -5.840597
v -7.368361 12.206219 -5.782618
v -7.427583 12.259457 -5.761967
v -7.386700 12.189584 -5.877926
v -7.488148 12.016829 -6.022810
v -7.611095 11.946957 -6.024053
v -7.531359 11.928656 -6.015402
v -7.469885 11.963592 -6.014781
v -7.323020 11.963592 -6.117617
v -7.302580 11.928656 -6.175596
v -7.283436 11.946957 -6.253483
v -7.324318 12.016829 -6.137525
v -7.222869 12.189584 -5.992641
v -7.099921 12.259457 -5.991398
v -7.506609 11.581219 -6.466981
v -7.568083 11.546283 -6.467601
v -7.714947 11.546283 -6.364766
v -7.735389 11.581219 -6.306787
v -7.794609 11.634457 -6.286137
v -7.753727 11.564584 -6.402095
v -7.855175 11.391829 -6.546978
v -7.978123 11.321957 -6.548222
v -7.898386 11.303656 -6.539572
v -7.836913 11.338592 -6.538950
v -7.690046 11.338592 -6.641786
v -7.669605 11.303656 -6.699765
v -7.650462 11.321957 -6.777652
v -7.691344 11.391829 -6.661694
v -7.589897 11.564584 -6.516810
v -7.466949 11.634457 -6.515567
v -7.873636 10.956219 -6.991150
v -7.935110 10.921283 -6.991772
v -8.081976 10.921283 -6.888937
v -8.102417 10.956219 -6.830957
v -8.161637 11.009457 -6.810307
v -8.120754 10.939584 -6.926265
v -8.222203 10.766829 -7.071148
v -8.345151 10.696957 -7.072392
v -8.265413 10.678656 -7.063742
v -8.203940 10.713592 -7.063120
v -8.057076 10.713592 -7.165956
v -8.036634 10.678656 -7.223935
v -8.017490 10.696957 -7.301821
v -8.058372 10.766829 -7.185863
v -7.956924 10.939584 -7.040980
v -7.833977 11.009457 -7.039737
v -6.772554 12.831219 -5.418641
v -6.834026 12.796283 -5.419263
v -6.980893 12.796283 -5.316427
v -7.001335 12.831219 -5.258448
v -7.060555 12.884457 -5.237797
v -7.019672 12.814584 -5.353755
v -7.121120 12.641829 -5.498640
v -7.244068 12.571957 -5.499883
v -7.164331 12.553656 -5.491232
v -7.102858 12.588592 -5.490612
v -6.955993 12.588592 -5.593447
v -6.935552 12.553656 -5.651426
v -6.916409 12.571957 -5.729313
v -6.957291 12.641829 -5.613355
v -6.855842 12.814584 -5.468471
v -6.732894 12.884457 -5.467228
v -7.060555 12.884457 -5.237797
v -6.980818 12.866156 -5.229147
v -6.752037 12.866156 -5.389341
v -6.732894 12.884457 -5.467228
v -6.732894 12.884457 -5.467228
v -6.752037 12.866156 -5.389341
v -6.772479 12.901092 -5.331361
v -6.773777 12.954329 -5.351269
v -6.773777 12.954329 -5.351269
v -6.772479 12.901092 -5.331361
v -6.919344 12.901092 -5.228526
v -6.937607 12.954329 -5.236555
v -6.937607 12.954329 -5.236555
v -6.919344 12.901092 -5.228526
v -6.980818 12.866156 -5.229147
v -7.060555 12.884457 -5.237797
v -6.549381 13.196957 -5.205143
v -6.589040 13.143719 -5.156556
v -6.817821 13.143719 -4.996363
v -6.877042 13.196957 -4.975713
v -6.877042 13.196957 -4.975713
v -6.817821 13.143719 -4.996363
v -6.797379 13.108783 -5.054342
v -6.836159 13.127084 -5.091671
v -6.836159 13.127084 -5.091671
v -6.797379 13.108783 -5.054342
v -6.650514 13.108783 -5.157178
v -6.672328 13.127084 -5.206387
v -6.672328 13.127084 -5.206387
v -6.650514 13.108783 -5.157178
v -6.589040 13.143719 -5.156556
v -6.549381 13.196957 -5.205143
v -6.916409 12.571957 -5.729313
v -6.956068 12.518719 -5.680727
v -7.184848 12.518719 -5.520533
v -7.244068 12.571957 -5.499883
v -7.244068 12.571957 -5.499883
v -7.184848 12.518719 -5.520533
v -7.164407 12.483783 -5.578512
v -7.203186 12.502084 -5.615841
v -7.203186 12.502084 -5.615841
v -7.164407 12.483783 -5.578512
v -7.017542 12.483783 -5.681348
v -7.039356 12.502084 -5.730556
v -7.039356 12.502084 -5.730556
v -7.017542 12.483783 -5.681348
v -6.956068 12.518719 -5.680727
v -6.916409 12.571957 -5.729313
v -7.427583 12.259457 -5.761967
v -7.347845 12.241156 -5.753317
v -7.119064 12.241156 -5.913510
v -7.099921 12.259457 -5.991398
v -7.099921 12.259457 -5.991398
v -7.119064 12.241156 -5.913510
v -7.139505 12.276092 -5.855532
v -7.140804 12.329329 -5.875439
v -7.140804 12.329329 -5.875439
v -7.139505 12.276092 -5.855532
v -7.286371 12.276092 -5.752695
v -7.304635 12.329329 -5.760724
v -7.304635 12.329329 -5.760724
v -7.286371 12.276092 -5.752695
v -7.347845 12.241156 -5.753317
v -7.427583 12.259457 -5.761967
v -7.283436 11.946957 -6.253483
v -7.323094 11.893719 -6.204896
v -7.551875 11.893719 -6.044703
v -7.611095 11.946957 -6.024053
v -7.611095 11.946957 -6.024053
v -7.551875 11.893719 -6.044703
v -7.531434 11.858783 -6.102682
v -7.570213 11.877084 -6.140011
v -7.570213 11.877084 -6.140011
v -7.531434 11.858783 -6.102682
v -7.384569 11.858783 -6.205518
v -7.406384 11.877084 -6.254726
v -7.406384 11.877084 -6.254726
v -7.384569 11.858783 -6.205518
v -7.323094 11.893719 -6.204896
v -7.283436 11.946957 -6.253483
v -7.794609 11.634457 -6.286137
v -7.714872 11.616156 -6.277486
v -7.486093 11.616156 -6.437680
v -7.466949 11.634457 -6.515567
v -7.466949 11.634457 -6.515567
v -7.486093 11.616156 -6.437680
v -7.506534 11.651092 -6.379701
v -7.507832 11.704329 -6.399608
v -7.507832 11.704329 -6.399608
v -7.506534 11.651092 -6.379701
v -7.653399 11.651092 -6.276865
v -7.671662 11.704329 -6.284894
v -7.671662 11.704329 -6.284894
v -7.653399 11.651092 -6.276865
v -7.714872 11.616156 -6.277486
v -7.794609 11.634457 -6.286137
v -7.650462 11.321957 -6.777652
v -7.690123 11.268719 -6.729065
v -7.918903 11.268719 -6.568872
v -7.978123 11.321957 -6.548222
v -7.978123 11.321957 -6.548222
v -7.918903 11.268719 -6.568872
v -7.898461 11.233783 -6.626851
v -7.937241 11.252084 -6.664180
v -7.937241 11.252084 -6.664180
v -7.898461 11.233783 -6.626851
v -7.751595 11.233783 -6.729687
v -7.773411 11.252084 -6.778895
v -7.773411 11.252084 -6.778895
v -7.751595 11.233783 -6.729687
v -7.690123 11.268719 -6.729065
v -7.650462 11.321957 -6.777652
v -8.161637 11.009457 -6.810307
v -8.081901 10.991156 -6.801656
v -7.853120 10.991156 -6.961850
v -7.833977 11.009457 -7.039737
v -7.833977 11.009457 -7.039737
v -7.853120 10.991156 -6.961850
v -7.873561 11.026092 -6.903871
v -7.874859 11.079329 -6.923779
v -7.874859 11.079329 -6.923779
v -7.873561 11.026092 -6.903871
v -8.020426 11.026092 -6.801035
v -8.038689 11.079329 -6.809063
v -8.038689 11.079329 -6.809063
v -8.020426 11.026092 -6.801035
v -8.081901 10.991156 -6.801656
v -8.161637 11.009457 -6.810307
v -7.099921 12.259457 -5.991398
v -7.139582 12.206219 -5.942811
v -7.368361 12.206219 -5.782618
v -7.427583 12.259457 -5.761967
v -7.427583 12.259457 -5.761967
v -7.368361 12.206219 -5.782618
v -7.347919 12.171283 -5.840597
v -7.386700 12.189584 -5.877926
v -7.386700 12.189584 -5.877926
v -7.347919 12.171283 -5.840597
v -7.201055 12.171283 -5.943432
v -7.222869 12.189584 -5.992641
v -7.222869 12.189584 -5.992641
v -7.201055 12.171283 -5.943432
v -7.139582 12.206219 -5.942811
v -7.099921 12.259457 -5.991398
v -7.611095 11.946957 -6.024053
v -7.531359 11.928656 -6.015402
v -7.302580 11.928656 -6.175596
v -7.283436 11.946957 -6.253483
v -7.283436 11.946957 -6.253483
v -7.302580 11.928656 -6.175596
v -7.323020 11.963592 -6.117617
v -7.324318 12.016829 -6.137525
v -7.324318 12.016829 -6.137525
v -7.323020 11.963592 -6.117617
v -7.469885 11.963592 -6.014781
v -7.488148 12.016829 -6.022810
v -7.488148 12.016829 -6.022810
v -7.469885 11.963592 -6.014781
v -7.531359 11.928656 -6.015402
v -7.611095 11.946957 -6.024053
v -7.466949 11.634457 -6.515567
v -7.506609 11.581219 -6.466981
v -7.735389 11.581219 -6.306787
v -7.794609 11.634457 -6.286137
v -7.794609 11.634457 -6.286137
v -7.735389 11.581219 -6.306787
v -7.714947 11.546283 -6.364766
v -7.753727 11.564584 -6.402095
v -7.753727 11.564584 -6.402095
v -7.714947 11.546283 -6.364766
v -7.568083 11.546283 -6.467601
v -7.589897 11.564584 -6.516810
v -7.589897 11.564584 -6.516810
v -7.568083 11.546283 -6.467601
v -7.506609 11.581219 -6.466981
v -7.466949 11.634457 -6.515567
v -7.978123 11.321957 -6.548222
v -7.898386 11.303656 -6.539572
v -7.669605 11.303656 -6.699765
v -7.650462 11.321957 -6.777652
v -7.650462 11.321957 -6.777652
v -7.669605 11.303656 -6.699765
v -7.690046 11.338592 -6.641786
v -7.691344 11.391829 -6.661694
v -7.691344 11.391829 -6.661694
v -7.690046 11.338592 -6.641786
v -7.836913 11.338592 -6.538950
v -7.855175 11.391829 -6.546978
v -7.855175 11.391829 -6.546978
v -7.836913 11.338592 -6.538950
v -7.898386 11.303656 -6.539572
v -7.978123 11.321957 -6.548222
v -7.833977 11.009457 -7.039737
v -7.873636 10.956219 -6.991150
v -8.102417 10.956219 -6.830957
v -8.161637 11.009457 -6.810307
v -8.161637 11.009457 -6.810307
v -8.102417 10.956219 -6.830957
v -8.081976 10.921283 -6.888937
v -8.120754 10.939584 -6.926265
v -8.120754 10.939584 -6.926265
v -8.081976 10.921283 -6.888937
v -7.935110 10.921283 -6.991772
v -7.956924 10.939584 -7.040980
v -7.956924 10.939584 -7.040980
v -7.935110 10.921283 -6.991772
v -7.873636 10.956219 -6.991150
v -7.833977 11.009457 -7.039737
v -8.345151 10.696957 -7.072392
v -8.265413 10.678656 -7.063742
v -8.036634 10.678656 -7.223935
v -8.017490 10.696957 -7.301821
v -8.017490 10.696957 -7.301821
v -8.036634 10.678656 -7.223935
v -8.057076 10.713592 -7.165956
v -8.058372 10.766829 -7.185863
v -8.058372 10.766829 -7.185863
v -8.057076 10.713592 -7.165956
v -8.203940 10.713592 -7.063120
v -8.222203 10.766829 -7.071148
v -8.222203 10.766829 -7.071148
v -8.203940 10.713592 -7.063120
v -8.265413 10.678656 -7.063742
v -8.345151 10.696957 -7.072392
v -6.732894 12.884457 -5.467228
v -6.772554 12.831219 -5.418641
v -7.001335 12.831219 -5.258448
v -7.060555 12.884457 -5.237797
v -7.060555 12.884457 -5.237797
v -7.001335 12.831219 -5.258448
v -6.980893 12.796283 -5.316427
v -7.019672 12.814584 -5.353755
v -7.019672 12.814584 -5.353755
v -6.980893 12.796283 -5.316427
v -6.834026 12.796283 -5.419263
v -6.855842 12.814584 -5.468471
v -6.855842 12.814584 -5.468471
v -6.834026 12.796283 -5.419263
v -6.772554 12.831219 -5.418641
v -6.732894 12.884457 -5.467228
v -7.244068 12.571957 -5.499883
v -7.164331 12.553656 -5.491232
v -6.935552 12.553656 -5.651426
v -6.916409 12.571957 -5.729313
v -6.916409 12.571957 -5.729313
v -6.935552 12.553656 -5.651426
v -6.955993 12.588592 -5.593447
v -6.957291 12.641829 -5.613355
v -6.957291 12.641829 -5.613355
v -6.955993 12.588592 -5.593447
v -7.102858 12.588592 -5.490612
v -7.121120 12.641829 -5.498640
v -7.121120 12.641829 -5.498640
v -7.102858 12.588592 -5.490612
v -7.164331 12.553656 -5.491232
v -7.244068 12.571957 -5.499883
v -7.999550 9.664097 -6.142961
v -8.142945 9.664097 -6.347749
v -8.142945 4.999998 -6.347747
v -7.999550 4.999998 -6.142959
v -7.368618 4.999998 -5.241892
v -7.225224 4.999998 -5.037105
v -7.225224 9.664097 -5.037106
v -7.368618 9.664097 -5.241894
v -6.631380 9.664097 -5.758112
v -6.487988 9.664097 -5.553324
v -6.487988 4.999998 -5.553323
v -6.631380 4.999998 -5.758111
v -7.262314 4.999998 -6.659178
v -7.405708 4.999998 -6.863966
v -7.405708 9.664097 -6.863967
v -7.262314 9.664097 -6.659180
v -7.368618 11.333330 -5.241894
v -7.225224 11.916663 -5.037107
v -8.142945 10.392855 -6.347749
v -7.999550 10.285712 -6.142961
v -7.262314 10.285712 -6.659180
v -7.405708 10.392855 -6.863968
v -6.487988 11.916663 -5.553325
v -6.631380 11.333330 -5.758112
v -7.368618 9.664097 -5.241894
v -7.225224 9.664097 -5.037106
v -7.225224 11.916663 -5.037107
v -7.368618 11.333330 -5.241894
v -6.631380 11.333330 -5.758112
v -6.487988 11.916663 -5.553325
v -6.487988 9.664097 -5.553324
v -6.631380 9.664097 -5.758112
v -7.262314 9.664097 -6.659180
v -7.405708 9.664097 -6.863967
v -7.405708 10.392855 -6.863968
v -7.262314 10.285712 -6.659180
v -7.999550 10.285712 -6.142961
v -8.142945 10.392855 -6.347749
v -8.142945 9.664097 -6.347749
v -7.999550 9.664097 -6.142961
v 0.000000 17.399998 -0.500006
v -0.353554 17.399998 -0.353560
v -0.353554 18.399998 -0.353560
v 0.000000 18.399998 -0.500006
v -0.353554 17.399998 -0.353560
v -0.500000 17.399998 -0.000006
v -0.500000 18.399998 -0.000006
v -0.353554 18.399998 -0.353560
v -0.500000 17.399998 -0.000006
v -0.353554 17.399998 0.353548
v -0.353554 18.399998 0.353547
v -0.500000 18.399998 -0.000006
v -0.353554 17.399998 0.353548
v 0.000000 17.399998 0.499994
v 0.000000 18.399998 0.499994
v -0.353554 18.399998 0.353547
v 0.000000 17.399998 0.499994
v 0.353553 17.399998 0.353548
v 0.353553 18.399998 0.353547
v 0.000000 18.399998 0.499994
v 0.353553 17.399998 0.353548
v 0.500000 17.399998 -0.000006
v 0.500000 18.399998 -0.000007
v 0.353553 18.399998 0.353547
v 0.500000 17.399998 -0.000006
v 0.353553 17.399998 -0.353560
v 0.353553 18.399998 -0.353560
v 0.500000 18.399998 -0.000007
v 0.353553 17.399998 -0.353560
v 0.000000 17.399998 -0.500006
v 0.000000 18.399998 -0.500006
v 0.353553 18.399998 -0.353560
v 0.000000 18.549997 -0.337647
v 0.000000 18.399998 -0.500006
v -0.353554 18.399998 -0.353560
v -0.238750 18.549997 -0.238755
v -0.238750 18.549997 -0.238755
v -0.353554 18.399998 -0.353560
v -0.500000 18.399998 -0.000006
v -0.337641 18.549997 -0.000006
v -0.337641 18.549997 -0.000006
v -0.500000 18.399998 -0.000006
v -0.353554 18.399998 0.353547
v -0.238749 18.549997 0.238741
v -0.238749 18.549997 0.238741
v -0.353554 18.399998 0.353547
v 0.000000 18.399998 0.499994
v 0.000001 18.549997 0.337635
v 0.000001 18.549997 0.337635
v 0.000000 18.399998 0.499994
v 0.353553 18.399998 0.353547
v 0.238749 18.549997 0.238742
v 0.238749 18.549997 0.238742
v 0.353553 18.399998 0.353547
v 0.500000 18.399998 -0.000007
v 0.337641 18.549997 -0.000006
v 0.337641 18.549997 -0.000006
v 0.500000 18.399998 -0.000007
v 0.353553 18.399998 -0.353560
v 0.238748 18.549997 -0.238755
v 0.238748 18.549997 -0.238755
v 0.353553 18.399998 -0.353560
v 0.000000 18.399998 -0.500006
v 0.000000 18.549997 -0.337647
v 0.000000 20.549997 -0.337648
v 0.000000 18.549997 -0.337647
v -0.238750 18.549997 -0.238755
v -0.238744 20.549997 -0.238756
v -0.238744 20.549997 -0.238756
v -0.238750 18.549997 -0.238755
v -0.337641 18.549997 -0.000006
v -0.337637 20.549997 -0.000008
v -0.337637 20.549997 -0.000008
v -0.337641 18.549997 -0.000006
v -0.238749 18.549997 0.238741
v -0.238744 20.549997 0.238741
v -0.238744 20.549997 0.238741
v -0.238749 18.549997 0.238741
v 0.000001 18.549997 0.337635
v 0.000000 20.549997 0.337634
v 0.000000 20.549997 0.337634
v 0.000001 18.549997 0.337635
v 0.238749 18.549997 0.238742
v 0.238752 20.549997 0.238740
v 0.238752 20.549997 0.238740
v 0.238749 18.549997 0.238742
v 0.337641 18.549997 -0.000006
v 0.337646 20.549997 -0.000007
v 0.337646 20.549997 -0.000007
v 0.337641 18.549997 -0.000006
v 0.238748 18.549997 -0.238755
v 0.238752 20.549997 -0.238755
v 0.238752 20.549997 -0.238755
v 0.238748 18.549997 -0.238755
v 0.000000 18.549997 -0.337647
v 0.000000 20.549997 -0.337648
v 0.000000 20.899998 -0.445887
v 0.000000 20.699997 -0.445887
v -0.315281 20.699997 -0.315292
v -0.315281 20.899998 -0.315292
v -0.315281 20.899998 -0.315292
v -0.315281 20.699997 -0.315292
v -0.445876 20.699997 -0.000007
v -0.445876 20.899998 -0.000007
v -0.445876 20.899998 -0.000007
v -0.445876 20.699997 -0.000007
v -0.315281 20.699997 0.315278
v -0.315281 20.899998 0.315278
v -0.315281 20.899998 0.315278
v -0.315281 20.699997 0.315278
v 0.000000 20.699997 0.445874
v 0.000000 20.899998 0.445874
v 0.000000 20.899998 0.445874
v 0.000000 20.699997 0.445874
v 0.315289 20.699997 0.315279
v 0.315289 20.899998 0.315278
v 0.315289 20.899998 0.315278
v 0.315289 20.699997 0.315279
v 0.445885 20.699997 -0.000007
v 0.445885 20.899998 -0.000007
v 0.445885 20.899998 -0.000007
v 0.445885 20.699997 -0.000007
v 0.315289 20.699997 -0.315292
v 0.315289 20.899998 -0.315292
v 0.315289 20.899998 -0.315292
v 0.315289 20.699997 -0.315292
v 0.000000 20.699997 -0.445887
v 0.000000 20.899998 -0.445887
v 0.000000 21.199997 -0.175289
v 0.000000 21.049997 -0.337648
v -0.238746 21.049997 -0.238756
v -0.123940 21.199997 -0.123950
v -0.123940 21.199997 -0.123950
v -0.238746 21.049997 -0.238756
v -0.337637 21.049997 -0.000007
v -0.175280 21.199997 -0.000007
v -0.175280 21.199997 -0.000007
v -0.337637 21.049997 -0.000007
v -0.238746 21.049997 0.238741
v -0.123940 21.199997 0.123936
v -0.123940 21.199997 0.123936
v -0.238746 21.049997 0.238741
v 0.000000 21.049997 0.337635
v 0.000000 21.199997 0.175275
v 0.000000 21.199997 0.175275
v 0.000000 21.049997 0.337635
v 0.238751 21.049997 0.238741
v 0.123946 21.199997 0.123936
v 0.123946 21.199997 0.123936
v 0.238751 21.049997 0.238741
v 0.337644 21.049997 -0.000007
v 0.175285 21.199997 -0.000008
v 0.175285 21.199997 -0.000008
v 0.337644 21.049997 -0.000007
v 0.238751 21.049997 -0.238756
v 0.123946 21.199997 -0.123950
v 0.123946 21.199997 -0.123950
v 0.238751 21.049997 -0.238756
v 0.000000 21.049997 -0.337648
v 0.000000 21.199997 -0.175289
v 0.000000 21.199997 -0.121170
v 0.000000 21.199997 -0.175289
v -0.123940 21.199997 -0.123950
v -0.085672 21.199997 -0.085682
v -0.085672 21.199997 -0.085682
v -0.123940 21.199997 -0.123950
v -0.175280 21.199997 -0.000007
v -0.121160 21.199997 -0.000007
v -0.121160 21.199997 -0.000007
v -0.175280 21.199997 -0.000007
v -0.123940 21.199997 0.123936
v -0.085672 21.199997 0.085668
v -0.085672 21.199997 0.085668
v -0.123940 21.199997 0.123936
v 0.123946 21.199997 0.123936
v 0.085678 21.199997 0.085668
v 0.085678 21.199997 0.085668
v 0.123946 21.199997 0.123936
v 0.175285 21.199997 -0.000008
v 0.121166 21.199997 -0.000007
v 0.121166 21.199997 -0.000007
v 0.175285 21.199997 -0.000008
v 0.123946 21.199997 -0.123950
v 0.085677 21.199997 -0.085682
v 0.085677 21.199997 -0.085682
v 0.123946 21.199997 -0.123950
v 0.000000 21.199997 -0.175289
v 0.000000 21.199997 -0.121170
v 0.000000 20.699997 -0.121170
v 0.000000 21.199997 -0.121170
v -0.085672 21.199997 -0.085682
v -0.085673 20.699997 -0.085681
v -0.085673 20.699997 -0.085681
v -0.085672 21.199997 -0.085682
v -0.121160 21.199997 -0.000007
v -0.121161 20.699997 -0.000007
v -0.121161 20.699997 -0.000007
v -0.121160 21.199997 -0.000007
v -0.085672 21.199997 0.085668
v -0.085673 20.699997 0.085668
v -0.085673 20.699997 0.085668
v -0.085672 21.199997 0.085668
v 0.000000 21.199997 0.121156
v 0.000000 20.699997 0.121156
v 0.000000 20.699997 0.121156
v 0.000000 21.199997 0.121156
v 0.085678 21.199997 0.085668
v 0.085677 20.699997 0.085667
v 0.085677 20.699997 0.085667
v 0.085678 21.199997 0.085668
v 0.121166 21.199997 -0.000007
v 0.121164 20.699997 -0.000007
v 0.121164 20.699997 -0.000007
v 0.121166 21.199997 -0.000007
v 0.085677 21.199997 -0.085682
v 0.085676 20.699997 -0.085682
v 0.085676 20.699997 -0.085682
v 0.085677 21.199997 -0.085682
v 0.000000 21.199997 -0.121170
v 0.000000 20.699997 -0.121170
v 0.000000 20.699997 -0.445887
v 0.000000 20.549997 -0.337648
v -0.238744 20.549997 -0.238756
v -0.315281 20.699997 -0.315292
v -0.315281 20.699997 -0.315292
v -0.238744 20.549997 -0.238756
v -0.337637 20.549997 -0.000008
v -0.445876 20.699997 -0.000007
v -0.445876 20.699997 -0.000007
v -0.337637 20.549997 -0.000008
v -0.238744 20.549997 0.238741
v -0.315281 20.699997 0.315278
v -0.315281 20.699997 0.315278
v -0.238744 20.549997 0.238741
v 0.000000 20.549997 0.337634
v 0.000000 20.699997 0.445874
v 0.000000 20.699997 0.445874
v 0.000000 20.549997 0.337634
v 0.238752 20.549997 0.238740
v 0.315289 20.699997 0.315279
v 0.315289 20.699997 0.315279
v 0.238752 20.549997 0.238740
v 0.337646 20.549997 -0.000007
v 0.445885 20.699997 -0.000007
v 0.445885 20.699997 -0.000007
v 0.337646 20.549997 -0.000007
v 0.238752 20.549997 -0.238755
v 0.315289 20.699997 -0.315292
v 0.315289 20.699997 -0.315292
v 0.238752 20.549997 -0.238755
v 0.000000 20.549997 -0.337648
v 0.000000 20.699997 -0.445887
v -0.315281 20.899998 -0.315292
v -0.238746 21.049997 -0.238756
v 0.000000 21.049997 -0.337648
v 0.000000 20.899998 -0.445887
v -0.445876 20.899998 -0.000007
v -0.337637 21.049997 -0.000007
v -0.238746 21.049997 -0.238756
v -0.315281 20.899998 -0.315292
v -0.315281 20.899998 0.315278
v -0.238746 21.049997 0.238741
v -0.337637 21.049997 -0.000007
v -0.445876 20.899998 -0.000007
v 0.000000 20.899998 0.445874
v 0.000000 21.049997 0.337635
v -0.238746 21.049997 0.238741
v -0.315281 20.899998 0.315278
v 0.315289 20.899998 0.315278
v 0.238751 21.049997 0.238741
v 0.000000 21.049997 0.337635
v 0.000000 20.899998 0.445874
v 0.445885 20.899998 -0.000007
v 0.337644 21.049997 -0.000007
v 0.238751 21.049997 0.238741
v 0.315289 20.899998 0.315278
v 0.315289 20.899998 -0.315292
v 0.238751 21.049997 -0.238756
v 0.337644 21.049997 -0.000007
v 0.445885 20.899998 -0.000007
v 0.000000 20.899998 -0.445887
v 0.000000 21.049997 -0.337648
v 0.238751 21.049997 -0.238756
v 0.315289 20.899998 -0.315292
v 0.000000 17.399998 -2.500006
v -0.353554 17.399998 -2.353559
v -0.353554 18.399998 -2.353560
v 0.000000 18.399998 -2.500006
v -0.353554 17.399998 -2.353559
v -0.500000 17.399998 -2.000006
v -0.500000 18.399998 -2.000007
v -0.353554 18.399998 -2.353560
v -0.500000 17.399998 -2.000006
v -0.353554 17.399998 -1.646452
v -0.353554 18.399998 -1.646453
v -0.500000 18.399998 -2.000007
v -0.353554 17.399998 -1.646452
v 0.000000 17.399998 -1.500005
v 0.000000 18.399998 -1.500006
v -0.353554 18.399998 -1.646453
v 0.000000 17.399998 -1.500005
v 0.353554 17.399998 -1.646452
v 0.353554 18.399998 -1.646453
v 0.000000 18.399998 -1.500006
v 0.353554 17.399998 -1.646452
v 0.499999 17.399998 -2.000006
v 0.499999 18.399998 -2.000006
v 0.353554 18.399998 -1.646453
v 0.499999 17.399998 -2.000006
v 0.353553 17.399998 -2.353559
v 0.353553 18.399998 -2.353560
v 0.499999 18.399998 -2.000006
v 0.353553 17.399998 -2.353559
v 0.000000 17.399998 -2.500006
v 0.000000 18.399998 -2.500006
v 0.353553 18.399998 -2.353560
v 0.000000 18.549997 -2.337648
v 0.000000 18.399998 -2.500006
v -0.353554 18.399998 -2.353560
v -0.238749 18.549997 -2.238755
v -0.238749 18.549997 -2.238755
v -0.353554 18.399998 -2.353560
v -0.500000 18.399998 -2.000007
v -0.337642 18.549997 -2.000007
v -0.337642 18.549997 -2.000007
v -0.500000 18.399998 -2.000007
v -0.353554 18.399998 -1.646453
v -0.238749 18.549997 -1.761258
v -0.238749 18.549997 -1.761258
v -0.353554 18.399998 -1.646453
v 0.000000 18.399998 -1.500006
v 0.000000 18.549997 -1.662364
v 0.000000 18.549997 -1.662364
v 0.000000 18.399998 -1.500006
v 0.353554 18.399998 -1.646453
v 0.238749 18.549997 -1.761258
v 0.238749 18.549997 -1.761258
v 0.353554 18.399998 -1.646453
v 0.499999 18.399998 -2.000006
v 0.337641 18.549997 -2.000007
v 0.337641 18.549997 -2.000007
v 0.499999 18.399998 -2.000006
v 0.353553 18.399998 -2.353560
v 0.238748 18.549997 -2.238755
v 0.238748 18.549997 -2.238755
v 0.353553 18.399998 -2.353560
v 0.000000 18.399998 -2.500006
v 0.000000 18.549997 -2.337648
v 0.000000 21.549997 -2.337648
v 0.000000 18.549997 -2.337648
v -0.238749 18.549997 -2.238755
v -0.238744 21.549997 -2.238756
v -0.238744 21.549997 -2.238756
v -0.238749 18.549997 -2.238755
v -0.337642 18.549997 -2.000007
v -0.337637 21.549997 -2.000008
v -0.337637 21.549997 -2.000008
v -0.337642 18.549997 -2.000007
v -0.238749 18.549997 -1.761258
v -0.238744 21.549997 -1.761259
v -0.238744 21.549997 -1.761259
v -0.238749 18.549997 -1.761258
v 0.000000 18.549997 -1.662364
v 0.000000 21.549997 -1.662366
v 0.000000 21.549997 -1.662366
v 0.000000 18.549997 -1.662364
v 0.238749 18.549997 -1.761258
v 0.238752 21.549997 -1.761260
v 0.238752 21.549997 -1.761260
v 0.238749 18.549997 -1.761258
v 0.337641 18.549997 -2.000007
v 0.337645 21.549997 -2.000007
v 0.337645 21.549997 -2.000007
v 0.337641 18.549997 -2.000007
v 0.238748 18.549997 -2.238755
v 0.238753 21.549997 -2.238756
v 0.238753 21.549997 -2.238756
v 0.238748 18.549997 -2.238755
v 0.000000 18.549997 -2.337648
v 0.000000 21.549997 -2.337648
v 0.000000 21.899998 -2.445888
v 0.000000 21.699997 -2.445888
v -0.315281 21.699997 -2.315293
v -0.315281 21.899998 -2.315293
v -0.315281 21.899998 -2.315293
v -0.315281 21.699997 -2.315293
v -0.445877 21.699997 -2.000008
v -0.445877 21.899998 -2.000007
v -0.445877 21.899998 -2.000007
v -0.445877 21.699997 -2.000008
v -0.315281 21.699997 -1.684722
v -0.315281 21.899998 -1.684722
v -0.315281 21.899998 -1.684722
v -0.315281 21.699997 -1.684722
v 0.000000 21.699997 -1.554127
v 0.000000 21.899998 -1.554127
v 0.000000 21.899998 -1.554127
v 0.000000 21.699997 -1.554127
v 0.315289 21.699997 -1.684722
v 0.315289 21.899998 -1.684722
v 0.315289 21.899998 -1.684722
v 0.315289 21.699997 -1.684722
v 0.445884 21.699997 -2.000007
v 0.445884 21.899998 -2.000007
v 0.445884 21.899998 -2.000007
v 0.445884 21.699997 -2.000007
v 0.315289 21.699997 -2.315292
v 0.315289 21.899998 -2.315292
v 0.315289 21.899998 -2.315292
v 0.315289 21.699997 -2.315292
v 0.000000 21.699997 -2.445888
v 0.000000 21.899998 -2.445888
v 0.000000 22.199997 -2.175290
v 0.000000 22.049997 -2.337649
v -0.238746 22.049997 -2.238756
v -0.123940 22.199997 -2.123951
v -0.123940 22.199997 -2.123951
v -0.238746 22.049997 -2.238756
v -0.337638 22.049997 -2.000007
v -0.175280 22.199997 -2.000009
v -0.175280 22.199997 -2.000009
v -0.337638 22.049997 -2.000007
v -0.238746 22.049997 -1.761259
v -0.123940 22.199997 -1.876064
v -0.123940 22.199997 -1.876064
v -0.238746 22.049997 -1.761259
v 0.000000 22.049997 -1.662365
v 0.000000 22.199997 -1.824725
v 0.000000 22.199997 -1.824725
v 0.000000 22.049997 -1.662365
v 0.238752 22.049997 -1.761259
v 0.123946 22.199997 -1.876064
v 0.123946 22.199997 -1.876064
v 0.238752 22.049997 -1.761259
v 0.337644 22.049997 -2.000007
v 0.175284 22.199997 -2.000007
v 0.175284 22.199997 -2.000007
v 0.337644 22.049997 -2.000007
v 0.238751 22.049997 -2.238756
v 0.123946 22.199997 -2.123951
v 0.123946 22.199997 -2.123951
v 0.238751 22.049997 -2.238756
v 0.000000 22.049997 -2.337649
v 0.000000 22.199997 -2.175290
v 0.000000 22.199997 -2.121170
v 0.000000 22.199997 -2.175290
v -0.123940 22.199997 -2.123951
v -0.085672 22.199997 -2.085682
v -0.085672 22.199997 -2.085682
v -0.123940 22.199997 -2.123951
v -0.175280 22.199997 -2.000009
v -0.121160 22.199997 -2.000007
v -0.121160 22.199997 -2.000007
v -0.175280 22.199997 -2.000009
v -0.123940 22.199997 -1.876064
v -0.085672 22.199997 -1.914332
v -0.085672 22.199997 -1.914332
v -0.123940 22.199997 -1.876064
v 0.123946 22.199997 -1.876064
v 0.085678 22.199997 -1.914332
v 0.085678 22.199997 -1.914332
v 0.123946 22.199997 -1.876064
v 0.175284 22.199997 -2.000007
v 0.121166 22.199997 -2.000008
v 0.121166 22.199997 -2.000008
v 0.175284 22.199997 -2.000007
v 0.123946 22.199997 -2.123951
v 0.085678 22.199997 -2.085683
v 0.085678 22.199997 -2.085683
v 0.123946 22.199997 -2.123951
v 0.000000 22.199997 -2.175290
v 0.000000 22.199997 -2.121170
v 0.000000 21.699997 -2.121170
v 0.000000 22.199997 -2.121170
v -0.085672 22.199997 -2.085682
v -0.085673 21.699997 -2.085683
v -0.085673 21.699997 -2.085683
v -0.085672 22.199997 -2.085682
v -0.121160 22.199997 -2.000007
v -0.121161 21.699997 -2.000007
v -0.121161 21.699997 -2.000007
v -0.121160 22.199997 -2.000007
v -0.085672 22.199997 -1.914332
v -0.085673 21.699997 -1.914332
v -0.085673 21.699997 -1.914332
v -0.085672 22.199997 -1.914332
v 0.000000 22.199997 -1.878844
v 0.000000 21.699997 -1.878844
v 0.000000 21.699997 -1.878844
v 0.000000 22.199997 -1.878844
v 0.085678 22.199997 -1.914332
v 0.085676 21.699997 -1.914332
v 0.085676 21.699997 -1.914332
v 0.085678 22.199997 -1.914332
v 0.121166 22.199997 -2.000008
v 0.121164 21.699997 -2.000007
v 0.121164 21.699997 -2.000007
v 0.121166 22.199997 -2.000008
v 0.085678 22.199997 -2.085683
v 0.085676 21.699997 -2.085682
v 0.085676 21.699997 -2.085682
v 0.085678 22.199997 -2.085683
v 0.000000 22.199997 -2.121170
v 0.000000 21.699997 -2.121170
v 0.000000 21.699997 -2.445888
v 0.000000 21.549997 -2.337648
v -0.238744 21.549997 -2.238756
v -0.315281 21.699997 -2.315293
v -0.315281 21.699997 -2.315293
v -0.238744 21.549997 -2.238756
v -0.337637 21.549997 -2.000008
v -0.445877 21.699997 -2.000008
v -0.445877 21.699997 -2.000008
v -0.337637 21.549997 -2.000008
v -0.238744 21.549997 -1.761259
v -0.315281 21.699997 -1.684722
v -0.315281 21.699997 -1.684722
v -0.238744 21.549997 -1.761259
v 0.000000 21.549997 -1.662366
v 0.000000 21.699997 -1.554127
v 0.000000 21.699997 -1.554127
v 0.000000 21.549997 -1.662366
v 0.238752 21.549997 -1.761260
v 0.315289 21.699997 -1.684722
v 0.315289 21.699997 -1.684722
v 0.238752 21.549997 -1.761260
v 0.337645 21.549997 -2.000007
v 0.445884 21.699997 -2.000007
v 0.445884 21.699997 -2.000007
v 0.337645 21.549997 -2.000007
v 0.238753 21.549997 -2.238756
v 0.315289 21.699997 -2.315292
v 0.315289 21.699997 -2.315292
v 0.238753 21.549997 -2.238756
v 0.000000 21.549997 -2.337648
v 0.000000 21.699997 -2.445888
v -0.315281 21.899998 -2.315293
v -0.238746 22.049997 -2.238756
v 0.000000 22.049997 -2.337649
v 0.000000 21.899998 -2.445888
v -0.445877 21.899998 -2.000007
v -0.337638 22.049997 -2.000007
v -0.238746 22.049997 -2.238756
v -0.315281 21.899998 -2.315293
v -0.315281 21.899998 -1.684722
v -0.238746 22.049997 -1.761259
v -0.337638 22.049997 -2.000007
v -0.445877 21.899998 -2.000007
v 0.000000 21.899998 -1.554127
v 0.000000 22.049997 -1.662365
v -0.238746 22.049997 -1.761259
v -0.315281 21.899998 -1.684722
v 0.315289 21.899998 -1.684722
v 0.238752 22.049997 -1.761259
v 0.000000 22.049997 -1.662365
v 0.000000 21.899998 -1.554127
v 0.445884 21.899998 -2.000007
v 0.337644 22.049997 -2.000007
v 0.238752 22.049997 -1.761259
v 0.315289 21.899998 -1.684722
v 0.315289 21.899998 -2.315292
v 0.238751 22.049997 -2.238756
v 0.337644 22.049997 -2.000007
v 0.445884 21.899998 -2.000007
v 0.000000 21.899998 -2.445888
v 0.000000 22.049997 -2.337649
v 0.238751 22.049997 -2.238756
v 0.315289 21.899998 -2.315292
v 0.000000 17.399998 1.499994
v -0.353554 17.399998 1.646438
v -0.353554 18.399998 1.646438
v 0.000000 18.399998 1.499993
v -0.353554 17.399998 1.646438
v -0.500000 17.399998 1.999993
v -0.500000 18.399998 1.999993
v -0.353554 18.399998 1.646438
v -0.500000 17.399998 1.999993
v -0.353554 17.399998 2.353547
v -0.353554 18.399998 2.353547
v -0.500000 18.399998 1.999993
v -0.353554 17.399998 2.353547
v -0.353554 18.399998 2.353547
v 0.000000 17.399998 2.499993
v 0.353554 17.399998 2.353546
v 0.353554 18.399998 2.353546
v 0.000000 18.399998 2.499993
v 0.353554 17.399998 2.353546
v 0.499999 17.399998 1.999993
v 0.499999 18.399998 1.999993
v 0.353554 18.399998 2.353546
v 0.499999 17.399998 1.999993
v 0.353553 17.399998 1.646439
v 0.353553 18.399998 1.646439
v 0.499999 18.399998 1.999993
v 0.353553 17.399998 1.646439
v 0.000000 17.399998 1.499994
v 0.000000 18.399998 1.499993
v 0.353553 18.399998 1.646439
v 0.000000 18.549997 1.662352
v 0.000000 18.399998 1.499993
v -0.353554 18.399998 1.646438
v -0.238749 18.549997 1.761245
v -0.238749 18.549997 1.761245
v -0.353554 18.399998 1.646438
v -0.500000 18.399998 1.999993
v -0.337640 18.549997 1.999994
v -0.337640 18.549997 1.999994
v -0.500000 18.399998 1.999993
v -0.353554 18.399998 2.353547
v -0.238748 18.549997 2.238742
v -0.238748 18.549997 2.238742
v -0.353554 18.399998 2.353547
v 0.000000 18.399998 2.499993
v 0.000000 18.549997 2.337635
v 0.000000 18.549997 2.337635
v 0.000000 18.399998 2.499993
v 0.353554 18.399998 2.353546
v 0.238749 18.549997 2.238742
v 0.238749 18.549997 2.238742
v 0.353554 18.399998 2.353546
v 0.499999 18.399998 1.999993
v 0.337641 18.549997 1.999992
v 0.337641 18.549997 1.999992
v 0.499999 18.399998 1.999993
v 0.353553 18.399998 1.646439
v 0.238749 18.549997 1.761245
v 0.238749 18.549997 1.761245
v 0.353553 18.399998 1.646439
v 0.000000 18.399998 1.499993
v 0.000000 18.549997 1.662352
v 0.000000 19.549997 1.662352
v 0.000000 18.549997 1.662352
v -0.238749 18.549997 1.761245
v -0.238744 19.549997 1.761244
v -0.238744 19.549997 1.761244
v -0.238749 18.549997 1.761245
v -0.337640 18.549997 1.999994
v -0.337636 19.549997 1.999993
v -0.337636 19.549997 1.999993
v -0.337640 18.549997 1.999994
v -0.238748 18.549997 2.238742
v -0.238744 19.549997 2.238742
v -0.238744 19.549997 2.238742
v -0.238748 18.549997 2.238742
v 0.000000 18.549997 2.337635
v 0.000001 19.549997 2.337634
v 0.000001 19.549997 2.337634
v 0.000000 18.549997 2.337635
v 0.238749 18.549997 2.238742
v 0.238753 19.549997 2.238740
v 0.238753 19.549997 2.238740
v 0.238749 18.549997 2.238742
v 0.337641 18.549997 1.999992
v 0.337646 19.549997 1.999993
v 0.337646 19.549997 1.999993
v 0.337641 18.549997 1.999992
v 0.238749 18.549997 1.761245
v 0.238752 19.549997 1.761244
v 0.238752 19.549997 1.761244
v 0.238749 18.549997 1.761245
v 0.000000 18.549997 1.662352
v 0.000000 19.549997 1.662352
v 0.000000 19.899998 1.554112
v 0.000001 19.699997 1.554113
v -0.315280 19.699997 1.684708
v -0.315281 19.899998 1.684709
v -0.315281 19.899998 1.684709
v -0.315280 19.699997 1.684708
v -0.445877 19.699997 1.999993
v -0.445877 19.899998 1.999993
v -0.445877 19.899998 1.999993
v -0.445877 19.699997 1.999993
v -0.315280 19.699997 2.315278
v -0.315281 19.899998 2.315279
v -0.315281 19.899998 2.315279
v -0.315280 19.699997 2.315278
v 0.000000 19.699997 2.445874
v 0.000001 19.899998 2.445873
v 0.000001 19.899998 2.445873
v 0.000000 19.699997 2.445874
v 0.315289 19.699997 2.315278
v 0.315289 19.899998 2.315278
v 0.315289 19.899998 2.315278
v 0.315289 19.699997 2.315278
v 0.445884 19.699997 1.999993
v 0.445884 19.899998 1.999993
v 0.445884 19.899998 1.999993
v 0.445884 19.699997 1.999993
v 0.315289 19.699997 1.684707
v 0.315289 19.899998 1.684708
v 0.315289 19.899998 1.684708
v 0.315289 19.699997 1.684707
v 0.000001 19.699997 1.554113
v 0.000000 19.899998 1.554112
v 0.000000 20.199997 1.824711
v 0.000000 20.049997 1.662352
v -0.238746 20.049997 1.761244
v -0.123940 20.199997 1.876050
v -0.123940 20.199997 1.876050
v -0.238746 20.049997 1.761244
v -0.337637 20.049997 1.999994
v -0.175279 20.199997 1.999993
v -0.175279 20.199997 1.999993
v -0.337637 20.049997 1.999994
v -0.238745 20.049997 2.238741
v -0.123940 20.199997 2.123936
v -0.123940 20.199997 2.123936
v -0.238745 20.049997 2.238741
v 0.000000 20.049997 2.337636
v 0.000000 20.199997 2.175276
v 0.000000 20.199997 2.175276
v 0.000000 20.049997 2.337636
v 0.238752 20.049997 2.238742
v 0.123946 20.199997 2.123937
v 0.123946 20.199997 2.123937
v 0.238752 20.049997 2.238742
v 0.337644 20.049997 1.999994
v 0.175284 20.199997 1.999992
v 0.175284 20.199997 1.999992
v 0.337644 20.049997 1.999994
v 0.238751 20.049997 1.761244
v 0.123947 20.199997 1.876050
v 0.123947 20.199997 1.876050
v 0.238751 20.049997 1.761244
v 0.000000 20.049997 1.662352
v 0.000000 20.199997 1.824711
v 0.000000 20.199997 1.878831
v 0.000000 20.199997 1.824711
v -0.123940 20.199997 1.876050
v -0.085672 20.199997 1.914318
v -0.085672 20.199997 1.914318
v -0.123940 20.199997 1.876050
v -0.175279 20.199997 1.999993
v -0.121159 20.199997 1.999992
v -0.121159 20.199997 1.999992
v -0.175279 20.199997 1.999993
v -0.123940 20.199997 2.123936
v -0.085671 20.199997 2.085669
v -0.085671 20.199997 2.085669
v -0.123940 20.199997 2.123936
v 0.000000 20.199997 2.175276
v 0.000000 20.199997 2.121156
v 0.000000 20.199997 2.121156
v 0.000000 20.199997 2.175276
v 0.123946 20.199997 2.123937
v 0.085678 20.199997 2.085667
v 0.085678 20.199997 2.085667
v 0.123946 20.199997 2.123937
v 0.175284 20.199997 1.999992
v 0.121165 20.199997 1.999993
v 0.121165 20.199997 1.999993
v 0.175284 20.199997 1.999992
v 0.123947 20.199997 1.876050
v 0.085678 20.199997 1.914317
v 0.085678 20.199997 1.914317
v 0.123947 20.199997 1.876050
v 0.000000 20.199997 1.824711
v 0.000000 20.199997 1.878831
v 0.000000 19.699997 1.878831
v 0.000000 20.199997 1.878831
v -0.085672 20.199997 1.914318
v -0.085674 19.699997 1.914319
v -0.085674 19.699997 1.914319
v -0.085672 20.199997 1.914318
v -0.121159 20.199997 1.999992
v -0.121161 19.699997 1.999993
v -0.121161 19.699997 1.999993
v -0.121159 20.199997 1.999992
v -0.085671 20.199997 2.085669
v -0.085673 19.699997 2.085668
v -0.085673 19.699997 2.085668
v -0.085671 20.199997 2.085669
v 0.000000 20.199997 2.121156
v 0.000000 19.699997 2.121156
v 0.000000 19.699997 2.121156
v 0.000000 20.199997 2.121156
v 0.085678 20.199997 2.085667
v 0.085676 19.699997 2.085669
v 0.085676 19.699997 2.085669
v 0.085678 20.199997 2.085667
v 0.121165 20.199997 1.999993
v 0.121164 19.699997 1.999993
v 0.121164 19.699997 1.999993
v 0.121165 20.199997 1.999993
v 0.085678 20.199997 1.914317
v 0.085676 19.699997 1.914317
v 0.085676 19.699997 1.914317
v 0.085678 20.199997 1.914317
v 0.000000 20.199997 1.878831
v 0.000000 19.699997 1.878831
v 0.000001 19.699997 1.554113
v 0.000000 19.549997 1.662352
v -0.238744 19.549997 1.761244
v -0.315280 19.699997 1.684708
v -0.315280 19.699997 1.684708
v -0.238744 19.549997 1.761244
v -0.337636 19.549997 1.999993
v -0.445877 19.699997 1.999993
v -0.445877 19.699997 1.999993
v -0.337636 19.549997 1.999993
v -0.238744 19.549997 2.238742
v -0.315280 19.699997 2.315278
v -0.315280 19.699997 2.315278
v -0.238744 19.549997 2.238742
v 0.000001 19.549997 2.337634
v 0.000000 19.699997 2.445874
v 0.000000 19.699997 2.445874
v 0.000001 19.549997 2.337634
v 0.238753 19.549997 2.238740
v 0.315289 19.699997 2.315278
v 0.315289 19.699997 2.315278
v 0.238753 19.549997 2.238740
v 0.337646 19.549997 1.999993
v 0.445884 19.699997 1.999993
v 0.445884 19.699997 1.999993
v 0.337646 19.549997 1.999993
v 0.238752 19.549997 1.761244
v 0.315289 19.699997 1.684707
v 0.315289 19.699997 1.684707
v 0.238752 19.549997 1.761244
v 0.000000 19.549997 1.662352
v 0.000001 19.699997 1.554113
v -0.315281 19.899998 1.684709
v -0.238746 20.049997 1.761244
v 0.000000 20.049997 1.662352
v 0.000000 19.899998 1.554112
v -0.445877 19.899998 1.999993
v -0.337637 20.049997 1.999994
v -0.238746 20.049997 1.761244
v -0.315281 19.899998 1.684709
v -0.315281 19.899998 2.315279
v -0.238745 20.049997 2.238741
v -0.337637 20.049997 1.999994
v -0.445877 19.899998 1.999993
v 0.000001 19.899998 2.445873
v 0.000000 20.049997 2.337636
v -0.238745 20.049997 2.238741
v -0.315281 19.899998 2.315279
v 0.315289 19.899998 2.315278
v 0.238752 20.049997 2.238742
v 0.000000 20.049997 2.337636
v 0.000001 19.899998 2.445873
v 0.445884 19.899998 1.999993
v 0.337644 20.049997 1.999994
v 0.238752 20.049997 2.238742
v 0.315289 19.899998 2.315278
v 0.315289 19.899998 1.684708
v 0.238751 20.049997 1.761244
v 0.337644 20.049997 1.999994
v 0.445884 19.899998 1.999993
v 0.000000 19.899998 1.554112
v 0.000000 20.049997 1.662352
v 0.238751 20.049997 1.761244
v 0.315289 19.899998 1.684708
v 7.016315 12.959498 -5.000270
v 8.369710 10.654843 -6.933118
v 8.345152 10.696956 -7.072391
v 8.161638 11.009457 -6.810306
v 7.978125 11.321957 -6.548221
v 7.794611 11.634457 -6.286136
v 7.611097 11.946957 -6.024052
v 7.427584 12.259457 -5.761967
v 7.244070 12.571957 -5.499882
v 7.060556 12.884457 -5.237797
v 6.877042 13.196957 -4.975712
v 7.878219 10.654843 -7.277264
v 6.524824 12.959498 -5.344416
v 6.549381 13.196957 -5.205142
v 6.732895 12.884457 -5.467227
v 6.916409 12.571957 -5.729312
v 7.099923 12.259457 -5.991397
v 7.283436 11.946957 -6.253482
v 7.466950 11.634457 -6.515567
v 7.650464 11.321957 -6.777652
v 7.833978 11.009457 -7.039737
v 8.017491 10.696956 -7.301821
v 0.085674 20.699997 -0.085681
v 0.000000 20.699997 -0.121170
v -0.085676 20.699997 -0.085681
v -0.121164 20.699997 -0.000006
v -0.085676 20.699997 0.085668
v 0.000000 20.699997 0.121156
v 0.085674 20.699997 0.085669
v 0.121162 20.699997 -0.000006
v 0.000000 17.399998 -0.500006
v 0.353555 17.399998 -0.353559
v 0.500000 17.399998 -0.000005
v 0.353554 17.399998 0.353548
v 0.000000 17.399998 0.499994
v -0.353553 17.399998 0.353548
v -0.499999 17.399998 -0.000005
v -0.353553 17.399998 -0.353559
v 0.085674 21.699997 -2.085682
v 0.000000 21.699997 -2.121170
v -0.085676 21.699997 -2.085682
v -0.121163 21.699997 -2.000006
v -0.085676 21.699997 -1.914332
v 0.000000 21.699997 -1.878844
v 0.085674 21.699997 -1.914331
v 0.121161 21.699997 -2.000007
v 0.000000 17.399998 -2.500006
v 0.353554 17.399998 -2.353559
v 0.500001 17.399998 -2.000005
v 0.353554 17.399998 -1.646452
v 0.000000 17.399998 -1.500005
v -0.353553 17.399998 -1.646452
v -0.499999 17.399998 -2.000005
v -0.353553 17.399998 -2.353559
v 0.085674 19.699997 1.914320
v 0.000000 19.699997 1.878831
v -0.085676 19.699997 1.914319
v -0.121164 19.699997 1.999995
v -0.085676 19.699997 2.085669
v 0.000000 19.699997 2.121156
v 0.085674 19.699997 2.085669
v 0.121161 19.699997 1.999994
v 0.000000 17.399998 1.499994
v 0.353554 17.399998 1.646441
v 0.500000 17.399998 1.999994
v 0.353554 17.399998 2.353548
v 0.000000 17.399998 2.499993
v -0.353553 17.399998 2.353548
v -0.500000 17.399998 1.999994
v -0.353553 17.399998 1.646440
v -7.016314 12.959498 -5.000270
v -6.877042 13.196957 -4.975713
v -7.060555 12.884457 -5.237797
v -7.244068 12.571957 -5.499883
v -7.427583 12.259457 -5.761967
v -7.611095 11.946957 -6.024053
v -7.794609 11.634457 -6.286137
v -7.978123 11.321957 -6.548222
v -8.161637 11.009457 -6.810307
v -8.345151 10.696957 -7.072392
v -8.369709 10.654844 -6.933119
v -7.878217 10.654844 -7.277264
v -8.017490 10.696957 -7.301821
v -7.833977 11.009457 -7.039737
v -7.650462 11.321957 -6.777652
v -7.466949 11.634457 -6.515567
v -7.283436 11.946957 -6.253483
v -7.099921 12.259457 -5.991398
v -6.916409 12.571957 -5.729313
v -6.732894 12.884457 -5.467228
v -6.549381 13.196957 -5.205143
v -6.524822 12.959498 -5.344416
v -0.085673 20.699997 -0.085681
v -0.121161 20.699997 -0.000007
v -0.085673 20.699997 0.085668
v 0.000000 20.699997 0.121156
v 0.085677 20.699997 0.085667
v 0.121164 20.699997 -0.000007
v 0.085676 20.699997 -0.085682
v 0.000000 20.699997 -0.121170
v 0.000000 17.399998 -0.500006
v 0.353553 17.399998 -0.353560
v 0.500000 17.399998 -0.000006
v 0.353553 17.399998 0.353548
v 0.000000 17.399998 0.499994
v -0.353554 17.399998 0.353548
v -0.500000 17.399998 -0.000006
v -0.353554 17.399998 -0.353560
v -0.085673 21.699997 -2.085683
v -0.121161 21.699997 -2.000007
v -0.085673 21.699997 -1.914332
v 0.000000 21.699997 -1.878844
v 0.085676 21.699997 -1.914332
v 0.121164 21.699997 -2.000007
v 0.085676 21.699997 -2.085682
v 0.000000 21.699997 -2.121170
v 0.000000 17.399998 -2.500006
v 0.353553 17.399998 -2.353559
v 0.499999 17.399998 -2.000006
v 0.353554 17.399998 -1.646452
v 0.000000 17.399998 -1.500005
v -0.353554 17.399998 -1.646452
v -0.500000 17.399998 -2.000006
v -0.353554 17.399998 -2.353559
v -0.085674 19.699997 1.914319
v -0.121161 19.699997 1.999993
v -0.085673 19.699997 2.085668
v 0.000000 19.699997 2.121156
v 0.085676 19.699997 2.085669
v 0.121164 19.699997 1.999993
v 0.085676 19.699997 1.914317
v 0.000000 19.699997 1.878831
v 0.000000 17.399998 1.499994
v 0.353553 17.399998 1.646439
v 0.499999 17.399998 1.999993
v 0.353554 17.399998 2.353546
v 0.000000 17.399998 2.499993
v -0.353554 17.399998 2.353547
v -0.500000 17.399998 1.999993
v -0.353554 17.399998 1.646438
vn -0.8192 -0.0000 -0.5736
vn 0.8192 -0.0000 0.5736
vn 0.8192 -0.0000 -0.5736
vn -0.8192 -0.0000 0.5736
vn -0.5736 -0.0000 0.8192
vn 0.5736 -0.0000 -0.8192
vn 0.4008 0.7154 -0.5724
vn 0.2259 -0.9191 -0.3227
vn 0.9848 -0.0000 -0.1736
vn 0.1736 -0.0000 0.9848
vn -0.9848 -0.0000 0.1736
vn -0.1736 -0.0000 -0.9848
vn 0.8589 0.5120 0.0061
vn -0.2995 0.5120 -0.8050
vn 0.2995 -0.5120 0.8050
vn -0.8589 -0.5120 -0.0061
vn 0.7390 -0.6499 0.1774
vn -0.4195 -0.6499 -0.6337
vn -0.4195 -0.6499 -0.6338
vn 0.4008 0.7154 -0.5723
vn -0.1878 0.9449 0.2682
vn 0.9568 -0.1220 -0.2638
vn 0.5462 -0.3050 -0.7801
vn -0.0793 -0.1220 -0.9894
vn -0.5984 0.7618 -0.2481
vn 0.4378 0.7618 0.4774
vn 0.9568 -0.1220 -0.2639
vn 0.3827 -0.0000 -0.9239
vn 0.9239 -0.0000 -0.3827
vn 0.9239 -0.0000 0.3827
vn 0.3827 -0.0000 0.9239
vn -0.3827 -0.0000 0.9239
vn -0.9239 -0.0000 0.3827
vn -0.9239 -0.0000 -0.3827
vn -0.3827 -0.0000 -0.9239
vn 0.2706 0.7071 -0.6533
vn 0.6533 0.7071 -0.2706
vn 0.6533 0.7071 0.2706
vn 0.2706 0.7071 0.6533
vn -0.2706 0.7071 0.6533
vn -0.6533 0.7071 0.2706
vn -0.6533 0.7071 -0.2706
vn -0.2706 0.7071 -0.6533
vn -0.0000 1.0000 -0.0000
vn 0.3184 -0.5547 -0.7687
vn 0.7687 -0.5547 -0.3184
vn 0.7687 -0.5547 0.3184
vn 0.3184 -0.5547 0.7687
vn -0.3184 -0.5547 0.7687
vn -0.7687 -0.5547 0.3184
vn -0.7687 -0.5547 -0.3184
vn -0.3184 -0.5547 -0.7687
vn 0.3184 0.5547 -0.7687
vn 0.7687 0.5547 -0.3184
vn 0.7687 0.5547 0.3184
vn 0.3184 0.5547 0.7687
vn -0.3184 0.5547 0.7687
vn -0.7687 0.5547 0.3184
vn -0.7687 0.5547 -0.3184
vn -0.3184 0.5547 -0.7687
vn 0.5736 -0.0000 0.8192
vn -0.5736 -0.0000 -0.8192
vn -0.4008 0.7154 -0.5724
vn -0.2259 -0.9191 -0.3227
vn -0.9848 -0.0000 -0.1736
vn -0.1736 -0.0000 0.9848
vn 0.9848 -0.0000 0.1736
vn 0.1736 -0.0000 -0.9848
vn -0.8589 0.5120 0.0061
vn 0.2995 0.5120 -0.8050
vn 0.9848 -0.0000 0.1737
vn -0.9848 -0.0000 -0.1737
vn -0.2995 -0.5121 0.8050
vn -0.2995 -0.5120 0.8051
vn 0.8589 -0.5120 -0.0061
vn 0.1737 -0.0000 -0.9848
vn -0.7390 -0.6499 0.1774
vn 0.4195 -0.6499 -0.6337
vn -0.4007 0.7154 -0.5723
vn -0.4008 0.7154 -0.5723
vn 0.1878 0.9449 0.2682
vn -0.9568 -0.1220 -0.2638
vn -0.5462 -0.3050 -0.7801
vn -0.5463 -0.3050 -0.7801
vn 0.0793 -0.1220 -0.9894
vn 0.0794 -0.1220 -0.9894
vn 0.5984 0.7619 -0.2481
vn 0.5984 0.7618 -0.2481
vn -0.4378 0.7618 0.4774
vn -0.4378 0.7619 0.4774
vn -0.9568 -0.1220 -0.2639
vn -0.5462 -0.3051 -0.7801
vn -0.8191 -0.0000 0.5736
vn -0.0001 1.0000 -0.0000
vn 0.0001 1.0000 -0.0000
vn 0.8626 0.5059 0.0008
vn 0.8626 0.5058 0.0009
vn 0.8626 0.5059 0.0009
vn -0.2958 0.5059 -0.8103
vn -0.2959 0.5058 -0.8103
vn -0.2958 0.5058 -0.8103
vn -0.0000 -1.0000 -0.0000
vn -0.8626 0.5059 0.0009
vn -0.8626 0.5059 0.0008
vn -0.8626 0.5058 0.0009
vn -0.8626 0.5058 0.0008
vn 0.2958 0.5059 -0.8103
vn 0.2958 0.5058 -0.8103
vn 0.2959 0.5058 -0.8103
vt 0.465127 0.209560
vt 0.447778 0.210903
vt 0.466434 0.215255
vt 0.404143 0.164097
vt 0.422799 0.159745
vt 0.407653 0.148801
vt 0.421492 0.165440
vt 0.451288 0.226199
vt 0.395821 0.200355
vt 0.412299 0.205494
vt 0.862500 0.218963
vt 0.856135 0.218963
vt 0.856135 0.237500
vt 0.862500 0.237500
vt 0.862500 0.191744
vt 0.856135 0.191744
vt 0.455935 0.169506
vt 0.439457 0.174645
vt 0.849771 0.205746
vt 0.856135 0.205746
vt 0.856135 0.174317
vt 0.849771 0.174317
vt 0.806135 0.158392
vt 0.804606 0.165054
vt 0.804606 0.165055
vt 0.806137 0.158385
vt 0.778436 0.138379
vt 0.778373 0.138333
vt 0.851362 0.142439
vt 0.851362 0.144256
vt 0.854544 0.144256
vt 0.854544 0.142439
vt 0.856135 0.168007
vt 0.849771 0.168007
vt 0.849771 0.216608
vt 0.822072 0.236621
vt 0.822008 0.236667
vt 0.849772 0.216615
vt 0.848242 0.209946
vt 0.848242 0.209946
vt 0.800435 0.165746
vt 0.791460 0.204851
vt 0.795621 0.204207
vt 0.804378 0.166051
vt 0.766661 0.200998
vt 0.775200 0.163791
vt 0.771257 0.163486
vt 0.762500 0.201642
vt 0.818835 0.211209
vt 0.810296 0.174002
vt 0.806135 0.173358
vt 0.814892 0.211514
vt 0.835096 0.170149
vt 0.844070 0.209254
vt 0.848013 0.208949
vt 0.839256 0.170793
vt 0.779937 0.143151
vt 0.801967 0.159068
vt 0.777220 0.137500
vt 0.845603 0.215932
vt 0.823572 0.231849
vt 0.820856 0.237500
vt 0.854544 0.149015
vt 0.851362 0.149015
vt 0.851362 0.150832
vt 0.854544 0.150832
vt 0.854544 0.155591
vt 0.851362 0.155591
vt 0.851362 0.157408
vt 0.854544 0.157408
vt 0.854544 0.162167
vt 0.851362 0.162167
vt 0.851362 0.163984
vt 0.854544 0.163984
vt 0.854544 0.152303
vt 0.851362 0.152303
vt 0.851362 0.154121
vt 0.854544 0.154121
vt 0.854544 0.158879
vt 0.851362 0.158879
vt 0.851362 0.160696
vt 0.854544 0.160696
vt 0.854544 0.165455
vt 0.851362 0.165455
vt 0.851362 0.167272
vt 0.854544 0.167272
vt 0.854544 0.145727
vt 0.851362 0.145727
vt 0.851362 0.147544
vt 0.854544 0.147544
vt 0.849771 0.141704
vt 0.849771 0.144992
vt 0.475731 0.144808
vt 0.480175 0.144808
vt 0.479380 0.144440
vt 0.476527 0.144440
vt 0.856135 0.144992
vt 0.856135 0.141704
vt 0.480175 0.141887
vt 0.475731 0.141887
vt 0.476527 0.142255
vt 0.479379 0.142255
vt 0.480175 0.148463
vt 0.475731 0.148463
vt 0.476527 0.148831
vt 0.479379 0.148831
vt 0.849771 0.148280
vt 0.849771 0.151568
vt 0.475731 0.151384
vt 0.480175 0.151384
vt 0.479380 0.151016
vt 0.476527 0.151016
vt 0.856135 0.151568
vt 0.856135 0.148280
vt 0.480175 0.155039
vt 0.475731 0.155039
vt 0.476527 0.155407
vt 0.479379 0.155407
vt 0.849771 0.154856
vt 0.849771 0.158144
vt 0.475731 0.157960
vt 0.480175 0.157960
vt 0.479379 0.157592
vt 0.476527 0.157592
vt 0.856135 0.158144
vt 0.856135 0.154856
vt 0.480175 0.161615
vt 0.475731 0.161615
vt 0.476527 0.161983
vt 0.479380 0.161983
vt 0.849771 0.161432
vt 0.849771 0.164720
vt 0.475731 0.164536
vt 0.480175 0.164536
vt 0.479380 0.164168
vt 0.476527 0.164168
vt 0.856135 0.164720
vt 0.856135 0.161432
vt 0.480175 0.151751
vt 0.475731 0.151751
vt 0.476527 0.152119
vt 0.479380 0.152119
vt 0.475731 0.154672
vt 0.480175 0.154672
vt 0.479379 0.154304
vt 0.476527 0.154304
vt 0.480175 0.158327
vt 0.475731 0.158327
vt 0.476527 0.158695
vt 0.479379 0.158695
vt 0.475731 0.161248
vt 0.480175 0.161248
vt 0.479379 0.160880
vt 0.476527 0.160880
vt 0.480175 0.164903
vt 0.475731 0.164903
vt 0.476527 0.165271
vt 0.479380 0.165271
vt 0.475731 0.167824
vt 0.480175 0.167824
vt 0.479380 0.167456
vt 0.476527 0.167456
vt 0.480175 0.145175
vt 0.475731 0.145175
vt 0.476527 0.145543
vt 0.479380 0.145543
vt 0.475731 0.148096
vt 0.480175 0.148096
vt 0.479379 0.147728
vt 0.476527 0.147728
vt 0.474771 0.144992
vt 0.481135 0.144992
vt 0.479544 0.144256
vt 0.476362 0.144256
vt 0.481135 0.141704
vt 0.474771 0.141704
vt 0.476362 0.142439
vt 0.479544 0.142439
vt 0.481135 0.148280
vt 0.474771 0.148280
vt 0.476362 0.149015
vt 0.479544 0.149015
vt 0.474771 0.151568
vt 0.481135 0.151568
vt 0.479544 0.150832
vt 0.476362 0.150832
vt 0.481135 0.154856
vt 0.474771 0.154856
vt 0.476362 0.155591
vt 0.479544 0.155591
vt 0.474771 0.158144
vt 0.481135 0.158144
vt 0.479544 0.157408
vt 0.476362 0.157408
vt 0.481135 0.161432
vt 0.474771 0.161432
vt 0.476362 0.162167
vt 0.479544 0.162167
vt 0.474771 0.164720
vt 0.481135 0.164720
vt 0.479544 0.163984
vt 0.476362 0.163984
vt 0.476362 0.152303
vt 0.479544 0.152303
vt 0.479544 0.154121
vt 0.476362 0.154121
vt 0.476362 0.158879
vt 0.479544 0.158879
vt 0.479544 0.160696
vt 0.476362 0.160696
vt 0.476362 0.165455
vt 0.479544 0.165455
vt 0.474771 0.168007
vt 0.481135 0.168007
vt 0.479544 0.167272
vt 0.476362 0.167272
vt 0.476362 0.145727
vt 0.479544 0.145727
vt 0.479544 0.147544
vt 0.476362 0.147544
vt 0.796492 0.165440
vt 0.787299 0.205494
vt 0.770821 0.200355
vt 0.779143 0.164097
vt 0.822778 0.210903
vt 0.814457 0.174645
vt 0.830935 0.169506
vt 0.840127 0.209560
vt 0.782653 0.148801
vt 0.797799 0.159745
vt 0.841434 0.215255
vt 0.826288 0.226199
vt 0.487500 0.183000
vt 0.487500 0.133000
vt 0.475000 0.133000
vt 0.475000 0.183000
vt 0.462500 0.133000
vt 0.462500 0.183000
vt 0.450000 0.133000
vt 0.450000 0.183000
vt 0.437500 0.133000
vt 0.437500 0.183000
vt 0.425000 0.133000
vt 0.425000 0.183000
vt 0.412500 0.133000
vt 0.412500 0.183000
vt 0.400000 0.133000
vt 0.400000 0.183000
vt 0.387500 0.133000
vt 0.387500 0.183000
vt 0.412500 0.191793
vt 0.423960 0.196540
vt 0.429471 0.191029
vt 0.412500 0.184000
vt 0.428707 0.208000
vt 0.436500 0.208000
vt 0.423960 0.219460
vt 0.429471 0.224971
vt 0.412500 0.224207
vt 0.412500 0.232000
vt 0.401040 0.219460
vt 0.395529 0.224971
vt 0.396293 0.208000
vt 0.388500 0.208000
vt 0.401040 0.196540
vt 0.395529 0.191029
vt 0.423960 0.219460
vt 0.412500 0.199587
vt 0.418449 0.202051
vt 0.420914 0.208000
vt 0.418449 0.213949
vt 0.412500 0.216414
vt 0.406551 0.213949
vt 0.404086 0.208000
vt 0.406551 0.202051
vt 0.412500 0.202184
vt 0.416612 0.203888
vt 0.418316 0.208000
vt 0.416612 0.212112
vt 0.412500 0.213816
vt 0.408388 0.212112
vt 0.406684 0.208000
vt 0.408388 0.203888
vt 0.037500 0.327184
vt 0.041612 0.328888
vt 0.043316 0.333000
vt 0.041612 0.337112
vt 0.037500 0.338816
vt 0.033388 0.337112
vt 0.031684 0.333000
vt 0.033388 0.328888
vt 0.802521 0.155780
vt 0.798907 0.153169
vt 0.795292 0.150557
vt 0.791678 0.147946
vt 0.788064 0.145334
vt 0.784449 0.142723
vt 0.780835 0.140111
vt 0.846156 0.219220
vt 0.842542 0.221831
vt 0.838928 0.224443
vt 0.835313 0.227054
vt 0.831699 0.229666
vt 0.828085 0.232277
vt 0.824470 0.234889
vt 0.438500 0.208000
vt 0.462500 0.232000
vt 0.445529 0.224971
vt 0.479471 0.224971
vt 0.445529 0.191029
vt 0.486500 0.208000
vt 0.462500 0.184000
vt 0.479471 0.191029
s 0
usemtl Placeable
f 5069/1299/953 5070/1300/953 5071/1301/953
f 5072/1302/954 5073/1303/954 5074/1304/954
f 5075/1303/954 5076/1302/954 5077/1305/954
f 5078/1301/953 5079/1300/953 5080/1306/953
f 5081/1299/955 5082/1301/955 5083/1300/955
f 5084/1302/956 5085/1304/956 5086/1303/956
f 5087/1303/956 5088/1305/956 5089/1302/956
f 5090/1301/955 5091/1306/955 5092/1300/955
f 5093/1307/954 5094/1308/954 5077/1305/954
f 5093/1307/954 5077/1305/954 5076/1302/954
f 5095/1309/957 5096/1310/957 5097/1311/957
f 5095/1309/957 5097/1311/957 5098/1312/957
f 5099/1313/957 5100/1314/957 5096/1310/957
f 5099/1313/957 5096/1310/957 5095/1309/957
f 5101/1315/953 5102/1316/953 5070/1300/953
f 5101/1315/953 5070/1300/953 5069/1299/953
f 5103/1317/958 5104/1318/958 5105/1319/958
f 5103/1317/958 5105/1319/958 5106/1320/958
f 5107/1321/954 5108/1322/954 5109/1323/954
f 5107/1321/954 5109/1323/954 5110/1324/954
f 5111/1325/954 5112/1321/954 5113/1324/954
f 5111/1325/954 5113/1324/954 5114/1326/954
f 5115/1327/959 5116/1328/959 5117/1329/959
f 5115/1327/959 5117/1329/959 5118/1330/959
f 5119/1320/958 5120/1319/958 5121/1331/958
f 5119/1320/958 5121/1331/958 5122/1332/958
f 5123/1320/960 5124/1319/960 5125/1319/960
f 5123/1320/960 5125/1319/960 5126/1320/960
f 5098/1312/957 5097/1311/957 5127/1311/957
f 5098/1312/957 5127/1311/957 5128/1312/957
f 5129/1333/953 5130/1334/953 5131/1335/953
f 5129/1333/953 5131/1335/953 5132/1336/953
f 5133/1337/953 5134/1333/953 5135/1336/953
f 5133/1337/953 5135/1336/953 5136/1338/953
f 5137/1339/961 5138/1340/961 5139/1341/961
f 5137/1339/961 5139/1341/961 5140/1342/961
f 5141/1343/962 5142/1344/962 5143/1345/962
f 5141/1343/962 5143/1345/962 5144/1346/962
f 5145/1347/963 5146/1348/963 5147/1349/963
f 5145/1347/963 5147/1349/963 5148/1350/963
f 5149/1351/964 5150/1352/964 5151/1353/964
f 5149/1351/964 5151/1353/964 5152/1354/964
f 5153/1355/965 5154/1356/965 5155/1321/965
f 5153/1355/965 5155/1321/965 5156/1357/965
f 5157/1358/966 5158/1359/966 5159/1360/966
f 5157/1358/966 5159/1360/966 5160/1333/966
f 5161/1344/962 5162/1355/962 5163/1357/962
f 5161/1344/962 5163/1357/962 5164/1345/962
f 5165/1359/963 5166/1347/963 5167/1350/963
f 5165/1359/963 5167/1350/963 5168/1360/963
f 5169/1352/964 5170/1358/964 5171/1333/964
f 5169/1352/964 5171/1333/964 5172/1353/964
f 5173/1356/961 5174/1339/961 5175/1342/961
f 5173/1356/961 5175/1342/961 5176/1321/961
f 5177/1321/967 5178/1325/967 5179/1357/967
f 5177/1321/967 5179/1357/967 5180/1321/967
f 5181/1334/968 5182/1333/968 5183/1333/968
f 5181/1334/968 5183/1333/968 5184/1360/968
f 5185/1333/963 5186/1337/963 5187/1353/963
f 5185/1333/963 5187/1353/963 5188/1333/963
f 5189/1322/962 5190/1321/962 5191/1321/962
f 5189/1322/962 5191/1321/962 5192/1342/962
f 5193/1338/964 5194/1336/964 5195/1333/964
f 5193/1338/964 5195/1333/964 5196/1353/964
f 5197/1324/961 5198/1323/961 5199/1342/961
f 5197/1324/961 5199/1342/961 5200/1321/961
f 5201/1325/962 5202/1326/962 5203/1357/962
f 5201/1325/962 5203/1357/962 5204/1357/962
f 5205/1323/969 5206/1322/969 5207/1342/969
f 5205/1323/969 5207/1342/969 5208/1342/969
f 5209/1337/970 5210/1338/970 5211/1353/970
f 5209/1337/971 5211/1353/971 5212/1353/971
f 5213/1335/963 5214/1334/963 5215/1360/963
f 5213/1335/963 5215/1360/963 5216/1360/963
f 5217/1361/959 5218/1362/959 5219/1363/959
f 5217/1361/959 5219/1363/959 5220/1364/959
f 5221/1365/959 5222/1366/959 5223/1367/959
f 5221/1365/959 5223/1367/959 5224/1368/959
f 5225/1369/959 5226/1370/959 5227/1371/959
f 5225/1369/959 5227/1371/959 5228/1372/959
f 5229/1373/959 5230/1374/959 5231/1375/959
f 5229/1373/959 5231/1375/959 5232/1376/959
f 5233/1377/959 5234/1378/959 5235/1379/959
f 5233/1377/959 5235/1379/959 5236/1380/959
f 5237/1381/959 5238/1382/959 5239/1383/959
f 5237/1381/959 5239/1383/959 5240/1384/959
f 5241/1385/959 5242/1386/959 5243/1387/959
f 5241/1385/959 5243/1387/959 5244/1388/959
f 5245/1389/959 5246/1390/959 5247/1328/959
f 5245/1389/959 5247/1328/959 5248/1327/959
f 5249/1391/959 5250/1392/959 5251/1393/959
f 5249/1391/959 5251/1393/959 5252/1394/959
f 5253/1395/959 5254/1396/959 5255/1330/959
f 5253/1395/959 5255/1330/959 5256/1329/959
f 5257/1397/959 5258/1398/959 5259/1399/959
f 5257/1397/959 5259/1399/959 5260/1400/959
f 5261/1401/959 5262/1402/959 5263/1403/959
f 5261/1401/959 5263/1403/959 5264/1404/959
f 5265/1405/959 5266/1406/959 5267/1363/959
f 5265/1405/959 5267/1363/959 5268/1362/959
f 5269/1407/959 5270/1408/959 5271/1409/959
f 5269/1407/959 5271/1409/959 5272/1410/959
f 5273/1411/959 5274/1412/959 5275/1361/959
f 5273/1411/959 5275/1361/959 5276/1364/959
f 5277/1413/959 5278/1414/959 5279/1415/959
f 5277/1413/959 5279/1415/959 5280/1416/959
f 5281/1417/959 5282/1418/959 5283/1367/959
f 5281/1417/972 5283/1367/972 5284/1366/972
f 5285/1419/959 5286/1420/959 5287/1421/959
f 5285/1419/959 5287/1421/959 5288/1422/959
f 5289/1423/959 5290/1424/959 5291/1365/959
f 5289/1423/959 5291/1365/959 5292/1368/959
f 5293/1425/959 5294/1426/959 5295/1427/959
f 5293/1425/959 5295/1427/959 5296/1428/959
f 5297/1429/959 5298/1430/959 5299/1371/959
f 5297/1429/959 5299/1371/959 5300/1370/959
f 5301/1431/959 5302/1432/959 5303/1433/959
f 5301/1431/959 5303/1433/959 5304/1434/959
f 5305/1435/959 5306/1436/959 5225/1369/959
f 5305/1435/959 5225/1369/959 5228/1372/959
f 5307/1437/959 5308/1438/959 5309/1439/959
f 5307/1437/959 5309/1439/959 5310/1440/959
f 5311/1406/959 5312/1417/959 5313/1375/959
f 5311/1406/959 5313/1375/959 5314/1374/959
f 5315/1441/959 5316/1442/959 5317/1443/959
f 5315/1441/959 5317/1443/959 5318/1444/959
f 5319/1424/959 5320/1411/959 5321/1373/959
f 5319/1424/959 5321/1373/959 5322/1376/959
f 5323/1445/959 5324/1446/959 5325/1447/959
f 5323/1445/959 5325/1447/959 5326/1448/959
f 5327/1418/959 5328/1429/959 5329/1379/959
f 5327/1418/972 5329/1379/972 5330/1378/972
f 5331/1449/959 5332/1450/959 5333/1451/959
f 5331/1449/959 5333/1451/959 5334/1452/959
f 5335/1436/959 5336/1423/959 5337/1377/959
f 5335/1436/959 5337/1377/959 5338/1380/959
f 5339/1453/959 5340/1454/959 5341/1455/959
f 5339/1453/959 5341/1455/959 5342/1456/959
f 5343/1430/959 5344/1332/959 5345/1383/959
f 5343/1430/959 5345/1383/959 5346/1382/959
f 5347/1457/959 5348/1458/959 5349/1459/959
f 5347/1457/959 5349/1459/959 5350/1460/959
f 5351/1331/959 5352/1435/959 5353/1381/959
f 5351/1331/959 5353/1381/959 5354/1384/959
f 5355/1461/959 5356/1462/959 5357/1463/959
f 5355/1461/959 5357/1463/959 5358/1464/959
f 5359/1390/959 5360/1405/959 5361/1387/959
f 5359/1390/959 5361/1387/959 5362/1386/959
f 5363/1465/959 5364/1466/959 5365/1467/959
f 5363/1465/959 5365/1467/959 5366/1468/959
f 5367/1412/959 5368/1395/959 5369/1385/959
f 5367/1412/959 5369/1385/959 5370/1388/959
f 5371/1469/973 5372/1470/973 5373/1392/973
f 5371/1469/973 5373/1392/973 5374/1391/973
f 5375/1470/974 5376/1471/974 5377/1393/974
f 5375/1470/974 5377/1393/974 5378/1392/974
f 5379/1471/975 5380/1472/975 5381/1394/975
f 5379/1471/975 5381/1394/975 5382/1393/975
f 5383/1472/976 5384/1469/976 5385/1391/976
f 5383/1472/976 5385/1391/976 5386/1394/976
f 5387/1473/975 5388/1474/975 5389/1398/975
f 5387/1473/975 5389/1398/975 5390/1397/975
f 5391/1474/977 5392/1475/977 5393/1399/977
f 5391/1474/977 5393/1399/977 5394/1398/977
f 5395/1475/973 5396/1476/973 5397/1400/973
f 5395/1475/973 5397/1400/973 5398/1399/973
f 5399/1476/978 5400/1473/978 5401/1397/978
f 5399/1476/978 5401/1397/978 5402/1400/978
f 5403/1477/975 5404/1478/975 5405/1402/975
f 5403/1477/975 5405/1402/975 5406/1401/975
f 5407/1478/977 5408/1479/977 5409/1403/977
f 5407/1478/977 5409/1403/977 5410/1402/977
f 5411/1479/973 5412/1480/973 5413/1404/973
f 5411/1479/973 5413/1404/973 5414/1403/973
f 5415/1480/978 5416/1477/978 5417/1401/978
f 5415/1480/978 5417/1401/978 5418/1404/978
f 5419/1481/973 5420/1482/973 5421/1408/973
f 5419/1481/973 5421/1408/973 5422/1407/973
f 5423/1482/974 5424/1483/974 5425/1409/974
f 5423/1482/979 5425/1409/979 5426/1408/979
f 5427/1483/975 5428/1484/975 5429/1410/975
f 5427/1483/975 5429/1410/975 5430/1409/975
f 5431/1484/976 5432/1481/976 5433/1407/976
f 5431/1484/976 5433/1407/976 5434/1410/976
f 5435/1485/975 5436/1486/975 5437/1414/975
f 5435/1485/975 5437/1414/975 5438/1413/975
f 5439/1486/977 5440/1487/977 5441/1415/977
f 5439/1486/977 5441/1415/977 5442/1414/977
f 5443/1487/973 5444/1488/973 5445/1416/973
f 5443/1487/973 5445/1416/973 5446/1415/973
f 5447/1488/978 5448/1485/978 5449/1413/978
f 5447/1488/978 5449/1413/978 5450/1416/978
f 5451/1489/973 5452/1490/973 5453/1420/973
f 5451/1489/973 5453/1420/973 5454/1419/973
f 5455/1490/974 5456/1491/974 5457/1421/974
f 5455/1490/979 5457/1421/979 5458/1420/979
f 5459/1491/975 5460/1492/975 5461/1422/975
f 5459/1491/975 5461/1422/975 5462/1421/975
f 5463/1492/976 5464/1489/976 5465/1419/976
f 5463/1492/976 5465/1419/976 5466/1422/976
f 5467/1493/975 5468/1494/975 5469/1426/975
f 5467/1493/975 5469/1426/975 5470/1425/975
f 5471/1494/977 5472/1495/977 5473/1427/977
f 5471/1494/977 5473/1427/977 5474/1426/977
f 5475/1495/973 5476/1496/973 5477/1428/973
f 5475/1495/973 5477/1428/973 5478/1427/973
f 5479/1496/978 5480/1493/978 5481/1425/978
f 5479/1496/978 5481/1425/978 5482/1428/978
f 5483/1497/973 5484/1498/973 5485/1432/973
f 5483/1497/973 5485/1432/973 5486/1431/973
f 5487/1498/974 5488/1499/974 5489/1433/974
f 5487/1498/979 5489/1433/979 5490/1432/979
f 5491/1499/975 5492/1500/975 5493/1434/975
f 5491/1499/975 5493/1434/975 5494/1433/975
f 5495/1500/976 5496/1497/976 5497/1431/976
f 5495/1500/976 5497/1431/976 5498/1434/976
f 5499/1482/975 5500/1481/975 5501/1438/975
f 5499/1482/975 5501/1438/975 5502/1437/975
f 5503/1481/977 5504/1501/977 5505/1439/977
f 5503/1481/977 5505/1439/977 5506/1438/977
f 5507/1501/973 5508/1502/973 5509/1440/973
f 5507/1501/973 5509/1440/973 5510/1439/973
f 5511/1502/978 5512/1482/978 5513/1437/978
f 5511/1502/978 5513/1437/978 5514/1440/978
f 5515/1486/973 5516/1485/973 5517/1442/973
f 5515/1486/973 5517/1442/973 5518/1441/973
f 5519/1485/974 5520/1503/974 5521/1443/974
f 5519/1485/979 5521/1443/979 5522/1442/979
f 5523/1503/975 5524/1504/975 5525/1444/975
f 5523/1503/975 5525/1444/975 5526/1443/975
f 5527/1504/976 5528/1486/976 5529/1441/976
f 5527/1504/976 5529/1441/976 5530/1444/976
f 5531/1490/975 5532/1489/975 5533/1446/975
f 5531/1490/975 5533/1446/975 5534/1445/975
f 5535/1489/977 5536/1505/977 5537/1447/977
f 5535/1489/977 5537/1447/977 5538/1446/977
f 5539/1505/973 5540/1506/973 5541/1448/973
f 5539/1505/973 5541/1448/973 5542/1447/973
f 5543/1506/978 5544/1490/978 5545/1445/978
f 5543/1506/978 5545/1445/978 5546/1448/978
f 5547/1494/973 5548/1493/973 5549/1450/973
f 5547/1494/973 5549/1450/973 5550/1449/973
f 5551/1493/974 5552/1507/974 5553/1451/974
f 5551/1493/974 5553/1451/974 5554/1450/974
f 5555/1507/975 5556/1508/975 5557/1452/975
f 5555/1507/975 5557/1452/975 5558/1451/975
f 5559/1508/976 5560/1494/976 5561/1449/976
f 5559/1508/976 5561/1449/976 5562/1452/976
f 5563/1498/975 5564/1497/975 5565/1454/975
f 5563/1498/975 5565/1454/975 5566/1453/975
f 5567/1497/977 5568/1509/977 5569/1455/977
f 5567/1497/977 5569/1455/977 5570/1454/977
f 5571/1509/973 5572/1510/973 5573/1456/973
f 5571/1509/973 5573/1456/973 5574/1455/973
f 5575/1510/978 5576/1498/978 5577/1453/978
f 5575/1510/978 5577/1453/978 5578/1456/978
f 5579/1511/973 5580/1512/973 5581/1458/973
f 5579/1511/973 5581/1458/973 5582/1457/973
f 5583/1512/974 5584/1513/974 5585/1459/974
f 5583/1512/979 5585/1459/979 5586/1458/979
f 5587/1513/975 5588/1514/975 5589/1460/975
f 5587/1513/975 5589/1460/975 5590/1459/975
f 5591/1514/976 5592/1511/976 5593/1457/976
f 5591/1514/976 5593/1457/976 5594/1460/976
f 5595/1470/975 5596/1469/975 5597/1462/975
f 5595/1470/975 5597/1462/975 5598/1461/975
f 5599/1469/977 5600/1515/977 5601/1463/977
f 5599/1469/977 5601/1463/977 5602/1462/977
f 5603/1515/973 5604/1516/973 5605/1464/973
f 5603/1515/973 5605/1464/973 5606/1463/973
f 5607/1516/978 5608/1470/978 5609/1461/978
f 5607/1516/978 5609/1461/978 5610/1464/978
f 5611/1478/973 5612/1477/973 5613/1466/973
f 5611/1478/973 5613/1466/973 5614/1465/973
f 5615/1477/974 5616/1517/974 5617/1467/974
f 5615/1477/979 5617/1467/979 5618/1466/979
f 5619/1517/975 5620/1518/975 5621/1468/975
f 5619/1517/975 5621/1468/975 5622/1467/975
f 5623/1518/976 5624/1478/976 5625/1465/976
f 5623/1518/976 5625/1465/976 5626/1468/976
f 5627/1519/954 5628/1520/954 5629/1340/954
f 5627/1519/954 5629/1340/954 5630/1339/954
f 5631/1521/954 5632/1522/954 5633/1344/954
f 5631/1521/954 5633/1344/954 5634/1343/954
f 5635/1523/953 5636/1524/953 5637/1348/953
f 5635/1523/953 5637/1348/953 5638/1347/953
f 5639/1525/953 5640/1526/953 5641/1352/953
f 5639/1525/953 5641/1352/953 5642/1351/953
f 5643/1527/954 5644/1528/954 5645/1356/954
f 5643/1527/954 5645/1356/954 5646/1355/954
f 5647/1529/953 5648/1530/953 5649/1359/953
f 5647/1529/953 5649/1359/953 5650/1358/953
f 5651/1522/954 5652/1527/954 5653/1355/954
f 5651/1522/954 5653/1355/954 5654/1344/954
f 5655/1530/953 5656/1523/953 5657/1347/953
f 5655/1530/953 5657/1347/953 5658/1359/953
f 5659/1526/953 5660/1529/953 5661/1358/953
f 5659/1526/953 5661/1358/953 5662/1352/953
f 5663/1528/954 5664/1519/954 5665/1339/954
f 5663/1528/954 5665/1339/954 5666/1356/954
f 5667/1531/980 5668/1532/980 5669/1533/980
f 5667/1531/980 5669/1533/980 5670/1534/980
f 5671/1534/981 5672/1533/981 5673/1535/981
f 5671/1534/981 5673/1535/981 5674/1536/981
f 5675/1536/982 5676/1535/982 5677/1537/982
f 5675/1536/982 5677/1537/982 5678/1538/982
f 5679/1538/983 5680/1537/983 5681/1539/983
f 5679/1538/983 5681/1539/983 5682/1540/983
f 5683/1540/984 5684/1539/984 5685/1541/984
f 5683/1540/984 5685/1541/984 5686/1542/984
f 5687/1542/985 5688/1541/985 5689/1543/985
f 5687/1542/985 5689/1543/985 5690/1544/985
f 5691/1544/986 5692/1543/986 5693/1545/986
f 5691/1544/986 5693/1545/986 5694/1546/986
f 5695/1546/987 5696/1545/987 5697/1547/987
f 5695/1546/987 5697/1547/987 5698/1548/987
f 5699/1549/988 5700/1550/988 5701/1551/988
f 5699/1549/988 5701/1551/988 5702/1552/988
f 5703/1550/989 5704/1553/989 5705/1554/989
f 5703/1550/989 5705/1554/989 5706/1551/989
f 5707/1553/990 5708/1555/990 5709/1556/990
f 5707/1553/990 5709/1556/990 5710/1554/990
f 5711/1555/991 5712/1557/991 5713/1558/991
f 5711/1555/991 5713/1558/991 5714/1556/991
f 5715/1557/992 5716/1559/992 5717/1560/992
f 5715/1557/992 5717/1560/992 5718/1558/992
f 5719/1559/993 5720/1561/993 5721/1562/993
f 5719/1559/993 5721/1562/993 5722/1560/993
f 5723/1561/994 5724/1563/994 5725/1564/994
f 5723/1561/994 5725/1564/994 5726/1562/994
f 5727/1563/995 5728/1549/995 5729/1552/995
f 5727/1563/995 5729/1552/995 5730/1564/995
f 5731/1549/980 5732/1550/980 5733/1550/980
f 5731/1549/980 5733/1550/980 5734/1549/980
f 5735/1550/981 5736/1553/981 5737/1553/981
f 5735/1550/981 5737/1553/981 5738/1550/981
f 5739/1553/982 5740/1555/982 5741/1555/982
f 5739/1553/982 5741/1555/982 5742/1553/982
f 5743/1555/983 5744/1557/983 5745/1557/983
f 5743/1555/983 5745/1557/983 5746/1555/983
f 5747/1557/984 5748/1559/984 5749/1559/984
f 5747/1557/984 5749/1559/984 5750/1557/984
f 5751/1559/985 5752/1561/985 5753/1561/985
f 5751/1559/985 5753/1561/985 5754/1559/985
f 5755/1561/986 5756/1563/986 5757/1563/986
f 5755/1561/986 5757/1563/986 5758/1561/986
f 5759/1563/987 5760/1549/987 5761/1549/987
f 5759/1563/987 5761/1549/987 5762/1563/987
f 5763/1549/980 5764/1550/980 5765/1550/980
f 5763/1549/980 5765/1550/980 5766/1549/980
f 5767/1550/981 5768/1553/981 5769/1553/981
f 5767/1550/981 5769/1553/981 5770/1550/981
f 5771/1553/982 5772/1565/982 5773/1565/982
f 5771/1553/982 5773/1565/982 5774/1553/982
f 5775/1565/983 5776/1557/983 5777/1557/983
f 5775/1565/983 5777/1557/983 5778/1565/983
f 5779/1557/984 5780/1559/984 5781/1559/984
f 5779/1557/984 5781/1559/984 5782/1557/984
f 5783/1559/985 5784/1561/985 5785/1561/985
f 5783/1559/985 5785/1561/985 5786/1559/985
f 5787/1561/986 5788/1563/986 5789/1563/986
f 5787/1561/986 5789/1563/986 5790/1561/986
f 5791/1563/987 5792/1549/987 5793/1549/987
f 5791/1563/987 5793/1549/987 5794/1563/987
f 5795/1566/988 5796/1567/988 5797/1550/988
f 5795/1566/988 5797/1550/988 5798/1549/988
f 5799/1567/989 5800/1568/989 5801/1553/989
f 5799/1567/989 5801/1553/989 5802/1550/989
f 5803/1568/990 5804/1569/990 5805/1555/990
f 5803/1568/990 5805/1555/990 5806/1553/990
f 5807/1569/991 5808/1570/991 5809/1557/991
f 5807/1569/991 5809/1557/991 5810/1555/991
f 5811/1570/992 5812/1571/992 5813/1559/992
f 5811/1570/992 5813/1559/992 5814/1557/992
f 5815/1571/993 5816/1572/993 5817/1561/993
f 5815/1571/993 5817/1561/993 5818/1559/993
f 5819/1572/994 5820/1573/994 5821/1563/994
f 5819/1572/994 5821/1563/994 5822/1561/994
f 5823/1573/995 5824/1566/995 5825/1549/995
f 5823/1573/995 5825/1549/995 5826/1563/995
f 5827/1574/996 5828/1575/996 5829/1567/996
f 5827/1574/996 5829/1567/996 5830/1566/996
f 5831/1575/996 5832/1576/996 5833/1568/996
f 5831/1575/996 5833/1568/996 5834/1567/996
f 5835/1576/996 5836/1577/996 5837/1569/996
f 5835/1576/996 5837/1569/996 5838/1568/996
f 5836/1577/996 5839/1578/996 5840/1570/996
f 5836/1577/996 5840/1570/996 5837/1569/996
f 5839/1578/996 5841/1579/996 5842/1571/996
f 5839/1578/996 5842/1571/996 5840/1570/996
f 5843/1579/996 5844/1580/996 5845/1572/996
f 5843/1579/996 5845/1572/996 5846/1571/996
f 5847/1580/996 5848/1581/996 5849/1573/996
f 5847/1580/996 5849/1573/996 5850/1572/996
f 5851/1581/996 5852/1574/996 5853/1566/996
f 5851/1581/996 5853/1566/996 5854/1573/996
f 5855/1582/984 5856/1583/984 5857/1583/984
f 5855/1582/984 5857/1583/984 5858/1582/984
f 5859/1583/985 5860/1584/985 5861/1584/985
f 5859/1583/985 5861/1584/985 5862/1583/985
f 5863/1584/986 5864/1585/986 5865/1585/986
f 5863/1584/986 5865/1585/986 5866/1584/986
f 5867/1585/987 5868/1586/987 5869/1586/987
f 5867/1585/987 5869/1586/987 5870/1585/987
f 5871/1586/980 5872/1587/980 5873/1587/980
f 5871/1586/980 5873/1587/980 5874/1586/980
f 5875/1587/981 5876/1588/981 5877/1588/981
f 5875/1587/981 5877/1588/981 5878/1587/981
f 5879/1588/982 5880/1589/982 5881/1589/982
f 5879/1588/982 5881/1589/982 5882/1588/982
f 5883/1589/983 5884/1582/983 5885/1582/983
f 5883/1589/983 5885/1582/983 5886/1589/983
f 5887/1549/997 5888/1550/997 5889/1550/997
f 5887/1549/997 5889/1550/997 5890/1549/997
f 5891/1550/998 5892/1553/998 5893/1553/998
f 5891/1550/998 5893/1553/998 5894/1550/998
f 5895/1553/999 5896/1565/999 5897/1555/999
f 5895/1553/999 5897/1555/999 5898/1553/999
f 5899/1565/1000 5900/1557/1000 5901/1557/1000
f 5899/1565/1000 5901/1557/1000 5902/1555/1000
f 5903/1557/1001 5904/1559/1001 5905/1559/1001
f 5903/1557/1001 5905/1559/1001 5906/1557/1001
f 5907/1559/1002 5908/1561/1002 5909/1561/1002
f 5907/1559/1002 5909/1561/1002 5910/1559/1002
f 5911/1561/1003 5912/1563/1003 5913/1563/1003
f 5911/1561/1003 5913/1563/1003 5914/1561/1003
f 5915/1563/1004 5916/1549/1004 5917/1549/1004
f 5915/1563/1004 5917/1549/1004 5918/1563/1004
f 5919/1550/1005 5920/1549/1005 5921/1549/1005
f 5919/1550/1005 5921/1549/1005 5922/1550/1005
f 5923/1553/1006 5924/1550/1006 5925/1550/1006
f 5923/1553/1006 5925/1550/1006 5926/1553/1006
f 5927/1565/1007 5928/1553/1007 5929/1553/1007
f 5927/1565/1007 5929/1553/1007 5930/1555/1007
f 5931/1557/1008 5932/1565/1008 5933/1555/1008
f 5931/1557/1008 5933/1555/1008 5934/1557/1008
f 5935/1559/1009 5936/1557/1009 5937/1557/1009
f 5935/1559/1009 5937/1557/1009 5938/1559/1009
f 5939/1561/1010 5940/1559/1010 5941/1559/1010
f 5939/1561/1010 5941/1559/1010 5942/1561/1010
f 5943/1563/1011 5944/1561/1011 5945/1561/1011
f 5943/1563/1011 5945/1561/1011 5946/1563/1011
f 5947/1549/1012 5948/1563/1012 5949/1563/1012
f 5947/1549/1012 5949/1563/1012 5950/1549/1012
f 5951/1531/980 5952/1532/980 5953/1533/980
f 5951/1531/980 5953/1533/980 5954/1534/980
f 5955/1534/981 5956/1533/981 5957/1535/981
f 5955/1534/981 5957/1535/981 5958/1536/981
f 5959/1536/982 5960/1535/982 5961/1537/982
f 5959/1536/982 5961/1537/982 5962/1538/982
f 5963/1538/983 5964/1537/983 5965/1539/983
f 5963/1538/983 5965/1539/983 5966/1540/983
f 5967/1540/984 5968/1539/984 5969/1541/984
f 5967/1540/984 5969/1541/984 5970/1542/984
f 5971/1542/985 5972/1541/985 5973/1543/985
f 5971/1542/985 5973/1543/985 5974/1544/985
f 5975/1544/986 5976/1543/986 5977/1545/986
f 5975/1544/986 5977/1545/986 5978/1546/986
f 5979/1546/987 5980/1545/987 5981/1547/987
f 5979/1546/987 5981/1547/987 5982/1548/987
f 5983/1549/988 5984/1550/988 5985/1551/988
f 5983/1549/988 5985/1551/988 5986/1552/988
f 5987/1550/989 5988/1553/989 5989/1554/989
f 5987/1550/989 5989/1554/989 5990/1551/989
f 5991/1553/990 5992/1555/990 5993/1556/990
f 5991/1553/990 5993/1556/990 5994/1554/990
f 5995/1555/991 5996/1557/991 5997/1558/991
f 5995/1555/991 5997/1558/991 5998/1556/991
f 5999/1557/992 6000/1559/992 6001/1560/992
f 5999/1557/992 6001/1560/992 6002/1558/992
f 6003/1559/993 6004/1561/993 6005/1562/993
f 6003/1559/993 6005/1562/993 6006/1560/993
f 6007/1561/994 6008/1563/994 6009/1564/994
f 6007/1561/994 6009/1564/994 6010/1562/994
f 6011/1563/995 6012/1549/995 6013/1552/995
f 6011/1563/995 6013/1552/995 6014/1564/995
f 6015/1549/980 6016/1550/980 6017/1550/980
f 6015/1549/980 6017/1550/980 6018/1549/980
f 6019/1550/981 6020/1553/981 6021/1553/981
f 6019/1550/981 6021/1553/981 6022/1550/981
f 6023/1553/982 6024/1555/982 6025/1555/982
f 6023/1553/982 6025/1555/982 6026/1553/982
f 6027/1555/983 6028/1557/983 6029/1557/983
f 6027/1555/983 6029/1557/983 6030/1555/983
f 6031/1557/984 6032/1559/984 6033/1559/984
f 6031/1557/984 6033/1559/984 6034/1557/984
f 6035/1559/985 6036/1561/985 6037/1561/985
f 6035/1559/985 6037/1561/985 6038/1559/985
f 6039/1561/986 6040/1563/986 6041/1563/986
f 6039/1561/986 6041/1563/986 6042/1561/986
f 6043/1563/987 6044/1549/987 6045/1549/987
f 6043/1563/987 6045/1549/987 6046/1563/987
f 6047/1549/980 6048/1550/980 6049/1550/980
f 6047/1549/980 6049/1550/980 6050/1549/980
f 6051/1550/981 6052/1553/981 6053/1553/981
f 6051/1550/981 6053/1553/981 6054/1550/981
f 6055/1553/982 6056/1565/982 6057/1565/982
f 6055/1553/982 6057/1565/982 6058/1553/982
f 6059/1565/983 6060/1557/983 6061/1557/983
f 6059/1565/983 6061/1557/983 6062/1565/983
f 6063/1557/984 6064/1559/984 6065/1559/984
f 6063/1557/984 6065/1559/984 6066/1557/984
f 6067/1559/985 6068/1561/985 6069/1561/985
f 6067/1559/985 6069/1561/985 6070/1559/985
f 6071/1561/986 6072/1563/986 6073/1563/986
f 6071/1561/986 6073/1563/986 6074/1561/986
f 6075/1563/987 6076/1549/987 6077/1549/987
f 6075/1563/987 6077/1549/987 6078/1563/987
f 6079/1566/988 6080/1567/988 6081/1550/988
f 6079/1566/988 6081/1550/988 6082/1549/988
f 6083/1567/989 6084/1568/989 6085/1553/989
f 6083/1567/989 6085/1553/989 6086/1550/989
f 6087/1568/990 6088/1569/990 6089/1555/990
f 6087/1568/990 6089/1555/990 6090/1553/990
f 6091/1569/991 6092/1570/991 6093/1557/991
f 6091/1569/991 6093/1557/991 6094/1555/991
f 6095/1570/992 6096/1571/992 6097/1559/992
f 6095/1570/992 6097/1559/992 6098/1557/992
f 6099/1571/993 6100/1572/993 6101/1561/993
f 6099/1571/993 6101/1561/993 6102/1559/993
f 6103/1572/994 6104/1573/994 6105/1563/994
f 6103/1572/994 6105/1563/994 6106/1561/994
f 6107/1573/995 6108/1566/995 6109/1549/995
f 6107/1573/995 6109/1549/995 6110/1563/995
f 6111/1574/996 6112/1575/996 6113/1567/996
f 6111/1574/996 6113/1567/996 6114/1566/996
f 6112/1575/996 6115/1576/996 6116/1568/996
f 6112/1575/996 6116/1568/996 6113/1567/996
f 6115/1576/996 6117/1577/996 6118/1569/996
f 6115/1576/996 6118/1569/996 6116/1568/996
f 6117/1577/996 6119/1578/996 6120/1570/996
f 6117/1577/996 6120/1570/996 6118/1569/996
f 6121/1578/996 6122/1579/996 6123/1571/996
f 6121/1578/996 6123/1571/996 6124/1570/996
f 6125/1579/996 6126/1580/996 6127/1572/996
f 6125/1579/996 6127/1572/996 6128/1571/996
f 6126/1580/996 6129/1581/996 6130/1573/996
f 6126/1580/996 6130/1573/996 6127/1572/996
f 6131/1581/996 6132/1574/996 6133/1566/996
f 6131/1581/996 6133/1566/996 6134/1573/996
f 6135/1582/984 6136/1583/984 6137/1583/984
f 6135/1582/984 6137/1583/984 6138/1582/984
f 6139/1583/985 6140/1584/985 6141/1584/985
f 6139/1583/985 6141/1584/985 6142/1583/985
f 6143/1584/986 6144/1585/986 6145/1585/986
f 6143/1584/986 6145/1585/986 6146/1584/986
f 6147/1585/987 6148/1586/987 6149/1586/987
f 6147/1585/987 6149/1586/987 6150/1585/987
f 6151/1586/980 6152/1587/980 6153/1587/980
f 6151/1586/980 6153/1587/980 6154/1586/980
f 6155/1587/981 6156/1588/981 6157/1588/981
f 6155/1587/981 6157/1588/981 6158/1587/981
f 6159/1588/982 6160/1589/982 6161/1589/982
f 6159/1588/982 6161/1589/982 6162/1588/982
f 6163/1589/983 6164/1582/983 6165/1582/983
f 6163/1589/983 6165/1582/983 6166/1589/983
f 6167/1549/997 6168/1550/997 6169/1550/997
f 6167/1549/997 6169/1550/997 6170/1549/997
f 6171/1550/998 6172/1553/998 6173/1553/998
f 6171/1550/998 6173/1553/998 6174/1550/998
f 6175/1553/999 6176/1565/999 6177/1555/999
f 6175/1553/999 6177/1555/999 6178/1553/999
f 6179/1565/1000 6180/1557/1000 6181/1557/1000
f 6179/1565/1000 6181/1557/1000 6182/1555/1000
f 6183/1557/1001 6184/1559/1001 6185/1559/1001
f 6183/1557/1001 6185/1559/1001 6186/1557/1001
f 6187/1559/1002 6188/1561/1002 6189/1561/1002
f 6187/1559/1002 6189/1561/1002 6190/1559/1002
f 6191/1561/1003 6192/1563/1003 6193/1563/1003
f 6191/1561/1003 6193/1563/1003 6194/1561/1003
f 6195/1563/1004 6196/1549/1004 6197/1549/1004
f 6195/1563/1004 6197/1549/1004 6198/1563/1004
f 6199/1550/1005 6200/1549/1005 6201/1549/1005
f 6199/1550/1005 6201/1549/1005 6202/1550/1005
f 6203/1553/1006 6204/1550/1006 6205/1550/1006
f 6203/1553/1006 6205/1550/1006 6206/1553/1006
f 6207/1565/1007 6208/1553/1007 6209/1553/1007
f 6207/1565/1007 6209/1553/1007 6210/1555/1007
f 6211/1557/1008 6212/1565/1008 6213/1555/1008
f 6211/1557/1008 6213/1555/1008 6214/1557/1008
f 6215/1559/1009 6216/1557/1009 6217/1557/1009
f 6215/1559/1009 6217/1557/1009 6218/1559/1009
f 6219/1561/1010 6220/1559/1010 6221/1559/1010
f 6219/1561/1010 6221/1559/1010 6222/1561/1010
f 6223/1563/1011 6224/1561/1011 6225/1561/1011
f 6223/1563/1011 6225/1561/1011 6226/1563/1011
f 6227/1549/1012 6228/1563/1012 6229/1563/1012
f 6227/1549/1012 6229/1563/1012 6230/1549/1012
f 6231/1531/980 6232/1532/980 6233/1533/980
f 6231/1531/980 6233/1533/980 6234/1534/980
f 6235/1534/981 6236/1533/981 6237/1535/981
f 6235/1534/981 6237/1535/981 6238/1536/981
f 6239/1536/982 6240/1535/982 6241/1537/982
f 6239/1536/982 6241/1537/982 6242/1538/982
f 6243/1538/983 6244/1537/983 6245/1539/983
f 6243/1538/983 6245/1539/983 6246/1540/983
f 6247/1540/984 6248/1539/984 6249/1541/984
f 6247/1540/984 6249/1541/984 6250/1542/984
f 6251/1542/985 6252/1541/985 6253/1543/985
f 6251/1542/985 6253/1543/985 6254/1544/985
f 6255/1544/986 6256/1543/986 6257/1545/986
f 6255/1544/986 6257/1545/986 6258/1546/986
f 6259/1546/987 6260/1545/987 6261/1547/987
f 6259/1546/987 6261/1547/987 6262/1548/987
f 6263/1549/988 6264/1550/988 6265/1551/988
f 6263/1549/988 6265/1551/988 6266/1552/988
f 6267/1550/989 6268/1553/989 6269/1554/989
f 6267/1550/989 6269/1554/989 6270/1551/989
f 6271/1553/990 6272/1555/990 6273/1556/990
f 6271/1553/990 6273/1556/990 6274/1554/990
f 6275/1555/991 6276/1557/991 6277/1558/991
f 6275/1555/991 6277/1558/991 6278/1556/991
f 6279/1557/992 6280/1559/992 6281/1560/992
f 6279/1557/992 6281/1560/992 6282/1558/992
f 6283/1559/993 6284/1561/993 6285/1562/993
f 6283/1559/993 6285/1562/993 6286/1560/993
f 6287/1561/994 6288/1563/994 6289/1564/994
f 6287/1561/994 6289/1564/994 6290/1562/994
f 6291/1563/995 6292/1549/995 6293/1552/995
f 6291/1563/995 6293/1552/995 6294/1564/995
f 6295/1549/980 6296/1550/980 6297/1550/980
f 6295/1549/980 6297/1550/980 6298/1549/980
f 6299/1550/981 6300/1553/981 6301/1553/981
f 6299/1550/981 6301/1553/981 6302/1550/981
f 6303/1553/982 6304/1555/982 6305/1555/982
f 6303/1553/982 6305/1555/982 6306/1553/982
f 6307/1555/983 6308/1557/983 6309/1557/983
f 6307/1555/983 6309/1557/983 6310/1555/983
f 6311/1557/984 6312/1559/984 6313/1559/984
f 6311/1557/984 6313/1559/984 6314/1557/984
f 6315/1559/985 6316/1561/985 6317/1561/985
f 6315/1559/985 6317/1561/985 6318/1559/985
f 6319/1561/986 6320/1563/986 6321/1563/986
f 6319/1561/986 6321/1563/986 6322/1561/986
f 6323/1563/987 6324/1549/987 6325/1549/987
f 6323/1563/987 6325/1549/987 6326/1563/987
f 6327/1549/980 6328/1550/980 6329/1550/980
f 6327/1549/980 6329/1550/980 6330/1549/980
f 6331/1550/981 6332/1553/981 6333/1553/981
f 6331/1550/981 6333/1553/981 6334/1550/981
f 6335/1553/982 6336/1565/982 6337/1565/982
f 6335/1553/982 6337/1565/982 6338/1553/982
f 6339/1565/983 6340/1557/983 6341/1557/983
f 6339/1565/983 6341/1557/983 6342/1565/983
f 6343/1557/984 6344/1559/984 6345/1559/984
f 6343/1557/984 6345/1559/984 6346/1557/984
f 6347/1559/985 6348/1561/985 6349/1561/985
f 6347/1559/985 6349/1561/985 6350/1559/985
f 6351/1561/986 6352/1563/986 6353/1563/986
f 6351/1561/986 6353/1563/986 6354/1561/986
f 6355/1563/987 6356/1549/987 6357/1549/987
f 6355/1563/987 6357/1549/987 6358/1563/987
f 6359/1566/988 6360/1567/988 6361/1550/988
f 6359/1566/988 6361/1550/988 6362/1549/988
f 6363/1567/989 6364/1568/989 6365/1553/989
f 6363/1567/989 6365/1553/989 6366/1550/989
f 6367/1568/990 6368/1569/990 6369/1555/990
f 6367/1568/990 6369/1555/990 6370/1553/990
f 6371/1569/991 6372/1570/991 6373/1557/991
f 6371/1569/991 6373/1557/991 6374/1555/991
f 6375/1570/992 6376/1571/992 6377/1559/992
f 6375/1570/992 6377/1559/992 6378/1557/992
f 6379/1571/993 6380/1572/993 6381/1561/993
f 6379/1571/993 6381/1561/993 6382/1559/993
f 6383/1572/994 6384/1573/994 6385/1563/994
f 6383/1572/994 6385/1563/994 6386/1561/994
f 6387/1573/995 6388/1566/995 6389/1549/995
f 6387/1573/995 6389/1549/995 6390/1563/995
f 6391/1574/996 6392/1575/996 6393/1567/996
f 6391/1574/996 6393/1567/996 6394/1566/996
f 6392/1575/996 6395/1576/996 6396/1568/996
f 6392/1575/996 6396/1568/996 6393/1567/996
f 6395/1576/996 6397/1577/996 6398/1569/996
f 6395/1576/996 6398/1569/996 6396/1568/996
f 6397/1577/996 6399/1578/996 6400/1570/996
f 6397/1577/996 6400/1570/996 6398/1569/996
f 6399/1578/996 6401/1579/996 6402/1571/996
f 6399/1578/996 6402/1571/996 6400/1570/996
f 6401/1579/996 6403/1580/996 6404/1572/996
f 6401/1579/996 6404/1572/996 6402/1571/996
f 6403/1580/996 6405/1581/996 6406/1573/996
f 6403/1580/996 6406/1573/996 6404/1572/996
f 6405/1581/996 6391/1574/996 6394/1566/996
f 6405/1581/996 6394/1566/996 6406/1573/996
f 6407/1582/984 6408/1583/984 6409/1583/984
f 6407/1582/984 6409/1583/984 6410/1582/984
f 6411/1583/985 6412/1584/985 6413/1584/985
f 6411/1583/985 6413/1584/985 6414/1583/985
f 6415/1584/986 6416/1585/986 6417/1585/986
f 6415/1584/986 6417/1585/986 6418/1584/986
f 6419/1585/987 6420/1586/987 6421/1586/987
f 6419/1585/987 6421/1586/987 6422/1585/987
f 6423/1586/980 6424/1587/980 6425/1587/980
f 6423/1586/980 6425/1587/980 6426/1586/980
f 6427/1587/981 6428/1588/981 6429/1588/981
f 6427/1587/981 6429/1588/981 6430/1587/981
f 6431/1588/982 6432/1589/982 6433/1589/982
f 6431/1588/982 6433/1589/982 6434/1588/982
f 6435/1589/983 6436/1582/983 6437/1582/983
f 6435/1589/983 6437/1582/983 6438/1589/983
f 6439/1549/997 6440/1550/997 6441/1550/997
f 6439/1549/997 6441/1550/997 6442/1549/997
f 6443/1550/998 6444/1553/998 6445/1553/998
f 6443/1550/998 6445/1553/998 6446/1550/998
f 6447/1553/999 6448/1565/999 6449/1555/999
f 6447/1553/999 6449/1555/999 6450/1553/999
f 6451/1565/1000 6452/1557/1000 6453/1557/1000
f 6451/1565/1000 6453/1557/1000 6454/1555/1000
f 6455/1557/1001 6456/1559/1001 6457/1559/1001
f 6455/1557/1001 6457/1559/1001 6458/1557/1001
f 6459/1559/1002 6460/1561/1002 6461/1561/1002
f 6459/1559/1002 6461/1561/1002 6462/1559/1002
f 6463/1561/1003 6464/1563/1003 6465/1563/1003
f 6463/1561/1003 6465/1563/1003 6466/1561/1003
f 6467/1563/1004 6468/1549/1004 6469/1549/1004
f 6467/1563/1004 6469/1549/1004 6470/1563/1004
f 6471/1550/1005 6472/1549/1005 6473/1549/1005
f 6471/1550/1005 6473/1549/1005 6474/1550/1005
f 6475/1553/1006 6476/1550/1006 6477/1550/1006
f 6475/1553/1006 6477/1550/1006 6478/1553/1006
f 6479/1565/1007 6480/1553/1007 6481/1553/1007
f 6479/1565/1007 6481/1553/1007 6482/1555/1007
f 6483/1557/1008 6484/1565/1008 6485/1555/1008
f 6483/1557/1008 6485/1555/1008 6486/1557/1008
f 6487/1559/1009 6488/1557/1009 6489/1557/1009
f 6487/1559/1009 6489/1557/1009 6490/1559/1009
f 6491/1561/1010 6492/1559/1010 6493/1559/1010
f 6491/1561/1010 6493/1559/1010 6494/1561/1010
f 6495/1563/1011 6496/1561/1011 6497/1561/1011
f 6495/1563/1011 6497/1561/1011 6498/1563/1011
f 6499/1549/1012 6500/1563/1012 6501/1563/1012
f 6499/1549/1012 6501/1563/1012 6502/1549/1012
f 6503/1307/956 6504/1302/956 6505/1305/956
f 6503/1307/956 6505/1305/956 6506/1308/956
f 6507/1309/1013 6508/1312/1013 6509/1311/1013
f 6507/1309/1013 6509/1311/1013 6510/1310/1013
f 6511/1313/1013 6512/1309/1013 6513/1310/1013
f 6511/1313/1013 6513/1310/1013 6514/1314/1013
f 6515/1315/955 6516/1299/955 6517/1300/955
f 6515/1315/955 6517/1300/955 6518/1316/955
f 6519/1317/1014 6520/1320/1014 6521/1319/1014
f 6519/1317/1014 6521/1319/1014 6522/1318/1014
f 6523/1321/956 6524/1324/956 6525/1323/956
f 6523/1321/956 6525/1323/956 6526/1322/956
f 6527/1325/956 6528/1326/956 6529/1324/956
f 6527/1325/956 6529/1324/956 6530/1321/956
f 6531/1327/1015 6532/1330/1015 6533/1329/1015
f 6531/1327/1015 6533/1329/1015 6534/1328/1015
f 6535/1320/1014 6536/1332/1014 6537/1331/1014
f 6535/1320/1014 6537/1331/1014 6538/1319/1014
f 6539/1320/1016 6540/1320/1016 6541/1319/1016
f 6539/1320/1016 6541/1319/1016 6542/1319/1016
f 6543/1312/1013 6544/1312/1013 6545/1311/1013
f 6543/1312/1013 6545/1311/1013 6546/1311/1013
f 6547/1333/955 6548/1336/955 6549/1335/955
f 6547/1333/955 6549/1335/955 6550/1334/955
f 6551/1337/955 6552/1338/955 6553/1336/955
f 6551/1337/955 6553/1336/955 6554/1333/955
f 6555/1339/1017 6556/1342/1017 6557/1341/1017
f 6555/1339/1017 6557/1341/1017 6558/1340/1017
f 6559/1343/1018 6560/1346/1018 6561/1345/1018
f 6559/1343/1018 6561/1345/1018 6562/1344/1018
f 6563/1347/1019 6564/1350/1019 6565/1349/1019
f 6563/1347/1019 6565/1349/1019 6566/1348/1019
f 6567/1351/1020 6568/1354/1020 6569/1353/1020
f 6567/1351/1020 6569/1353/1020 6570/1352/1020
f 6571/1355/1021 6572/1357/1021 6573/1321/1021
f 6571/1355/1021 6573/1321/1021 6574/1356/1021
f 6575/1358/1022 6576/1333/1022 6577/1360/1022
f 6575/1358/1022 6577/1360/1022 6578/1359/1022
f 6579/1344/1018 6580/1345/1018 6581/1357/1018
f 6579/1344/1018 6581/1357/1018 6582/1355/1018
f 6583/1359/1023 6584/1360/1023 6585/1350/1023
f 6583/1359/1019 6585/1350/1019 6586/1347/1019
f 6587/1352/1020 6588/1353/1020 6589/1333/1020
f 6587/1352/1020 6589/1333/1020 6590/1358/1020
f 6591/1356/1017 6592/1321/1017 6593/1342/1017
f 6591/1356/1024 6593/1342/1024 6594/1339/1024
f 6595/1321/1025 6596/1321/1025 6597/1357/1025
f 6595/1321/1026 6597/1357/1026 6598/1325/1026
f 6599/1334/1027 6600/1360/1027 6601/1333/1027
f 6599/1334/1027 6601/1333/1027 6602/1333/1027
f 6603/1333/1019 6604/1333/1019 6605/1353/1019
f 6603/1333/1023 6605/1353/1023 6606/1337/1023
f 6607/1322/1018 6608/1342/1018 6609/1321/1018
f 6607/1322/1018 6609/1321/1018 6610/1321/1018
f 6611/1338/1020 6612/1353/1020 6613/1333/1020
f 6611/1338/1028 6613/1333/1028 6614/1336/1028
f 6615/1324/1017 6616/1321/1017 6617/1342/1017
f 6615/1324/1024 6617/1342/1024 6618/1323/1024
f 6619/1325/1018 6620/1357/1018 6621/1357/1018
f 6619/1325/1018 6621/1357/1018 6622/1326/1018
f 6623/1323/1029 6624/1342/1029 6625/1342/1029
f 6623/1323/1029 6625/1342/1029 6626/1322/1029
f 6627/1337/1030 6628/1353/1030 6629/1353/1030
f 6627/1337/1030 6629/1353/1030 6630/1338/1030
f 6631/1335/1023 6632/1360/1023 6633/1360/1023
f 6631/1335/1023 6633/1360/1023 6634/1334/1023
f 6635/1361/1015 6636/1364/1015 6637/1363/1015
f 6635/1361/1015 6637/1363/1015 6638/1362/1015
f 6639/1365/1015 6640/1368/1015 6641/1367/1015
f 6639/1365/1015 6641/1367/1015 6642/1366/1015
f 6643/1369/1015 6644/1372/1015 6645/1371/1015
f 6643/1369/1015 6645/1371/1015 6646/1370/1015
f 6647/1373/1015 6648/1376/1015 6649/1375/1015
f 6647/1373/1015 6649/1375/1015 6650/1374/1015
f 6651/1377/1015 6652/1380/1015 6653/1379/1015
f 6651/1377/1015 6653/1379/1015 6654/1378/1015
f 6655/1381/1015 6656/1384/1015 6657/1383/1015
f 6655/1381/1015 6657/1383/1015 6658/1382/1015
f 6659/1385/1015 6660/1388/1015 6661/1387/1015
f 6659/1385/1015 6661/1387/1015 6662/1386/1015
f 6663/1389/1015 6664/1327/1015 6665/1328/1015
f 6663/1389/1015 6665/1328/1015 6666/1390/1015
f 6667/1391/1015 6668/1394/1015 6669/1393/1015
f 6667/1391/1015 6669/1393/1015 6670/1392/1015
f 6671/1395/1015 6672/1329/1015 6673/1330/1015
f 6671/1395/1015 6673/1330/1015 6674/1396/1015
f 6675/1397/1031 6676/1400/1031 6677/1399/1031
f 6675/1397/1015 6677/1399/1015 6678/1398/1015
f 6679/1401/1015 6680/1404/1015 6681/1403/1015
f 6679/1401/1015 6681/1403/1015 6682/1402/1015
f 6683/1405/1015 6684/1362/1015 6685/1363/1015
f 6683/1405/1015 6685/1363/1015 6686/1406/1015
f 6687/1407/1032 6688/1410/1032 6689/1409/1032
f 6687/1407/1015 6689/1409/1015 6690/1408/1015
f 6691/1411/1032 6692/1364/1032 6693/1361/1032
f 6691/1411/1015 6693/1361/1015 6694/1412/1015
f 6695/1413/1015 6696/1416/1015 6697/1415/1015
f 6695/1413/1015 6697/1415/1015 6698/1414/1015
f 6699/1417/1015 6700/1366/1015 6701/1367/1015
f 6699/1417/1015 6701/1367/1015 6702/1418/1015
f 6703/1419/1015 6704/1422/1015 6705/1421/1015
f 6703/1419/1015 6705/1421/1015 6706/1420/1015
f 6707/1423/1015 6708/1368/1015 6709/1365/1015
f 6707/1423/1015 6709/1365/1015 6710/1424/1015
f 6711/1425/1015 6712/1428/1015 6713/1427/1015
f 6711/1425/1015 6713/1427/1015 6714/1426/1015
f 6715/1429/1015 6716/1370/1015 6717/1371/1015
f 6715/1429/1015 6717/1371/1015 6718/1430/1015
f 6719/1431/1015 6720/1434/1015 6721/1433/1015
f 6719/1431/1015 6721/1433/1015 6722/1432/1015
f 6723/1435/1015 6724/1372/1015 6725/1369/1015
f 6723/1435/1015 6725/1369/1015 6726/1436/1015
f 6727/1437/1015 6728/1440/1015 6729/1439/1015
f 6727/1437/1015 6729/1439/1015 6730/1438/1015
f 6731/1406/1015 6732/1374/1015 6733/1375/1015
f 6731/1406/1015 6733/1375/1015 6734/1417/1015
f 6735/1441/1015 6736/1444/1015 6737/1443/1015
f 6735/1441/1015 6737/1443/1015 6738/1442/1015
f 6739/1424/1015 6740/1376/1015 6741/1373/1015
f 6739/1424/1015 6741/1373/1015 6742/1411/1015
f 6743/1445/1015 6744/1448/1015 6745/1447/1015
f 6743/1445/1015 6745/1447/1015 6746/1446/1015
f 6747/1418/1015 6748/1378/1015 6749/1379/1015
f 6747/1418/1015 6749/1379/1015 6750/1429/1015
f 6751/1449/1015 6752/1452/1015 6753/1451/1015
f 6751/1449/1015 6753/1451/1015 6754/1450/1015
f 6755/1436/1015 6756/1380/1015 6757/1377/1015
f 6755/1436/1015 6757/1377/1015 6758/1423/1015
f 6759/1453/1015 6760/1456/1015 6761/1455/1015
f 6759/1453/1015 6761/1455/1015 6762/1454/1015
f 6763/1430/1015 6764/1382/1015 6765/1383/1015
f 6763/1430/1015 6765/1383/1015 6766/1332/1015
f 6767/1457/1015 6768/1460/1015 6769/1459/1015
f 6767/1457/1015 6769/1459/1015 6770/1458/1015
f 6771/1331/1015 6772/1384/1015 6773/1381/1015
f 6771/1331/1015 6773/1381/1015 6774/1435/1015
f 6775/1461/1015 6776/1464/1015 6777/1463/1015
f 6775/1461/1015 6777/1463/1015 6778/1462/1015
f 6779/1390/1015 6780/1386/1015 6781/1387/1015
f 6779/1390/1015 6781/1387/1015 6782/1405/1015
f 6783/1465/1015 6784/1468/1015 6785/1467/1015
f 6783/1465/1015 6785/1467/1015 6786/1466/1015
f 6787/1412/1015 6788/1388/1015 6789/1385/1015
f 6787/1412/1015 6789/1385/1015 6790/1395/1015
f 6791/1469/1033 6792/1391/1033 6793/1392/1033
f 6791/1469/1033 6793/1392/1033 6794/1470/1033
f 6795/1470/1034 6796/1392/1034 6797/1393/1034
f 6795/1470/1034 6797/1393/1034 6798/1471/1034
f 6799/1471/1035 6800/1393/1035 6801/1394/1035
f 6799/1471/1036 6801/1394/1036 6802/1472/1036
f 6803/1472/1037 6804/1394/1037 6805/1391/1037
f 6803/1472/1038 6805/1391/1038 6806/1469/1038
f 6807/1473/1035 6808/1397/1035 6809/1398/1035
f 6807/1473/1035 6809/1398/1035 6810/1474/1035
f 6811/1474/1039 6812/1398/1039 6813/1399/1039
f 6811/1474/1040 6813/1399/1040 6814/1475/1040
f 6815/1475/1033 6816/1399/1033 6817/1400/1033
f 6815/1475/1033 6817/1400/1033 6818/1476/1033
f 6819/1476/1041 6820/1400/1041 6821/1397/1041
f 6819/1476/1042 6821/1397/1042 6822/1473/1042
f 6823/1477/1035 6824/1401/1035 6825/1402/1035
f 6823/1477/1035 6825/1402/1035 6826/1478/1035
f 6827/1478/1040 6828/1402/1040 6829/1403/1040
f 6827/1478/1040 6829/1403/1040 6830/1479/1040
f 6831/1479/1033 6832/1403/1033 6833/1404/1033
f 6831/1479/1033 6833/1404/1033 6834/1480/1033
f 6835/1480/1041 6836/1404/1041 6837/1401/1041
f 6835/1480/1041 6837/1401/1041 6838/1477/1041
f 6839/1481/1033 6840/1407/1033 6841/1408/1033
f 6839/1481/1033 6841/1408/1033 6842/1482/1033
f 6843/1482/1034 6844/1408/1034 6845/1409/1034
f 6843/1482/1043 6845/1409/1043 6846/1483/1043
f 6847/1483/1036 6848/1409/1036 6849/1410/1036
f 6847/1483/1035 6849/1410/1035 6850/1484/1035
f 6851/1484/1037 6852/1410/1037 6853/1407/1037
f 6851/1484/1037 6853/1407/1037 6854/1481/1037
f 6855/1485/1035 6856/1413/1035 6857/1414/1035
f 6855/1485/1035 6857/1414/1035 6858/1486/1035
f 6859/1486/1040 6860/1414/1040 6861/1415/1040
f 6859/1486/1040 6861/1415/1040 6862/1487/1040
f 6863/1487/1033 6864/1415/1033 6865/1416/1033
f 6863/1487/1033 6865/1416/1033 6866/1488/1033
f 6867/1488/1041 6868/1416/1041 6869/1413/1041
f 6867/1488/1041 6869/1413/1041 6870/1485/1041
f 6871/1489/1033 6872/1419/1033 6873/1420/1033
f 6871/1489/1033 6873/1420/1033 6874/1490/1033
f 6875/1490/1034 6876/1420/1034 6877/1421/1034
f 6875/1490/1034 6877/1421/1034 6878/1491/1034
f 6879/1491/1035 6880/1421/1035 6881/1422/1035
f 6879/1491/1035 6881/1422/1035 6882/1492/1035
f 6883/1492/1037 6884/1422/1037 6885/1419/1037
f 6883/1492/1037 6885/1419/1037 6886/1489/1037
f 6887/1493/1035 6888/1425/1035 6889/1426/1035
f 6887/1493/1035 6889/1426/1035 6890/1494/1035
f 6891/1494/1040 6892/1426/1040 6893/1427/1040
f 6891/1494/1040 6893/1427/1040 6894/1495/1040
f 6895/1495/1033 6896/1427/1033 6897/1428/1033
f 6895/1495/1033 6897/1428/1033 6898/1496/1033
f 6899/1496/1041 6900/1428/1041 6901/1425/1041
f 6899/1496/1042 6901/1425/1042 6902/1493/1042
f 6903/1497/1033 6904/1431/1033 6905/1432/1033
f 6903/1497/1033 6905/1432/1033 6906/1498/1033
f 6907/1498/1034 6908/1432/1034 6909/1433/1034
f 6907/1498/1034 6909/1433/1034 6910/1499/1034
f 6911/1499/1035 6912/1433/1035 6913/1434/1035
f 6911/1499/1035 6913/1434/1035 6914/1500/1035
f 6915/1500/1037 6916/1434/1037 6917/1431/1037
f 6915/1500/1037 6917/1431/1037 6918/1497/1037
f 6919/1482/1035 6920/1437/1035 6921/1438/1035
f 6919/1482/1044 6921/1438/1044 6922/1481/1044
f 6923/1481/1040 6924/1438/1040 6925/1439/1040
f 6923/1481/1039 6925/1439/1039 6926/1501/1039
f 6927/1501/1033 6928/1439/1033 6929/1440/1033
f 6927/1501/1033 6929/1440/1033 6930/1502/1033
f 6931/1502/1042 6932/1440/1042 6933/1437/1042
f 6931/1502/1041 6933/1437/1041 6934/1482/1041
f 6935/1486/1033 6936/1441/1033 6937/1442/1033
f 6935/1486/1033 6937/1442/1033 6938/1485/1033
f 6939/1485/1034 6940/1442/1034 6941/1443/1034
f 6939/1485/1034 6941/1443/1034 6942/1503/1034
f 6943/1503/1036 6944/1443/1036 6945/1444/1036
f 6943/1503/1035 6945/1444/1035 6946/1504/1035
f 6947/1504/1037 6948/1444/1037 6949/1441/1037
f 6947/1504/1037 6949/1441/1037 6950/1486/1037
f 6951/1490/1035 6952/1445/1035 6953/1446/1035
f 6951/1490/1035 6953/1446/1035 6954/1489/1035
f 6955/1489/1040 6956/1446/1040 6957/1447/1040
f 6955/1489/1040 6957/1447/1040 6958/1505/1040
f 6959/1505/1033 6960/1447/1033 6961/1448/1033
f 6959/1505/1033 6961/1448/1033 6962/1506/1033
f 6963/1506/1042 6964/1448/1042 6965/1445/1042
f 6963/1506/1042 6965/1445/1042 6966/1490/1042
f 6967/1494/1033 6968/1449/1033 6969/1450/1033
f 6967/1494/1033 6969/1450/1033 6970/1493/1033
f 6971/1493/1034 6972/1450/1034 6973/1451/1034
f 6971/1493/1034 6973/1451/1034 6974/1507/1034
f 6975/1507/1035 6976/1451/1035 6977/1452/1035
f 6975/1507/1035 6977/1452/1035 6978/1508/1035
f 6979/1508/1037 6980/1452/1037 6981/1449/1037
f 6979/1508/1038 6981/1449/1038 6982/1494/1038
f 6983/1498/1035 6984/1453/1035 6985/1454/1035
f 6983/1498/1035 6985/1454/1035 6986/1497/1035
f 6987/1497/1040 6988/1454/1040 6989/1455/1040
f 6987/1497/1040 6989/1455/1040 6990/1509/1040
f 6991/1509/1033 6992/1455/1033 6993/1456/1033
f 6991/1509/1033 6993/1456/1033 6994/1510/1033
f 6995/1510/1042 6996/1456/1042 6997/1453/1042
f 6995/1510/1042 6997/1453/1042 6998/1498/1042
f 6999/1511/1033 7000/1457/1033 7001/1458/1033
f 6999/1511/1033 7001/1458/1033 7002/1512/1033
f 7003/1512/1034 7004/1458/1034 7005/1459/1034
f 7003/1512/1034 7005/1459/1034 7006/1513/1034
f 7007/1513/1035 7008/1459/1035 7009/1460/1035
f 7007/1513/1035 7009/1460/1035 7010/1514/1035
f 7011/1514/1037 7012/1460/1037 7013/1457/1037
f 7011/1514/1037 7013/1457/1037 7014/1511/1037
f 7015/1470/1036 7016/1461/1036 7017/1462/1036
f 7015/1470/1035 7017/1462/1035 7018/1469/1035
f 7019/1469/1040 7020/1462/1040 7021/1463/1040
f 7019/1469/1040 7021/1463/1040 7022/1515/1040
f 7023/1515/1033 7024/1463/1033 7025/1464/1033
f 7023/1515/1033 7025/1464/1033 7026/1516/1033
f 7027/1516/1042 7028/1464/1042 7029/1461/1042
f 7027/1516/1041 7029/1461/1041 7030/1470/1041
f 7031/1478/1033 7032/1465/1033 7033/1466/1033
f 7031/1478/1033 7033/1466/1033 7034/1477/1033
f 7035/1477/1034 7036/1466/1034 7037/1467/1034
f 7035/1477/1034 7037/1467/1034 7038/1517/1034
f 7039/1517/1035 7040/1467/1035 7041/1468/1035
f 7039/1517/1035 7041/1468/1035 7042/1518/1035
f 7043/1518/1037 7044/1468/1037 7045/1465/1037
f 7043/1518/1038 7045/1465/1038 7046/1478/1038
f 7047/1519/956 7048/1339/956 7049/1340/956
f 7047/1519/956 7049/1340/956 7050/1520/956
f 7051/1521/956 7052/1343/956 7053/1344/956
f 7051/1521/956 7053/1344/956 7054/1522/956
f 7055/1523/955 7056/1347/955 7057/1348/955
f 7055/1523/955 7057/1348/955 7058/1524/955
f 7059/1525/955 7060/1351/955 7061/1352/955
f 7059/1525/955 7061/1352/955 7062/1526/955
f 7063/1527/956 7064/1355/956 7065/1356/956
f 7063/1527/1045 7065/1356/1045 7066/1528/1045
f 7067/1529/955 7068/1358/955 7069/1359/955
f 7067/1529/955 7069/1359/955 7070/1530/955
f 7071/1522/956 7072/1344/956 7073/1355/956
f 7071/1522/956 7073/1355/956 7074/1527/956
f 7075/1530/955 7076/1359/955 7077/1347/955
f 7075/1530/955 7077/1347/955 7078/1523/955
f 7079/1526/955 7080/1352/955 7081/1358/955
f 7079/1526/955 7081/1358/955 7082/1529/955
f 7083/1528/956 7084/1356/956 7085/1339/956
f 7083/1528/1045 7085/1339/1045 7086/1519/1045
f 7087/1531/987 7088/1534/987 7089/1533/987
f 7087/1531/987 7089/1533/987 7090/1532/987
f 7091/1534/986 7092/1536/986 7093/1535/986
f 7091/1534/986 7093/1535/986 7094/1533/986
f 7095/1536/985 7096/1538/985 7097/1537/985
f 7095/1536/985 7097/1537/985 7098/1535/985
f 7099/1538/984 7100/1540/984 7101/1539/984
f 7099/1538/984 7101/1539/984 7102/1537/984
f 7103/1540/983 7104/1542/983 7105/1541/983
f 7103/1540/983 7105/1541/983 7106/1539/983
f 7107/1542/982 7108/1544/982 7109/1543/982
f 7107/1542/982 7109/1543/982 7110/1541/982
f 7111/1544/981 7112/1546/981 7113/1545/981
f 7111/1544/981 7113/1545/981 7114/1543/981
f 7115/1546/980 7116/1548/980 7117/1547/980
f 7115/1546/980 7117/1547/980 7118/1545/980
f 7119/1549/995 7120/1552/995 7121/1551/995
f 7119/1549/995 7121/1551/995 7122/1550/995
f 7123/1550/994 7124/1551/994 7125/1554/994
f 7123/1550/994 7125/1554/994 7126/1553/994
f 7127/1553/993 7128/1554/993 7129/1556/993
f 7127/1553/993 7129/1556/993 7130/1555/993
f 7131/1555/992 7132/1556/992 7133/1558/992
f 7131/1555/992 7133/1558/992 7134/1557/992
f 7135/1557/991 7136/1558/991 7137/1560/991
f 7135/1557/991 7137/1560/991 7138/1559/991
f 7139/1559/990 7140/1560/990 7141/1562/990
f 7139/1559/990 7141/1562/990 7142/1561/990
f 7143/1561/989 7144/1562/989 7145/1564/989
f 7143/1561/989 7145/1564/989 7146/1563/989
f 7147/1563/988 7148/1564/988 7149/1552/988
f 7147/1563/988 7149/1552/988 7150/1549/988
f 7151/1549/987 7152/1549/987 7153/1550/987
f 7151/1549/987 7153/1550/987 7154/1550/987
f 7155/1550/986 7156/1550/986 7157/1553/986
f 7155/1550/986 7157/1553/986 7158/1553/986
f 7159/1553/985 7160/1553/985 7161/1555/985
f 7159/1553/985 7161/1555/985 7162/1555/985
f 7163/1555/984 7164/1555/984 7165/1557/984
f 7163/1555/984 7165/1557/984 7166/1557/984
f 7167/1557/983 7168/1557/983 7169/1559/983
f 7167/1557/983 7169/1559/983 7170/1559/983
f 7171/1559/982 7172/1559/982 7173/1561/982
f 7171/1559/982 7173/1561/982 7174/1561/982
f 7175/1561/981 7176/1561/981 7177/1563/981
f 7175/1561/981 7177/1563/981 7178/1563/981
f 7179/1563/980 7180/1563/980 7181/1549/980
f 7179/1563/980 7181/1549/980 7182/1549/980
f 7183/1549/987 7184/1549/987 7185/1550/987
f 7183/1549/987 7185/1550/987 7186/1550/987
f 7187/1550/986 7188/1550/986 7189/1553/986
f 7187/1550/986 7189/1553/986 7190/1553/986
f 7191/1553/985 7192/1553/985 7193/1565/985
f 7191/1553/985 7193/1565/985 7194/1565/985
f 7195/1565/984 7196/1565/984 7197/1557/984
f 7195/1565/984 7197/1557/984 7198/1557/984
f 7199/1557/983 7200/1557/983 7201/1559/983
f 7199/1557/983 7201/1559/983 7202/1559/983
f 7203/1559/982 7204/1559/982 7205/1561/982
f 7203/1559/982 7205/1561/982 7206/1561/982
f 7207/1561/981 7208/1561/981 7209/1563/981
f 7207/1561/981 7209/1563/981 7210/1563/981
f 7211/1563/980 7212/1563/980 7213/1549/980
f 7211/1563/980 7213/1549/980 7214/1549/980
f 7215/1566/995 7216/1549/995 7217/1550/995
f 7215/1566/995 7217/1550/995 7218/1567/995
f 7219/1567/994 7220/1550/994 7221/1553/994
f 7219/1567/994 7221/1553/994 7222/1568/994
f 7223/1568/993 7224/1553/993 7225/1555/993
f 7223/1568/993 7225/1555/993 7226/1569/993
f 7227/1569/992 7228/1555/992 7229/1557/992
f 7227/1569/992 7229/1557/992 7230/1570/992
f 7231/1570/991 7232/1557/991 7233/1559/991
f 7231/1570/991 7233/1559/991 7234/1571/991
f 7235/1571/990 7236/1559/990 7237/1561/990
f 7235/1571/990 7237/1561/990 7238/1572/990
f 7239/1572/989 7240/1561/989 7241/1563/989
f 7239/1572/989 7241/1563/989 7242/1573/989
f 7243/1573/988 7244/1563/988 7245/1549/988
f 7243/1573/988 7245/1549/988 7246/1566/988
f 7247/1574/1046 7248/1566/1046 7249/1567/1046
f 7247/1574/996 7249/1567/996 7250/1575/996
f 7251/1575/996 7252/1567/996 7253/1568/996
f 7251/1575/996 7253/1568/996 7254/1576/996
f 7255/1576/996 7256/1568/996 7257/1569/996
f 7255/1576/996 7257/1569/996 7258/1577/996
f 7259/1577/996 7260/1569/996 5840/1570/996
f 7259/1577/996 5840/1570/996 5839/1578/996
f 5839/1578/996 5840/1570/996 7261/1571/996
f 5839/1578/996 7261/1571/996 7262/1579/996
f 7263/1579/996 7264/1571/996 7265/1572/996
f 7263/1579/996 7265/1572/996 7266/1580/996
f 7267/1580/996 7268/1572/996 7269/1573/996
f 7267/1580/996 7269/1573/996 7270/1581/996
f 7271/1581/996 7272/1573/996 7273/1566/996
f 7271/1581/996 7273/1566/996 7274/1574/996
f 7275/1582/983 7276/1582/983 7277/1583/983
f 7275/1582/983 7277/1583/983 7278/1583/983
f 7279/1583/982 7280/1583/982 7281/1584/982
f 7279/1583/982 7281/1584/982 7282/1584/982
f 7283/1584/981 7284/1584/981 7285/1585/981
f 7283/1584/981 7285/1585/981 7286/1585/981
f 7287/1585/980 7288/1585/980 7289/1586/980
f 7287/1585/980 7289/1586/980 7290/1586/980
f 7291/1586/987 7292/1586/987 7293/1587/987
f 7291/1586/987 7293/1587/987 7294/1587/987
f 7295/1587/986 7296/1587/986 7297/1588/986
f 7295/1587/986 7297/1588/986 7298/1588/986
f 7299/1588/985 7300/1588/985 7301/1589/985
f 7299/1588/985 7301/1589/985 7302/1589/985
f 7303/1589/984 7304/1589/984 7305/1582/984
f 7303/1589/984 7305/1582/984 7306/1582/984
f 7307/1549/1004 7308/1549/1004 7309/1550/1004
f 7307/1549/1004 7309/1550/1004 7310/1550/1004
f 7311/1550/1003 7312/1550/1003 7313/1553/1003
f 7311/1550/1003 7313/1553/1003 7314/1553/1003
f 7315/1553/1002 7316/1553/1002 7317/1555/1002
f 7315/1553/1002 7317/1555/1002 7318/1565/1002
f 7319/1565/1001 7320/1555/1001 7321/1557/1001
f 7319/1565/1001 7321/1557/1001 7322/1557/1001
f 7323/1557/1000 7324/1557/1000 7325/1559/1000
f 7323/1557/1000 7325/1559/1000 7326/1559/1000
f 7327/1559/999 7328/1559/999 7329/1561/999
f 7327/1559/999 7329/1561/999 7330/1561/999
f 7331/1561/998 7332/1561/998 7333/1563/998
f 7331/1561/998 7333/1563/998 7334/1563/998
f 7335/1563/997 7336/1563/997 7337/1549/997
f 7335/1563/997 7337/1549/997 7338/1549/997
f 7339/1550/1012 7340/1550/1012 7341/1549/1012
f 7339/1550/1012 7341/1549/1012 7342/1549/1012
f 7343/1553/1011 7344/1553/1011 7345/1550/1011
f 7343/1553/1011 7345/1550/1011 7346/1550/1011
f 7347/1565/1010 7348/1555/1010 7349/1553/1010
f 7347/1565/1010 7349/1553/1010 7350/1553/1010
f 7351/1557/1009 7352/1557/1009 7353/1555/1009
f 7351/1557/1009 7353/1555/1009 7354/1565/1009
f 7355/1559/1008 7356/1559/1008 7357/1557/1008
f 7355/1559/1008 7357/1557/1008 7358/1557/1008
f 7359/1561/1007 7360/1561/1007 7361/1559/1007
f 7359/1561/1007 7361/1559/1007 7362/1559/1007
f 7363/1563/1006 7364/1563/1006 7365/1561/1006
f 7363/1563/1006 7365/1561/1006 7366/1561/1006
f 7367/1549/1005 7368/1549/1005 7369/1563/1005
f 7367/1549/1005 7369/1563/1005 7370/1563/1005
f 7371/1531/987 7372/1534/987 7373/1533/987
f 7371/1531/987 7373/1533/987 7374/1532/987
f 7375/1534/986 7376/1536/986 7377/1535/986
f 7375/1534/986 7377/1535/986 7378/1533/986
f 7379/1536/985 7380/1538/985 7381/1537/985
f 7379/1536/985 7381/1537/985 7382/1535/985
f 7383/1538/984 7384/1540/984 7385/1539/984
f 7383/1538/984 7385/1539/984 7386/1537/984
f 7387/1540/983 7388/1542/983 7389/1541/983
f 7387/1540/983 7389/1541/983 7390/1539/983
f 7391/1542/982 7392/1544/982 7393/1543/982
f 7391/1542/982 7393/1543/982 7394/1541/982
f 7395/1544/981 7396/1546/981 7397/1545/981
f 7395/1544/981 7397/1545/981 7398/1543/981
f 7399/1546/980 7400/1548/980 7401/1547/980
f 7399/1546/980 7401/1547/980 7402/1545/980
f 7403/1549/995 7404/1552/995 7405/1551/995
f 7403/1549/995 7405/1551/995 7406/1550/995
f 7407/1550/994 7408/1551/994 7409/1554/994
f 7407/1550/994 7409/1554/994 7410/1553/994
f 7411/1553/993 7412/1554/993 7413/1556/993
f 7411/1553/993 7413/1556/993 7414/1555/993
f 7415/1555/992 7416/1556/992 7417/1558/992
f 7415/1555/992 7417/1558/992 7418/1557/992
f 7419/1557/991 7420/1558/991 7421/1560/991
f 7419/1557/991 7421/1560/991 7422/1559/991
f 7423/1559/990 7424/1560/990 7425/1562/990
f 7423/1559/990 7425/1562/990 7426/1561/990
f 7427/1561/989 7428/1562/989 7429/1564/989
f 7427/1561/989 7429/1564/989 7430/1563/989
f 7431/1563/988 7432/1564/988 7433/1552/988
f 7431/1563/988 7433/1552/988 7434/1549/988
f 7435/1549/987 7436/1549/987 7437/1550/987
f 7435/1549/987 7437/1550/987 7438/1550/987
f 7439/1550/986 7440/1550/986 7441/1553/986
f 7439/1550/986 7441/1553/986 7442/1553/986
f 7443/1553/985 7444/1553/985 7445/1555/985
f 7443/1553/985 7445/1555/985 7446/1555/985
f 7447/1555/984 7448/1555/984 7449/1557/984
f 7447/1555/984 7449/1557/984 7450/1557/984
f 7451/1557/983 7452/1557/983 7453/1559/983
f 7451/1557/983 7453/1559/983 7454/1559/983
f 7455/1559/982 7456/1559/982 7457/1561/982
f 7455/1559/982 7457/1561/982 7458/1561/982
f 7459/1561/981 7460/1561/981 7461/1563/981
f 7459/1561/981 7461/1563/981 7462/1563/981
f 7463/1563/980 7464/1563/980 7465/1549/980
f 7463/1563/980 7465/1549/980 7466/1549/980
f 7467/1549/987 7468/1549/987 7469/1550/987
f 7467/1549/987 7469/1550/987 7470/1550/987
f 7471/1550/986 7472/1550/986 7473/1553/986
f 7471/1550/986 7473/1553/986 7474/1553/986
f 7475/1553/985 7476/1553/985 7477/1565/985
f 7475/1553/985 7477/1565/985 7478/1565/985
f 7479/1565/984 7480/1565/984 7481/1557/984
f 7479/1565/984 7481/1557/984 7482/1557/984
f 7483/1557/983 7484/1557/983 7485/1559/983
f 7483/1557/983 7485/1559/983 7486/1559/983
f 7487/1559/982 7488/1559/982 7489/1561/982
f 7487/1559/982 7489/1561/982 7490/1561/982
f 7491/1561/981 7492/1561/981 7493/1563/981
f 7491/1561/981 7493/1563/981 7494/1563/981
f 7495/1563/980 7496/1563/980 7497/1549/980
f 7495/1563/980 7497/1549/980 7498/1549/980
f 7499/1566/995 7500/1549/995 7501/1550/995
f 7499/1566/995 7501/1550/995 7502/1567/995
f 7503/1567/994 7504/1550/994 7505/1553/994
f 7503/1567/994 7505/1553/994 7506/1568/994
f 7507/1568/993 7508/1553/993 7509/1555/993
f 7507/1568/993 7509/1555/993 7510/1569/993
f 7511/1569/992 7512/1555/992 7513/1557/992
f 7511/1569/992 7513/1557/992 7514/1570/992
f 7515/1570/991 7516/1557/991 7517/1559/991
f 7515/1570/991 7517/1559/991 7518/1571/991
f 7519/1571/990 7520/1559/990 7521/1561/990
f 7519/1571/990 7521/1561/990 7522/1572/990
f 7523/1572/989 7524/1561/989 7525/1563/989
f 7523/1572/989 7525/1563/989 7526/1573/989
f 7527/1573/988 7528/1563/988 7529/1549/988
f 7527/1573/988 7529/1549/988 7530/1566/988
f 7531/1574/1046 7532/1566/1046 7533/1567/1046
f 7531/1574/996 7533/1567/996 7534/1575/996
f 7535/1575/996 7536/1567/996 7537/1568/996
f 7535/1575/996 7537/1568/996 7538/1576/996
f 7539/1576/996 7540/1568/996 7541/1569/996
f 7539/1576/996 7541/1569/996 7542/1577/996
f 7543/1577/996 7544/1569/996 6120/1570/996
f 7543/1577/996 6120/1570/996 6119/1578/996
f 6119/1578/996 6120/1570/996 7545/1571/996
f 6119/1578/996 7545/1571/996 7546/1579/996
f 7547/1579/996 7548/1571/996 7549/1572/996
f 7547/1579/996 7549/1572/996 7550/1580/996
f 7551/1580/996 7552/1572/996 7553/1573/996
f 7551/1580/996 7553/1573/996 7554/1581/996
f 7555/1581/996 7556/1573/996 7557/1566/996
f 7555/1581/996 7557/1566/996 7558/1574/996
f 7559/1582/983 7560/1582/983 7561/1583/983
f 7559/1582/983 7561/1583/983 7562/1583/983
f 7563/1583/982 7564/1583/982 7565/1584/982
f 7563/1583/982 7565/1584/982 7566/1584/982
f 7567/1584/981 7568/1584/981 7569/1585/981
f 7567/1584/981 7569/1585/981 7570/1585/981
f 7571/1585/980 7572/1585/980 7573/1586/980
f 7571/1585/980 7573/1586/980 7574/1586/980
f 7575/1586/987 7576/1586/987 7577/1587/987
f 7575/1586/987 7577/1587/987 7578/1587/987
f 7579/1587/986 7580/1587/986 7581/1588/986
f 7579/1587/986 7581/1588/986 7582/1588/986
f 7583/1588/985 7584/1588/985 7585/1589/985
f 7583/1588/985 7585/1589/985 7586/1589/985
f 7587/1589/984 7588/1589/984 7589/1582/984
f 7587/1589/984 7589/1582/984 7590/1582/984
f 7591/1549/1004 7592/1549/1004 7593/1550/1004
f 7591/1549/1004 7593/1550/1004 7594/1550/1004
f 7595/1550/1003 7596/1550/1003 7597/1553/1003
f 7595/1550/1003 7597/1553/1003 7598/1553/1003
f 7599/1553/1002 7600/1553/1002 7601/1555/1002
f 7599/1553/1002 7601/1555/1002 7602/1565/1002
f 7603/1565/1001 7604/1555/1001 7605/1557/1001
f 7603/1565/1001 7605/1557/1001 7606/1557/1001
f 7607/1557/1000 7608/1557/1000 7609/1559/1000
f 7607/1557/1000 7609/1559/1000 7610/1559/1000
f 7611/1559/999 7612/1559/999 7613/1561/999
f 7611/1559/999 7613/1561/999 7614/1561/999
f 7615/1561/998 7616/1561/998 7617/1563/998
f 7615/1561/998 7617/1563/998 7618/1563/998
f 7619/1563/997 7620/1563/997 7621/1549/997
f 7619/1563/997 7621/1549/997 7622/1549/997
f 7623/1550/1012 7624/1550/1012 7625/1549/1012
f 7623/1550/1012 7625/1549/1012 7626/1549/1012
f 7627/1553/1011 7628/1553/1011 7629/1550/1011
f 7627/1553/1011 7629/1550/1011 7630/1550/1011
f 7631/1565/1010 7632/1555/1010 7633/1553/1010
f 7631/1565/1010 7633/1553/1010 7634/1553/1010
f 7635/1557/1009 7636/1557/1009 7637/1555/1009
f 7635/1557/1009 7637/1555/1009 7638/1565/1009
f 7639/1559/1008 7640/1559/1008 7641/1557/1008
f 7639/1559/1008 7641/1557/1008 7642/1557/1008
f 7643/1561/1007 7644/1561/1007 7645/1559/1007
f 7643/1561/1007 7645/1559/1007 7646/1559/1007
f 7647/1563/1006 7648/1563/1006 7649/1561/1006
f 7647/1563/1006 7649/1561/1006 7650/1561/1006
f 7651/1549/1005 7652/1549/1005 7653/1563/1005
f 7651/1549/1005 7653/1563/1005 7654/1563/1005
f 7655/1531/987 7656/1534/987 7657/1533/987
f 7655/1531/987 7657/1533/987 7658/1532/987
f 7659/1534/986 7660/1536/986 7661/1535/986
f 7659/1534/986 7661/1535/986 7662/1533/986
f 7663/1536/985 7664/1538/985 7665/1537/985
f 7663/1536/985 7665/1537/985 7666/1535/985
f 7667/1538/984 6247/1540/984 6248/1539/984
f 7667/1538/984 6248/1539/984 7668/1537/984
f 7669/1540/983 7670/1542/983 7671/1541/983
f 7669/1540/983 7671/1541/983 7672/1539/983
f 7673/1542/982 7674/1544/982 7675/1543/982
f 7673/1542/982 7675/1543/982 7676/1541/982
f 7677/1544/981 7678/1546/981 7679/1545/981
f 7677/1544/981 7679/1545/981 7680/1543/981
f 7681/1546/980 7682/1548/980 7683/1547/980
f 7681/1546/980 7683/1547/980 7684/1545/980
f 7685/1549/995 7686/1552/995 7687/1551/995
f 7685/1549/995 7687/1551/995 7688/1550/995
f 7689/1550/994 7690/1551/994 7691/1554/994
f 7689/1550/994 7691/1554/994 7692/1553/994
f 7693/1553/993 7694/1554/993 7695/1556/993
f 7693/1553/993 7695/1556/993 7696/1555/993
f 7697/1555/992 7698/1556/992 7699/1558/992
f 7697/1555/992 7699/1558/992 7700/1557/992
f 7701/1557/991 7702/1558/991 7703/1560/991
f 7701/1557/991 7703/1560/991 7704/1559/991
f 7705/1559/990 7706/1560/990 7707/1562/990
f 7705/1559/990 7707/1562/990 7708/1561/990
f 7709/1561/989 7710/1562/989 7711/1564/989
f 7709/1561/989 7711/1564/989 7712/1563/989
f 7713/1563/988 7714/1564/988 7715/1552/988
f 7713/1563/988 7715/1552/988 7716/1549/988
f 7717/1549/987 7718/1549/987 7719/1550/987
f 7717/1549/987 7719/1550/987 7720/1550/987
f 7721/1550/986 7722/1550/986 7723/1553/986
f 7721/1550/986 7723/1553/986 7724/1553/986
f 7725/1553/985 7726/1553/985 7727/1555/985
f 7725/1553/985 7727/1555/985 7728/1555/985
f 7729/1555/984 7730/1555/984 7731/1557/984
f 7729/1555/984 7731/1557/984 7732/1557/984
f 7733/1557/983 7734/1557/983 7735/1559/983
f 7733/1557/983 7735/1559/983 7736/1559/983
f 7737/1559/982 7738/1559/982 7739/1561/982
f 7737/1559/982 7739/1561/982 7740/1561/982
f 7741/1561/981 7742/1561/981 7743/1563/981
f 7741/1561/981 7743/1563/981 7744/1563/981
f 7745/1563/980 7746/1563/980 7747/1549/980
f 7745/1563/980 7747/1549/980 7748/1549/980
f 7749/1549/987 7750/1549/987 7751/1550/987
f 7749/1549/987 7751/1550/987 7752/1550/987
f 7753/1550/986 7754/1550/986 7755/1553/986
f 7753/1550/986 7755/1553/986 7756/1553/986
f 7757/1553/985 7758/1553/985 7759/1565/985
f 7757/1553/985 7759/1565/985 7760/1565/985
f 7761/1565/984 7762/1565/984 7763/1557/984
f 7761/1565/984 7763/1557/984 7764/1557/984
f 7765/1557/983 7766/1557/983 7767/1559/983
f 7765/1557/983 7767/1559/983 7768/1559/983
f 7769/1559/982 7770/1559/982 7771/1561/982
f 7769/1559/982 7771/1561/982 7772/1561/982
f 7773/1561/981 7774/1561/981 7775/1563/981
f 7773/1561/981 7775/1563/981 7776/1563/981
f 7777/1563/980 7778/1563/980 7779/1549/980
f 7777/1563/980 7779/1549/980 7780/1549/980
f 7781/1566/995 7782/1549/995 7783/1550/995
f 7781/1566/995 7783/1550/995 7784/1567/995
f 7785/1567/994 7786/1550/994 7787/1553/994
f 7785/1567/994 7787/1553/994 7788/1568/994
f 7789/1568/993 7790/1553/993 7791/1555/993
f 7789/1568/993 7791/1555/993 7792/1569/993
f 7793/1569/992 7794/1555/992 7795/1557/992
f 7793/1569/992 7795/1557/992 7796/1570/992
f 7797/1570/991 7798/1557/991 7799/1559/991
f 7797/1570/991 7799/1559/991 7800/1571/991
f 7801/1571/990 7802/1559/990 7803/1561/990
f 7801/1571/990 7803/1561/990 7804/1572/990
f 7805/1572/989 7806/1561/989 7807/1563/989
f 7805/1572/989 7807/1563/989 7808/1573/989
f 7809/1573/988 7810/1563/988 7811/1549/988
f 7809/1573/988 7811/1549/988 7812/1566/988
f 7813/1574/1047 7814/1566/1047 7815/1567/1047
f 7813/1574/996 7815/1567/996 7816/1575/996
f 7817/1575/996 7818/1567/996 7819/1568/996
f 7817/1575/996 7819/1568/996 7820/1576/996
f 7821/1576/996 7822/1568/996 7823/1569/996
f 7821/1576/996 7823/1569/996 7824/1577/996
f 7825/1577/996 7826/1569/996 7827/1570/996
f 7825/1577/996 7827/1570/996 7828/1578/996
f 7829/1578/996 7830/1570/996 7831/1571/996
f 7829/1578/996 7831/1571/996 7832/1579/996
f 7833/1579/996 7834/1571/996 7835/1572/996
f 7833/1579/996 7835/1572/996 7836/1580/996
f 7837/1580/996 7838/1572/996 7839/1573/996
f 7837/1580/996 7839/1573/996 7840/1581/996
f 7841/1581/996 7842/1573/996 7843/1566/996
f 7841/1581/996 7843/1566/996 7844/1574/996
f 7845/1582/983 7846/1582/983 7847/1583/983
f 7845/1582/983 7847/1583/983 7848/1583/983
f 7849/1583/982 7850/1583/982 7851/1584/982
f 7849/1583/982 7851/1584/982 7852/1584/982
f 7853/1584/981 7854/1584/981 7855/1585/981
f 7853/1584/981 7855/1585/981 7856/1585/981
f 7857/1585/980 7858/1585/980 7859/1586/980
f 7857/1585/980 7859/1586/980 7860/1586/980
f 7861/1586/987 7862/1586/987 7863/1587/987
f 7861/1586/987 7863/1587/987 7864/1587/987
f 7865/1587/986 7866/1587/986 7867/1588/986
f 7865/1587/986 7867/1588/986 7868/1588/986
f 7869/1588/985 7870/1588/985 7871/1589/985
f 7869/1588/985 7871/1589/985 7872/1589/985
f 7873/1589/984 7874/1589/984 7875/1582/984
f 7873/1589/984 7875/1582/984 7876/1582/984
f 7877/1549/1004 7878/1549/1004 7879/1550/1004
f 7877/1549/1004 7879/1550/1004 7880/1550/1004
f 7881/1550/1003 7882/1550/1003 7883/1553/1003
f 7881/1550/1003 7883/1553/1003 7884/1553/1003
f 7885/1553/1002 7886/1553/1002 7887/1555/1002
f 7885/1553/1002 7887/1555/1002 7888/1565/1002
f 7889/1565/1001 7890/1555/1001 7891/1557/1001
f 7889/1565/1001 7891/1557/1001 7892/1557/1001
f 7893/1557/1000 7894/1557/1000 7895/1559/1000
f 7893/1557/1000 7895/1559/1000 7896/1559/1000
f 7897/1559/999 7898/1559/999 7899/1561/999
f 7897/1559/999 7899/1561/999 7900/1561/999
f 7901/1561/998 7902/1561/998 7903/1563/998
f 7901/1561/998 7903/1563/998 7904/1563/998
f 7905/1563/997 7906/1563/997 7907/1549/997
f 7905/1563/997 7907/1549/997 7908/1549/997
f 7909/1550/1012 7910/1550/1012 7911/1549/1012
f 7909/1550/1012 7911/1549/1012 7912/1549/1012
f 7913/1553/1011 7914/1553/1011 7915/1550/1011
f 7913/1553/1011 7915/1550/1011 7916/1550/1011
f 7917/1565/1010 7918/1555/1010 7919/1553/1010
f 7917/1565/1010 7919/1553/1010 7920/1553/1010
f 7921/1557/1009 7922/1557/1009 7923/1555/1009
f 7921/1557/1009 7923/1555/1009 7924/1565/1009
f 7925/1559/1008 7926/1559/1008 7927/1557/1008
f 7925/1559/1008 7927/1557/1008 7928/1557/1008
f 7929/1561/1007 7930/1561/1007 7931/1559/1007
f 7929/1561/1007 7931/1559/1007 7932/1559/1007
f 7933/1563/1006 7934/1563/1006 7935/1561/1006
f 7933/1563/1006 7935/1561/1006 7936/1561/1006
f 7937/1549/1005 7938/1549/1005 7939/1563/1005
f 7937/1549/1005 7939/1563/1005 7940/1563/1005
f 7943/1321/1048 7941/1326/1048 7942/1324/1048
f 7941/1326/1048 7943/1321/1048 7944/1590/1048
f 7941/1326/1049 7944/1590/1049 7945/1591/1049
f 7941/1326/1048 7945/1591/1048 7946/1592/1048
f 7941/1326/1049 7946/1592/1049 7947/1593/1049
f 7941/1326/1050 7947/1593/1050 7948/1594/1050
f 7941/1326/1049 7948/1594/1049 7949/1595/1049
f 7941/1326/1049 7949/1595/1049 7950/1596/1049
f 7941/1326/1049 7950/1596/1049 7951/1357/1049
f 7953/1335/1051 7962/1333/1051 7952/1336/1051
f 7962/1333/1051 7953/1335/1051 7961/1597/1051
f 7961/1597/1052 7953/1335/1052 7960/1598/1052
f 7960/1598/1051 7953/1335/1051 7959/1599/1051
f 7959/1599/1051 7953/1335/1051 7958/1600/1051
f 7958/1600/1051 7953/1335/1051 7957/1601/1051
f 7957/1601/1053 7953/1335/1053 7956/1602/1053
f 7956/1602/1053 7953/1335/1053 7955/1603/1053
f 7955/1603/1053 7953/1335/1053 7954/1360/1053
f 7968/1586/996 7966/1588/996 7967/1587/996
f 7966/1588/996 7968/1586/996 7969/1585/996
f 7966/1588/996 7969/1585/996 7965/1589/996
f 7965/1589/996 7969/1585/996 7970/1584/996
f 7965/1589/996 7970/1584/996 7964/1582/996
f 7964/1582/996 7970/1584/996 7963/1583/996
f 7977/1604/1054 7975/1605/1054 7976/1606/1054
f 7975/1605/1054 7977/1604/1054 7974/1607/1054
f 7974/1607/1054 7977/1604/1054 7978/1608/1054
f 7974/1607/1054 7978/1608/1054 7973/1609/1054
f 7973/1609/1054 7978/1608/1054 7971/1610/1054
f 7973/1609/1054 7971/1610/1054 7972/1611/1054
f 7984/1586/996 7982/1588/996 7983/1587/996
f 7982/1588/996 7984/1586/996 7985/1585/996
f 7982/1588/996 7985/1585/996 7981/1589/996
f 7981/1589/996 7985/1585/996 7986/1584/996
f 7981/1589/996 7986/1584/996 7980/1582/996
f 7980/1582/996 7986/1584/996 7979/1583/996
f 7993/1604/1054 7991/1605/1054 7992/1606/1054
f 7991/1605/1054 7993/1604/1054 7990/1607/1054
f 7990/1607/1054 7993/1604/1054 7994/1608/1054
f 7990/1607/1054 7994/1608/1054 7989/1609/1054
f 7989/1609/1054 7994/1608/1054 7987/1610/1054
f 7989/1609/1054 7987/1610/1054 7988/1611/1054
f 8000/1586/996 7998/1588/996 7999/1587/996
f 7998/1588/996 8000/1586/996 8001/1585/996
f 7998/1588/996 8001/1585/996 7997/1589/996
f 7997/1589/996 8001/1585/996 8002/1584/996
f 7997/1589/996 8002/1584/996 7996/1582/996
f 7996/1582/996 8002/1584/996 7995/1583/996
f 8009/1604/1054 8007/1605/1054 8008/1606/1054
f 8007/1605/1054 8009/1604/1054 8006/1607/1054
f 8006/1607/1054 8009/1604/1054 8010/1608/1054
f 8006/1607/1054 8010/1608/1054 8005/1609/1054
f 8005/1609/1054 8010/1608/1054 8003/1610/1054
f 8005/1609/1054 8003/1610/1054 8004/1611/1054
f 8011/1326/1055 8020/1321/1055 8021/1324/1055
f 8020/1321/1056 8011/1326/1056 8019/1590/1056
f 8019/1590/1056 8011/1326/1056 8018/1591/1056
f 8018/1591/1057 8011/1326/1057 8017/1592/1057
f 8017/1592/1056 8011/1326/1056 8016/1593/1056
f 8016/1593/1056 8011/1326/1056 8015/1594/1056
f 8015/1594/1058 8011/1326/1058 8014/1595/1058
f 8014/1595/1057 8011/1326/1057 8013/1596/1057
f 8013/1596/1057 8011/1326/1057 8012/1357/1057
f 8032/1335/1059 8030/1603/1059 8031/1360/1059
f 8030/1603/1059 8032/1335/1059 8022/1336/1059
f 8030/1603/1060 8022/1336/1060 8029/1602/1060
f 8029/1602/1059 8022/1336/1059 8028/1601/1059
f 8028/1601/1059 8022/1336/1059 8027/1600/1059
f 8027/1600/1059 8022/1336/1059 8026/1599/1059
f 8026/1599/1061 8022/1336/1061 8025/1598/1061
f 8025/1598/1059 8022/1336/1059 8024/1597/1059
f 8024/1597/1060 8022/1336/1060 8023/1333/1060
f 8036/1586/996 8034/1584/996 8035/1585/996
f 8034/1584/996 8036/1586/996 8037/1587/996
f 8034/1584/996 8037/1587/996 8033/1583/996
f 8033/1583/996 8037/1587/996 8038/1588/996
f 8033/1583/996 8038/1588/996 8040/1582/996
f 8040/1582/996 8038/1588/996 8039/1589/996
f 8047/1609/1054 8045/1605/1054 8046/1607/1054
f 8045/1605/1054 8047/1609/1054 8044/1606/1054
f 8044/1606/1054 8047/1609/1054 8048/1611/1054
f 8044/1606/1054 8048/1611/1054 8043/1604/1054
f 8043/1604/1054 8048/1611/1054 8041/1610/1054
f 8043/1604/1054 8041/1610/1054 8042/1608/1054
f 8052/1586/996 8050/1584/996 8051/1585/996
f 8050/1584/996 8052/1586/996 8053/1587/996
f 8050/1584/996 8053/1587/996 8049/1583/996
f 8049/1583/996 8053/1587/996 8054/1588/996
f 8049/1583/996 8054/1588/996 8056/1582/996
f 8056/1582/996 8054/1588/996 8055/1589/996
f 8063/1609/1054 8061/1605/1054 8062/1607/1054
f 8061/1605/1054 8063/1609/1054 8060/1606/1054
f 8060/1606/1054 8063/1609/1054 8064/1611/1054
f 8060/1606/1054 8064/1611/1054 8059/1604/1054
f 8059/1604/1054 8064/1611/1054 8057/1610/1054
f 8059/1604/1054 8057/1610/1054 8058/1608/1054
f 8068/1586/996 8066/1584/996 8067/1585/996
f 8066/1584/996 8068/1586/996 8069/1587/996
f 8066/1584/996 8069/1587/996 8065/1583/996
f 8065/1583/996 8069/1587/996 8070/1588/996
f 8065/1583/996 8070/1588/996 8072/1582/996
f 8072/1582/996 8070/1588/996 8071/1589/996
f 8079/1609/1054 8077/1605/1054 8078/1607/1054
f 8077/1605/1054 8079/1609/1054 8076/1606/1054
f 8076/1606/1054 8079/1609/1054 8080/1611/1054
f 8076/1606/1054 8080/1611/1054 8075/1604/1054
f 8075/1604/1054 8080/1611/1054 8073/1610/1054
f 8075/1604/1054 8073/1610/1054 8074/1608/1054
o Smeltery_Parts_Placeable_0
v 0.500000 18.233967 3.219218
v 0.500000 17.900000 3.219218
v 0.500000 17.900000 3.553746
v 1.047647 18.233963 -3.219229
v 1.047647 17.899996 -3.219229
v 1.047647 17.899996 -3.553757
v 1.047647 17.900000 3.219218
v 1.047647 18.233967 3.219218
v 1.047647 17.900000 3.553746
v 0.500000 17.899996 -3.219229
v 0.500000 18.233963 -3.219229
v 0.500000 17.899996 -3.553757
v 1.500000 18.233965 2.719218
v 1.500000 17.899998 2.719218
v 1.500000 17.899998 3.053746
v 2.047647 18.233965 -2.719229
v 2.047647 17.899998 -2.719229
v 2.047647 17.899998 -3.053757
v 2.047647 17.899998 2.719218
v 2.047647 18.233965 2.719218
v 2.047647 17.899998 3.053746
v 1.500000 17.899998 -2.719229
v 1.500000 18.233965 -2.719229
v 1.500000 17.899998 -3.053757
v 2.500000 18.233965 2.219218
v 2.500000 17.899998 2.219218
v 2.500000 17.899998 2.553746
v 3.047647 18.233965 -2.219229
v 3.047647 17.899998 -2.219229
v 3.047647 17.899998 -2.553757
v 3.047647 17.899998 2.219218
v 3.047647 18.233965 2.219218
v 3.047647 17.899998 2.553746
v 2.500000 17.899998 -2.219229
v 2.500000 18.233965 -2.219229
v 2.500000 17.899998 -2.553757
v -0.500000 18.233967 3.219218
v -0.500000 17.900000 3.553746
v -0.500000 17.900000 3.219218
v -1.047647 18.233963 -3.219229
v -1.047647 17.899996 -3.553757
v -1.047647 17.899996 -3.219229
v -1.047647 17.900000 3.219218
v -1.047647 17.900000 3.553746
v -1.047647 18.233967 3.219218
v -0.500000 17.899996 -3.219229
v -0.500000 17.899996 -3.553757
v -0.500000 18.233963 -3.219229
v -1.500000 18.233965 2.719218
v -1.500000 17.899998 3.053746
v -1.500000 17.899998 2.719218
v -2.047647 18.233965 -2.719229
v -2.047647 17.899998 -3.053757
v -2.047647 17.899998 -2.719229
v -2.047647 17.899998 2.719218
v -2.047647 17.899998 3.053746
v -2.047647 18.233965 2.719218
v -1.500000 17.899998 -2.719229
v -1.500000 17.899998 -3.053757
v -1.500000 18.233965 -2.719229
v -2.500000 18.233965 2.219218
v -2.500000 17.899998 2.553746
v -2.500000 17.899998 2.219218
v -3.047647 18.233965 -2.219229
v -3.047647 17.899998 -2.553757
v -3.047647 17.899998 -2.219229
v -3.047647 17.899998 2.219218
v -3.047647 17.899998 2.553746
v -3.047647 18.233965 2.219218
v -2.500000 17.899998 -2.219229
v -2.500000 17.899998 -2.553757
v -2.500000 18.233965 -2.219229
v 0.500000 17.899996 -3.219229
v 1.047647 17.899996 -3.219229
v 1.047647 17.900000 3.219218
v 0.500000 17.900000 3.219218
v 0.650000 18.399996 -3.219229
v 0.650000 18.400000 3.219218
v 0.897647 18.400000 3.219218
v 0.897647 18.399996 -3.219229
v 1.047647 17.899996 -3.219229
v 0.500000 17.899996 -3.219229
v 0.500000 17.399996 -3.219229
v 1.047647 17.399996 -3.219229
v 0.897647 17.900000 3.719218
v 0.650000 17.900000 3.719218
v 0.650000 17.400000 3.719218
v 0.897647 17.400000 3.719218
v 1.047647 17.400000 3.554342
v 1.047647 17.400000 3.219218
v 0.897647 18.400000 3.219218
v 0.650000 18.400000 3.219218
v 0.650000 17.900000 3.719218
v 0.897647 17.900000 3.719218
v 0.500000 17.399996 -3.554352
v 0.500000 17.399996 -3.219229
v 1.047647 17.399996 -3.219229
v 1.047647 17.399996 -3.554352
v 0.650000 17.899996 -3.719229
v 0.897647 17.899996 -3.719229
v 0.897647 17.399996 -3.719229
v 0.650000 17.399996 -3.719229
v 0.500000 17.900000 3.219218
v 1.047647 17.900000 3.219218
v 1.047647 17.400000 3.219218
v 0.500000 17.400000 3.219218
v 0.500000 17.400000 3.219218
v 0.500000 17.400000 3.554342
v 0.650000 18.399996 -3.219229
v 0.897647 18.399996 -3.219229
v 0.897647 17.899996 -3.719229
v 0.650000 17.899996 -3.719229
v 0.650000 18.400000 3.219218
v 0.650000 18.399996 -3.219229
v 0.500000 18.233963 -3.219229
v 0.500000 18.233967 3.219218
v 0.897647 18.399996 -3.219229
v 0.897647 18.400000 3.219218
v 1.047647 18.233967 3.219218
v 1.047647 18.233963 -3.219229
v 0.897647 18.400000 3.219218
v 0.897647 17.900000 3.719218
v 1.047647 17.900000 3.553746
v 1.047647 18.233967 3.219218
v 0.897647 17.899996 -3.719229
v 0.897647 18.399996 -3.219229
v 1.047647 18.233963 -3.219229
v 1.047647 17.899996 -3.553757
v 0.500000 18.233967 3.219218
v 0.500000 17.900000 3.553746
v 0.650000 17.900000 3.719218
v 0.650000 18.400000 3.219218
v 0.650000 18.399996 -3.219229
v 0.650000 17.899996 -3.719229
v 0.500000 17.899996 -3.553757
v 0.500000 18.233963 -3.219229
v 0.650000 17.400000 3.719218
v 0.650000 17.900000 3.719218
v 0.500000 17.900000 3.553746
v 0.500000 17.400000 3.554342
v 1.047647 17.899996 -3.553757
v 1.047647 17.399996 -3.554352
v 0.897647 17.399996 -3.719229
v 0.897647 17.899996 -3.719229
v 0.500000 17.399996 -3.554352
v 0.500000 17.899996 -3.553757
v 0.650000 17.899996 -3.719229
v 0.650000 17.399996 -3.719229
v 0.897647 17.900000 3.719218
v 0.897647 17.400000 3.719218
v 1.047647 17.400000 3.554342
v 1.047647 17.900000 3.553746
v 0.500000 17.899996 -3.219229
v 0.500000 17.900000 3.219218
v 0.500000 18.233967 3.219218
v 0.500000 18.233963 -3.219229
v 1.500000 17.899998 -2.719229
v 2.047647 17.899998 -2.719229
v 2.047647 17.899998 2.719218
v 1.500000 17.899998 2.719218
v 1.650000 18.399998 -2.719229
v 1.650000 18.399998 2.719218
v 1.897647 18.399998 2.719218
v 1.897647 18.399998 -2.719229
v 2.047647 17.899998 -2.719229
v 1.500000 17.899998 -2.719229
v 1.500000 17.399998 -2.719229
v 2.047647 17.399998 -2.719229
v 1.897647 17.900000 3.219218
v 1.650000 17.900000 3.219218
v 1.650000 17.400000 3.219218
v 1.897647 17.400000 3.219218
v 2.047647 17.399998 3.054342
v 2.047647 17.399998 2.719218
v 1.897647 18.399998 2.719218
v 1.650000 18.399998 2.719218
v 1.650000 17.900000 3.219218
v 1.897647 17.900000 3.219218
v 1.500000 17.399998 -3.054352
v 1.500000 17.399998 -2.719229
v 2.047647 17.399998 -2.719229
v 2.047647 17.399998 -3.054352
v 1.650000 17.899996 -3.219229
v 1.897647 17.899996 -3.219229
v 1.897647 17.399996 -3.219229
v 1.650000 17.399996 -3.219229
v 1.500000 17.899998 2.719218
v 2.047647 17.899998 2.719218
v 2.047647 17.399998 2.719218
v 1.500000 17.399998 2.719218
v 1.500000 17.399998 2.719218
v 1.500000 17.399998 3.054342
v 1.650000 18.399998 -2.719229
v 1.897647 18.399998 -2.719229
v 1.897647 17.899996 -3.219229
v 1.650000 17.899996 -3.219229
v 1.650000 18.399998 2.719218
v 1.650000 18.399998 -2.719229
v 1.500000 18.233965 -2.719229
v 1.500000 18.233965 2.719218
v 1.897647 18.399998 -2.719229
v 1.897647 18.399998 2.719218
v 2.047647 18.233965 2.719218
v 2.047647 18.233965 -2.719229
v 1.897647 18.399998 2.719218
v 1.897647 17.900000 3.219218
v 2.047647 17.899998 3.053746
v 2.047647 18.233965 2.719218
v 1.897647 17.899996 -3.219229
v 1.897647 18.399998 -2.719229
v 2.047647 18.233965 -2.719229
v 2.047647 17.899998 -3.053757
v 1.500000 18.233965 2.719218
v 1.500000 17.899998 3.053746
v 1.650000 17.900000 3.219218
v 1.650000 18.399998 2.719218
v 1.650000 18.399998 -2.719229
v 1.650000 17.899996 -3.219229
v 1.500000 17.899998 -3.053757
v 1.500000 18.233965 -2.719229
v 1.650000 17.400000 3.219218
v 1.650000 17.900000 3.219218
v 1.500000 17.899998 3.053746
v 1.500000 17.399998 3.054342
v 2.047647 17.899998 -3.053757
v 2.047647 17.399998 -3.054352
v 1.897647 17.399996 -3.219229
v 1.897647 17.899996 -3.219229
v 1.500000 17.399998 -3.054352
v 1.500000 17.899998 -3.053757
v 1.650000 17.899996 -3.219229
v 1.650000 17.399996 -3.219229
v 1.897647 17.900000 3.219218
v 1.897647 17.400000 3.219218
v 2.047647 17.399998 3.054342
v 2.047647 17.899998 3.053746
v 1.500000 17.899998 -2.719229
v 1.500000 17.899998 2.719218
v 1.500000 18.233965 2.719218
v 1.500000 18.233965 -2.719229
v 2.500000 17.899998 -2.219229
v 3.047647 17.899998 -2.219229
v 3.047647 17.899998 2.219218
v 2.500000 17.899998 2.219218
v 2.650000 18.399998 -2.219229
v 2.650000 18.399998 2.219218
v 2.897647 18.399998 2.219218
v 2.897647 18.399998 -2.219229
v 3.047647 17.899998 -2.219229
v 2.500000 17.899998 -2.219229
v 2.500000 17.399998 -2.219229
v 3.047647 17.399998 -2.219229
v 2.897647 17.899998 2.719218
v 2.650000 17.899998 2.719218
v 2.650000 17.399998 2.719218
v 2.897647 17.399998 2.719218
v 3.047647 17.399998 2.554342
v 3.047647 17.399998 2.219218
v 2.897647 18.399998 2.219218
v 2.650000 18.399998 2.219218
v 2.650000 17.899998 2.719218
v 2.897647 17.899998 2.719218
v 2.500000 17.399998 -2.554352
v 2.500000 17.399998 -2.219229
v 3.047647 17.399998 -2.219229
v 3.047647 17.399998 -2.554352
v 2.650000 17.899998 -2.719229
v 2.897647 17.899998 -2.719229
v 2.897647 17.399998 -2.719229
v 2.650000 17.399998 -2.719229
v 2.500000 17.899998 2.219218
v 3.047647 17.899998 2.219218
v 3.047647 17.399998 2.219218
v 2.500000 17.399998 2.219218
v 2.500000 17.399998 2.219218
v 2.500000 17.399998 2.554342
v 2.650000 18.399998 -2.219229
v 2.897647 18.399998 -2.219229
v 2.897647 17.899998 -2.719229
v 2.650000 17.899998 -2.719229
v 2.650000 18.399998 2.219218
v 2.650000 18.399998 -2.219229
v 2.500000 18.233965 -2.219229
v 2.500000 18.233965 2.219218
v 2.897647 18.399998 -2.219229
v 2.897647 18.399998 2.219218
v 3.047647 18.233965 2.219218
v 3.047647 18.233965 -2.219229
v 2.897647 18.399998 2.219218
v 2.897647 17.899998 2.719218
v 3.047647 17.899998 2.553746
v 3.047647 18.233965 2.219218
v 2.897647 17.899998 -2.719229
v 2.897647 18.399998 -2.219229
v 3.047647 18.233965 -2.219229
v 3.047647 17.899998 -2.553757
v 2.500000 18.233965 2.219218
v 2.500000 17.899998 2.553746
v 2.650000 17.899998 2.719218
v 2.650000 18.399998 2.219218
v 2.650000 18.399998 -2.219229
v 2.650000 17.899998 -2.719229
v 2.500000 17.899998 -2.553757
v 2.500000 18.233965 -2.219229
v 2.650000 17.399998 2.719218
v 2.650000 17.899998 2.719218
v 2.500000 17.899998 2.553746
v 2.500000 17.399998 2.554342
v 3.047647 17.899998 -2.553757
v 3.047647 17.399998 -2.554352
v 2.897647 17.399998 -2.719229
v 2.897647 17.899998 -2.719229
v 2.500000 17.399998 -2.554352
v 2.500000 17.899998 -2.553757
v 2.650000 17.899998 -2.719229
v 2.650000 17.399998 -2.719229
v 2.897647 17.899998 2.719218
v 2.897647 17.399998 2.719218
v 3.047647 17.399998 2.554342
v 3.047647 17.899998 2.553746
v -0.500000 17.899996 -3.219229
v -0.500000 17.900000 3.219218
v -1.047647 17.900000 3.219218
v -1.047647 17.899996 -3.219229
v -0.650000 18.399996 -3.219229
v -0.897647 18.399996 -3.219229
v -0.897647 18.400000 3.219218
v -0.650000 18.400000 3.219218
v -1.047647 17.899996 -3.219229
v -1.047647 17.399996 -3.219229
v -0.500000 17.399996 -3.219229
v -0.500000 17.899996 -3.219229
v -0.897647 17.900000 3.719218
v -0.897647 17.400000 3.719218
v -0.650000 17.400000 3.719218
v -0.650000 17.900000 3.719218
v -1.047647 17.400000 3.219218
v -1.047647 17.400000 3.554342
v -0.897647 18.400000 3.219218
v -0.897647 17.900000 3.719218
v -0.650000 17.900000 3.719218
v -0.650000 18.400000 3.219218
v -0.500000 17.399996 -3.219229
v -0.500000 17.399996 -3.554352
v -1.047647 17.399996 -3.554352
v -1.047647 17.399996 -3.219229
v -0.650000 17.899996 -3.719229
v -0.650000 17.399996 -3.719229
v -0.897647 17.399996 -3.719229
v -0.897647 17.899996 -3.719229
v -0.500000 17.900000 3.219218
v -0.500000 17.400000 3.219218
v -1.047647 17.400000 3.219218
v -1.047647 17.900000 3.219218
v -0.500000 17.400000 3.554342
v -0.500000 17.400000 3.219218
v -0.650000 18.399996 -3.219229
v -0.650000 17.899996 -3.719229
v -0.897647 17.899996 -3.719229
v -0.897647 18.399996 -3.219229
v -0.650000 18.400000 3.219218
v -0.500000 18.233967 3.219218
v -0.500000 18.233963 -3.219229
v -0.650000 18.399996 -3.219229
v -0.897647 18.399996 -3.219229
v -1.047647 18.233963 -3.219229
v -1.047647 18.233967 3.219218
v -0.897647 18.400000 3.219218
v -0.897647 18.400000 3.219218
v -1.047647 18.233967 3.219218
v -1.047647 17.900000 3.553746
v -0.897647 17.900000 3.719218
v -0.897647 17.899996 -3.719229
v -1.047647 17.899996 -3.553757
v -1.047647 18.233963 -3.219229
v -0.897647 18.399996 -3.219229
v -0.500000 18.233967 3.219218
v -0.650000 18.400000 3.219218
v -0.650000 17.900000 3.719218
v -0.500000 17.900000 3.553746
v -0.650000 18.399996 -3.219229
v -0.500000 18.233963 -3.219229
v -0.500000 17.899996 -3.553757
v -0.650000 17.899996 -3.719229
v -0.650000 17.400000 3.719218
v -0.500000 17.400000 3.554342
v -0.500000 17.900000 3.553746
v -0.650000 17.900000 3.719218
v -1.047647 17.899996 -3.553757
v -0.897647 17.899996 -3.719229
v -0.897647 17.399996 -3.719229
v -1.047647 17.399996 -3.554352
v -0.500000 17.399996 -3.554352
v -0.650000 17.399996 -3.719229
v -0.650000 17.899996 -3.719229
v -0.500000 17.899996 -3.553757
v -0.897647 17.900000 3.719218
v -1.047647 17.900000 3.553746
v -1.047647 17.400000 3.554342
v -0.897647 17.400000 3.719218
v -0.500000 17.899996 -3.219229
v -0.500000 18.233963 -3.219229
v -0.500000 18.233967 3.219218
v -0.500000 17.900000 3.219218
v -1.500000 17.899998 -2.719229
v -1.500000 17.899998 2.719218
v -2.047647 17.899998 2.719218
v -2.047647 17.899998 -2.719229
v -1.650000 18.399998 -2.719229
v -1.897647 18.399998 -2.719229
v -1.897647 18.399998 2.719218
v -1.650000 18.399998 2.719218
v -2.047647 17.899998 -2.719229
v -2.047647 17.399998 -2.719229
v -1.500000 17.399998 -2.719229
v -1.500000 17.899998 -2.719229
v -1.897647 17.900000 3.219218
v -1.897647 17.400000 3.219218
v -1.650000 17.400000 3.219218
v -1.650000 17.900000 3.219218
v -2.047647 17.399998 2.719218
v -2.047647 17.399998 3.054342
v -1.897647 18.399998 2.719218
v -1.897647 17.900000 3.219218
v -1.650000 17.900000 3.219218
v -1.650000 18.399998 2.719218
v -1.500000 17.399998 -2.719229
v -1.500000 17.399998 -3.054352
v -2.047647 17.399998 -3.054352
v -2.047647 17.399998 -2.719229
v -1.650000 17.899996 -3.219229
v -1.650000 17.399996 -3.219229
v -1.897647 17.399996 -3.219229
v -1.897647 17.899996 -3.219229
v -1.500000 17.899998 2.719218
v -1.500000 17.399998 2.719218
v -2.047647 17.399998 2.719218
v -2.047647 17.899998 2.719218
v -1.500000 17.399998 3.054342
v -1.500000 17.399998 2.719218
v -1.650000 18.399998 -2.719229
v -1.650000 17.899996 -3.219229
v -1.897647 17.899996 -3.219229
v -1.897647 18.399998 -2.719229
v -1.650000 18.399998 2.719218
v -1.500000 18.233965 2.719218
v -1.500000 18.233965 -2.719229
v -1.650000 18.399998 -2.719229
v -1.897647 18.399998 -2.719229
v -2.047647 18.233965 -2.719229
v -2.047647 18.233965 2.719218
v -1.897647 18.399998 2.719218
v -1.897647 18.399998 2.719218
v -2.047647 18.233965 2.719218
v -2.047647 17.899998 3.053746
v -1.897647 17.900000 3.219218
v -1.897647 17.899996 -3.219229
v -2.047647 17.899998 -3.053757
v -2.047647 18.233965 -2.719229
v -1.897647 18.399998 -2.719229
v -1.500000 18.233965 2.719218
v -1.650000 18.399998 2.719218
v -1.650000 17.900000 3.219218
v -1.500000 17.899998 3.053746
v -1.650000 18.399998 -2.719229
v -1.500000 18.233965 -2.719229
v -1.500000 17.899998 -3.053757
v -1.650000 17.899996 -3.219229
v -1.650000 17.400000 3.219218
v -1.500000 17.399998 3.054342
v -1.500000 17.899998 3.053746
v -1.650000 17.900000 3.219218
v -2.047647 17.899998 -3.053757
v -1.897647 17.899996 -3.219229
v -1.897647 17.399996 -3.219229
v -2.047647 17.399998 -3.054352
v -1.500000 17.399998 -3.054352
v -1.650000 17.399996 -3.219229
v -1.650000 17.899996 -3.219229
v -1.500000 17.899998 -3.053757
v -1.897647 17.900000 3.219218
v -2.047647 17.899998 3.053746
v -2.047647 17.399998 3.054342
v -1.897647 17.400000 3.219218
v -1.500000 17.899998 -2.719229
v -1.500000 18.233965 -2.719229
v -1.500000 18.233965 2.719218
v -1.500000 17.899998 2.719218
v -2.500000 17.899998 -2.219229
v -2.500000 17.899998 2.219218
v -3.047647 17.899998 2.219218
v -3.047647 17.899998 -2.219229
v -2.650000 18.399998 -2.219229
v -2.897647 18.399998 -2.219229
v -2.897647 18.399998 2.219218
v -2.650000 18.399998 2.219218
v -3.047647 17.899998 -2.219229
v -3.047647 17.399998 -2.219229
v -2.500000 17.399998 -2.219229
v -2.500000 17.899998 -2.219229
v -2.897647 17.899998 2.719218
v -2.897647 17.399998 2.719218
v -2.650000 17.399998 2.719218
v -2.650000 17.899998 2.719218
v -3.047647 17.399998 2.219218
v -3.047647 17.399998 2.554342
v -2.897647 18.399998 2.219218
v -2.897647 17.899998 2.719218
v -2.650000 17.899998 2.719218
v -2.650000 18.399998 2.219218
v -2.500000 17.399998 -2.219229
v -2.500000 17.399998 -2.554352
v -3.047647 17.399998 -2.554352
v -3.047647 17.399998 -2.219229
v -2.650000 17.899998 -2.719229
v -2.650000 17.399998 -2.719229
v -2.897647 17.399998 -2.719229
v -2.897647 17.899998 -2.719229
v -2.500000 17.899998 2.219218
v -2.500000 17.399998 2.219218
v -3.047647 17.399998 2.219218
v -3.047647 17.899998 2.219218
v -2.500000 17.399998 2.554342
v -2.500000 17.399998 2.219218
v -2.650000 18.399998 -2.219229
v -2.650000 17.899998 -2.719229
v -2.897647 17.899998 -2.719229
v -2.897647 18.399998 -2.219229
v -2.650000 18.399998 2.219218
v -2.500000 18.233965 2.219218
v -2.500000 18.233965 -2.219229
v -2.650000 18.399998 -2.219229
v -2.897647 18.399998 -2.219229
v -3.047647 18.233965 -2.219229
v -3.047647 18.233965 2.219218
v -2.897647 18.399998 2.219218
v -2.897647 18.399998 2.219218
v -3.047647 18.233965 2.219218
v -3.047647 17.899998 2.553746
v -2.897647 17.899998 2.719218
v -2.897647 17.899998 -2.719229
v -3.047647 17.899998 -2.553757
v -3.047647 18.233965 -2.219229
v -2.897647 18.399998 -2.219229
v -2.500000 18.233965 2.219218
v -2.650000 18.399998 2.219218
v -2.650000 17.899998 2.719218
v -2.500000 17.899998 2.553746
v -2.650000 18.399998 -2.219229
v -2.500000 18.233965 -2.219229
v -2.500000 17.899998 -2.553757
v -2.650000 17.899998 -2.719229
v -2.650000 17.399998 2.719218
v -2.500000 17.399998 2.554342
v -2.500000 17.899998 2.553746
v -2.650000 17.899998 2.719218
v -3.047647 17.899998 -2.553757
v -2.897647 17.899998 -2.719229
v -2.897647 17.399998 -2.719229
v -3.047647 17.399998 -2.554352
v -2.500000 17.399998 -2.554352
v -2.650000 17.399998 -2.719229
v -2.650000 17.899998 -2.719229
v -2.500000 17.899998 -2.553757
v -2.897647 17.899998 2.719218
v -3.047647 17.899998 2.553746
v -3.047647 17.399998 2.554342
v -2.897647 17.399998 2.719218
v 1.047647 17.399996 -3.219229
v 0.500000 17.399996 -3.219229
v 0.500000 17.399996 -3.554352
v 0.650000 17.399996 -3.719229
v 0.897647 17.399996 -3.719229
v 1.047647 17.399996 -3.554352
v 0.500000 17.400000 3.219218
v 1.047647 17.400000 3.219218
v 1.047647 17.400000 3.554342
v 0.897647 17.400000 3.719218
v 0.650000 17.400000 3.719218
v 0.500000 17.400000 3.554342
v 2.047647 17.399998 -2.719229
v 1.500000 17.399998 -2.719229
v 1.500000 17.399998 -3.054352
v 1.650000 17.399996 -3.219229
v 1.897647 17.399996 -3.219229
v 2.047647 17.399998 -3.054352
v 1.500000 17.399998 2.719218
v 2.047647 17.399998 2.719218
v 2.047647 17.399998 3.054342
v 1.897647 17.400000 3.219218
v 1.650000 17.400000 3.219218
v 1.500000 17.399998 3.054342
v 3.047647 17.399998 -2.219229
v 2.500000 17.399998 -2.219229
v 2.500000 17.399998 -2.554352
v 2.650000 17.399998 -2.719229
v 2.897647 17.399998 -2.719229
v 3.047647 17.399998 -2.554352
v 2.500000 17.399998 2.219218
v 3.047647 17.399998 2.219218
v 3.047647 17.399998 2.554342
v 2.897647 17.399998 2.719218
v 2.650000 17.399998 2.719218
v 2.500000 17.399998 2.554342
v -1.047647 17.399996 -3.219229
v -1.047647 17.399996 -3.554352
v -0.897647 17.399996 -3.719229
v -0.650000 17.399996 -3.719229
v -0.500000 17.399996 -3.554352
v -0.500000 17.399996 -3.219229
v -0.500000 17.400000 3.219218
v -0.500000 17.400000 3.554342
v -0.650000 17.400000 3.719218
v -0.897647 17.400000 3.719218
v -1.047647 17.400000 3.554342
v -1.047647 17.400000 3.219218
v -2.047647 17.399998 -2.719229
v -2.047647 17.399998 -3.054352
v -1.897647 17.399996 -3.219229
v -1.650000 17.399996 -3.219229
v -1.500000 17.399998 -3.054352
v -1.500000 17.399998 -2.719229
v -1.500000 17.399998 2.719218
v -1.500000 17.399998 3.054342
v -1.650000 17.400000 3.219218
v -1.897647 17.400000 3.219218
v -2.047647 17.399998 3.054342
v -2.047647 17.399998 2.719218
v -3.047647 17.399998 -2.219229
v -3.047647 17.399998 -2.554352
v -2.897647 17.399998 -2.719229
v -2.650000 17.399998 -2.719229
v -2.500000 17.399998 -2.554352
v -2.500000 17.399998 -2.219229
v -2.500000 17.399998 2.219218
v -2.500000 17.399998 2.554342
v -2.650000 17.399998 2.719218
v -2.897647 17.399998 2.719218
v -3.047647 17.399998 2.554342
v -3.047647 17.399998 2.219218
vn -1.0000 -0.0000 -0.0000
vn 1.0000 -0.0000 -0.0000
vn -0.0000 -1.0000 -0.0000
vn -0.0000 1.0000 -0.0000
vn -0.0000 -0.0000 1.0000
vn -0.0000 0.7071 0.7071
vn -0.0000 -0.0000 -1.0000
vn -0.0000 0.7071 -0.7071
vn -0.7420 0.6704 -0.0000
vn 0.7420 0.6704 -0.0000
vn 0.6147 0.5577 0.5578
vn 0.6156 0.5574 0.5571
vn 0.6150 0.5575 0.5575
vn 0.6163 0.5571 0.5565
vn 0.6167 0.5571 0.5562
vn 0.6157 0.5574 0.5570
vn 0.6168 0.5567 -0.5565
vn 0.6158 0.5573 -0.5570
vn 0.6161 0.5570 -0.5569
vn 0.6152 0.5578 -0.5572
vn 0.6147 0.5580 -0.5575
vn 0.6157 0.5574 -0.5570
vn -0.6147 0.5580 0.5575
vn -0.6156 0.5574 0.5570
vn -0.6151 0.5579 0.5572
vn -0.6161 0.5570 0.5569
vn -0.6167 0.5567 0.5565
vn -0.6158 0.5573 0.5570
vn -0.6147 0.5577 -0.5578
vn -0.6156 0.5574 -0.5571
vn -0.6154 0.5575 -0.5572
vn -0.6163 0.5571 -0.5565
vn -0.6170 0.5568 -0.5561
vn -0.6157 0.5574 -0.5570
vn -0.7412 0.0003 0.6713
vn -0.7403 0.0004 0.6722
vn -0.7406 0.0002 0.6719
vn -0.7400 0.0006 0.6726
vn -0.7394 0.0005 0.6732
vn -0.7403 0.0004 0.6723
vn 0.7394 0.0005 -0.6732
vn 0.7404 0.0004 -0.6722
vn 0.7400 0.0006 -0.6726
vn 0.7406 0.0002 -0.6719
vn 0.7412 0.0003 -0.6713
vn 0.7403 0.0004 -0.6723
vn -0.7412 0.0009 -0.6713
vn -0.7403 0.0004 -0.6723
vn -0.7409 0.0008 -0.6716
vn -0.7399 0.0003 -0.6727
vn -0.7397 -0.0000 -0.6730
vn -0.7403 0.0004 -0.6722
vn 0.7397 -0.0000 0.6730
vn 0.7403 0.0004 0.6723
vn 0.7399 0.0003 0.6727
vn 0.7409 0.0008 0.6716
vn 0.7412 0.0009 0.6713
vn 0.6154 0.5575 0.5572
vn 0.6170 0.5568 0.5561
vn 0.6158 0.5573 0.5569
vn 0.6167 0.5567 -0.5565
vn 0.6160 0.5571 -0.5569
vn 0.6151 0.5579 -0.5572
vn 0.6146 0.5579 -0.5576
vn 0.6156 0.5574 -0.5570
vn -0.6146 0.5579 0.5577
vn -0.6152 0.5577 0.5571
vn -0.6159 0.5572 0.5569
vn -0.6169 0.5567 0.5564
vn -0.6145 0.5578 -0.5579
vn -0.6155 0.5575 -0.5571
vn -0.6162 0.5571 -0.5567
vn -0.6172 0.5567 -0.5560
vn -0.6158 0.5574 -0.5569
vn 0.7403 0.0004 -0.6722
vn 0.7399 0.0007 -0.6727
vn 0.7411 0.0002 -0.6714
vn 0.7394 -0.0001 0.6733
vn 0.7403 0.0004 0.6722
vn 0.7400 0.0004 0.6726
vn 0.7407 0.0005 0.6719
vn 0.7413 0.0009 0.6712
vn 0.6145 0.5578 0.5579
vn 0.6155 0.5575 0.5571
vn 0.6162 0.5571 0.5567
vn 0.6172 0.5567 0.5560
vn 0.6158 0.5573 -0.5569
vn 0.6146 0.5578 -0.5578
vn -0.6146 0.5578 0.5578
vn -0.6157 0.5574 0.5570
vn -0.6158 0.5573 0.5569
vn -0.6163 0.5571 0.5565
vn -0.6167 0.5571 0.5562
vn -0.6147 0.5577 0.5578
vn -0.6150 0.5575 0.5575
vn -0.6156 0.5574 0.5571
vn -0.6152 0.5578 -0.5572
vn -0.6147 0.5580 -0.5575
vn -0.6168 0.5567 -0.5565
vn -0.6161 0.5570 -0.5569
vn -0.6158 0.5573 -0.5570
vn 0.6161 0.5570 0.5569
vn 0.6158 0.5573 0.5570
vn 0.6167 0.5567 0.5565
vn 0.6147 0.5580 0.5575
vn 0.6151 0.5579 0.5572
vn 0.6156 0.5574 0.5570
vn 0.6163 0.5571 -0.5565
vn 0.6170 0.5568 -0.5561
vn 0.6147 0.5577 -0.5578
vn 0.6154 0.5575 -0.5572
vn 0.6156 0.5574 -0.5571
vn 0.7400 0.0006 0.6726
vn 0.7404 0.0004 0.6722
vn 0.7394 0.0005 0.6732
vn 0.7412 0.0003 0.6713
vn 0.7406 0.0002 0.6719
vn -0.7406 0.0002 -0.6719
vn -0.7412 0.0003 -0.6713
vn -0.7394 0.0005 -0.6732
vn -0.7400 0.0006 -0.6726
vn -0.7404 0.0004 -0.6722
vn 0.7399 0.0003 -0.6727
vn 0.7397 -0.0000 -0.6730
vn 0.7412 0.0009 -0.6713
vn 0.7409 0.0008 -0.6716
vn -0.7409 0.0008 0.6716
vn -0.7412 0.0009 0.6713
vn -0.7397 -0.0000 0.6730
vn -0.7399 0.0003 0.6727
vn -0.6170 0.5568 0.5561
vn -0.6154 0.5575 0.5572
vn -0.6151 0.5579 -0.5572
vn -0.6146 0.5579 -0.5576
vn -0.6167 0.5567 -0.5565
vn -0.6160 0.5571 -0.5569
vn 0.6159 0.5572 0.5569
vn 0.6169 0.5567 0.5564
vn 0.6146 0.5579 0.5577
vn 0.6152 0.5577 0.5571
vn 0.6162 0.5571 -0.5567
vn 0.6158 0.5574 -0.5569
vn 0.6172 0.5567 -0.5560
vn 0.6145 0.5578 -0.5579
vn 0.6155 0.5575 -0.5571
vn -0.7411 0.0002 -0.6714
vn -0.7399 0.0007 -0.6727
vn -0.6162 0.5571 0.5567
vn -0.6172 0.5567 0.5560
vn -0.6145 0.5578 0.5579
vn -0.6155 0.5575 0.5571
vn -0.6146 0.5579 -0.5577
vn -0.6159 0.5572 -0.5569
vn 0.6146 0.5578 0.5578
vn 0.7399 0.0007 0.6727
vn 0.7411 0.0002 0.6714
vt 0.464182 0.158754
vt 0.454727 0.180031
vt 0.454727 0.158754
vt 0.464182 0.180031
vt 0.464182 0.180031
vt 0.461592 0.180031
vt 0.461592 0.158754
vt 0.457317 0.158754
vt 0.457317 0.180031
vt 0.461592 0.158754
vt 0.464182 0.180031
vt 0.457317 0.180031
vt 0.461592 0.180031
s 0
usemtl Placeable
f 8081/1612/1062 8082/1612/1062 8083/1612/1062
f 8084/1613/1063 8085/1613/1063 8086/1613/1063
f 8087/1614/1063 8088/1614/1063 8089/1614/1063
f 8090/1615/1062 8091/1615/1062 8092/1616/1062
f 8093/1612/1062 8094/1612/1062 8095/1612/1062
f 8096/1613/1063 8097/1613/1063 8098/1613/1063
f 8099/1614/1063 8100/1614/1063 8101/1614/1063
f 8102/1615/1062 8103/1615/1062 8104/1616/1062
f 8105/1612/1062 8106/1612/1062 8107/1612/1062
f 8108/1613/1063 8109/1613/1063 8110/1613/1063
f 8111/1614/1063 8112/1614/1063 8113/1614/1063
f 8114/1615/1062 8115/1615/1062 8116/1616/1062
f 8117/1612/1063 8118/1612/1063 8119/1612/1063
f 8120/1613/1062 8121/1613/1062 8122/1613/1062
f 8123/1614/1062 8124/1614/1062 8125/1614/1062
f 8126/1615/1063 8127/1616/1063 8128/1615/1063
f 8129/1612/1063 8130/1612/1063 8131/1612/1063
f 8132/1613/1062 8133/1613/1062 8134/1613/1062
f 8135/1614/1062 8136/1614/1062 8137/1614/1062
f 8138/1615/1063 8139/1616/1063 8140/1615/1063
f 8141/1612/1063 8142/1612/1063 8143/1612/1063
f 8144/1613/1062 8145/1613/1062 8146/1613/1062
f 8147/1614/1062 8148/1614/1062 8149/1614/1062
f 8150/1615/1063 8151/1616/1063 8152/1615/1063
f 8153/1615/1064 8154/1613/1064 8155/1614/1064
f 8153/1615/1064 8155/1614/1064 8156/1612/1064
f 8157/1617/1065 8158/1618/1065 8159/1619/1065
f 8157/1617/1065 8159/1619/1065 8160/1620/1065
f 8161/1613/1066 8162/1615/1066 8163/1615/1066
f 8161/1613/1066 8163/1615/1066 8164/1613/1066
f 8165/1619/1066 8166/1618/1066 8167/1618/1066
f 8165/1619/1066 8167/1618/1066 8168/1619/1066
f 8087/1614/1063 8089/1614/1063 8169/1614/1063
f 8087/1614/1063 8169/1614/1063 8170/1614/1063
f 8171/1619/1067 8172/1618/1067 8173/1621/1067
f 8171/1619/1067 8173/1621/1067 8174/1619/1067
f 8087/1614/1063 8085/1613/1063 8084/1613/1063
f 8087/1614/1063 8084/1613/1063 8088/1614/1063
f 8090/1615/1062 8092/1616/1062 8175/1622/1062
f 8090/1615/1062 8175/1622/1062 8176/1615/1062
f 8086/1613/1063 8085/1613/1063 8177/1613/1063
f 8086/1613/1063 8177/1613/1063 8178/1613/1063
f 8179/1617/1068 8180/1620/1068 8181/1620/1068
f 8179/1617/1068 8181/1620/1068 8182/1617/1068
f 8183/1612/1068 8184/1614/1068 8185/1614/1068
f 8183/1612/1068 8185/1614/1068 8186/1612/1068
f 8083/1612/1062 8082/1612/1062 8187/1612/1062
f 8083/1612/1062 8187/1612/1062 8188/1612/1062
f 8189/1617/1069 8190/1620/1069 8191/1623/1069
f 8189/1617/1069 8191/1623/1069 8192/1624/1069
f 8193/1618/1070 8194/1617/1070 8195/1615/1070
f 8193/1618/1070 8195/1615/1070 8196/1612/1070
f 8197/1620/1071 8198/1619/1071 8199/1614/1071
f 8197/1620/1071 8199/1614/1071 8200/1613/1071
f 8201/1619/1072 8202/1619/1073 8203/1614/1074
f 8201/1619/1075 8203/1614/1076 8204/1614/1077
f 8205/1623/1078 8206/1620/1079 8207/1613/1080
f 8205/1623/1081 8207/1613/1082 8208/1613/1083
f 8209/1612/1084 8210/1612/1085 8211/1621/1086
f 8209/1612/1087 8211/1621/1088 8212/1618/1089
f 8213/1617/1090 8214/1624/1091 8215/1616/1092
f 8213/1617/1093 8215/1616/1094 8216/1615/1095
f 8217/1618/1096 8218/1618/1097 8219/1612/1098
f 8217/1618/1099 8219/1612/1100 8220/1612/1101
f 8221/1613/1102 8222/1613/1103 8223/1620/1104
f 8221/1613/1105 8223/1620/1106 8224/1620/1107
f 8225/1622/1108 8226/1616/1109 8227/1617/1110
f 8225/1622/1111 8227/1617/1112 8228/1617/1113
f 8229/1619/1114 8230/1619/1115 8231/1614/1116
f 8229/1619/1117 8231/1614/1118 8232/1614/1115
f 8233/1615/1062 8234/1612/1062 8235/1612/1062
f 8233/1615/1062 8235/1612/1062 8236/1615/1062
f 8237/1615/1064 8238/1613/1064 8239/1614/1064
f 8237/1615/1064 8239/1614/1064 8240/1612/1064
f 8241/1617/1065 8242/1618/1065 8243/1619/1065
f 8241/1617/1065 8243/1619/1065 8244/1620/1065
f 8245/1613/1066 8246/1615/1066 8247/1615/1066
f 8245/1613/1066 8247/1615/1066 8248/1613/1066
f 8249/1619/1066 8250/1618/1066 8251/1618/1066
f 8249/1619/1066 8251/1618/1066 8252/1619/1066
f 8099/1614/1063 8101/1614/1063 8253/1614/1063
f 8099/1614/1063 8253/1614/1063 8254/1614/1063
f 8255/1619/1067 8256/1618/1067 8257/1621/1067
f 8255/1619/1067 8257/1621/1067 8258/1619/1067
f 8099/1614/1063 8097/1613/1063 8096/1613/1063
f 8099/1614/1063 8096/1613/1063 8100/1614/1063
f 8102/1615/1062 8104/1616/1062 8259/1622/1062
f 8102/1615/1062 8259/1622/1062 8260/1615/1062
f 8098/1613/1063 8097/1613/1063 8261/1613/1063
f 8098/1613/1063 8261/1613/1063 8262/1613/1063
f 8263/1617/1068 8264/1620/1068 8265/1620/1068
f 8263/1617/1068 8265/1620/1068 8266/1617/1068
f 8267/1612/1068 8268/1614/1068 8269/1614/1068
f 8267/1612/1068 8269/1614/1068 8270/1612/1068
f 8095/1612/1062 8094/1612/1062 8271/1612/1062
f 8095/1612/1062 8271/1612/1062 8272/1612/1062
f 8273/1617/1069 8274/1620/1069 8275/1623/1069
f 8273/1617/1069 8275/1623/1069 8276/1624/1069
f 8277/1618/1070 8278/1617/1070 8279/1615/1070
f 8277/1618/1070 8279/1615/1070 8280/1612/1070
f 8281/1620/1071 8282/1619/1071 8283/1614/1071
f 8281/1620/1071 8283/1614/1071 8284/1613/1071
f 8285/1619/1072 8286/1619/1073 8287/1614/1119
f 8285/1619/1075 8287/1614/1120 8288/1614/1121
f 8289/1623/1122 8290/1620/1083 8291/1613/1123
f 8289/1623/1124 8291/1613/1125 8292/1613/1126
f 8293/1612/1127 8294/1612/1089 8295/1621/1128
f 8293/1612/1129 8295/1621/1130 8296/1618/1085
f 8297/1617/1131 8298/1624/1095 8299/1616/1132
f 8297/1617/1133 8299/1616/1134 8300/1615/1135
f 8301/1618/1096 8302/1618/1097 8303/1612/1098
f 8301/1618/1099 8303/1612/1100 8304/1612/1101
f 8305/1613/1102 8306/1613/1136 8307/1620/1137
f 8305/1613/1105 8307/1620/1138 8308/1620/1136
f 8309/1622/1108 8310/1616/1109 8311/1617/1110
f 8309/1622/1111 8311/1617/1112 8312/1617/1113
f 8313/1619/1139 8314/1619/1140 8315/1614/1141
f 8313/1619/1142 8315/1614/1143 8316/1614/1115
f 8317/1615/1062 8318/1612/1062 8319/1612/1062
f 8317/1615/1062 8319/1612/1062 8320/1615/1062
f 8321/1615/1064 8322/1613/1064 8323/1614/1064
f 8321/1615/1064 8323/1614/1064 8324/1612/1064
f 8325/1617/1065 8326/1618/1065 8327/1619/1065
f 8325/1617/1065 8327/1619/1065 8328/1620/1065
f 8329/1613/1066 8330/1615/1066 8331/1615/1066
f 8329/1613/1066 8331/1615/1066 8332/1613/1066
f 8333/1619/1066 8334/1618/1066 8335/1618/1066
f 8333/1619/1066 8335/1618/1066 8336/1619/1066
f 8111/1614/1063 8113/1614/1063 8337/1614/1063
f 8111/1614/1063 8337/1614/1063 8338/1614/1063
f 8339/1619/1067 8340/1618/1067 8341/1621/1067
f 8339/1619/1067 8341/1621/1067 8342/1619/1067
f 8111/1614/1063 8109/1613/1063 8108/1613/1063
f 8111/1614/1063 8108/1613/1063 8112/1614/1063
f 8114/1615/1062 8116/1616/1062 8343/1622/1062
f 8114/1615/1062 8343/1622/1062 8344/1615/1062
f 8110/1613/1063 8109/1613/1063 8345/1613/1063
f 8110/1613/1063 8345/1613/1063 8346/1613/1063
f 8347/1617/1068 8348/1620/1068 8349/1620/1068
f 8347/1617/1068 8349/1620/1068 8350/1617/1068
f 8351/1612/1068 8352/1614/1068 8353/1614/1068
f 8351/1612/1068 8353/1614/1068 8354/1612/1068
f 8107/1612/1062 8106/1612/1062 8355/1612/1062
f 8107/1612/1062 8355/1612/1062 8356/1612/1062
f 8357/1617/1069 8358/1620/1069 8359/1623/1069
f 8357/1617/1069 8359/1623/1069 8360/1624/1069
f 8361/1618/1070 8362/1617/1070 8363/1615/1070
f 8361/1618/1070 8363/1615/1070 8364/1612/1070
f 8365/1620/1071 8366/1619/1071 8367/1614/1071
f 8365/1620/1071 8367/1614/1071 8368/1613/1071
f 8369/1619/1144 8370/1619/1077 8371/1614/1145
f 8369/1619/1146 8371/1614/1147 8372/1614/1077
f 8373/1623/1122 8374/1620/1126 8375/1613/1148
f 8373/1623/1124 8375/1613/1149 8376/1613/1083
f 8377/1612/1150 8378/1612/1151 8379/1621/1086
f 8377/1612/1152 8379/1621/1088 8380/1618/1085
f 8381/1617/1131 8382/1624/1095 8383/1616/1132
f 8381/1617/1133 8383/1616/1134 8384/1615/1095
f 8385/1618/1096 8386/1618/1101 8387/1612/1098
f 8385/1618/1099 8387/1612/1100 8388/1612/1097
f 8389/1613/1102 8390/1613/1136 8391/1620/1137
f 8389/1613/1105 8391/1620/1138 8392/1620/1136
f 8393/1622/1108 8394/1616/1109 8395/1617/1110
f 8393/1622/1111 8395/1617/1112 8396/1617/1113
f 8397/1619/1139 8398/1619/1140 8399/1614/1141
f 8397/1619/1142 8399/1614/1143 8400/1614/1115
f 8114/1615/1062 8106/1612/1062 8105/1612/1062
f 8114/1615/1062 8105/1612/1062 8115/1615/1062
f 8401/1615/1064 8402/1612/1064 8403/1614/1064
f 8401/1615/1064 8403/1614/1064 8404/1613/1064
f 8405/1617/1065 8406/1620/1065 8407/1619/1065
f 8405/1617/1065 8407/1619/1065 8408/1618/1065
f 8409/1613/1066 8410/1613/1066 8411/1615/1066
f 8409/1613/1066 8411/1615/1066 8412/1615/1066
f 8413/1619/1066 8414/1619/1066 8415/1618/1066
f 8413/1619/1066 8415/1618/1066 8416/1618/1066
f 8123/1614/1062 8417/1614/1062 8418/1614/1062
f 8123/1614/1062 8418/1614/1062 8124/1614/1062
f 8419/1619/1067 8420/1619/1067 8421/1621/1067
f 8419/1619/1067 8421/1621/1067 8422/1618/1067
f 8123/1614/1062 8125/1614/1062 8120/1613/1062
f 8123/1614/1062 8120/1613/1062 8122/1613/1062
f 8126/1615/1063 8423/1615/1063 8424/1622/1063
f 8126/1615/1063 8424/1622/1063 8127/1616/1063
f 8121/1613/1062 8425/1613/1062 8426/1613/1062
f 8121/1613/1062 8426/1613/1062 8122/1613/1062
f 8427/1617/1068 8428/1617/1068 8429/1620/1068
f 8427/1617/1068 8429/1620/1068 8430/1620/1068
f 8431/1612/1068 8432/1612/1068 8433/1614/1068
f 8431/1612/1068 8433/1614/1068 8434/1614/1068
f 8118/1612/1063 8435/1612/1063 8436/1612/1063
f 8118/1612/1063 8436/1612/1063 8119/1612/1063
f 8437/1617/1069 8438/1624/1069 8439/1623/1069
f 8437/1617/1069 8439/1623/1069 8440/1620/1069
f 8441/1618/1071 8442/1612/1071 8443/1615/1071
f 8441/1618/1071 8443/1615/1071 8444/1617/1071
f 8445/1620/1070 8446/1613/1070 8447/1614/1070
f 8445/1620/1070 8447/1614/1070 8448/1619/1070
f 8449/1619/1153 8450/1614/1151 8451/1614/1154
f 8449/1619/1155 8451/1614/1156 8452/1619/1157
f 8453/1623/1158 8454/1613/1095 8455/1613/1159
f 8453/1623/1160 8455/1613/1161 8456/1620/1162
f 8457/1612/1163 8458/1618/1164 8459/1621/1165
f 8457/1612/1166 8459/1621/1167 8460/1612/1168
f 8461/1617/1169 8462/1615/1083 8463/1616/1170
f 8461/1617/1171 8463/1616/1172 8464/1624/1173
f 8465/1618/1174 8466/1612/1175 8467/1612/1176
f 8465/1618/1177 8467/1612/1178 8468/1618/1115
f 8469/1613/1179 8470/1620/1109 8471/1620/1180
f 8469/1613/1181 8471/1620/1182 8472/1613/1183
f 8473/1622/1184 8474/1617/1136 8475/1617/1185
f 8473/1622/1186 8475/1617/1187 8476/1616/1107
f 8477/1619/1188 8478/1614/1101 8479/1614/1189
f 8477/1619/1190 8479/1614/1191 8480/1619/1097
f 8481/1615/1063 8482/1615/1063 8483/1612/1063
f 8481/1615/1063 8483/1612/1063 8484/1612/1063
f 8485/1615/1064 8486/1612/1064 8487/1614/1064
f 8485/1615/1064 8487/1614/1064 8488/1613/1064
f 8489/1617/1065 8490/1620/1065 8491/1619/1065
f 8489/1617/1065 8491/1619/1065 8492/1618/1065
f 8493/1613/1066 8494/1613/1066 8495/1615/1066
f 8493/1613/1066 8495/1615/1066 8496/1615/1066
f 8497/1619/1066 8498/1619/1066 8499/1618/1066
f 8497/1619/1066 8499/1618/1066 8500/1618/1066
f 8135/1614/1062 8501/1614/1062 8502/1614/1062
f 8135/1614/1062 8502/1614/1062 8136/1614/1062
f 8503/1619/1067 8504/1619/1067 8505/1621/1067
f 8503/1619/1067 8505/1621/1067 8506/1618/1067
f 8135/1614/1062 8137/1614/1062 8132/1613/1062
f 8135/1614/1062 8132/1613/1062 8134/1613/1062
f 8138/1615/1063 8507/1615/1063 8508/1622/1063
f 8138/1615/1063 8508/1622/1063 8139/1616/1063
f 8133/1613/1062 8509/1613/1062 8510/1613/1062
f 8133/1613/1062 8510/1613/1062 8134/1613/1062
f 8511/1617/1068 8512/1617/1068 8513/1620/1068
f 8511/1617/1068 8513/1620/1068 8514/1620/1068
f 8515/1612/1068 8516/1612/1068 8517/1614/1068
f 8515/1612/1068 8517/1614/1068 8518/1614/1068
f 8130/1612/1063 8519/1612/1063 8520/1612/1063
f 8130/1612/1063 8520/1612/1063 8131/1612/1063
f 8521/1617/1069 8522/1624/1069 8523/1623/1069
f 8521/1617/1069 8523/1623/1069 8524/1620/1069
f 8525/1618/1071 8526/1612/1071 8527/1615/1071
f 8525/1618/1071 8527/1615/1071 8528/1617/1071
f 8529/1620/1070 8530/1613/1070 8531/1614/1070
f 8529/1620/1070 8531/1614/1070 8532/1619/1070
f 8533/1619/1153 8534/1614/1152 8535/1614/1192
f 8533/1619/1155 8535/1614/1193 8536/1619/1157
f 8537/1623/1194 8538/1613/1095 8539/1613/1195
f 8537/1623/1196 8539/1613/1197 8540/1620/1095
f 8541/1612/1198 8542/1618/1168 8543/1621/1199
f 8541/1612/1200 8543/1621/1201 8544/1612/1164
f 8545/1617/1202 8546/1615/1203 8547/1616/1204
f 8545/1617/1205 8547/1616/1206 8548/1624/1083
f 8549/1618/1174 8550/1612/1175 8551/1612/1176
f 8549/1618/1177 8551/1612/1178 8552/1618/1115
f 8553/1613/1179 8554/1620/1113 8555/1620/1207
f 8553/1613/1181 8555/1620/1208 8556/1613/1113
f 8557/1622/1184 8558/1617/1136 8559/1617/1185
f 8557/1622/1186 8559/1617/1187 8560/1616/1107
f 8561/1619/1188 8562/1614/1101 8563/1614/1189
f 8561/1619/1190 8563/1614/1191 8564/1619/1097
f 8565/1615/1063 8566/1615/1063 8567/1612/1063
f 8565/1615/1063 8567/1612/1063 8568/1612/1063
f 8569/1615/1064 8570/1612/1064 8571/1614/1064
f 8569/1615/1064 8571/1614/1064 8572/1613/1064
f 8573/1617/1065 8574/1620/1065 8575/1619/1065
f 8573/1617/1065 8575/1619/1065 8576/1618/1065
f 8577/1613/1066 8578/1613/1066 8579/1615/1066
f 8577/1613/1066 8579/1615/1066 8580/1615/1066
f 8581/1619/1066 8582/1619/1066 8583/1618/1066
f 8581/1619/1066 8583/1618/1066 8584/1618/1066
f 8147/1614/1062 8585/1614/1062 8586/1614/1062
f 8147/1614/1062 8586/1614/1062 8148/1614/1062
f 8587/1619/1067 8588/1619/1067 8589/1621/1067
f 8587/1619/1067 8589/1621/1067 8590/1618/1067
f 8147/1614/1062 8149/1614/1062 8144/1613/1062
f 8147/1614/1062 8144/1613/1062 8146/1613/1062
f 8150/1615/1063 8591/1615/1063 8592/1622/1063
f 8150/1615/1063 8592/1622/1063 8151/1616/1063
f 8145/1613/1062 8593/1613/1062 8594/1613/1062
f 8145/1613/1062 8594/1613/1062 8146/1613/1062
f 8595/1617/1068 8596/1617/1068 8597/1620/1068
f 8595/1617/1068 8597/1620/1068 8598/1620/1068
f 8599/1612/1068 8600/1612/1068 8601/1614/1068
f 8599/1612/1068 8601/1614/1068 8602/1614/1068
f 8142/1612/1063 8603/1612/1063 8604/1612/1063
f 8142/1612/1063 8604/1612/1063 8143/1612/1063
f 8605/1617/1069 8606/1624/1069 8607/1623/1069
f 8605/1617/1069 8607/1623/1069 8608/1620/1069
f 8609/1618/1071 8610/1612/1071 8611/1615/1071
f 8609/1618/1071 8611/1615/1071 8612/1617/1071
f 8613/1620/1070 8614/1613/1070 8615/1614/1070
f 8613/1620/1070 8615/1614/1070 8616/1619/1070
f 8617/1619/1209 8618/1614/1151 8619/1614/1210
f 8617/1619/1211 8619/1614/1212 8620/1619/1151
f 8621/1623/1194 8622/1613/1095 8623/1613/1213
f 8621/1623/1196 8623/1613/1214 8624/1620/1095
f 8625/1612/1121 8626/1618/1168 8627/1621/1165
f 8625/1612/1215 8627/1621/1167 8628/1612/1077
f 8629/1617/1202 8630/1615/1083 8631/1616/1204
f 8629/1617/1205 8631/1616/1206 8632/1624/1083
f 8633/1618/1216 8634/1612/1140 8635/1612/1176
f 8633/1618/1217 8635/1612/1178 8636/1618/1140
f 8637/1613/1179 8638/1620/1113 8639/1620/1207
f 8637/1613/1181 8639/1620/1208 8640/1613/1113
f 8641/1622/1184 8642/1617/1136 8643/1617/1185
f 8641/1622/1186 8643/1617/1187 8644/1616/1107
f 8645/1619/1188 8646/1614/1101 8647/1614/1189
f 8645/1619/1190 8647/1614/1191 8648/1619/1097
f 8150/1615/1063 8152/1615/1063 8141/1612/1063
f 8150/1615/1063 8141/1612/1063 8143/1612/1063
f 8652/1617/1064 8650/1615/1064 8651/1622/1064
f 8650/1615/1064 8652/1617/1064 8649/1613/1064
f 8649/1613/1064 8652/1617/1064 8653/1620/1064
f 8649/1613/1064 8653/1620/1064 8654/1613/1064
f 8656/1614/1064 8660/1612/1064 8655/1612/1064
f 8660/1612/1064 8656/1614/1064 8659/1618/1064
f 8659/1618/1064 8656/1614/1064 8658/1619/1064
f 8658/1619/1064 8656/1614/1064 8657/1614/1064
f 8664/1617/1064 8662/1615/1064 8663/1622/1064
f 8662/1615/1064 8664/1617/1064 8661/1613/1064
f 8661/1613/1064 8664/1617/1064 8665/1620/1064
f 8661/1613/1064 8665/1620/1064 8666/1613/1064
f 8668/1614/1064 8672/1612/1064 8667/1612/1064
f 8672/1612/1064 8668/1614/1064 8671/1618/1064
f 8671/1618/1064 8668/1614/1064 8670/1619/1064
f 8670/1619/1064 8668/1614/1064 8669/1614/1064
f 8676/1617/1064 8674/1615/1064 8675/1622/1064
f 8674/1615/1064 8676/1617/1064 8673/1613/1064
f 8673/1613/1064 8676/1617/1064 8677/1620/1064
f 8673/1613/1064 8677/1620/1064 8678/1613/1064
f 8680/1614/1064 8684/1612/1064 8679/1612/1064
f 8684/1612/1064 8680/1614/1064 8683/1618/1064
f 8683/1618/1064 8680/1614/1064 8682/1619/1064
f 8682/1619/1064 8680/1614/1064 8681/1614/1064
f 8687/1620/1064 8685/1613/1064 8686/1613/1064
f 8685/1613/1064 8687/1620/1064 8690/1615/1064
f 8690/1615/1064 8687/1620/1064 8688/1617/1064
f 8690/1615/1064 8688/1617/1064 8689/1622/1064
f 8691/1612/1064 8695/1614/1064 8696/1614/1064
f 8695/1614/1064 8691/1612/1064 8694/1619/1064
f 8694/1619/1064 8691/1612/1064 8693/1618/1064
f 8693/1618/1064 8691/1612/1064 8692/1612/1064
f 8699/1620/1064 8697/1613/1064 8698/1613/1064
f 8697/1613/1064 8699/1620/1064 8702/1615/1064
f 8702/1615/1064 8699/1620/1064 8700/1617/1064
f 8702/1615/1064 8700/1617/1064 8701/1622/1064
f 8703/1612/1064 8707/1614/1064 8708/1614/1064
f 8707/1614/1064 8703/1612/1064 8706/1619/1064
f 8706/1619/1064 8703/1612/1064 8705/1618/1064
f 8705/1618/1064 8703/1612/1064 8704/1612/1064
f 8711/1620/1064 8709/1613/1064 8710/1613/1064
f 8709/1613/1064 8711/1620/1064 8714/1615/1064
f 8714/1615/1064 8711/1620/1064 8712/1617/1064
f 8714/1615/1064 8712/1617/1064 8713/1622/1064
f 8715/1612/1064 8719/1614/1064 8720/1614/1064
f 8719/1614/1064 8715/1612/1064 8718/1619/1064
f 8718/1619/1064 8715/1612/1064 8717/1618/1064
f 8717/1618/1064 8715/1612/1064 8716/1612/1064
