# Blender 5.1.2
# www.blender.org
mtllib spaceship.mtl
g Cube_Mesh
v 0.222386 -0.182329 -2.475439
v 0.222386 0.182328 -2.581209
v 0.222386 -0.182328 1.647282
v 0.244535 -0.206595 2.071641
v 0.222386 -0.182328 0.066716
v 0.222386 0.182329 0.013653
v 0.222386 0.549829 1.647282
v 0.222386 0.549829 0.320168
v 0.310475 0.182329 1.647282
v 0.310475 -0.182328 1.647282
v 0.310475 -0.182328 0.013475
v 0.310475 0.182329 0.013475
v 0.310475 0.549829 1.647282
v 0.310475 0.549828 0.320168
v 0.779603 0.108192 1.226794
v 0.779603 -0.182328 1.226794
v 0.814800 -0.124847 0.460658
v 0.814800 0.079336 0.460658
v 1.723914 0.108192 1.226794
v 1.723914 -0.071541 1.226794
v 1.719668 -0.071541 0.557937
v 1.719668 0.108192 0.557937
v 1.022494 0.079336 0.460658
v 1.057691 -0.149703 1.226794
v 1.022494 -0.124847 0.460658
v 0.574693 0.182329 0.362041
v 0.574693 0.182329 1.410458
v 0.574693 -0.182328 1.410458
v 0.574693 -0.182328 0.362042
v 0.222386 0.091085 -0.201915
v 0.222386 -0.091085 -0.148853
v 0.310475 0.091085 -0.201915
v 0.310475 -0.091085 -0.148853
v 1.507426 0.108192 0.448023
v 1.507426 -0.096939 1.226794
v 1.507426 0.108192 1.226794
v 1.507426 -0.096939 0.473319
v 0.244535 -0.241047 1.647282
v 0.376206 0.182176 1.647282
v 0.244534 0.608699 1.647282
v 0.334184 0.182177 2.071641
v 0.244534 0.574247 2.071641
v 0.244535 -0.241047 2.071641
v 0.244534 0.608699 2.071641
v 0.376206 0.182177 2.071641
v 0.042021 0.182176 2.071641
v 0.042021 0.182176 1.984612
v 0.244535 0.182176 1.984612
v 0.244535 -0.206595 1.984612
v 0.334184 0.182177 1.984612
v 0.244534 0.574247 1.984612
v 0.278284 -0.206595 2.071641
v 0.334184 -0.160764 2.071641
v 0.306234 -0.200455 2.071641
v 0.326695 -0.183679 2.071641
v 0.334184 0.528416 2.071641
v 0.278284 0.574247 2.071641
v 0.326695 0.551332 2.071641
v 0.306234 0.568107 2.071641
v 0.097922 0.574247 2.071641
v 0.042021 0.528416 2.071641
v 0.002494 0.606655 2.071641
v 0.069972 0.568107 2.071641
v 0.049511 0.551332 2.071641
v 0.042021 -0.160764 2.071641
v 0.097922 -0.206595 2.071641
v 0.002494 -0.239002 2.071641
v 0.049511 -0.183679 2.071641
v 0.069972 -0.200455 2.071641
v 0.042021 0.528416 1.984612
v 0.097922 0.574247 1.984612
v 0.049511 0.551332 1.984612
v 0.069972 0.568107 1.984612
v 0.097922 -0.206595 1.984612
v 0.042021 -0.160764 1.984612
v 0.069972 -0.200455 1.984612
v 0.049511 -0.183679 1.984612
v 0.334184 -0.160764 1.984612
v 0.278284 -0.206595 1.984612
v 0.326695 -0.183679 1.984612
v 0.306234 -0.200455 1.984612
v 0.278284 0.574247 1.984612
v 0.334184 0.528416 1.984612
v 0.306234 0.568107 1.984612
v 0.326695 0.551332 1.984612
v 0.093644 -0.182329 -2.475439
v 0.093644 0.182329 0.013653
v 0.093644 0.549829 1.647282
v 0.093644 0.549829 0.320168
v 0.093644 -0.182328 1.647282
v 0.093644 0.182328 -2.581209
v 0.093644 -0.182328 0.066716
v 0.102970 0.608699 1.647282
v 0.102970 -0.241047 1.647282
v 0.102970 0.608699 2.071641
v 0.102970 -0.241047 2.071641
v 0.222386 0.581602 1.642361
v 0.222386 0.581602 0.315248
v 0.222386 0.214102 0.008733
v 0.310475 0.581602 1.642361
v 0.310475 0.581602 0.315248
v 0.310475 0.214102 0.008733
v 0.222386 -0.264564 0.066716
v 0.222386 -0.264564 1.647282
v 0.093644 -0.264564 1.647282
v 0.093644 -0.264564 0.066716
v 0.222386 -0.182328 0.194767
v 0.222386 0.549829 0.427686
v 0.319683 -0.182328 0.269969
v 0.310475 0.182329 0.146004
v 0.310475 0.549828 0.427686
v 0.779603 -0.182328 0.534363
v 0.779603 0.108192 0.511117
v 1.720012 -0.071541 0.612125
v 1.720012 0.108192 0.612125
v 1.057691 0.108192 0.511117
v 1.057691 -0.149703 0.534363
v 0.565485 -0.182328 0.447902
v 0.574693 0.182329 0.445873
v 1.507426 0.108192 0.511117
v 1.507426 -0.096939 0.534363
v 0.093644 0.549829 0.427686
v 0.093644 -0.182328 0.194767
v 0.222386 0.581602 0.422766
v 0.310475 0.581602 0.422766
v 0.222386 -0.264564 0.194767
v 0.093644 -0.264564 0.194767
v 0.190701 -0.298876 0.098231
v 0.125329 -0.298876 0.098231
v 0.125329 -0.298876 0.163251
v 0.190701 -0.298876 0.163251
v 0.093644 -0.075878 1.647282
v 0.093644 -0.075878 0.194767
v 0.347140 0.549828 0.427686
v 0.347140 0.549828 0.320168
v 0.347140 0.182328 0.013653
v 0.347140 0.581602 0.422766
v 0.347140 0.581602 0.315248
v 0.347140 0.214102 0.008733
v 0.347140 0.581602 1.642361
v 0.347140 0.549828 1.647282
v 0.222386 0.182328 -2.047376
v 0.222386 0.182328 -2.129275
v 0.222386 -0.182329 -2.114640
v 0.222386 -0.182329 -2.035400
v 0.093644 0.182328 -2.047376
v 0.093644 0.182328 -2.129275
v 0.093644 -0.182329 -2.035400
v 0.093644 -0.182329 -2.114640
v 0.209499 0.169848 -2.047376
v 0.209499 0.169848 -2.129275
v 0.209499 -0.169848 -2.114640
v 0.209499 -0.169848 -2.035400
v 0.095953 0.169848 -2.047376
v 0.095953 0.169848 -2.129275
v 0.095953 -0.169848 -2.035400
v 0.095953 -0.169848 -2.114640
v 0.779603 0.108192 0.448024
v 0.779603 -0.182328 0.473319
v 1.057691 -0.149703 0.473319
v 1.057691 0.108192 0.448023
v 0.848231 0.051927 -0.188652
v 0.848231 -0.097437 -0.188652
v 0.989063 -0.097437 -0.188652
v 0.989063 0.051926 -0.188652
v 0.814800 0.079336 0.244221
v 0.814800 0.079336 0.027784
v 1.022494 0.079336 0.027784
v 1.022494 0.079336 0.244221
v 0.814800 -0.124847 0.244221
v 0.814800 -0.124847 0.027784
v 1.022494 -0.124847 0.027784
v 1.022494 -0.124847 0.244221
v 0.787482 0.106192 0.244221
v 0.787482 0.106192 0.027784
v 1.049811 0.106191 0.027784
v 1.049811 0.106191 0.244221
v 0.879525 -0.151702 0.170809
v 0.879525 -0.151702 0.101197
v 0.957768 -0.151702 0.101197
v 0.957768 -0.151702 0.170809
v 0.814800 0.079336 -0.188652
v 0.814800 -0.124847 -0.188652
v 1.022494 -0.124847 -0.188652
v 1.022494 0.079336 -0.188652
v 0.848231 0.051927 -0.089484
v 0.848231 -0.097437 -0.089484
v 0.989063 -0.097437 -0.089484
v 0.989063 0.051926 -0.089484
v 0.787482 -0.151702 0.244221
v 0.787482 -0.151702 0.027784
v 1.049811 -0.151702 0.027784
v 1.049811 -0.151702 0.244221
v 0.879525 -0.265231 0.170809
v 0.957768 -0.208467 0.170809
v 0.879525 -0.208467 0.170809
v 0.879525 -0.208467 0.751425
v 0.957768 -0.265231 0.678142
v 0.879525 -0.208467 0.678142
v 0.957768 -0.208467 0.678142
v 0.957768 -0.119038 0.751425
v 0.879525 -0.119038 0.751425
v 0.879525 -0.119038 0.678142
v 0.957768 -0.119038 0.678142
v 0.957768 -0.265231 0.605666
v 0.957768 -0.265231 0.533190
v 0.957768 -0.265231 0.460713
v 0.957768 -0.265231 0.388237
v 0.957768 -0.265231 0.315761
v 0.957768 -0.265231 0.243285
v 0.957768 -0.208467 0.605666
v 0.957768 -0.208467 0.533190
v 0.957768 -0.208467 0.460713
v 0.957768 -0.208467 0.388237
v 0.957768 -0.208467 0.315761
v 0.957768 -0.208467 0.243285
v 0.879525 -0.265231 0.243285
v 0.879525 -0.265231 0.315761
v 0.879525 -0.265231 0.388237
v 0.879525 -0.265231 0.460713
v 0.879525 -0.265231 0.533190
v 0.879525 -0.265231 0.605666
v 0.879525 -0.208467 0.243285
v 0.879525 -0.208467 0.315761
v 0.879525 -0.208467 0.388237
v 0.879525 -0.208467 0.460713
v 0.879525 -0.208467 0.533190
v 0.879525 -0.208467 0.605666
v 0.879525 -0.208467 0.101197
v 0.879525 -0.257626 0.136003
v 0.879525 -0.236849 0.110523
v 0.957768 -0.208467 0.101197
v 0.957768 -0.265231 0.170809
v 0.957768 -0.236849 0.110523
v 0.957768 -0.257626 0.136003
v 0.957768 -0.208467 0.751425
v 0.957768 -0.257626 0.714783
v 0.957768 -0.236849 0.741607
v 0.879525 -0.265231 0.678142
v 0.879525 -0.236849 0.741607
v 0.879525 -0.257626 0.714783
v 0.178279 0.141411 -2.560369
v 0.178279 -0.140944 -2.484411
v 0.098052 -0.140944 -2.484411
v 0.098052 0.141411 -2.560369
v 0.178279 0.141411 -2.438267
v 0.178279 -0.141411 -2.369343
v 0.098052 -0.141411 -2.369343
v 0.098052 0.141411 -2.438267
v 0.222386 -0.182328 1.308630
v 0.319683 -0.182328 1.235476
v 0.779603 -0.182328 1.065355
v 1.723004 -0.071541 1.086195
v 1.057691 0.108192 1.059935
v 0.574693 0.182329 1.257829
v 1.507426 0.108192 1.059935
v 0.222386 -0.264564 1.308630
v 0.222386 0.549829 1.362934
v 0.310475 0.182329 1.297260
v 0.310475 0.549828 1.362934
v 0.779603 0.108192 1.059935
v 1.723004 0.108192 1.080776
v 1.057691 -0.149703 1.065355
v 0.565485 -0.182328 1.108011
v 1.507426 -0.096939 1.065355
v 0.093644 0.549829 1.362934
v 0.093644 -0.182328 1.308630
v 0.222386 0.581602 1.358014
v 0.310475 0.581602 1.358014
v 0.093644 -0.264564 1.308630
v 0.093644 -0.075878 1.308630
v 0.347140 0.549828 1.362934
v 0.347140 0.581602 1.358014
v 1.057691 0.132566 1.226794
v 0.779603 0.132566 1.226794
v 1.507426 0.132566 1.226794
v 1.057691 0.132566 1.059935
v 1.507426 0.132566 1.059935
v 0.779603 0.132566 1.059935
v 0.779603 0.132566 0.511117
v 1.057691 0.132566 0.511117
v 1.689639 0.108143 0.450766
v 1.689639 -0.071498 0.450766
v 1.537455 0.108143 0.381022
v 1.537455 -0.096884 0.381022
v 0.222386 0.025858 0.031341
v 0.222386 -0.024015 0.049028
v 0.310475 -0.024015 0.013475
v 0.779603 0.005579 0.456455
v 0.779603 -0.034154 0.464887
v 0.222386 -0.023680 -0.168933
v 0.310475 0.026366 -0.183934
v 0.310475 -0.023680 -0.168933
v 0.222386 -0.024015 -2.119518
v 0.209499 0.024151 -2.124397
v 0.814800 0.005548 0.460658
v 1.022494 -0.022378 0.460658
v 1.022494 0.005548 0.460658
v 1.022494 0.005548 -0.188652
v 1.022494 0.005548 0.244221
v 1.022494 -0.022378 0.027784
v 0.814800 0.005548 0.244221
v 1.049811 -0.026051 0.244221
v 1.049811 -0.026051 0.027784
v 0.787482 -0.026050 0.244221
v 0.787482 -0.026050 0.027784
v 0.787482 0.009221 0.027784
v 0.989063 -0.018629 -0.188652
v 0.989063 0.001799 -0.188652
v 0.848231 0.001799 -0.089484
v 0.989063 -0.018629 -0.089484
v 0.989063 0.001799 -0.089484
v 0.178279 0.023060 -2.540867
v 0.178279 -0.021217 -2.510946
v 0.178279 -0.018419 -2.404673
v 0.098052 0.020262 -2.415292
v 0.098052 -0.018419 -2.404673
v 0.222386 0.023060 -2.540867
v 0.222386 -0.021217 -2.510946
v 0.310475 0.025858 0.013475
v 0.574693 -0.024015 0.362042
v 0.574693 0.025858 0.362042
v 0.222386 0.026366 -0.183934
v 0.222386 0.025858 -2.043384
v 0.222386 -0.024015 -2.039392
v 0.222386 0.025858 -2.124397
v 0.209499 0.024151 -2.043384
v 0.209499 -0.022308 -2.039392
v 0.209499 -0.022308 -2.119518
v 0.814800 -0.022378 0.460658
v 0.814800 0.005548 -0.188652
v 0.814800 -0.022378 -0.188652
v 1.022494 -0.022378 -0.188652
v 1.022494 -0.022378 0.244221
v 1.022494 0.005548 0.027784
v 0.814800 -0.022378 0.244221
v 0.814800 -0.022378 0.027784
v 0.814800 0.005548 0.027784
v 1.049811 0.009221 0.244221
v 1.049811 0.009221 0.027784
v 0.787482 0.009221 0.244221
v 0.848231 0.001799 -0.188652
v 0.848231 -0.018629 -0.188652
v 0.848231 -0.018629 -0.089484
v 0.178279 0.020262 -2.415292
v 1.047651 -0.017829 0.460658
v 1.047651 0.000999 0.460658
v 1.047651 -0.017829 -0.188652
v 1.047651 0.000999 -0.188652
v 1.047651 0.000999 0.244221
v 1.047651 -0.017829 0.244221
v 1.047651 0.000999 0.027784
v 1.047651 -0.017829 0.027784
v 1.074968 0.003475 0.244221
v 1.074968 -0.020305 0.244221
v 1.074968 0.003475 0.027784
v 1.074968 -0.020305 0.027784
v 1.022494 -0.022378 -0.205179
v 1.022494 0.005548 -0.205179
v 1.047651 -0.017829 -0.205179
v 0.989063 -0.018629 -0.205179
v 0.989063 0.001799 -0.205179
v 1.047651 0.000999 -0.205179
v 1.057691 0.108192 1.257392
v 0.779603 0.108192 1.257392
v 1.507426 0.108192 1.257392
v 0.779603 -0.182328 1.257392
v 1.057691 -0.149703 1.257392
v 1.507426 -0.096939 1.257392
v 1.057691 0.132566 1.257392
v 0.779603 0.132566 1.257392
v 1.507426 0.132566 1.257392
v 1.510434 -0.096939 1.544871
v 1.594623 -0.071541 1.544871
v 1.594623 0.108192 1.544871
v 1.510434 0.108192 1.544871
v 1.720016 0.176262 0.612125
v 1.719672 0.176262 0.557937
v 1.507430 0.176262 1.059924
v 1.507430 0.176262 1.226783
v 1.723008 0.176262 1.080764
v 1.507430 0.176262 0.448012
v 1.507430 0.176262 0.511105
v 1.723918 0.176262 1.226783
v 1.537459 0.176213 0.381022
v 1.689643 0.176213 0.450766
v 1.594627 0.176262 1.544860
v 1.510437 0.176262 1.544860
v 1.723004 -0.126660 1.086195
v 1.723914 -0.126660 1.226794
v 1.507426 -0.152059 1.226794
v 1.719668 -0.126660 0.557937
v 1.507426 -0.152059 0.473319
v 1.507426 -0.152059 0.534363
v 1.720012 -0.126660 0.612125
v 1.507426 -0.152059 1.065355
v 1.689639 -0.126618 0.450766
v 1.537455 -0.152003 0.381022
v 1.510434 -0.152059 1.544871
v 1.594623 -0.126660 1.544871
v 0.093644 0.212253 -2.581209
v 0.093644 0.212253 0.013653
v 0.093644 0.212253 -2.129275
v 0.093644 0.212253 -2.047376
v 0.093644 0.179670 -2.597238
v 0.093644 0.209595 -2.597238
v 0.098052 0.138752 -2.576398
v 0.180607 0.021702 -2.562211
v 0.180607 -0.022574 -2.532290
v 0.238080 0.024500 -2.127478
v 0.238080 0.021702 -2.562211
v 0.238080 -0.022574 -2.532290
v 0.238080 -0.025372 -2.122600
v 0.239919 0.025858 0.031341
v 0.239919 -0.024015 0.049028
v 0.239919 0.025858 -2.043384
v 0.239919 -0.024015 -2.039392
v 0.325732 -0.241047 1.647282
v 0.376206 -0.199665 1.647282
v 0.342077 -0.210559 1.647282
v 0.376206 0.567317 1.647282
v 0.325732 0.608699 1.647282
v 0.342124 0.578175 1.647282
v 0.376206 -0.199664 2.071641
v 0.325732 -0.241047 2.071641
v 0.329822 -0.224728 2.071641
v 0.335003 -0.217144 2.071641
v 0.347051 -0.207266 2.071641
v 0.356301 -0.203018 2.071641
v 0.325732 0.608699 2.071641
v 0.376206 0.567317 2.071641
v 0.356301 0.570671 2.071641
v 0.347051 0.574918 2.071641
v 0.335003 0.584797 2.071641
v 0.329822 0.592380 2.071641
v 0.013378 -0.182328 1.647282
v 0.013378 -0.182328 0.066716
v 0.014710 -0.241047 1.647282
v 0.014710 -0.241047 2.071641
v 0.013377 -0.182329 -2.475439
v 0.013378 0.182328 0.013653
v 0.013378 0.549829 1.647282
v 0.013378 0.549828 0.320168
v 0.014710 0.608699 1.647282
v 0.014710 0.608699 2.071641
v 0.013378 -0.182328 0.194767
v 0.013378 0.549829 0.427686
v 0.013378 -0.075878 1.647282
v 0.013378 -0.075878 0.194767
v 0.013378 -0.182329 -2.035400
v 0.013378 -0.182329 -2.114640
v 0.013377 0.182328 -2.047376
v 0.013377 0.182328 -2.129275
v 0.013707 -0.169848 -2.035400
v 0.013707 -0.169848 -2.114640
v 0.013707 0.169848 -2.047376
v 0.013707 0.169848 -2.129275
v 0.014007 0.141411 -2.560369
v 0.014007 -0.140944 -2.484411
v 0.014007 0.141411 -2.438267
v 0.014007 -0.141411 -2.369343
v 0.013378 -0.075878 1.308630
v 0.013378 0.549829 1.362934
v 0.014007 -0.018419 -2.404673
v 0.014007 0.020262 -2.415292
v 0.013377 0.212253 -2.581209
v 0.013378 0.212253 0.013653
v 0.013377 0.212253 -2.047376
v 0.013377 0.212253 -2.129275
v 0.013377 0.179670 -2.597238
v 0.014007 0.138752 -2.576398
v 0.013377 0.209595 -2.597238
v 0.013378 0.168134 0.014429
v 0.013378 0.535634 1.648058
v 0.013378 0.535634 0.320945
v 0.013378 0.535634 0.428462
v 0.013378 0.535634 1.363711
v 0.310475 -0.130987 1.647282
v 0.779603 -0.141425 1.226794
v 1.723914 -0.046235 1.226794
v 1.719668 -0.046236 0.557937
v 1.057691 -0.113393 0.469758
v 0.574693 -0.130987 1.410458
v 1.507426 -0.068058 1.226794
v 1.507426 -0.068058 0.469757
v 1.720012 -0.046236 0.612125
v 1.723004 -0.046235 1.085432
v 1.689639 -0.046206 0.450766
v 1.537455 -0.068017 0.381022
v 0.779603 -0.141425 1.257392
v 1.057691 -0.113393 1.257392
v 1.507426 -0.068058 1.257392
v 1.594623 -0.046235 1.544871
v 1.510434 -0.068058 1.544871
v 1.057691 0.083107 0.450484
v 1.507426 0.088239 0.450484
v 1.537455 0.088200 0.381022
v 0.310475 0.146859 1.647282
v 0.779603 0.079933 1.226794
v 1.723914 0.090710 1.226794
v 1.719668 0.090709 0.557937
v 0.574693 0.146859 1.410458
v 1.507426 0.088239 1.226794
v 1.720012 0.090709 0.612125
v 1.723004 0.090710 1.081303
v 1.689639 0.090669 0.450766
v 0.779603 0.079933 1.257392
v 1.057691 0.083107 1.257392
v 1.507426 0.088239 1.257392
v 1.594623 0.090710 1.544871
v 1.510434 0.088239 1.544871
v 0.310475 0.146859 1.615804
v 0.310475 -0.130987 1.615804
v 0.779603 0.079933 1.195317
v 0.779603 -0.141425 1.195317
v 0.574693 0.146859 1.378980
v 0.574693 -0.130987 1.378980
v 0.779603 0.079933 1.225914
v 0.779603 -0.141425 1.225914
v 1.057691 0.083107 1.225914
v 1.057691 -0.113393 1.225914
v 1.507426 0.088239 1.225914
v 1.507426 -0.068058 1.225914
v 1.057548 -0.110964 0.503855
v 1.507283 -0.065630 0.503855
v 1.057548 0.085535 0.484581
v 1.507283 0.090667 0.484581
v 0.013378 -0.163975 0.066716
v 0.093644 -0.163975 0.066716
v 0.093644 -0.163975 -2.035400
v 0.013378 -0.163975 -2.035400
v 0.574693 -0.182328 1.171614
v 0.574693 -0.182328 0.386032
v 0.310475 -0.182328 0.194767
v 0.310475 -0.182328 1.308630
v 0.565485 -0.212027 1.108011
v 0.565485 -0.212027 0.447902
v 0.319683 -0.212027 0.269969
v 0.319683 -0.212027 1.235476
v 1.057691 0.108192 1.309541
v 0.779603 0.108192 1.309541
v 1.507426 0.108192 1.309541
v 0.779603 0.079933 1.309541
v 1.057691 0.083107 1.309541
v 1.507426 0.088239 1.309541
v 0.222386 -0.182329 -1.685047
v 0.222386 -0.182329 -1.334695
v 0.222386 -0.182329 -0.984342
v 0.222386 -0.182329 -0.633990
v 0.222386 -0.182328 -0.283637
v 0.222386 0.182328 -0.329852
v 0.222386 0.182328 -0.673356
v 0.222386 0.182328 -1.016861
v 0.222386 0.182328 -1.360366
v 0.222386 0.182328 -1.703871
v 0.093644 0.182328 -0.329852
v 0.093644 0.182328 -0.673356
v 0.093644 0.182328 -1.016861
v 0.093644 0.182328 -1.360366
v 0.093644 0.182328 -1.703871
v 0.093644 -0.182329 -0.283637
v 0.093644 -0.182329 -0.633990
v 0.093644 -0.182329 -0.984342
v 0.093644 -0.182329 -1.334695
v 0.093644 -0.182329 -1.685047
v 0.222386 -0.024015 -0.299042
v 0.222386 -0.024015 -0.647112
v 0.222386 -0.024015 -0.995182
v 0.222386 -0.024015 -1.343252
v 0.222386 -0.024015 -1.691322
v 0.222386 0.025858 -0.314447
v 0.222386 0.025858 -0.660234
v 0.222386 0.025858 -1.006021
v 0.222386 0.025858 -1.351809
v 0.222386 0.025858 -1.697596
v 0.093644 0.212253 -0.329852
v 0.093644 0.212253 -0.673356
v 0.093644 0.212253 -1.016861
v 0.093644 0.212253 -1.360366
v 0.093644 0.212253 -1.703871
v 0.239919 -0.024015 -0.299042
v 0.239919 -0.024015 -0.647112
v 0.239919 -0.024015 -0.995182
v 0.239919 -0.024015 -1.343252
v 0.239919 -0.024015 -1.691322
v 0.239919 0.025858 -0.314447
v 0.239919 0.025858 -0.660234
v 0.239919 0.025858 -1.006021
v 0.239919 0.025858 -1.351809
v 0.239919 0.025858 -1.697596
v 0.013378 0.212253 -0.329852
v 0.013378 0.212253 -0.673356
v 0.013378 0.212253 -1.016861
v 0.013378 0.212253 -1.360366
v 0.013378 0.212253 -1.703871
v 0.093644 -0.163975 -0.283637
v 0.093644 -0.163975 -0.633990
v 0.093644 -0.163975 -0.984342
v 0.093644 -0.163975 -1.334695
v 0.093644 -0.163975 -1.685047
v 0.013378 -0.163975 -0.283637
v 0.013378 -0.163975 -0.633990
v 0.013378 -0.163975 -0.984342
v 0.013378 -0.163975 -1.334695
v 0.013378 -0.163975 -1.685047
v -0.222386 -0.182329 -2.475439
v -0.222386 0.182328 -2.581209
v -0.222386 -0.182328 1.647282
v -0.244534 -0.206595 2.071641
v -0.222386 -0.182329 0.066716
v -0.222386 0.182328 0.013653
v -0.222386 0.549829 1.647282
v -0.222386 0.549828 0.320168
v -0.310474 0.182329 1.647282
v -0.310474 -0.182328 1.647282
v -0.310475 -0.182328 0.013475
v -0.310475 0.182328 0.013475
v -0.310474 0.549828 1.647282
v -0.310475 0.549828 0.320168
v -0.779602 0.108192 1.226795
v -0.779602 -0.182328 1.226795
v -0.814800 -0.124847 0.460658
v -0.814800 0.079336 0.460658
v -1.723914 0.108192 1.226795
v -1.723914 -0.071541 1.226795
v -1.719668 -0.071541 0.557937
v -1.719668 0.108191 0.557937
v -1.022494 0.079336 0.460658
v -1.057691 -0.149703 1.226795
v -1.022494 -0.124847 0.460658
v -0.574693 0.182328 0.362042
v -0.574693 0.182329 1.410458
v -0.574693 -0.182328 1.410458
v -0.574693 -0.182328 0.362042
v 0.000000 -0.182328 1.647282
v -0.000000 -0.182329 -2.475439
v -0.000000 0.182328 0.013653
v 0.000000 -0.182328 0.066716
v 0.000000 0.549829 1.647282
v -0.222386 0.091085 -0.201915
v -0.222386 -0.091085 -0.148853
v -0.310475 0.091085 -0.201915
v -0.310475 -0.091085 -0.148853
v -1.507426 0.108192 0.448024
v -1.507426 -0.096940 1.226795
v -1.507426 0.108192 1.226795
v -1.507426 -0.096940 0.473319
v -0.244534 -0.241047 1.647282
v -0.376205 0.182176 1.647282
v 0.000000 0.608699 1.647282
v -0.244534 0.608699 1.647282
v 0.000000 -0.241047 1.647282
v 0.000000 0.182176 2.071641
v -0.334184 0.182176 2.071641
v 0.000000 0.608699 2.071641
v -0.244534 0.574247 2.071641
v 0.000000 -0.241047 2.071641
v -0.244534 -0.241047 2.071641
v -0.244534 0.608699 2.071641
v -0.376205 0.182176 2.071641
v -0.042021 0.182176 2.071641
v -0.042021 0.182176 1.984612
v -0.244534 0.182176 1.984612
v -0.244534 -0.206595 1.984612
v -0.334184 0.182176 1.984612
v -0.244534 0.574247 1.984612
v -0.278284 -0.206595 2.071641
v -0.334184 -0.160764 2.071641
v -0.306234 -0.200455 2.071641
v -0.326695 -0.183679 2.071641
v -0.334184 0.528416 2.071641
v -0.278284 0.574247 2.071641
v -0.326695 0.551332 2.071641
v -0.306234 0.568107 2.071641
v -0.097921 0.574247 2.071641
v -0.042021 0.528416 2.071641
v -0.002494 0.606655 2.071641
v -0.069971 0.568107 2.071641
v -0.049510 0.551332 2.071641
v -0.042021 -0.160764 2.071641
v -0.097921 -0.206595 2.071641
v -0.002494 -0.239002 2.071641
v -0.049510 -0.183679 2.071641
v -0.069971 -0.200455 2.071641
v -0.042021 0.528416 1.984612
v -0.097921 0.574247 1.984612
v -0.049510 0.551332 1.984612
v -0.069971 0.568107 1.984612
v -0.097921 -0.206595 1.984612
v -0.042021 -0.160764 1.984612
v -0.069971 -0.200455 1.984612
v -0.049510 -0.183679 1.984612
v -0.334184 -0.160764 1.984612
v -0.278284 -0.206595 1.984612
v -0.326695 -0.183679 1.984612
v -0.306234 -0.200455 1.984612
v -0.278284 0.574247 1.984612
v -0.334184 0.528416 1.984612
v -0.306234 0.568107 1.984612
v -0.326695 0.551332 1.984612
v -0.093644 -0.182329 -2.475439
v -0.093644 0.182328 0.013653
v -0.093644 0.549829 1.647282
v -0.093644 0.549828 0.320168
v -0.093644 -0.182328 1.647282
v -0.093644 0.182328 -2.581209
v -0.093644 -0.182328 0.066716
v -0.102970 0.608699 1.647282
v -0.102970 -0.241047 1.647282
v -0.102970 0.608699 2.071641
v -0.102970 -0.241047 2.071641
v -0.222386 0.581602 1.642361
v -0.222386 0.581602 0.315248
v -0.222386 0.214102 0.008733
v -0.310474 0.581602 1.642361
v -0.310475 0.581602 0.315248
v -0.310475 0.214102 0.008733
v -0.222386 -0.264564 0.066716
v -0.222386 -0.264564 1.647282
v -0.093644 -0.264564 1.647282
v -0.093644 -0.264564 0.066716
v -0.222386 -0.182328 0.194767
v -0.222386 0.549828 0.427686
v -0.319683 -0.182328 0.269969
v -0.310475 0.182328 0.146004
v -0.310475 0.549828 0.427686
v -0.779602 -0.182328 0.534363
v -0.779603 0.108192 0.511117
v -1.720012 -0.071541 0.612125
v -1.720012 0.108191 0.612125
v -1.057691 0.108192 0.511117
v -1.057691 -0.149703 0.534363
v -0.565485 -0.182328 0.447902
v -0.574693 0.182328 0.445873
v 0.000000 -0.182328 0.194767
v -1.507426 0.108192 0.511117
v -1.507426 -0.096940 0.534363
v -0.093644 0.549828 0.427686
v -0.093644 -0.182328 0.194767
v -0.222386 0.581602 0.422766
v -0.310475 0.581602 0.422766
v -0.222386 -0.264564 0.194767
v -0.093644 -0.264564 0.194767
v -0.190700 -0.298876 0.098231
v -0.125329 -0.298876 0.098231
v -0.125329 -0.298876 0.163251
v -0.190700 -0.298876 0.163251
v -0.093644 -0.075878 1.647282
v 0.000000 -0.075878 1.647282
v 0.000000 -0.075878 0.194767
v -0.093644 -0.075878 0.194767
v -0.347140 0.549828 0.427686
v -0.347140 0.549828 0.320169
v -0.347140 0.182328 0.013653
v -0.347140 0.581602 0.422766
v -0.347140 0.581602 0.315248
v -0.347140 0.214102 0.008733
v -0.347140 0.581602 1.642361
v -0.347140 0.549828 1.647282
v -0.222386 0.182328 -2.047376
v -0.222386 0.182328 -2.129275
v -0.222386 -0.182329 -2.114640
v -0.222386 -0.182329 -2.035400
v -0.000000 0.182328 -2.047376
v -0.000000 0.182328 -2.129275
v -0.000000 -0.182329 -2.035400
v -0.000000 -0.182329 -2.114640
v -0.093644 0.182328 -2.047376
v -0.093644 0.182328 -2.129275
v -0.093644 -0.182329 -2.035400
v -0.093644 -0.182329 -2.114640
v -0.209500 0.169848 -2.047376
v -0.209500 0.169848 -2.129275
v -0.209500 -0.169848 -2.114640
v -0.209500 -0.169848 -2.035400
v -0.000000 0.169848 -2.047376
v -0.000000 0.169848 -2.129275
v -0.000000 -0.169848 -2.035400
v -0.000000 -0.169848 -2.114640
v -0.095953 0.169848 -2.047376
v -0.095953 0.169848 -2.129275
v -0.095953 -0.169848 -2.035400
v -0.095953 -0.169848 -2.114640
v -0.779603 0.108192 0.448024
v -0.779602 -0.182328 0.473319
v -1.057691 -0.149703 0.473319
v -1.057691 0.108192 0.448024
v -0.848231 0.051926 -0.188652
v -0.848231 -0.097438 -0.188652
v -0.989063 -0.097438 -0.188652
v -0.989063 0.051926 -0.188652
v -0.814800 0.079336 0.244221
v -0.814800 0.079336 0.027785
v -1.022494 0.079336 0.027785
v -1.022494 0.079336 0.244221
v -0.814800 -0.124847 0.244221
v -0.814800 -0.124847 0.027785
v -1.022494 -0.124847 0.027785
v -1.022494 -0.124847 0.244221
v -0.787482 0.106192 0.244221
v -0.787482 0.106192 0.027785
v -1.049811 0.106191 0.027785
v -1.049811 0.106191 0.244221
v -0.879525 -0.151703 0.170809
v -0.879525 -0.151703 0.101197
v -0.957768 -0.151703 0.101197
v -0.957768 -0.151703 0.170809
v -0.814800 0.079336 -0.188652
v -0.814800 -0.124847 -0.188652
v -1.022494 -0.124847 -0.188652
v -1.022494 0.079336 -0.188652
v -0.848231 0.051926 -0.089484
v -0.848231 -0.097438 -0.089484
v -0.989063 -0.097438 -0.089484
v -0.989063 0.051926 -0.089484
v -0.787482 -0.151703 0.244221
v -0.787482 -0.151703 0.027785
v -1.049811 -0.151703 0.027785
v -1.049811 -0.151703 0.244221
v -0.879525 -0.265231 0.170809
v -0.957768 -0.208467 0.170809
v -0.879525 -0.208467 0.170809
v -0.879525 -0.208467 0.751425
v -0.957768 -0.265231 0.678142
v -0.879525 -0.208467 0.678142
v -0.957768 -0.208467 0.678142
v -0.957768 -0.119038 0.751425
v -0.879525 -0.119038 0.751425
v -0.879525 -0.119038 0.678142
v -0.957768 -0.119038 0.678142
v -0.957768 -0.265231 0.605666
v -0.957768 -0.265231 0.533190
v -0.957768 -0.265231 0.460714
v -0.957768 -0.265231 0.388237
v -0.957768 -0.265231 0.315761
v -0.957768 -0.265231 0.243285
v -0.957768 -0.208467 0.605666
v -0.957768 -0.208467 0.533190
v -0.957768 -0.208467 0.460714
v -0.957768 -0.208467 0.388237
v -0.957768 -0.208467 0.315761
v -0.957768 -0.208467 0.243285
v -0.879525 -0.265231 0.243285
v -0.879525 -0.265231 0.315761
v -0.879525 -0.265231 0.388237
v -0.879525 -0.265231 0.460714
v -0.879525 -0.265231 0.533190
v -0.879525 -0.265231 0.605666
v -0.879525 -0.208467 0.243285
v -0.879525 -0.208467 0.315761
v -0.879525 -0.208467 0.388237
v -0.879525 -0.208467 0.460714
v -0.879525 -0.208467 0.533190
v -0.879525 -0.208467 0.605666
v -0.879525 -0.208467 0.101197
v -0.879525 -0.257626 0.136003
v -0.879525 -0.236849 0.110523
v -0.957768 -0.208467 0.101197
v -0.957768 -0.265231 0.170809
v -0.957768 -0.236849 0.110523
v -0.957768 -0.257626 0.136003
v -0.957768 -0.208467 0.751425
v -0.957768 -0.257626 0.714783
v -0.957768 -0.236849 0.741607
v -0.879525 -0.265231 0.678142
v -0.879525 -0.236849 0.741607
v -0.879525 -0.257626 0.714783
v -0.178280 0.141411 -2.560369
v -0.178280 -0.140944 -2.484411
v -0.098053 -0.140944 -2.484411
v -0.098053 0.141411 -2.560369
v -0.000000 0.141411 -2.560369
v -0.000000 -0.140944 -2.484411
v -0.178280 0.141411 -2.438267
v -0.178280 -0.141411 -2.369343
v -0.098053 -0.141411 -2.369343
v -0.098053 0.141411 -2.438267
v -0.000000 0.141411 -2.438267
v -0.000000 -0.141411 -2.369343
v -0.222386 -0.182328 1.308630
v -0.319683 -0.182328 1.235476
v -0.779602 -0.182328 1.065355
v -1.723004 -0.071541 1.086196
v -1.057691 0.108192 1.059935
v -0.574693 0.182329 1.257829
v -1.507426 0.108192 1.059935
v -0.222386 -0.264564 1.308630
v -0.222386 0.549829 1.362934
v -0.310474 0.182329 1.297260
v -0.310474 0.549828 1.362934
v -0.779602 0.108192 1.059935
v -1.723004 0.108192 1.080776
v -1.057691 -0.149703 1.065355
v -0.565485 -0.182328 1.108011
v -1.507426 -0.096940 1.065355
v -0.093644 0.549829 1.362934
v -0.093644 -0.182328 1.308630
v -0.222386 0.581602 1.358014
v -0.310475 0.581602 1.358014
v -0.093644 -0.264564 1.308630
v 0.000000 -0.075878 1.308630
v -0.093644 -0.075878 1.308630
v -0.347140 0.549828 1.362934
v -0.347140 0.581602 1.358014
v -1.057691 0.132566 1.226795
v -0.779602 0.132566 1.226795
v -1.507426 0.132566 1.226795
v -1.057691 0.132566 1.059935
v -1.507426 0.132566 1.059935
v -0.779602 0.132566 1.059935
v -0.779603 0.132566 0.511117
v -1.057691 0.132566 0.511117
v -1.689639 0.108142 0.450767
v -1.689639 -0.071499 0.450767
v -1.537455 0.108142 0.381022
v -1.537455 -0.096884 0.381022
v -0.222386 0.025858 0.031341
v -0.222386 -0.024015 0.049028
v -0.310475 -0.024015 0.013475
v -0.779603 0.005579 0.456455
v -0.779602 -0.034154 0.464887
v -0.222386 -0.023680 -0.168933
v -0.310475 0.026366 -0.183934
v -0.310475 -0.023680 -0.168933
v -0.222386 -0.024015 -2.119518
v -0.209500 0.024151 -2.124397
v -0.814800 0.005548 0.460658
v -1.022494 -0.022378 0.460658
v -1.022494 0.005548 0.460658
v -1.022494 0.005548 -0.188652
v -1.022494 0.005548 0.244221
v -1.022494 -0.022378 0.027785
v -0.814800 0.005548 0.244221
v -1.049811 -0.026051 0.244221
v -1.049811 -0.026051 0.027785
v -0.787482 -0.026051 0.244221
v -0.787482 -0.026051 0.027785
v -0.787482 0.009221 0.027785
v -0.989063 -0.018629 -0.188652
v -0.989063 0.001799 -0.188652
v -0.848231 0.001799 -0.089484
v -0.989063 -0.018629 -0.089484
v -0.989063 0.001799 -0.089484
v -0.178280 0.023060 -2.540867
v -0.178280 -0.021217 -2.510946
v -0.178280 -0.018419 -2.404673
v -0.098053 0.020262 -2.415292
v -0.098053 -0.018419 -2.404673
v -0.222386 0.023060 -2.540867
v -0.222386 -0.021217 -2.510946
v -0.310475 0.025858 0.013475
v -0.574693 -0.024015 0.362042
v -0.574693 0.025858 0.362042
v -0.222386 0.026366 -0.183934
v -0.222386 0.025858 -2.043384
v -0.222386 -0.024015 -2.039392
v -0.222386 0.025858 -2.124397
v -0.209500 0.024151 -2.043384
v -0.209500 -0.022308 -2.039392
v -0.209500 -0.022308 -2.119518
v -0.814800 -0.022378 0.460658
v -0.814800 0.005548 -0.188652
v -0.814800 -0.022378 -0.188652
v -1.022494 -0.022378 -0.188652
v -1.022494 -0.022378 0.244221
v -1.022494 0.005548 0.027785
v -0.814800 -0.022378 0.244221
v -0.814800 -0.022378 0.027785
v -0.814800 0.005548 0.027785
v -1.049811 0.009220 0.244221
v -1.049811 0.009220 0.027785
v -0.787482 0.009221 0.244221
v -0.848231 0.001799 -0.188652
v -0.848231 -0.018629 -0.188652
v -0.848231 -0.018629 -0.089484
v -0.178280 0.020262 -2.415292
v -0.000000 0.020262 -2.415292
v -0.000000 -0.018419 -2.404673
v -1.047651 -0.017829 0.460658
v -1.047651 0.000999 0.460658
v -1.047651 -0.017829 -0.188652
v -1.047651 0.000999 -0.188652
v -1.047651 0.000999 0.244221
v -1.047651 -0.017829 0.244221
v -1.047651 0.000999 0.027785
v -1.047651 -0.017829 0.027785
v -1.074968 0.003475 0.244221
v -1.074968 -0.020305 0.244221
v -1.074968 0.003475 0.027785
v -1.074968 -0.020305 0.027785
v -1.022494 -0.022378 -0.205179
v -1.022494 0.005548 -0.205179
v -1.047651 -0.017829 -0.205179
v -0.989063 -0.018629 -0.205179
v -0.989063 0.001799 -0.205179
v -1.047651 0.000999 -0.205179
v -1.057691 0.108192 1.257392
v -0.779602 0.108192 1.257392
v -1.507426 0.108192 1.257392
v -0.779602 -0.182328 1.257392
v -1.057691 -0.149703 1.257392
v -1.507426 -0.096940 1.257392
v -1.057691 0.132566 1.257392
v -0.779602 0.132566 1.257392
v -1.507426 0.132566 1.257392
v -1.510434 -0.096940 1.544871
v -1.594623 -0.071541 1.544871
v -1.594623 0.108192 1.544871
v -1.510434 0.108192 1.544871
v -1.720016 0.176262 0.612125
v -1.719672 0.176262 0.557937
v -1.507430 0.176262 1.059924
v -1.507430 0.176262 1.226783
v -1.723008 0.176262 1.080765
v -1.507430 0.176262 0.448012
v -1.507430 0.176262 0.511105
v -1.723917 0.176262 1.226783
v -1.537459 0.176212 0.381022
v -1.689643 0.176212 0.450767
v -1.594627 0.176262 1.544860
v -1.510437 0.176262 1.544860
v -1.723004 -0.126661 1.086196
v -1.723914 -0.126661 1.226795
v -1.507426 -0.152059 1.226795
v -1.719668 -0.126661 0.557937
v -1.507426 -0.152059 0.473319
v -1.507426 -0.152059 0.534363
v -1.720012 -0.126661 0.612125
v -1.507426 -0.152059 1.065355
v -1.689639 -0.126618 0.450767
v -1.537455 -0.152004 0.381022
v -1.510434 -0.152059 1.544871
v -1.594623 -0.126661 1.544871
v -0.093644 0.212253 -2.581209
v -0.000000 0.212253 -2.581209
v -0.000000 0.212253 -2.129275
v -0.000000 0.212253 0.013653
v -0.093644 0.212253 0.013653
v -0.093644 0.212253 -2.129275
v -0.000000 0.212253 -2.047376
v -0.093644 0.212253 -2.047376
v -0.093644 0.179670 -2.597238
v -0.000000 0.179670 -2.597238
v -0.093644 0.209595 -2.597238
v -0.098053 0.138752 -2.576398
v -0.000000 0.209595 -2.597238
v -0.000000 0.138752 -2.576398
v -0.180608 0.021702 -2.562211
v -0.180608 -0.022574 -2.532290
v -0.238081 0.024500 -2.127478
v -0.238081 0.021702 -2.562211
v -0.238081 -0.022574 -2.532290
v -0.238081 -0.025372 -2.122600
v -0.239919 0.025858 0.031341
v -0.239919 -0.024015 0.049028
v -0.239920 0.025858 -2.043384
v -0.239920 -0.024015 -2.039392
v -0.325731 -0.241047 1.647282
v -0.376205 -0.199665 1.647282
v -0.342076 -0.210559 1.647282
v -0.376205 0.567317 1.647282
v -0.325731 0.608699 1.647282
v -0.342124 0.578175 1.647282
v -0.376205 -0.199665 2.071641
v -0.325731 -0.241047 2.071641
v -0.329822 -0.224728 2.071641
v -0.335003 -0.217144 2.071641
v -0.347051 -0.207266 2.071641
v -0.356301 -0.203018 2.071641
v -0.325731 0.608699 2.071641
v -0.376205 0.567317 2.071641
v -0.356301 0.570671 2.071641
v -0.347051 0.574918 2.071641
v -0.335003 0.584796 2.071641
v -0.329822 0.592380 2.071641
v -0.013378 -0.182328 1.647282
v -0.013378 -0.182328 0.066716
v -0.014710 -0.241047 1.647282
v -0.014710 -0.241047 2.071641
v -0.013378 -0.182329 -2.475439
v -0.013378 0.182328 0.013653
v -0.013378 0.549829 1.647282
v -0.013378 0.549828 0.320168
v -0.014710 0.608699 1.647282
v -0.014710 0.608699 2.071641
v -0.013378 -0.182328 0.194767
v -0.013378 0.549829 0.427686
v -0.013378 -0.075878 1.647282
v -0.013378 -0.075878 0.194767
v -0.013378 -0.182329 -2.035400
v -0.013378 -0.182329 -2.114640
v -0.013378 0.182328 -2.047376
v -0.013378 0.182328 -2.129275
v -0.013708 -0.169848 -2.035400
v -0.013708 -0.169848 -2.114640
v -0.013708 0.169848 -2.047376
v -0.013708 0.169848 -2.129275
v -0.014008 0.141411 -2.560369
v -0.014008 -0.140944 -2.484411
v -0.014008 0.141411 -2.438267
v -0.014008 -0.141411 -2.369343
v -0.013378 -0.075878 1.308630
v -0.013378 0.549829 1.362934
v -0.014008 -0.018419 -2.404673
v -0.014008 0.020262 -2.415292
v -0.013378 0.212253 -2.581209
v -0.013378 0.212253 0.013653
v -0.013378 0.212253 -2.047376
v -0.013378 0.212253 -2.129275
v -0.013378 0.179670 -2.597238
v -0.014008 0.138752 -2.576398
v -0.013378 0.209595 -2.597238
v -0.000000 0.168134 0.014429
v -0.000000 0.535634 0.320945
v -0.000000 0.535634 0.428462
v 0.000000 0.535634 1.363711
v 0.000000 0.535634 1.648058
v -0.013378 0.168134 0.014429
v -0.013378 0.535634 1.648058
v -0.013378 0.535634 0.320945
v -0.013378 0.535634 0.428462
v -0.013378 0.535634 1.363711
v -0.310474 -0.130987 1.647282
v -0.779602 -0.141425 1.226795
v -1.723914 -0.046236 1.226795
v -1.719668 -0.046236 0.557937
v -1.057691 -0.113393 0.469758
v -0.574693 -0.130987 1.410458
v -1.507426 -0.068058 1.226795
v -1.507426 -0.068058 0.469758
v -1.720012 -0.046236 0.612125
v -1.723004 -0.046236 1.085433
v -1.689639 -0.046206 0.450767
v -1.537455 -0.068018 0.381022
v -0.779602 -0.141425 1.257392
v -1.057691 -0.113393 1.257392
v -1.507426 -0.068058 1.257392
v -1.594623 -0.046236 1.544871
v -1.510434 -0.068058 1.544871
v -1.057691 0.083107 0.450484
v -1.507426 0.088239 0.450484
v -1.537455 0.088200 0.381022
v -0.310474 0.146859 1.647282
v -0.779602 0.079933 1.226795
v -1.723914 0.090709 1.226795
v -1.719668 0.090709 0.557937
v -0.574693 0.146859 1.410458
v -1.507426 0.088239 1.226795
v -1.720012 0.090709 0.612125
v -1.723004 0.090709 1.081303
v -1.689639 0.090669 0.450767
v -0.779602 0.079933 1.257392
v -1.057691 0.083107 1.257392
v -1.507426 0.088239 1.257392
v -1.594623 0.090709 1.544871
v -1.510434 0.088239 1.544871
v -0.310474 0.146859 1.615804
v -0.310474 -0.130987 1.615804
v -0.779602 0.079933 1.195317
v -0.779602 -0.141425 1.195317
v -0.574693 0.146859 1.378980
v -0.574693 -0.130987 1.378980
v -0.779602 0.079933 1.225915
v -0.779602 -0.141425 1.225915
v -1.057691 0.083107 1.225915
v -1.057691 -0.113393 1.225915
v -1.507426 0.088239 1.225915
v -1.507426 -0.068058 1.225915
v -1.057548 -0.110965 0.503855
v -1.507283 -0.065630 0.503855
v -1.057548 0.085535 0.484581
v -1.507283 0.090667 0.484581
v -0.013378 -0.163975 0.066716
v 0.000000 -0.163975 0.066716
v -0.000000 -0.163975 -2.035400
v -0.093644 -0.163975 0.066716
v -0.093644 -0.163975 -2.035400
v -0.013378 -0.163975 -2.035400
v -0.574693 -0.182328 1.171614
v -0.574693 -0.182328 0.386032
v -0.310474 -0.182328 0.194767
v -0.310474 -0.182328 1.308630
v -0.565485 -0.212027 1.108011
v -0.565485 -0.212027 0.447902
v -0.319683 -0.212027 0.269969
v -0.319683 -0.212027 1.235476
v -1.057691 0.108192 1.309541
v -0.779602 0.108192 1.309541
v -1.507426 0.108192 1.309541
v -0.779602 0.079933 1.309541
v -1.057691 0.083107 1.309541
v -1.507426 0.088239 1.309541
v -0.222386 -0.182329 -1.685047
v -0.222386 -0.182329 -1.334695
v -0.222386 -0.182329 -0.984342
v -0.222386 -0.182329 -0.633990
v -0.222386 -0.182329 -0.283637
v -0.222386 0.182328 -0.329852
v -0.222386 0.182328 -0.673356
v -0.222386 0.182328 -1.016861
v -0.222386 0.182328 -1.360366
v -0.222386 0.182328 -1.703871
v -0.093644 0.182328 -0.329852
v -0.093644 0.182328 -0.673356
v -0.093644 0.182328 -1.016861
v -0.093644 0.182328 -1.360366
v -0.093644 0.182328 -1.703871
v -0.093644 -0.182329 -0.283637
v -0.093644 -0.182329 -0.633990
v -0.093644 -0.182329 -0.984342
v -0.093644 -0.182329 -1.334695
v -0.093644 -0.182329 -1.685047
v -0.222386 -0.024015 -0.299042
v -0.222386 -0.024015 -0.647112
v -0.222386 -0.024015 -0.995182
v -0.222386 -0.024015 -1.343252
v -0.222386 -0.024015 -1.691322
v -0.222386 0.025858 -0.314447
v -0.222386 0.025858 -0.660234
v -0.222386 0.025858 -1.006021
v -0.222386 0.025858 -1.351809
v -0.222386 0.025858 -1.697596
v -0.000000 0.212253 -0.329852
v -0.000000 0.212253 -0.673356
v -0.000000 0.212253 -1.016861
v -0.000000 0.212253 -1.360366
v -0.000000 0.212253 -1.703871
v -0.093644 0.212253 -0.329852
v -0.093644 0.212253 -0.673356
v -0.093644 0.212253 -1.016861
v -0.093644 0.212253 -1.360366
v -0.093644 0.212253 -1.703871
v -0.239919 -0.024015 -0.299042
v -0.239920 -0.024015 -0.647112
v -0.239920 -0.024015 -0.995182
v -0.239920 -0.024015 -1.343252
v -0.239920 -0.024015 -1.691322
v -0.239919 0.025858 -0.314447
v -0.239920 0.025858 -0.660234
v -0.239920 0.025858 -1.006021
v -0.239920 0.025858 -1.351809
v -0.239920 0.025858 -1.697596
v -0.013378 0.212253 -0.329852
v -0.013378 0.212253 -0.673356
v -0.013378 0.212253 -1.016861
v -0.013378 0.212253 -1.360366
v -0.013378 0.212253 -1.703871
v -0.000000 -0.163975 -0.283637
v -0.000000 -0.163975 -0.633990
v -0.000000 -0.163975 -0.984342
v -0.000000 -0.163975 -1.334695
v -0.000000 -0.163975 -1.685047
v -0.093644 -0.163975 -0.283637
v -0.093644 -0.163975 -0.633990
v -0.093644 -0.163975 -0.984342
v -0.093644 -0.163975 -1.334695
v -0.093644 -0.163975 -1.685047
v -0.013378 -0.163975 -0.283637
v -0.013378 -0.163975 -0.633990
v -0.013378 -0.163975 -0.984342
v -0.013378 -0.163975 -1.334695
v -0.013378 -0.163975 -1.685047
vn -1.0000 -0.0000 -0.0000
vn -0.0000 -0.0000 -1.0000
vn 1.0000 -0.0000 -0.0000
vn -0.0000 -1.0000 -0.0000
vn -0.0000 0.6405 -0.7679
vn 0.3402 0.9403 -0.0000
vn -0.2293 -0.8964 -0.3794
vn -0.0000 0.1530 0.9882
vn -0.0000 -0.0000 1.0000
vn 0.4486 -0.0000 -0.8937
vn 1.0000 -0.0002 -0.0064
vn -1.0000 0.0001 -0.0000
vn -0.0000 1.0000 -0.0000
vn 0.1165 -0.9932 -0.0000
vn 0.7969 -0.0000 -0.6041
vn -0.0000 -0.2119 -0.9773
vn -0.0000 -0.2855 -0.9584
vn -0.0000 0.9208 -0.3901
vn 0.6674 -0.0000 0.7447
vn 0.0123 -0.1224 -0.9924
vn -0.2146 -0.9767 -0.0000
vn -0.6340 -0.7733 -0.0000
vn -0.9505 -0.3106 -0.0000
vn 0.9505 0.3106 -0.0000
vn 0.6340 0.7733 -0.0000
vn 0.2146 0.9767 -0.0000
vn 0.9505 -0.3106 -0.0000
vn 0.6340 -0.7733 -0.0000
vn 0.2146 -0.9767 -0.0000
vn -0.2146 0.9767 -0.0000
vn -0.6340 0.7733 -0.0000
vn -0.9505 0.3106 -0.0000
vn -0.0020 -0.1530 -0.9882
vn -0.7347 -0.6784 -0.0000
vn -0.0000 -0.1476 -0.9890
vn -0.0000 -0.0546 -0.9985
vn 1.0000 -0.0000 -0.0063
vn -0.0000 -0.6764 0.7365
vn -0.0000 -0.6764 -0.7365
vn 0.7347 -0.6784 -0.0000
vn -0.0037 -0.6407 0.7678
vn 0.0044 0.0330 0.9994
vn 0.0036 -0.0274 -0.9996
vn 0.1186 -0.0000 -0.9929
vn 0.0469 -0.3999 -0.9154
vn -0.0000 -0.4011 -0.9160
vn -0.0000 -0.3122 -0.9500
vn -0.0000 -0.7750 -0.6320
vn -0.0000 -0.9770 -0.2135
vn -0.0000 -0.9791 0.2032
vn -0.0000 -0.7906 0.6124
vn -0.0000 -0.3269 0.9451
vn -0.0000 1.0000 0.0041
vn -0.0000 -0.4538 -0.8911
vn -0.0000 -0.1626 -0.9867
vn 0.9950 0.0989 -0.0164
vn -0.0000 -0.1863 -0.9825
vn -0.0000 0.0546 0.9985
vn 0.4604 -0.0000 0.8877
vn 0.4166 -0.0000 -0.9091
vn -0.0724 -0.0974 -0.9926
vn -0.0000 -0.2761 -0.9611
vn -0.0000 -0.2647 -0.9643
vn -0.0033 -0.2152 -0.9766
vn -0.9921 -0.0701 -0.1038
vn -0.1114 0.9938 -0.0000
vn 0.1779 -0.9840 -0.0000
vn 0.2227 -0.9749 -0.0000
vn -0.2574 -0.0549 -0.9647
vn -0.0480 -0.2074 -0.9771
vn -0.0244 -0.0252 -0.9994
vn -0.0106 -0.0798 -0.9968
vn -0.0000 -0.0798 -0.9968
vn -0.0302 0.0311 0.9991
vn -0.0138 0.1044 0.9944
vn 0.9629 -0.0000 -0.2698
vn -0.0000 -0.2677 -0.9635
vn -0.0000 -0.2871 -0.9579
vn -0.9472 -0.0000 -0.3206
vn 0.3869 -0.0000 -0.9221
vn 0.4185 -0.0000 -0.9082
vn -0.0000 -0.9980 0.0635
vn 0.1779 0.9840 -0.0000
vn 0.2227 0.9749 -0.0000
vn -0.1114 -0.9938 -0.0000
vn 0.9264 -0.0000 0.3766
vn 1.0000 -0.0001 -0.0064
vn 0.0114 -0.9999 -0.0000
vn -1.0000 -0.0000 0.0095
vn 0.0002 1.0000 -0.0005
vn -1.0000 0.0001 0.0095
vn -0.9125 -0.0000 -0.4090
vn 1.0000 -0.0001 -0.0062
vn 1.0000 -0.0001 -0.0063
vn 0.9629 -0.0001 -0.2698
vn -0.0000 0.0002 1.0000
vn 0.1170 -0.9931 -0.0000
vn 0.1188 -0.9929 -0.0000
vn 0.1186 -0.9929 -0.0000
vn 0.1437 -0.9885 0.0462
vn 0.1164 -0.9921 0.0473
vn -0.9509 -0.0000 -0.3094
vn 1.0000 -0.0000 -0.0065
vn 1.0000 -0.0000 -0.0064
vn -0.0000 0.9865 -0.1636
vn -0.0000 -0.9865 0.1636
vn -0.0000 -0.5599 -0.8285
vn -0.0953 -0.9954 -0.0068
vn -0.0000 0.9980 -0.0635
vn 0.0849 0.9964 -0.0067
vn 0.1997 0.0954 0.9752
vn -0.0000 0.3343 0.9425
vn -0.9179 -0.0000 -0.3968
vn -1.0000 -0.0005 -0.0042
vn 1.0000 -0.0002 -0.0063
vn -0.0000 -0.1224 -0.9925
vn 0.0509 0.9987 -0.0000
vn -0.1003 0.9950 -0.0000
vn -0.3105 -0.9506 -0.0000
vn 0.0014 -0.1224 -0.9925
vn -0.1000 0.9924 -0.0711
vn 0.0114 -0.9974 0.0711
vn 1.0000 0.0004 0.0042
vn 0.5864 -0.0000 -0.8100
vn -0.3402 0.9403 -0.0000
vn 0.2293 -0.8964 -0.3794
vn -0.4486 -0.0000 -0.8937
vn -1.0000 -0.0002 -0.0064
vn 1.0000 0.0001 -0.0000
vn -0.1165 -0.9932 -0.0000
vn -0.7969 -0.0000 -0.6041
vn 0.0008 0.9209 -0.3898
vn -0.6674 -0.0000 0.7447
vn -0.0115 -0.0976 -0.9952
vn 0.0020 -0.1530 -0.9882
vn -1.0000 -0.0000 -0.0063
vn 0.0037 -0.6407 0.7678
vn -0.0298 0.0308 0.9991
vn -0.0247 -0.0255 -0.9994
vn -0.1186 -0.0000 -0.9929
vn -0.0000 -0.2151 -0.9766
vn 0.2244 -0.2393 -0.9447
vn -0.9950 0.0989 -0.0164
vn -0.4604 -0.0000 0.8877
vn -0.4166 -0.0000 -0.9091
vn -0.0049 -0.0976 -0.9952
vn 0.0033 -0.2152 -0.9766
vn 0.9921 -0.0701 -0.1038
vn 0.1114 0.9938 -0.0000
vn -0.1779 -0.9840 -0.0000
vn -0.2227 -0.9749 -0.0000
vn 0.1193 -0.0000 -0.9929
vn 0.0244 -0.0252 -0.9994
vn 0.0106 -0.0798 -0.9968
vn 0.0302 0.0311 0.9991
vn -0.0129 0.0973 0.9952
vn -0.9629 -0.0000 -0.2698
vn 0.9502 -0.0381 -0.3092
vn -0.3869 -0.0000 -0.9221
vn -0.4185 -0.0000 -0.9082
vn -0.1779 0.9840 -0.0000
vn -0.2227 0.9749 -0.0000
vn 0.1114 -0.9938 -0.0000
vn -0.9264 -0.0000 0.3766
vn -1.0000 -0.0001 -0.0064
vn -0.0114 -0.9999 -0.0000
vn 1.0000 -0.0000 0.0095
vn -0.0003 1.0000 -0.0006
vn 1.0000 0.0001 0.0095
vn 0.9125 -0.0000 -0.4090
vn -1.0000 -0.0001 -0.0062
vn -1.0000 -0.0001 -0.0063
vn -0.9629 -0.0001 -0.2698
vn -0.1170 -0.9931 -0.0000
vn -0.1188 -0.9929 -0.0000
vn -0.1186 -0.9929 -0.0000
vn -0.1336 -0.9903 -0.0378
vn -0.1164 -0.9921 0.0473
vn 0.9509 -0.0000 -0.3094
vn -1.0000 -0.0000 -0.0065
vn -1.0000 -0.0000 -0.0064
vn 0.0876 -0.9961 -0.0071
vn -0.0849 0.9964 -0.0067
vn -0.1997 0.0954 0.9752
vn -0.0000 -0.4539 -0.8911
vn 0.9465 -0.0395 -0.3203
vn 1.0000 -0.0005 -0.0042
vn -1.0000 -0.0002 -0.0063
vn -0.0011 -0.0976 -0.9952
vn 0.9168 -0.0489 -0.3963
vn -0.0509 0.9987 -0.0000
vn 0.1003 0.9950 -0.0000
vn 0.3105 -0.9506 -0.0000
vn -0.0098 -0.0976 -0.9952
vn 0.1000 0.9924 -0.0711
vn -0.0114 -0.9974 0.0711
vn -1.0000 0.0004 0.0042
vn -0.5864 -0.0000 -0.8100
vn -0.0000 -0.8717 -0.4900
vn 0.4766 -0.0499 -0.8777
vn -0.0008 0.9209 -0.3898
vn 0.0115 -0.0976 -0.9952
vn -0.0000 0.0001 1.0000
vn -0.0000 -0.0001 1.0000
vn 0.0048 -0.1530 -0.9882
vn -0.0000 -0.6405 0.7679
vn 0.0298 0.0308 0.9991
vn 0.0247 -0.0255 -0.9994
vn 0.2791 -0.0786 -0.9570
vn -0.2244 -0.2393 -0.9447
vn 1.0000 -0.0002 -0.0062
vn 0.3385 -0.0000 -0.9410
vn -0.2671 -0.0941 -0.9591
vn -0.2777 -0.0000 -0.9607
vn -0.0000 -0.2164 -0.9763
vn -0.1193 -0.0000 -0.9929
vn -0.0036 -0.0270 -0.9996
vn 0.0113 -0.0856 -0.9963
vn -0.0044 0.0335 0.9994
vn 0.0129 0.0973 0.9952
vn -0.9502 -0.0381 -0.3092
vn 0.4112 -0.0747 -0.9085
vn 0.4332 -0.1871 -0.8816
vn 0.0003 1.0000 -0.0006
vn 0.1165 -0.9932 -0.0008
vn 0.1189 -0.9929 -0.0008
vn 0.1171 -0.9931 -0.0007
vn 0.1336 -0.9903 -0.0378
vn 0.2888 -0.9574 -0.0027
vn -0.0876 -0.9961 -0.0071
vn 0.0775 0.9970 -0.0064
vn -0.0000 -0.2648 -0.9643
vn -0.9465 -0.0395 -0.3203
vn 0.0011 -0.0976 -0.9952
vn -0.9168 -0.0489 -0.3963
vn 0.0098 -0.0976 -0.9952
vn -0.4766 -0.0499 -0.8777
vn -0.0123 -0.1224 -0.9924
vn -0.0048 -0.1530 -0.9882
vn -0.0044 0.0330 0.9994
vn -0.0036 -0.0274 -0.9996
vn -0.2791 -0.0786 -0.9570
vn -0.0469 -0.3999 -0.9154
vn -1.0000 -0.0002 -0.0062
vn 0.3378 -0.0000 -0.9412
vn 0.1256 -0.0000 -0.9921
vn -0.2777 -0.0938 -0.9561
vn -0.2503 -0.0000 -0.9682
vn 0.2574 -0.0549 -0.9647
vn 0.0480 -0.2074 -0.9771
vn 0.0036 -0.0270 -0.9996
vn -0.0113 -0.0856 -0.9963
vn 0.0044 0.0335 0.9994
vn 0.0138 0.1044 0.9944
vn 0.9472 -0.0000 -0.3206
vn -0.4112 -0.0747 -0.9085
vn -0.4332 -0.1871 -0.8816
vn -0.0002 1.0000 -0.0005
vn -0.1165 -0.9932 -0.0008
vn -0.1189 -0.9929 -0.0008
vn -0.1171 -0.9931 -0.0007
vn -0.1437 -0.9885 0.0462
vn -0.2888 -0.9574 -0.0027
vn 0.0953 -0.9954 -0.0068
vn -0.0775 0.9970 -0.0064
vn 0.9179 -0.0000 -0.3968
vn -0.0014 -0.1224 -0.9925
vt 0.850655 0.054005
vt 0.907400 0.167569
vt 0.843632 0.044408
vt 0.259540 0.031165
vt 0.311316 0.000012
vt 0.315359 0.031172
vt 0.105953 0.985224
vt 0.130359 0.917018
vt 0.130359 0.985586
vt 0.863328 0.922157
vt 0.884448 0.963797
vt 0.863328 0.963797
vt 0.828412 0.955222
vt 0.793058 0.947720
vt 0.828412 0.947720
vt 0.748880 0.674319
vt 0.804699 0.480056
vt 0.804699 0.674392
vt 0.494190 0.480356
vt 0.519032 0.644649
vt 0.494190 0.644649
vt 0.716001 0.101995
vt 0.715875 0.199024
vt 0.712182 0.199024
vt 0.519032 0.888862
vt 0.535677 0.730740
vt 0.539521 0.888862
vt 0.192848 0.834275
vt 0.212672 0.805784
vt 0.212672 0.834275
vt 0.756920 0.404189
vt 0.795308 0.355864
vt 0.795073 0.404281
vt 0.451764 0.932145
vt 0.468565 0.970370
vt 0.451764 0.970359
vt 0.398406 0.018261
vt 0.377840 0.000030
vt 0.413035 0.000022
vt 0.673745 0.845969
vt 0.704829 0.825340
vt 0.704828 0.845970
vt 0.220693 0.720326
vt 0.217463 0.654051
vt 0.226913 0.654051
vt 0.192848 0.115227
vt 0.114391 0.204094
vt 0.109124 0.115092
vt 0.880463 0.646448
vt 0.853029 0.638169
vt 0.880494 0.638926
vt 0.706187 0.922746
vt 0.674060 0.948223
vt 0.674060 0.922745
vt 0.984849 0.000000
vt 0.997518 0.080175
vt 0.984849 0.080175
vt 0.712182 0.306373
vt 0.841841 0.000449
vt 0.831534 0.084675
vt 0.832391 0.000353
vt 0.192848 0.000311
vt 0.109124 0.000176
vt 0.206711 0.720326
vt 0.733555 0.000000
vt 0.720909 0.101995
vt 0.350161 0.418695
vt 0.355961 0.449775
vt 0.349583 0.449774
vt 0.352256 0.654051
vt 0.341663 0.667900
vt 0.338593 0.663565
vt 0.748878 0.672986
vt 0.743082 0.688826
vt 0.743080 0.672987
vt 0.000010 0.864651
vt 0.021895 0.827925
vt 0.021901 0.862738
vt 0.795377 0.320177
vt 0.757115 0.355802
vt 0.757184 0.320115
vt 0.757210 0.211182
vt 0.795493 0.259415
vt 0.757300 0.259353
vt 0.494147 0.735907
vt 0.481895 0.760689
vt 0.481396 0.735439
vt 0.097836 0.898361
vt 0.085228 0.926425
vt 0.086280 0.898579
vt 0.906956 0.387626
vt 0.905797 0.271109
vt 0.925436 0.384403
vt 0.715875 0.306373
vt 0.712182 0.479982
vt 0.840984 0.084771
vt 0.830148 0.221044
vt 0.709881 0.922746
vt 0.706187 0.948224
vt 0.953297 0.135237
vt 0.962413 0.133444
vt 0.962413 0.135237
vt 0.519032 0.810360
vt 0.494190 0.810360
vt 0.221347 0.031160
vt 0.214732 0.000000
vt 0.249937 0.000004
vt 0.828412 0.862623
vt 0.853253 0.867381
vt 0.828412 0.867381
vt 0.156089 0.324837
vt 0.147051 0.519979
vt 0.131775 0.519952
vt 0.639513 0.856481
vt 0.614672 0.825137
vt 0.639513 0.825137
vt 0.476586 0.018244
vt 0.474398 0.000009
vt 0.512655 0.000001
vt 0.476586 0.431537
vt 0.512655 0.449765
vt 0.474398 0.449773
vt 0.377422 0.419429
vt 0.373821 0.437143
vt 0.368598 0.431915
vt 0.645673 0.560864
vt 0.640579 0.413310
vt 0.645673 0.413310
vt 0.614672 0.770489
vt 0.639513 0.770489
vt 0.259540 0.418684
vt 0.214732 0.449757
vt 0.207646 0.433619
vt 0.987330 0.946782
vt 0.982236 0.818427
vt 0.987330 0.818427
vt 0.645673 0.813312
vt 0.640579 0.756715
vt 0.645673 0.756716
vt 0.377422 0.030394
vt 0.364589 0.020161
vt 0.368598 0.017912
vt 0.645673 0.709839
vt 0.640579 0.560864
vt 0.364589 0.429668
vt 0.374176 0.407301
vt 0.500817 0.042497
vt 0.519032 0.000000
vt 0.519032 0.224009
vt 0.451106 0.842568
vt 0.446012 0.795148
vt 0.451106 0.795148
vt 0.645673 0.205768
vt 0.642427 0.401160
vt 0.621443 0.413293
vt 0.557891 0.205787
vt 0.519032 0.024280
vt 0.531147 0.003269
vt 0.557892 0.413307
vt 0.531147 0.410062
vt 0.519032 0.389057
vt 0.633558 0.003247
vt 0.645673 0.024253
vt 0.982236 0.688838
vt 0.987330 0.688838
vt 0.451106 0.853484
vt 0.446012 0.842568
vt 0.386291 0.021513
vt 0.376067 0.008668
vt 0.500817 0.407274
vt 0.519032 0.449764
vt 0.355961 0.427895
vt 0.355961 0.224043
vt 0.374176 0.224039
vt 0.373821 0.012682
vt 0.376067 0.441156
vt 0.413035 0.431551
vt 0.413035 0.449786
vt 0.386291 0.428306
vt 0.488702 0.428285
vt 0.517951 0.448682
vt 0.497571 0.419404
vt 0.497571 0.030369
vt 0.517951 0.001082
vt 0.488702 0.021492
vt 0.446012 0.864691
vt 0.446012 0.853484
vt 0.451106 0.864691
vt 0.446012 0.877229
vt 0.451106 0.877229
vt 0.446012 0.887738
vt 0.640579 0.845974
vt 0.645673 0.837541
vt 0.645673 0.845974
vt 0.640579 0.837541
vt 0.645673 0.825586
vt 0.640579 0.825586
vt 0.640579 0.721591
vt 0.640579 0.709839
vt 0.645673 0.721591
vt 0.640579 0.733981
vt 0.645673 0.733981
vt 0.640579 0.743687
vt 0.982236 0.981090
vt 0.987330 0.970215
vt 0.987330 0.981090
vt 0.982236 0.970215
vt 0.987330 0.957657
vt 0.982236 0.957657
vt 0.645673 0.743687
vt 0.614672 0.736419
vt 0.639513 0.736419
vt 0.828412 0.895927
vt 0.853253 0.941714
vt 0.828412 0.941714
vt 0.021908 0.899208
vt 0.000017 0.899481
vt 0.940630 0.823633
vt 0.967085 0.773935
vt 0.967085 0.823633
vt 0.334804 0.865260
vt 0.341098 0.914957
vt 0.334804 0.914957
vt 0.311316 0.449769
vt 0.249937 0.449761
vt 0.839501 0.480102
vt 0.839501 0.674438
vt 0.449539 0.974154
vt 0.442043 0.948193
vt 0.449539 0.948193
vt 0.884448 0.989758
vt 0.863328 0.989758
vt 0.349583 0.000017
vt 0.350161 0.031176
vt 0.795432 0.194425
vt 0.757300 0.000026
vt 0.795493 0.000088
vt 0.580093 0.888862
vt 0.614069 0.895161
vt 0.580093 0.895161
vt 0.468565 0.986276
vt 0.451764 0.986265
vt 0.628211 0.949954
vt 0.614069 0.949954
vt 0.795403 0.211244
vt 0.848798 0.040810
vt 0.855821 0.050407
vt 0.255306 0.970375
vt 0.260957 0.948018
vt 0.262801 0.970375
vt 0.355961 0.964933
vt 0.411780 0.921415
vt 0.411780 0.964940
vt 0.784804 0.460141
vt 0.741313 0.404281
vt 0.784804 0.404291
vt 0.232657 0.834275
vt 0.263411 0.854115
vt 0.232657 0.854115
vt 0.232657 0.919372
vt 0.263411 0.926874
vt 0.232657 0.926874
vt 0.982236 0.708678
vt 0.940630 0.773935
vt 0.940630 0.708678
vt 0.893737 0.009515
vt 0.900760 0.019112
vt 0.741342 0.194336
vt 0.757239 0.194362
vt 0.580093 0.949954
vt 0.078654 0.905286
vt 0.072855 0.961630
vt 0.072855 0.905287
vt 0.280056 0.865260
vt 0.280056 0.914957
vt 0.800452 0.084359
vt 0.795493 0.220691
vt 0.796879 0.084322
vt 0.355961 0.031177
vt 0.350160 0.038690
vt 0.666163 0.000000
vt 0.668471 0.101995
vt 0.277876 0.805784
vt 0.268084 0.720326
vt 0.288488 0.805784
vt 0.801309 0.000036
vt 0.797736 0.000000
vt 0.839598 0.221140
vt 0.841263 0.233584
vt 0.839472 0.233566
vt 0.266679 0.720326
vt 0.261570 0.654051
vt 0.853029 0.568359
vt 0.880780 0.545399
vt 0.880780 0.569115
vt 0.285371 0.834275
vt 0.606914 0.888862
vt 0.596718 0.730740
vt 0.614672 0.888862
vt 0.680055 0.199024
vt 0.793058 0.882463
vt 0.828412 0.882463
vt 0.257150 0.926874
vt 0.257150 0.948018
vt 0.902609 0.978007
vt 0.884448 0.935947
vt 0.902609 0.922157
vt 0.355961 0.921408
vt 0.398066 0.903234
vt 0.793058 0.955222
vt 0.770304 0.949567
vt 0.442043 0.923070
vt 0.416104 0.988328
vt 0.416104 0.923070
vt 0.192848 0.854115
vt 0.315359 0.418691
vt 0.350161 0.362353
vt 0.181110 0.634491
vt 0.182937 0.780078
vt 0.181110 0.793629
vt 0.120458 0.627597
vt 0.105747 0.612166
vt 0.122286 0.614046
vt 0.176684 0.620229
vt 0.182937 0.620940
vt 0.741403 0.000000
vt 0.171980 0.793629
vt 0.187873 0.988323
vt 0.171980 0.988289
vt 0.987057 0.682057
vt 0.998907 0.688356
vt 0.987057 0.688356
vt 0.987057 0.610606
vt 0.998907 0.627265
vt 0.987057 0.627265
vt 0.614069 0.888862
vt 0.628211 0.895161
vt 0.982687 0.171015
vt 0.972980 0.165210
vt 0.982687 0.165212
vt 0.419383 0.658646
vt 0.454041 0.652043
vt 0.454185 0.658649
vt 0.709881 0.845463
vt 0.759537 0.825339
vt 0.759537 0.845463
vt 0.708287 0.672999
vt 0.658068 0.666409
vt 0.707286 0.666393
vt 0.984849 0.120748
vt 0.971984 0.100623
vt 0.984849 0.100623
vt 0.369151 0.652036
vt 0.418382 0.652040
vt 0.837099 0.422530
vt 0.795493 0.443056
vt 0.795493 0.422530
vt 0.652485 0.563805
vt 0.658070 0.486617
vt 0.658071 0.564707
vt 0.451764 0.830485
vt 0.519032 0.810594
vt 0.519032 0.830853
vt 0.419383 0.465632
vt 0.369151 0.472234
vt 0.363564 0.465628
vt 0.645673 0.877009
vt 0.641035 0.850408
vt 0.645673 0.850408
vt 0.188054 0.881680
vt 0.192848 0.925512
vt 0.188054 0.925512
vt 0.188054 0.844640
vt 0.192848 0.849931
vt 0.188054 0.849931
vt 0.645673 0.913734
vt 0.641035 0.877009
vt 0.187800 0.758327
vt 0.182937 0.695665
vt 0.187680 0.695638
vt 0.708288 0.479996
vt 0.652484 0.480013
vt 0.454184 0.465635
vt 0.459985 0.472241
vt 0.454042 0.472240
vt 0.743081 0.479984
vt 0.748880 0.486588
vt 0.742939 0.486590
vt 0.363565 0.548447
vt 0.369152 0.549351
vt 0.742936 0.666382
vt 0.054343 0.219267
vt 0.093373 0.204054
vt 0.093366 0.219330
vt 0.162168 0.309566
vt 0.192757 0.204227
vt 0.175294 0.324870
vt 0.038892 0.324631
vt 0.039102 0.203960
vt 0.221347 0.391505
vt 0.192848 0.225749
vt 0.510933 0.932145
vt 0.516738 0.977695
vt 0.510933 0.977695
vt 0.915279 0.922157
vt 0.927949 0.960509
vt 0.915279 0.960509
vt 0.705875 0.980894
vt 0.693205 0.949146
vt 0.705875 0.949146
vt 0.510933 0.999321
vt 0.498263 0.932145
vt 0.510933 0.932145
vt 1.000000 0.756013
vt 0.987330 0.688838
vt 1.000000 0.688838
vt 0.668433 0.703052
vt 0.770304 0.688838
vt 0.758460 0.703052
vt 0.838183 0.474804
vt 0.825513 0.443056
vt 0.838183 0.443056
vt 0.668410 0.811124
vt 0.656577 0.774013
vt 0.668418 0.772069
vt 0.915279 0.998578
vt 0.902610 0.960226
vt 0.915279 0.960226
vt 0.770290 0.755344
vt 0.758449 0.757288
vt 0.984849 0.080175
vt 0.997518 0.160351
vt 0.984849 0.160351
vt 0.758438 0.811124
vt 0.656566 0.825339
vt 0.267701 0.936203
vt 0.263986 0.925580
vt 0.265556 0.917804
vt 0.920300 0.512131
vt 0.907630 0.470408
vt 0.920300 0.470408
vt 0.640881 0.985386
vt 0.628211 0.938357
vt 0.640881 0.938357
vt 0.974684 0.473587
vt 0.987354 0.372321
vt 0.987354 0.473587
vt 0.367820 0.780934
vt 0.469717 0.795148
vt 0.355978 0.795148
vt 0.355971 0.743823
vt 0.367815 0.741879
vt 0.457858 0.672864
vt 0.469708 0.725155
vt 0.457864 0.727099
vt 0.355961 0.658649
vt 0.469700 0.658649
vt 0.431517 0.809665
vt 0.446012 0.834214
vt 0.431517 0.836197
vt 0.431517 0.888721
vt 0.355961 0.903219
vt 0.370456 0.888713
vt 0.355961 0.795148
vt 0.446012 0.795159
vt 0.355961 0.848983
vt 0.370456 0.847001
vt 0.580093 0.930582
vt 0.519032 0.930574
vt 0.097836 0.886536
vt 0.103641 0.920445
vt 0.097836 0.920445
vt 0.170089 0.972922
vt 0.164283 0.954160
vt 0.170089 0.954160
vt 0.084459 0.959650
vt 0.078654 0.905286
vt 0.084459 0.905286
vt 0.988228 0.567208
vt 0.979855 0.596978
vt 0.984153 0.567208
vt 0.984153 0.541901
vt 0.992525 0.512131
vt 0.988228 0.541901
vt 0.979855 0.512131
vt 0.992525 0.596978
vt 0.000000 0.929709
vt 0.002037 0.908558
vt 0.004075 0.905286
vt 0.000000 0.954133
vt 0.004075 0.929709
vt 0.004075 0.954133
vt 0.335423 0.914957
vt 0.301512 0.945013
vt 0.301498 0.914969
vt 0.297399 0.957449
vt 0.301474 0.936203
vt 0.301474 0.957449
vt 0.825513 0.477006
vt 0.795493 0.443056
vt 0.825513 0.443062
vt 0.033773 0.905286
vt 0.037488 0.917498
vt 0.038063 0.929709
vt 0.263411 0.969674
vt 0.263411 0.936203
vt 0.472807 0.932145
vt 0.468565 0.962349
vt 0.468565 0.932145
vt 0.029531 0.905286
vt 0.033773 0.929709
vt 0.029531 0.929709
vt 0.271943 0.936203
vt 0.267701 0.914957
vt 0.271943 0.914957
vt 0.741014 0.951135
vt 0.766300 0.946889
vt 0.766300 0.951135
vt 0.636087 0.724472
vt 0.640377 0.694268
vt 0.640377 0.724472
vt 0.033773 0.968187
vt 0.887324 0.434959
vt 0.921308 0.387668
vt 0.921240 0.435001
vt 0.164283 0.917022
vt 0.130359 0.964351
vt 0.741014 0.976612
vt 0.766300 0.972366
vt 0.766300 0.976612
vt 0.741014 0.972366
vt 0.766300 0.968120
vt 0.741014 0.968120
vt 0.766300 0.963874
vt 0.741014 0.963874
vt 0.766300 0.959627
vt 0.741014 0.959628
vt 0.766300 0.955381
vt 0.741014 0.955381
vt 0.297399 0.936203
vt 0.293156 0.914957
vt 0.297399 0.914957
vt 0.293156 0.936203
vt 0.288914 0.914957
vt 0.288914 0.936203
vt 0.284671 0.914957
vt 0.284671 0.936203
vt 0.280428 0.914957
vt 0.280428 0.936203
vt 0.276186 0.914957
vt 0.276186 0.936203
vt 0.008318 0.929709
vt 0.008318 0.905286
vt 0.012560 0.929709
vt 0.012560 0.905286
vt 0.016803 0.929709
vt 0.016803 0.905286
vt 0.021045 0.929709
vt 0.021045 0.905286
vt 0.025288 0.929709
vt 0.025288 0.905286
vt 0.494020 0.962349
vt 0.494020 0.932145
vt 0.489778 0.932145
vt 0.485535 0.962349
vt 0.485535 0.932145
vt 0.481293 0.962349
vt 0.481293 0.932145
vt 0.477050 0.932145
vt 0.477050 0.962349
vt 0.335437 0.945002
vt 0.301512 0.960041
vt 0.335437 0.960029
vt 0.301498 0.971053
vt 0.335423 0.971041
vt 0.301474 0.975098
vt 0.887393 0.465039
vt 0.921258 0.461038
vt 0.921308 0.465081
vt 0.887343 0.460996
vt 0.921233 0.450028
vt 0.887318 0.449986
vt 0.299436 0.917804
vt 0.300928 0.925580
vt 0.487137 0.573061
vt 0.493873 0.603918
vt 0.487137 0.604031
vt 0.784804 0.435995
vt 0.791951 0.461944
vt 0.784804 0.461944
vt 0.907630 0.675967
vt 0.944334 0.654289
vt 0.963450 0.675954
vt 0.963450 0.591632
vt 0.944326 0.591637
vt 0.712039 0.947231
vt 0.709881 0.962578
vt 0.711100 0.946087
vt 0.869406 0.838586
vt 0.863328 0.774452
vt 0.869401 0.774450
vt 0.940630 0.838570
vt 0.905841 0.774442
vt 0.940625 0.774435
vt 0.493873 0.636362
vt 0.487137 0.636475
vt 0.784804 0.404281
vt 0.791951 0.408812
vt 0.784804 0.408812
vt 0.853253 0.906930
vt 0.860942 0.862896
vt 0.860559 0.908257
vt 0.998907 0.682057
vt 0.174856 0.633780
vt 0.442043 0.903230
vt 0.416104 0.903230
vt 0.793058 0.862623
vt 0.670288 0.199024
vt 0.659536 0.101995
vt 0.838701 0.309396
vt 0.828827 0.319783
vt 0.828934 0.309296
vt 0.645673 0.000000
vt 0.226810 0.932680
vt 0.219303 0.926874
vt 0.226810 0.926877
vt 0.355326 0.946625
vt 0.342435 0.825956
vt 0.355326 0.825954
vt 0.263411 0.865260
vt 0.263411 0.914957
vt 0.614069 0.966613
vt 0.580093 0.966613
vt 0.907400 0.000000
vt 0.914423 0.009597
vt 0.982236 0.688838
vt 0.940630 0.688838
vt 0.263411 0.919372
vt 0.628211 0.966613
vt 0.799067 0.220727
vt 0.961719 0.838593
vt 0.977425 0.945415
vt 0.961719 0.945421
vt 0.257996 0.654051
vt 0.146946 0.532940
vt 0.162596 0.599055
vt 0.133447 0.599008
vt 0.277876 0.834275
vt 0.590425 0.730740
vt 0.843632 0.458124
vt 0.875759 0.350775
vt 0.875759 0.458124
vt 0.885526 0.350775
vt 0.885526 0.458124
vt 0.885526 0.177166
vt 0.962413 0.177166
vt 0.953297 0.145012
vt 0.962413 0.145012
vt 0.974684 0.177167
vt 0.987575 0.372319
vt 0.974684 0.372321
vt 0.985163 0.505740
vt 0.974684 0.473587
vt 0.985163 0.473587
vt 0.840386 0.319901
vt 0.838595 0.319883
vt 0.889011 0.646678
vt 0.889011 0.639156
vt 0.131680 0.532915
vt 0.120071 0.598986
vt 0.708402 0.825340
vt 0.708402 0.845970
vt 0.221347 0.225672
vt 0.192848 0.021900
vt 0.207625 0.016155
vt 0.093209 0.309455
vt 0.052160 0.324655
vt 0.854372 0.923557
vt 0.860942 0.968827
vt 0.854217 0.968395
vt 0.860628 0.922748
vt 0.940626 0.753956
vt 0.905846 0.688845
vt 0.905842 0.753963
vt 0.869402 0.753971
vt 0.863333 0.688855
vt 0.869406 0.688853
vt 0.863328 0.753973
vt 0.085224 0.808786
vt 0.000000 0.808786
vt 0.669106 0.949165
vt 0.646379 0.950140
vt 0.645673 0.949146
vt 0.170089 0.946514
vt 0.164283 0.917018
vt 0.170089 0.917018
vt 0.164283 0.946514
vt 0.097836 0.929234
vt 0.103641 0.950802
vt 0.097836 0.950802
vt 0.103641 0.929234
vt 0.519032 0.941386
vt 0.580093 0.967925
vt 0.519032 0.967918
vt 0.580093 0.941394
vt 0.370456 0.809657
vt 0.355961 0.834203
vt 0.819185 0.955222
vt 0.820153 0.967221
vt 0.819185 0.967221
vt 0.446012 0.848995
vt 0.446012 0.903230
vt 0.431517 0.847009
vt 0.457871 0.780934
vt 0.469711 0.743823
vt 0.968053 0.826340
vt 0.967085 0.818024
vt 0.968053 0.818024
vt 0.367807 0.672863
vt 0.355969 0.725155
vt 0.367814 0.727099
vt 0.640881 0.925156
vt 0.628211 0.888862
vt 0.640881 0.888862
vt 0.628211 0.925156
vt 0.255306 0.980938
vt 0.242636 0.926874
vt 0.255306 0.926874
vt 0.657514 0.769661
vt 0.770287 0.774013
vt 0.770276 0.825339
vt 0.758446 0.772069
vt 0.915279 0.949774
vt 0.902610 0.922157
vt 0.915279 0.922157
vt 0.902610 0.949774
vt 0.656581 0.755344
vt 0.656595 0.688838
vt 0.242636 0.989768
vt 0.242636 0.980938
vt 0.987330 0.772430
vt 1.000000 0.816519
vt 0.987330 0.816519
vt 0.752218 0.474922
vt 0.741313 0.462551
vt 0.752218 0.460141
vt 0.980722 0.818024
vt 0.968053 0.773935
vt 0.980722 0.773935
vt 0.915279 0.970961
vt 0.927949 0.998578
vt 0.927949 0.970961
vt 0.162324 0.219442
vt 0.108134 0.219354
vt 0.363563 0.574847
vt 0.363564 0.658642
vt 0.369150 0.573943
vt 0.187800 0.675648
vt 0.183037 0.612193
vt 0.187675 0.612166
vt 0.183110 0.675674
vt 0.103919 0.814021
vt 0.171980 0.793863
vt 0.171980 0.814389
vt 0.355963 0.548447
vt 0.652481 0.590200
vt 0.652483 0.673016
vt 0.658067 0.589295
vt 0.047702 0.611981
vt 0.038444 0.598854
vt 0.047685 0.598869
vt 0.887318 0.350775
vt 0.097836 0.876902
vt 0.088334 0.848045
vt 0.097836 0.808786
vt 0.087158 0.877046
vt 0.493613 0.717219
vt 0.480618 0.692449
vt 0.494147 0.658649
vt 0.481020 0.716691
vt 0.795428 0.293679
vt 0.757235 0.293617
vt 0.082749 0.000133
vt 0.000000 0.114916
vt 0.000000 0.000000
vt 0.082749 0.115049
vt 0.910713 0.179733
vt 0.925436 0.177166
vt 0.853029 0.645692
vt 0.849857 0.638083
vt 0.987057 0.687056
vt 0.965937 0.619028
vt 0.987057 0.618939
vt 0.349728 0.969629
vt 0.336768 0.971414
vt 0.335486 0.970215
vt 0.468772 0.729507
vt 0.480618 0.740782
vt 0.468773 0.739472
vt 0.255306 1.000000
vt 0.255306 0.989768
vt 0.645676 0.758385
vt 0.657517 0.759696
vt 0.987330 0.756013
vt 1.000000 0.764114
vt 0.987330 0.764114
vt 0.980722 0.834440
vt 0.980722 0.826340
vt 0.806515 0.978033
vt 0.806515 0.967221
vt 0.759972 0.687118
vt 0.748880 0.674438
vt 0.759972 0.674438
vt 1.000000 0.772430
vt 0.763020 0.472822
vt 0.752218 0.460141
vt 0.763020 0.460141
vt 0.804535 0.955222
vt 0.791747 0.969729
vt 0.793731 0.955223
vt 0.806515 0.969729
vt 0.794151 0.980646
vt 0.820153 0.978032
vt 0.819185 0.978032
vt 0.171056 0.954160
vt 0.352076 0.461910
vt 0.351109 0.449775
vt 0.352076 0.449775
vt 0.968053 0.834440
vt 0.967085 0.826340
vt 0.863326 0.725004
vt 0.806798 0.688838
vt 0.863328 0.688975
vt 0.680055 0.479982
vt 0.880462 0.675737
vt 0.853029 0.674980
vt 0.863327 0.820135
vt 0.806798 0.806604
vt 0.863327 0.806741
vt 0.840579 0.300829
vt 0.843545 0.309445
vt 0.840492 0.309414
vt 0.974684 0.372272
vt 0.961794 0.177166
vt 0.974684 0.177168
vt 0.974684 0.492911
vt 0.961794 0.372269
vt 0.189795 0.612166
vt 0.192848 0.700990
vt 0.189795 0.700990
vt 0.842775 0.084789
vt 0.887318 0.458124
vt 0.972980 0.133444
vt 0.972980 0.135237
vt 0.841389 0.221158
vt 0.770304 0.724874
vt 0.806797 0.734120
vt 0.770304 0.735435
vt 0.664293 0.915277
vt 0.645673 0.923667
vt 0.645673 0.916199
vt 0.133508 0.612119
vt 0.162657 0.612166
vt 0.664293 0.948223
vt 0.664293 0.922745
vt 0.870942 0.922157
vt 0.873684 0.840226
vt 0.876856 0.840093
vt 0.863328 0.910553
vt 0.867410 0.851806
vt 0.912837 0.922157
vt 0.904289 0.838938
vt 0.912837 0.838587
vt 0.903069 0.922157
vt 0.931456 0.888496
vt 0.931456 0.920996
vt 0.002520 0.532708
vt 0.038519 0.532765
vt 0.038554 0.519785
vt 0.002555 0.519728
vt 0.889010 0.675967
vt 0.849857 0.674893
vt 0.849857 0.645605
vt 0.038456 0.611966
vt 0.002445 0.598798
vt 0.806797 0.724866
vt 0.770305 0.688846
vt 0.889011 0.479982
vt 0.879560 0.479982
vt 0.848477 0.479982
vt 0.849857 0.544556
vt 0.844904 0.479982
vt 0.853029 0.544643
vt 0.843583 0.536985
vt 0.839501 0.487596
vt 0.907630 0.512950
vt 0.889011 0.545629
vt 0.176096 0.532986
vt 0.889011 0.569345
vt 0.770305 0.833449
vt 0.806799 0.849172
vt 0.770306 0.862623
vt 0.664295 0.845969
vt 0.645676 0.826261
vt 0.664295 0.825339
vt 0.849857 0.568272
vt 0.806798 0.819997
vt 0.673746 0.825339
vt 0.192848 0.926874
vt 0.219303 0.932038
vt 0.192848 0.932038
vt 0.950543 0.100623
vt 0.945383 0.120748
vt 0.945383 0.100623
vt 0.710819 0.963722
vt 0.737274 0.976597
vt 0.710819 0.976597
vt 0.914423 0.134619
vt 0.915820 0.140412
vt 0.914423 0.140424
vt 0.242636 0.932684
vt 0.454184 0.449796
vt 0.931646 0.140410
vt 0.953297 0.134618
vt 0.953297 0.140696
vt 0.931646 0.175239
vt 0.639139 0.413334
vt 0.640553 0.449770
vt 0.639139 0.449794
vt 0.709881 0.975453
vt 0.646379 0.975079
vt 0.669812 0.950159
vt 0.669812 0.975098
vt 0.770304 0.980706
vt 0.790225 0.956722
vt 0.791747 0.980706
vt 0.355326 0.946627
vt 0.355326 0.970650
vt 0.676193 0.973545
vt 0.691979 0.974795
vt 0.669812 0.974795
vt 0.670488 0.949326
vt 0.676869 0.949146
vt 0.645673 0.589482
vt 0.645678 0.563087
vt 0.950543 0.020258
vt 0.971983 0.000234
vt 0.971983 0.020626
vt 0.766300 0.845597
vt 0.759537 0.845597
vt 0.827753 0.981611
vt 0.820153 0.955232
vt 0.827753 0.955222
vt 0.837099 0.319901
vt 0.842765 0.340293
vt 0.837099 0.340293
vt 0.192848 0.427851
vt 0.614672 0.885973
vt 0.614672 0.856481
vt 0.519032 0.449793
vt 0.494190 0.449793
vt 0.853253 0.967976
vt 0.828412 0.967976
vt 0.640553 0.455847
vt 0.639139 0.455871
vt 0.915820 0.134607
vt 0.931646 0.134605
vt 0.953297 0.177166
vt 0.459984 0.449796
vt 0.459985 0.465635
vt 0.242636 0.967505
vt 0.226810 0.967501
vt 0.915820 0.175241
vt 0.914423 0.175254
vt 0.914423 0.120748
vt 0.914423 0.100623
vt 0.219303 0.963023
vt 0.192848 0.963023
vt 0.263411 0.834275
vt 0.411780 0.923070
vt 0.411780 0.903230
vt 0.791951 0.435995
vt 0.493873 0.641769
vt 0.487137 0.641882
vt 0.905846 0.838578
vt 0.748878 0.666380
vt 0.707288 0.486602
vt 0.418382 0.472238
vt 0.192848 0.881680
vt 0.641035 0.845974
vt 0.645673 0.845974
vt 0.459985 0.652043
vt 0.459985 0.658649
vt 0.442043 0.938061
vt 0.451749 0.943865
vt 0.442043 0.943866
vt 0.355961 0.362353
vt 0.355961 0.418696
vt 0.411780 0.988328
vt 0.280056 0.834275
vt 0.038063 0.961638
vt 0.038063 0.905294
vt 0.355961 0.000018
vt 0.884448 0.994084
vt 0.863328 0.994084
vt 0.449539 0.943866
vt 0.352256 0.821619
vt 0.291557 0.702793
vt 0.355326 0.825954
vt 0.021909 0.905286
vt 0.000018 0.905286
vt 0.614672 0.730740
vt 0.639513 0.730740
vt 0.853253 0.895927
vt 0.708289 0.688838
vt 0.334804 0.834275
vt 0.341098 0.865260
vt 0.097836 0.815085
vt 0.102996 0.808786
vt 0.102996 0.815085
vt 0.097836 0.869877
vt 0.102996 0.869877
vt 0.097836 0.886536
vt 0.102996 0.886536
vt 0.345309 0.644111
vt 0.351109 0.449782
vt 0.351109 0.644119
vt 0.293654 0.694861
vt 0.288488 0.698458
vt 0.296723 0.699196
vt 0.664294 0.856778
vt 0.645675 0.846891
vt 0.770305 0.818162
vt 0.354170 0.627105
vt 0.355961 0.642414
vt 0.354170 0.642414
vt 0.925436 0.495233
vt 0.946849 0.376432
vt 0.946849 0.498306
vt 0.927841 0.373705
vt 0.946849 0.179335
vt 0.863326 0.734257
vt 0.049107 0.519804
vt 0.049065 0.532782
vt 0.853029 0.579247
vt 0.487137 0.538968
vt 0.465505 0.449810
vt 0.487137 0.449793
vt 0.120125 0.612098
vt 0.889011 0.580233
vt 0.838788 0.300811
vt 0.793964 0.462791
vt 0.791951 0.405108
vt 0.793964 0.404281
vt 0.459985 0.653974
vt 0.487137 0.653954
vt 0.880736 0.580003
vt 0.645675 0.857701
vt 0.354112 0.536332
vt 0.354136 0.450031
vt 0.352287 0.449804
vt 0.352287 0.449804
vt 0.352287 0.449775
vt 0.849857 0.579160
vt 0.991433 0.177411
vt 0.989417 0.259496
vt 0.989606 0.177166
vt 0.189795 0.844640
vt 0.187953 0.700990
vt 0.860942 0.862623
vt 0.862733 0.945472
vt 0.860942 0.945472
vt 0.636087 0.414965
vt 0.532177 0.534148
vt 0.519032 0.413310
vt 0.636087 0.535617
vt 0.553436 0.729571
vt 0.198368 0.564872
vt 0.309915 0.653962
vt 0.192848 0.654051
vt 0.345309 0.449775
vt 0.198368 0.449886
vt 0.987575 0.177166
vt 0.989417 0.277736
vt 0.987575 0.277736
vt 0.355961 0.626848
vt 0.352287 0.536588
vt 0.923151 0.507172
vt 0.921308 0.387626
vt 0.923151 0.387626
vt 0.187953 0.612166
vt 0.642877 0.972232
vt 0.641035 0.913734
vt 0.642877 0.913734
vt 0.991244 0.259741
vt 0.989606 0.362430
vt 0.989417 0.440382
vt 0.987575 0.440382
vt 0.103919 0.807339
vt 0.021259 0.613314
vt 0.103919 0.612166
vt 0.768296 0.988627
vt 0.766300 0.825339
vt 0.768296 0.825981
vt 0.770292 0.968988
vt 0.768296 0.826242
vt 0.770292 0.825339
vt 0.925160 0.388607
vt 0.923151 0.472180
vt 0.931456 0.859113
vt 0.957396 0.838587
vt 0.957396 0.859113
vt 0.961719 0.838587
vt 0.961719 0.859113
vt 0.972980 0.130389
vt 0.982687 0.130391
vt 0.494001 0.470319
vt 0.487137 0.470319
vt 0.442043 0.903231
vt 0.451749 0.938060
vt 0.224416 0.723304
vt 0.263058 0.723304
vt 0.273473 0.802805
vt 0.216954 0.802805
vt 0.964149 0.512131
vt 0.918046 0.591632
vt 0.907630 0.512131
vt 0.979855 0.618939
vt 0.964149 0.618926
vt 0.998436 0.873084
vt 0.987330 0.873084
vt 0.974487 0.984094
vt 0.974487 0.945421
vt 0.961794 0.297809
vt 0.951242 0.492910
vt 0.948528 0.297806
vt 0.961794 0.177169
vt 0.946849 0.177166
vt 0.636087 0.586919
vt 0.639139 0.694268
vt 0.636087 0.694268
vt 0.192848 0.844640
vt 0.636087 0.413310
vt 0.639139 0.586919
vt 0.487137 0.552423
vt 0.494001 0.572948
vt 0.487137 0.572948
vt 0.487137 0.531897
vt 0.494001 0.552423
vt 0.487137 0.511371
vt 0.494001 0.531897
vt 0.487137 0.490845
vt 0.494001 0.511371
vt 0.494001 0.490845
vt 0.957396 0.961742
vt 0.961719 0.941216
vt 0.961719 0.961742
vt 0.957396 0.941216
vt 0.961719 0.920690
vt 0.957396 0.920690
vt 0.961719 0.900165
vt 0.957396 0.900165
vt 0.961719 0.879639
vt 0.957396 0.879639
vt 0.931456 0.961742
vt 0.931456 0.941216
vt 0.931456 0.920690
vt 0.931456 0.900165
vt 0.931456 0.879639
vt 0.945383 0.000000
vt 0.914423 0.020125
vt 0.914423 0.000000
vt 0.945383 0.020125
vt 0.914423 0.040249
vt 0.945383 0.040249
vt 0.914423 0.060374
vt 0.945383 0.060374
vt 0.914423 0.080499
vt 0.945383 0.080499
vt 0.837099 0.421861
vt 0.842765 0.442254
vt 0.837099 0.442254
vt 0.837099 0.401469
vt 0.842765 0.421861
vt 0.837099 0.381077
vt 0.842765 0.401469
vt 0.837099 0.360685
vt 0.842765 0.381077
vt 0.842765 0.360685
vt 0.759538 0.926631
vt 0.759538 0.946889
vt 0.759537 0.906372
vt 0.766300 0.926631
vt 0.759537 0.886114
vt 0.766300 0.906372
vt 0.759538 0.865856
vt 0.766300 0.886114
vt 0.766300 0.865856
vt 0.950543 0.121550
vt 0.971983 0.102195
vt 0.971983 0.122587
vt 0.950543 0.101292
vt 0.971983 0.081802
vt 0.950543 0.081034
vt 0.971983 0.061410
vt 0.950543 0.060775
vt 0.971983 0.041018
vt 0.950543 0.040517
vt 0.950543 0.000000
vt 0.950543 0.020125
vt 0.950543 0.040249
vt 0.950543 0.060374
vt 0.950543 0.080499
vt 0.103919 0.915982
vt 0.171980 0.896492
vt 0.171980 0.917018
vt 0.103919 0.895590
vt 0.171980 0.875966
vt 0.103919 0.875198
vt 0.171980 0.855441
vt 0.103919 0.854806
vt 0.171980 0.834915
vt 0.103919 0.834413
vt 0.451764 0.931108
vt 0.519032 0.911886
vt 0.519032 0.932145
vt 0.451764 0.910984
vt 0.519032 0.891628
vt 0.451764 0.890859
vt 0.519032 0.871369
vt 0.451764 0.870734
vt 0.519032 0.851111
vt 0.451764 0.850610
vt 0.837099 0.319901
vt 0.795493 0.340427
vt 0.795493 0.319901
vt 0.837099 0.340427
vt 0.795493 0.360953
vt 0.837099 0.360953
vt 0.795493 0.381478
vt 0.837099 0.381478
vt 0.795493 0.402004
vt 0.984849 0.020125
vt 0.971983 0.000000
vt 0.984849 0.000000
vt 0.984849 0.040249
vt 0.971983 0.020125
vt 0.984849 0.060374
vt 0.971983 0.040249
vt 0.984849 0.080499
vt 0.971984 0.060374
vt 0.971984 0.080499
vt 0.709881 0.946087
vt 0.759537 0.925962
vt 0.759537 0.946087
vt 0.709881 0.925962
vt 0.759537 0.905837
vt 0.709881 0.905837
vt 0.759537 0.885713
vt 0.709881 0.885713
vt 0.759537 0.865588
vt 0.709881 0.865588
vt 0.914423 0.177166
vt 0.103919 0.917931
vt 0.192848 0.805784
vt 0.741313 0.000000
vt 0.493594 0.795166
vt 0.097836 0.965684
vt 0.374176 0.042524
vt 0.633558 0.410041
vt 0.645673 0.389030
vt 0.543262 0.000016
vt 0.522278 0.012150
vt 0.519032 0.205795
vt 0.522278 0.401185
vt 0.543262 0.413310
vt 0.557891 0.000013
vt 0.642427 0.012125
vt 0.500817 0.224012
vt 0.398406 0.431554
vt 0.103919 0.625717
vt 0.748879 0.479982
vt 0.054187 0.309392
vt 0.000546 0.917498
vt 0.035918 0.908558
vt 0.472807 0.962349
vt 0.498263 0.962349
vt 0.489778 0.962349
vt 0.853799 0.862623
vt 0.107977 0.309479
vt 0.370456 0.836189
vt 0.457866 0.741879
vt 0.668422 0.757288
vt 0.887318 0.274332
vt 0.867249 0.922157
vt 0.737274 0.963722
vt 0.349772 0.946675
vt 0.693205 0.973545
vt 0.459985 0.538989
vt 0.352287 0.449833
vt 0.345309 0.564760
vt 0.991433 0.362676
vt 0.925160 0.473161
vt 0.837099 0.402004
vt 0.884448 0.922157
vt 0.748880 0.479982
vt 0.519032 0.480356
vt 0.519032 0.730740
vt 0.468565 0.932156
vt 0.413035 0.018257
vt 0.997518 0.000000
vt 0.355326 0.658385
vt 0.748880 0.688825
vt 0.715876 0.479982
vt 0.709881 0.948224
vt 0.953297 0.133444
vt 0.853253 0.862623
vt 0.221347 0.418679
vt 0.982236 0.946782
vt 0.640579 0.813312
vt 0.621442 0.000000
vt 0.355961 0.021938
vt 0.377840 0.449793
vt 0.451106 0.887738
vt 0.645673 0.743687
vt 0.442043 0.974154
vt 0.741313 0.460132
vt 0.982236 0.773935
vt 0.741313 0.211156
vt 0.078654 0.961629
vt 0.355960 0.038690
vt 0.260957 0.926874
vt 0.884448 0.964306
vt 0.369723 0.903230
vt 0.770304 0.953376
vt 0.442043 0.988328
vt 0.192848 0.919372
vt 0.315359 0.362348
vt 0.187873 0.793664
vt 0.998907 0.610606
vt 0.628211 0.888862
vt 0.972980 0.171013
vt 0.709881 0.825339
vt 0.971984 0.120748
vt 0.837099 0.443056
vt 0.451764 0.810360
vt 0.641035 0.913734
vt 0.183006 0.758354
vt 0.221347 0.244445
vt 0.516738 0.932145
vt 0.927949 0.922157
vt 0.693205 0.980894
vt 0.498263 0.999321
vt 0.825513 0.474804
vt 0.902610 0.998578
vt 0.997518 0.080175
vt 0.628211 0.985386
vt 0.580093 0.888870
vt 0.103641 0.886536
vt 0.164283 0.972922
vt 0.078654 0.959650
vt 0.795493 0.476999
vt 0.267701 0.969674
vt 0.741014 0.946889
vt 0.038063 0.968187
vt 0.887393 0.387626
vt 0.164283 0.964356
vt 0.335398 0.975086
vt 0.493873 0.572949
vt 0.909550 0.654297
vt 0.863332 0.838587
vt 0.791951 0.404281
vt 0.219303 0.932678
vt 0.342435 0.946627
vt 0.977425 0.838587
vt 0.843632 0.350775
vt 0.875759 0.177166
vt 0.987575 0.177166
vt 0.974684 0.505740
vt 0.085228 0.827925
vt 0.820153 0.955222
vt 0.645673 0.770972
vt 0.741313 0.472517
vt 0.103919 0.793629
vt 0.355961 0.574846
vt 0.887318 0.177166
vt 0.964149 0.688356
vt 0.480616 0.728196
vt 0.242636 1.000000
vt 1.000000 0.756013
vt 0.748880 0.687118
vt 0.752218 0.472822
vt 0.804108 0.980646
vt 0.171056 0.946514
vt 0.351109 0.461910
vt 0.967085 0.834440
vt 0.680055 0.306373
vt 0.843632 0.300861
vt 0.961794 0.492909
vt 0.192848 0.612166
vt 0.843632 0.000467
vt 0.002458 0.611909
vt 0.907630 0.480743
vt 0.176201 0.520026
vt 0.863328 0.849309
vt 0.219303 0.926874
vt 0.950543 0.120748
vt 0.242636 0.926880
vt 0.419382 0.449793
vt 0.640553 0.413310
vt 0.771168 0.955222
vt 0.950543 0.000000
vt 0.820153 0.981621
vt 0.842765 0.319901
vt 0.639513 0.885973
vt 0.341098 0.834275
vt 0.097836 0.808786
vt 0.355961 0.627105
vt 0.931730 0.177166
vt 0.791951 0.463617
vt 0.187953 0.844640
vt 0.862733 0.862623
vt 0.636087 0.730740
vt 0.989417 0.177166
vt 0.354136 0.627105
vt 0.921308 0.507172
vt 0.641035 0.972232
vt 0.766300 0.987985
vt 0.768296 0.969892
vt 0.931456 0.838587
vt 0.494001 0.449793
vt 0.451749 0.903230
vt 0.956688 0.591632
vt 0.979855 0.512144
vt 0.998436 0.816519
vt 0.961719 0.984094
vt 0.961794 0.492912
vt 0.962413 0.130389
vt 0.639139 0.413310
s 0
g Cube_Metal_body
usemtl Metal_body
f 326/7/3 318/9/3 2/8/3
f 144/10/4 149/12/4 86/11/4
f 119/22/6 113/24/6 158/23/6
f 3/28/4 250/30/4 535/29/4
f 11/31/7 5/33/7 31/32/7
f 7/34/8 13/36/8 100/35/8
f 265/40/1 121/42/1 394/41/1
f 532/43/4 252/45/4 16/44/4
f 29/46/10 321/48/10 290/47/10
f 120/52/12 256/54/12 379/53/12
f 158/23/13 113/24/13 116/58/13
f 16/59/14 252/61/14 263/60/14
f 11/62/15 288/63/15 321/48/15
f 535/29/4 532/43/4 28/64/4
f 110/65/13 119/22/13 26/66/13
f 86/76/16 244/78/16 243/77/16
f 291/79/17 293/81/17 33/80/17
f 12/82/18 32/84/18 30/83/18
f 287/85/1 291/87/1 31/86/1
f 320/88/3 292/90/3 32/89/3
f 9/91/19 498/93/19 502/92/19
f 161/94/13 116/58/13 120/95/13
f 24/96/14 263/60/14 265/97/14
f 34/98/12 120/52/12 383/99/12
f 482/111/20 485/113/20 37/112/20
f 86/76/16 440/217/16 459/216/16
f 143/218/13 2/220/13 91/219/13
f 3/131/2 38/225/2 94/224/2
f 123/228/4 446/230/4 437/229/4
f 149/12/4 451/232/4 440/231/4
f 13/36/8 141/242/8 140/241/8
f 735/271/9 446/273/9 449/272/9
f 117/276/14 160/278/14 37/277/14
f 259/281/13 255/282/13 119/22/13
f 534/283/4 11/285/4 29/284/4
f 112/286/14 159/287/14 160/278/14
f 35/288/3 484/290/3 492/289/3
f 533/291/4 29/284/4 159/292/4
f 114/293/37 253/295/37 389/294/37
f 5/296/4 11/285/4 534/283/4
f 119/22/6 255/282/6 261/300/6
f 560/344/13 555/346/13 142/345/13
f 546/355/4 565/357/4 148/356/4
f 555/361/3 575/363/3 324/362/3
f 18/392/44 296/394/44 289/393/44
f 25/395/45 160/397/45 159/396/45
f 18/392/46 158/399/46 161/398/46
f 203/519/13 202/521/13 201/520/13
f 243/585/53 244/587/53 248/586/53
f 245/588/4 242/590/4 246/589/4
f 91/591/54 2/593/54 242/592/54
f 318/594/55 313/595/55 242/592/55
f 245/596/56 407/598/56 405/597/56
f 244/587/53 459/606/53 461/605/53
f 872/607/4 458/609/4 460/608/4
f 313/610/1 345/612/1 246/611/1
f 255/282/6 27/619/6 15/618/6
f 36/620/3 256/622/3 278/621/3
f 259/281/13 9/623/13 27/619/13
f 263/60/14 117/276/14 121/640/14
f 264/641/59 251/643/59 539/642/59
f 252/61/14 112/286/14 117/276/14
f 532/43/4 533/291/4 112/644/4
f 285/645/60 283/647/60 397/646/60
f 250/30/4 107/648/4 534/283/4
f 36/620/3 276/666/3 372/665/3
f 121/42/1 37/672/1 393/671/1
f 298/676/61 495/677/61 160/397/61
f 314/678/1 243/680/1 247/679/1
f 314/678/1 315/681/1 345/612/1
f 319/689/64 1/690/64 243/77/64
f 314/691/65 313/693/65 408/692/65
f 298/744/9 297/746/9 346/745/9
f 17/753/69 159/396/69 290/47/69
f 330/754/70 290/47/70 289/393/70
f 570/762/3 546/764/3 145/763/3
f 288/773/3 11/775/3 33/774/3
f 320/88/3 288/773/3 293/776/3
f 286/777/1 6/779/1 30/778/1
f 286/777/1 323/780/1 291/87/1
f 323/781/77 30/83/77 32/84/77
f 291/79/78 323/781/78 292/782/78
f 320/783/15 12/785/15 26/784/15
f 288/63/15 320/783/15 322/786/15
f 502/92/19 499/788/19 15/787/19
f 322/786/80 26/784/80 158/399/80
f 321/48/81 322/786/81 289/393/81
f 294/791/3 144/793/3 1/792/3
f 19/831/86 384/833/86 387/832/86
f 256/834/13 120/95/13 116/58/13
f 115/789/87 377/836/87 381/835/87
f 509/840/3 366/842/3 542/841/3
f 16/59/14 24/96/14 368/851/14
f 15/102/1 499/854/1 507/853/1
f 24/96/14 35/288/14 369/855/14
f 21/862/76 392/863/76 397/646/76
f 256/54/12 36/865/12 380/864/12
f 383/866/13 377/868/13 378/867/13
f 378/867/90 386/870/90 385/869/90
f 380/871/13 384/873/13 381/872/13
f 379/874/13 381/872/13 377/868/13
f 380/871/13 388/876/13 387/875/13
f 282/770/60 284/878/60 385/877/60
f 36/865/91 376/860/91 388/693/91
f 34/879/92 382/880/92 385/877/92
f 262/49/93 381/835/93 384/881/93
f 115/789/94 22/883/94 378/882/94
f 22/884/95 282/770/95 386/885/95
f 375/886/96 387/832/96 388/887/96
f 391/888/97 396/889/97 389/294/97
f 394/890/98 393/892/98 392/891/98
f 396/889/99 394/890/99 395/893/99
f 393/892/100 398/895/100 397/894/100
f 391/888/101 390/897/101 400/896/101
f 37/112/102 285/645/102 398/898/102
f 253/295/103 20/899/103 390/897/103
f 373/900/9 399/902/9 400/901/9
f 35/903/89 391/905/89 399/904/89
f 21/906/104 114/293/104 395/893/104
f 20/837/86 374/907/86 400/901/86
f 35/903/1 265/40/1 396/908/1
f 470/923/54 471/925/54 1047/924/54
f 245/927/106 458/929/106 471/928/106
f 286/951/112 287/953/112 415/952/112
f 458/929/106 872/965/106 1047/964/106
f 405/926/54 407/968/54 471/925/54
f 458/609/4 245/588/4 249/982/4
f 459/606/53 873/984/53 879/983/53
f 437/994/2 638/996/2 1174/995/2
f 446/273/9 123/1002/9 133/1001/9
f 451/232/4 767/1005/4 636/1004/4
f 446/230/4 735/1006/4 638/996/4
f 440/217/16 636/1011/16 873/1010/16
f 479/1034/1 16/1036/1 367/1035/1
f 490/1037/9 367/1039/9 368/1038/9
f 491/1040/9 368/1038/9 369/1041/9
f 28/1046/19 16/1048/19 479/1047/19
f 484/290/3 503/1051/3 509/840/3
f 478/1055/19 10/1056/19 28/1046/19
f 161/398/116 34/879/116 496/1043/116
f 503/1051/3 36/620/3 366/842/3
f 502/1059/4 498/68/4 512/1060/4
f 499/1061/13 514/1063/13 518/1062/13
f 490/785/13 519/785/13 515/785/13
f 479/1065/117 515/1067/117 517/1066/117
f 509/1068/88 508/850/88 520/1069/88
f 490/1083/118 491/1085/118 521/1084/118
f 499/1086/119 502/1059/119 516/1087/119
f 508/850/88 507/848/88 518/1091/88
f 492/1092/1 509/1094/1 522/1093/1
f 483/1095/13 517/1066/13 513/1096/13
f 491/1085/118 492/1098/118 523/1097/118
f 485/1102/121 482/1104/121 524/1103/121
f 495/1105/122 496/1107/122 527/1106/122
f 495/1108/123 526/1090/123 524/1109/123
f 600/1110/4 605/1112/4 531/1111/4
f 605/1112/4 1252/1114/4 1175/1113/4
f 148/1048/1 565/1118/1 600/1117/1
f 92/1119/2 437/994/2 528/1120/2
f 264/1121/4 118/1122/4 533/291/4
f 109/1123/4 534/283/4 533/291/4
f 109/1123/4 251/1124/4 535/29/4
f 251/1124/4 264/1121/4 532/43/4
f 539/1125/4 538/1127/4 537/1126/4
f 109/1125/124 118/1129/124 537/1128/124
f 251/743/1 109/1131/1 538/1130/1
f 118/1132/3 264/1133/3 536/643/3
f 365/101/1 507/853/1 543/1115/1
f 561/1145/1 92/1147/1 529/1146/1
f 562/1148/1 561/1145/1 596/1149/1
f 563/1150/1 562/1148/1 597/1151/1
f 564/1152/1 563/1150/1 598/1153/1
f 565/1118/1 564/1152/1 599/1154/1
f 528/1155/4 1174/1157/4 1248/1156/4
f 601/1158/4 1248/1156/4 1249/1159/4
f 604/1164/4 1251/1163/4 1252/1114/4
f 529/1165/4 528/1155/4 601/1158/4
f 599/1169/4 604/1164/4 605/1112/4
f 287/1214/3 5/1216/3 550/1215/3
f 566/1217/3 550/1215/3 549/1218/3
f 569/1223/3 547/1222/3 546/764/3
f 6/1224/3 286/1226/3 571/1225/3
f 551/1227/3 571/1225/3 572/1228/3
f 554/1233/3 574/1232/3 575/363/3
f 5/1234/4 92/1236/4 561/1235/4
f 550/1237/4 561/1235/4 562/1238/4
f 564/1242/4 565/357/4 546/355/4
f 87/1253/13 6/1255/13 551/1254/13
f 556/1256/13 551/1254/13 552/1257/13
f 559/1262/13 554/1261/13 555/346/13
f 957/7/1 761/1264/1 607/8/1
f 701/11/4 771/12/4 762/10/4
f 734/22/125 631/66/125 784/23/125
f 1182/29/4 880/30/4 608/28/4
f 641/32/126 610/33/126 616/31/126
f 715/35/8 618/36/8 612/34/8
f 1027/41/3 737/42/3 895/40/3
f 1179/43/4 633/64/4 621/44/4
f 921/47/127 952/48/127 634/46/127
f 1012/53/129 886/54/129 736/52/129
f 731/58/13 728/24/13 784/23/13
f 893/60/130 882/61/130 621/59/130
f 952/48/131 919/63/131 616/62/131
f 1182/29/4 615/1265/4 633/64/4
f 725/65/13 617/1266/13 631/66/13
f 701/76/16 606/690/16 869/77/16
f 922/79/17 641/32/17 643/80/17
f 617/82/132 611/245/132 640/83/132
f 918/85/3 610/1267/3 641/86/3
f 951/88/1 617/1268/1 642/89/1
f 1147/92/133 1143/93/133 614/91/133
f 736/95/13 731/58/13 787/94/13
f 895/97/130 893/60/130 629/96/130
f 1016/99/129 736/52/129 644/98/129
f 1127/111/134 786/397/134 647/112/134
f 1099/216/16 1080/217/16 701/76/16
f 761/218/13 769/264/13 706/219/13
f 608/131/2 705/316/2 709/224/2
f 1077/229/4 1086/230/4 739/228/4
f 1080/231/4 1091/232/4 771/12/4
f 618/36/8 715/35/8 758/241/8
f 1089/272/9 1086/273/9 735/271/9
f 647/277/130 786/278/130 732/276/130
f 889/281/13 725/65/13 734/22/13
f 634/284/4 616/285/4 1181/283/4
f 786/278/130 785/287/130 727/286/130
f 1137/289/1 1129/290/1 645/288/1
f 785/292/4 634/284/4 1180/291/4
f 883/295/136 729/293/136 1028/893/136
f 610/296/4 722/648/4 1181/283/4
f 891/300/125 885/282/125 734/22/125
f 760/345/13 1202/346/13 1207/344/13
f 770/356/4 1212/357/4 1193/355/4
f 955/362/1 1222/363/1 1202/361/1
f 920/393/140 927/394/140 623/392/140
f 630/395/141 622/753/141 785/396/141
f 623/392/46 628/1283/46 787/398/46
f 829/519/13 830/1141/13 827/520/13
f 876/586/53 870/587/53 869/585/53
f 874/589/4 868/590/4 871/588/4
f 868/592/54 607/593/54 706/591/54
f 949/594/142 607/593/142 868/592/142
f 871/596/143 706/915/143 1042/597/143
f 1101/605/53 1099/606/53 870/587/53
f 1100/608/4 1098/609/4 872/607/4
f 944/610/3 868/1289/3 874/611/3
f 620/618/125 632/619/125 885/282/125
f 909/621/1 886/622/1 646/620/1
f 632/619/13 614/623/13 889/281/13
f 737/640/130 732/276/130 893/60/130
f 1186/642/144 881/643/144 894/641/144
f 732/276/130 727/286/130 882/61/130
f 727/644/4 1180/291/4 1179/43/4
f 1030/646/145 914/647/145 916/645/145
f 1181/283/4 722/648/4 880/30/4
f 1005/665/1 907/666/1 646/620/1
f 1026/671/3 647/672/3 737/42/3
f 787/398/146 928/1290/146 1127/111/146
f 875/679/3 869/680/3 945/678/3
f 945/678/3 944/610/3 976/612/3
f 869/77/147 606/690/147 950/689/147
f 1048/692/148 944/693/148 945/691/148
f 979/745/9 928/746/9 929/744/9
f 622/753/152 961/754/152 921/47/152
f 961/754/140 927/394/140 920/393/140
f 763/763/1 1193/764/1 1217/762/1
f 643/774/1 616/775/1 919/773/1
f 924/776/1 919/773/1 951/88/1
f 640/778/3 611/779/3 917/777/3
f 917/777/3 918/85/3 922/87/3
f 642/84/77 640/83/77 954/781/77
f 923/782/78 954/781/78 922/79/78
f 631/784/131 617/785/131 951/783/131
f 953/786/131 951/783/131 919/63/131
f 1147/92/133 632/1294/133 620/787/133
f 784/399/159 631/784/159 953/786/159
f 920/393/160 953/786/160 952/48/160
f 606/792/1 762/793/1 925/791/1
f 624/831/164 1008/886/164 1020/832/164
f 731/58/13 736/95/13 886/834/13
f 730/789/165 892/49/165 1014/835/165
f 1189/841/1 999/842/1 1154/840/1
f 1001/851/130 629/96/130 621/59/130
f 1152/853/3 1144/854/3 620/102/3
f 1002/855/130 645/288/130 629/96/130
f 626/862/157 914/647/157 1030/646/157
f 1013/864/129 646/865/129 886/54/129
f 1016/866/13 1015/1295/13 1011/867/13
f 1011/867/168 1015/1295/168 1018/869/168
f 1013/871/13 1012/874/13 1014/872/13
f 1010/868/13 1014/872/13 1012/874/13
f 1013/871/13 1017/873/13 1020/875/13
f 1018/877/145 915/878/145 913/770/145
f 1021/693/169 1009/860/169 646/865/169
f 644/879/170 915/878/170 1018/877/170
f 892/49/171 624/667/171 1017/881/171
f 1011/882/172 627/883/172 730/789/172
f 1019/885/173 913/770/173 627/884/173
f 1008/886/96 1009/856/96 1021/887/96
f 1022/294/174 1029/889/174 1024/888/174
f 1025/891/175 1026/892/175 1027/890/175
f 1028/893/176 1027/890/176 1029/889/176
f 1026/892/177 1025/891/177 1030/894/177
f 1033/896/178 1023/897/178 1024/888/178
f 1031/898/179 916/645/179 647/112/179
f 1023/897/180 625/899/180 883/295/180
f 1006/900/9 1007/907/9 1033/901/9
f 645/903/167 1006/1032/167 1032/904/167
f 1028/893/181 729/293/181 626/906/181
f 1033/901/164 1007/907/164 625/837/164
f 1029/908/3 895/40/3 645/903/3
f 1110/923/54 1043/967/54 1047/924/54
f 1111/928/106 1098/929/106 871/927/106
f 1055/952/112 918/953/112 917/951/112
f 1047/964/106 872/965/106 1098/929/106
f 1042/926/185 1110/923/185 1111/925/185
f 877/982/4 871/588/4 1098/609/4
f 879/983/53 873/984/53 1099/606/53
f 1174/995/2 638/996/2 1077/994/2
f 751/1001/9 739/1002/9 1086/273/9
f 636/1004/4 767/1005/4 1091/232/4
f 638/996/4 735/1006/4 1086/230/4
f 873/1010/16 636/1011/16 1080/217/16
f 1000/1035/3 621/1036/3 1124/1034/3
f 1001/1038/9 1000/1039/9 1135/1037/9
f 1002/1041/9 1001/1038/9 1136/1040/9
f 633/1046/133 1128/1299/133 1124/1047/133
f 1154/840/1 1148/1051/1 1129/290/1
f 633/1046/133 615/1056/133 1123/1055/133
f 787/398/189 1140/677/189 1141/1043/189
f 999/842/1 646/620/1 1148/1051/1
f 1157/1060/4 1143/68/4 1147/1059/4
f 1144/1061/13 1152/1300/13 1163/1062/13
f 1135/785/13 1124/785/13 1160/785/13
f 1124/1065/191 1128/1095/191 1162/1066/191
f 1165/1069/166 1153/850/166 1154/1068/166
f 1166/1084/192 1136/1085/192 1135/1083/192
f 1161/1087/193 1147/1059/193 1144/1086/193
f 1163/1091/166 1152/848/166 1153/850/166
f 1167/1093/3 1154/1094/3 1137/1092/3
f 1128/1095/13 1123/1302/13 1158/1096/13
f 1168/1097/192 1137/1098/192 1136/1085/192
f 1169/1103/195 1127/1104/195 1130/1102/195
f 1172/1106/196 1141/1107/196 1140/1105/196
f 1140/1108/197 1127/1303/197 1169/1109/197
f 1178/1111/4 1262/1112/4 1257/1110/4
f 1175/1113/4 1252/1114/4 1262/1112/4
f 1257/1117/3 1212/1118/3 770/1048/3
f 1173/1120/2 1077/994/2 707/1119/2
f 1180/291/4 733/1122/4 894/1121/4
f 724/1123/4 733/1122/4 1180/291/4
f 1182/29/4 881/1124/4 724/1123/4
f 1179/43/4 894/1121/4 881/1124/4
f 1184/1126/4 1185/1127/4 1186/1125/4
f 1184/1128/198 733/1129/198 724/1125/198
f 1185/1130/3 724/1131/3 881/743/3
f 1183/643/1 894/1133/1 733/1132/1
f 1190/1115/3 1152/853/3 998/101/3
f 1176/1146/3 707/1147/3 1208/1145/3
f 1253/1149/3 1208/1145/3 1209/1148/3
f 1254/1151/3 1209/1148/3 1210/1150/3
f 1255/1153/3 1210/1150/3 1211/1152/3
f 1256/1154/3 1211/1152/3 1212/1118/3
f 1248/1156/4 1174/1157/4 1173/1155/4
f 1249/1159/4 1248/1156/4 1258/1158/4
f 1252/1114/4 1251/1163/4 1261/1164/4
f 1258/1158/4 1173/1155/4 1176/1165/4
f 1262/1112/4 1261/1164/4 1256/1169/4
f 1197/1215/1 610/1216/1 918/1214/1
f 1196/1218/1 1197/1215/1 1213/1217/1
f 1193/764/1 1194/1222/1 1216/1223/1
f 1218/1225/1 917/1226/1 611/1224/1
f 1219/1228/1 1218/1225/1 1198/1227/1
f 1222/363/1 1221/1232/1 1201/1233/1
f 1208/1235/4 707/1236/4 610/1234/4
f 1209/1238/4 1208/1235/4 1197/1237/4
f 1211/1242/4 1194/1304/4 1193/355/4
f 1198/1254/13 611/1255/13 702/1253/13
f 1199/1257/13 1198/1254/13 1203/1256/13
f 1202/346/13 1201/1261/13 1206/1262/13
f 326/7/3 2/8/3 143/1264/3
f 144/10/4 86/11/4 1/1305/4
f 119/22/6 158/23/6 26/66/6
f 3/28/4 535/29/4 10/1265/4
f 11/31/199 31/32/199 33/80/199
f 7/34/8 100/35/8 97/1309/8
f 265/40/1 394/41/1 396/908/1
f 532/43/4 16/44/4 28/64/4
f 29/46/200 290/47/200 159/396/200
f 120/52/12 379/53/12 383/99/12
f 158/23/13 116/58/13 161/94/13
f 16/59/14 263/60/14 24/96/14
f 11/62/15 321/48/15 29/46/15
f 535/29/4 28/64/4 10/1265/4
f 110/65/13 26/66/13 12/1266/13
f 86/76/16 243/77/16 1/690/16
f 291/79/17 33/80/17 31/32/17
f 12/82/201 30/83/201 6/245/201
f 287/85/1 31/86/1 5/1267/1
f 320/88/3 32/89/3 12/1268/3
f 9/91/19 502/92/19 27/1294/19
f 161/94/13 120/95/13 34/1314/13
f 24/96/14 265/97/14 35/288/14
f 34/98/12 383/99/12 382/1315/12
f 482/111/202 37/112/202 160/397/202
f 86/76/16 459/216/16 244/78/16
f 143/218/13 91/219/13 147/264/13
f 3/131/2 94/224/2 90/316/2
f 123/228/4 437/229/4 92/1326/4
f 149/12/4 440/231/4 86/11/4
f 13/36/8 140/241/8 100/35/8
f 735/271/9 449/272/9 750/1330/9
f 117/276/14 37/277/14 121/640/14
f 259/281/13 119/22/13 110/65/13
f 534/283/4 29/284/4 533/291/4
f 112/286/14 160/278/14 117/276/14
f 35/288/3 492/289/3 369/855/3
f 533/291/4 159/292/4 112/644/4
f 114/293/37 389/294/37 395/893/37
f 5/296/4 534/283/4 107/648/4
f 119/22/6 261/300/6 113/24/6
f 560/344/13 142/345/13 146/1343/13
f 546/355/4 148/356/4 145/1345/4
f 555/361/3 324/362/3 142/1346/3
f 18/392/209 289/393/209 158/399/209
f 25/395/141 159/396/141 17/753/141
f 18/392/46 161/398/46 23/1283/46
f 203/519/13 201/520/13 204/1141/13
f 243/585/53 248/586/53 247/1369/53
f 245/588/4 246/589/4 249/982/4
f 91/591/54 242/592/54 245/1370/54
f 318/594/210 242/592/210 2/593/210
f 245/596/56 405/597/56 91/915/56
f 244/587/53 461/605/53 248/586/53
f 872/607/4 460/608/4 878/1372/4
f 313/610/1 246/611/1 242/1289/1
f 255/282/6 15/618/6 261/300/6
f 36/620/3 278/621/3 276/666/3
f 259/281/13 27/619/13 255/282/13
f 263/60/14 121/640/14 265/97/14
f 264/641/59 539/642/59 536/1375/59
f 252/61/14 117/276/14 263/60/14
f 532/43/4 112/644/4 252/45/4
f 285/645/60 397/646/60 398/898/60
f 250/30/4 534/283/4 535/29/4
f 36/620/3 372/665/3 366/842/3
f 121/42/1 393/671/1 394/41/1
f 297/1290/212 160/397/212 25/395/212
f 160/397/3 495/677/3 482/111/3
f 495/677/213 23/1283/213 161/398/213
f 298/676/212 160/397/212 297/1290/212
f 495/677/214 298/676/214 23/1283/214
f 314/678/1 247/679/1 315/681/1
f 314/678/1 345/612/1 313/610/1
f 319/689/215 243/77/215 314/1380/215
f 314/691/65 408/692/65 409/932/65
f 298/744/9 346/745/9 347/1383/9
f 17/753/216 290/47/216 330/754/216
f 330/754/44 289/393/44 296/394/44
f 570/762/3 145/763/3 325/1384/3
f 288/773/3 33/774/3 293/776/3
f 320/88/3 293/776/3 292/90/3
f 286/777/1 30/778/1 323/780/1
f 286/777/1 291/87/1 287/85/1
f 323/781/77 32/84/77 292/782/77
f 291/79/78 292/782/78 293/81/78
f 320/783/15 26/784/15 322/786/15
f 288/63/15 322/786/15 321/48/15
f 502/92/19 15/787/19 27/1294/19
f 322/786/222 158/399/222 289/393/222
f 321/48/223 289/393/223 290/47/223
f 294/791/3 1/792/3 319/1387/3
f 19/831/86 387/832/86 375/886/86
f 256/834/13 116/58/13 254/1397/13
f 115/789/87 381/835/87 262/49/87
f 509/840/3 542/841/3 545/1398/3
f 16/59/14 368/851/14 367/1401/14
f 15/102/1 507/853/1 365/101/1
f 24/96/14 369/855/14 368/851/14
f 21/862/76 397/646/76 283/647/76
f 256/54/12 380/864/12 379/53/12
f 383/866/13 378/867/13 382/1295/13
f 378/867/224 385/869/224 382/1295/224
f 380/871/13 381/872/13 379/874/13
f 379/874/13 377/868/13 383/866/13
f 380/871/13 387/875/13 384/873/13
f 282/770/60 385/877/60 386/885/60
f 36/865/91 388/693/91 380/864/91
f 34/879/92 385/877/92 284/878/92
f 262/49/93 384/881/93 19/667/93
f 115/789/87 378/882/87 377/836/87
f 22/884/95 386/885/95 378/1402/95
f 375/886/96 388/887/96 376/856/96
f 391/888/225 389/294/225 390/897/225
f 394/890/226 392/891/226 395/893/226
f 396/889/227 395/893/227 389/294/227
f 393/892/228 397/894/228 392/891/228
f 391/888/229 400/896/229 399/1403/229
f 37/112/102 398/898/102 393/1404/102
f 253/295/103 390/897/103 389/294/103
f 373/900/9 400/901/9 374/907/9
f 35/903/89 399/904/89 373/1032/89
f 21/906/37 395/893/37 392/891/37
f 20/837/86 400/901/86 390/1405/86
f 35/903/1 396/908/1 391/905/1
f 470/923/54 1047/924/54 1043/967/54
f 245/927/106 471/928/106 407/1410/106
f 286/951/112 415/952/112 414/1413/112
f 458/929/106 1047/964/106 471/928/106
f 405/926/185 471/925/185 470/923/185
f 458/609/4 249/982/4 460/608/4
f 459/606/53 879/983/53 461/605/53
f 437/994/2 1174/995/2 528/1120/2
f 446/273/9 133/1001/9 449/272/9
f 451/232/4 636/1004/4 440/231/4
f 446/230/4 638/996/4 437/229/4
f 440/217/16 873/1010/16 459/216/16
f 479/1034/1 367/1035/1 490/1418/1
f 490/1037/9 368/1038/9 491/1040/9
f 491/1040/9 369/1041/9 492/1419/9
f 28/1046/19 479/1047/19 483/1299/19
f 484/290/3 509/840/3 492/289/3
f 478/1055/19 28/1046/19 483/1299/19
f 161/398/234 496/1043/234 495/677/234
f 503/1051/3 366/842/3 509/840/3
f 502/1059/4 512/1060/4 516/1087/4
f 499/1061/13 518/1062/13 507/1300/13
f 490/785/13 515/785/13 479/785/13
f 479/1065/117 517/1066/117 483/1095/117
f 509/1068/88 520/1069/88 522/1421/88
f 490/1083/118 521/1084/118 519/1424/118
f 499/1086/119 516/1087/119 514/1425/119
f 508/850/88 518/1091/88 520/1069/88
f 492/1092/1 522/1093/1 523/1427/1
f 483/1095/13 513/1096/13 478/1302/13
f 491/1085/118 523/1097/118 521/1084/118
f 485/1102/121 524/1103/121 525/1428/121
f 495/1105/122 527/1106/122 526/1429/122
f 495/1108/123 524/1109/123 482/1303/123
f 600/1110/4 531/1111/4 530/1430/4
f 605/1112/4 1175/1113/4 531/1111/4
f 148/1048/1 600/1117/1 530/1431/1
f 92/1119/2 528/1120/2 529/1432/2
f 264/1121/4 533/291/4 532/43/4
f 109/1123/4 533/291/4 118/1122/4
f 109/1123/4 535/29/4 534/283/4
f 251/1124/4 532/43/4 535/29/4
f 539/1125/4 537/1126/4 536/1433/4
f 109/1125/124 537/1128/124 538/1434/124
f 251/743/1 538/1130/1 539/1435/1
f 118/1132/3 536/643/3 537/1436/3
f 365/101/1 543/1115/1 541/1438/1
f 561/1145/1 529/1146/1 596/1149/1
f 562/1148/1 596/1149/1 597/1151/1
f 563/1150/1 597/1151/1 598/1153/1
f 564/1152/1 598/1153/1 599/1154/1
f 565/1118/1 599/1154/1 600/1117/1
f 528/1155/4 1248/1156/4 601/1158/4
f 601/1158/4 1249/1159/4 602/1160/4
f 604/1164/4 1252/1114/4 605/1112/4
f 529/1165/4 601/1158/4 596/1166/4
f 599/1169/4 605/1112/4 600/1110/4
f 287/1214/3 550/1215/3 566/1217/3
f 566/1217/3 549/1218/3 567/1219/3
f 569/1223/3 546/764/3 570/762/3
f 6/1224/3 571/1225/3 551/1227/3
f 551/1227/3 572/1228/3 552/1229/3
f 554/1233/3 575/363/3 555/361/3
f 5/1234/4 561/1235/4 550/1237/4
f 550/1237/4 562/1238/4 549/1239/4
f 564/1242/4 546/355/4 547/1304/4
f 87/1253/13 551/1254/13 556/1256/13
f 556/1256/13 552/1257/13 557/1258/13
f 559/1262/13 555/346/13 560/344/13
f 957/7/1 607/8/1 949/9/1
f 701/11/4 762/10/4 606/1305/4
f 734/22/125 784/23/125 728/24/125
f 1182/29/4 608/28/4 615/1265/4
f 641/32/199 616/31/199 643/80/199
f 715/35/8 612/34/8 712/1309/8
f 1027/41/3 895/40/3 1029/908/3
f 1179/43/4 621/44/4 882/45/4
f 921/47/237 634/46/237 785/396/237
f 1012/53/129 736/52/129 1016/99/129
f 731/58/13 784/23/13 787/94/13
f 893/60/130 621/59/130 629/96/130
f 952/48/131 616/62/131 634/46/131
f 1182/29/4 633/64/4 1179/43/4
f 725/65/13 631/66/13 734/22/13
f 701/76/16 869/77/16 870/78/16
f 922/79/17 643/80/17 924/81/17
f 617/82/18 640/83/18 642/84/18
f 918/85/3 641/86/3 922/87/3
f 951/88/1 642/89/1 923/90/1
f 1147/92/133 614/91/133 632/1294/133
f 736/95/13 787/94/13 644/1314/13
f 895/97/130 629/96/130 645/288/130
f 1016/99/129 644/98/129 1015/1315/129
f 1127/111/238 647/112/238 1130/113/238
f 1099/216/16 701/76/16 870/78/16
f 761/218/13 706/219/13 607/220/13
f 608/131/2 709/224/2 648/225/2
f 1077/229/4 739/228/4 707/1326/4
f 1080/231/4 771/12/4 701/11/4
f 618/36/8 758/241/8 759/242/8
f 1089/272/9 735/271/9 750/1330/9
f 647/277/130 732/276/130 737/640/130
f 889/281/13 734/22/13 885/282/13
f 634/284/4 1181/283/4 1180/291/4
f 786/278/130 727/286/130 732/276/130
f 1137/289/1 645/288/1 1002/855/1
f 785/292/4 1180/291/4 727/644/4
f 883/295/136 1028/893/136 1022/294/136
f 610/296/4 1181/283/4 616/285/4
f 891/300/125 734/22/125 728/24/125
f 760/345/13 1207/344/13 768/1343/13
f 770/356/4 1193/355/4 763/1345/4
f 955/362/1 1202/361/1 760/1346/1
f 920/393/242 623/392/242 784/399/242
f 630/395/243 785/396/243 786/397/243
f 623/392/46 787/398/46 784/399/46
f 829/519/13 827/520/13 828/521/13
f 876/586/53 869/585/53 875/1369/53
f 874/589/4 871/588/4 877/982/4
f 868/592/54 706/591/54 871/1370/54
f 949/594/55 868/592/55 944/595/55
f 871/596/143 1042/597/143 1045/598/143
f 1101/605/53 870/587/53 876/586/53
f 1100/608/4 872/607/4 878/1372/4
f 944/610/3 874/611/3 976/612/3
f 620/618/125 885/282/125 891/300/125
f 909/621/1 646/620/1 907/666/1
f 632/619/13 889/281/13 885/282/13
f 737/640/130 893/60/130 895/97/130
f 1186/642/144 894/641/144 1183/1375/144
f 732/276/130 882/61/130 893/60/130
f 727/644/4 1179/43/4 882/45/4
f 1030/646/145 916/645/145 1031/898/145
f 1181/283/4 880/30/4 1182/29/4
f 1005/665/1 646/620/1 999/842/1
f 1026/671/3 737/42/3 1027/41/3
f 929/676/245 787/398/245 628/1283/245
f 787/398/246 1127/111/246 1140/677/246
f 1127/111/247 630/395/247 786/397/247
f 928/1290/245 787/398/245 929/676/245
f 1127/111/248 928/1290/248 630/395/248
f 875/679/3 945/678/3 946/681/3
f 945/678/3 976/612/3 946/681/3
f 869/77/215 950/689/215 945/1380/215
f 1048/692/148 945/691/148 1049/932/148
f 979/745/9 929/744/9 980/1383/9
f 622/753/249 921/47/249 785/396/249
f 961/754/250 920/393/250 921/47/250
f 763/763/1 1217/762/1 956/1384/1
f 643/774/1 919/773/1 924/776/1
f 924/776/1 951/88/1 923/90/1
f 640/778/3 917/777/3 954/780/3
f 917/777/3 922/87/3 954/780/3
f 642/84/77 954/781/77 923/782/77
f 923/782/78 922/79/78 924/81/78
f 631/784/131 951/783/131 953/786/131
f 953/786/131 919/63/131 952/48/131
f 1147/92/133 620/787/133 1144/788/133
f 784/399/256 953/786/256 920/393/256
f 920/393/257 952/48/257 921/47/257
f 606/792/1 925/791/1 950/1387/1
f 624/831/164 1020/832/164 1017/833/164
f 731/58/13 886/834/13 884/1397/13
f 730/789/165 1014/835/165 1010/836/165
f 1189/841/1 1154/840/1 1192/1398/1
f 1001/851/130 621/59/130 1000/1401/130
f 1152/853/3 620/102/3 998/101/3
f 1002/855/130 629/96/130 1001/851/130
f 626/862/157 1030/646/157 1025/863/157
f 1013/864/129 886/54/129 1012/53/129
f 1016/866/13 1011/867/13 1010/868/13
f 1011/867/258 1018/869/258 1019/870/258
f 1013/871/13 1014/872/13 1017/873/13
f 1010/868/13 1012/874/13 1016/866/13
f 1013/871/13 1020/875/13 1021/876/13
f 1018/877/145 913/770/145 1019/885/145
f 1021/693/169 646/865/169 1013/864/169
f 644/879/170 1018/877/170 1015/880/170
f 892/49/171 1017/881/171 1014/835/171
f 1011/882/165 730/789/165 1010/836/165
f 1019/885/173 627/884/173 1011/1402/173
f 1008/886/96 1021/887/96 1020/832/96
f 1022/294/259 1024/888/259 1023/897/259
f 1025/891/260 1027/890/260 1028/893/260
f 1028/893/261 1029/889/261 1022/294/261
f 1026/892/262 1030/894/262 1031/895/262
f 1033/896/263 1024/888/263 1032/1403/263
f 1031/898/179 647/112/179 1026/1404/179
f 1023/897/180 883/295/180 1022/294/180
f 1006/900/9 1033/901/9 1032/902/9
f 645/903/167 1032/904/167 1024/905/167
f 1028/893/136 626/906/136 1025/891/136
f 1033/901/164 625/837/164 1023/1405/164
f 1029/908/3 645/903/3 1024/905/3
f 1110/923/54 1047/924/54 1111/925/54
f 1111/928/106 871/927/106 1045/1410/106
f 1055/952/112 917/951/112 1054/1413/112
f 1047/964/106 1098/929/106 1111/928/106
f 1042/926/54 1111/925/54 1045/968/54
f 877/982/4 1098/609/4 1100/608/4
f 879/983/53 1099/606/53 1101/605/53
f 1174/995/2 1077/994/2 1173/1120/2
f 751/1001/9 1086/273/9 1089/272/9
f 636/1004/4 1091/232/4 1080/231/4
f 638/996/4 1086/230/4 1077/229/4
f 873/1010/16 1080/217/16 1099/216/16
f 1000/1035/3 1124/1034/3 1135/1418/3
f 1001/1038/9 1135/1037/9 1136/1040/9
f 1002/1041/9 1136/1040/9 1137/1419/9
f 633/1046/133 1124/1047/133 621/1048/133
f 1154/840/1 1129/290/1 1137/289/1
f 633/1046/133 1123/1055/133 1128/1299/133
f 787/398/116 1141/1043/116 644/879/116
f 999/842/1 1148/1051/1 1154/840/1
f 1157/1060/4 1147/1059/4 1161/1087/4
f 1144/1061/13 1163/1062/13 1159/1063/13
f 1135/785/13 1160/785/13 1164/785/13
f 1124/1065/191 1162/1066/191 1160/1067/191
f 1165/1069/166 1154/1068/166 1167/1421/166
f 1166/1084/192 1135/1083/192 1164/1424/192
f 1161/1087/193 1144/1086/193 1159/1425/193
f 1163/1091/166 1153/850/166 1165/1069/166
f 1167/1093/3 1137/1092/3 1168/1427/3
f 1128/1095/13 1158/1096/13 1162/1066/13
f 1168/1097/192 1136/1085/192 1166/1084/192
f 1169/1103/195 1130/1102/195 1170/1428/195
f 1172/1106/196 1140/1105/196 1171/1429/196
f 1140/1108/197 1169/1109/197 1171/1090/197
f 1178/1111/4 1257/1110/4 1177/1430/4
f 1175/1113/4 1262/1112/4 1178/1111/4
f 1257/1117/3 770/1048/3 1177/1431/3
f 1173/1120/2 707/1119/2 1176/1432/2
f 1180/291/4 894/1121/4 1179/43/4
f 724/1123/4 1180/291/4 1181/283/4
f 1182/29/4 724/1123/4 1181/283/4
f 1179/43/4 881/1124/4 1182/29/4
f 1184/1126/4 1186/1125/4 1183/1433/4
f 1184/1128/198 724/1125/198 1185/1434/198
f 1185/1130/3 881/743/3 1186/1435/3
f 1183/643/1 733/1132/1 1184/1436/1
f 1190/1115/3 998/101/3 1188/1438/3
f 1176/1146/3 1208/1145/3 1253/1149/3
f 1253/1149/3 1209/1148/3 1254/1151/3
f 1254/1151/3 1210/1150/3 1255/1153/3
f 1255/1153/3 1211/1152/3 1256/1154/3
f 1256/1154/3 1212/1118/3 1257/1117/3
f 1248/1156/4 1173/1155/4 1258/1158/4
f 1249/1159/4 1258/1158/4 1259/1160/4
f 1252/1114/4 1261/1164/4 1262/1112/4
f 1258/1158/4 1176/1165/4 1253/1166/4
f 1262/1112/4 1256/1169/4 1257/1110/4
f 1197/1215/1 918/1214/1 1213/1217/1
f 1196/1218/1 1213/1217/1 1214/1219/1
f 1193/764/1 1216/1223/1 1217/762/1
f 1218/1225/1 611/1224/1 1198/1227/1
f 1219/1228/1 1198/1227/1 1199/1229/1
f 1222/363/1 1201/1233/1 1202/361/1
f 1208/1235/4 610/1234/4 1197/1237/4
f 1209/1238/4 1197/1237/4 1196/1239/4
f 1211/1242/4 1193/355/4 1212/357/4
f 1198/1254/13 702/1253/13 1203/1256/13
f 1199/1257/13 1203/1256/13 1204/1258/13
f 1202/346/13 1206/1262/13 1207/344/13
g Cube_Cockpit
usemtl Cockpit
f 6/16/5 87/18/5 89/17/5
f 9/25/3 259/27/3 260/26/3
f 442/70/1 463/72/1 477/71/1
f 122/221/13 108/223/13 8/222/13
f 87/18/5 441/227/5 443/226/5
f 266/274/13 258/275/13 108/223/13
f 110/297/3 12/299/3 14/298/3
f 14/327/41 12/329/41 136/328/41
f 111/330/4 14/332/4 135/331/4
f 13/333/4 260/335/4 272/334/4
f 260/335/4 111/330/4 134/613/4
f 88/630/13 7/631/13 258/275/13
f 259/27/3 110/297/3 111/649/3
f 442/979/13 88/630/13 266/274/13
f 463/1000/13 266/274/13 122/221/13
f 441/1007/1 473/1009/1 475/1008/1
f 447/1016/13 122/221/13 89/1017/13
f 447/1028/1 443/1029/1 475/1008/1
f 463/72/1 447/1028/1 476/1030/1
f 704/17/5 702/18/5 611/16/5
f 890/26/1 889/27/1 614/25/1
f 1122/71/3 1103/72/3 1082/70/3
f 613/222/13 723/223/13 738/221/13
f 1083/226/5 1081/227/5 702/18/5
f 723/223/13 888/275/13 896/274/13
f 619/298/1 617/299/1 725/297/1
f 754/328/137 617/329/137 619/327/137
f 753/331/4 619/332/4 726/330/4
f 903/334/4 890/335/4 618/333/4
f 752/613/4 726/330/4 890/335/4
f 888/275/13 612/631/13 703/630/13
f 726/649/1 725/297/1 889/27/1
f 896/274/13 703/630/13 1082/979/13
f 738/221/13 896/274/13 1103/1000/13
f 1081/1007/3 1083/1029/3 1120/1008/3
f 704/1017/13 738/221/13 1087/1016/13
f 1120/1008/3 1083/1029/3 1087/1028/3
f 1121/1030/3 1087/1028/3 1103/72/3
f 6/16/5 89/17/5 8/1306/5
f 9/25/3 260/26/3 13/1308/3
f 442/70/1 477/71/1 474/1312/1
f 122/221/13 8/222/13 89/1017/13
f 87/18/5 443/226/5 89/17/5
f 266/274/13 108/223/13 122/221/13
f 110/297/3 14/298/3 111/649/3
f 14/327/206 136/328/206 135/1339/206
f 111/330/4 135/331/4 134/613/4
f 13/333/4 272/334/4 141/1340/4
f 260/335/4 134/613/4 272/334/4
f 88/630/13 258/275/13 266/274/13
f 259/27/3 111/649/3 260/26/3
f 442/979/13 266/274/13 463/1000/13
f 463/1000/13 122/221/13 447/1016/13
f 441/1007/1 475/1008/1 443/1029/1
f 447/1016/13 89/1017/13 443/1416/13
f 447/1028/1 475/1008/1 476/1030/1
f 463/72/1 476/1030/1 477/71/1
f 704/17/5 611/16/5 613/1306/5
f 890/26/1 614/25/1 618/1308/1
f 1122/71/3 1082/70/3 1119/1312/3
f 613/222/13 738/221/13 704/1017/13
f 1083/226/5 702/18/5 704/17/5
f 723/223/13 896/274/13 738/221/13
f 619/298/1 725/297/1 726/649/1
f 754/328/206 619/327/206 753/1339/206
f 753/331/4 726/330/4 752/613/4
f 903/334/4 618/333/4 759/1340/4
f 752/613/4 890/335/4 903/334/4
f 888/275/13 703/630/13 896/274/13
f 726/649/1 889/27/1 890/26/1
f 896/274/13 1082/979/13 1103/1000/13
f 738/221/13 1103/1000/13 1087/1016/13
f 1081/1007/3 1120/1008/3 1118/1009/3
f 704/1017/13 1087/1016/13 1083/1416/13
f 1120/1008/3 1087/1028/3 1121/1030/3
f 1121/1030/3 1103/72/3 1122/71/3
g Cube_Metal_accent
usemtl Metal_accent
f 8/1/1 98/3/1 99/2/1
f 765/73/9 453/75/9 469/74/9
f 99/235/5 98/237/5 101/236/5
f 98/238/13 124/240/13 125/239/13
f 125/239/13 269/244/13 273/243/13
f 12/82/33 6/245/33 99/235/33
f 8/1/1 108/247/1 124/246/1
f 108/247/1 258/267/1 268/266/1
f 12/82/35 102/269/35 139/268/35
f 124/240/13 268/270/13 269/244/13
f 135/318/3 136/320/3 139/319/3
f 272/321/3 273/323/3 140/322/3
f 135/318/3 138/325/3 137/324/3
f 102/269/5 101/236/5 138/326/5
f 101/336/13 125/239/13 137/337/13
f 87/350/3 556/352/3 576/351/3
f 776/373/13 456/375/13 457/374/13
f 452/383/2 456/385/2 776/384/2
f 147/347/9 453/75/9 457/391/9
f 134/614/3 137/324/3 273/323/3
f 441/624/58 637/626/58 1113/625/58
f 268/270/13 97/633/13 100/632/13
f 258/267/1 7/635/1 97/634/1
f 269/244/13 100/632/13 140/639/13
f 1036/909/13 469/911/13 466/910/13
f 1227/912/13 595/914/13 468/913/13
f 91/915/3 401/917/3 403/916/3
f 1035/918/105 466/920/105 472/919/105
f 637/626/9 441/624/9 467/921/9
f 146/364/2 452/383/2 468/922/2
f 405/926/2 470/923/2 472/919/2
f 91/915/3 405/597/3 406/930/3
f 470/923/2 1043/967/2 1046/966/2
f 452/383/2 764/970/2 1040/969/2
f 441/624/9 87/972/9 402/971/9
f 466/920/105 401/974/105 406/973/105
f 595/914/13 580/976/13 404/975/13
f 469/911/13 403/978/13 401/977/13
f 453/75/9 765/73/9 777/986/9
f 146/364/2 154/988/2 456/385/2
f 456/375/13 154/370/13 155/989/13
f 453/75/9 147/347/9 403/1015/9
f 1116/1021/13 477/1022/13 476/1020/13
f 1117/1023/13 474/1024/13 477/1022/13
f 467/1170/13 402/1172/13 576/1171/13
f 591/1173/13 576/1171/13 577/1174/13
f 592/1175/13 577/1174/13 578/1176/13
f 593/1177/13 578/1176/13 579/1178/13
f 594/1179/13 579/1178/13 580/976/13
f 1037/1209/13 467/1170/13 591/1173/13
f 1223/1210/13 591/1173/13 592/1175/13
f 1224/1211/13 592/1175/13 593/1177/13
f 1225/1212/13 593/1177/13 594/1179/13
f 1226/1213/13 594/1179/13 595/914/13
f 560/1243/3 146/1245/3 404/1244/3
f 559/1246/3 560/1243/3 580/1247/3
f 558/1248/3 559/1246/3 579/1249/3
f 557/1250/3 558/1248/3 578/1251/3
f 556/352/3 557/1250/3 577/1252/3
f 613/1/3 611/1263/3 714/2/3
f 1109/74/9 1093/75/9 765/73/9
f 716/236/5 713/237/5 714/235/5
f 741/239/13 740/240/13 713/238/13
f 904/243/13 899/244/13 741/239/13
f 714/235/135 611/245/135 617/82/135
f 740/246/3 723/247/3 613/1/3
f 898/266/3 888/267/3 723/247/3
f 757/268/35 717/269/35 617/82/35
f 899/244/13 898/270/13 740/240/13
f 757/319/1 754/320/1 753/318/1
f 903/321/1 759/1281/1 758/322/1
f 753/318/1 752/614/1 755/324/1
f 756/326/5 716/236/5 717/269/5
f 755/337/13 741/239/13 716/336/13
f 1228/351/1 1203/352/1 702/350/1
f 1097/374/13 1096/375/13 776/373/13
f 1092/383/2 764/970/2 776/384/2
f 1097/391/9 1093/75/9 769/347/9
f 752/614/1 903/321/1 904/323/1
f 1113/625/58 637/626/58 1081/624/58
f 715/632/13 712/633/13 898/270/13
f 712/634/3 612/635/3 888/267/3
f 758/639/13 715/632/13 899/244/13
f 1106/910/13 1109/911/13 1036/909/13
f 1108/913/13 1247/914/13 1227/912/13
f 706/915/1 769/1296/1 1039/916/1
f 1112/919/105 1106/920/105 1035/918/105
f 1107/921/9 1081/624/9 637/626/9
f 1108/922/2 1092/383/2 768/364/2
f 1112/919/2 1110/923/2 1042/926/2
f 706/915/1 1034/917/1 1044/930/1
f 1046/966/2 1043/967/2 1110/923/2
f 1040/969/2 764/970/2 1092/383/2
f 1038/971/9 702/972/9 1081/624/9
f 1044/973/105 1034/974/105 1106/920/105
f 1041/975/13 1232/976/13 1247/914/13
f 1034/977/13 1039/978/13 1109/911/13
f 777/986/9 765/73/9 1093/75/9
f 768/364/2 1092/383/2 1096/385/2
f 781/989/13 780/370/13 1096/375/13
f 1039/1015/9 769/347/9 1093/75/9
f 1121/1020/13 1122/1022/13 1116/1021/13
f 1122/1022/13 1119/1024/13 1117/1023/13
f 1228/1171/13 1038/1172/13 1107/1170/13
f 1229/1174/13 1228/1171/13 1243/1173/13
f 1230/1176/13 1229/1174/13 1244/1175/13
f 1231/1178/13 1230/1176/13 1245/1177/13
f 1232/976/13 1231/1178/13 1246/1179/13
f 1243/1173/13 1107/1170/13 1037/1209/13
f 1244/1175/13 1243/1173/13 1223/1210/13
f 1245/1177/13 1244/1175/13 1224/1211/13
f 1246/1179/13 1245/1177/13 1225/1212/13
f 1247/914/13 1246/1179/13 1226/1213/13
f 1041/1244/1 768/1245/1 1207/1243/1
f 1232/1247/1 1207/1243/1 1206/1246/1
f 1231/1249/1 1206/1246/1 1205/1248/1
f 1230/1251/1 1205/1248/1 1204/1250/1
f 1229/1252/1 1204/1250/1 1203/352/1
f 8/1/1 99/2/1 6/1263/1
f 765/73/9 469/74/9 1036/1313/9
f 99/235/5 101/236/5 102/269/5
f 98/238/13 125/239/13 101/336/13
f 125/239/13 273/243/13 137/337/13
f 12/82/35 99/235/35 102/269/35
f 8/1/1 124/246/1 98/3/1
f 108/247/1 268/266/1 124/246/1
f 12/82/205 139/268/205 136/1329/205
f 124/240/13 269/244/13 125/239/13
f 135/318/3 139/319/3 138/325/3
f 272/321/3 140/322/3 141/1281/3
f 135/318/3 137/324/3 134/614/3
f 102/269/5 138/326/5 139/268/5
f 101/336/13 137/337/13 138/1341/13
f 87/350/3 576/351/3 402/1344/3
f 776/373/13 457/374/13 777/1142/13
f 452/383/2 776/384/2 764/970/2
f 147/347/9 457/391/9 155/349/9
f 134/614/3 273/323/3 272/321/3
f 441/624/58 1113/625/58 473/1373/58
f 268/270/13 100/632/13 269/244/13
f 258/267/1 97/634/1 268/266/1
f 269/244/13 140/639/13 273/243/13
f 1036/909/13 466/910/13 1035/1406/13
f 1227/912/13 468/913/13 1040/1407/13
f 91/915/3 403/916/3 147/1296/3
f 1035/918/105 472/919/105 1046/966/105
f 637/626/9 467/921/9 1037/1408/9
f 146/364/2 468/922/2 404/1409/2
f 405/926/2 472/919/2 406/973/2
f 91/915/3 406/930/3 401/917/3
f 470/923/2 1046/966/2 472/919/2
f 452/383/2 1040/969/2 468/922/2
f 441/624/9 402/971/9 467/921/9
f 466/920/105 406/973/105 472/919/105
f 595/914/13 404/975/13 468/913/13
f 469/911/13 401/977/13 466/910/13
f 453/75/9 777/986/9 457/391/9
f 146/364/2 456/385/2 452/383/2
f 456/375/13 155/989/13 457/374/13
f 453/75/9 403/1015/9 469/74/9
f 1116/1021/13 476/1020/13 1115/1018/13
f 1117/1023/13 477/1022/13 1116/1021/13
f 467/1170/13 576/1171/13 591/1173/13
f 591/1173/13 577/1174/13 592/1175/13
f 592/1175/13 578/1176/13 593/1177/13
f 593/1177/13 579/1178/13 594/1179/13
f 594/1179/13 580/976/13 595/914/13
f 1037/1209/13 591/1173/13 1223/1210/13
f 1223/1210/13 592/1175/13 1224/1211/13
f 1224/1211/13 593/1177/13 1225/1212/13
f 1225/1212/13 594/1179/13 1226/1213/13
f 1226/1213/13 595/914/13 1227/912/13
f 560/1243/3 404/1244/3 580/1247/3
f 559/1246/3 580/1247/3 579/1249/3
f 558/1248/3 579/1249/3 578/1251/3
f 557/1250/3 578/1251/3 577/1252/3
f 556/352/3 577/1252/3 576/351/3
f 613/1/3 714/2/3 713/3/3
f 1109/74/9 765/73/9 1036/1313/9
f 716/236/5 714/235/5 717/269/5
f 741/239/13 713/238/13 716/336/13
f 904/243/13 741/239/13 755/337/13
f 714/235/35 617/82/35 717/269/35
f 740/246/3 613/1/3 713/3/3
f 898/266/3 723/247/3 740/246/3
f 757/268/239 617/82/239 754/1329/239
f 899/244/13 740/240/13 741/239/13
f 757/319/1 753/318/1 756/325/1
f 903/321/1 758/322/1 904/323/1
f 753/318/1 755/324/1 756/325/1
f 756/326/5 717/269/5 757/268/5
f 755/337/13 716/336/13 756/1341/13
f 1228/351/1 702/350/1 1038/1344/1
f 1097/374/13 776/373/13 777/1142/13
f 1092/383/2 776/384/2 1096/385/2
f 1097/391/9 769/347/9 781/349/9
f 752/614/1 904/323/1 755/324/1
f 1113/625/58 1081/624/58 1118/1373/58
f 715/632/13 898/270/13 899/244/13
f 712/634/3 888/267/3 898/266/3
f 758/639/13 899/244/13 904/243/13
f 1106/910/13 1036/909/13 1035/1406/13
f 1108/913/13 1227/912/13 1040/1407/13
f 706/915/1 1039/916/1 1034/917/1
f 1112/919/105 1035/918/105 1046/966/105
f 1107/921/9 637/626/9 1037/1408/9
f 1108/922/2 768/364/2 1041/1409/2
f 1112/919/2 1042/926/2 1044/973/2
f 706/915/1 1044/930/1 1042/597/1
f 1046/966/2 1110/923/2 1112/919/2
f 1040/969/2 1092/383/2 1108/922/2
f 1038/971/9 1081/624/9 1107/921/9
f 1044/973/105 1106/920/105 1112/919/105
f 1041/975/13 1247/914/13 1108/913/13
f 1034/977/13 1109/911/13 1106/910/13
f 777/986/9 1093/75/9 1097/391/9
f 768/364/2 1096/385/2 780/988/2
f 781/989/13 1096/375/13 1097/374/13
f 1039/1015/9 1093/75/9 1109/74/9
f 1121/1020/13 1116/1021/13 1115/1018/13
f 1122/1022/13 1117/1023/13 1116/1021/13
f 1228/1171/13 1107/1170/13 1243/1173/13
f 1229/1174/13 1243/1173/13 1244/1175/13
f 1230/1176/13 1244/1175/13 1245/1177/13
f 1231/1178/13 1245/1177/13 1246/1179/13
f 1232/976/13 1246/1179/13 1247/914/13
f 1243/1173/13 1037/1209/13 1223/1210/13
f 1244/1175/13 1223/1210/13 1224/1211/13
f 1245/1177/13 1224/1211/13 1225/1212/13
f 1246/1179/13 1225/1212/13 1226/1213/13
f 1247/914/13 1226/1213/13 1227/912/13
f 1041/1244/1 1207/1243/1 1232/1247/1
f 1232/1247/1 1206/1246/1 1231/1249/1
f 1231/1249/1 1205/1248/1 1230/1251/1
f 1230/1251/1 1204/1250/1 1229/1252/1
f 1229/1252/1 1203/352/1 1228/351/1
g Cube_Dull_metal/rubber
usemtl Dull_metal/rubber
f 7/4/2 88/6/2 93/5/2
f 5/13/3 107/15/3 126/14/3
f 419/19/3 39/21/3 45/20/3
f 52/37/9 43/39/9 425/38/9
f 167/55/13 168/57/13 185/56/13
f 436/67/2 438/69/2 652/68/2
f 39/21/3 421/104/3 431/103/3
f 13/105/2 40/107/2 422/106/2
f 652/108/4 438/110/4 439/109/4
f 422/114/13 40/116/13 44/115/13
f 66/117/9 439/119/9 96/118/9
f 60/120/9 95/122/9 445/121/9
f 58/123/9 433/125/9 434/124/9
f 46/126/3 65/128/3 75/127/3
f 40/116/13 93/130/13 95/129/13
f 3/131/2 420/133/2 418/132/2
f 53/134/1 41/136/1 50/135/1
f 66/137/13 4/139/13 49/138/13
f 55/140/9 428/142/9 429/141/9
f 61/143/3 46/126/3 47/144/3
f 58/123/9 56/146/9 432/145/9
f 65/147/9 653/149/9 657/148/9
f 42/150/4 60/152/4 71/151/4
f 41/136/1 56/165/1 83/164/1
f 57/166/4 42/150/4 51/167/4
f 54/168/9 52/37/9 426/169/9
f 61/170/9 655/171/9 653/149/9
f 56/146/9 45/173/9 431/172/9
f 429/141/9 45/173/9 41/174/9
f 55/140/9 54/168/9 427/175/9
f 435/176/9 44/178/9 42/177/9
f 59/179/9 434/124/9 435/176/9
f 60/120/9 62/181/9 63/180/9
f 63/180/9 62/181/9 64/182/9
f 64/182/9 62/181/9 61/170/9
f 65/147/9 67/184/9 68/183/9
f 68/183/9 67/184/9 69/185/9
f 69/185/9 67/184/9 66/117/9
f 57/166/21 82/187/21 84/186/21
f 59/188/22 84/186/22 85/189/22
f 58/190/23 85/189/23 83/191/23
f 75/192/24 65/194/24 68/193/24
f 77/195/25 68/193/25 69/196/25
f 76/197/26 69/196/26 66/137/26
f 61/143/27 70/199/27 72/198/27
f 64/200/28 72/198/28 73/201/28
f 63/202/29 73/201/29 71/203/29
f 79/204/30 52/206/30 54/205/30
f 81/207/31 54/205/31 55/208/31
f 80/209/32 55/208/32 53/134/32
f 4/139/13 52/210/13 79/203/13
f 93/130/13 444/212/13 445/211/13
f 94/213/4 38/215/4 43/214/4
f 88/6/2 442/234/2 444/233/2
f 92/251/2 5/253/2 103/252/2
f 3/254/9 90/256/9 105/255/9
f 90/257/1 267/259/1 270/258/1
f 123/260/1 92/262/1 106/261/1
f 257/263/4 270/265/4 127/264/4
f 639/279/36 442/234/36 474/280/36
f 107/15/3 250/302/3 257/301/3
f 271/312/4 462/314/4 449/313/4
f 123/260/1 267/259/1 271/315/1
f 90/316/2 436/67/2 448/317/2
f 766/338/9 450/340/9 531/339/9
f 148/341/2 450/343/2 454/342/2
f 147/347/9 155/349/9 151/348/9
f 148/341/2 156/354/2 153/353/2
f 294/358/42 329/360/42 152/359/42
f 146/364/2 142/366/2 150/365/2
f 156/367/4 454/369/4 455/368/4
f 154/370/13 150/372/13 151/371/13
f 153/376/4 156/367/4 157/377/4
f 150/378/3 327/380/3 295/379/3
f 149/381/9 144/382/9 152/359/9
f 451/386/9 455/388/9 779/387/9
f 324/389/43 327/390/43 150/365/43
f 478/400/2 39/401/2 420/133/2
f 171/405/1 337/407/1 332/406/1
f 168/408/3 335/410/3 299/409/3
f 172/411/4 171/413/4 183/412/4
f 199/436/1 241/438/1 240/437/1
f 162/458/2 342/460/2 331/459/2
f 163/461/2 164/463/2 184/462/2
f 162/458/2 182/465/2 185/464/2
f 164/463/2 308/467/2 333/466/2
f 187/25/2 344/469/2 311/468/2
f 163/470/3 343/472/3 344/471/3
f 165/473/1 309/475/1 312/474/1
f 164/476/13 163/478/13 187/477/13
f 232/487/3 233/489/3 235/488/3
f 180/490/3 181/492/3 195/491/3
f 179/493/2 180/495/2 232/494/2
f 178/496/1 179/498/1 229/497/1
f 181/499/9 178/501/9 196/500/9
f 198/502/3 236/504/3 238/503/3
f 199/436/1 197/506/1 202/505/1
f 228/507/13 199/509/13 200/508/13
f 205/510/3 211/512/3 200/511/3
f 228/513/1 222/515/1 239/514/1
f 222/516/4 205/518/4 198/517/4
f 236/504/3 200/511/3 204/522/3
f 197/523/9 236/525/9 201/524/9
f 200/526/2 199/8/2 203/527/2
f 194/528/4 233/530/4 210/529/4
f 217/531/4 210/529/4 209/532/4
f 218/533/4 209/532/4 208/534/4
f 219/535/4 208/534/4 207/536/4
f 220/537/4 207/536/4 206/538/4
f 221/539/4 206/538/4 205/518/4
f 196/540/1 194/542/1 217/541/1
f 223/543/1 217/541/1 218/544/1
f 224/545/1 218/544/1 219/546/1
f 225/547/1 219/546/1 220/548/1
f 226/549/1 220/548/1 221/550/1
f 227/551/1 221/550/1 222/515/1
f 233/489/3 195/491/3 216/552/3
f 210/553/3 216/552/3 215/554/3
f 209/555/3 215/554/3 214/556/3
f 208/557/3 214/556/3 213/558/3
f 207/559/3 213/558/3 212/560/3
f 206/561/3 212/560/3 211/512/3
f 196/412/13 223/563/13 216/562/13
f 216/562/13 223/563/13 224/564/13
f 224/564/13 225/566/13 214/565/13
f 225/566/13 226/568/13 213/567/13
f 213/567/13 226/568/13 227/569/13
f 212/570/13 227/569/13 228/507/13
f 229/571/47 232/494/47 234/572/47
f 231/573/48 234/572/48 235/574/48
f 230/575/49 235/574/49 233/576/49
f 239/577/50 198/579/50 237/578/50
f 241/580/51 237/578/51 238/581/51
f 240/582/52 238/581/52 236/525/52
f 196/540/1 231/584/1 230/583/1
f 460/599/57 465/601/57 977/600/57
f 246/602/57 345/604/57 316/603/57
f 267/259/1 90/257/1 132/28/1
f 132/615/4 448/616/4 462/314/4
f 250/302/3 3/108/3 104/617/3
f 104/636/4 105/637/4 270/265/4
f 267/259/1 123/260/1 127/638/1
f 9/673/2 423/675/2 421/674/2
f 315/682/62 247/637/62 248/683/62
f 345/604/63 315/682/63 317/684/63
f 464/685/62 461/687/62 879/686/62
f 465/601/63 464/685/63 978/688/63
f 308/694/1 164/696/1 188/695/1
f 309/475/1 308/694/1 311/697/1
f 342/698/3 162/700/3 186/699/3
f 343/472/3 342/698/3 310/701/3
f 310/702/2 186/704/2 189/703/2
f 344/469/2 310/702/2 312/705/2
f 165/706/2 185/464/2 299/707/2
f 163/461/2 183/712/2 332/711/2
f 342/460/2 343/713/2 332/711/2
f 301/747/3 172/749/3 184/748/3
f 338/750/1 167/426/1 182/751/1
f 338/750/1 331/752/1 332/406/1
f 325/755/71 145/756/71 153/353/71
f 324/389/72 325/755/72 328/757/72
f 328/758/3 153/760/3 152/759/3
f 327/380/3 328/758/3 329/761/3
f 326/766/74 143/767/74 151/348/74
f 326/766/75 295/768/75 329/360/75
f 294/358/111 413/945/111 410/944/111
f 418/132/2 420/133/2 419/957/2
f 421/674/2 423/675/2 422/106/2
f 425/38/9 429/141/9 427/175/9
f 431/172/9 435/176/9 433/125/9
f 422/114/25 430/959/25 431/958/25
f 425/960/28 418/961/28 419/19/28
f 38/215/4 418/963/4 425/962/4
f 316/603/63 317/684/63 464/685/63
f 317/684/62 248/683/62 461/687/62
f 448/616/4 749/981/4 901/980/4
f 249/985/57 316/603/57 465/601/57
f 149/381/9 157/987/9 455/388/9
f 454/369/4 778/991/4 779/990/4
f 450/343/2 766/993/2 778/992/2
f 436/67/2 635/998/2 749/997/2
f 462/314/4 901/980/4 750/999/4
f 442/234/2 639/279/2 650/1003/2
f 444/212/13 650/1013/13 655/1012/13
f 438/110/4 94/213/4 96/1014/4
f 90/316/2 94/224/2 438/69/2
f 1115/1018/13 476/1020/13 475/1019/13
f 473/1025/5 1113/1027/5 1114/1026/5
f 514/1070/1 515/1072/1 519/1071/1
f 518/1073/9 519/1075/9 521/1074/9
f 520/1076/9 521/1074/9 523/1077/9
f 517/1078/19 515/1080/19 514/1079/19
f 512/1081/19 513/1082/19 517/1078/19
f 498/1088/3 478/1090/3 513/1089/3
f 526/1099/120 527/1101/120 525/1100/120
f 450/340/9 148/1116/9 530/1115/9
f 708/5/2 703/6/2 612/4/2
f 742/14/1 722/15/1 610/13/1
f 660/20/1 649/21/1 1059/19/1
f 658/39/9 667/37/9 1066/169/9
f 811/56/13 794/57/13 793/55/13
f 1076/67/2 635/998/2 652/68/2
f 1071/103/1 1061/104/1 649/21/1
f 651/107/2 618/105/2 1063/675/2
f 1079/109/4 1078/110/4 652/108/4
f 659/115/13 651/116/13 1062/114/13
f 711/118/9 681/117/9 658/39/9
f 1085/121/9 675/120/9 655/171/9
f 673/123/9 674/179/9 1074/124/9
f 690/127/1 680/128/1 661/126/1
f 710/129/13 708/130/13 651/116/13
f 1060/133/2 608/131/2 648/225/2
f 665/135/3 654/136/3 668/134/3
f 664/138/13 609/139/13 681/137/13
f 670/140/9 668/1269/9 1069/141/9
f 662/144/1 661/126/1 676/143/1
f 1072/145/9 671/146/9 673/123/9
f 653/149/9 680/147/9 682/184/9
f 686/151/4 675/152/4 656/150/4
f 698/164/3 671/165/3 654/136/3
f 666/167/4 656/150/4 672/166/4
f 1066/169/9 667/37/9 669/168/9
f 655/171/9 676/170/9 661/1279/9
f 660/173/9 671/146/9 1072/145/9
f 660/173/9 1069/141/9 668/1269/9
f 1067/175/9 669/168/9 670/140/9
f 659/178/9 1075/176/9 672/1280/9
f 674/179/9 672/1280/9 1075/176/9
f 675/120/9 678/180/9 677/181/9
f 678/180/9 679/182/9 677/181/9
f 679/182/9 676/170/9 677/181/9
f 680/147/9 683/183/9 682/184/9
f 683/183/9 684/185/9 682/184/9
f 684/185/9 681/117/9 682/184/9
f 699/186/29 697/187/29 672/166/29
f 700/189/28 699/186/28 674/188/28
f 698/191/27 700/189/27 673/190/27
f 683/193/32 680/194/32 690/192/32
f 684/196/31 683/193/31 692/195/31
f 681/137/30 684/196/30 691/197/30
f 687/198/23 685/199/23 676/143/23
f 688/201/22 687/198/22 679/200/22
f 686/203/21 688/201/21 678/202/21
f 669/205/26 667/206/26 694/204/26
f 670/208/25 669/205/25 696/207/25
f 668/134/24 670/208/24 695/209/24
f 694/203/13 667/210/13 609/139/13
f 1085/211/13 1084/212/13 708/130/13
f 658/214/4 648/215/4 709/213/4
f 1084/233/2 1082/234/2 703/6/2
f 718/252/2 610/253/2 707/251/2
f 720/255/9 705/256/9 608/254/9
f 900/258/3 897/259/3 705/257/3
f 721/261/3 707/262/3 739/260/3
f 743/264/4 900/265/4 887/263/4
f 1119/280/36 1082/234/36 639/279/36
f 887/301/1 880/302/1 722/15/1
f 1089/313/4 1102/314/4 902/312/4
f 902/315/3 897/259/3 739/260/3
f 1088/317/2 1076/67/2 705/316/2
f 1178/339/9 1090/340/9 766/338/9
f 1094/342/2 1090/343/2 770/341/2
f 769/347/9 761/767/9 773/348/9
f 770/341/2 763/756/2 775/353/2
f 925/358/138 762/382/138 774/359/138
f 772/365/2 760/366/2 768/364/2
f 1095/368/4 1094/369/4 782/367/4
f 773/371/13 772/372/13 780/370/13
f 783/377/4 782/367/4 775/376/4
f 926/379/1 958/380/1 772/378/1
f 774/359/9 762/382/9 771/381/9
f 1091/386/9 767/1282/9 779/387/9
f 955/389/139 760/366/139 772/365/139
f 649/401/2 1123/400/2 1060/133/2
f 963/406/3 968/407/3 797/405/3
f 930/409/1 966/410/1 794/408/1
f 809/412/4 797/413/4 798/411/4
f 867/438/3 825/436/3 823/506/3
f 962/459/2 973/460/2 788/458/2
f 810/462/2 790/463/2 789/461/2
f 788/458/2 791/706/2 811/464/2
f 964/466/2 939/467/2 790/463/2
f 942/468/2 975/469/2 813/25/2
f 975/471/1 974/472/1 789/470/1
f 943/474/3 940/475/3 791/473/3
f 813/477/13 789/478/13 790/476/13
f 859/489/1 858/487/1 860/1284/1
f 821/491/1 807/492/1 806/490/1
f 858/494/2 806/495/2 805/493/2
f 855/497/3 805/498/3 804/496/3
f 822/500/9 804/501/9 807/499/9
f 862/504/1 824/502/1 863/1285/1
f 828/505/3 823/506/3 825/436/3
f 854/507/13 837/1286/13 826/508/13
f 826/511/1 837/512/1 831/510/1
f 865/514/3 848/515/3 854/513/3
f 824/517/4 831/518/4 848/516/4
f 830/522/1 826/511/1 862/504/1
f 827/524/9 862/525/9 823/523/9
f 829/527/2 825/8/2 826/526/2
f 836/529/4 859/530/4 820/528/4
f 835/532/4 836/529/4 843/531/4
f 834/534/4 835/532/4 844/533/4
f 833/536/4 834/534/4 845/535/4
f 832/538/4 833/536/4 846/537/4
f 831/518/4 832/538/4 847/539/4
f 843/541/3 820/542/3 822/540/3
f 844/544/3 843/541/3 849/543/3
f 845/546/3 844/544/3 850/545/3
f 846/548/3 845/546/3 851/547/3
f 847/550/3 846/548/3 852/549/3
f 848/515/3 847/550/3 853/551/3
f 842/552/1 821/491/1 859/489/1
f 841/554/1 842/552/1 836/553/1
f 840/556/1 841/554/1 835/555/1
f 839/558/1 840/556/1 834/557/1
f 838/560/1 839/558/1 833/559/1
f 837/512/1 838/560/1 832/561/1
f 822/412/13 821/1287/13 842/562/13
f 850/564/13 849/563/13 842/562/13
f 850/564/13 841/1288/13 840/565/13
f 851/566/13 840/565/13 839/567/13
f 853/569/13 852/568/13 839/567/13
f 854/507/13 853/569/13 838/570/13
f 860/572/47 858/494/47 855/571/47
f 861/574/48 860/572/48 857/573/48
f 859/576/49 861/574/49 856/575/49
f 863/578/50 824/579/50 865/577/50
f 864/581/51 863/578/51 867/580/51
f 862/525/52 864/581/52 866/582/52
f 857/584/3 822/540/3 820/542/3
f 977/600/57 1105/601/57 1100/599/57
f 947/603/57 976/604/57 874/602/57
f 748/28/3 705/257/3 897/259/3
f 1102/314/4 1088/616/4 748/615/4
f 719/617/1 608/108/1 880/302/1
f 900/265/4 720/637/4 719/636/4
f 743/638/3 739/260/3 897/259/3
f 1063/675/2 614/673/2 649/401/2
f 875/637/62 946/682/62 948/684/62
f 948/684/63 946/682/63 976/604/63
f 879/686/62 1101/687/62 1104/685/62
f 978/688/63 1104/685/63 1105/601/63
f 814/695/3 790/696/3 939/694/3
f 942/697/3 939/694/3 940/475/3
f 812/699/1 788/700/1 973/698/1
f 941/701/1 973/698/1 974/472/1
f 815/703/2 812/704/2 941/702/2
f 943/705/2 941/702/2 975/469/2
f 791/706/2 940/1291/2 930/707/2
f 789/461/2 974/713/2 963/711/2
f 963/711/2 974/713/2 973/460/2
f 810/748/1 798/749/1 932/747/1
f 808/751/3 793/426/3 969/750/3
f 969/750/3 968/407/3 963/406/3
f 775/353/153 763/756/153 956/755/153
f 959/757/154 956/755/154 955/389/154
f 774/759/1 775/760/1 959/758/1
f 960/761/1 959/758/1 958/380/1
f 773/348/155 761/767/155 957/766/155
f 957/766/156 925/358/156 960/360/156
f 925/358/184 957/766/184 1050/944/184
f 1058/132/2 1059/957/2 1060/133/2
f 1061/674/2 1062/106/2 1063/675/2
f 1069/141/9 1065/38/9 1067/175/9
f 1075/176/9 1071/172/9 1073/125/9
f 1071/958/31 1070/959/31 1062/114/31
f 1059/19/22 1058/961/22 1065/960/22
f 1065/962/4 1058/963/4 648/215/4
f 1104/685/63 948/684/63 947/603/63
f 1101/687/62 876/683/62 948/684/62
f 901/980/4 749/981/4 1088/616/4
f 1105/601/57 947/603/57 877/985/57
f 771/381/9 1091/386/9 1095/388/9
f 779/990/4 778/991/4 1094/369/4
f 778/992/2 766/993/2 1090/343/2
f 749/997/2 635/998/2 1076/67/2
f 750/999/4 901/980/4 1102/314/4
f 650/1003/2 639/279/2 1082/234/2
f 655/1012/13 650/1013/13 1084/212/13
f 711/1014/4 709/213/4 1078/110/4
f 705/316/2 1076/67/2 1078/69/2
f 1120/1019/13 1121/1020/13 1115/1018/13
f 1114/1026/5 1113/1027/5 1118/1025/5
f 1164/1071/3 1160/1072/3 1159/1070/3
f 1166/1074/9 1164/1075/9 1163/1073/9
f 1168/1077/9 1166/1074/9 1165/1076/9
f 1162/1078/133 1161/1301/133 1159/1079/133
f 1162/1078/133 1158/1082/133 1157/1081/133
f 1158/1089/1 1123/1090/1 1143/1088/1
f 1171/1099/194 1169/690/194 1170/1100/194
f 1177/1115/9 770/1116/9 1090/340/9
f 7/4/2 93/5/2 40/107/2
f 5/13/3 126/14/3 103/310/3
f 419/19/3 45/20/3 424/1307/3
f 43/39/9 52/37/9 4/1310/9
f 52/37/9 425/38/9 426/169/9
f 167/55/13 185/56/13 182/1311/13
f 436/67/2 652/68/2 635/998/2
f 39/21/3 431/103/3 45/20/3
f 40/107/2 13/105/2 7/4/2
f 13/105/2 422/106/2 423/675/2
f 652/108/4 439/109/4 657/1317/4
f 422/114/13 44/115/13 430/959/13
f 657/148/9 66/117/9 67/184/9
f 66/117/9 43/39/9 4/1310/9
f 66/117/9 96/118/9 43/39/9
f 439/119/9 66/117/9 657/148/9
f 44/178/9 60/120/9 42/177/9
f 60/120/203 655/171/203 62/181/203
f 60/120/9 445/121/9 655/171/9
f 95/122/9 60/120/9 44/178/9
f 58/123/9 434/124/9 59/179/9
f 46/126/3 75/127/3 47/144/3
f 40/116/13 95/129/13 44/115/13
f 420/133/2 3/131/2 10/1318/2
f 3/131/2 418/132/2 38/225/2
f 53/134/1 50/135/1 78/1319/1
f 66/137/13 49/138/13 74/1320/13
f 55/140/9 429/141/9 53/1269/9
f 61/143/3 47/144/3 70/199/3
f 58/123/9 432/145/9 433/125/9
f 653/149/9 65/147/9 46/1279/9
f 65/147/204 657/148/204 67/184/204
f 42/150/4 71/151/4 51/167/4
f 41/136/1 83/164/1 50/135/1
f 57/166/4 51/167/4 82/187/4
f 54/168/9 426/169/9 427/175/9
f 655/171/203 61/170/203 62/181/203
f 61/170/9 653/149/9 46/1279/9
f 45/173/9 56/146/9 41/174/9
f 56/146/9 431/172/9 432/145/9
f 45/173/9 429/141/9 424/1322/9
f 429/141/9 41/174/9 53/1269/9
f 55/140/9 427/175/9 428/142/9
f 44/178/9 435/176/9 430/1323/9
f 435/176/9 42/177/9 57/1280/9
f 59/179/9 435/176/9 57/1280/9
f 57/166/21 84/186/21 59/188/21
f 59/188/22 85/189/22 58/190/22
f 58/190/23 83/191/23 56/1324/23
f 75/192/24 68/193/24 77/195/24
f 77/195/25 69/196/25 76/197/25
f 76/197/26 66/137/26 74/1320/26
f 61/143/27 72/198/27 64/200/27
f 64/200/28 73/201/28 63/202/28
f 63/202/29 71/203/29 60/1325/29
f 79/204/30 54/205/30 81/207/30
f 81/207/31 55/208/31 80/209/31
f 80/209/32 53/134/32 78/1319/32
f 4/139/13 79/203/13 49/138/13
f 93/130/13 445/211/13 95/129/13
f 94/213/4 43/214/4 96/1014/4
f 88/6/2 444/233/2 93/5/2
f 92/251/2 103/252/2 106/308/2
f 3/254/9 105/255/9 104/1327/9
f 90/257/1 270/258/1 105/979/1
f 123/260/1 106/261/1 127/638/1
f 257/263/4 127/264/4 126/1328/4
f 639/279/36 474/280/36 1117/1331/36
f 107/15/3 257/301/3 126/14/3
f 271/312/4 449/313/4 133/1336/4
f 123/260/1 271/315/1 133/1337/1
f 90/316/2 448/317/2 132/1338/2
f 766/338/9 531/339/9 1175/1342/9
f 148/341/2 454/342/2 156/354/2
f 147/347/9 151/348/9 143/767/9
f 148/341/2 153/353/2 145/756/2
f 294/358/207 152/359/207 144/382/207
f 146/364/2 150/365/2 154/988/2
f 156/367/4 455/368/4 157/377/4
f 154/370/13 151/371/13 155/989/13
f 153/376/4 157/377/4 152/1347/4
f 150/378/3 295/379/3 151/1348/3
f 149/381/9 152/359/9 157/987/9
f 451/386/9 779/387/9 767/1282/9
f 324/389/208 150/365/208 142/366/208
f 39/401/2 498/1349/2 9/673/2
f 478/400/2 420/133/2 10/1318/2
f 39/401/2 478/400/2 498/1349/2
f 420/133/2 39/401/2 419/957/2
f 171/405/1 332/406/1 183/1351/1
f 168/408/3 299/409/3 185/1352/3
f 172/411/4 183/412/4 184/1353/4
f 241/438/1 199/436/1 239/514/1
f 199/436/1 240/437/1 197/506/1
f 162/458/2 331/459/2 182/465/2
f 163/461/2 184/462/2 183/712/2
f 162/458/2 185/464/2 165/706/2
f 164/463/2 333/466/2 184/462/2
f 187/25/2 311/468/2 188/1358/2
f 163/470/3 344/471/3 187/1359/3
f 165/473/1 312/474/1 189/1360/1
f 164/476/13 187/477/13 188/1361/13
f 233/489/3 232/487/3 195/491/3
f 232/487/3 235/488/3 234/1284/3
f 180/490/3 195/491/3 232/487/3
f 179/493/2 232/494/2 229/571/2
f 178/496/1 229/497/1 196/540/1
f 181/499/9 196/500/9 195/1362/9
f 236/504/3 198/502/3 200/511/3
f 198/502/3 238/503/3 237/1285/3
f 199/436/1 202/505/1 203/1363/1
f 228/507/13 200/508/13 211/1286/13
f 205/510/3 200/511/3 198/502/3
f 228/513/1 239/514/1 199/436/1
f 222/516/4 198/517/4 239/1364/4
f 236/504/3 204/522/3 201/1365/3
f 197/523/9 201/524/9 202/1366/9
f 200/526/2 203/527/2 204/1367/2
f 194/528/4 210/529/4 217/531/4
f 217/531/4 209/532/4 218/533/4
f 218/533/4 208/534/4 219/535/4
f 219/535/4 207/536/4 220/537/4
f 220/537/4 206/538/4 221/539/4
f 221/539/4 205/518/4 222/516/4
f 196/540/1 217/541/1 223/543/1
f 223/543/1 218/544/1 224/545/1
f 224/545/1 219/546/1 225/547/1
f 225/547/1 220/548/1 226/549/1
f 226/549/1 221/550/1 227/551/1
f 227/551/1 222/515/1 228/513/1
f 233/489/3 216/552/3 210/553/3
f 210/553/3 215/554/3 209/555/3
f 209/555/3 214/556/3 208/557/3
f 208/557/3 213/558/3 207/559/3
f 207/559/3 212/560/3 206/561/3
f 206/561/3 211/512/3 205/510/3
f 196/412/13 216/562/13 195/1287/13
f 216/562/13 224/564/13 215/1288/13
f 224/564/13 214/565/13 215/1288/13
f 225/566/13 213/567/13 214/565/13
f 213/567/13 227/569/13 212/570/13
f 212/570/13 228/507/13 211/1286/13
f 229/571/47 234/572/47 231/573/47
f 231/573/48 235/574/48 230/575/48
f 230/575/49 233/576/49 194/1368/49
f 239/577/50 237/578/50 241/580/50
f 241/580/51 238/581/51 240/582/51
f 240/582/52 236/525/52 197/523/52
f 231/584/1 196/540/1 229/497/1
f 196/540/1 230/583/1 194/542/1
f 460/599/57 977/600/57 878/1371/57
f 246/602/57 316/603/57 249/985/57
f 267/259/1 132/28/1 271/315/1
f 132/615/4 462/314/4 271/312/4
f 250/302/3 104/617/3 257/301/3
f 104/636/4 270/265/4 257/263/4
f 267/259/1 127/638/1 270/258/1
f 423/675/2 9/673/2 13/105/2
f 9/673/2 421/674/2 39/401/2
f 315/682/62 248/683/62 317/684/62
f 345/604/63 317/684/63 316/603/63
f 464/685/62 879/686/62 978/688/62
f 465/601/63 978/688/63 977/600/63
f 308/694/1 188/695/1 311/697/1
f 309/475/1 311/697/1 312/474/1
f 342/698/3 186/699/3 310/701/3
f 343/472/3 310/701/3 344/471/3
f 310/702/2 189/703/2 312/705/2
f 344/469/2 312/705/2 311/468/2
f 165/706/2 299/707/2 309/1291/2
f 163/461/2 332/711/2 343/713/2
f 342/460/2 332/711/2 331/459/2
f 301/747/3 184/748/3 333/718/3
f 338/750/1 182/751/1 331/752/1
f 338/750/1 332/406/1 337/407/1
f 325/755/217 153/353/217 328/757/217
f 324/389/218 328/757/218 327/390/218
f 328/758/3 152/759/3 329/761/3
f 327/380/3 329/761/3 295/379/3
f 326/766/219 151/348/219 295/768/219
f 326/766/220 329/360/220 294/358/220
f 294/358/111 410/944/111 326/766/111
f 429/141/9 425/38/9 424/1322/9
f 425/38/9 427/175/9 426/169/9
f 427/175/9 429/141/9 428/142/9
f 435/176/9 431/172/9 430/1323/9
f 431/172/9 433/125/9 432/145/9
f 433/125/204 435/176/204 434/124/204
f 422/114/25 431/958/25 421/1415/25
f 425/960/28 419/19/28 424/1307/28
f 38/215/4 425/962/4 43/214/4
f 316/603/232 464/685/232 465/601/232
f 317/684/62 461/687/62 464/685/62
f 448/616/4 901/980/4 462/314/4
f 249/985/57 465/601/57 460/599/57
f 149/381/9 455/388/9 451/386/9
f 454/369/4 779/990/4 455/368/4
f 450/343/2 778/992/2 454/342/2
f 436/67/2 749/997/2 448/317/2
f 462/314/4 750/999/4 449/313/4
f 442/234/2 650/1003/2 444/233/2
f 444/212/13 655/1012/13 445/211/13
f 438/110/4 96/1014/4 439/109/4
f 90/316/2 438/69/2 436/67/2
f 1115/1018/13 475/1019/13 1114/1417/13
f 473/1025/5 1114/1026/5 475/1081/5
f 514/1070/1 519/1071/1 518/1422/1
f 518/1073/9 521/1074/9 520/1076/9
f 520/1076/9 523/1077/9 522/1423/9
f 517/1078/19 514/1079/19 516/1301/19
f 512/1081/19 517/1078/19 516/1301/19
f 498/1088/3 513/1089/3 512/1426/3
f 526/1099/236 525/1100/236 524/690/236
f 450/340/9 530/1115/9 531/339/9
f 708/5/2 612/4/2 651/107/2
f 742/14/1 610/13/1 718/310/1
f 660/20/1 1059/19/1 1064/1307/1
f 667/37/9 658/39/9 609/1310/9
f 658/39/9 1066/169/9 1065/38/9
f 811/56/13 793/55/13 808/1311/13
f 1076/67/2 652/68/2 1078/69/2
f 1071/103/1 649/21/1 660/20/1
f 618/105/2 651/107/2 612/4/2
f 651/107/2 1063/675/2 1062/106/2
f 1079/109/4 652/108/4 657/1317/4
f 659/115/13 1062/114/13 1070/959/13
f 681/117/9 657/148/9 682/184/9
f 681/117/9 1079/119/9 657/148/9
f 658/39/9 681/117/9 609/1310/9
f 681/117/9 711/118/9 1079/119/9
f 675/120/9 659/178/9 656/177/9
f 675/120/9 710/122/9 659/178/9
f 655/171/9 675/120/9 677/181/9
f 675/120/9 1085/121/9 710/122/9
f 673/123/9 1074/124/9 1073/125/9
f 690/127/1 661/126/1 662/144/1
f 710/129/13 651/116/13 659/115/13
f 608/131/2 1060/133/2 615/1318/2
f 1060/133/2 648/225/2 1058/132/2
f 665/135/3 668/134/3 693/1319/3
f 664/138/13 681/137/13 689/1320/13
f 670/140/9 1069/141/9 1068/142/9
f 662/144/1 676/143/1 685/199/1
f 1072/145/9 673/123/9 1073/125/9
f 680/147/9 653/149/9 661/1279/9
f 653/149/9 682/184/9 657/148/9
f 686/151/4 656/150/4 666/167/4
f 698/164/3 654/136/3 665/135/3
f 666/167/4 672/166/4 697/187/4
f 1066/169/9 669/168/9 1067/175/9
f 676/170/203 655/171/203 677/181/203
f 655/171/9 661/1279/9 653/149/9
f 671/146/9 660/173/9 654/174/9
f 660/173/9 1072/145/9 1071/172/9
f 1069/141/9 660/173/9 1064/1322/9
f 660/173/9 668/1269/9 654/174/9
f 1067/175/9 670/140/9 1068/142/9
f 1075/176/9 659/178/9 1070/1323/9
f 659/178/9 672/1280/9 656/177/9
f 674/179/9 1075/176/9 1074/124/9
f 699/186/29 672/166/29 674/188/29
f 700/189/28 674/188/28 673/190/28
f 698/191/27 673/190/27 671/1324/27
f 683/193/32 690/192/32 692/195/32
f 684/196/31 692/195/31 691/197/31
f 681/137/30 691/197/30 689/1320/30
f 687/198/23 676/143/23 679/200/23
f 688/201/22 679/200/22 678/202/22
f 686/203/21 678/202/21 675/1325/21
f 669/205/26 694/204/26 696/207/26
f 670/208/25 696/207/25 695/209/25
f 668/134/24 695/209/24 693/1319/24
f 694/203/13 609/139/13 664/138/13
f 1085/211/13 708/130/13 710/129/13
f 658/214/4 709/213/4 711/1014/4
f 1084/233/2 703/6/2 708/5/2
f 718/252/2 707/251/2 721/308/2
f 720/255/9 608/254/9 719/1327/9
f 900/258/3 705/257/3 720/979/3
f 721/261/3 739/260/3 743/638/3
f 743/264/4 887/263/4 742/1328/4
f 1119/280/36 639/279/36 1117/1331/36
f 887/301/1 722/15/1 742/14/1
f 1089/313/4 902/312/4 751/1336/4
f 902/315/3 739/260/3 751/1337/3
f 1088/317/2 705/316/2 748/1338/2
f 1178/339/9 766/338/9 1175/1342/9
f 1094/342/2 770/341/2 782/354/2
f 769/347/9 773/348/9 781/349/9
f 770/341/2 775/353/2 782/354/2
f 925/358/240 774/359/240 960/360/240
f 772/365/2 768/364/2 780/988/2
f 1095/368/4 782/367/4 783/377/4
f 773/371/13 780/370/13 781/989/13
f 783/377/4 775/376/4 774/1347/4
f 926/379/1 772/378/1 773/1348/1
f 774/359/9 771/381/9 783/987/9
f 1091/386/9 779/387/9 1095/388/9
f 955/389/241 772/365/241 958/390/241
f 1143/1349/2 649/401/2 614/673/2
f 649/401/2 1060/133/2 1059/957/2
f 1060/133/2 1123/400/2 615/1318/2
f 1123/400/2 649/401/2 1143/1349/2
f 963/406/3 797/405/3 809/1351/3
f 930/409/1 794/408/1 811/1352/1
f 809/412/4 798/411/4 810/1353/4
f 825/436/3 867/438/3 865/514/3
f 867/438/3 823/506/3 866/437/3
f 962/459/2 788/458/2 808/465/2
f 810/462/2 789/461/2 809/712/2
f 788/458/2 811/464/2 808/465/2
f 964/466/2 790/463/2 810/462/2
f 942/468/2 813/25/2 814/1358/2
f 975/471/1 789/470/1 813/1359/1
f 943/474/3 791/473/3 815/1360/3
f 813/477/13 790/476/13 814/1361/13
f 858/487/1 859/489/1 821/491/1
f 859/489/1 860/1284/1 861/488/1
f 821/491/1 806/490/1 858/487/1
f 858/494/2 805/493/2 855/571/2
f 855/497/3 804/496/3 822/540/3
f 822/500/9 807/499/9 821/1362/9
f 824/502/1 862/504/1 826/511/1
f 862/504/1 863/1285/1 864/503/1
f 828/505/3 825/436/3 829/1363/3
f 854/507/13 826/508/13 825/509/13
f 826/511/1 831/510/1 824/502/1
f 865/514/3 854/513/3 825/436/3
f 824/517/4 848/516/4 865/1364/4
f 830/522/1 862/504/1 827/1365/1
f 827/524/9 823/523/9 828/1366/9
f 829/527/2 826/526/2 830/1367/2
f 836/529/4 820/528/4 843/531/4
f 835/532/4 843/531/4 844/533/4
f 834/534/4 844/533/4 845/535/4
f 833/536/4 845/535/4 846/537/4
f 832/538/4 846/537/4 847/539/4
f 831/518/4 847/539/4 848/516/4
f 843/541/3 822/540/3 849/543/3
f 844/544/3 849/543/3 850/545/3
f 845/546/3 850/545/3 851/547/3
f 846/548/3 851/547/3 852/549/3
f 847/550/3 852/549/3 853/551/3
f 848/515/3 853/551/3 854/513/3
f 842/552/1 859/489/1 836/553/1
f 841/554/1 836/553/1 835/555/1
f 840/556/1 835/555/1 834/557/1
f 839/558/1 834/557/1 833/559/1
f 838/560/1 833/559/1 832/561/1
f 837/512/1 832/561/1 831/510/1
f 822/412/13 842/562/13 849/563/13
f 850/564/13 842/562/13 841/1288/13
f 850/564/13 840/565/13 851/566/13
f 851/566/13 839/567/13 852/568/13
f 853/569/13 839/567/13 838/570/13
f 854/507/13 838/570/13 837/1286/13
f 860/572/47 855/571/47 857/573/47
f 861/574/48 857/573/48 856/575/48
f 859/576/49 856/575/49 820/1368/49
f 863/578/50 865/577/50 867/580/50
f 864/581/51 867/580/51 866/582/51
f 862/525/52 866/582/52 823/523/52
f 822/540/3 857/584/3 855/497/3
f 857/584/3 820/542/3 856/583/3
f 977/600/57 1100/599/57 878/1371/57
f 947/603/57 874/602/57 877/985/57
f 748/28/3 897/259/3 902/315/3
f 1102/314/4 748/615/4 902/312/4
f 719/617/1 880/302/1 887/301/1
f 900/265/4 719/636/4 887/263/4
f 743/638/3 897/259/3 900/258/3
f 614/673/2 1063/675/2 618/105/2
f 1063/675/2 649/401/2 1061/674/2
f 875/637/62 948/684/62 876/683/62
f 948/684/63 976/604/63 947/603/63
f 879/686/62 1104/685/62 978/688/62
f 978/688/63 1105/601/63 977/600/63
f 814/695/3 939/694/3 942/697/3
f 942/697/3 940/475/3 943/474/3
f 812/699/1 973/698/1 941/701/1
f 941/701/1 974/472/1 975/471/1
f 815/703/2 941/702/2 943/705/2
f 943/705/2 975/469/2 942/468/2
f 791/706/2 930/707/2 811/464/2
f 789/461/2 963/711/2 809/712/2
f 963/711/2 973/460/2 962/459/2
f 810/748/1 932/747/1 964/718/1
f 808/751/3 969/750/3 962/752/3
f 969/750/3 963/406/3 962/752/3
f 775/353/251 956/755/251 959/757/251
f 959/757/252 955/389/252 958/390/252
f 774/759/1 959/758/1 960/761/1
f 960/761/1 958/380/1 926/379/1
f 773/348/253 957/766/253 926/768/253
f 957/766/254 960/360/254 926/768/254
f 925/358/184 1050/944/184 1053/945/184
f 1065/38/9 1069/141/9 1064/1322/9
f 1069/141/9 1067/175/9 1068/142/9
f 1067/175/9 1065/38/9 1066/169/9
f 1071/172/9 1075/176/9 1070/1323/9
f 1075/176/204 1073/125/204 1074/124/204
f 1073/125/9 1071/172/9 1072/145/9
f 1071/958/31 1062/114/31 1061/1415/31
f 1059/19/22 1065/960/22 1064/1307/22
f 1065/962/4 648/215/4 658/214/4
f 1104/685/232 947/603/232 1105/601/232
f 1101/687/62 948/684/62 1104/685/62
f 901/980/4 1088/616/4 1102/314/4
f 1105/601/57 877/985/57 1100/599/57
f 771/381/9 1095/388/9 783/987/9
f 779/990/4 1094/369/4 1095/368/4
f 778/992/2 1090/343/2 1094/342/2
f 749/997/2 1076/67/2 1088/317/2
f 750/999/4 1102/314/4 1089/313/4
f 650/1003/2 1082/234/2 1084/233/2
f 655/1012/13 1084/212/13 1085/211/13
f 711/1014/4 1078/110/4 1079/109/4
f 705/316/2 1078/69/2 709/224/2
f 1120/1019/13 1115/1018/13 1114/1417/13
f 1114/1026/5 1118/1025/5 1120/1081/5
f 1164/1071/3 1159/1070/3 1163/1422/3
f 1166/1074/9 1163/1073/9 1165/1076/9
f 1168/1077/9 1165/1076/9 1167/1423/9
f 1162/1078/133 1159/1079/133 1160/1080/133
f 1162/1078/133 1157/1081/133 1161/1301/133
f 1158/1089/1 1143/1088/1 1157/1426/1
f 1171/1099/267 1170/1100/267 1172/1101/267
f 1177/1115/9 1090/340/9 1178/339/9
g Cube_Weapons
usemtl Weapons
f 262/49/11 505/51/11 504/50/11
f 275/100/1 15/102/1 365/101/1
f 127/248/34 106/250/34 129/249/34
f 131/303/4 130/304/4 129/249/4
f 126/305/38 127/307/38 130/306/38
f 106/308/39 103/252/39 128/309/39
f 103/310/40 126/14/40 131/311/40
f 162/402/4 165/404/4 189/403/4
f 25/414/4 17/416/4 170/415/4
f 173/417/9 170/419/9 190/418/9
f 23/420/3 298/422/3 300/421/3
f 169/423/9 300/425/9 339/424/9
f 17/426/1 330/428/1 336/427/1
f 170/419/9 336/430/9 305/429/9
f 18/431/13 23/433/13 169/432/13
f 166/434/9 169/423/9 177/435/9
f 177/439/3 339/441/3 340/440/3
f 190/442/1 305/444/1 306/443/1
f 177/445/13 176/447/13 175/446/13
f 167/448/2 175/450/2 176/449/2
f 167/448/2 338/452/2 307/451/2
f 172/453/2 301/455/2 304/454/2
f 172/453/2 192/457/2 191/456/2
f 179/479/4 178/481/4 190/480/4
f 181/482/4 180/484/4 192/483/4
f 181/482/4 193/485/4 190/480/4
f 180/484/4 179/479/4 191/486/4
f 116/627/2 113/629/2 280/628/2
f 280/650/13 279/652/13 277/651/13
f 279/652/13 275/654/13 274/653/13
f 277/651/13 274/653/13 276/655/13
f 113/656/1 261/658/1 279/657/1
f 256/659/2 254/661/2 277/660/2
f 254/662/3 116/664/3 281/663/3
f 261/658/1 15/102/1 275/100/1
f 19/667/37 500/668/37 505/51/37
f 489/669/60 488/670/60 283/647/60
f 309/708/66 299/710/66 359/709/66
f 168/714/2 176/449/2 340/715/2
f 348/716/67 333/718/67 358/717/67
f 171/719/2 191/456/2 306/720/2
f 338/452/2 337/721/2 306/720/2
f 341/722/1 174/724/1 175/723/1
f 305/444/1 341/722/1 307/725/1
f 303/726/3 193/728/3 192/727/3
f 339/424/9 300/425/9 350/729/9
f 166/434/9 174/731/9 341/730/9
f 302/732/9 341/730/9 305/429/9
f 296/733/1 18/735/1 166/734/1
f 330/428/1 296/733/1 302/736/1
f 173/417/9 193/738/9 303/737/9
f 303/726/68 304/740/68 357/739/68
f 297/741/3 25/743/3 173/742/3
f 301/747/67 333/718/67 348/716/67
f 325/755/73 324/389/73 416/765/73
f 501/769/76 506/771/76 282/770/76
f 276/655/13 274/653/13 370/772/13
f 115/789/37 504/50/37 501/790/37
f 485/113/79 489/669/79 285/645/79
f 319/794/82 314/796/82 409/795/82
f 353/797/2 352/799/2 356/798/2
f 354/800/3 355/801/3 357/739/3
f 350/729/9 351/803/9 355/802/9
f 347/804/3 346/806/3 351/805/3
f 352/807/3 353/808/3 348/716/3
f 299/710/83 335/810/83 352/809/83
f 340/715/2 356/798/2 352/799/2
f 340/811/84 339/813/84 354/812/84
f 297/741/67 334/814/67 351/805/67
f 304/454/2 301/455/2 353/797/2
f 300/815/83 298/817/83 347/816/83
f 303/737/9 355/802/9 351/803/9
f 361/818/2 362/820/2 359/819/2
f 358/821/2 359/819/2 363/822/2
f 299/710/83 349/824/83 363/823/83
f 308/694/1 309/475/1 362/825/1
f 333/826/85 308/828/85 361/827/85
f 349/829/3 348/716/3 360/830/3
f 20/837/86 480/839/86 493/838/86
f 364/843/9 366/845/9 372/844/9
f 365/846/9 364/843/9 370/847/9
f 507/848/88 508/850/88 544/849/88
f 274/653/13 275/654/13 371/852/13
f 376/856/9 511/858/9 510/857/9
f 503/859/89 511/861/89 376/860/89
f 411/931/107 412/933/107 409/932/107
f 410/934/3 413/936/3 412/935/3
f 319/794/108 412/938/108 413/937/108
f 318/939/109 411/941/109 408/940/109
f 318/939/110 326/943/110 410/942/110
f 590/946/3 585/948/3 417/947/3
f 324/345/13 575/950/13 590/949/13
f 287/954/4 566/956/4 581/955/4
f 484/1031/89 35/903/89 373/1032/89
f 494/1033/9 373/900/9 374/907/9
f 480/839/86 500/1042/86 510/857/86
f 496/1043/113 497/1044/113 489/669/113
f 486/1045/37 114/293/37 21/906/37
f 481/1049/76 21/862/76 283/647/76
f 497/1044/60 506/771/60 488/670/60
f 480/1050/103 20/899/103 253/295/103
f 496/1052/114 485/1054/114 525/1053/114
f 487/1057/115 253/295/115 114/293/115
f 284/878/60 282/770/60 506/771/60
f 34/879/92 284/878/92 497/1044/92
f 500/1042/86 19/831/86 375/886/86
f 503/859/89 484/1031/89 494/1058/89
f 511/858/9 494/1033/9 493/838/9
f 504/50/104 486/1045/104 481/1064/104
f 481/1049/76 488/670/76 506/771/76
f 500/668/104 480/1050/104 487/1057/104
f 505/51/115 487/1057/115 486/1045/115
f 540/1134/9 544/1136/9 545/1135/9
f 541/1137/9 543/1138/9 544/1136/9
f 364/1139/13 365/1141/13 541/1140/13
f 508/850/88 509/1068/88 545/1142/88
f 366/1143/13 364/1139/13 540/1144/13
f 602/1160/4 1249/1159/4 1250/1161/4
f 603/1162/4 1250/1161/4 1251/1163/4
f 596/1166/4 601/1158/4 602/1160/4
f 597/1167/4 602/1160/4 603/1162/4
f 598/1168/4 603/1162/4 604/1164/4
f 570/1180/4 325/1182/4 417/1181/4
f 569/1183/4 570/1180/4 585/1184/4
f 568/1185/4 569/1183/4 584/1186/4
f 567/1187/4 568/1185/4 583/1188/4
f 566/956/4 567/1187/4 582/1189/4
f 571/1190/13 286/1191/13 414/517/13
f 572/1192/13 571/1190/13 586/1193/13
f 573/1194/13 572/1192/13 587/1195/13
f 574/1196/13 573/1194/13 588/1197/13
f 575/950/13 574/1196/13 589/1198/13
f 414/1199/3 415/1201/3 581/1200/3
f 586/1202/3 581/1200/3 582/1203/3
f 587/1204/3 582/1203/3 583/1205/3
f 588/1206/3 583/1205/3 584/1207/3
f 589/1208/3 584/1207/3 585/948/3
f 567/1219/3 549/1218/3 548/1220/3
f 568/1221/3 548/1220/3 547/1222/3
f 552/1229/3 572/1228/3 573/1230/3
f 553/1231/3 573/1230/3 574/1232/3
f 549/1239/4 562/1238/4 563/1240/4
f 548/1241/4 563/1240/4 564/1242/4
f 557/1258/13 552/1257/13 553/1259/13
f 558/1260/13 553/1259/13 554/1261/13
f 1149/50/128 1150/51/128 892/49/128
f 998/101/3 620/102/3 906/100/3
f 745/249/40 721/250/40 743/248/40
f 745/249/4 746/304/4 747/303/4
f 746/306/38 743/307/38 742/305/38
f 744/309/39 718/252/39 721/308/39
f 747/311/34 742/14/34 718/310/34
f 815/403/4 791/404/4 788/402/4
f 796/415/4 622/416/4 630/414/4
f 816/418/9 796/419/9 799/417/9
f 931/421/1 929/422/1 628/420/1
f 970/424/9 931/425/9 795/423/9
f 967/427/3 961/428/3 622/426/3
f 936/429/9 967/430/9 796/419/9
f 795/432/13 628/433/13 623/431/13
f 803/435/9 795/423/9 792/434/9
f 971/440/1 970/441/1 803/439/1
f 937/443/3 936/444/3 816/442/3
f 802/447/13 803/445/13 800/661/13
f 793/448/2 794/714/2 802/449/2
f 938/451/2 969/452/2 793/448/2
f 935/454/2 932/455/2 798/453/2
f 798/453/2 797/719/2 817/456/2
f 816/480/4 804/481/4 805/479/4
f 818/483/4 806/484/4 807/482/4
f 807/482/4 804/481/4 816/480/4
f 817/486/4 805/479/4 806/484/4
f 911/628/2 728/629/2 731/627/2
f 908/651/13 910/652/13 911/650/13
f 905/653/13 906/654/13 910/652/13
f 907/655/13 905/653/13 908/651/13
f 910/657/3 891/658/3 728/656/3
f 908/660/2 884/661/2 886/659/2
f 912/663/1 731/664/1 884/662/1
f 906/100/3 620/102/3 891/658/3
f 1150/51/136 1145/668/136 624/667/136
f 1134/669/145 916/645/145 914/647/145
f 992/709/149 930/710/149 940/708/149
f 794/714/2 966/1292/2 971/715/2
f 991/717/150 964/718/150 981/716/150
f 797/719/2 968/721/2 937/720/2
f 937/720/2 968/721/2 969/452/2
f 801/723/3 800/724/3 972/722/3
f 938/725/3 972/722/3 936/444/3
f 818/727/1 819/728/1 934/726/1
f 983/729/9 931/425/9 970/424/9
f 792/434/9 933/732/9 972/730/9
f 933/732/9 967/430/9 936/429/9
f 792/734/3 623/735/3 927/733/3
f 933/736/3 927/733/3 961/428/3
f 799/417/9 965/1293/9 934/737/9
f 990/739/151 935/740/151 934/726/151
f 799/742/1 630/743/1 928/741/1
f 981/716/150 964/718/150 932/747/150
f 1056/765/73 955/389/73 956/755/73
f 1146/769/157 627/884/157 913/770/157
f 1003/772/13 905/653/13 907/655/13
f 1146/790/136 1149/50/136 730/789/136
f 1130/113/158 647/112/158 916/645/158
f 1049/795/82 945/796/82 950/794/82
f 989/798/2 985/799/2 986/797/2
f 990/739/1 988/801/1 987/800/1
f 988/802/9 984/803/9 983/729/9
f 984/805/1 979/806/1 980/804/1
f 981/716/1 986/808/1 985/807/1
f 985/809/161 966/810/161 930/710/161
f 971/715/2 966/1292/2 985/799/2
f 987/812/162 970/813/162 971/811/162
f 984/805/150 965/814/150 928/741/150
f 986/797/2 932/455/2 935/454/2
f 980/816/161 929/817/161 931/815/161
f 934/737/9 965/1293/9 984/803/9
f 992/819/2 995/820/2 994/818/2
f 996/822/2 992/819/2 991/821/2
f 996/823/161 982/824/161 930/710/161
f 995/825/3 940/475/3 939/694/3
f 994/827/163 939/828/163 964/826/163
f 993/830/1 981/716/1 982/829/1
f 1138/838/164 1125/839/164 625/837/164
f 1005/844/9 999/845/9 997/843/9
f 1003/847/9 997/843/9 998/846/9
f 1191/849/166 1153/850/166 1152/848/166
f 1004/852/13 906/654/13 905/653/13
f 1155/857/9 1156/858/9 1009/856/9
f 1148/859/167 646/865/167 1009/860/167
f 1049/932/107 1052/933/107 1051/931/107
f 1052/935/1 1053/936/1 1050/934/1
f 950/794/182 925/1297/182 1053/937/182
f 949/939/109 944/1298/109 1048/940/109
f 1050/942/183 957/943/183 949/939/183
f 1057/947/1 1237/948/1 1242/946/1
f 1242/949/13 1222/950/13 955/345/13
f 1233/955/4 1213/956/4 918/954/4
f 1006/1032/167 645/903/167 1129/1031/167
f 1007/907/9 1006/900/9 1139/1033/9
f 1155/857/164 1145/1042/164 1125/839/164
f 1141/1043/186 1130/113/186 1134/669/186
f 626/906/136 729/293/136 1131/1045/136
f 914/647/157 626/862/157 1126/1049/157
f 1142/1044/145 1134/669/145 1133/670/145
f 883/295/180 625/899/180 1125/1050/180
f 1170/1053/187 1130/1054/187 1141/1052/187
f 729/293/188 883/295/188 1132/1057/188
f 915/878/145 1142/1044/145 1151/771/145
f 644/879/190 1141/1043/190 1142/1044/190
f 1008/886/164 624/831/164 1145/1042/164
f 1139/1058/167 1129/1031/167 1148/859/167
f 1138/838/9 1139/1033/9 1156/858/9
f 1126/1064/181 1131/1045/181 1149/50/181
f 1126/1049/157 1146/769/157 1151/771/157
f 1132/1057/181 1125/1050/181 1145/668/181
f 1131/1045/188 1132/1057/188 1150/51/188
f 1192/1135/9 1191/1136/9 1187/1134/9
f 1191/1136/9 1190/1138/9 1188/1137/9
f 1188/1140/13 998/1141/13 997/1139/13
f 1192/1142/166 1154/1068/166 1153/850/166
f 1187/1144/13 997/1139/13 999/1143/13
f 1250/1161/4 1249/1159/4 1259/1160/4
f 1251/1163/4 1250/1161/4 1260/1162/4
f 1259/1160/4 1258/1158/4 1253/1166/4
f 1260/1162/4 1259/1160/4 1254/1167/4
f 1261/1164/4 1260/1162/4 1255/1168/4
f 1057/1181/4 956/1182/4 1217/1180/4
f 1237/1184/4 1217/1180/4 1216/1183/4
f 1236/1186/4 1216/1183/4 1215/1185/4
f 1235/1188/4 1215/1185/4 1214/1187/4
f 1234/1189/4 1214/1187/4 1213/956/4
f 1054/517/13 917/1191/13 1218/1190/13
f 1238/1193/13 1218/1190/13 1219/1192/13
f 1239/1195/13 1219/1192/13 1220/1194/13
f 1240/1197/13 1220/1194/13 1221/1196/13
f 1241/1198/13 1221/1196/13 1222/950/13
f 1233/1200/1 1055/1201/1 1054/1199/1
f 1234/1203/1 1233/1200/1 1238/1202/1
f 1235/1205/1 1234/1203/1 1239/1204/1
f 1236/1207/1 1235/1205/1 1240/1206/1
f 1237/948/1 1236/1207/1 1241/1208/1
f 1195/1220/1 1196/1218/1 1214/1219/1
f 1194/1222/1 1195/1220/1 1215/1221/1
f 1220/1230/1 1219/1228/1 1199/1229/1
f 1221/1232/1 1220/1230/1 1200/1231/1
f 1210/1240/4 1209/1238/4 1196/1239/4
f 1211/1242/4 1210/1240/4 1195/1241/4
f 1200/1259/13 1199/1257/13 1204/1258/13
f 1201/1261/13 1200/1259/13 1205/1260/13
f 262/49/104 504/50/104 115/789/104
f 275/100/1 365/101/1 371/1316/1
f 127/248/34 129/249/34 130/304/34
f 131/303/4 129/249/4 128/1332/4
f 126/305/38 130/306/38 131/1333/38
f 106/308/39 128/309/39 129/1334/39
f 103/310/40 131/311/40 128/1335/40
f 162/402/4 189/403/4 186/1350/4
f 25/414/4 170/415/4 173/804/4
f 173/417/9 190/418/9 193/738/9
f 23/420/3 300/421/3 169/1354/3
f 169/423/9 339/424/9 177/435/9
f 17/426/1 336/427/1 170/1355/1
f 170/419/9 305/429/9 190/418/9
f 18/431/13 169/432/13 166/1356/13
f 166/434/9 177/435/9 174/731/9
f 177/439/3 340/440/3 176/1127/3
f 190/442/1 306/443/1 191/1357/1
f 177/445/13 175/446/13 174/661/13
f 167/448/2 176/449/2 168/714/2
f 167/448/2 307/451/2 175/450/2
f 172/453/2 304/454/2 192/457/2
f 172/453/2 191/456/2 171/719/2
f 179/479/4 190/480/4 191/486/4
f 181/482/4 192/483/4 193/485/4
f 181/482/4 190/480/4 178/481/4
f 180/484/4 191/486/4 192/483/4
f 116/627/2 280/628/2 281/1374/2
f 280/650/13 277/651/13 281/1376/13
f 279/652/13 274/653/13 277/651/13
f 277/651/13 276/655/13 278/1377/13
f 113/656/1 279/657/1 280/968/1
f 256/659/2 277/660/2 278/1378/2
f 254/662/3 281/663/3 277/1379/3
f 261/658/1 275/100/1 279/657/1
f 19/667/211 505/51/211 262/49/211
f 489/669/60 283/647/60 285/645/60
f 309/708/66 359/709/66 362/1381/66
f 168/714/2 340/715/2 335/1292/2
f 348/716/67 358/717/67 360/830/67
f 171/719/2 306/720/2 337/721/2
f 338/452/2 306/720/2 307/451/2
f 341/722/1 175/723/1 307/725/1
f 305/444/1 307/725/1 306/443/1
f 303/726/3 192/727/3 304/740/3
f 339/424/9 350/729/9 354/1382/9
f 166/434/9 341/730/9 302/732/9
f 302/732/9 305/429/9 336/430/9
f 296/733/1 166/734/1 302/736/1
f 330/428/1 302/736/1 336/427/1
f 173/417/9 303/737/9 334/1293/9
f 303/726/68 357/739/68 355/801/68
f 297/741/3 173/742/3 334/814/3
f 301/747/67 348/716/67 353/808/67
f 325/755/73 416/765/73 417/1385/73
f 501/769/76 282/770/76 22/884/76
f 276/655/13 370/772/13 372/1386/13
f 115/789/104 501/790/104 22/883/104
f 485/113/221 285/645/221 37/112/221
f 319/794/82 409/795/82 412/938/82
f 353/797/2 356/798/2 357/1388/2
f 354/800/3 357/739/3 356/1389/3
f 350/729/9 355/802/9 354/1382/9
f 347/804/3 351/805/3 350/1390/3
f 352/807/3 348/716/3 349/829/3
f 299/710/83 352/809/83 349/824/83
f 340/715/2 352/799/2 335/1292/2
f 340/811/84 354/812/84 356/1391/84
f 297/741/67 351/805/67 346/806/67
f 304/454/2 353/797/2 357/1388/2
f 300/815/83 347/816/83 350/1392/83
f 303/737/9 351/803/9 334/1293/9
f 361/818/2 359/819/2 358/821/2
f 358/821/2 363/822/2 360/1393/2
f 299/710/83 363/823/83 359/709/83
f 308/694/1 362/825/1 361/1394/1
f 333/826/85 361/827/85 358/1395/85
f 349/829/3 360/830/3 363/1396/3
f 20/837/86 493/838/86 374/907/86
f 364/843/9 372/844/9 370/847/9
f 365/846/9 370/847/9 371/1399/9
f 507/848/88 544/849/88 543/1400/88
f 274/653/13 371/852/13 370/772/13
f 376/856/9 510/857/9 375/886/9
f 503/859/89 376/860/89 36/865/89
f 411/931/107 409/932/107 408/692/107
f 410/934/3 412/935/3 411/1411/3
f 319/794/230 413/937/230 294/1297/230
f 318/939/109 408/940/109 313/1298/109
f 318/939/231 410/942/231 411/941/231
f 590/946/3 417/947/3 416/1412/3
f 324/345/13 590/949/13 416/1103/13
f 287/954/4 581/955/4 415/1414/4
f 484/1031/89 373/1032/89 494/1058/89
f 494/1033/9 374/907/9 493/838/9
f 480/839/86 510/857/86 493/838/86
f 496/1043/233 489/669/233 485/113/233
f 486/1045/104 21/906/104 481/1064/104
f 481/1049/76 283/647/76 488/670/76
f 497/1044/60 488/670/60 489/669/60
f 480/1050/11 253/295/11 487/1057/11
f 496/1052/114 525/1053/114 527/1420/114
f 487/1057/37 114/293/37 486/1045/37
f 284/878/60 506/771/60 497/1044/60
f 34/879/235 497/1044/235 496/1043/235
f 500/1042/86 375/886/86 510/857/86
f 503/859/89 494/1058/89 511/861/89
f 511/858/9 493/838/9 510/857/9
f 504/50/37 481/1064/37 501/790/37
f 481/1049/76 506/771/76 501/769/76
f 500/668/115 487/1057/115 505/51/115
f 505/51/104 486/1045/104 504/50/104
f 540/1134/9 545/1135/9 542/1437/9
f 541/1137/9 544/1136/9 540/1134/9
f 364/1139/13 541/1140/13 540/1144/13
f 508/850/88 545/1142/88 544/849/88
f 366/1143/13 540/1144/13 542/1439/13
f 602/1160/4 1250/1161/4 603/1162/4
f 603/1162/4 1251/1163/4 604/1164/4
f 596/1166/4 602/1160/4 597/1167/4
f 597/1167/4 603/1162/4 598/1168/4
f 598/1168/4 604/1164/4 599/1169/4
f 570/1180/4 417/1181/4 585/1184/4
f 569/1183/4 585/1184/4 584/1186/4
f 568/1185/4 584/1186/4 583/1188/4
f 567/1187/4 583/1188/4 582/1189/4
f 566/956/4 582/1189/4 581/955/4
f 571/1190/13 414/517/13 586/1193/13
f 572/1192/13 586/1193/13 587/1195/13
f 573/1194/13 587/1195/13 588/1197/13
f 574/1196/13 588/1197/13 589/1198/13
f 575/950/13 589/1198/13 590/949/13
f 414/1199/3 581/1200/3 586/1202/3
f 586/1202/3 582/1203/3 587/1204/3
f 587/1204/3 583/1205/3 588/1206/3
f 588/1206/3 584/1207/3 589/1208/3
f 589/1208/3 585/948/3 590/946/3
f 567/1219/3 548/1220/3 568/1221/3
f 568/1221/3 547/1222/3 569/1223/3
f 552/1229/3 573/1230/3 553/1231/3
f 553/1231/3 574/1232/3 554/1233/3
f 549/1239/4 563/1240/4 548/1241/4
f 548/1241/4 564/1242/4 547/1304/4
f 557/1258/13 553/1259/13 558/1260/13
f 558/1260/13 554/1261/13 559/1262/13
f 1149/50/181 892/49/181 730/789/181
f 998/101/3 906/100/3 1004/1316/3
f 745/249/40 743/248/40 746/304/40
f 745/249/4 747/303/4 744/1332/4
f 746/306/38 742/305/38 747/1333/38
f 744/309/39 721/308/39 745/1334/39
f 747/311/34 718/310/34 744/1335/34
f 815/403/4 788/402/4 812/1350/4
f 796/415/4 630/414/4 799/804/4
f 816/418/9 799/417/9 819/738/9
f 931/421/1 628/420/1 795/1354/1
f 970/424/9 795/423/9 803/435/9
f 967/427/3 622/426/3 796/1355/3
f 936/429/9 796/419/9 816/418/9
f 795/432/13 623/431/13 792/1356/13
f 803/435/9 792/434/9 800/731/9
f 971/440/1 803/439/1 802/1127/1
f 937/443/3 816/442/3 817/1357/3
f 802/447/13 800/661/13 801/446/13
f 793/448/2 802/449/2 801/450/2
f 938/451/2 793/448/2 801/450/2
f 935/454/2 798/453/2 818/457/2
f 798/453/2 817/456/2 818/457/2
f 816/480/4 805/479/4 817/486/4
f 818/483/4 807/482/4 819/485/4
f 807/482/4 816/480/4 819/485/4
f 817/486/4 806/484/4 818/483/4
f 911/628/2 731/627/2 912/1374/2
f 908/651/13 911/650/13 912/1376/13
f 905/653/13 910/652/13 908/651/13
f 907/655/13 908/651/13 909/1377/13
f 910/657/3 728/656/3 911/968/3
f 908/660/2 886/659/2 909/1378/2
f 912/663/1 884/662/1 908/1379/1
f 906/100/3 891/658/3 910/657/3
f 1150/51/244 624/667/244 892/49/244
f 1134/669/145 914/647/145 1133/670/145
f 992/709/149 940/708/149 995/1381/149
f 794/714/2 971/715/2 802/449/2
f 991/717/150 981/716/150 993/830/150
f 797/719/2 937/720/2 817/456/2
f 937/720/2 969/452/2 938/451/2
f 801/723/3 972/722/3 938/725/3
f 938/725/3 936/444/3 937/443/3
f 818/727/1 934/726/1 935/740/1
f 983/729/9 970/424/9 987/1382/9
f 792/434/9 972/730/9 800/731/9
f 933/732/9 936/429/9 972/730/9
f 792/734/3 927/733/3 933/736/3
f 933/736/3 961/428/3 967/427/3
f 799/417/9 934/737/9 819/738/9
f 990/739/151 934/726/151 988/801/151
f 799/742/1 928/741/1 965/814/1
f 981/716/150 932/747/150 986/808/150
f 1056/765/73 956/755/73 1057/1385/73
f 1146/769/157 913/770/157 1151/771/157
f 1003/772/13 907/655/13 1005/1386/13
f 1146/790/181 730/789/181 627/883/181
f 1130/113/255 916/645/255 1134/669/255
f 1049/795/82 950/794/82 1052/938/82
f 989/798/2 986/797/2 990/1388/2
f 990/739/1 987/800/1 989/1389/1
f 988/802/9 983/729/9 987/1382/9
f 984/805/1 980/804/1 983/1390/1
f 981/716/1 985/807/1 982/829/1
f 985/809/161 930/710/161 982/824/161
f 971/715/2 985/799/2 989/798/2
f 987/812/162 971/811/162 989/1391/162
f 984/805/150 928/741/150 979/806/150
f 986/797/2 935/454/2 990/1388/2
f 980/816/161 931/815/161 983/1392/161
f 934/737/9 984/803/9 988/802/9
f 992/819/2 994/818/2 991/821/2
f 996/822/2 991/821/2 993/1393/2
f 996/823/161 930/710/161 992/709/161
f 995/825/3 939/694/3 994/1394/3
f 994/827/163 964/826/163 991/1395/163
f 993/830/1 982/829/1 996/1396/1
f 1138/838/164 625/837/164 1007/907/164
f 1005/844/9 997/843/9 1003/847/9
f 1003/847/9 998/846/9 1004/1399/9
f 1191/849/166 1152/848/166 1190/1400/166
f 1004/852/13 905/653/13 1003/772/13
f 1155/857/9 1009/856/9 1008/886/9
f 1148/859/167 1009/860/167 1156/861/167
f 1049/932/107 1051/931/107 1048/692/107
f 1052/935/1 1050/934/1 1051/1411/1
f 950/794/264 1053/937/264 1052/938/264
f 949/939/109 1048/940/109 1051/941/109
f 1050/942/265 949/939/265 1051/941/265
f 1057/947/1 1242/946/1 1056/1412/1
f 1242/949/13 955/345/13 1056/1103/13
f 1233/955/4 918/954/4 1055/1414/4
f 1006/1032/167 1129/1031/167 1139/1058/167
f 1007/907/9 1139/1033/9 1138/838/9
f 1155/857/164 1125/839/164 1138/838/164
f 1141/1043/266 1134/669/266 1142/1044/266
f 626/906/181 1131/1045/181 1126/1064/181
f 914/647/157 1126/1049/157 1133/670/157
f 1142/1044/145 1133/670/145 1151/771/145
f 883/295/128 1125/1050/128 1132/1057/128
f 1170/1053/187 1141/1052/187 1172/1420/187
f 729/293/136 1132/1057/136 1131/1045/136
f 915/878/145 1151/771/145 913/770/145
f 644/879/170 1142/1044/170 915/878/170
f 1008/886/164 1145/1042/164 1155/857/164
f 1139/1058/167 1148/859/167 1156/861/167
f 1138/838/9 1156/858/9 1155/857/9
f 1126/1064/136 1149/50/136 1146/790/136
f 1126/1049/157 1151/771/157 1133/670/157
f 1132/1057/188 1145/668/188 1150/51/188
f 1131/1045/181 1150/51/181 1149/50/181
f 1192/1135/9 1187/1134/9 1189/1437/9
f 1191/1136/9 1188/1137/9 1187/1134/9
f 1188/1140/13 997/1139/13 1187/1144/13
f 1192/1142/166 1153/850/166 1191/849/166
f 1187/1144/13 999/1143/13 1189/1439/13
f 1250/1161/4 1259/1160/4 1260/1162/4
f 1251/1163/4 1260/1162/4 1261/1164/4
f 1259/1160/4 1253/1166/4 1254/1167/4
f 1260/1162/4 1254/1167/4 1255/1168/4
f 1261/1164/4 1255/1168/4 1256/1169/4
f 1057/1181/4 1217/1180/4 1237/1184/4
f 1237/1184/4 1216/1183/4 1236/1186/4
f 1236/1186/4 1215/1185/4 1235/1188/4
f 1235/1188/4 1214/1187/4 1234/1189/4
f 1234/1189/4 1213/956/4 1233/955/4
f 1054/517/13 1218/1190/13 1238/1193/13
f 1238/1193/13 1219/1192/13 1239/1195/13
f 1239/1195/13 1220/1194/13 1240/1197/13
f 1240/1197/13 1221/1196/13 1241/1198/13
f 1241/1198/13 1222/950/13 1242/949/13
f 1233/1200/1 1054/1199/1 1238/1202/1
f 1234/1203/1 1238/1202/1 1239/1204/1
f 1235/1205/1 1239/1204/1 1240/1206/1
f 1236/1207/1 1240/1206/1 1241/1208/1
f 1237/948/1 1241/1208/1 1242/946/1
f 1195/1220/1 1214/1219/1 1215/1221/1
f 1194/1222/1 1215/1221/1 1216/1223/1
f 1220/1230/1 1199/1229/1 1200/1231/1
f 1221/1232/1 1200/1231/1 1201/1233/1
f 1210/1240/4 1196/1239/4 1195/1241/4
f 1211/1242/4 1195/1241/4 1194/1304/4
f 1200/1259/13 1204/1258/13 1205/1260/13
f 1201/1261/13 1205/1260/13 1206/1262/13
g Cube_Thruster
usemtl Thruster
f 47/153/9 71/155/9 72/154/9
f 48/156/9 81/158/9 78/157/9
f 51/159/9 83/161/9 84/160/9
f 76/162/9 48/156/9 75/163/9
f 666/159/9 685/1271/9 688/1270/9
f 694/1272/9 665/1274/9 695/1273/9
f 665/1274/9 697/1276/9 700/1275/9
f 664/1277/9 692/1278/9 662/153/9
f 51/159/9 47/153/9 48/156/9
f 47/153/9 72/154/9 70/1271/9
f 72/154/9 71/155/9 73/1270/9
f 71/155/9 47/153/9 51/159/9
f 79/1272/9 48/156/9 49/1277/9
f 48/156/9 78/157/9 50/1274/9
f 78/157/9 81/158/9 80/1273/9
f 81/158/9 48/156/9 79/1272/9
f 50/1274/9 51/159/9 48/156/9
f 51/159/9 84/160/9 82/1276/9
f 84/160/9 83/161/9 85/1275/9
f 83/161/9 51/159/9 50/1274/9
f 49/1277/9 76/162/9 74/1321/9
f 76/162/9 75/163/9 77/1278/9
f 75/163/9 48/156/9 47/153/9
f 48/156/9 76/162/9 49/1277/9
f 662/153/9 666/159/9 663/156/9
f 666/159/9 688/1270/9 686/155/9
f 688/1270/9 685/1271/9 687/154/9
f 685/1271/9 666/159/9 662/153/9
f 663/156/9 694/1272/9 664/1277/9
f 694/1272/9 695/1273/9 696/158/9
f 695/1273/9 665/1274/9 693/157/9
f 665/1274/9 694/1272/9 663/156/9
f 666/159/9 665/1274/9 663/156/9
f 665/1274/9 700/1275/9 698/161/9
f 700/1275/9 697/1276/9 699/160/9
f 697/1276/9 665/1274/9 666/159/9
f 691/162/9 664/1277/9 689/1321/9
f 664/1277/9 662/153/9 663/156/9
f 662/153/9 692/1278/9 690/163/9
f 692/1278/9 664/1277/9 691/162/9
